retrieval_id,record_id,question_id,nct_id,brief_title,official_title,overall_status,study_type,phases,enrollment,conditions,interventions,lead_sponsor,start_date,completion_date,has_results,registry_url,known_query_risk,decision_authority,status
RET-A1-CTGOV-NCT00264277,REC-CTGOV-NCT00264277,A1,NCT00264277,D-dimer to Establish Duration of Anticoagulation After Venous Thromboembolism,"D-dimer Test to Establish Duration of Anticoagulation After a First Idiopathic Episode of Venous Thromboembolism; the Prospective Randomized ""Prolong"" Study",COMPLETED,INTERVENTIONAL,PHASE4,600,Deep Vein Thrombosis|Pulmonary Embolism,DRUG:Vitamin K antagonist (Coumarin anticoagulants),IRCCS Azienda Ospedaliero-Universitaria di Bologna,2002-09,2005-09,false,https://clinicaltrials.gov/study/NCT00264277,vitamin K antagonist lexical false positive,none,context_only_not_a_screening_decision
RET-A1-CTGOV-NCT04730037,REC-CTGOV-NCT04730037,A1,NCT04730037,Clinical Trial to Investigate Safety and Efficacy of Edoxaban in Patients With CTEPH (KABUKI),"An Investigator-initiated, Multicenter, Phase 3, Randomized, Single-blind, Double-dummy, Parallel-group Study of Evaluate the Efficacy and Safety of Edoxaban Versus Warfarin (Vitamin K Antagonist) in Subjects With Chronic Thromboembolic Pulmonary Hypertension Taking Warfarin (Vitamin K Antagonist) at Baseline: KABUKI",COMPLETED,INTERVENTIONAL,PHASE3,74,CTEPH,DRUG:Edoxaban|DRUG:Warfarin Potassium|DRUG:Warfarin Potassium placebo|DRUG:Edoxaban placebo,Kyushu University,2021-03-23,2023-06-27,false,https://clinicaltrials.gov/study/NCT04730037,vitamin K antagonist lexical false positive,none,context_only_not_a_screening_decision
RET-A1-CTGOV-NCT07571460,REC-CTGOV-NCT07571460,A1,NCT07571460,Clinical Application of Simcyp-Guided Warfarin Initiation Doses in Cirrhotic Patients With Portal Vein Thrombosis,Dose Prediction for Statins and Anticoagulant Medications in Cirrhotic Patients Using Simcyp Program: Applications in Clinical Practice,COMPLETED,INTERVENTIONAL,PHASE4,21,Liver Cirrhosis|Portal Vein Thrombosis,DRUG:Warfarin 3 mg|DRUG:Warfarin 2 mg,Kafrelsheikh University,2024-03-15,2025-03-15,false,https://clinicaltrials.gov/study/NCT07571460,vitamin K antagonist lexical false positive,none,context_only_not_a_screening_decision
RET-A1-CTGOV-NCT01006733,REC-CTGOV-NCT01006733,A1,NCT01006733,Genetics Informatics Trial (GIFT) of Warfarin to Prevent DVT,Genetics Informatics Trial (GIFT) of Warfarin to Prevent Deep Venous Thrombosis (DVT),COMPLETED,INTERVENTIONAL,PHASE3,1598,Thromboembolism,GENETIC:Pharmacogenetic|DRUG:Target INR 1.8,Washington University School of Medicine,2011-03,2016-11,false,https://clinicaltrials.gov/study/NCT01006733,vitamin K antagonist lexical false positive,none,context_only_not_a_screening_decision
RET-A1-CTGOV-NCT00287313,REC-CTGOV-NCT00287313,A1,NCT00287313,Daily Vitamin K in Patients on Warfarin With Unstable INRs,Use of Daily Vitamin K Supplementation in Patients on Warfarin With a History of Frequent Dose Changes or Variable INRs,COMPLETED,INTERVENTIONAL,NA,15,Anticoagulants|Warfarin,DRUG:Vitamin K,"University of North Carolina, Chapel Hill",2005-10,2006-05,false,https://clinicaltrials.gov/study/NCT00287313,vitamin K antagonist lexical false positive,none,context_only_not_a_screening_decision
RET-A1-CTGOV-NCT03085576,REC-CTGOV-NCT03085576,A1,NCT03085576,NATional TUnisian REgistry of Atrial Fibrillation,National Tunisian Registry of Atrial Fibrillation,COMPLETED,OBSERVATIONAL,,910,Atrial Fibrillation,,Dacima Consulting,2017-03-01,2018-07-30,false,https://clinicaltrials.gov/study/NCT03085576,vitamin K antagonist lexical false positive,none,context_only_not_a_screening_decision
RET-A1-CTGOV-NCT02533960,REC-CTGOV-NCT02533960,A1,NCT02533960,Registry of Acute Stroke Under Novel Oral Anticoagulants - Prime,Registry of Acute Stroke Under Novel Oral Anticoagulants - Prime,COMPLETED,OBSERVATIONAL,,3832,Ischemic Stroke|Intracerebral Hemorrhage|Oral Anticoagulation|Cardiovascular Diseases|Vascular Diseases,OTHER:not applicable (observational study),University Hospital Heidelberg,2015-06,2022-06,false,https://clinicaltrials.gov/study/NCT02533960,vitamin K antagonist lexical false positive,none,context_only_not_a_screening_decision
RET-A1-CTGOV-NCT00726726,REC-CTGOV-NCT00726726,A1,NCT00726726,Drug Interaction Study With a Potential Alzheimer's Disease Compound,"Effect of Concomitant Administration of BMS-708163 on the Pharmacokinetics of Midazolam, Warfarin, Caffeine, Omeprazole and Dextromethorphan in Healthy Male Subjects by Administration of a Modified Cooperstown Cocktail",COMPLETED,INTERVENTIONAL,PHASE1,22,Alzheimer Disease,"DRUG:Interacting drugs - Cooperstown Cocktail (midazolam, warfarin, (+ vitamin K), caffeine, omeprazole and dextromethorphan)|DRUG:BMS-708163|DRUG:BMS-708163 + Cooperstown Cocktail",Bristol-Myers Squibb,2008-08,2008-10,false,https://clinicaltrials.gov/study/NCT00726726,vitamin K antagonist lexical false positive,none,context_only_not_a_screening_decision
RET-A1-CTGOV-NCT05515120,REC-CTGOV-NCT05515120,A1,NCT05515120,Rivaroxaban Plus Aspirin to Manage Recurrent Venous Thromboembolic Events,Rivaroxaban Plus Aspirin Versus Acenocoumarol to Manage Recurrent Venous Thromboembolic Events Despite Systemic Anticoagulation With Rivaroxaban,COMPLETED,INTERVENTIONAL,PHASE2|PHASE3,58,Venous Thromboembolism|Anticoagulant-induced Bleeding|Venous Thromboses|Pulmonary Embolism,DRUG:Rivaroxaban 20 MG [Xarelto]|DRUG:Aspirin 300mg|DRUG:Acenocoumarol Oral Tablet,Instituto Mexicano del Seguro Social,2021-01-03,2022-07-01,false,https://clinicaltrials.gov/study/NCT05515120,vitamin K antagonist lexical false positive,none,context_only_not_a_screening_decision
RET-A1-CTGOV-NCT00691470,REC-CTGOV-NCT00691470,A1,NCT00691470,"Comparison of ATI-5923, a Novel Vitamin K Antagonist, With Warfarin in Patients Requiring Chronic Anticoagulation","A Randomized, Double Blind Comparison of ATI-5923, a Novel Vitamin K Antagonist, With Warfarin in Patients Requiring Chronic Anticoagulation",UNKNOWN,INTERVENTIONAL,PHASE2|PHASE3,600,Atrial Fibrillation|Atrial Flutter|Venous Thromboembolic Disease|Myocardial Infarction|Cardiomyopathy,DRUG:ATI-5923|DRUG:Coumadin (warfarin),ARYx Therapeutics,2008-05,2009-06,false,https://clinicaltrials.gov/study/NCT00691470,vitamin K antagonist lexical false positive,none,context_only_not_a_screening_decision
RET-A1-CTGOV-NCT01285661,REC-CTGOV-NCT01285661,A1,NCT01285661,Optimal Duration of Anticoagulation in Deep Venous Thrombosis,Identification of the Optimal Duration of Anticoagulation in Patients With Deep Venous Thrombosis of the Lower Extremities With the Use of Residual Vein Thrombosis in Combination With D-Dimer,COMPLETED,INTERVENTIONAL,PHASE3,584,Deep Vein Thrombosis of Lower Limb|Lower Extremity Deep Venous Thrombosis Recurrent,DRUG:Sodium warfarin,University of Padova,2010-03,2015-10,false,https://clinicaltrials.gov/study/NCT01285661,vitamin K antagonist lexical false positive,none,context_only_not_a_screening_decision
RET-A1-CTGOV-NCT04344717,REC-CTGOV-NCT04344717,A1,NCT04344717,Pharmacokinetics of Apixaban in Patients With Short Bowel Syndrome Requiring Long Term Parenteral Nutrition,Pharmacokinetics of Apixaban in Patients With Short Bowel Syndrome Requiring Long Term Parenteral Nutrition,UNKNOWN,INTERVENTIONAL,PHASE4,84,Short Bowel Syndrome|Anticoagulation,DRUG:Apixaban single dose|DRUG:Apixaban steady-state,Universitaire Ziekenhuizen KU Leuven,2020-12-20,2024-12,false,https://clinicaltrials.gov/study/NCT04344717,vitamin K antagonist lexical false positive,none,context_only_not_a_screening_decision
RET-A1-CTGOV-NCT04569279,REC-CTGOV-NCT04569279,A1,NCT04569279,Rivaroxaban vs. Warfarin in CVT Treatment,Rivaroxaban Compared to Warfarin for Treatment of Cerebral Venous Thrombosis: a Randomized Controlled Trial,COMPLETED,INTERVENTIONAL,PHASE3,71,Cerebral Vein Thrombosis,DRUG:Rivaroxaban|DRUG:Warfarin,Damascus University,2017-09-01,2020-03-01,false,https://clinicaltrials.gov/study/NCT04569279,vitamin K antagonist lexical false positive,none,context_only_not_a_screening_decision
RET-A1-CTGOV-NCT01507051,REC-CTGOV-NCT01507051,A1,NCT01507051,Switching Study From Warfarin to Rivaroxaban,"Randomized, Placebo-controlled, Parallel-group Study in Healthy Male Subjects to Investigate the Pharmacodynamics During the Switching Procedure From Warfarin to Rivaroxaban",COMPLETED,INTERVENTIONAL,PHASE1,96,Venous Thrombosis,"DRUG:Warfarin (Coumadin)|DRUG:Rivaroxaban (Xarelto, BAY59-7939)|DRUG:Placebo|DRUG:Vitamin K (Konakion)",Bayer,2008-11,2009-11,true,https://clinicaltrials.gov/study/NCT01507051,vitamin K antagonist lexical false positive,none,context_only_not_a_screening_decision
RET-A1-CTGOV-NCT02789917,REC-CTGOV-NCT02789917,A1,NCT02789917,APixaban vs. PhenpRocoumon in Patients With ACS and AF: APPROACH-ACS-AF,APixaban Versus PhenpRocoumon: Oral AntiCoagulation Plus Antiplatelet tHerapy in Patients With Acute Coronary Syndrome and Atrial Fibrillation,COMPLETED,INTERVENTIONAL,PHASE4,403,Acute Coronary Syndrome|Atrial Fibrillation|Coronary Artery Disease,OTHER:Dual Therapy|OTHER:Triple Therapy,LMU Klinikum,2016-06,2020-08,false,https://clinicaltrials.gov/study/NCT02789917,vitamin K antagonist lexical false positive,none,context_only_not_a_screening_decision
RET-A1-CTGOV-NCT05643651,REC-CTGOV-NCT05643651,A1,NCT05643651,Rivaroxaban for Children Aged Over 2 Years With Giant Coronary Artery Aneurysms After Kawasaki Disease,"Rivaroxaban Versus Warfarin for Thromboprophylaxis in Children Aged Over 2 Years With Giant Coronary Artery Aneurysms After Kawasaki Disease: a Multicenter, Open-label, Parallel, Exploratory, Randomized Controlled Trial",RECRUITING,INTERVENTIONAL,PHASE4,100,Kawasaki Disease|Coronary Artery Aneurysm,DRUG:Rivaroxaban Oral Tablet [Xarelto]|DRUG:Aspirin or Clopidogrel|DRUG:Warfarin,Children's Hospital of Fudan University,2025-06-01,2027-09-01,false,https://clinicaltrials.gov/study/NCT05643651,vitamin K antagonist lexical false positive,none,context_only_not_a_screening_decision
RET-A1-CTGOV-NCT03977363,REC-CTGOV-NCT03977363,A1,NCT03977363,The Portuguese Survey on Anticoagulated Patients Register (START-Portugal-Register),The Portuguese Survey on Anticoagulated Patients Register (START-Portugal-Register),TERMINATED,OBSERVATIONAL,,25,Atrial Fibrillation|Venous Thromboembolism|Heart Valve Diseases or Prosthesis,DRUG:Anticoagulant drugs,CHAD,2020-01-27,2023-03-02,false,https://clinicaltrials.gov/study/NCT03977363,vitamin K antagonist lexical false positive,none,context_only_not_a_screening_decision
RET-A1-CTGOV-NCT03847181,REC-CTGOV-NCT03847181,A1,NCT03847181,Study to Learn More About the Benefits and Side-effects of Drugs Rivaroxaban and Apixaban Compared to the Drug Warfarin for Stroke Prevention in Patients With Rapid and Irregular Heartbeat Which is Not Due to a Heart-valve Fault (Non-valvular Atrial Fibrillation) in the UK Routine Clinical Practice,Safety and Effectiveness of Rivaroxaban and Apixaban Compared to Warfarin in Non-valvular Atrial Fibrillation Patients in the Routine Clinical Practice in the UK,COMPLETED,OBSERVATIONAL,,45164,Atrial Fibrillation,"DRUG:Rivaroxaban (Xarelto, BAY59-7939)|DRUG:Apixaban (Eliquis)|DRUG:Warfarin",Bayer,2019-02-28,2020-10-31,false,https://clinicaltrials.gov/study/NCT03847181,vitamin K antagonist lexical false positive,none,context_only_not_a_screening_decision
RET-A1-CTGOV-NCT04066764,REC-CTGOV-NCT04066764,A1,NCT04066764,Rivaroxaban and Vitamin K Antagonists for the Anticoagulation for the Implantation of Vena Cava Filters,An Efficacy and Safety Study of New Oral Anticoagulants and Vitamin K Antagonists for the Anticoagulation for the Implantation of Vena Cava Filters: A Prospective Randomized Controlled Trial,UNKNOWN,INTERVENTIONAL,PHASE3,200,Venous Thromboembolism,DRUG:Rivaroxaban|DRUG:Warfarin|DRUG:Nadroparin,"Second Affiliated Hospital, School of Medicine, Zhejiang University",2020-05-08,2024-10-01,false,https://clinicaltrials.gov/study/NCT04066764,vitamin K antagonist lexical false positive,none,context_only_not_a_screening_decision
RET-A1-CTGOV-NCT02911545,REC-CTGOV-NCT02911545,A1,NCT02911545,Non-vitamin K Oral Anticoagulants in Cardioversion,Non-vitamin K Oral Anticoagulants in Cardioversion of Atrial Fibrillation. FinCV3,COMPLETED,OBSERVATIONAL,,1000,Atrial Fibrillation,,Helsinki University Central Hospital,2011-10,2016-05,false,https://clinicaltrials.gov/study/NCT02911545,vitamin K antagonist lexical false positive,none,context_only_not_a_screening_decision
RET-A1-CTGOV-NCT00905229,REC-CTGOV-NCT00905229,A1,NCT00905229,Comparing Different Routes and Doses of Phytonadione (Vitamin K) for Reversing Warfarin Treated Patients With Hip Fracture Before Surgery,,WITHDRAWN,INTERVENTIONAL,NA,0,Bleeding|Complications,DRUG:Phytonadione|DRUG:Phytonadione,"HaEmek Medical Center, Israel",2009-05,2010-04,false,https://clinicaltrials.gov/study/NCT00905229,vitamin K antagonist lexical false positive,none,context_only_not_a_screening_decision
RET-A1-CTGOV-NCT02319460,REC-CTGOV-NCT02319460,A1,NCT02319460,An Observational Cohort Study to Investigate the Risk of Thromboembolic Events in Patients Receiving Kcentra® or Plasma to Reverse Vitamin K Antagonist (VKA) Therapy in the Setting of Acute Major Bleeding,An Observational Cohort Study of the Risk of Thromboembolic Events Among Adult Patients Treated With KCENTRA® Compared With Plasma for Urgent Reversal of Vitamin K Antagonist Therapy in the Setting of Acute Major Bleeding,COMPLETED,OBSERVATIONAL,,2238,Hemorrhage,BIOLOGICAL:Kcentra®|BIOLOGICAL:Plasma,CSL Behring,2014-04-24,2020-06-30,false,https://clinicaltrials.gov/study/NCT02319460,vitamin K antagonist lexical false positive,none,context_only_not_a_screening_decision
RET-A1-CTGOV-NCT02610933,REC-CTGOV-NCT02610933,A1,NCT02610933,Effect on Vascular Calcification of Replacing Warfarin by Rivaroxaban With or Without VitK2 in Hemodialysis Patients,The Effect of Replacement of Vitamin K Antagonist by Rivaroxaban With or Without Vitamin K2 Supplementation on Vascular Calcifications in Chronic Hemodialysis Patients: A Randomized Controlled Trial,COMPLETED,INTERVENTIONAL,PHASE4,117,Vascular Calcification,DRUG:rivaroxaban|DIETARY_SUPPLEMENT:Vitamin K2,Onze Lieve Vrouw Hospital,2015-11,2019-01-23,false,https://clinicaltrials.gov/study/NCT02610933,vitamin K antagonist lexical false positive,none,context_only_not_a_screening_decision
RET-A1-CTGOV-NCT02735902,REC-CTGOV-NCT02735902,A1,NCT02735902,Anticoagulation Alone Versus Anticoagulation and Aspirin Following Transcatheter Aortic Valve Interventions (1:1),"Anticoagulation Alone Versus Anticoagulation and Aspirin Following Transcatheter Aortic Valve Interventions - an Open, Multicenter Randomized Controlled Trial With Two Parallel Arms (1:1)",COMPLETED,INTERVENTIONAL,PHASE4,170,Transcatheter Aortic Valve Replacement,DRUG:Vitamin K antagonist or direct oral anticoagulant treatment|DRUG:Aspirin,Centre Hospitalier Universitaire de Nīmes,2017-06-01,2024-01-19,false,https://clinicaltrials.gov/study/NCT02735902,vitamin K antagonist lexical false positive,none,context_only_not_a_screening_decision
RET-A1-CTGOV-NCT07658989,REC-CTGOV-NCT07658989,A1,NCT07658989,Optimizing Anticoagulation in Pregnancies With Mechanical Heart Valves,A Prospective Multicenter Cohort Pilot Study Comparing Antithrombotic Regimens in Pregnancies With Mechanical Heart Valves,RECRUITING,INTERVENTIONAL,NA,100,Pregnancy|Prosthetic Heart Valve|Anticoagulant Therapy,DRUG:LMWH and LDA|OTHER:Vitamin K antagonists (e.g warfarin)+/- LDA|OTHER:Sequential therapy +/- LDA,"Mount Sinai Hospital, Canada",2026-05-26,2030-12,false,https://clinicaltrials.gov/study/NCT07658989,vitamin K antagonist lexical false positive,none,context_only_not_a_screening_decision
RET-A1-CTGOV-NCT02227550,REC-CTGOV-NCT02227550,A1,NCT02227550,Apixaban During Atrial Fibrillation Catheter Ablation: Comparison to Vitamin K Antagonist Therapy,"An Investigator-driven, Prospective, Parallel-group, Randomised, Open, Blinded Outcome Assessment (PROBE), Multi-centre Trial to Determine the Optimal Anticoagulation Therapy for Patients Untergoing Catheter Ablation of Atrial Fibrillation",COMPLETED,INTERVENTIONAL,PHASE4,676,Atrial Fibrillation,DRUG:Vitamin K antagonist|DRUG:Apixaban,Atrial Fibrillation Network,2014-12,2017-09,false,https://clinicaltrials.gov/study/NCT02227550,vitamin K antagonist lexical false positive,none,context_only_not_a_screening_decision
RET-A1-CTGOV-NCT01250535,REC-CTGOV-NCT01250535,A1,NCT01250535,Human Cytochrome P450 4F Enzymes and Drug Interactions,Human Cytochrome P450 4F Enzymes and Drug Interactions,COMPLETED,INTERVENTIONAL,PHASE1,19,Healthy Volunteers|Drug Drug Interactions,DRUG:Warfarin|DRUG:Placebo|DRUG:Lovastatin,"University of North Carolina, Chapel Hill",2010-12,2011-12,false,https://clinicaltrials.gov/study/NCT01250535,vitamin K antagonist lexical false positive,none,context_only_not_a_screening_decision
RET-A1-CTGOV-NCT01042067,REC-CTGOV-NCT01042067,A1,NCT01042067,Safer Warfarin Treatment,"Safer Warfarin Treatment - the Influence of CYP2C9 Genotyping, Genotyping of Vitamine K Dependent Proteins and Dietary Vitamine K Status on Dosing, Clinical Effect and Adverse Events With Emphasis on the Initial Phase of Treatment",SUSPENDED,OBSERVATIONAL,,200,Atrial Fibrillation|Venous Thrombosis|Pulmonary Embolism|Heart Valve Prosthesis,"OTHER:Blood specimens (whole blood, serum, plasma)",Oslo University Hospital,2010-01,,false,https://clinicaltrials.gov/study/NCT01042067,vitamin K antagonist lexical false positive,none,context_only_not_a_screening_decision
RET-A1-CTGOV-NCT03254147,REC-CTGOV-NCT03254147,A1,NCT03254147,Medical Need of OAC Reversal,"Medical Need of Oral Anti-coagulant Reversal in Japan: Epidemiological Assessment of Head Trauma, Fracture, and Emergency Surgery Using Large Scale Claims Database (Please Note That This Study Contains no Patients Treated With Idarucizumab Although the Study Number Begins With 1321; the Study Contains Only Patients Treated With OACs, Namely Warfarin, Dabigatran, Edoxaban, Apixaban, Rivaroxaban, Edoxaban)",COMPLETED,OBSERVATIONAL,,53969,Atrial Fibrillation,DRUG:warfarin|DRUG:dabigatran|DRUG:Apixaban|DRUG:Edoxaban|DRUG:Rivaroxaban,Boehringer Ingelheim,2017-10-15,2017-11-10,true,https://clinicaltrials.gov/study/NCT03254147,vitamin K antagonist lexical false positive,none,context_only_not_a_screening_decision
RET-A1-CTGOV-NCT02522221,REC-CTGOV-NCT02522221,A1,NCT02522221,Tecarfarin Anti-Coagulation Trial (TACT),"A ""Real-World"", Randomized, Open-Label, Study on the Efficacy, Safety, and Tolerability of Tecarfarin (ATI-5923) a Novel Vitamin K Antagonist, Versus Warfarin in Subjects Requiring Chronic Anticoagulation",UNKNOWN,INTERVENTIONAL,PHASE3,1000,Thromboembolism|Thrombosis,DRUG:Warfarin|DRUG:tecarfarin,Espero Biopharma,2018-06-01,2019-07-01,false,https://clinicaltrials.gov/study/NCT02522221,vitamin K antagonist lexical false positive,none,context_only_not_a_screening_decision
RET-A1-CTGOV-NCT05205863,REC-CTGOV-NCT05205863,A1,NCT05205863,Dose-Response in PD and Safety of Cofact Under VKA Anticoagulation,A Phase 1/2 Study of the Dose-Response in Pharmacodynamics and Safety of Prothrombin Complex Concentrate Cofact in Healthy Subjects Under Vitamin K Antagonist Anticoagulation.,COMPLETED,INTERVENTIONAL,PHASE1|PHASE2,69,Healthy Volunteers,BIOLOGICAL:Cofact,Prothya Biosolutions,2021-11-12,2022-09-03,false,https://clinicaltrials.gov/study/NCT05205863,vitamin K antagonist lexical false positive,none,context_only_not_a_screening_decision
RET-A1-CTGOV-NCT02464969,REC-CTGOV-NCT02464969,A1,NCT02464969,Apixaban for the Acute Treatment of Venous Thromboembolism in Children,"A Randomized, Open-Label, Active Controlled, Safety and Descriptive Efficacy Study in Pediatric Subjects Requiring Anticoagulation for the Treatment of a Venous Thromboembolic Event",COMPLETED,INTERVENTIONAL,PHASE4,229,Venous Thromboembolism,DRUG:Apixaban|DRUG:Standard of Care,Bristol-Myers Squibb,2015-11-22,2024-04-30,true,https://clinicaltrials.gov/study/NCT02464969,vitamin K antagonist lexical false positive,none,context_only_not_a_screening_decision
RET-A1-CTGOV-NCT03799822,REC-CTGOV-NCT03799822,A1,NCT03799822,Oral Anticoagulation in Hemodialysis,Safety and Efficacy of Vitamin K Antagonists Versus Rivaroxaban in Hemodialysis Patients With Atrial Fibrillation: a Multicenter Randomized Controlled Trial,COMPLETED,INTERVENTIONAL,PHASE4,132,Atrial Fibrillation,DRUG:Rivaroxaban 10 MG Oral Tablet|DIETARY_SUPPLEMENT:MK-7 2000µg thrice weekly|DRUG:Vitamin K Antagonist - Drug,Onze Lieve Vrouw Hospital,2017-05-01,2020-10-01,false,https://clinicaltrials.gov/study/NCT03799822,vitamin K antagonist lexical false positive,none,context_only_not_a_screening_decision
RET-A1-CTGOV-NCT01034124,REC-CTGOV-NCT01034124,A1,NCT01034124,Mechanisms Underlying Drug-Diet Interactions,Mechanisms Underlying Drug-Diet Interactions,COMPLETED,INTERVENTIONAL,NA,19,Pharmacokinetics,"DRUG:warfarin, vitamin K, midazolam","University of North Carolina, Chapel Hill",2007-01,2008-06,false,https://clinicaltrials.gov/study/NCT01034124,vitamin K antagonist lexical false positive,none,context_only_not_a_screening_decision
RET-A1-CTGOV-NCT07639892,REC-CTGOV-NCT07639892,A1,NCT07639892,Antithrombotic Treatment Strategies in Cervical Artery Dissection,"Antiplatelet Versus Anticoagulation TREATment Strategies in Cervical Artery Dissection - TREAT-CAD 2 - A Multicenter, Randomized, Two-arm Parallel Group, Open-label, Blinded Endpoint, Pragmatic Trial",NOT_YET_RECRUITING,INTERVENTIONAL,NA,1100,Cervical Artery Dissection,PROCEDURE:Antiplatelet Treatment Strategy|PROCEDURE:Anticoagulation Treatment Strategy,University Department of Geriatric Medicine FELIX PLATTER,2026-07,2030-03,false,https://clinicaltrials.gov/study/NCT07639892,vitamin K antagonist lexical false positive,none,context_only_not_a_screening_decision
RET-A1-CTGOV-NCT04437303,REC-CTGOV-NCT04437303,A1,NCT04437303,Periprocedural Continuation Versus Interruption of Oral Anticoagulant Drugs During Transcatheter Aortic Valve Implantation (POPular PAUSE TAVI),Periprocedural Continuation Versus Interruption of Oral Anticoagulant Drugs During Transcatheter Aortic Valve Implantation (POPular PAUSE TAVI),COMPLETED,INTERVENTIONAL,PHASE4,858,Aortic Valve Disease|Aortic Valve Stenosis|Stroke|Bleeding|Vascular Complications|Myocardial Infarction|Thrombosis Embolism,DRUG:Continuation of oral anticoagulants|DRUG:Interruption of oral anticoagulants,St. Antonius Hospital,2020-11-25,2024-05-22,false,https://clinicaltrials.gov/study/NCT04437303,vitamin K antagonist lexical false positive,none,context_only_not_a_screening_decision
RET-A1-CTGOV-NCT01348074,REC-CTGOV-NCT01348074,A1,NCT01348074,Reinitiation of Anticoagulation After Temporary Withdrawal of Vitamin K Antagonist,Phase II Study of Double Versus Single Reinitiation Dose of Warfarin After Interruption for Surgery,COMPLETED,INTERVENTIONAL,PHASE2,104,Atrial Fibrillation|Venous Thromboembolism|Heart Valve Disease|Surgery,DRUG:Double dose,McMaster University,2011-04,2013-12,false,https://clinicaltrials.gov/study/NCT01348074,vitamin K antagonist lexical false positive,none,context_only_not_a_screening_decision
RET-A1-CTGOV-NCT04258488,REC-CTGOV-NCT04258488,A1,NCT04258488,Long-term Anticoagulation With Oral Factor Xa Inhibitor Versus Vitamin K Antagonist After Mechanical Aortic Valve Replacement,"Randomized, Evaluation of Long-term Anticoagulation With Oral Factor Xa Inhibitor Versus Vitamin K Antagonist After Mechanical Aortic Valve Replacement",RECRUITING,INTERVENTIONAL,PHASE4,1300,AORTIC VALVE DISEASES|Thromboembolism,DRUG:Rivaroxaban Oral Tablet|DRUG:Vitamin K antagonist(warfarin),Joon Bum Kim,2022-02-21,2028-12-30,false,https://clinicaltrials.gov/study/NCT04258488,vitamin K antagonist lexical false positive,none,context_only_not_a_screening_decision
RET-A1-CTGOV-NCT02072434,REC-CTGOV-NCT02072434,A1,NCT02072434,Edoxaban vs. Warfarin in Subjects Undergoing Cardioversion of Nonvalvular Atrial Fibrillation (NVAF),"A Prospective, Randomized, Open-Label Blinded Endpoint Evaluation (PROBE) Parallel Group Study Comparing Edoxaban (DU-176b) With Enoxaparin/Warfarin Followed by Warfarin Alone in Subjects Undergoing Planned Electrical Cardioversion of Nonvalvular Atrial Fibrillation",COMPLETED,INTERVENTIONAL,PHASE3,2199,Atrial Fibrillation,DRUG:Edoxaban|DRUG:Warfarin|DRUG:Enoxaparin,Daiichi Sankyo,2014-03-25,2016-02-03,true,https://clinicaltrials.gov/study/NCT02072434,vitamin K antagonist lexical false positive,none,context_only_not_a_screening_decision
RET-A1-CTGOV-NCT06692504,REC-CTGOV-NCT06692504,A1,NCT06692504,Adverse Drug Events in Patients on Oral Anticoagulation in the Emergency Department,Real-life Epidemiology of Adverse Drug Events in Patients on Oral Anticoagulation in the Emergency Department Setting,RECRUITING,OBSERVATIONAL,,2080,Hemorrhage|Thrombosis|Anticoagulant Therapy|Traumatic Hemorrhage,,Centre Hospitalier Universitaire de Besancon,2021-01-01,2025-09,false,https://clinicaltrials.gov/study/NCT06692504,vitamin K antagonist lexical false positive,none,context_only_not_a_screening_decision
RET-A1-CTGOV-NCT00928915,REC-CTGOV-NCT00928915,A1,NCT00928915,International Normalized Ratio (INR) Normalization in Coumadin Associated Intracerebral Haemorrhage,"Multicenter, Prospective Randomized Trial on the Use of Prothrombin Complex and Fresh Frozen Plasma in Patients With Intracerebral Hemorrhage Related to Vitamin K Antagonists",COMPLETED,INTERVENTIONAL,PHASE4,54,Intracranial Hemorrhages,DRUG:Prothrombin complex concentrate (PCC); fresh frozen plasma (FFP),Heidelberg University,2009-07,2015-01,false,https://clinicaltrials.gov/study/NCT00928915,vitamin K antagonist lexical false positive,none,context_only_not_a_screening_decision
RET-A1-CTGOV-NCT00794755,REC-CTGOV-NCT00794755,A1,NCT00794755,Low Dose Supplementation to Improve Anticoagulation Control With Oral Vitamin K as an Adjuvant to Warfarin Therapy,"A Phase III Pilot RCT (Randomized, Controlled Trial) to Assess the Effectiveness of Low Dose Vitamin K1 (200 Micrograms Per Day) on Improving Anticoagulation Control in Unstable Patients on Warfarin",COMPLETED,INTERVENTIONAL,PHASE3,100,Coagulation,DIETARY_SUPPLEMENT:Vitamin K1 (Phytonadione)|DIETARY_SUPPLEMENT:Placebo,Ottawa Hospital Research Institute,2008-11,2010-04,false,https://clinicaltrials.gov/study/NCT00794755,vitamin K antagonist lexical false positive,none,context_only_not_a_screening_decision
RET-A1-CTGOV-NCT07330869,REC-CTGOV-NCT07330869,A1,NCT07330869,Warfarin Effects on Male Fertility After Cardiac Surgery,"Effects of Warfarin Therapy on Semen Quality, DNA Integrity, Hormonal Profile and Molecular Alterations in Male Patients Undergoing Cardiac Surgery: A Prospective Comparative Pilot Study",NOT_YET_RECRUITING,OBSERVATIONAL,,90,Male Infertility|Heart Valve Disease,"OTHER:Semen analysis, sperm DNA fragmentation and hormonal evaluation","Città di Lecce Hospital, GVM Care & Research",2026-02,2028-06,false,https://clinicaltrials.gov/study/NCT07330869,vitamin K antagonist lexical false positive,none,context_only_not_a_screening_decision
RET-A1-CTGOV-NCT05006287,REC-CTGOV-NCT05006287,A1,NCT05006287,The Safety of Non-vitamin K Oral Anticoagulants Compared to Warfarin Early After Cardiac Surgery,A Randomized Trial of the Safety of Non-vitamin K Oral Anticoagulants Compared to Warfarin Early After Cardiac Surgery: a Pilot Study,UNKNOWN,INTERVENTIONAL,PHASE2,100,Atrial Fibrillation,DRUG:Non-vitamin K oral anticoagulants (NOACs)|DRUG:Warfarin,"St. Paul's Hospital, Canada",2022-10-12,2024-05-30,false,https://clinicaltrials.gov/study/NCT05006287,vitamin K antagonist lexical false positive,none,context_only_not_a_screening_decision
RET-A1-CTGOV-NCT04195113,REC-CTGOV-NCT04195113,A1,NCT04195113,Perioperative Anticoagulant Use for Surgery Evaluation Emergency Registry,Management and Outcomes of Patients Receiving Oral Anticoagulants Who Require an Urgent/Emergency Surgery or Procedure: A Prospective Registry Study,COMPLETED,OBSERVATIONAL,,242,Atrial Fibrillation|Venous Thromboembolism|Arterial Vascular Disease,,McMaster University,2019-08-07,2022-12-31,false,https://clinicaltrials.gov/study/NCT04195113,vitamin K antagonist lexical false positive,none,context_only_not_a_screening_decision
RET-A1-CTGOV-NCT03232398,REC-CTGOV-NCT03232398,A1,NCT03232398,Apixaban Versus Warfarin in Patients With Left Ventricular (LV) Thrombus,Apixaban Versus Warfarin in Patients With Left Ventricular (LV) Thrombus,COMPLETED,INTERVENTIONAL,PHASE3,40,Acute Myocardial Infarction|Left Ventricular Thrombosis|Anticoagulants and Bleeding Disorders,DRUG:Apixaban Oral Tablet [Eliquis]|DRUG:Warfarin,Hadassah Medical Organization,2018-01-01,2021-05-31,false,https://clinicaltrials.gov/study/NCT03232398,vitamin K antagonist lexical false positive,none,context_only_not_a_screening_decision
RET-A1-CTGOV-NCT06648837,REC-CTGOV-NCT06648837,A1,NCT06648837,Microvisk Continuous Blood Donation Study,Continuous Blood Donation for the Development of the Microvisk PT/INR,NOT_YET_RECRUITING,INTERVENTIONAL,NA,2500,Pulmonary Embolism (Diagnosis)|Deep Vein Thrombosis|Atrial Fibrillation (AF),PROCEDURE:Venepuncture|OTHER:Collection of relevant information,Microvisk Technologies Ltd,2025-01-13,2029-11-01,false,https://clinicaltrials.gov/study/NCT06648837,vitamin K antagonist lexical false positive,none,context_only_not_a_screening_decision
RET-A1-CTGOV-NCT07515664,REC-CTGOV-NCT07515664,A1,NCT07515664,Vitamin K for Perioperative Warfarin Management,Vitamin K Reversal of INR for Perioperative Management of Warfarin: : A Pilot Study to Assess Feasibility,RECRUITING,INTERVENTIONAL,PHASE4,20,Anticoagulant Therapy,DRUG:Vitamin K|DRUG:Warfarin (standard without loading)|DRUG:Warfarin (standard with loading),University of Michigan,2025-07-03,2026-08,false,https://clinicaltrials.gov/study/NCT07515664,vitamin K antagonist lexical false positive,none,context_only_not_a_screening_decision
RET-A1-CTGOV-NCT02740712,REC-CTGOV-NCT02740712,A1,NCT02740712,Pharmacokinetic Drug-Drug Interaction Study of Rucaparib,"A Phase 1, Open-label, Multiple-probe Drug-drug Interaction Study to Determine the Effect of Rucaparib on Pharmacokinetics of Caffeine, S-Warfarin, Omeprazole, Midazolam, and Digoxin in Patients With Advanced Solid Tumors",COMPLETED,INTERVENTIONAL,PHASE1,17,Neoplasms,DRUG:Caffeine|DRUG:Warfarin|DRUG:Omeprazole|DRUG:Midazolam|DRUG:digoxin|DRUG:Vitamin K|DRUG:Rucaparib,pharmaand GmbH,2016-04,2019-09,false,https://clinicaltrials.gov/study/NCT02740712,vitamin K antagonist lexical false positive,none,context_only_not_a_screening_decision
RET-A1-CTGOV-NCT02618577,REC-CTGOV-NCT02618577,A1,NCT02618577,Non-vitamin K Antagonist Oral Anticoagulants in Patients With Atrial High Rate Episodes,"Non-vitamin K Antagonist Oral Anticoagulants in Patients With Atrial High Rate Episodes - An Investigator-driven, Prospective, Randomised, Double-blind, Multi-centre Trial Initiated by the European Society of Cardiology and AFNET",TERMINATED,INTERVENTIONAL,PHASE3,2608,Atrial High Rate Episodes,DRUG:Edoxaban|DRUG:ASA,Atrial Fibrillation Network,2016-02,2022-12-31,true,https://clinicaltrials.gov/study/NCT02618577,vitamin K antagonist lexical false positive,none,context_only_not_a_screening_decision
RET-A1-CTGOV-NCT00070655,REC-CTGOV-NCT00070655,A1,NCT00070655,Evaluating the Use of SR34006 Compared to Warfarin or Acenocoumarol in Patients With Atrial Fibrillation (AMADEUS),"The AMADEUS Trial, A Multicenter, Randomized, Open-label, Assessor Blind, Non-inferiority Study Comparing the Efficacy and Safety of Once-weekly Subcutaneous Idraparinux (SR34006) With Adjusted-dose Oral Vitamin-K Antagonists in the Prevention of Thromboembolic Events in Patients With Atrial Fibrillation",COMPLETED,INTERVENTIONAL,PHASE3,4673,Atrial Fibrillation,DRUG:SR34006 (idraparinux sodium) Injection|DRUG:vitamin K antagonist (warfarin or acenocoumarol) tablets,Sanofi,2003-09,2006-03,false,https://clinicaltrials.gov/study/NCT00070655,vitamin K antagonist lexical false positive,none,context_only_not_a_screening_decision
RET-A1-CTGOV-NCT01474460,REC-CTGOV-NCT01474460,A1,NCT01474460,Use of Phytonadione to Reduce International Normalized Ratio (INR) Variability in Patients on Long-term Warfarin Therapy,Use of Phytonadione to Reduce INR Variability in Patients on Long-term Warfarin Therapy,COMPLETED,INTERVENTIONAL,NA,370,Coagulation Delay,DIETARY_SUPPLEMENT:phytonadione,James A. Haley Veterans Administration Hospital,2011-09,2015-11,false,https://clinicaltrials.gov/study/NCT01474460,vitamin K antagonist lexical false positive,none,context_only_not_a_screening_decision
RET-A1-CTGOV-NCT06138184,REC-CTGOV-NCT06138184,A1,NCT06138184,Learning Theory Patient Education for Anticoagulants,Patient Education for Anticoagulants Using Learning Theories - a Pilot Study,NOT_YET_RECRUITING,INTERVENTIONAL,NA,68,"Knowledge, Attitudes, Practice",BEHAVIORAL:Anticoagulation Educational Materials|BEHAVIORAL:Control Group: Standard of Care,University of Utah,2026-04,2026-12,false,https://clinicaltrials.gov/study/NCT06138184,vitamin K antagonist lexical false positive,none,context_only_not_a_screening_decision
RET-A1-CTGOV-NCT02591732,REC-CTGOV-NCT02591732,A1,NCT02591732,A Nationwide Registry Study of Patients With Nonvalvular Atrial Fibrillation Initiating Oral Anticoagulation Therapies In The Early Period Following Apixaban Marketing In Denmark,"A Nation-wide Registry Study of Patients With Non-valvular Atrial Fibrillation Initiating Anticoagulation Therapies in the Early Period Follow Apixaban Marketing in Denmark: Patient Characteristics, Treatment Patterns, and Early Bleeding Events",COMPLETED,OBSERVATIONAL,,52178,Anticoagulation,,Bristol-Myers Squibb,2014-08,2015-06,false,https://clinicaltrials.gov/study/NCT02591732,vitamin K antagonist lexical false positive,none,context_only_not_a_screening_decision
RET-A1-CTGOV-NCT04618913,REC-CTGOV-NCT04618913,A1,NCT04618913,Anticoagulation in Patients With Venous Thromboembolism and Cancer,"VICTORIE (VTE IN CANCER - TREATMENT, OUTCOMES AND RESOURCE USE IN EUROPE)",ACTIVE_NOT_RECRUITING,OBSERVATIONAL,,1,Neoplasms|Embolism,DRUG:Apixaban|DRUG:Rivaroxaban|DRUG:Edoxaban|DRUG:Dabigatran|DRUG:VKA|DRUG:LMWH,Pfizer,2020-12-14,2026-06-30,false,https://clinicaltrials.gov/study/NCT04618913,vitamin K antagonist lexical false positive,none,context_only_not_a_screening_decision
RET-A1-CTGOV-NCT05038228,REC-CTGOV-NCT05038228,A1,NCT05038228,High Gastrointestinal Bleed Risk Outcomes in Patients With Non-valvular Atrial Fibrillation (NVAF) in France,ANTICOAGULANT TREATMENT PATTERNS AND OUTCOMES AMONG NON-VALVULAR ATRIAL FIBRILLATION PATIENTS WITH HIGH RISK OF GASTROINTESTINAL BLEEDING IN FRANCE: A RETROSPECTIVE COHORT ANALYSIS USING SNDS DATABASE,COMPLETED,OBSERVATIONAL,,1,Atrial Fibrillation,DRUG:Apixaban|DRUG:Rivaroxaban|DRUG:Dabigatran|DRUG:Vitamin K antagonist (VKA),Pfizer,2022-08-01,2026-05-29,false,https://clinicaltrials.gov/study/NCT05038228,vitamin K antagonist lexical false positive,none,context_only_not_a_screening_decision
RET-A1-CTGOV-NCT00868712,REC-CTGOV-NCT00868712,A1,NCT00868712,Warfarin and Coronary Calcification Project,Warfarin and Coronary Calcification Project,COMPLETED,OBSERVATIONAL,,70,Coronary Calcification,,Walter Reed Army Medical Center,2004-05,2010-01,true,https://clinicaltrials.gov/study/NCT00868712,vitamin K antagonist lexical false positive,none,context_only_not_a_screening_decision
RET-A1-CTGOV-NCT03374540,REC-CTGOV-NCT03374540,A1,NCT03374540,Rivaroxaban vs Warfarin for SPAF in Multi-morbid Patients,Comparative Effectiveness of Rivaroxaban and Warfarin for Stroke Prevention in Multi-morbid Patients With Nonvalvular Atrial Fibrillation,COMPLETED,OBSERVATIONAL,,78517,Nonvalvular Atrial Fibrillation,"DRUG:Rivaroxaban (Xarelto, BAY59-7939)|DRUG:Vitamin K antagonist (VKA)",Bayer,2017-12-01,2019-08-30,false,https://clinicaltrials.gov/study/NCT03374540,vitamin K antagonist lexical false positive,none,context_only_not_a_screening_decision
RET-A1-CTGOV-NCT06429787,REC-CTGOV-NCT06429787,A1,NCT06429787,Post Marketing Observational Study on Safety of BALFAXAR vs. KCENTRA for Reversal of Vitamin K Antagonist Induced Anticoagulation in Adults Undergoing Urgent Surgery or Invasive Procedure,Post Marketing Observational Study on Safety of BALFAXAR® vs. KCENTRA for Reversal of Vitamin K Antagonist Induced Anticoagulation in Adults Undergoing Urgent Surgery or Invasive Procedure.,RECRUITING,OBSERVATIONAL,,3574,Vitamin K-Dependent Coagulation Defect|Significant Bleeding Risk,DRUG:Balfaxar|DRUG:Kcentra,Octapharma,2025-02-14,2032-06-30,false,https://clinicaltrials.gov/study/NCT06429787,vitamin K antagonist lexical false positive,none,context_only_not_a_screening_decision
RET-A1-CTGOV-NCT04062097,REC-CTGOV-NCT04062097,A1,NCT04062097,Registration of Idarucizumab for Patients with IntraCranial Hemorrhage,Registration of Idarucizumab for Patients with IntraCranial Hemorrhage (RIC-ICH),COMPLETED,OBSERVATIONAL,,104,Intracranial Hemorrhage,DRUG:Dabigatran Etexilate Oral Capsule [Pradaxa]|DRUG:Idarucizumab 2.5 GM/50 ML Intravenous Solution [PRAXBIND]|DRUG:Vitamin K antagonist,"University Hospital, Essen",2019-09-19,2021-12-31,false,https://clinicaltrials.gov/study/NCT04062097,vitamin K antagonist lexical false positive,none,context_only_not_a_screening_decision
RET-A1-CTGOV-NCT07616414,REC-CTGOV-NCT07616414,A1,NCT07616414,Stepwise vs Standard Anticoagulation for AF Patients Undergoing CIED Implantation (STEP-AF),Stepwise Versus Standard Antithrombotic Strategies in Patients With Atrial Fibrillation at High Thromboembolic Risk Undergoing CIED Procedures (STEP-AF Trial),NOT_YET_RECRUITING,INTERVENTIONAL,NA,424,Non-valvular Atrial Fibrillation (NVAF)|Thromboembolism|Cardiac Implantable Electronic Device|Perioperative Bleeding|Hematoma Postoperative,DRUG:Stepwise Anticoagulation Regimen|DRUG:Standard Anticoagulation Regimen,"Fu Wai Hospital, Beijing, China",2026-05-26,2026-12-31,false,https://clinicaltrials.gov/study/NCT07616414,vitamin K antagonist lexical false positive,none,context_only_not_a_screening_decision
RET-A1-CTGOV-NCT02981472,REC-CTGOV-NCT02981472,A1,NCT02981472,A Study of the Safety and Pharmacokinetics of Apixaban Versus Vitamin K Antagonist (VKA) or Low Molecular Weight Heparin (LMWH) in Pediatric Subjects With Congenital or Acquired Heart Disease Requiring Anticoagulation,"A Prospective, Randomized, Open Label, Multi-center Study of the Safety and Pharmacokinetics of Apixaban Versus Vitamin K Antagonist or LMWH in Pediatric Subjects With Congenital or Acquired Heart Disease Requiring Chronic Anticoagulation for Thromboembolism Prevention",COMPLETED,INTERVENTIONAL,PHASE2,192,Thrombosis,DRUG:Apixaban|DRUG:Vitamin K Antagonist (VKA)|DRUG:Low Molecular Weight Heparin (LMWH),Bristol-Myers Squibb,2017-01-19,2021-10-18,true,https://clinicaltrials.gov/study/NCT02981472,vitamin K antagonist lexical false positive,none,context_only_not_a_screening_decision
RET-A1-CTGOV-NCT03485300,REC-CTGOV-NCT03485300,A1,NCT03485300,The Prevalence of Sub Optimal Anti Coagulation,Prevalence of Sub Optimal Anti Coagulation in Patients With Prosthetic Cardiac Valves,UNKNOWN,OBSERVATIONAL,,50,Poor Drug Response,DIAGNOSTIC_TEST:Liver and kidney function tests for patients with chronic liver or kidney diseases|BEHAVIORAL:Non compliance of the patient|DRUG:Drug or food interactions,Assiut University,2018-12,2019-12,false,https://clinicaltrials.gov/study/NCT03485300,vitamin K antagonist lexical false positive,none,context_only_not_a_screening_decision
RET-A1-CTGOV-NCT06615596,REC-CTGOV-NCT06615596,A1,NCT06615596,Discontinuation of Anticoagulations After Successful Catheter Ablation of Atrial Fibrillation,Discontinuation of Anticoagulations After Successful Catheter Ablation of Atrial Fibrillation: DESTINATION Study,RECRUITING,INTERVENTIONAL,EARLY_PHASE1,3160,Atrial Fibrillation (AF),BEHAVIORAL:discontinue anticoagulation therapy|DRUG:Anticoagulant drugs|PROCEDURE:Catheter Ablation,China National Center for Cardiovascular Diseases,2025-08-05,2029-12-31,false,https://clinicaltrials.gov/study/NCT06615596,vitamin K antagonist lexical false positive,none,context_only_not_a_screening_decision
RET-A1-CTGOV-NCT02488421,REC-CTGOV-NCT02488421,A1,NCT02488421,"Real Evidence of Anticoagulation Treatment in Non-valvular Atrial Fibrillation in Germany, UK and France: REACT-AF2","Real Evidence of Anticoagulation Treatment in Non-valvular Atrial Fibrillation in Germany, UK and France: REACT-AF 2",COMPLETED,OBSERVATIONAL,,38122,Non-valvular Atrial Fibrillation,,Bristol-Myers Squibb,2014-06,2016-07,false,https://clinicaltrials.gov/study/NCT02488421,vitamin K antagonist lexical false positive,none,context_only_not_a_screening_decision
RET-A1-CTGOV-NCT06141538,REC-CTGOV-NCT06141538,A1,NCT06141538,Response of Intracardiac Thrombus to Anticoagulants in Patients With Non-valvular Atrial Fibrillation (LYSIS),"Response of Intracardiac Thrombus to Anticoagulants in Patients With Non-valvular Atrial Fibrillation (LYSIS): an Investigator-initiated, National, Multicenter, Retrospective-prospective, Observational Cohort Study",NOT_YET_RECRUITING,OBSERVATIONAL,,500,Atrial Fibrillation|Intracardiac Thrombus,OTHER:Observational; No Interventions were given.,First Affiliated Hospital Xi'an Jiaotong University,2024-12-31,2030-12-31,false,https://clinicaltrials.gov/study/NCT06141538,vitamin K antagonist lexical false positive,none,context_only_not_a_screening_decision
RET-A1-CTGOV-NCT00143715,REC-CTGOV-NCT00143715,A1,NCT00143715,Oral Vitamin K for Warfarin Associated Coagulopathy,"A Multicentre, Multinational Study of Oral Vitamin K for the Treatment of Warfarin Associated Coagulopathy",COMPLETED,INTERVENTIONAL,PHASE3,690,Coagulation|Bleeding|Thrombosis,DRUG:Phytonadione (Vitamin K1),St. Joseph's Healthcare Hamilton,2004-09,2007-01,false,https://clinicaltrials.gov/study/NCT00143715,vitamin K antagonist lexical false positive,none,context_only_not_a_screening_decision
RET-A1-CTGOV-NCT02303795,REC-CTGOV-NCT02303795,A1,NCT02303795,RIvaroxaban for Valvular Heart diseasE and atRial Fibrillation Trial -RIVER Trial,"A Phase 2, Randomized, Open Label, Non-Inferiority Clinical Trial to Explore the Safety and Efficacy of Rivaroxaban Compared With Vitamin K Antagonism in Patients With Atrial Fibrillation With Bioprosthetic Mitral Valves - RIVER",COMPLETED,INTERVENTIONAL,PHASE2,1005,Valvular Heart Disease,DRUG:Rivaroxaban|DRUG:Warfarin,Hospital do Coracao,2015-08,2020-08,false,https://clinicaltrials.gov/study/NCT02303795,vitamin K antagonist lexical false positive,none,context_only_not_a_screening_decision
RET-A1-CTGOV-NCT04364516,REC-CTGOV-NCT04364516,A1,NCT04364516,Retrospective Observational Registry of Patients With Atrial Fibrillation From Vigo´s Health Area,Retrospective Observational Registry of Patients With Atrial Fibrillation From Vigo´s Health Area (Registro Observacional Retrospectivo de Pacientes Con Fibrilación Auricular Del Área de Vigo),UNKNOWN,OBSERVATIONAL,,15000,Atrial Fibrillation,DRUG:Anticoagulation,Hospital Álvaro Cunqueiro,2018-11-26,2023-11-26,false,https://clinicaltrials.gov/study/NCT04364516,vitamin K antagonist lexical false positive,none,context_only_not_a_screening_decision
RET-A1-CTGOV-NCT01130025,REC-CTGOV-NCT01130025,A1,NCT01130025,Long-Term Innohep® Treatment Versus a Vitamin K Antagonist (Warfarin) for the Treatment of Venous Thromboembolism (VTE) in Cancer,Efficacy and Safety of Long-Term (6 Months) Innohep® Treatment Versus Anticoagulation With a Vitamin K Antagonist (Warfarin) for the Treatment of Acute Venous Thromboembolism in Cancer Patients / IN 0901 INT,COMPLETED,INTERVENTIONAL,PHASE3,900,Venous Thromboembolism,DRUG:Warfarin|DRUG:Innohep®,LEO Pharma,2010-08,2014-05,false,https://clinicaltrials.gov/study/NCT01130025,vitamin K antagonist lexical false positive,none,context_only_not_a_screening_decision
RET-A1-CTGOV-NCT02273609,REC-CTGOV-NCT02273609,A1,NCT02273609,INR Control and Atrial Fibrillation in Primary Care in Spain (PAULA),English: Current Perspective of the Status of Anticoagulation in Clinical Practice in Primare Care. Spanish: Perspectiva Actual de la sitUación de la anticoaguLación en la práctica clínica de Atención Primaria.,COMPLETED,OBSERVATIONAL,,1524,Atrial Fibrillation and Flutter,DRUG:Vitamin K antagonists (acenocoumarol or warfarin),Vivencio Barrios,2014-02,2014-10,false,https://clinicaltrials.gov/study/NCT02273609,vitamin K antagonist lexical false positive,none,context_only_not_a_screening_decision
RET-A1-CTGOV-NCT02161965,REC-CTGOV-NCT02161965,A1,NCT02161965,Vascular CalcIfiCation and sTiffness Induced by ORal antIcoAgulation,The VICTORIA Study (Vascular CalcIfiCation and sTiffness Induced by ORal antIcoAgulation) Comparison Anti-vitamin K Versus Anti-Xa.,COMPLETED,INTERVENTIONAL,PHASE4,51,Permanent Atrial Fibrillation|Venous Thrombosis|Pulmonary Embolism|Anticoagulation Treatment at Least > or = to 12-month,DRUG:Rivaroxaban|DRUG:Fluindione|DRUG:Warfarin,"University Hospital, Angers",2013-05-21,2018-02-16,false,https://clinicaltrials.gov/study/NCT02161965,vitamin K antagonist lexical false positive,none,context_only_not_a_screening_decision
RET-A1-CTGOV-NCT00954395,REC-CTGOV-NCT00954395,A1,NCT00954395,DULCIS (D-dimer and ULtrasonography in Combination Italian Study),Optimizing the Duration of Anticoagulation in Venous Thromboembolism: the DULCIS Study,COMPLETED,OBSERVATIONAL,,1100,Venous Thromboembolism,OTHER:D-dimer,IRCCS Azienda Ospedaliero-Universitaria di Bologna,2008-09,2012-06,false,https://clinicaltrials.gov/study/NCT00954395,vitamin K antagonist lexical false positive,none,context_only_not_a_screening_decision
RET-A1-CTGOV-NCT03673605,REC-CTGOV-NCT03673605,A1,NCT03673605,Efficacy and Safety of Rivaroxiban Compare With Vitamin K Antagonist Warfarin,Efficacy and Safety of Rivaroxiban Compare With Vitamin K Antagonist Warfarin in Patients With Atrial Fibrillation and Mitral Stenosis Among Pakistani Population,WITHDRAWN,INTERVENTIONAL,PHASE4,0,Mitral Valve Stenosis|Atrial Fibrillation,DRUG:Rivaroxaban 15 mg|DRUG:Warfarin,PharmEvo Pvt Ltd,2016-12-30,2017-12-30,false,https://clinicaltrials.gov/study/NCT03673605,vitamin K antagonist lexical false positive,none,context_only_not_a_screening_decision
RET-A1-CTGOV-NCT07431762,REC-CTGOV-NCT07431762,A1,NCT07431762,Comparison of Anti-Thrombotic Treatments Between Aspirin and Warfarin During Initial Six Months After Bioprosthetic Heart Valve Replacement,Comparison of Anti-Thrombotic Treatments Between Aspirin and Warfarin During Initial Six Months After Bioprosthetic Heart Valve Replacement,RECRUITING,INTERVENTIONAL,PHASE4,1058,Valve Replacement Surgery,DRUG:Aspirin|DRUG:Vitamin K antagonist(warfarin),Asan Medical Center,2026-06-05,2031-03-31,false,https://clinicaltrials.gov/study/NCT07431762,vitamin K antagonist lexical false positive,none,context_only_not_a_screening_decision
RET-A1-CTGOV-NCT03702582,REC-CTGOV-NCT03702582,A1,NCT03702582,Rivaroxaban vs. Warfarin for Post Cardiac Surgery Atrial Fibrillation,Trial of New Oral Anticoagulants vs. Warfarin for Post Cardiac Surgery Atrial Fibrillation,COMPLETED,INTERVENTIONAL,PHASE3,100,Atrial Fibrillation|Stroke|Bleeding,DRUG:Rivaroxaban|DRUG:Warfarin,Massachusetts General Hospital,2019-04-30,2023-10-01,true,https://clinicaltrials.gov/study/NCT03702582,vitamin K antagonist lexical false positive,none,context_only_not_a_screening_decision
RET-A1-CTGOV-NCT05646394,REC-CTGOV-NCT05646394,A1,NCT05646394,Registry on Augmented Antithrombotic Treatment Regimens for Patients With Arterial Thrombotic APS,Registry on Augmented Antithrombotic Treatment Regimens for Patients With Arterial Thrombotic APS,RECRUITING,OBSERVATIONAL,,150,Antiphospholipid Syndrome|Arterial Thrombosis,DRUG:Dual antiplatelet therapy|DRUG:Combined antithrombotic therapy|DRUG:Vitamin K antagonist standard intensity|DRUG:Vitamin K antagonist high intensity,McMaster University,2022-07-01,2029-12-31,false,https://clinicaltrials.gov/study/NCT05646394,vitamin K antagonist lexical false positive,none,context_only_not_a_screening_decision
RET-A1-CTGOV-NCT05825573,REC-CTGOV-NCT05825573,A1,NCT05825573,Anticoagulation Therapy in Non-device-related Intra-cardiac Thrombus,Anticoagulant Regimens Given to Achieve Thrombus Regression and Reduce Clinical Outcomes Among Patients With Non Device-related Intra-cardiac Thrombus: a Randomized Assessment Under Direct Oral Anticoagulant and Vitamin-k Antagonist Therapy,ACTIVE_NOT_RECRUITING,INTERVENTIONAL,PHASE3,340,Intracardiac Thrombus|STEMI|Heart Failure,DRUG:Vitamin K antagonist|DRUG:Direct oral anticoagulant,Centre Hospitalier Universitaire de Nīmes,2023-05-15,2026-02,false,https://clinicaltrials.gov/study/NCT05825573,vitamin K antagonist lexical false positive,none,context_only_not_a_screening_decision
RET-A1-CTGOV-NCT00788736,REC-CTGOV-NCT00788736,A1,NCT00788736,Predicting Bleeding Risk on Anticoagulant Therapy for Venous Thromboembolism,Development and Validation of Clinical Prediction Rules for Bleeding for Patients on Anticoagulant Therapy for Venous Thromboembolism,COMPLETED,OBSERVATIONAL,,2537,Venous Thromboembolism,,Ottawa Hospital Research Institute,2008-09,2016-10,false,https://clinicaltrials.gov/study/NCT00788736,vitamin K antagonist lexical false positive,none,context_only_not_a_screening_decision
RET-A1-CTGOV-NCT02886962,REC-CTGOV-NCT02886962,A1,NCT02886962,Oral Anticoagulation in Haemodialysis Patients,Study of the Benefit / Risk Ratio of Oral Anticoagulation in Hemodialysis Patients With Atrial Fibrillation,TERMINATED,INTERVENTIONAL,PHASE4,50,"Kidney Failure, Chronic",BIOLOGICAL:No oral anticoagulation|DRUG:Oral anticoagulation with vitamin K antagonists,"University Hospital, Strasbourg, France",2017-07-12,2023-12-01,false,https://clinicaltrials.gov/study/NCT02886962,vitamin K antagonist lexical false positive,none,context_only_not_a_screening_decision
RET-A1-CTGOV-NCT01517399,REC-CTGOV-NCT01517399,A1,NCT01517399,"Drug-drug Interaction Study of Tivantinib (ARQ 197) With Omeprazole, S-warfarin, Caffeine, Midazolam, and Digoxin in Cancer Subjects","A Phase 1, Open-Label, Single-Sequence Crossover Study Assessing the Effect of Tivantinib (ARQ 197) on the Pharmacokinetics of Omeprazole/S-Warfarin/Caffeine/Midazolam and Digoxin in Cancer Subjects",COMPLETED,INTERVENTIONAL,PHASE1,28,Solid Tumors,DRUG:tivantinib|DRUG:omeprazole|DRUG:s-warfarin|DRUG:caffeine|DIETARY_SUPPLEMENT:vitamin K|DRUG:digoxin|DRUG:midazolam,Daiichi Sankyo,2011-12,2013-09,false,https://clinicaltrials.gov/study/NCT01517399,vitamin K antagonist lexical false positive,none,context_only_not_a_screening_decision
RET-A1-CTGOV-NCT04614090,REC-CTGOV-NCT04614090,A1,NCT04614090,Fast Reversal of Warfarin and Early Surgery in Patients With Trochanteric Hip Fracture A Case-control Study,Is Fast Reversal and Early Surgery (Within 24 h) in Patients on Warfarin Medication With Trochanteric Hip Fractures Safe: A Case-control Study,COMPLETED,OBSERVATIONAL,,198,Trochanteric Hip Fractures|Warfarin Medication|Early Surgery,,Karolinska Institutet,2017-10-01,2018-06-26,false,https://clinicaltrials.gov/study/NCT04614090,vitamin K antagonist lexical false positive,none,context_only_not_a_screening_decision
RET-A1-CTGOV-NCT06606275,REC-CTGOV-NCT06606275,A1,NCT06606275,The Safety and Effectiveness of Warfarin Vs Apixaban in Patients With NVAF/ VTE and ESKD on Dialysis,The Safety and Effectiveness of Warfarin Vs Apixaban in Patients With Non-Valvular Atrial Fibrillation/ Venous Thromboembolism and End-Stage Kidney Disease on Dialysis,COMPLETED,OBSERVATIONAL,,67,End-Stage Kidney Disease (ESKD)|Non-valvular Atrial Fibrillation (NVAF)|Venous Thromboembolism (VTE),DRUG:Apixaban|DRUG:Warfarin,Abu Dhabi Health Services Company,2024-01-01,2024-11-05,false,https://clinicaltrials.gov/study/NCT06606275,vitamin K antagonist lexical false positive,none,context_only_not_a_screening_decision
RET-A1-CTGOV-NCT01809015,REC-CTGOV-NCT01809015,A1,NCT01809015,Evaluation of Oral Anticoagulation With Vitamin K Antagonists - The thrombEVAL Study Programme,A Study Programme for the Evaluation of Oral Anticoagulation Therapy With Vitamin K Antagonists,COMPLETED,OBSERVATIONAL,,2318,"Anticoagulant Antagonists, Vitamin K and Other Coagulants Causing Adverse Effects in Therapeutic Use|Atrial Fibrillation|Venous Thromboembolism",,Johannes Gutenberg University Mainz,2011-01,2018-03,false,https://clinicaltrials.gov/study/NCT01809015,vitamin K antagonist lexical false positive,none,context_only_not_a_screening_decision
RET-A1-CTGOV-NCT03064035,REC-CTGOV-NCT03064035,A1,NCT03064035,Fixed Versus Variable Dosing of 4-factor Prothrombin Complex Concentrate for Emergent Warfarin Reversal,"A Prospective, Randomized Study of Fixed Versus Variable Dosing of 4-factor Prothrombin Complex Concentrate for Emergent Warfarin Reversal at a Large Tertiary Care Medical Center",COMPLETED,INTERVENTIONAL,PHASE4,79,Acute Bleeding on Long-Term Anticoagulation Therapy|Hemorrhage|Significant Bleeding in Patients With a Coagulopathy (Prolonged Thrombin Time)|Urgent Reversal of Vitamin K Antagonist (VKA) Anticoagulation,DRUG:4-factor prothrombin complex concentrate (4FPCC),HealthPartners Institute,2017-04-05,2019-04-24,true,https://clinicaltrials.gov/study/NCT03064035,vitamin K antagonist lexical false positive,none,context_only_not_a_screening_decision
RET-A1-CTGOV-NCT02429453,REC-CTGOV-NCT02429453,A1,NCT02429453,FFP Versus PCC in Intracranial Hemorrhage,Fresh Frozen Plasma Versus Four Factor Prothrombin Complex Concentrate for Reversal of Vitamin K Antagonists in Intracranial Hemorrhage,WITHDRAWN,INTERVENTIONAL,NA,0,"Intracranial Hemorrhage, Traumatic|Intracranial Hemorrhage, Spontaneous",DRUG:Four Factor Prothrombin Complex Concentrate|BIOLOGICAL:Fresh Frozen Plasma,University of Utah,2015-04,2016-03,false,https://clinicaltrials.gov/study/NCT02429453,vitamin K antagonist lexical false positive,none,context_only_not_a_screening_decision
RET-A1-CTGOV-NCT01619007,REC-CTGOV-NCT01619007,A1,NCT01619007,Treatment of an Acute Deep Vein Thrombosis (DVT) With Either Rivaroxaban or Current Standard of Care Therapy,Xarelto® for Long-term and Initial Anticoagulation in Venous Thromboembolism (VTE),COMPLETED,OBSERVATIONAL,,5145,Deep Vein Thrombosis|Venous Thrombosis,"DRUG:Rivaroxaban (Xarelto, BAY59-7939)|DRUG:Standard of care",Bayer,2012-06,2015-07,false,https://clinicaltrials.gov/study/NCT01619007,vitamin K antagonist lexical false positive,none,context_only_not_a_screening_decision
RET-A1-CTGOV-NCT02066662,REC-CTGOV-NCT02066662,A1,NCT02066662,Rivaroxaban Compared to Vitamin K Antagonist Upon Development of Cardiovascular Calcification,Influence of Rivaroxaban Compared to Vitamin K Antagonist Treatment Upon Development of Cardiovascular Calcification in Patients With Atrial Fibrillation and/ or Pulmonary Embolism (IRIVASC- Trial),COMPLETED,INTERVENTIONAL,PHASE4,192,"Atrial Fibrillation or Pulmonary Embolism|Need of Long Term Oral Anticoagulation Therapy (OAT)|Existent Coronary or Valvular Calcification, or Both and Agatston Score > 50 in at Least One Location",DRUG:Rivaroxaban or Marcumar,RWTH Aachen University,2013-07,2020-03,false,https://clinicaltrials.gov/study/NCT02066662,vitamin K antagonist lexical false positive,none,context_only_not_a_screening_decision
RET-A1-CTGOV-NCT04249401,REC-CTGOV-NCT04249401,A1,NCT04249401,Study to Gather Information About the Safety of Oral Anticoagulation Drugs and How Well These Drugs Work in Real World for Patients With Non-valvular Atrial Fibrillation (Irregularly Heart Beats Which is Not Caused by a Heart Valve Problem),Real-world Evidence for Non-valvular Atrial Fibrillation Patients Treated With Oral Anticoagulation in the Nordics,COMPLETED,OBSERVATIONAL,,134897,Atrial Fibrillation,DRUG:Rivaroxaban (Xarelto)|DRUG:Apixaban|DRUG:Dabigatran|DRUG:Warfarin,Bayer,2020-03-01,2023-09-30,false,https://clinicaltrials.gov/study/NCT04249401,vitamin K antagonist lexical false positive,none,context_only_not_a_screening_decision
RET-A1-CTGOV-NCT02100228,REC-CTGOV-NCT02100228,A1,NCT02100228,"Study Of The Blood Thinner, Apixaban, For Patients Who Have An Abnormal Heart Rhythm (Atrial Fibrillation) And Expected To Have Treatment To Put Them Back Into A Normal Heart Rhythm (Cardioversion)",A Phase Iv Trial To Assess The Effectiveness Of Apixaban Compared With Usual Care Anticoagulation In Subjects With Non-valvular Atrial Fibrillation Undergoing Cardioversion,COMPLETED,INTERVENTIONAL,PHASE4,1500,Atrial Fibrillation,DRUG:Apixaban|DRUG:Parenteral heparin and/or oral Vitamin K antagonist,Pfizer,2014-07-14,2017-02-08,true,https://clinicaltrials.gov/study/NCT02100228,vitamin K antagonist lexical false positive,none,context_only_not_a_screening_decision
RET-A1-CTGOV-NCT00266045,REC-CTGOV-NCT00266045,A1,NCT00266045,D-dimer Levels During and After Anticoagulation in Patients With a Previous Venous Thromboembolism: Effects on the Risk of Recurrence,"A Multicentre, Prospective, Observational Study on the Predictive Role for Recurrence of D-dimer Levels Measured During and After Anticoagulation in Patients With a First Venous Thromboembolism Episode (the PROLONG-II Study)",COMPLETED,OBSERVATIONAL,,355,Deep Vein Thrombosis|Pulmonary Embolism,,IRCCS Azienda Ospedaliero-Universitaria di Bologna,2005-08,2008-12,false,https://clinicaltrials.gov/study/NCT00266045,vitamin K antagonist lexical false positive,none,context_only_not_a_screening_decision
RET-A1-CTGOV-NCT06402851,REC-CTGOV-NCT06402851,A1,NCT06402851,"Vitamin K AntagonISt, Factor Xa Inhibitor or No Anticoagulation in Atrial Fibrillation and DIalytic End-stage Renal DiseasE (VISIONAIRE)",A Randomized Clinical Trial Comparing Three Anti-Thrombotic Strategies for Patients with Atrial Fibrillation and Severe Chronic Kidney Dysfunction,RECRUITING,INTERVENTIONAL,PHASE4,1500,Atrium; Fibrillation|Chronic Kidney Diseases,DRUG:Anticoagulant Oral,Hospital Sirio-Libanes,2024-12-18,2026-12,false,https://clinicaltrials.gov/study/NCT06402851,vitamin K antagonist lexical false positive,none,context_only_not_a_screening_decision
RET-A1-CTGOV-NCT03996629,REC-CTGOV-NCT03996629,A1,NCT03996629,Impact of Clinical Pharmacist Interventions in Vitamin K Antagonists Management at One Teaching Hospital in Vietnam,Impact of Clinical Pharmacist Interventions in Vitamin K Antagonists Management at One Teaching Hospital in Vietnam: A Randomized Controlled Trial,UNKNOWN,INTERVENTIONAL,NA,800,Anticoagulation,OTHER:Patient education and compliance,University of Medicine and Pharmacy at Ho Chi Minh City,2019-08-01,2022-12-31,false,https://clinicaltrials.gov/study/NCT03996629,vitamin K antagonist lexical false positive,none,context_only_not_a_screening_decision
RET-A1-CTGOV-NCT00800137,REC-CTGOV-NCT00800137,A1,NCT00800137,Bridge or Continue Coumadin for Device Surgery Randomized Controlled Trial,Bridge or Continue Coumadin for Device Surgery Randomized Controlled Trial (BRUISE CONTROL),TERMINATED,INTERVENTIONAL,PHASE4,984,Hematoma,DRUG:low molecular weight heparin or unfractionated heparin|DRUG:Warfarin or coumadin,Ottawa Heart Institute Research Corporation,2008-12,2013-03,false,https://clinicaltrials.gov/study/NCT00800137,vitamin K antagonist lexical false positive,none,context_only_not_a_screening_decision
RET-A1-CTGOV-NCT00990158,REC-CTGOV-NCT00990158,A1,NCT00990158,Does Low Dose Oral Vitamin K Improve International Normalized Ratio (INR) Stability?,A Multicentre Study of Low Dose Oral Vitamin K for INR Control in Patients Receiving Warfarin,COMPLETED,INTERVENTIONAL,PHASE3,235,Coagulation|Bleeding|Thrombosis,DRUG:Phytonadione (Vitamin K1)|DRUG:Placebo,St. Joseph's Healthcare Hamilton,2010-07,2014-04,false,https://clinicaltrials.gov/study/NCT00990158,vitamin K antagonist lexical false positive,none,context_only_not_a_screening_decision
RET-A1-CTGOV-NCT01556659,REC-CTGOV-NCT01556659,A1,NCT01556659,LV Thrombus After Acute AMI: A Randomized Controlled Trial,Left Ventricular Thrombus Formation After Acute Myocardial Infarction - a Randomized Multi-center Trial Comparing Two Different Anti-thrombotic Regimens,TERMINATED,INTERVENTIONAL,NA,25,Ventricular Thrombosis Mural Following Myocardial Infarction,DRUG:Absence of vitamin K antagonist,Academisch Medisch Centrum - Universiteit van Amsterdam (AMC-UvA),2012-03,2022-06,false,https://clinicaltrials.gov/study/NCT01556659,vitamin K antagonist lexical false positive,none,context_only_not_a_screening_decision
RET-A1-CTGOV-NCT03968393,REC-CTGOV-NCT03968393,A1,NCT03968393,Anticoagulation for Stroke Prevention In Patients With Recent Episodes of Atrial Fibrillation Occurring Transiently With Stress,Anticoagulation for Stroke Prevention In Patients With Recent Episodes of Atrial Fibrillation Occurring Transiently With Stress - The ASPIRE-AF Trial,RECRUITING,INTERVENTIONAL,PHASE4,2270,Stroke|Atrial Fibrillation,DRUG:Non-vitamin K oral anticoagulant (NOAC),Population Health Research Institute,2019-06-14,2028-12,false,https://clinicaltrials.gov/study/NCT03968393,vitamin K antagonist lexical false positive,none,context_only_not_a_screening_decision
RET-A1-CTGOV-NCT02567682,REC-CTGOV-NCT02567682,A1,NCT02567682,"Drug Interaction Study of GBT440 With Caffeine, S-warfarin, Omeprazole, and Midazolam in Healthy Subjects","A Phase 1, Open-Label Study to Evaluate the Effect of Multiple Doses of GBT440 on the Pharmacokinetics of Probe Substrates for CYP1A2, CYP2C9, CYP2C19, and CYP3A4 in Healthy Subjects",COMPLETED,INTERVENTIONAL,PHASE1,24,Sickle Cell Disease,DRUG:GBT440,Global Blood Therapeutics,2015-09,2016-05,false,https://clinicaltrials.gov/study/NCT02567682,vitamin K antagonist lexical false positive,none,context_only_not_a_screening_decision
RET-A1-CTGOV-NCT02885545,REC-CTGOV-NCT02885545,A1,NCT02885545,The Strategy to Prevent Hemorrhage Associated With Anticoagulation in Renal Disease Management (STOP HARM) Trial,The Strategy to Prevent Hemorrhage Associated With Anticoagulation in Renal Disease Management (STOP HARM) Trial,WITHDRAWN,INTERVENTIONAL,PHASE4,0,Chronic Kidney Disease|Acute Bleeding|Cerebrovascular Stroke,DEVICE:Watchman|DRUG:Continued therapy with the prescribed oral anticoagulant,Population Health Research Institute,2016-09,2018-03-05,false,https://clinicaltrials.gov/study/NCT02885545,vitamin K antagonist lexical false positive,none,context_only_not_a_screening_decision
RET-A1-CTGOV-NCT03178864,REC-CTGOV-NCT03178864,A1,NCT03178864,Study of Rivaroxaban for CeREbral Venous Thrombosis,"Multicentre, Prospective Randomized Open Label, Blinded-endpoint (PROBE) Controlled Trial of Early Anticoagulation With Rivaroxaban Versus Standard of Care in Determining Safety at 365 Days in Symptomatic Cerebral Venous Thrombosis",COMPLETED,INTERVENTIONAL,PHASE2,55,Cerebral Venous Thrombosis,DRUG:Rivaroxaban|DRUG:Standard of care,University of British Columbia,2019-03-12,2022-10-05,false,https://clinicaltrials.gov/study/NCT03178864,vitamin K antagonist lexical false positive,none,context_only_not_a_screening_decision
RET-A1-CTGOV-NCT04981041,REC-CTGOV-NCT04981041,A1,NCT04981041,Escalated Single Platelet Inhibition for One Month Plus NOAC in Patients With Atrial Fibrillation and ACS Undergoing PCI,Escalated Single Platelet Inhibition for One Month Plus Direct Oral Anticoagulation in Patients With Atrial Fibrillation and acUte coRonary Syndrome Undergoing percutaneoUS Coronary Intervention,COMPLETED,INTERVENTIONAL,PHASE4,602,Acute Coronary Syndrome|Atrial Fibrillation,DRUG:Prasugrel or Ticagrelor|DRUG:Clopidogrel,Ludwig-Maximilians - University of Munich,2021-12-16,2026-05-30,false,https://clinicaltrials.gov/study/NCT04981041,vitamin K antagonist lexical false positive,none,context_only_not_a_screening_decision
RET-A1-CTGOV-NCT02933697,REC-CTGOV-NCT02933697,A1,NCT02933697,Compare Apixaban and Vitamin-K Antagonists in Patients With Atrial Fibrillation (AF) and End-Stage Kidney Disease (ESKD),A Safety Study Assessing Oral Anticoagulation With Apixaban Versus Vitamin-K Antagonists in Patients With Atrial Fibrillation (AF) and End-Stage Kidney Disease (ESKD) on Chronic Hemodialysis Treatment,COMPLETED,INTERVENTIONAL,PHASE3,108,Atrial Fibrillation|End-stage Kidney Disease,DRUG:Apixaban|DRUG:Phenprocoumon,Atrial Fibrillation Network,2017-06-20,2022-07-31,false,https://clinicaltrials.gov/study/NCT02933697,vitamin K antagonist lexical false positive,none,context_only_not_a_screening_decision
RET-A1-CTGOV-NCT00512928,REC-CTGOV-NCT00512928,A1,NCT00512928,Safety Study of Vitamin K2 During Anticoagulation in Human Volunteers,Safety Study of Vitamin K2 During Anticoagulation in Human Volunteers,COMPLETED,INTERVENTIONAL,NA,20,Healthy,DRUG:acenocoumarol|DIETARY_SUPPLEMENT:menaquinone-7,Maastricht University,2007-09,2007-12,false,https://clinicaltrials.gov/study/NCT00512928,vitamin K antagonist lexical false positive,none,context_only_not_a_screening_decision
RET-A1-CTGOV-NCT03363815,REC-CTGOV-NCT03363815,A1,NCT03363815,"A Study to Evaluate the Effect of Multiple Doses of CC-90001 on the Pharmacokinetics of Omeprazole, Midazolam, Warfarin, Rosuvastatin, Metformin, Digoxin, and Nintedanib in Healthy Adult Subjects","A Phase 1, Four-part, Fixed-sequence, Open-label Study to Evaluate the Effect of Multiple Doses of CC-90001 on the Pharmacokinetics of Omeprazole, Midazolam, Warfarin, Rosuvastatin, Metformin, Digoxin, and Nintedanib in Healthy Adult Subjects",COMPLETED,INTERVENTIONAL,PHASE1,56,Heathy Volunteer,DRUG:CC-90001|DRUG:Omeprazole|DRUG:Midazolam|DRUG:Warfarin|DIETARY_SUPPLEMENT:Vitamin K|DRUG:Rosuvastatin|DRUG:Metformin|DRUG:Digoxin|DRUG:Nintedanib,Celgene,2017-12-04,2018-07-29,false,https://clinicaltrials.gov/study/NCT03363815,vitamin K antagonist lexical false positive,none,context_only_not_a_screening_decision
RET-A1-CTGOV-NCT02219984,REC-CTGOV-NCT02219984,A1,NCT02219984,START-Register: Survey on Anticoagulated Patients Register,Phase 4 Study on Clinical History of Patients Who Start a Chronic Anticoagulant Treatment,RECRUITING,OBSERVATIONAL,,15410,Atrial Fibrillation|Venous Thromboembolism|Heart Valve Diseases or Prosthesis,DRUG:Anticoagulants,GUALTIERO PALARETI,2011-10,2027-11,false,https://clinicaltrials.gov/study/NCT02219984,vitamin K antagonist lexical false positive,none,context_only_not_a_screening_decision
RET-A1-CTGOV-NCT07011095,REC-CTGOV-NCT07011095,A1,NCT07011095,DOAC or VKA in Patients With AF and Stroke While on DOAC - a Pilot Trial,"A Pilot Trial to Assess the Feasibility of a Multicentre, Phase IV, Prospective, Randomized, Open-label, Two-arm Study With Blinded-endpoint Evaluation to Investigate Vitamin K Antagonist (VKA) Therapy Compared With Direct Oral Anticoagulant (DOAC) Therapy in Male and Female Participants With Atrial Fibrillation and Recent Ischemic Stroke While on a DOAC",NOT_YET_RECRUITING,INTERVENTIONAL,EARLY_PHASE1,100,Atrial Fibrillation (AF)|Stroke (in Patients With Atrial Fibrillation),DRUG:VKA|DRUG:Direct Oral Anticoagulant (DOAC),Population Health Research Institute,2025-09-03,2027-06-03,false,https://clinicaltrials.gov/study/NCT07011095,vitamin K antagonist lexical false positive,none,context_only_not_a_screening_decision
RET-A1-CTGOV-NCT02324686,REC-CTGOV-NCT02324686,A1,NCT02324686,Vitamin K Supplementation in Patients on Hemodialysis,Vitamin K Supplementation to Improve INR Stability in Patients on Hemodialysis Taking Warfarin for Atrial Fibrillation,COMPLETED,INTERVENTIONAL,PHASE2,3,End Stage Renal Failure on Dialysis|Atrial Fibrillation,DRUG:vitamin K1,"University Health Network, Toronto",2014-01,2017-12-18,false,https://clinicaltrials.gov/study/NCT02324686,vitamin K antagonist lexical false positive,none,context_only_not_a_screening_decision
RET-A1-CTGOV-NCT02610153,REC-CTGOV-NCT02610153,A1,NCT02610153,"Subtherapeutic INR Levels in Patients With AVK: Incidence, Associated Factors, Prognosis and Control Strategies",A Prospective Observational Study Assessing the Management of Anticoagulation With Vitamin K Antagonists in Patients With Nonvalvular Atrial Fibrillation Treated in Cardiology Practices,COMPLETED,OBSERVATIONAL,,1013,Atrial Fibrillation,DRUG:Vitamin K Antagonist,Bayer,2015-10-01,2019-03-15,false,https://clinicaltrials.gov/study/NCT02610153,vitamin K antagonist lexical false positive,none,context_only_not_a_screening_decision
RET-A1-CTGOV-NCT02740335,REC-CTGOV-NCT02740335,A1,NCT02740335,"Study of Octaplex, a Four-factor Prothrombin Complex Concentrate (4F-PCC) and Beriplex® P/N (Kcentra) for the Reversal of Vitamin K Antagonist (VKA) Induced Anticoagulation in Patients Needing Urgent Surgery With Significant Bleeding Risk.","A Phase III, Randomized, Double-blind, Multicenter Study to Assess the Efficacy and Safety of OCTAPLEX, a Four-factor Prothrombin Complex Concentrate (4F-PCC), Compared to the 4F-PCC Beriplex® P/N (Kcentra), for the Reversal of Vitamin K Antagonist (VKA) Induced Anticoagulation in Patients Needing Urgent Surgery With Significant Bleeding Risk.",COMPLETED,INTERVENTIONAL,PHASE3,208,Significant Bleeding Risk,DRUG:Octaplex|DRUG:Beriplex P/N (Kcentra),Octapharma,2017-06-08,2022-02-23,true,https://clinicaltrials.gov/study/NCT02740335,vitamin K antagonist lexical false positive,none,context_only_not_a_screening_decision
RET-A1-CTGOV-NCT02640222,REC-CTGOV-NCT02640222,A1,NCT02640222,APIXABAN in the Prevention of Stroke and Systemic Embolism in Patients With Atrial Fibrillation in Real-Life Setting in France SNIIRAM Study,APIXABAN in the Prevention of Stroke and Systemic Embolism in Patients With Atrial Fibrillation in Real-Life Setting in France SNIIRAM Study,COMPLETED,OBSERVATIONAL,,321501,Anticoagulation,DRUG:VKA|DRUG:Apixaban|DRUG:dabigatran|DRUG:rivaroxaban,Bristol-Myers Squibb,2014-01-01,2019-12-31,false,https://clinicaltrials.gov/study/NCT02640222,vitamin K antagonist lexical false positive,none,context_only_not_a_screening_decision
RET-A1-CTGOV-NCT02318342,REC-CTGOV-NCT02318342,A1,NCT02318342,Assessment of TRanscathetEr and Surgical Aortic BiOprosthetic Valve Thrombosis and Its TrEatment With Anticoagulation,Assessment of TRanscathetEr and Surgical Aortic BiOprosthetic Valve Dysfunction With Multimodality Imaging and Its TrEatment With Anticoagulation,RECRUITING,INTERVENTIONAL,NA,3000,Prosthetic Valve Thrombosis,DRUG:Warfarin,Cedars-Sinai Medical Center,2014-12,2028-12,false,https://clinicaltrials.gov/study/NCT02318342,vitamin K antagonist lexical false positive,none,context_only_not_a_screening_decision
RET-A1-CTGOV-NCT00911300,REC-CTGOV-NCT00911300,A1,NCT00911300,Evaluation of Fondaparinux in Patients With a Heart Rhythm Disturbance Who Undergo Restoration of Normal Heart Rhythm,"An International, Multicentre, Randomised, Open, Controlled, Two-parallel Group, Phase II Pilot Study to Evaluate the Efficacy and Safety of ARIXTRA™ for Anticoagulation of Patients With Atrial Fibrillation Undergoing Electric Cardioversion Following Transesophageal Echocardiography",COMPLETED,INTERVENTIONAL,PHASE2,349,"Fibrillation, Atrial",DRUG:fondaparinux|DRUG:unfractionated heparin|DRUG:Vitamin-K-Antagonist,GlaxoSmithKline,2009-08,2011-09,true,https://clinicaltrials.gov/study/NCT00911300,vitamin K antagonist lexical false positive,none,context_only_not_a_screening_decision
RET-A1-CTGOV-NCT02427516,REC-CTGOV-NCT02427516,A1,NCT02427516,Cost of Monitoring Patients Treated With Vitamin K Antagonists in Spain,Cost of Monitoring Patients Treated With Vitamin K Antagonists in Spain,COMPLETED,OBSERVATIONAL,,1144,Anticoagulation,,Bristol-Myers Squibb,2009-01,2015-11,false,https://clinicaltrials.gov/study/NCT02427516,vitamin K antagonist lexical false positive,none,context_only_not_a_screening_decision
RET-A1-CTGOV-NCT04045665,REC-CTGOV-NCT04045665,A1,NCT04045665,Anticoagulation for New-Onset Post-Operative Atrial Fibrillation After CABG,Anticoagulation for New-Onset Post-Operative Atrial Fibrillation After CABG,RECRUITING,INTERVENTIONAL,PHASE3,3200,Atrial Fibrillation|Stroke|Bleeding,DRUG:Antiplatelet-only strategy|DRUG:Oral Anticoagulant plus background antiplatelet therapy,Icahn School of Medicine at Mount Sinai,2019-12-13,2026-08-31,false,https://clinicaltrials.gov/study/NCT04045665,vitamin K antagonist lexical false positive,none,context_only_not_a_screening_decision
RET-A1-CTGOV-NCT05273775,REC-CTGOV-NCT05273775,A1,NCT05273775,A Pharmacokinetic Study to Evaluate the Drug Interaction Between HRS5091 and Probe Drugs in Healthy Volunteers,"A Single-center, Single-arm, Open-label, Fixed-sequence, Self-controlled Study of the Effects of HRS5091 on the Pharmacokinetics of Midazolam, S-warfarin, Omeprazole, Digoxin and Rosuvastatin in Healthy Volunteers",COMPLETED,INTERVENTIONAL,PHASE1,22,Chronic Hepatitis B,DRUG:HRS5091 Tablets|DRUG:Midazolam Maleate Tablets|DRUG:Warfarin Sodium Tablets|DRUG:Omeprazole Enteric Capsules|DRUG:Vitamin K1 Tablets|DRUG:Digoxin Tablets|DRUG:Rosuvastatin Calcium Tablets,"Jiangsu HengRui Medicine Co., Ltd.",2022-04-29,2022-06-23,false,https://clinicaltrials.gov/study/NCT05273775,vitamin K antagonist lexical false positive,none,context_only_not_a_screening_decision
RET-A1-CTGOV-NCT01036802,REC-CTGOV-NCT01036802,A1,NCT01036802,Anticoagulation For Pulmonary Hypertension in Sickle Cell Disease,An Exploratory Study of Anticoagulation For Pulmonary Hypertension in Sickle Cell Disease,TERMINATED,INTERVENTIONAL,PHASE2,3,Pulmonary Hypertension,DRUG:Warfarin|DRUG:Placebo,"University of North Carolina, Chapel Hill",2009-12,2012-09,true,https://clinicaltrials.gov/study/NCT01036802,vitamin K antagonist lexical false positive,none,context_only_not_a_screening_decision
RET-A1-CTGOV-NCT02565836,REC-CTGOV-NCT02565836,A1,NCT02565836,Fixed-dose Activated Versus Variable-dose Inactivated Prothrombin Complex Concentrate for Warfarin-associated Major Bleed,"Reversal of Warfarin-associated Major Hemorrhage: a Multicenter, Retrospective Cohort Study of Fixed-dose Activated (FEIBA VH) Versus Variable-dose Inactivated (Kcentra) Prothrombin Complex Concentrate",COMPLETED,OBSERVATIONAL,,342,Hemorrhage,DRUG:fixed-dose activated prothrombin complex concentrate|DRUG:variable-dose inactivated prothrombin complex concentrate,Rush University Medical Center,2015-10,2016-09-30,false,https://clinicaltrials.gov/study/NCT02565836,vitamin K antagonist lexical false positive,none,context_only_not_a_screening_decision
RET-A1-CTGOV-NCT01520402,REC-CTGOV-NCT01520402,A1,NCT01520402,Genetic Response to Warfarin in Healthy Subjects,Quantitative Pharmacogenomics of the Anticoagulant Response to Warfarin in Healthy Subjects,COMPLETED,INTERVENTIONAL,NA,35,Healthy,DRUG:Warfarin,Icahn School of Medicine at Mount Sinai,2009-06,2011-05,true,https://clinicaltrials.gov/study/NCT01520402,vitamin K antagonist lexical false positive,none,context_only_not_a_screening_decision
RET-A1-CTGOV-NCT04437654,REC-CTGOV-NCT04437654,A1,NCT04437654,The Efficacy and Safety of Non-vItamiN K antaGonist oraL Anticoagulants for intermEdiate Stroke Risk in Patients With Atrial Fibrillation (SINGLE-AF),The Efficacy and Safety of Non-vItamiN K antaGonist oraL Anticoagulants for intermEdiate Stroke Risk in Patients With Atrial Fibrillation (SINGLE-AF),COMPLETED,INTERVENTIONAL,PHASE4,1803,Atrial Fibrillation Patients With Intermediate Stroke Risk,DRUG:Anticoagulation group(DOAC group),Yonsei University,2020-07-28,2025-08-21,false,https://clinicaltrials.gov/study/NCT04437654,vitamin K antagonist lexical false positive,none,context_only_not_a_screening_decision
RET-A1-CTGOV-NCT05022758,REC-CTGOV-NCT05022758,A1,NCT05022758,A Study to Learn Whether There Are Differences in the Kidney's Ability to Work Properly in Korean Patients With Non-valvular Atrial Fibrillation (Irregular and Often Rapid Heartbeat Not Caused by a Heart Valve Problem) Treated With Rivaroxaban as Compared to Those Treated With Warfarin,RENal Outcomes of Rivaroxaban Compared With Warfarin in Asian patienTs With nOn-valvular atRial Fibrillation: a Nationwide Population-based Study,COMPLETED,OBSERVATIONAL,,45000,Non-valvular Atrial Fibrillation (NVAF),"DRUG:Rivaroxaban (Xarelto, BAY59-7939)|DRUG:Warfarin",Bayer,2021-10-06,2022-10-24,false,https://clinicaltrials.gov/study/NCT05022758,vitamin K antagonist lexical false positive,none,context_only_not_a_screening_decision
RET-A1-CTGOV-NCT04718740,REC-CTGOV-NCT04718740,A1,NCT04718740,A Drug-drug Interaction Study Of Fluzoparib (SHR3162) on Patients With Recurrent Ovarian Cancer,"A Phase I, Multi-center Study to Determine the Effect of Fluzoparib on Pharmacokinetics of Caffeine, S-Warfarin, Omeprazole, Midazolam, Repaglinide and Bupropion in Patients With Recurrent Ovarian Cancer",COMPLETED,INTERVENTIONAL,PHASE1,33,Recurrent Ovarian Cancer,DRUG:fluzoparib,"Jiangsu HengRui Medicine Co., Ltd.",2021-06-25,2023-07-15,false,https://clinicaltrials.gov/study/NCT04718740,vitamin K antagonist lexical false positive,none,context_only_not_a_screening_decision
RET-A1-CTGOV-NCT00966290,REC-CTGOV-NCT00966290,A1,NCT00966290,Anticoagulant Clinics and Vitamin K Antagonists,"Anticoagulant Clinic-based Shared-care Versus Usual Cate Management of Vitamin K Antagonist Therapy : the Open, Randomized Multicenter Study",COMPLETED,INTERVENTIONAL,PHASE4,1006,Blood Coagulation Disorders,"DRUG:Anticoagulant (warfarin, acenocoumarol, fluindione)|DRUG:Anticoagulant (warfarin, acenocoumarol, fluindione)","University Hospital, Toulouse",2003-02,2006-12,false,https://clinicaltrials.gov/study/NCT00966290,vitamin K antagonist lexical false positive,none,context_only_not_a_screening_decision
RET-A1-CTGOV-NCT03359876,REC-CTGOV-NCT03359876,A1,NCT03359876,Clinical Outcomes Among Non-valvular Atrial Fibrillation Patients With Renal Dysfunction,Evaluation of Clinical Outcomes Among Non-valvular Atrial Fibrillation Patients With Renal Dysfunction Treated With Warfarin or Reduced Dose Rivaroxaban,COMPLETED,OBSERVATIONAL,,16000,Atrial Fibrillation,"DRUG:Rivaroxaban (Xarelto, BAY59-7939)|DRUG:Warfarin sodium",Bayer,2017-12-01,2019-03-29,false,https://clinicaltrials.gov/study/NCT03359876,vitamin K antagonist lexical false positive,none,context_only_not_a_screening_decision
RET-A1-CTGOV-NCT07185295,REC-CTGOV-NCT07185295,A1,NCT07185295,Short-term Interruption Versus Continuous Anticoagulation in Colorectal Polypectomy,"Short-term Interruption Versus Continuous Anticoagulation in Colorectal Polypectomy, a Randomized Multicenter Investigator-initiated Non-inferiority Clinical Trial",ACTIVE_NOT_RECRUITING,INTERVENTIONAL,PHASE4,481,Anticoagulated Patients,PROCEDURE:To maintain anticoagulant therapy during the polypectomy of colorectal lesions,Outcomes'10,2024-10-18,2026-12-30,false,https://clinicaltrials.gov/study/NCT07185295,vitamin K antagonist lexical false positive,none,context_only_not_a_screening_decision
RET-A1-CTGOV-NCT00970619,REC-CTGOV-NCT00970619,A1,NCT00970619,DUTCH CAVA-trial: CAtheter Versus Anticoagulation Alone for Acute Primary (Ilio)Femoral DVT.,Ultrasound Accelerated Catheter-directed Thrombolysis for Primary Iliofemoral Deep Vein Thrombosis (IFDVT) Compared to Non-invasive Conventional Anticoagulant Therapy Alone: a Dutch Randomized Controlled Multicenter Clinical Trial,COMPLETED,INTERVENTIONAL,PHASE3,184,Acute Thrombosis of Deep Veins of Proximal Lower Extremity,DEVICE:Ekos endowave system thrombolysis,Maastricht University Medical Center,2010-05,2018-11,false,https://clinicaltrials.gov/study/NCT00970619,vitamin K antagonist lexical false positive,none,context_only_not_a_screening_decision
RET-A1-CTGOV-NCT01400646,REC-CTGOV-NCT01400646,A1,NCT01400646,A Study to Explore the Pharmacodynamic Changes When Transitioning From Rivaroxaban to Warfarin in Healthy Volunteers,"An Open-Label, Non-Randomized, Sequential Two-Treatment Period Study to Explore the Pharmacodynamic Changes When Transitioning From Rivaroxaban to Warfarin",COMPLETED,INTERVENTIONAL,PHASE1,46,Healthy,DRUG:Rivaroxaban|DRUG:Warfarin|DRUG:Vitamin K|DRUG:Vitamin K|DRUG:Warfarin|DRUG:Warfarin|DRUG:Warfarin,"Janssen Research & Development, LLC",2011-10,2012-05,false,https://clinicaltrials.gov/study/NCT01400646,vitamin K antagonist lexical false positive,none,context_only_not_a_screening_decision
RET-A1-CTGOV-NCT00355290,REC-CTGOV-NCT00355290,A1,NCT00355290,Changes in Oral Vitamin K Intake for Optimization of Chronic Oral Anticoagulation: A Randomized Trial,Changes in Oral Vitamin K Intake for Optimization of Chronic Oral Anticoagulation: A Randomized Trial,COMPLETED,INTERVENTIONAL,NA,114,Blood Coagulation Disorders,BEHAVIORAL:Changes on Oral Vitamin K Intake,Hospital de Clinicas de Porto Alegre,2006-08,2007-12,false,https://clinicaltrials.gov/study/NCT00355290,vitamin K antagonist lexical false positive,none,context_only_not_a_screening_decision
RET-A1-CTGOV-NCT04002011,REC-CTGOV-NCT04002011,A1,NCT04002011,DOAC Versus VKA After Cardiac Surgery,Oral Anticoagulation After Cardiac Surgery in the Era of Direct Oral Anticoagulants: is Large Use of Vitamin K Antagonists Still Justified?,WITHDRAWN,INTERVENTIONAL,PHASE2,0,Anticoagulant-induced Bleeding,DRUG:Warfarin|DRUG:Dabigatran|DRUG:Rivaroxaban|DRUG:Apixaban|DRUG:Edoxaban,Laval University,2022-03-09,2023-03-09,false,https://clinicaltrials.gov/study/NCT04002011,vitamin K antagonist lexical false positive,none,context_only_not_a_screening_decision
RET-A1-CTGOV-NCT07496281,REC-CTGOV-NCT07496281,A1,NCT07496281,OPTIA-AF Trial: Rhythm-Guided Antithrombotic Strategy After AF Ablation,OPTIA-AF Trial: A Randomized Study of Rhythm-Guided Antithrombotic Strategy After Atrial Fibrillation Ablation in Patients With Prior Drug-Eluting Stent Implantation,NOT_YET_RECRUITING,INTERVENTIONAL,PHASE4,2,Atrial Fibrillation (AF)|Coronary Artery Disease|Drug-eluting Stent,DRUG:Oral anticoagulation|DRUG:Single antiplatelet therapy,Ewha Womans University Mokdong Hospital,2027-03-01,2035-03-01,false,https://clinicaltrials.gov/study/NCT07496281,vitamin K antagonist lexical false positive,none,context_only_not_a_screening_decision
RET-A1-CTGOV-NCT02256813,REC-CTGOV-NCT02256813,A1,NCT02256813,"Study to Evaluate the Effect of Multiple Doses of BIRT 2584 XX Tablets on the Pharmacokinetic Parameters of Warfarin, Omeprazole, Caffeine, and Dextromethorphan in Healthy Male Volunteers","A Study to Evaluate the Effect of Multiple Doses of 500 mg of BIRT 2584 XX Tablets on the Pharmacokinetic Parameters of Warfarin, Omeprazole, Caffeine, and Dextromethorphan Dosed Orally and Midazolam Dosed IV, in Healthy Male Volunteers",COMPLETED,INTERVENTIONAL,PHASE1,20,Healthy,DRUG:BIRT 2584 XX|DRUG:Warfarin sodium|DRUG:Omeprazole|DRUG:Dextromethorphan hydrobromide|DRUG:Caffeine|DRUG:Midazolam hydrochloride|DRUG:Vitamin K1,Boehringer Ingelheim,2005-09,,false,https://clinicaltrials.gov/study/NCT02256813,vitamin K antagonist lexical false positive,none,context_only_not_a_screening_decision
RET-A1-CTGOV-NCT03566303,REC-CTGOV-NCT03566303,A1,NCT03566303,Rivaroxaban vs Warfarin in Patients With Metallic Prosthesis,Rivaroxaban vs Warfarin in Patients With Metallic Prosthesis,TERMINATED,INTERVENTIONAL,PHASE2|PHASE3,50,Prostheses and Implants|Stroke|Valve Heart Disease|Anticoagulants and Bleeding Disorders,DRUG:Rivaroxaban 15 mg|DRUG:Warfarin,Hospital Geral Roberto Santos,2018-07-10,2020-04-26,false,https://clinicaltrials.gov/study/NCT03566303,vitamin K antagonist lexical false positive,none,context_only_not_a_screening_decision
RET-A1-CTGOV-NCT03129490,REC-CTGOV-NCT03129490,A1,NCT03129490,The Danish Non-vitamin K Antagonist Oral Anticoagulation Study in Patients With Atrial Fibrillation,"The Danish Non-vitamin K Antagonist Oral Anticoagulation Study. A Cluster Randomized Study Comparing Safety and Efficacy of Edoxaban, Apixaban, Rivaroxaban and Dabigatran for Oral Anticoagulation in Atrial Fibrillation (DANNOAC-AF).",ACTIVE_NOT_RECRUITING,INTERVENTIONAL,PHASE4,11000,Atrial Fibrillation|Atrial Flutter,DRUG:Dabigatran Etexilate Oral Capsule|DRUG:Rivaroxaban Oral Tablet|DRUG:Edoxaban Oral Tablet|DRUG:Apixaban Oral Tablet,Herlev and Gentofte Hospital,2023-04-01,2027-10-30,false,https://clinicaltrials.gov/study/NCT03129490,vitamin K antagonist lexical false positive,none,context_only_not_a_screening_decision
RET-A1-CTGOV-NCT02723981,REC-CTGOV-NCT02723981,A1,NCT02723981,COMBO-Stent in Patients on Chronic Anticoagulant Therapy (COSTA) COSTA-Bleed and COSTA-Outcome Trials,"Prospective, Multi-centre, Randomized, Parallel Comparison to Evaluate the Safety and Efficacy of the Abluminal Sirolimus Coated Bio-engineered Stent (COMBO Stent) in Association With Short-term Single Antiplatelet Therapy in Patients With Coronary Artery Disease With an Indication for Chronic Oral Anticoagulant Therapy as Compared to a Guidelines-based Strategy",WITHDRAWN,INTERVENTIONAL,PHASE4,0,Stable Angina|Unstable Angina|STEMI|NSTEMI|Coronary Disease,"DEVICE:COMBO-Stent|DRUG:Clopidogrel, Vitamin K Antagonist, Rivaroxaban, Dabigatran|DEVICE:Any drug eluting stent oder bare metal sent|DRUG:ASA, Clopidogrel, Vitamin K Antagonist, Rivaroxaban, Dabigatran",IHF GmbH - Institut für Herzinfarktforschung,2016-04,2018-12,false,https://clinicaltrials.gov/study/NCT02723981,vitamin K antagonist lexical false positive,none,context_only_not_a_screening_decision
RET-A1-CTGOV-NCT05609500,REC-CTGOV-NCT05609500,A1,NCT05609500,Warfarin Dosage Adjustment Model Analysis Study,Warfarin Dosage Adjustment for Outside Therapeutic Range: a Linear Regression Model Analysis,UNKNOWN,OBSERVATIONAL,,1200,Warfarin,BEHAVIORAL:Warfarin dosage adjustment model,Chinese University of Hong Kong,2022-09-06,2023-12-23,false,https://clinicaltrials.gov/study/NCT05609500,vitamin K antagonist lexical false positive,none,context_only_not_a_screening_decision
RET-A1-CTGOV-NCT02823093,REC-CTGOV-NCT02823093,A1,NCT02823093,Aortic Calcification and Vitamin K Antagonists,Aortic Calcification and Vitamin K Antagonists,COMPLETED,OBSERVATIONAL,,73,Vascular Calcification,,"Centre Hospitalier Universitaire, Amiens",2016-04-19,2021-03-18,false,https://clinicaltrials.gov/study/NCT02823093,vitamin K antagonist lexical false positive,none,context_only_not_a_screening_decision
RET-A1-CTGOV-NCT06823466,REC-CTGOV-NCT06823466,A1,NCT06823466,Advancing Knowledge in Ischemic Stroke Patients on Oral Anticoagulants,Advancing Knowledge in Ischemic Stroke Patients on Oral Anticoagulants - The ASPERA International Registry,RECRUITING,OBSERVATIONAL,,200,Ischemic Stroke|Oral Anticoagulation|Atrial Fibrillation (AF)|Outcome Assessment|Clinical Presentations,,University of L'Aquila,2025-02-12,2031-02-12,false,https://clinicaltrials.gov/study/NCT06823466,vitamin K antagonist lexical false positive,none,context_only_not_a_screening_decision
RET-A1-CTGOV-NCT04284839,REC-CTGOV-NCT04284839,A1,NCT04284839,The Direct Oral Anticoagulation Versus Vitamin K Antagonist After Cardiac Surgery Trial,The Direct Oral Anticoagulation Versus Vitamin K Antagonist After Cardiac Surgery Trial,RECRUITING,INTERVENTIONAL,PHASE3,3500,Bleeding Post Cardiac Surgery|Indication for Anticoagulation,DRUG:DOAC|DRUG:VKA,Population Health Research Institute,2021-07-18,2027-06,false,https://clinicaltrials.gov/study/NCT04284839,vitamin K antagonist lexical false positive,none,context_only_not_a_screening_decision
RET-A1-CTGOV-NCT04505475,REC-CTGOV-NCT04505475,A1,NCT04505475,Oral Surgery in Patients Taking Direct Oral Anticoagulants,Oral Surgery in Patients Taking Direct Oral Anticoagulants and Vitamin K Antagonists,COMPLETED,OBSERVATIONAL,,82,Anticoagulants and Bleeding Disorders|Surgery|Postoperative Hemorrhage|Dentoalveolar Haemorrhage,PROCEDURE:Oral surgical procedure followed by local hemostatic measures (insertion of gelatine sponge and wound suturing),University of Novi Sad,2015-05-25,2020-08-03,false,https://clinicaltrials.gov/study/NCT04505475,vitamin K antagonist lexical false positive,none,context_only_not_a_screening_decision
RET-A1-CTGOV-NCT03129555,REC-CTGOV-NCT03129555,A1,NCT03129555,The Danish Non-vitamin K Antagonist Oral Anticoagulation Study in Patients With Venous Thromboembolism (DANNOAC-VTE),"The Danish Non-vitamin K Antagonist Oral Anticoagulation Study. A Cluster Randomized Study Comparing Safety and Efficacy of Edoxaban, Apixaban, Rivaroxaban and Dabigatran for Oral Anticoagulation in Patients With Venous Thromboembolism.",ACTIVE_NOT_RECRUITING,INTERVENTIONAL,PHASE4,5000,Deep Vein Thrombosis|Pulmonary Embolism,DRUG:Dabigatran Etexilate Oral Capsule|DRUG:Rivaroxaban Oral Tablet|DRUG:Edoxaban Oral Tablet|DRUG:Apixaban Oral Tablet,Herlev and Gentofte Hospital,2023-04-01,2029-03-31,false,https://clinicaltrials.gov/study/NCT03129555,vitamin K antagonist lexical false positive,none,context_only_not_a_screening_decision
RET-A2-CTGOV-NCT01198275,REC-CTGOV-NCT01198275,A2,NCT01198275,n-3 Polyunsaturated Fatty Acids (PUFAs) in the Prevention of Atrial Fibrillation,N-3 Polyunsaturated Fatty Acids (n-3 PUFAs) in the Prevention of Atrial Fibrillation Recurrences After Electrical Cardioversion. A Prospective Randomized Study.,COMPLETED,INTERVENTIONAL,PHASE3,199,Atrial Fibrillation,DRUG:n-3 PUFAs|DRUG:Placebo|DRUG:RASS inhibitors and/or RAS blockers|DRUG:Amiodarone,Azienda Socio Sanitaria Territoriale degli Spedali Civili di Brescia,2006-01,2008-05,true,https://clinicaltrials.gov/study/NCT01198275,,none,context_only_not_a_screening_decision
RET-A2-CTGOV-NCT03017001,REC-CTGOV-NCT03017001,A2,NCT03017001,Preoperative Carbohydrate Load and Intraoperative w3-PUFA in CAGB Surgery,Preoperative Carbohydrate Load and Intraoperative Omega-3 Polyunsaturated Fatty Acids Positively Impacts in Nosocomial Morbidity After CAGB Surgery. A Double-blind Randomized Trial.,COMPLETED,INTERVENTIONAL,PHASE2|PHASE3,60,Atrial Fibrillation Rapid|Postoperative Complications,DIETARY_SUPPLEMENT:CHO (carbohydrate)|DRUG:intravenous w-3 PUFA|OTHER:CHO (carbohydrate) plus intravenous w3-PUFA,Federal University of Mato Grosso,2014-03,2016-10,false,https://clinicaltrials.gov/study/NCT03017001,,none,context_only_not_a_screening_decision
RET-A2-CTGOV-NCT00970489,REC-CTGOV-NCT00970489,A2,NCT00970489,Omega-3 Fatty Acids for Prevention of Post-Operative Atrial Fibrillation,(OPERA)Randomized Clinical Trial to Examine Whether Peri-operative Intake of n-3 Polyunsaturated Fatty Acids Will Reduce the Occurrence of Post-operative Atrial Fibrillation in Patients Undergoing Cardiac Surgery,COMPLETED,INTERVENTIONAL,PHASE3,1516,Atrial Fibrillation,DRUG:Omega -3 fatty acids|DRUG:Placebo,Brigham and Women's Hospital,2010-08,2012-06,true,https://clinicaltrials.gov/study/NCT00970489,,none,context_only_not_a_screening_decision
RET-A2-CTGOV-NCT00402363,REC-CTGOV-NCT00402363,A2,NCT00402363,"Evaluation of Efficacy and Safety of Lovaza (Omega-3-Acid Ethyl Esters) in Recurrent, Symptomatic Atrial Fibrillation","A Randomized, Double-Blind, Placebo-Controlled, Parallel-Group Trial to Assess the Efficacy and Safety of Lovaza for the Prevention of Recurrent, Symptomatic Atrial Fibrillation",COMPLETED,INTERVENTIONAL,PHASE3,663,"Fibrillation, Atrial",DRUG:omega-3-acid ethyl esters|DRUG:Placebo,GlaxoSmithKline,2006-11,2010-01,true,https://clinicaltrials.gov/study/NCT00402363,,none,context_only_not_a_screening_decision
RET-A2-CTGOV-NCT00791089,REC-CTGOV-NCT00791089,A2,NCT00791089,Effects of Fish Oil on Post Ablation Arrhythmias,Effect of Omega-3 Fatty Acids on Short and Long-Term Maintenance of Sinus Rhythm After Radiofrequency Catheter Ablation for Atrial Fibrillation,TERMINATED,INTERVENTIONAL,PHASE4,12,Atrial Fibrillation,DRUG:LOVAZA Omega 3-acid ethyl esters|DRUG:LOVAZA|OTHER:placebo,University of Michigan,2008-11,2011-10,true,https://clinicaltrials.gov/study/NCT00791089,,none,context_only_not_a_screening_decision
RET-A2-CTGOV-NCT00841451,REC-CTGOV-NCT00841451,A2,NCT00841451,Pulmonary Vein Isolation Outcomes With Fish Oils,Pulmonary Vein Isolation Outcomes With Eicosapentaenoic Acid (EPA)and Docosahexaenoic Acid (DHA),NO_LONGER_AVAILABLE,EXPANDED_ACCESS,,,Atrial Fibrillation,DRUG:Lovaza (Fish Oils),St. Luke's-Roosevelt Hospital Center,,,false,https://clinicaltrials.gov/study/NCT00841451,,none,context_only_not_a_screening_decision
RET-A2-CTGOV-NCT05961865,REC-CTGOV-NCT05961865,A2,NCT05961865,Change in Inflammatory State in Patients Undergoing Transcatheter Ablation of Atrial Fibrillation,Change in Inflammatory State in Patients Undergoing Transcatheter Ablation of Atrial Fibrillation,RECRUITING,OBSERVATIONAL,,180,Atrial Fibrillation|Marker of Inflammation|Inflammation|Arrhythmia,DIAGNOSTIC_TEST:Markers of inflammation and fibrosis,"Fondazione IRCCS Ca' Granda, Ospedale Maggiore Policlinico",2023-07-11,2027-08,false,https://clinicaltrials.gov/study/NCT05961865,,none,context_only_not_a_screening_decision
RET-A2-CTGOV-NCT00446966,REC-CTGOV-NCT00446966,A2,NCT00446966,Fish Oil for Reduction of Atrial Fibrillation After Cardiac Surgery,Fish Oil to Inhibit Supraventricular Arrhythmias After Cardiac Surgery: The Fish Trial,COMPLETED,INTERVENTIONAL,PHASE4,260,Atrial Fibrillation,DRUG:Omega Three Polyunsaturated fatty acids,Chirag Sandesara,2007-02,2010-01,true,https://clinicaltrials.gov/study/NCT00446966,,none,context_only_not_a_screening_decision
RET-A2-CTGOV-NCT06279793,REC-CTGOV-NCT06279793,A2,NCT06279793,Intravenous Fish Oil Based Lipid Emulsion to Enhance Recovery in High-Risk Cardiac Surgery Patients,"Intravenous Fish Oil Based Lipid Emulsion to Enhance Recovery in High-Risk Cardiac Surgery Patients: a Phase II Multicenter Trial - A Randomized, Placebo-controlled Trial -",RECRUITING,INTERVENTIONAL,PHASE2,550,Intensive Care Unit|Coronary Artery Bypass Grafting (CABG)|High Risk Patients|Cardiopulmonary Bypass|Elective Cardiac Surgery|Valvular Heart Surgery|Multiple Valve Surgeries|Combined Cardiac Procedures|Aortic Surgical Procedures|Adult Patients ≥ 18 Years|Combined Valve and CABG|Combined Cardiac and Aortic Surgical Procedures,DRUG:Fish Oil|DRUG:Intravenous 0.9% Sodium Chloride,GCP-Service International West GmbH,2024-02-15,2030-09,false,https://clinicaltrials.gov/study/NCT06279793,,none,context_only_not_a_screening_decision
RET-A2-CTGOV-NCT01175330,REC-CTGOV-NCT01175330,A2,NCT01175330,Omega 3 Fatty Acid Efficiency for Prevention of Atrial Fibrillation After Coronary Artery Bypass Grafting,Randomized Trial of Fish Oil Infusion to Prevent Atrial Fibrillation After Cardiac Surgery,TERMINATED,INTERVENTIONAL,PHASE3,39,Ischemic Heart Disease|Atrial Fibrillation,DRUG:Omega-3 fish oil emulsion (Omegaven)|DRUG:Intralipid,Meshalkin Research Institute of Pathology of Circulation,2010-08,2013-08,false,https://clinicaltrials.gov/study/NCT01175330,,none,context_only_not_a_screening_decision
RET-A2-CTGOV-NCT03078738,REC-CTGOV-NCT03078738,A2,NCT03078738,Safety and Pharmacokinetic Study of OMT-28 in Healthy Subjects,"A First-in-Human Randomized, Double-blind, Placebo-controlled, Fed-fasted, Gender, Single and Multiple Ascending Oral Dose Study, to Assess the Safety, Tolerability, Pharmacokinetics and Pharmacodynamics of OMT-28 in Healthy Subjects",COMPLETED,INTERVENTIONAL,PHASE1,75,Healthy Volunteers,DRUG:OMT-28|OTHER:Matching Placebo,Omeicos Therapeutics GmbH,2017-02-08,2018-03-12,false,https://clinicaltrials.gov/study/NCT03078738,,none,context_only_not_a_screening_decision
RET-A2-CTGOV-NCT00232245,REC-CTGOV-NCT00232245,A2,NCT00232245,Use of Fish Oils to Reduce the Frequency and Duration of Episodes of Atrial Fibrillation in Patients With Paroxysmal Atrial Fibrillation.,,COMPLETED,INTERVENTIONAL,PHASE4,80,Atrial Fibrillation,DRUG:Fish oil,Melbourne Health,2003-12,2013-01,false,https://clinicaltrials.gov/study/NCT00232245,,none,context_only_not_a_screening_decision
RET-A2-CTGOV-NCT01841944,REC-CTGOV-NCT01841944,A2,NCT01841944,Omega-3 Fatty Acids in Elderly Patients With Acute Myocardial Infarction,Giving Omega-3 Fatty Acids to Elderly Patients Diagnosed With Acute Myocardial Infarction to Investigate the Effect on Cardiovascular Morbidity and Mortality,COMPLETED,INTERVENTIONAL,NA,1027,Myocardial Infarction|Heart Failure|Myocardial Revascularization|Atrial Fibrillation,DRUG:Pikasol|OTHER:Corn oil,Oslo University Hospital,2012-11,2020-06-26,false,https://clinicaltrials.gov/study/NCT01841944,,none,context_only_not_a_screening_decision
RET-A2-CTGOV-NCT00692718,REC-CTGOV-NCT00692718,A2,NCT00692718,N-3 Fatty Acids for the Prevention of Atrial Fibrillation in Patients With Acute Heart Failure,N-3 Fatty Acids for the Prevention of Atrial Fibrillation in Patients With Acute Heart Failure,UNKNOWN,INTERVENTIONAL,PHASE4,160,Acute Heart Failure|Acute Myocardial Infarction,"DRUG:Epadel, Eicosapentaenoic acid",Osaka General Medical Center,2008-07,,false,https://clinicaltrials.gov/study/NCT00692718,,none,context_only_not_a_screening_decision
RET-A2-CTGOV-NCT01259284,REC-CTGOV-NCT01259284,A2,NCT01259284,Fish Oil Versus Statins Versus Placebos in Reducing Atrial Fibrillation in Patients Undergoing Thoracic Surgery for Lung Cancer,"A Double Blinded, Randomized Study Comparing the Effectiveness of Fish Oil Supplements, Oral Statins, and Placebo in Reducing the Incidence of Atrial Fibrillation Following a Lung Resection in Patients With Lung Cancer",TERMINATED,INTERVENTIONAL,PHASE2|PHASE3,2,Advanced Cancers,DRUG:Atorvastatin|DIETARY_SUPPLEMENT:Fish Oil Supplement|OTHER:Placebo,M.D. Anderson Cancer Center,2011-01,2011-09,true,https://clinicaltrials.gov/study/NCT01259284,,none,context_only_not_a_screening_decision
RET-A2-CTGOV-NCT01235130,REC-CTGOV-NCT01235130,A2,NCT01235130,Multi_center Study to Evaluate the Effect of N-3 Fatty Acids (OMEGA-3) on Arrhythmia Recurrence in Atrial Fibrillation,"Phase 3 A Randomized, Double-blind, Placebo-controlled, Multi-center Study to Evaluate the Effect of Long-chain N-3 Polyunsaturated Fatty Acids (OMEGA-3) on Arrhythmia Recurrence in Atrial Fibrillation",COMPLETED,INTERVENTIONAL,PHASE3,337,Atrial Fibrillation,DRUG:OMEGA-3|DRUG:Placebo soybean oil,Montreal Heart Institute,2009-03,2013-05,false,https://clinicaltrials.gov/study/NCT01235130,,none,context_only_not_a_screening_decision
RET-A2-CTGOV-NCT00597220,REC-CTGOV-NCT00597220,A2,NCT00597220,Randomized Trial to Assess Efficacy of PUFA for the Maintenance of Sinus Rhythm in Persistent Atrial Fibrillation,"Randomized, Prospective, Placebo-controlled, Multi-center Study to Test the Efficacy of n-3 PUFA for the Maintenance of Normal Sinus Rhythm in Patients With Persistent Atrial Fibrillation",UNKNOWN,INTERVENTIONAL,PHASE3,1600,Atrial Fibrillation,DIETARY_SUPPLEMENT:Omega 3 (n-3 PUFA)|DRUG:Placebo,Fundacion GESICA,2008-01,2011-08,false,https://clinicaltrials.gov/study/NCT00597220,,none,context_only_not_a_screening_decision
RET-A2-CTGOV-NCT00232232,REC-CTGOV-NCT00232232,A2,NCT00232232,Use of Fish Oils to Prevent Atrial Mechanical Stunning and Atrial Remodeling Due to Atrial Arrhythmia,,COMPLETED,INTERVENTIONAL,PHASE4,100,Atrial Fibrillation|Atrial Flutter,DRUG:Fish oil,Melbourne Health,2003-09,2013-11,false,https://clinicaltrials.gov/study/NCT00232232,,none,context_only_not_a_screening_decision
RET-A2-CTGOV-NCT00410020,REC-CTGOV-NCT00410020,A2,NCT00410020,Arrhythmia Prevention With an Alpha-Linolenic Enriched Diet,Secondary Prevention of Atrial Fibrillation With an Alpha-Linolenic Enriched Diet : a Randomized Study,COMPLETED,INTERVENTIONAL,PHASE2,130,Atrial Fibrillation|Diet Therapy,BEHAVIORAL:Alpha-linolenic enriched diet,Assistance Publique - Hôpitaux de Paris,1999-06,2003-06,false,https://clinicaltrials.gov/study/NCT00410020,,none,context_only_not_a_screening_decision
RET-A2-CTGOV-NCT02178410,REC-CTGOV-NCT02178410,A2,NCT02178410,VITAL Rhythm Study,Vitamin D and Omega-3 Trial (VITAL Rhythm Study),ACTIVE_NOT_RECRUITING,INTERVENTIONAL,PHASE3,25119,Cardiovascular Disease,DIETARY_SUPPLEMENT:Vitamin D3|DRUG:Omega-3 fatty acids (fish oil)|DIETARY_SUPPLEMENT:Fish oil placebo|DIETARY_SUPPLEMENT:Vitamin D3 placebo,Brigham and Women's Hospital,2012-10,2026-10,false,https://clinicaltrials.gov/study/NCT02178410,,none,context_only_not_a_screening_decision
RET-A2-CTGOV-NCT00552084,REC-CTGOV-NCT00552084,A2,NCT00552084,Evaluating the Effectiveness of Fish Oil Supplements at Reducing the Recurrence of Atrial Fibrillation,Fish Oil for Atrial Fibrillation - Effect and Mechanisms,COMPLETED,INTERVENTIONAL,PHASE4,190,Atrial Fibrillation,DRUG:Fish oil|DRUG:Placebo,Vanderbilt University,2007-11,2014-04,true,https://clinicaltrials.gov/study/NCT00552084,,none,context_only_not_a_screening_decision
RET-A2-CTGOV-NCT00508248,REC-CTGOV-NCT00508248,A2,NCT00508248,Omega 3 Fatty Acids and Atrial Fibrillation,Use of Omega 3 Polyunsaturated Fatty Acids Supplements to Maintain Sinus Rhythm in Persistent Atrial Fibrillation,WITHDRAWN,INTERVENTIONAL,NA,0,Atrial Fibrillation,DIETARY_SUPPLEMENT:omega 3 fatty acids|DIETARY_SUPPLEMENT:placebo,University of Dundee,2005-01,2008-11,false,https://clinicaltrials.gov/study/NCT00508248,,none,context_only_not_a_screening_decision
RET-A2-CTGOV-NCT00232219,REC-CTGOV-NCT00232219,A2,NCT00232219,Use of Fish Oils to Reduce Recurrence of Atrial Fibrillation Following DC Cardioversion,Use of Fish Oils to Reduce Recurrence of Atrial Fibrillation Following DC Cardioversion.,COMPLETED,INTERVENTIONAL,PHASE4,200,Atrial Fibrillation,DRUG:Fish oil,Melbourne Health,2003-01,2013-11,false,https://clinicaltrials.gov/study/NCT00232219,,none,context_only_not_a_screening_decision
RET-B1-CTGOV-NCT05365477,REC-CTGOV-NCT05365477,B1,NCT05365477,Empiric Versus Selective Prevention Strategies for Kidney Stone Disease,Randomized Trial of Empiric Versus Selective Prevention Strategies for Kidney Stone Disease,COMPLETED,INTERVENTIONAL,PHASE4,56,Kidney Stones|Nephrolithiasis,BEHAVIORAL:Empiric Therapy: Diet|DRUG:Empiric Therapy: Drug|BEHAVIORAL:Selective Therapy: Diet|DRUG:Selective Therapy: Drug,Vanderbilt University Medical Center,2022-08-04,2026-03-31,false,https://clinicaltrials.gov/study/NCT05365477,,none,context_only_not_a_screening_decision
RET-B1-CTGOV-NCT00472823,REC-CTGOV-NCT00472823,B1,NCT00472823,Vitamin D Supplementation in Older Women,Determination of RDA for Vitamin D in Caucasian and African American Women,COMPLETED,INTERVENTIONAL,NA,273,Osteoporosis|Aging,DIETARY_SUPPLEMENT:Vitamin D3|DIETARY_SUPPLEMENT:Calcium Citrate (Citracal),Creighton University,2007-04,2011-08,false,https://clinicaltrials.gov/study/NCT00472823,,none,context_only_not_a_screening_decision
RET-B1-CTGOV-NCT04437225,REC-CTGOV-NCT04437225,B1,NCT04437225,Renal Metabolism of Glycolate to Oxalate,Renal Metabolism of Glycolate to Oxalate,ACTIVE_NOT_RECRUITING,INTERVENTIONAL,NA,15,Healthy,"DIETARY_SUPPLEMENT:Low oxalate controlled Diet|OTHER:Primed, continuous intravenous infusion of 13C2-Glycolate|OTHER:Bolus intravenous infusion of 13C2-Glycolate|OTHER:Oral bolus administration of 13C2-Glycolate",University of Alabama at Birmingham,2020-03-12,2027-09-01,false,https://clinicaltrials.gov/study/NCT04437225,,none,context_only_not_a_screening_decision
RET-B1-CTGOV-NCT07465367,REC-CTGOV-NCT07465367,B1,NCT07465367,Methionine for CaPhos Stone,Assessment of L-methionine Supplementation on Urinary pH in Calcium Phosphate Stone Formers,NOT_YET_RECRUITING,INTERVENTIONAL,NA,15,Calcium Phosphate Kidney Stones,DIETARY_SUPPLEMENT:L-Methionine,Ryan L Steinberg,2026-04-01,2027-04,false,https://clinicaltrials.gov/study/NCT07465367,,none,context_only_not_a_screening_decision
RET-B1-CTGOV-NCT00120731,REC-CTGOV-NCT00120731,B1,NCT00120731,Effects of Potassium Citrate in Urine of Children With Elevated Calcium in Urine and Kidney Stones,Urinary Chemistry and Acid-Base Effects of Potassium Citrate in Children With Idiopathic Hypercalciuria and Urolithiasis,WITHDRAWN,INTERVENTIONAL,NA,0,Kidney Calculi,DRUG:Potassium Citrate|DRUG:Acetazolamide|BEHAVIORAL:Diet low in oxalate and purines,Children's Mercy Hospital Kansas City,2005-07,2007-05,false,https://clinicaltrials.gov/study/NCT00120731,,none,context_only_not_a_screening_decision
RET-B1-CTGOV-NCT01735461,REC-CTGOV-NCT01735461,B1,NCT01735461,Calcium Supplements Strategy for Kidney Stones Prevention in Crohn's Patients,"Oral Calcium Supplementation, a Strategy to Reduce Kidney Stones in Crohn's Patients Living With a Small Bowel Resection",UNKNOWN,INTERVENTIONAL,NA,40,Kidney Calculi|Crohn's Disease,DIETARY_SUPPLEMENT:Calcium Carbonate,University of British Columbia,2012-12,2023-12,false,https://clinicaltrials.gov/study/NCT01735461,,none,context_only_not_a_screening_decision
RET-B1-CTGOV-NCT05525130,REC-CTGOV-NCT05525130,B1,NCT05525130,Study of the Administration of a Food Supplement in Patients With Lithiasis Treated With Extracorporeal Shock Wave Lithotripsy.,Experimental Study of the Administration of a Food Supplement Containing Hydroxycitric Acid Versus Placebo in Patients With Oxalate and Calcium Phosphate Lithiasis in Whom Extracorporeal Shock Wave Lithotripsy is Indicated.,COMPLETED,INTERVENTIONAL,NA,81,Lithiasis|Nephrolithiasis,DIETARY_SUPPLEMENT:Food supplement|DIETARY_SUPPLEMENT:Placebo,"Arafarma Group, S.A.",2020-04-22,2022-10-05,false,https://clinicaltrials.gov/study/NCT05525130,,none,context_only_not_a_screening_decision
RET-B1-CTGOV-NCT04080973,REC-CTGOV-NCT04080973,B1,NCT04080973,Metabolic Workup in Patients Suffering From Kidney Stone Disease and Osteopenia,Metabolic Workup in Patients Suffering From Kidney Stone Disease and Show Osteopenic Bone Changes on Non-contrast CT Scan,UNKNOWN,INTERVENTIONAL,NA,150,Urolithiasis|Renal Colic|Osteopenia,DIAGNOSTIC_TEST:CT scan|DIAGNOSTIC_TEST:24 hour urine collection,Ziv Hospital,2019-10,2020-10,false,https://clinicaltrials.gov/study/NCT04080973,,none,context_only_not_a_screening_decision
RET-B1-CTGOV-NCT03924596,REC-CTGOV-NCT03924596,B1,NCT03924596,Treatment of Renal Stones With Frankincense (Luban),Treatment of Renal Stones With Frankincense (Boswellic Acid): A Clinical Randomized Trial,UNKNOWN,INTERVENTIONAL,PHASE1|PHASE2,100,Renal Stones,DRUG:AKBA-Incense (3-acetyl-11-keto-ß-boswellic acid)|DRUG:Potassium Sodium Hydrogen Citrate,Sultan Qaboos University,2019-09,2021-02,false,https://clinicaltrials.gov/study/NCT03924596,,none,context_only_not_a_screening_decision
RET-B1-CTGOV-NCT05680818,REC-CTGOV-NCT05680818,B1,NCT05680818,Efficacy and Safety of Encaleret Compared to Standard of Care in Participants With ADH1,"CALIBRATE: A Phase 3, Randomized, Open-Label Study Evaluating the Efficacy and Safety of Encaleret Compared to Standard of Care in Participants With Autosomal Dominant Hypocalcemia Type 1 (ADH1)",ACTIVE_NOT_RECRUITING,INTERVENTIONAL,PHASE3,67,Autosomal Dominant Hypocalcemia (ADH),DRUG:Encaleret|DIETARY_SUPPLEMENT:Standard of Care,"Calcilytix Therapeutics, Inc., a BridgeBio company",2023-01-06,2029-08,false,https://clinicaltrials.gov/study/NCT05680818,,none,context_only_not_a_screening_decision
RET-B1-CTGOV-NCT04051346,REC-CTGOV-NCT04051346,B1,NCT04051346,Dietary Oxalate and Innate Immunity in Kidney Stone Disease,Dietary Oxalate and Innate Immunity in Kidney Stone Disease,COMPLETED,INTERVENTIONAL,NA,14,Kidney Stone,DIETARY_SUPPLEMENT:Low Oxalate Diet|DIETARY_SUPPLEMENT:High Oxalate Diet,University of Alabama at Birmingham,2021-03-05,2025-05-01,true,https://clinicaltrials.gov/study/NCT04051346,,none,context_only_not_a_screening_decision
RET-B1-CTGOV-NCT07408076,REC-CTGOV-NCT07408076,B1,NCT07408076,Sodium Bicarbonate as an Alternative to Potassium Citrate for Kidney Stones,Sodium Bicarbonate as an Alternative to Potassium Citrate for Kidney Stones,NOT_YET_RECRUITING,INTERVENTIONAL,PHASE1|PHASE2,30,"Kidney Stones, Urolithiasis, Hypocitraturia|Nephrolithiasis",DRUG:Potassium Citrate|DRUG:Sodium Bicarbonate,"University of California, Los Angeles",2026-02-01,2028-02-01,false,https://clinicaltrials.gov/study/NCT07408076,,none,context_only_not_a_screening_decision
RET-B1-CTGOV-NCT01330940,REC-CTGOV-NCT01330940,B1,NCT01330940,Effect of Diet Orange Soda on Urinary Lithogenicity,Effect of Diet Orange Soda on Urinary Lithogenicity,COMPLETED,INTERVENTIONAL,NA,12,Kidney Stones|Nephrolithiasis|Urolithiasis,DIETARY_SUPPLEMENT:Orange soda,VA New York Harbor Healthcare System,2009-11,2010-07,false,https://clinicaltrials.gov/study/NCT01330940,,none,context_only_not_a_screening_decision
RET-B1-CTGOV-NCT06003348,REC-CTGOV-NCT06003348,B1,NCT06003348,Hydroxycitrate: A Novel Therapy for Calcium Phosphate Urinary Stones,Hydroxycitrate: A Novel Therapy for Calcium Phosphate Urinary Stones,RECRUITING,INTERVENTIONAL,PHASE4,25,Calcium Phosphate Kidney Stones,DIETARY_SUPPLEMENT:OHCit- standard dose|DRUG:Potassium Citrate|DRUG:Placebo|DIETARY_SUPPLEMENT:OHCit- low dose,University of Texas Southwestern Medical Center,2023-12-13,2028-08-31,false,https://clinicaltrials.gov/study/NCT06003348,,none,context_only_not_a_screening_decision
RET-B1-CTGOV-NCT06330246,REC-CTGOV-NCT06330246,B1,NCT06330246,O. Formigenes Colonization in Calcium Oxalate Kidney Stone Disease,Oxalobacter Formigenes Colonization in Calcium Oxalate Kidney Stone Formers,RECRUITING,INTERVENTIONAL,NA,40,"Kidney Stone|Kidney Calculi|Urolithiasis|Urolithiasis, Calcium Oxalate|Nephrolithiasis|Nephrolithiasis, Calcium Oxalate|Oxalate Urolithiasis|Oxaluria",DIETARY_SUPPLEMENT:Low oxalate fixed diets pre-colonization|DIETARY_SUPPLEMENT:Moderately high oxalate fixed diets pre-colonization|DIETARY_SUPPLEMENT:Colonization with Oxalobacter formigenes|DIETARY_SUPPLEMENT:Low oxalate fixed diets post-colonization|DIETARY_SUPPLEMENT:Moderately high oxalate fixed diets post-colonization,University of Alabama at Birmingham,2024-04-17,2031-12-31,false,https://clinicaltrials.gov/study/NCT06330246,,none,context_only_not_a_screening_decision
RET-B1-CTGOV-NCT05417568,REC-CTGOV-NCT05417568,B1,NCT05417568,Oxalate-Driven Host Responses in Kidney Stone Disease,Oxalate-Driven Host Responses in Kidney Stone Disease,RECRUITING,INTERVENTIONAL,NA,88,Kidney Stones,DIETARY_SUPPLEMENT:Low Oxalate Diet|DIETARY_SUPPLEMENT:High Oxalate Diet,University of Alabama at Birmingham,2023-05-19,2027-05-30,false,https://clinicaltrials.gov/study/NCT05417568,,none,context_only_not_a_screening_decision
RET-B1-CTGOV-NCT01329042,REC-CTGOV-NCT01329042,B1,NCT01329042,Efficacy of Potassium Sodium Hydrogen Citrate Therapy on Renal Stone Recurrence and/or Residual Fragments After Shockwave Lithotripsy and Percutaneous Nephrolithotomy in Calcium Oxalate Urolithiasis,,COMPLETED,INTERVENTIONAL,PHASE4,80,Kidney Calculi,DRUG:Potassium-sodium citrate,"Ouiheng International Healthcare Co., Ltd",2005-05,2008-02,false,https://clinicaltrials.gov/study/NCT01329042,,none,context_only_not_a_screening_decision
RET-B1-CTGOV-NCT03348228,REC-CTGOV-NCT03348228,B1,NCT03348228,Effect of Hydroxycitrate on Urine Chemistry,Effect of Hydroxycitrate on Urine Chemistry,COMPLETED,INTERVENTIONAL,NA,18,Nephrolithiasis,DIETARY_SUPPLEMENT:Hydroxycitrate (HCA),NYU Langone Health,2018-10-04,2020-12-15,false,https://clinicaltrials.gov/study/NCT03348228,,none,context_only_not_a_screening_decision
RET-B1-CTGOV-NCT05229952,REC-CTGOV-NCT05229952,B1,NCT05229952,Assessment of Endogenous Oxalate Synthesis,Assessment of Endogenous Oxalate Synthesis,COMPLETED,INTERVENTIONAL,NA,23,Healthy|Kidney Stone|Obesity,"DIETARY_SUPPLEMENT:Low-oxalate controlled diet|OTHER:Primed, continuous intravenous infusion of 13C2-oxalate",University of Alabama at Birmingham,2022-02-10,2024-09-09,true,https://clinicaltrials.gov/study/NCT05229952,,none,context_only_not_a_screening_decision
RET-B1-CTGOV-NCT01980004,REC-CTGOV-NCT01980004,B1,NCT01980004,Potassium Citrate Supplementation vs. Dietary Counseling,Does Potassium Citrate Supplementation Reduce Stone Recurrence in Calcium Phosphate Stone Formers With Risk Factors?,WITHDRAWN,INTERVENTIONAL,PHASE2,0,Kidney Stone,DIETARY_SUPPLEMENT:Potassium Citrate Supplementation|OTHER:Dietary Education,"University of North Carolina, Chapel Hill",2013-11,2015-08,false,https://clinicaltrials.gov/study/NCT01980004,,none,context_only_not_a_screening_decision
RET-B1-CTGOV-NCT01217372,REC-CTGOV-NCT01217372,B1,NCT01217372,Nephrolithiasis Prevention by Lemon Juice,"A Prospective, Randomized, Open Blind Endpoint (Probe) Trial to Assess the Possibility to Prevent Stone Recurrence by Lemon Juice Supplementation in Patients With Recurrent Calcium Oxalate Nephrolithiasis (LIMONE Study)",COMPLETED,INTERVENTIONAL,PHASE2,203,Nephrolithiasis,DIETARY_SUPPLEMENT:Lemon supplementation,Mario Negri Institute for Pharmacological Research,2009-01,2021-02-16,false,https://clinicaltrials.gov/study/NCT01217372,,none,context_only_not_a_screening_decision
RET-B1-CTGOV-NCT03704350,REC-CTGOV-NCT03704350,B1,NCT03704350,Influence of Obesity on Endogenous Oxalate Synthesis,Influence of Obesity on Endogenous Oxalate Synthesis,ACTIVE_NOT_RECRUITING,INTERVENTIONAL,NA,40,Kidney Stone,DIETARY_SUPPLEMENT:controlled diet,University of Alabama at Birmingham,2019-05-24,2026-12-01,false,https://clinicaltrials.gov/study/NCT03704350,,none,context_only_not_a_screening_decision
RET-B1-CTGOV-NCT01754779,REC-CTGOV-NCT01754779,B1,NCT01754779,Treatment for Calcium Phosphate Kidney Stone Disease,Pharmacological Therapy for Calcium Phosphate Urolithiasis,COMPLETED,INTERVENTIONAL,PHASE2,13,Calcium Phosphate Kidney Stones,DIETARY_SUPPLEMENT:Placebo|DIETARY_SUPPLEMENT:Citric Acid|DIETARY_SUPPLEMENT:Potassium Citrate,University of Texas Southwestern Medical Center,2012-07,2023-02-16,true,https://clinicaltrials.gov/study/NCT01754779,,none,context_only_not_a_screening_decision
RET-B2-CTGOV-NCT05365477,REC-CTGOV-NCT05365477,B2,NCT05365477,Empiric Versus Selective Prevention Strategies for Kidney Stone Disease,Randomized Trial of Empiric Versus Selective Prevention Strategies for Kidney Stone Disease,COMPLETED,INTERVENTIONAL,PHASE4,56,Kidney Stones|Nephrolithiasis,BEHAVIORAL:Empiric Therapy: Diet|DRUG:Empiric Therapy: Drug|BEHAVIORAL:Selective Therapy: Diet|DRUG:Selective Therapy: Drug,Vanderbilt University Medical Center,2022-08-04,2026-03-31,false,https://clinicaltrials.gov/study/NCT05365477,,none,context_only_not_a_screening_decision
RET-B2-CTGOV-NCT03365687,REC-CTGOV-NCT03365687,B2,NCT03365687,Vitamin D In the Prevention of Viral-induced Asthma in Preschoolers,Vitamin D In the Prevention of Viral-induced Asthma in Preschoolers: a Randomized Controlled Multicenter Trial (DIVA),COMPLETED,INTERVENTIONAL,PHASE3,323,Asthma|Asthma Exacerbations|Preschool Child|Vitamin D|Upper Respiratory Infection|Randomized Controlled Study|Symptoms|Bronchodilator Agents,DIETARY_SUPPLEMENT:Vitamin D|DIETARY_SUPPLEMENT:Placebo,Professor Francine Ducharme,2018-10-01,2024-12-31,false,https://clinicaltrials.gov/study/NCT03365687,,none,context_only_not_a_screening_decision
RET-B2-CTGOV-NCT00472823,REC-CTGOV-NCT00472823,B2,NCT00472823,Vitamin D Supplementation in Older Women,Determination of RDA for Vitamin D in Caucasian and African American Women,COMPLETED,INTERVENTIONAL,NA,273,Osteoporosis|Aging,DIETARY_SUPPLEMENT:Vitamin D3|DIETARY_SUPPLEMENT:Calcium Citrate (Citracal),Creighton University,2007-04,2011-08,false,https://clinicaltrials.gov/study/NCT00472823,,none,context_only_not_a_screening_decision
RET-B2-CTGOV-NCT05680818,REC-CTGOV-NCT05680818,B2,NCT05680818,Efficacy and Safety of Encaleret Compared to Standard of Care in Participants With ADH1,"CALIBRATE: A Phase 3, Randomized, Open-Label Study Evaluating the Efficacy and Safety of Encaleret Compared to Standard of Care in Participants With Autosomal Dominant Hypocalcemia Type 1 (ADH1)",ACTIVE_NOT_RECRUITING,INTERVENTIONAL,PHASE3,67,Autosomal Dominant Hypocalcemia (ADH),DRUG:Encaleret|DIETARY_SUPPLEMENT:Standard of Care,"Calcilytix Therapeutics, Inc., a BridgeBio company",2023-01-06,2029-08,false,https://clinicaltrials.gov/study/NCT05680818,,none,context_only_not_a_screening_decision
RET-B2-CTGOV-NCT02752841,REC-CTGOV-NCT02752841,B2,NCT02752841,The Effect of Vitamin D Repletion on Kidney Stone Risk,The Effect of Vitamin D Repletion on Urinary Calcium Excretion in Kidney Stone Formers With Vitamin D Deficiency and High Urinary Calcium,TERMINATED,INTERVENTIONAL,NA,20,Calculi,DIETARY_SUPPLEMENT:Nutritional vitamin D repletion and maintenance,Brown University,2016-05-01,2019-05-31,false,https://clinicaltrials.gov/study/NCT02752841,,none,context_only_not_a_screening_decision
RET-B2-CTGOV-NCT01295879,REC-CTGOV-NCT01295879,B2,NCT01295879,Vitamin D Repletion in Stone Formers With Hypercalciuria,Effect of Ergocalciferol Repletion on Urine Calcium Among Stone Formers With Vitamin D Deficiency and Hypercalciuria,COMPLETED,INTERVENTIONAL,PHASE4,30,Nephrolithiasis|Urolithiasis|Idiopathic Hypercalciuria|Vitamin D Deficiency|Disorder of Vitamin D,DRUG:Ergocalciferol,New York Presbyterian Hospital,2010-09,2011-06,true,https://clinicaltrials.gov/study/NCT01295879,,none,context_only_not_a_screening_decision
RET-B2-CTGOV-NCT00416052,REC-CTGOV-NCT00416052,B2,NCT00416052,Relation Between Bone Density and the Regulation of Mineral Metabolism in Renal Stone Formers,Relation Between Bone Mineral Density and the Regulation of Mineral Metabolism in Renal Stone Formers,COMPLETED,OBSERVATIONAL,,90,Calcium Nephrolithiasis,,"Insel Gruppe AG, University Hospital Bern",2004-03,2006-06,false,https://clinicaltrials.gov/study/NCT00416052,,none,context_only_not_a_screening_decision
RET-B2-CTGOV-NCT00581828,REC-CTGOV-NCT00581828,B2,NCT00581828,Does Treatment of Hypovitaminosis D Increase Calcium Absorption?,Does Treatment of Hypovitaminosis D Increase Calcium Absorption?,COMPLETED,INTERVENTIONAL,PHASE4,19,Osteoporosis|Osteopenia|Vitamin D Deficiency|Hypoparathyroidism|Hypercalciuria|Hypercalcemia,DRUG:Vitamin D,"University of Wisconsin, Madison",2005-01,2008-12,true,https://clinicaltrials.gov/study/NCT00581828,,none,context_only_not_a_screening_decision
RET-B2-CTGOV-NCT02975492,REC-CTGOV-NCT02975492,B2,NCT02975492,Assessing the Impact of a Mode of Vitamin D Supplementation (Sequential Dose vs Daily Dose) on the Incidence of Hypercalciuria in Subjets Aged From 2 to 18 Years,Evaluation de l'Impact d'un Mode de supplémentation en Vitamine D (Dose séquentielle vs Dose Quotidienne) Sur l'Incidence de l'Hypercalciurie Chez Des Sujets Des départements du Gard et de l'Hérault agés de 2 à 18 Ans. Etude contrôlée randomisée en 2 Groupes parallèles,UNKNOWN,INTERVENTIONAL,NA,280,Transient Hypercalciuria,DRUG:Cholecalciferol sequential dose|DRUG:Cholecalciferol daily dose,"University Hospital, Montpellier",2017-12-14,2024-12,false,https://clinicaltrials.gov/study/NCT02975492,,none,context_only_not_a_screening_decision
RET-B2-CTGOV-NCT02824718,REC-CTGOV-NCT02824718,B2,NCT02824718,Recombinant Human rhPTH(1-34) VS Association Alfacalcidol/Hydrochlorothiazide in Severe Primary Hypoparathyroidism,A Randomized Crossover TrIal to Compare Recombinant Human rhPTH(1-34) to the ASsociation Alfacalcidol/Hydrochlorothiazide in the Treatment of Severe Primary Hypoparathyroidism,COMPLETED,INTERVENTIONAL,PHASE2,16,Autosomal Dominant Hypocalcemia OR Primary Hypoparathyroidism Related to Other Cause But Complicated by Hypercalciuria Under Treatment,DRUG:Teriparatide|DRUG:Thiazide|DRUG:Potassium sparing diuretic|DRUG:Alfacalcidol,Assistance Publique - Hôpitaux de Paris,2017-06-06,2020-05-28,false,https://clinicaltrials.gov/study/NCT02824718,,none,context_only_not_a_screening_decision
RET-B2-CTGOV-NCT03087149,REC-CTGOV-NCT03087149,B2,NCT03087149,Monitored vs Standard Supplementation of Vitamin D in Preterm Infants,Supplementation of Vitamin D in Preterm Infants- Monitored Therapy vs Standard Therapy. A Randomized Controlled Trial,COMPLETED,INTERVENTIONAL,NA,109,Vitamin D Deficiency|Osteopenia|Nephrolithiasis|Drug Overdose,DIETARY_SUPPLEMENT:monitored vit D supplementation|DIETARY_SUPPLEMENT:standard vit D supplementation,"Princess Anna Mazowiecka Hospital, Warsaw, Poland",2017-05-01,2020-03-31,false,https://clinicaltrials.gov/study/NCT03087149,,none,context_only_not_a_screening_decision
RET-B2-CTGOV-NCT00948740,REC-CTGOV-NCT00948740,B2,NCT00948740,The Effect of Vitamin D on Urinary Calcium Excretion in Kidney Stone Formers With High Urinary Calcium,Phase III Study of the Effect of Vitamin D Repletion on Urinary Calcium Excretion in Kidney Stone Formers With Vitamin D Deficiency and High Urinary Calcium,WITHDRAWN,INTERVENTIONAL,PHASE2|PHASE3,0,Vitamin D Deficiency|Nephrolithiasis,DRUG:vitamin D (ergocalciferol),Brigham and Women's Hospital,2009-08,2010-06,false,https://clinicaltrials.gov/study/NCT00948740,,none,context_only_not_a_screening_decision
RET-B2-CTGOV-NCT06199102,REC-CTGOV-NCT06199102,B2,NCT06199102,The High Initial Dose of Monitored Vitamin D Supplementation in Preterm Infants.,The High Initial Dose of Monitored Vitamin D Supplementation in Preterm Infants. A Randomized Controlled Study.,NOT_YET_RECRUITING,INTERVENTIONAL,NA,130,Vitamin D Deficiency|Osteopenia of Prematurity|Nephrolithiasis|Metabolic Bone Disease|Late-Onset Neonatal Sepsis,DIETARY_SUPPLEMENT:cholecalciferol/ Devikap|DIETARY_SUPPLEMENT:cholecalciferol/ Devikap,"Princess Anna Mazowiecka Hospital, Warsaw, Poland",2024-09-01,2027-12-31,false,https://clinicaltrials.gov/study/NCT06199102,,none,context_only_not_a_screening_decision
RET-B2-CTGOV-NCT01323608,REC-CTGOV-NCT01323608,B2,NCT01323608,The Effect of Vitamin D Supplementation on Calcium Excretion in Thalassemia: a Dose Response Study,The Effect of Vitamin D Supplementation on Calcium Excretion in Thalassemia: a Dose Response Study,UNKNOWN,INTERVENTIONAL,PHASE4,40,Thalassemia Major,DRUG:Vitamin D3|DRUG:Placebo,Weill Medical College of Cornell University,2011-06,2014-12,false,https://clinicaltrials.gov/study/NCT01323608,,none,context_only_not_a_screening_decision
RET-B3-CTGOV-NCT05124886,REC-CTGOV-NCT05124886,B3,NCT05124886,Gut Kidney Axis in Enteric Hyperoxaluria,Gut Kidney Axis in Enteric Hyperoxaluria: A Clinical Prospective Study of the Effects of the Microbiome on Urinary Oxalate in Participants With Enteric Hyperoxaluria Fed a Moderate Oxalate Diet,RECRUITING,INTERVENTIONAL,NA,80,Enteric Hyperoxaluria,OTHER:Moderately High Oxalate (MOx) Diet,NYU Langone Health,2022-11-10,2028-03-01,false,https://clinicaltrials.gov/study/NCT05124886,,none,context_only_not_a_screening_decision
RET-B3-CTGOV-NCT04603898,REC-CTGOV-NCT04603898,B3,NCT04603898,Oxalate Formation From Ascorbic Acid,Oxalate Formation From Ascorbic Acid,ACTIVE_NOT_RECRUITING,INTERVENTIONAL,NA,90,Kidney Stone,DIETARY_SUPPLEMENT:Low Oxalate Diet|DIETARY_SUPPLEMENT:Carbon-13 Ascorbic Acid Oral Load,University of Alabama at Birmingham,2021-11-15,2027-02-01,false,https://clinicaltrials.gov/study/NCT04603898,,none,context_only_not_a_screening_decision
RET-B3-CTGOV-NCT04437225,REC-CTGOV-NCT04437225,B3,NCT04437225,Renal Metabolism of Glycolate to Oxalate,Renal Metabolism of Glycolate to Oxalate,ACTIVE_NOT_RECRUITING,INTERVENTIONAL,NA,15,Healthy,"DIETARY_SUPPLEMENT:Low oxalate controlled Diet|OTHER:Primed, continuous intravenous infusion of 13C2-Glycolate|OTHER:Bolus intravenous infusion of 13C2-Glycolate|OTHER:Oral bolus administration of 13C2-Glycolate",University of Alabama at Birmingham,2020-03-12,2027-09-01,false,https://clinicaltrials.gov/study/NCT04437225,,none,context_only_not_a_screening_decision
RET-B3-CTGOV-NCT01675362,REC-CTGOV-NCT01675362,B3,NCT01675362,"Are There Protective Effects of Antioxidants, Calcium Channel Blocker and Angiotensin Receptor Blocker Against Extracorporeal Shockwaves Lithotripsy Induced Renal Injury?","A Randomized Controlled Trial for Evaluating Protective Effects of Antioxidants (Selenium and Vitamins A, C and E), Calcium Channel Blocker (Verapamil) and Angiotensin Receptor Blocker (Losartan) Against Extracorporeal Shockwaves Lithotripsy Induced Renal Injury",COMPLETED,INTERVENTIONAL,PHASE4,160,Kidney Calculi,DRUG:Antioxidant group|DRUG:Calcium Channel Blockers|DRUG:Angiotensin receptor blocker group|DRUG:Placebo,Mansoura University,2012-08,2014-10,false,https://clinicaltrials.gov/study/NCT01675362,,none,context_only_not_a_screening_decision
RET-B3-CTGOV-NCT05229952,REC-CTGOV-NCT05229952,B3,NCT05229952,Assessment of Endogenous Oxalate Synthesis,Assessment of Endogenous Oxalate Synthesis,COMPLETED,INTERVENTIONAL,NA,23,Healthy|Kidney Stone|Obesity,"DIETARY_SUPPLEMENT:Low-oxalate controlled diet|OTHER:Primed, continuous intravenous infusion of 13C2-oxalate",University of Alabama at Birmingham,2022-02-10,2024-09-09,true,https://clinicaltrials.gov/study/NCT05229952,,none,context_only_not_a_screening_decision
RET-B3-CTGOV-NCT06578754,REC-CTGOV-NCT06578754,B3,NCT06578754,"Validation Testing for Plasma Oxalate Levels in the Biochemical Laboratory at the Galilee Medical Center, in Collaboration With the Biochemistry Laboratory at CHARITE Hospital in Berlin, and Testing the Relationship Between Oxalate Levels and Vitamin C Levels in Plasma",Validation Test for Plasma Oxalate Level in a Biochemical Laboratory at the Galilee Medical Center,NOT_YET_RECRUITING,OBSERVATIONAL,,50,Hyperoxaluria,OTHER:This is an non-interventional study,Western Galilee Hospital-Nahariya,2026-08-01,2027-12-01,false,https://clinicaltrials.gov/study/NCT06578754,,none,context_only_not_a_screening_decision
RET-B3-CTGOV-NCT06989320,REC-CTGOV-NCT06989320,B3,NCT06989320,Endogenous Oxalate Synthesis in Idiopathic Calcium Oxalate Kidney Stone Disease,Endogenous Oxalate Synthesis in Idiopathic Calcium Oxalate Kidney Stone Formers,RECRUITING,INTERVENTIONAL,NA,80,"Kidney Stones|Kidney Calculi|Urolithiasis|Urolithiasis, Calcium Oxalate|Nephrolithiasis|Nephrolithiasis, Calcium Oxalate|Oxalate Urolithiasis|Healthy|Healthy Volunteer",DIETARY_SUPPLEMENT:Low-oxalate diet and glycolate dosing|DIETARY_SUPPLEMENT:Oral glycolate dosing|DIETARY_SUPPLEMENT:Oral 13C- ascorbic acid dosing,University of Alabama at Birmingham,2025-05-27,2031-12-31,false,https://clinicaltrials.gov/study/NCT06989320,,none,context_only_not_a_screening_decision
RET-B3-CTGOV-NCT03704350,REC-CTGOV-NCT03704350,B3,NCT03704350,Influence of Obesity on Endogenous Oxalate Synthesis,Influence of Obesity on Endogenous Oxalate Synthesis,ACTIVE_NOT_RECRUITING,INTERVENTIONAL,NA,40,Kidney Stone,DIETARY_SUPPLEMENT:controlled diet,University of Alabama at Birmingham,2019-05-24,2026-12-01,false,https://clinicaltrials.gov/study/NCT03704350,,none,context_only_not_a_screening_decision
