candidate_id,candidate_reasons,review_priority,record_id_a,pmid_a,doi_a,title_a,first_author_a,year_a,journal_a,raw_file_a,record_id_b,pmid_b,doi_b,title_b,first_author_b,year_b,journal_b,raw_file_b,same_doi,same_normalized_title,same_first_author,same_year,status
DUPC-000001,exact_normalized_title,manual_title_collision_review,REC-PUBMED-10094456,10094456,10.1007/s004310051067,Vitamin D intoxication.,v Mühlendahl KE,1999,European journal of pediatrics,research/searches/B2/pubmed/pubmed_b2_designpilot_20260710/efetch_017.xml,REC-PUBMED-22734293,22734293,,Vitamin D intoxication.,Ozkan B,2012,The Turkish journal of pediatrics,research/searches/B2/pubmed/pubmed_b2_designpilot_20260710/efetch_010.xml,false,true,false,false,context_only_no_decision
DUPC-000002,exact_normalized_title,manual_title_collision_review,REC-PUBMED-10352118,10352118,10.1046/j.1525-1373.1999.d01-60.x,Vitamin D and prostate cancer.,Blutt SE,1999,"Proceedings of the Society for Experimental Biology and Medicine. Society for Experimental Biology and Medicine (New York, N.Y.)",research/searches/B2/pubmed/pubmed_b2_designpilot_20260710/efetch_017.xml,REC-PUBMED-15044710,15044710,10.1177/153537020422900401,Vitamin D and prostate cancer.,Stewart LV,2004,"Experimental biology and medicine (Maywood, N.J.)",research/searches/B2/pubmed/pubmed_b2_designpilot_20260710/efetch_015.xml,false,true,false,false,context_only_no_decision
DUPC-000003,exact_normalized_title,manual_title_collision_review,REC-PUBMED-10491744,10491744,10.1097/00041552-199907000-00013,Genetic hypercalciuric stone-forming rats.,Bushinsky DA,1999,Current opinion in nephrology and hypertension,research/searches/B2/pubmed/pubmed_b2_designpilot_20260710/efetch_016.xml,REC-PUBMED-16775455,16775455,10.1097/01.mnh.0000232881.35469.a9,Genetic hypercalciuric stone-forming rats.,Bushinsky DA,2006,Current opinion in nephrology and hypertension,research/searches/B1/pubmed/pubmed_b1_designpilot_20260710/efetch_003.xml,false,true,true,false,context_only_no_decision
DUPC-000004,exact_normalized_title,manual_title_collision_review,REC-PUBMED-10491744,10491744,10.1097/00041552-199907000-00013,Genetic hypercalciuric stone-forming rats.,Bushinsky DA,1999,Current opinion in nephrology and hypertension,research/searches/B2/pubmed/pubmed_b2_designpilot_20260710/efetch_016.xml,REC-PUBMED-8890400,8890400,,Genetic hypercalciuric stone forming rats.,Bushinsky DA,1996,Seminars in nephrology,research/searches/B2/pubmed/pubmed_b2_designpilot_20260710/efetch_018.xml,false,true,true,false,context_only_no_decision
DUPC-000005,exact_normalized_title,manual_title_collision_review,REC-PUBMED-10629596,10629596,,Heparin-induced thrombocytopenia.,Fabris F,2000,Haematologica,research/searches/A1/pubmed/pubmed_a1_designpilot_20260710/efetch_012.xml,REC-PUBMED-25751293,25751293,10.5603/ait.2015.0006,Heparin-induced thrombocytopenia.,Krzych ŁJ,2015,Anaesthesiology intensive therapy,research/searches/A1/pubmed/pubmed_a1_designpilot_20260710/efetch_030.xml,false,true,false,false,context_only_no_decision
DUPC-000006,exact_normalized_title,manual_title_collision_review,REC-PUBMED-10741238,10741238,,[Anticoagulant treatment].,Nielsen JD,2000,Ugeskrift for laeger,research/searches/A1/pubmed/pubmed_a1_designpilot_20260710/efetch_012.xml,REC-PUBMED-14127371,14127371,,[ANTICOAGULANT TREATMENT].,WELTI JJ,1964,Les Cahiers du College de medecine des hopitaux de Paris,research/searches/A1/pubmed/pubmed_a1_designpilot_20260710/efetch_001.xml,false,true,false,false,context_only_no_decision
DUPC-000007,exact_normalized_title,manual_title_collision_review,REC-PUBMED-10908494,10908494,10.1002/14651858.cd001367,Duration of treatment with vitamin K antagonists in symptomatic venous thromboembolism.,Hutten BA,2000,The Cochrane database of systematic reviews,research/searches/A1/pubmed/pubmed_a1_designpilot_20260710/efetch_012.xml,REC-PUBMED-16437432,16437432,10.1002/14651858.cd001367.pub2,Duration of treatment with vitamin K antagonists in symptomatic venous thromboembolism.,Hutten BA,2006,The Cochrane database of systematic reviews,research/searches/A1/pubmed/pubmed_a1_designpilot_20260710/efetch_009.xml,false,true,true,false,context_only_no_decision
DUPC-000008,exact_normalized_title,manual_title_collision_review,REC-PUBMED-10908494,10908494,10.1002/14651858.cd001367,Duration of treatment with vitamin K antagonists in symptomatic venous thromboembolism.,Hutten BA,2000,The Cochrane database of systematic reviews,research/searches/A1/pubmed/pubmed_a1_designpilot_20260710/efetch_012.xml,REC-PUBMED-25092359,25092359,10.1002/14651858.cd001367.pub3,Duration of treatment with vitamin K antagonists in symptomatic venous thromboembolism.,Middeldorp S,2014,The Cochrane database of systematic reviews,research/searches/A1/pubmed/pubmed_a1_designpilot_20260710/efetch_032.xml,false,true,false,false,context_only_no_decision
DUPC-000009,exact_normalized_title,manual_title_collision_review,REC-PUBMED-10917896,10917896,10.1093/jn/130.8.1877,The vitamin K-dependent carboxylase.,Berkner KL,2000,The Journal of nutrition,research/searches/A1/pubmed/pubmed_a1_designpilot_20260710/efetch_012.xml,REC-PUBMED-16011462,16011462,10.1146/annurev.nutr.25.050304.092713,The vitamin K-dependent carboxylase.,Berkner KL,2005,Annual review of nutrition,research/searches/A1/pubmed/pubmed_a1_designpilot_20260710/efetch_010.xml,false,true,true,false,context_only_no_decision
DUPC-000010,exact_doi|exact_normalized_title,critical_exact_doi,REC-PUBMED-11034739,11034739,10.1002/14651858.cd002001,Vitamin K antagonists or low-molecular-weight heparin for the long term treatment of symptomatic venous thromboembolism.,van Der Heijden JF,2000,The Cochrane database of systematic reviews,research/searches/A1/pubmed/pubmed_a1_designpilot_20260710/efetch_012.xml,REC-PUBMED-11869618,11869618,10.1002/14651858.cd002001,Vitamin K antagonists or low-molecular-weight heparin for the long term treatment of symptomatic venous thromboembolism.,van der Heijden JF,2002,The Cochrane database of systematic reviews,research/searches/A1/pubmed/pubmed_a1_designpilot_20260710/efetch_012.xml,true,true,false,false,context_only_no_decision
DUPC-000011,exact_normalized_title,manual_title_collision_review,REC-PUBMED-11034739,11034739,10.1002/14651858.cd002001,Vitamin K antagonists or low-molecular-weight heparin for the long term treatment of symptomatic venous thromboembolism.,van Der Heijden JF,2000,The Cochrane database of systematic reviews,research/searches/A1/pubmed/pubmed_a1_designpilot_20260710/efetch_012.xml,REC-PUBMED-23076894,23076894,10.1002/14651858.cd002001.pub2,Vitamin K antagonists or low-molecular-weight heparin for the long term treatment of symptomatic venous thromboembolism.,Andras A,2012,The Cochrane database of systematic reviews,research/searches/A1/pubmed/pubmed_a1_designpilot_20260710/efetch_037.xml,false,true,false,false,context_only_no_decision
DUPC-000012,exact_normalized_title,manual_title_collision_review,REC-PUBMED-11117107,11117107,,[Primary hyperparathyroidism].,Hertig A,2000,Nephrologie,research/searches/B2/pubmed/pubmed_b2_designpilot_20260710/efetch_016.xml,REC-PUBMED-30060226,30060226,10.1210/jc.2018-01225,Primary Hyperparathyroidism.,Bilezikian JP,2018,The Journal of clinical endocrinology and metabolism,research/searches/B2/pubmed/pubmed_b2_designpilot_20260710/efetch_006.xml,false,true,false,false,context_only_no_decision
DUPC-000013,exact_normalized_title,manual_title_collision_review,REC-PUBMED-11117107,11117107,,[Primary hyperparathyroidism].,Hertig A,2000,Nephrologie,research/searches/B2/pubmed/pubmed_b2_designpilot_20260710/efetch_016.xml,REC-PUBMED-30449543,30449543,10.1016/j.beem.2018.09.004,Primary hyperparathyroidism.,Silva BC,2018,Best practice & research. Clinical endocrinology & metabolism,research/searches/B2/pubmed/pubmed_b2_designpilot_20260710/efetch_006.xml,false,true,false,false,context_only_no_decision
DUPC-000014,exact_normalized_title,manual_title_collision_review,REC-PUBMED-11117107,11117107,,[Primary hyperparathyroidism].,Hertig A,2000,Nephrologie,research/searches/B2/pubmed/pubmed_b2_designpilot_20260710/efetch_016.xml,REC-PUBMED-30477754,30477754,10.1016/j.beem.2018.09.013,Primary hyperparathyroidism.,Silva BC,2024,Best practice & research. Clinical endocrinology & metabolism,research/searches/B2/pubmed/pubmed_b2_designpilot_20260710/efetch_006.xml,false,true,false,false,context_only_no_decision
DUPC-000015,exact_normalized_title,manual_title_collision_review,REC-PUBMED-11195313,11195313,10.1016/s1297-319x(00)00207-4,Hypercalciuria.,Audran M,2000,Joint bone spine,research/searches/B2/pubmed/pubmed_b2_designpilot_20260710/efetch_016.xml,REC-PUBMED-13629034,13629034,,HYPERCALCIURIA.,,1959,British medical journal,research/searches/B1/pubmed/pubmed_b1_designpilot_20260710/efetch_007.xml,false,true,false,false,context_only_no_decision
DUPC-000016,exact_normalized_title,manual_title_collision_review,REC-PUBMED-11195313,11195313,10.1016/s1297-319x(00)00207-4,Hypercalciuria.,Audran M,2000,Joint bone spine,research/searches/B2/pubmed/pubmed_b2_designpilot_20260710/efetch_016.xml,REC-PUBMED-16357816,16357816,10.1016/s0003-4266(05)82114-6,[Hypercalciuria].,Périmenis P,2005,Annales d'endocrinologie,research/searches/B1/pubmed/pubmed_b1_designpilot_20260710/efetch_003.xml,false,true,false,false,context_only_no_decision
DUPC-000017,exact_normalized_title,manual_title_collision_review,REC-PUBMED-11195313,11195313,10.1016/s1297-319x(00)00207-4,Hypercalciuria.,Audran M,2000,Joint bone spine,research/searches/B2/pubmed/pubmed_b2_designpilot_20260710/efetch_016.xml,REC-PUBMED-342176,342176,10.1042/cs0520001,Hypercalciuria.,Nordin BE,1977,Clinical science and molecular medicine,research/searches/B1/pubmed/pubmed_b1_designpilot_20260710/efetch_006.xml,false,true,false,false,context_only_no_decision
DUPC-000018,exact_normalized_title,manual_title_collision_review,REC-PUBMED-11195313,11195313,10.1016/s1297-319x(00)00207-4,Hypercalciuria.,Audran M,2000,Joint bone spine,research/searches/B2/pubmed/pubmed_b2_designpilot_20260710/efetch_016.xml,REC-PUBMED-6896602,6896602,10.1001/archpedi.1982.03970440011002,Hypercalciuria.,Baran DT,1982,American journal of diseases of children (1960),research/searches/B2/pubmed/pubmed_b2_designpilot_20260710/efetch_022.xml,false,true,false,false,context_only_no_decision
DUPC-000019,exact_normalized_title,manual_title_collision_review,REC-PUBMED-11380479,11380479,10.1046/j.1365-2141.2001.02804.x,The use of oral vitamin K for reversal of over-warfarinization.,Pendry K,2001,British journal of haematology,research/searches/A1/pubmed/pubmed_a1_designpilot_20260710/efetch_012.xml,REC-PUBMED-11848091,11848091,10.1046/j.1365-2141.2002.3242_2.x,The use of oral vitamin K for reversal of over-warfarinization.,Watson HG,2002,British journal of haematology,research/searches/A1/pubmed/pubmed_a1_designpilot_20260710/efetch_012.xml,false,true,false,false,context_only_no_decision
DUPC-000020,exact_normalized_title,manual_title_collision_review,REC-PUBMED-11516453,11516453,10.1016/s0049-3848(01)00236-5,Treatment of venous thromboembolism in cancer patients.,Lee AY,2001,Thrombosis research,research/searches/A1/pubmed/pubmed_a1_designpilot_20260710/efetch_012.xml,REC-PUBMED-18000799,18000799,10.1055/s-2007-991539,Treatment of venous thromboembolism in cancer patients.,Petralia GA,2007,Seminars in thrombosis and hemostasis,research/searches/A1/pubmed/pubmed_a1_designpilot_20260710/efetch_008.xml,false,true,false,false,context_only_no_decision
DUPC-000021,exact_normalized_title,manual_title_collision_review,REC-PUBMED-11558516,11558516,10.1016/s0140-6736(05)71429-x,Vitamin K in anticoagulation therapy.,Hanslik T,2001,"Lancet (London, England)",research/searches/A1/pubmed/pubmed_a1_designpilot_20260710/efetch_012.xml,REC-PUBMED-11558517,11558517,10.1016/s0140-6736(05)71431-8,Vitamin K in anticoagulation therapy.,Nash G,2001,"Lancet (London, England)",research/searches/A1/pubmed/pubmed_a1_designpilot_20260710/efetch_012.xml,false,true,false,true,context_only_no_decision
DUPC-000022,exact_normalized_title,manual_title_collision_review,REC-PUBMED-11869618,11869618,10.1002/14651858.cd002001,Vitamin K antagonists or low-molecular-weight heparin for the long term treatment of symptomatic venous thromboembolism.,van der Heijden JF,2002,The Cochrane database of systematic reviews,research/searches/A1/pubmed/pubmed_a1_designpilot_20260710/efetch_012.xml,REC-PUBMED-23076894,23076894,10.1002/14651858.cd002001.pub2,Vitamin K antagonists or low-molecular-weight heparin for the long term treatment of symptomatic venous thromboembolism.,Andras A,2012,The Cochrane database of systematic reviews,research/searches/A1/pubmed/pubmed_a1_designpilot_20260710/efetch_037.xml,false,true,false,false,context_only_no_decision
DUPC-000023,exact_normalized_title,manual_title_collision_review,REC-PUBMED-12024003,12024003,10.1056/nejm200205233462114,Prevention of recurrent stones in idiopathic hypercalciuria.,Teichman J,2002,The New England journal of medicine,research/searches/B1/pubmed/pubmed_b1_designpilot_20260710/efetch_004.xml,REC-PUBMED-12030262,12030262,,Prevention of recurrent stones in idiopathic hypercalciuria.,Muldowney FP,2002,The New England journal of medicine,research/searches/B1/pubmed/pubmed_b1_designpilot_20260710/efetch_004.xml,false,true,false,true,context_only_no_decision
DUPC-000024,exact_normalized_title,manual_title_collision_review,REC-PUBMED-12024003,12024003,10.1056/nejm200205233462114,Prevention of recurrent stones in idiopathic hypercalciuria.,Teichman J,2002,The New England journal of medicine,research/searches/B1/pubmed/pubmed_b1_designpilot_20260710/efetch_004.xml,REC-PUBMED-12030263,12030263,,Prevention of recurrent stones in idiopathic hypercalciuria.,Bataille P,2002,The New England journal of medicine,research/searches/B1/pubmed/pubmed_b1_designpilot_20260710/efetch_004.xml,false,true,false,true,context_only_no_decision
DUPC-000025,exact_normalized_title,manual_title_collision_review,REC-PUBMED-12030262,12030262,,Prevention of recurrent stones in idiopathic hypercalciuria.,Muldowney FP,2002,The New England journal of medicine,research/searches/B1/pubmed/pubmed_b1_designpilot_20260710/efetch_004.xml,REC-PUBMED-12030263,12030263,,Prevention of recurrent stones in idiopathic hypercalciuria.,Bataille P,2002,The New England journal of medicine,research/searches/B1/pubmed/pubmed_b1_designpilot_20260710/efetch_004.xml,false,true,false,true,context_only_no_decision
DUPC-000026,exact_normalized_title,manual_title_collision_review,REC-PUBMED-12233075,12233075,,[Hypercalcemia in sarcoidosis].,Katakami N,2002,Nihon rinsho. Japanese journal of clinical medicine,research/searches/B2/pubmed/pubmed_b2_designpilot_20260710/efetch_015.xml,REC-PUBMED-2586678,2586678,,[Hypercalcemia in sarcoidosis].,Janssen JA,1989,Nederlands tijdschrift voor geneeskunde,research/searches/B2/pubmed/pubmed_b2_designpilot_20260710/efetch_020.xml,false,true,false,false,context_only_no_decision
DUPC-000027,exact_normalized_title,manual_title_collision_review,REC-PUBMED-12631089,12631089,10.1046/j.1523-1755.2003.00815.x,Effect of vitamin C supplements on urinary oxalate and pH in calcium stone-forming patients.,Baxmann AC,2003,Kidney international,research/searches/B3/pubmed/pubmed_b3_designpilot_20260710/efetch_002.xml,REC-PUBMED-15745503,15745503,,Effect of vitamin C supplements on urinary oxalate and pH in calcium stone-forming patients.,Pearle MS,2003,International braz j urol : official journal of the Brazilian Society of Urology,research/searches/B3/pubmed/pubmed_b3_designpilot_20260710/efetch_002.xml,false,true,false,true,context_only_no_decision
DUPC-000028,exact_normalized_title,manual_title_collision_review,REC-PUBMED-12667042,12667042,10.7326/0003-4819-138-7-200304010-00029,Oral vitamin K for warfarin-associated coagulopathy.,Ringstrom E,2003,Annals of internal medicine,research/searches/A1/pubmed/pubmed_a1_designpilot_20260710/efetch_011.xml,REC-PUBMED-12667043,12667043,10.7326/0003-4819-138-7-200304010-00028,Oral vitamin K for warfarin-associated coagulopathy.,Weideman R,2003,Annals of internal medicine,research/searches/A1/pubmed/pubmed_a1_designpilot_20260710/efetch_011.xml,false,true,false,true,context_only_no_decision
DUPC-000029,exact_normalized_title,manual_title_collision_review,REC-PUBMED-12724615,12724615,10.1097/00008571-200305000-00002,Pharmacogenetics of oral anticoagulants.,Daly AK,2003,Pharmacogenetics,research/searches/A1/pubmed/pubmed_a1_designpilot_20260710/efetch_011.xml,REC-PUBMED-29793236,29793236,10.1517/17410541.2.1.23,Pharmacogenetics of oral anticoagulants.,Daly AK,2005,Personalized medicine,research/searches/A1/pubmed/pubmed_a1_designpilot_20260710/efetch_010.xml,false,true,true,false,context_only_no_decision
DUPC-000030,exact_normalized_title,manual_title_collision_review,REC-PUBMED-13281563,13281563,,[Idiopathic hypercalciuria].,KLOTZ HP,1955,La semaine des hopitaux : organe fonde par l'Association d'enseignement medical des hopitaux de Paris,research/searches/B1/pubmed/pubmed_b1_designpilot_20260710/efetch_007.xml,REC-PUBMED-197820,197820,10.1007/978-1-4613-4217-5_30,Idiopathic hypercalciuria.,Pak CY,1977,Advances in experimental medicine and biology,research/searches/B2/pubmed/pubmed_b2_designpilot_20260710/efetch_024.xml,false,true,false,false,context_only_no_decision
DUPC-000031,exact_normalized_title,manual_title_collision_review,REC-PUBMED-13281563,13281563,,[Idiopathic hypercalciuria].,KLOTZ HP,1955,La semaine des hopitaux : organe fonde par l'Association d'enseignement medical des hopitaux de Paris,research/searches/B1/pubmed/pubmed_b1_designpilot_20260710/efetch_007.xml,REC-PUBMED-2645429,2645429,10.1016/s0022-5347(17)40993-1,Idiopathic hypercalciuria.,Lemann J,1989,The Journal of urology,research/searches/B2/pubmed/pubmed_b2_designpilot_20260710/efetch_020.xml,false,true,false,false,context_only_no_decision
DUPC-000032,exact_normalized_title,manual_title_collision_review,REC-PUBMED-13281563,13281563,,[Idiopathic hypercalciuria].,KLOTZ HP,1955,La semaine des hopitaux : organe fonde par l'Association d'enseignement medical des hopitaux de Paris,research/searches/B1/pubmed/pubmed_b1_designpilot_20260710/efetch_007.xml,REC-PUBMED-5542056,5542056,10.1056/nejm197103042840918,Idiopathic hypercalciuria.,Silber SJ,1971,The New England journal of medicine,research/searches/B1/pubmed/pubmed_b1_designpilot_20260710/efetch_006.xml,false,true,false,false,context_only_no_decision
DUPC-000033,exact_normalized_title,manual_title_collision_review,REC-PUBMED-13281563,13281563,,[Idiopathic hypercalciuria].,KLOTZ HP,1955,La semaine des hopitaux : organe fonde par l'Association d'enseignement medical des hopitaux de Paris,research/searches/B1/pubmed/pubmed_b1_designpilot_20260710/efetch_007.xml,REC-PUBMED-6144904,6144904,10.1016/s0140-6736(84)91426-0,Idiopathic hypercalciuria.,Payne RB,1984,"Lancet (London, England)",research/searches/B1/pubmed/pubmed_b1_designpilot_20260710/efetch_006.xml,false,true,false,false,context_only_no_decision
DUPC-000034,exact_normalized_title,manual_title_collision_review,REC-PUBMED-13281563,13281563,,[Idiopathic hypercalciuria].,KLOTZ HP,1955,La semaine des hopitaux : organe fonde par l'Association d'enseignement medical des hopitaux de Paris,research/searches/B1/pubmed/pubmed_b1_designpilot_20260710/efetch_007.xml,REC-PUBMED-6689528,6689528,,Idiopathic hypercalciuria.,Coe FL,1983,Henry Ford Hospital medical journal,research/searches/B2/pubmed/pubmed_b2_designpilot_20260710/efetch_022.xml,false,true,false,false,context_only_no_decision
DUPC-000035,exact_normalized_title,manual_title_collision_review,REC-PUBMED-13281563,13281563,,[Idiopathic hypercalciuria].,KLOTZ HP,1955,La semaine des hopitaux : organe fonde par l'Association d'enseignement medical des hopitaux de Paris,research/searches/B1/pubmed/pubmed_b1_designpilot_20260710/efetch_007.xml,REC-PUBMED-6761462,6761462,,[Idiopathic hypercalciuria].,Iida N,1982,Nihon rinsho. Japanese journal of clinical medicine,research/searches/B1/pubmed/pubmed_b1_designpilot_20260710/efetch_006.xml,false,true,false,false,context_only_no_decision
DUPC-000036,exact_normalized_title,manual_title_collision_review,REC-PUBMED-13413694,13413694,,Vitamin D resistant rickets.,LITMAN NN,1957,California medicine,research/searches/B2/pubmed/pubmed_b2_designpilot_20260710/efetch_025.xml,REC-PUBMED-15865246,15865246,,[Vitamin D-resistant rickets].,Grzanka K,2004,"Wiadomosci lekarskie (Warsaw, Poland : 1960)",research/searches/B2/pubmed/pubmed_b2_designpilot_20260710/efetch_014.xml,false,true,false,false,context_only_no_decision
DUPC-000037,exact_normalized_title,manual_title_collision_review,REC-PUBMED-1345417,1345417,10.1378/chest.102.4.312s,"Oral anticoagulants. Mechanism of action, clinical effectiveness, and optimal therapeutic range.",Hirsh J,1992,Chest,research/searches/A1/pubmed/pubmed_a1_designpilot_20260710/efetch_005.xml,REC-PUBMED-9822057,9822057,10.1378/chest.114.5_supplement.445s,"Oral anticoagulants: mechanism of action, clinical effectiveness, and optimal therapeutic range.",Hirsh J,1998,Chest,research/searches/A1/pubmed/pubmed_a1_designpilot_20260710/efetch_004.xml,false,true,true,false,context_only_no_decision
DUPC-000038,exact_normalized_title,manual_title_collision_review,REC-PUBMED-13561099,13561099,,A study of the renal excretion of calcium and phosphorus in patients with renal calculi.,PADRNOS RE,1958,The Bulletin of the Tulane Medical Faculty,research/searches/B1/pubmed/pubmed_b1_designpilot_20260710/efetch_007.xml,REC-PUBMED-13635517,13635517,,A study of the renal excretion of calcium and phosphorus in patients with renal calculi.,SHIRLEY SW,1958,Surgical forum,research/searches/B1/pubmed/pubmed_b1_designpilot_20260710/efetch_007.xml,false,true,false,true,context_only_no_decision
DUPC-000039,exact_normalized_title,manual_title_collision_review,REC-PUBMED-13629034,13629034,,HYPERCALCIURIA.,,1959,British medical journal,research/searches/B1/pubmed/pubmed_b1_designpilot_20260710/efetch_007.xml,REC-PUBMED-16357816,16357816,10.1016/s0003-4266(05)82114-6,[Hypercalciuria].,Périmenis P,2005,Annales d'endocrinologie,research/searches/B1/pubmed/pubmed_b1_designpilot_20260710/efetch_003.xml,false,true,false,false,context_only_no_decision
DUPC-000040,exact_normalized_title,manual_title_collision_review,REC-PUBMED-13629034,13629034,,HYPERCALCIURIA.,,1959,British medical journal,research/searches/B1/pubmed/pubmed_b1_designpilot_20260710/efetch_007.xml,REC-PUBMED-342176,342176,10.1042/cs0520001,Hypercalciuria.,Nordin BE,1977,Clinical science and molecular medicine,research/searches/B1/pubmed/pubmed_b1_designpilot_20260710/efetch_006.xml,false,true,false,false,context_only_no_decision
DUPC-000041,exact_normalized_title,manual_title_collision_review,REC-PUBMED-13629034,13629034,,HYPERCALCIURIA.,,1959,British medical journal,research/searches/B1/pubmed/pubmed_b1_designpilot_20260710/efetch_007.xml,REC-PUBMED-6896602,6896602,10.1001/archpedi.1982.03970440011002,Hypercalciuria.,Baran DT,1982,American journal of diseases of children (1960),research/searches/B2/pubmed/pubmed_b2_designpilot_20260710/efetch_022.xml,false,true,false,false,context_only_no_decision
DUPC-000042,exact_normalized_title,manual_title_collision_review,REC-PUBMED-13673461,13673461,10.1016/s0022-5347(17)65857-9,Milk of calcium renal stone.,HOWELL RD,1959,The Journal of urology,research/searches/B1/pubmed/pubmed_b1_designpilot_20260710/efetch_007.xml,REC-PUBMED-14256915,14256915,,MILK OF CALCIUM RENAL STONE.,VANDERVORT WJ,1965,Delaware medical journal,research/searches/B1/pubmed/pubmed_b1_designpilot_20260710/efetch_007.xml,false,true,false,false,context_only_no_decision
DUPC-000043,exact_normalized_title,manual_title_collision_review,REC-PUBMED-13673461,13673461,10.1016/s0022-5347(17)65857-9,Milk of calcium renal stone.,HOWELL RD,1959,The Journal of urology,research/searches/B1/pubmed/pubmed_b1_designpilot_20260710/efetch_007.xml,REC-PUBMED-14489200,14489200,,Milk of calcium renal stone.,PULLMAN RA,1962,"The American journal of roentgenology, radium therapy, and nuclear medicine",research/searches/B1/pubmed/pubmed_b1_designpilot_20260710/efetch_007.xml,false,true,false,false,context_only_no_decision
DUPC-000044,exact_normalized_title,manual_title_collision_review,REC-PUBMED-14150917,14150917,10.1136/bmj.2.5403.245-a,VITAMIN D AS A PUBLIC HEALTH PROBLEM.,MCNICHOLL B,1964,British medical journal,research/searches/B2/pubmed/pubmed_b2_designpilot_20260710/efetch_024.xml,REC-PUBMED-14150918,14150918,10.1136/bmj.2.5403.245-b,VITAMIN D AS A PUBLIC HEALTH PROBLEM.,ARNEIL GC,1964,British medical journal,research/searches/B2/pubmed/pubmed_b2_designpilot_20260710/efetch_024.xml,false,true,false,true,context_only_no_decision
DUPC-000045,exact_normalized_title,manual_title_collision_review,REC-PUBMED-14256915,14256915,,MILK OF CALCIUM RENAL STONE.,VANDERVORT WJ,1965,Delaware medical journal,research/searches/B1/pubmed/pubmed_b1_designpilot_20260710/efetch_007.xml,REC-PUBMED-14489200,14489200,,Milk of calcium renal stone.,PULLMAN RA,1962,"The American journal of roentgenology, radium therapy, and nuclear medicine",research/searches/B1/pubmed/pubmed_b1_designpilot_20260710/efetch_007.xml,false,true,false,false,context_only_no_decision
DUPC-000046,exact_normalized_title,manual_title_collision_review,REC-PUBMED-14583924,14583924,10.1002/14651858.cd000536,Antithrombotic agents for preventing thrombosis after infrainguinal arterial bypass surgery.,Dörffler-Melly J,2003,The Cochrane database of systematic reviews,research/searches/A1/pubmed/pubmed_a1_designpilot_20260710/efetch_011.xml,REC-PUBMED-21678330,21678330,10.1002/14651858.cd000536.pub2,Antithrombotic agents for preventing thrombosis after infrainguinal arterial bypass surgery.,Geraghty AJ,2011,The Cochrane database of systematic reviews,research/searches/A1/pubmed/pubmed_a1_designpilot_20260710/efetch_039.xml,false,true,false,false,context_only_no_decision
DUPC-000047,exact_normalized_title,manual_title_collision_review,REC-PUBMED-14655691,14655691,10.1024/0369-8394.92.38.1567,[Hypercalcemia].,Naumann UK,2003,Praxis,research/searches/B2/pubmed/pubmed_b2_designpilot_20260710/efetch_015.xml,REC-PUBMED-15197973,15197973,,[Hypercalcemia].,Takemoto F,2004,Nihon rinsho. Japanese journal of clinical medicine,research/searches/B2/pubmed/pubmed_b2_designpilot_20260710/efetch_014.xml,false,true,false,false,context_only_no_decision
DUPC-000048,exact_normalized_title,manual_title_collision_review,REC-PUBMED-14655691,14655691,10.1024/0369-8394.92.38.1567,[Hypercalcemia].,Naumann UK,2003,Praxis,research/searches/B2/pubmed/pubmed_b2_designpilot_20260710/efetch_015.xml,REC-PUBMED-15446120,15446120,,HYPERCALCEMIA.,SATALINE LR,1963,"Clinical medicine (Northfield, Ill.)",research/searches/B2/pubmed/pubmed_b2_designpilot_20260710/efetch_025.xml,false,true,false,false,context_only_no_decision
DUPC-000049,exact_normalized_title,manual_title_collision_review,REC-PUBMED-14655691,14655691,10.1024/0369-8394.92.38.1567,[Hypercalcemia].,Naumann UK,2003,Praxis,research/searches/B2/pubmed/pubmed_b2_designpilot_20260710/efetch_015.xml,REC-PUBMED-16392720,16392720,10.3949/ccjm.72.12.1075,Hypercalcemia.,Delaney MF,2005,Cleveland Clinic journal of medicine,research/searches/B2/pubmed/pubmed_b2_designpilot_20260710/efetch_014.xml,false,true,false,false,context_only_no_decision
DUPC-000050,exact_normalized_title,manual_title_collision_review,REC-PUBMED-14655691,14655691,10.1024/0369-8394.92.38.1567,[Hypercalcemia].,Naumann UK,2003,Praxis,research/searches/B2/pubmed/pubmed_b2_designpilot_20260710/efetch_015.xml,REC-PUBMED-187718,187718,,Hypercalcemia.,Pinkerton R,1976,The Journal of family practice,research/searches/B2/pubmed/pubmed_b2_designpilot_20260710/efetch_024.xml,false,true,false,false,context_only_no_decision
DUPC-000051,exact_normalized_title,manual_title_collision_review,REC-PUBMED-14655691,14655691,10.1024/0369-8394.92.38.1567,[Hypercalcemia].,Naumann UK,2003,Praxis,research/searches/B2/pubmed/pubmed_b2_designpilot_20260710/efetch_015.xml,REC-PUBMED-25158579,25158579,,[Hypercalcemia].,Matikainen N,2014,Duodecim; laaketieteellinen aikakauskirja,research/searches/B2/pubmed/pubmed_b2_designpilot_20260710/efetch_009.xml,false,true,false,false,context_only_no_decision
DUPC-000052,exact_normalized_title,manual_title_collision_review,REC-PUBMED-14655691,14655691,10.1024/0369-8394.92.38.1567,[Hypercalcemia].,Naumann UK,2003,Praxis,research/searches/B2/pubmed/pubmed_b2_designpilot_20260710/efetch_015.xml,REC-PUBMED-2648666,2648666,10.1016/s0195-5616(89)50030-5,Hypercalcemia.,Chew DJ,1989,The Veterinary clinics of North America. Small animal practice,research/searches/B2/pubmed/pubmed_b2_designpilot_20260710/efetch_020.xml,false,true,false,false,context_only_no_decision
DUPC-000053,exact_normalized_title,manual_title_collision_review,REC-PUBMED-14655691,14655691,10.1024/0369-8394.92.38.1567,[Hypercalcemia].,Naumann UK,2003,Praxis,research/searches/B2/pubmed/pubmed_b2_designpilot_20260710/efetch_015.xml,REC-PUBMED-6385452,6385452,10.1016/s0195-5616(84)50088-6,Hypercalcemia.,Meuten DJ,1984,The Veterinary clinics of North America. Small animal practice,research/searches/B2/pubmed/pubmed_b2_designpilot_20260710/efetch_022.xml,false,true,false,false,context_only_no_decision
DUPC-000054,exact_normalized_title,manual_title_collision_review,REC-PUBMED-14655691,14655691,10.1024/0369-8394.92.38.1567,[Hypercalcemia].,Naumann UK,2003,Praxis,research/searches/B2/pubmed/pubmed_b2_designpilot_20260710/efetch_015.xml,REC-PUBMED-8029686,8029686,,[Hypercalcemia].,Schmid C,1994,Schweizerische medizinische Wochenschrift,research/searches/B2/pubmed/pubmed_b2_designpilot_20260710/efetch_018.xml,false,true,false,false,context_only_no_decision
DUPC-000055,exact_normalized_title,manual_title_collision_review,REC-PUBMED-14658922,14658922,10.2165/00148581-200305120-00004,Anticoagulation therapy in children.,Ronghe MD,2003,Paediatric drugs,research/searches/A1/pubmed/pubmed_a1_designpilot_20260710/efetch_011.xml,REC-PUBMED-28346967,28346967,10.1055/s-0036-1598004,Anticoagulation Therapy in Children.,Radulescu VC,2017,Seminars in thrombosis and hemostasis,research/searches/A1/pubmed/pubmed_a1_designpilot_20260710/efetch_023.xml,false,true,false,false,context_only_no_decision
DUPC-000056,exact_normalized_title,manual_title_collision_review,REC-PUBMED-14680724,14680724,10.1016/j.jacc.2003.07.029,The optimal intensity of vitamin K antagonists in patients with mechanical heart valves: a meta-analysis.,Vink R,2003,Journal of the American College of Cardiology,research/searches/A1/pubmed/pubmed_a1_designpilot_20260710/efetch_011.xml,REC-PUBMED-15337236,15337236,10.1016/j.jacc.2004.06.011,The optimal intensity of vitamin K antagonists in patients with mechanical heart valves: a meta-analysis.,O'Kane HO,2004,Journal of the American College of Cardiology,research/searches/A1/pubmed/pubmed_a1_designpilot_20260710/efetch_010.xml,false,true,false,false,context_only_no_decision
DUPC-000057,exact_normalized_title,manual_title_collision_review,REC-PUBMED-14689084,14689084,10.1007/s00108-003-1048-8,[Hypercalcemic crisis].,Pfeilschifter J,2003,Der Internist,research/searches/B2/pubmed/pubmed_b2_designpilot_20260710/efetch_015.xml,REC-PUBMED-7808096,7808096,10.1016/s0025-7125(16)30085-2,Hypercalcemic crisis.,Edelson GW,1995,The Medical clinics of North America,research/searches/B2/pubmed/pubmed_b2_designpilot_20260710/efetch_018.xml,false,true,false,false,context_only_no_decision
DUPC-000058,exact_normalized_title,manual_title_collision_review,REC-PUBMED-15191946,15191946,10.1182/blood-2003-12-4195,New anticoagulants.,Hirsh J,2005,Blood,research/searches/A1/pubmed/pubmed_a1_designpilot_20260710/efetch_011.xml,REC-PUBMED-18695376,18695376,10.1097/moh.0b013e328309ecbc,New anticoagulants.,Bauer KA,2008,Current opinion in hematology,research/searches/A1/pubmed/pubmed_a1_designpilot_20260710/efetch_007.xml,false,true,false,false,context_only_no_decision
DUPC-000059,exact_normalized_title,manual_title_collision_review,REC-PUBMED-15197973,15197973,,[Hypercalcemia].,Takemoto F,2004,Nihon rinsho. Japanese journal of clinical medicine,research/searches/B2/pubmed/pubmed_b2_designpilot_20260710/efetch_014.xml,REC-PUBMED-15446120,15446120,,HYPERCALCEMIA.,SATALINE LR,1963,"Clinical medicine (Northfield, Ill.)",research/searches/B2/pubmed/pubmed_b2_designpilot_20260710/efetch_025.xml,false,true,false,false,context_only_no_decision
DUPC-000060,exact_normalized_title,manual_title_collision_review,REC-PUBMED-15197973,15197973,,[Hypercalcemia].,Takemoto F,2004,Nihon rinsho. Japanese journal of clinical medicine,research/searches/B2/pubmed/pubmed_b2_designpilot_20260710/efetch_014.xml,REC-PUBMED-16392720,16392720,10.3949/ccjm.72.12.1075,Hypercalcemia.,Delaney MF,2005,Cleveland Clinic journal of medicine,research/searches/B2/pubmed/pubmed_b2_designpilot_20260710/efetch_014.xml,false,true,false,false,context_only_no_decision
DUPC-000061,exact_normalized_title,manual_title_collision_review,REC-PUBMED-15197973,15197973,,[Hypercalcemia].,Takemoto F,2004,Nihon rinsho. Japanese journal of clinical medicine,research/searches/B2/pubmed/pubmed_b2_designpilot_20260710/efetch_014.xml,REC-PUBMED-187718,187718,,Hypercalcemia.,Pinkerton R,1976,The Journal of family practice,research/searches/B2/pubmed/pubmed_b2_designpilot_20260710/efetch_024.xml,false,true,false,false,context_only_no_decision
DUPC-000062,exact_normalized_title,manual_title_collision_review,REC-PUBMED-15197973,15197973,,[Hypercalcemia].,Takemoto F,2004,Nihon rinsho. Japanese journal of clinical medicine,research/searches/B2/pubmed/pubmed_b2_designpilot_20260710/efetch_014.xml,REC-PUBMED-25158579,25158579,,[Hypercalcemia].,Matikainen N,2014,Duodecim; laaketieteellinen aikakauskirja,research/searches/B2/pubmed/pubmed_b2_designpilot_20260710/efetch_009.xml,false,true,false,false,context_only_no_decision
DUPC-000063,exact_normalized_title,manual_title_collision_review,REC-PUBMED-15197973,15197973,,[Hypercalcemia].,Takemoto F,2004,Nihon rinsho. Japanese journal of clinical medicine,research/searches/B2/pubmed/pubmed_b2_designpilot_20260710/efetch_014.xml,REC-PUBMED-2648666,2648666,10.1016/s0195-5616(89)50030-5,Hypercalcemia.,Chew DJ,1989,The Veterinary clinics of North America. Small animal practice,research/searches/B2/pubmed/pubmed_b2_designpilot_20260710/efetch_020.xml,false,true,false,false,context_only_no_decision
DUPC-000064,exact_normalized_title,manual_title_collision_review,REC-PUBMED-15197973,15197973,,[Hypercalcemia].,Takemoto F,2004,Nihon rinsho. Japanese journal of clinical medicine,research/searches/B2/pubmed/pubmed_b2_designpilot_20260710/efetch_014.xml,REC-PUBMED-6385452,6385452,10.1016/s0195-5616(84)50088-6,Hypercalcemia.,Meuten DJ,1984,The Veterinary clinics of North America. Small animal practice,research/searches/B2/pubmed/pubmed_b2_designpilot_20260710/efetch_022.xml,false,true,false,false,context_only_no_decision
DUPC-000065,exact_normalized_title,manual_title_collision_review,REC-PUBMED-15197973,15197973,,[Hypercalcemia].,Takemoto F,2004,Nihon rinsho. Japanese journal of clinical medicine,research/searches/B2/pubmed/pubmed_b2_designpilot_20260710/efetch_014.xml,REC-PUBMED-8029686,8029686,,[Hypercalcemia].,Schmid C,1994,Schweizerische medizinische Wochenschrift,research/searches/B2/pubmed/pubmed_b2_designpilot_20260710/efetch_018.xml,false,true,false,false,context_only_no_decision
DUPC-000066,exact_normalized_title,manual_title_collision_review,REC-PUBMED-15249924,15249924,,Hyperparathyroidism.,Tonini G,2004,Minerva pediatrica,research/searches/B2/pubmed/pubmed_b2_designpilot_20260710/efetch_014.xml,REC-PUBMED-5092031,5092031,,[Hyperparathyroidism].,Furukawa Y,1971,Naika. Internal medicine,research/searches/B2/pubmed/pubmed_b2_designpilot_20260710/efetch_024.xml,false,true,false,false,context_only_no_decision
DUPC-000067,exact_normalized_title,manual_title_collision_review,REC-PUBMED-15339877,15339877,10.1161/01.cir.0000140901.04538.ae,New anticoagulants for treatment of venous thromboembolism.,Weitz JI,2004,Circulation,research/searches/A1/pubmed/pubmed_a1_designpilot_20260710/efetch_010.xml,REC-PUBMED-18296593,18296593,10.1161/atvbaha.108.162677,New anticoagulants for treatment of venous thromboembolism.,Gross PL,2008,"Arteriosclerosis, thrombosis, and vascular biology",research/searches/A1/pubmed/pubmed_a1_designpilot_20260710/efetch_008.xml,false,true,false,false,context_only_no_decision
DUPC-000068,exact_normalized_title,manual_title_collision_review,REC-PUBMED-15339877,15339877,10.1161/01.cir.0000140901.04538.ae,New anticoagulants for treatment of venous thromboembolism.,Weitz JI,2004,Circulation,research/searches/A1/pubmed/pubmed_a1_designpilot_20260710/efetch_010.xml,REC-PUBMED-23095463,23095463,10.1016/j.ejim.2012.10.001,New anticoagulants for treatment of venous thromboembolism.,Franchini M,2012,European journal of internal medicine,research/searches/A1/pubmed/pubmed_a1_designpilot_20260710/efetch_037.xml,false,true,false,false,context_only_no_decision
DUPC-000069,exact_normalized_title,manual_title_collision_review,REC-PUBMED-15446120,15446120,,HYPERCALCEMIA.,SATALINE LR,1963,"Clinical medicine (Northfield, Ill.)",research/searches/B2/pubmed/pubmed_b2_designpilot_20260710/efetch_025.xml,REC-PUBMED-16392720,16392720,10.3949/ccjm.72.12.1075,Hypercalcemia.,Delaney MF,2005,Cleveland Clinic journal of medicine,research/searches/B2/pubmed/pubmed_b2_designpilot_20260710/efetch_014.xml,false,true,false,false,context_only_no_decision
DUPC-000070,exact_normalized_title,manual_title_collision_review,REC-PUBMED-15446120,15446120,,HYPERCALCEMIA.,SATALINE LR,1963,"Clinical medicine (Northfield, Ill.)",research/searches/B2/pubmed/pubmed_b2_designpilot_20260710/efetch_025.xml,REC-PUBMED-187718,187718,,Hypercalcemia.,Pinkerton R,1976,The Journal of family practice,research/searches/B2/pubmed/pubmed_b2_designpilot_20260710/efetch_024.xml,false,true,false,false,context_only_no_decision
DUPC-000071,exact_normalized_title,manual_title_collision_review,REC-PUBMED-15446120,15446120,,HYPERCALCEMIA.,SATALINE LR,1963,"Clinical medicine (Northfield, Ill.)",research/searches/B2/pubmed/pubmed_b2_designpilot_20260710/efetch_025.xml,REC-PUBMED-25158579,25158579,,[Hypercalcemia].,Matikainen N,2014,Duodecim; laaketieteellinen aikakauskirja,research/searches/B2/pubmed/pubmed_b2_designpilot_20260710/efetch_009.xml,false,true,false,false,context_only_no_decision
DUPC-000072,exact_normalized_title,manual_title_collision_review,REC-PUBMED-15446120,15446120,,HYPERCALCEMIA.,SATALINE LR,1963,"Clinical medicine (Northfield, Ill.)",research/searches/B2/pubmed/pubmed_b2_designpilot_20260710/efetch_025.xml,REC-PUBMED-2648666,2648666,10.1016/s0195-5616(89)50030-5,Hypercalcemia.,Chew DJ,1989,The Veterinary clinics of North America. Small animal practice,research/searches/B2/pubmed/pubmed_b2_designpilot_20260710/efetch_020.xml,false,true,false,false,context_only_no_decision
DUPC-000073,exact_normalized_title,manual_title_collision_review,REC-PUBMED-15446120,15446120,,HYPERCALCEMIA.,SATALINE LR,1963,"Clinical medicine (Northfield, Ill.)",research/searches/B2/pubmed/pubmed_b2_designpilot_20260710/efetch_025.xml,REC-PUBMED-6385452,6385452,10.1016/s0195-5616(84)50088-6,Hypercalcemia.,Meuten DJ,1984,The Veterinary clinics of North America. Small animal practice,research/searches/B2/pubmed/pubmed_b2_designpilot_20260710/efetch_022.xml,false,true,false,false,context_only_no_decision
DUPC-000074,exact_normalized_title,manual_title_collision_review,REC-PUBMED-15446120,15446120,,HYPERCALCEMIA.,SATALINE LR,1963,"Clinical medicine (Northfield, Ill.)",research/searches/B2/pubmed/pubmed_b2_designpilot_20260710/efetch_025.xml,REC-PUBMED-8029686,8029686,,[Hypercalcemia].,Schmid C,1994,Schweizerische medizinische Wochenschrift,research/searches/B2/pubmed/pubmed_b2_designpilot_20260710/efetch_018.xml,false,true,false,false,context_only_no_decision
DUPC-000075,exact_normalized_title,manual_title_collision_review,REC-PUBMED-15520627,15520627,,Anticoagulation therapy for venous thromboembolism.,Cundiff DK,2004,MedGenMed : Medscape general medicine,research/searches/A1/pubmed/pubmed_a1_designpilot_20260710/efetch_010.xml,REC-PUBMED-40500083,40500083,10.1016/j.mcna.2025.02.017,Anticoagulation Therapy for Venous Thromboembolism.,Anjum P,2025,The Medical clinics of North America,research/searches/A1/pubmed/pubmed_a1_designpilot_20260710/efetch_044.xml,false,true,false,false,context_only_no_decision
DUPC-000076,exact_normalized_title,manual_title_collision_review,REC-PUBMED-15568291,15568291,10.1177/0148607104028006435,Urinary oxalate excretion increases in home parenteral nutrition patients on a higher intravenous ascorbic acid dose.,Peña de la Vega L,2004,JPEN. Journal of parenteral and enteral nutrition,research/searches/B3/pubmed/pubmed_b3_designpilot_20260710/efetch_002.xml,REC-PUBMED-16224041,16224041,10.1177/0148607105029006454,Urinary oxalate excretion increases in home parenteral nutrition patients on a higher intravenous ascorbic acid dose.,Fairholm L,2005,JPEN. Journal of parenteral and enteral nutrition,research/searches/B3/pubmed/pubmed_b3_designpilot_20260710/efetch_002.xml,false,true,false,false,context_only_no_decision
DUPC-000077,exact_normalized_title,manual_title_collision_review,REC-PUBMED-15587507,15587507,,[Nephrocalcinosis].,Fukumoto S,2004,Clinical calcium,research/searches/B2/pubmed/pubmed_b2_designpilot_20260710/efetch_014.xml,REC-PUBMED-1576767,1576767,,Nephrocalcinosis.,Adams ND,1992,Clinics in perinatology,research/searches/B1/pubmed/pubmed_b1_designpilot_20260710/efetch_005.xml,false,true,false,false,context_only_no_decision
DUPC-000078,exact_normalized_title,manual_title_collision_review,REC-PUBMED-15587507,15587507,,[Nephrocalcinosis].,Fukumoto S,2004,Clinical calcium,research/searches/B2/pubmed/pubmed_b2_designpilot_20260710/efetch_014.xml,REC-PUBMED-9204244,9204244,,Nephrocalcinosis.,Alon US,1997,Current opinion in pediatrics,research/searches/B2/pubmed/pubmed_b2_designpilot_20260710/efetch_017.xml,false,true,false,false,context_only_no_decision
DUPC-000079,exact_normalized_title,manual_title_collision_review,REC-PUBMED-15598646,15598646,10.1161/01.cir.0000150639.98514.6c,Prevention of venous thromboembolism in surgical patients.,Agnelli G,2004,Circulation,research/searches/A1/pubmed/pubmed_a1_designpilot_20260710/efetch_010.xml,REC-PUBMED-22308803,22308803,,[Prevention of venous thromboembolism in surgical patients].,Gafsou B,2011,La Revue du praticien,research/searches/A1/pubmed/pubmed_a1_designpilot_20260710/efetch_038.xml,false,true,false,false,context_only_no_decision
DUPC-000080,exact_normalized_title,manual_title_collision_review,REC-PUBMED-1576767,1576767,,Nephrocalcinosis.,Adams ND,1992,Clinics in perinatology,research/searches/B1/pubmed/pubmed_b1_designpilot_20260710/efetch_005.xml,REC-PUBMED-9204244,9204244,,Nephrocalcinosis.,Alon US,1997,Current opinion in pediatrics,research/searches/B2/pubmed/pubmed_b2_designpilot_20260710/efetch_017.xml,false,true,false,false,context_only_no_decision
DUPC-000081,exact_normalized_title,manual_title_collision_review,REC-PUBMED-15773736,15773736,10.1007/s10354-004-0140-6,Treatment of venous thromboembolism.,Eichinger S,2005,Wiener medizinische Wochenschrift (1946),research/searches/A1/pubmed/pubmed_a1_designpilot_20260710/efetch_010.xml,REC-PUBMED-20107757,20107757,10.1007/s00108-009-2514-8,[Treatment of venous thromboembolism].,Willeke A,2010,Der Internist,research/searches/A1/pubmed/pubmed_a1_designpilot_20260710/efetch_041.xml,false,true,false,false,context_only_no_decision
DUPC-000082,exact_normalized_title,manual_title_collision_review,REC-PUBMED-15773736,15773736,10.1007/s10354-004-0140-6,Treatment of venous thromboembolism.,Eichinger S,2005,Wiener medizinische Wochenschrift (1946),research/searches/A1/pubmed/pubmed_a1_designpilot_20260710/efetch_010.xml,REC-PUBMED-24549552,24549552,10.1001/jama.2014.65,Treatment of venous thromboembolism.,Wells PS,2014,JAMA,research/searches/A1/pubmed/pubmed_a1_designpilot_20260710/efetch_034.xml,false,true,false,false,context_only_no_decision
DUPC-000083,exact_normalized_title,manual_title_collision_review,REC-PUBMED-15786931,15786931,10.1024/0301-1526.34.1.3,Secondary prophylaxis of venous thromboembolism.,Schellong SM,2005,VASA. Zeitschrift fur Gefasskrankheiten,research/searches/A1/pubmed/pubmed_a1_designpilot_20260710/efetch_010.xml,REC-PUBMED-17279274,17279274,,[Secondary prophylaxis of venous thromboembolism].,Sternitzky R,2007,Hamostaseologie,research/searches/A1/pubmed/pubmed_a1_designpilot_20260710/efetch_009.xml,false,true,false,false,context_only_no_decision
DUPC-000084,exact_normalized_title,manual_title_collision_review,REC-PUBMED-16123916,16123916,10.1055/s-2005-916168,Prevention of stroke in patients with atrial fibrillation.,Olsson SB,2005,Seminars in vascular medicine,research/searches/A1/pubmed/pubmed_a1_designpilot_20260710/efetch_010.xml,REC-PUBMED-19478692,19478692,,Prevention of stroke in patients with atrial fibrillation.,,2009,The Medical letter on drugs and therapeutics,research/searches/A1/pubmed/pubmed_a1_designpilot_20260710/efetch_006.xml,false,true,false,false,context_only_no_decision
DUPC-000085,exact_normalized_title,manual_title_collision_review,REC-PUBMED-16221228,16221228,10.1111/j.1523-1755.2005.00685.x,Effect of dietary modification on urinary stone risk factors.,Pak CY,2005,Kidney international,research/searches/B1/pubmed/pubmed_b1_designpilot_20260710/efetch_003.xml,REC-PUBMED-16528260,16528260,10.1038/sj.ki.5000203,Effect of dietary modification on urinary stone risk factors.,Taylor EN,2006,Kidney international,research/searches/B1/pubmed/pubmed_b1_designpilot_20260710/efetch_003.xml,false,true,false,false,context_only_no_decision
DUPC-000086,exact_normalized_title,manual_title_collision_review,REC-PUBMED-16236081,16236081,10.1111/j.1742-1241.2005.00605.x,Surgical delay in acute admissions on warfarin: are we doing enough?,Bansal R,2005,International journal of clinical practice,research/searches/A1/pubmed/pubmed_a1_designpilot_20260710/efetch_010.xml,REC-PUBMED-17577302,17577302,10.1111/j.1742-1241.2006.01266.x,Surgical delay in acute admissions on warfarin: are we doing enough?,Tharmarajah P,2007,International journal of clinical practice,research/searches/A1/pubmed/pubmed_a1_designpilot_20260710/efetch_008.xml,false,true,false,false,context_only_no_decision
DUPC-000087,exact_normalized_title,manual_title_collision_review,REC-PUBMED-16357816,16357816,10.1016/s0003-4266(05)82114-6,[Hypercalciuria].,Périmenis P,2005,Annales d'endocrinologie,research/searches/B1/pubmed/pubmed_b1_designpilot_20260710/efetch_003.xml,REC-PUBMED-342176,342176,10.1042/cs0520001,Hypercalciuria.,Nordin BE,1977,Clinical science and molecular medicine,research/searches/B1/pubmed/pubmed_b1_designpilot_20260710/efetch_006.xml,false,true,false,false,context_only_no_decision
DUPC-000088,exact_normalized_title,manual_title_collision_review,REC-PUBMED-16357816,16357816,10.1016/s0003-4266(05)82114-6,[Hypercalciuria].,Périmenis P,2005,Annales d'endocrinologie,research/searches/B1/pubmed/pubmed_b1_designpilot_20260710/efetch_003.xml,REC-PUBMED-6896602,6896602,10.1001/archpedi.1982.03970440011002,Hypercalciuria.,Baran DT,1982,American journal of diseases of children (1960),research/searches/B2/pubmed/pubmed_b2_designpilot_20260710/efetch_022.xml,false,true,false,false,context_only_no_decision
DUPC-000089,exact_normalized_title,manual_title_collision_review,REC-PUBMED-16392720,16392720,10.3949/ccjm.72.12.1075,Hypercalcemia.,Delaney MF,2005,Cleveland Clinic journal of medicine,research/searches/B2/pubmed/pubmed_b2_designpilot_20260710/efetch_014.xml,REC-PUBMED-187718,187718,,Hypercalcemia.,Pinkerton R,1976,The Journal of family practice,research/searches/B2/pubmed/pubmed_b2_designpilot_20260710/efetch_024.xml,false,true,false,false,context_only_no_decision
DUPC-000090,exact_normalized_title,manual_title_collision_review,REC-PUBMED-16392720,16392720,10.3949/ccjm.72.12.1075,Hypercalcemia.,Delaney MF,2005,Cleveland Clinic journal of medicine,research/searches/B2/pubmed/pubmed_b2_designpilot_20260710/efetch_014.xml,REC-PUBMED-25158579,25158579,,[Hypercalcemia].,Matikainen N,2014,Duodecim; laaketieteellinen aikakauskirja,research/searches/B2/pubmed/pubmed_b2_designpilot_20260710/efetch_009.xml,false,true,false,false,context_only_no_decision
DUPC-000091,exact_normalized_title,manual_title_collision_review,REC-PUBMED-16392720,16392720,10.3949/ccjm.72.12.1075,Hypercalcemia.,Delaney MF,2005,Cleveland Clinic journal of medicine,research/searches/B2/pubmed/pubmed_b2_designpilot_20260710/efetch_014.xml,REC-PUBMED-2648666,2648666,10.1016/s0195-5616(89)50030-5,Hypercalcemia.,Chew DJ,1989,The Veterinary clinics of North America. Small animal practice,research/searches/B2/pubmed/pubmed_b2_designpilot_20260710/efetch_020.xml,false,true,false,false,context_only_no_decision
DUPC-000092,exact_normalized_title,manual_title_collision_review,REC-PUBMED-16392720,16392720,10.3949/ccjm.72.12.1075,Hypercalcemia.,Delaney MF,2005,Cleveland Clinic journal of medicine,research/searches/B2/pubmed/pubmed_b2_designpilot_20260710/efetch_014.xml,REC-PUBMED-6385452,6385452,10.1016/s0195-5616(84)50088-6,Hypercalcemia.,Meuten DJ,1984,The Veterinary clinics of North America. Small animal practice,research/searches/B2/pubmed/pubmed_b2_designpilot_20260710/efetch_022.xml,false,true,false,false,context_only_no_decision
DUPC-000093,exact_normalized_title,manual_title_collision_review,REC-PUBMED-16392720,16392720,10.3949/ccjm.72.12.1075,Hypercalcemia.,Delaney MF,2005,Cleveland Clinic journal of medicine,research/searches/B2/pubmed/pubmed_b2_designpilot_20260710/efetch_014.xml,REC-PUBMED-8029686,8029686,,[Hypercalcemia].,Schmid C,1994,Schweizerische medizinische Wochenschrift,research/searches/B2/pubmed/pubmed_b2_designpilot_20260710/efetch_018.xml,false,true,false,false,context_only_no_decision
DUPC-000094,exact_normalized_title,manual_title_collision_review,REC-PUBMED-16395485,16395485,,[Diagnosis and treatment of venous thrombosis].,Hach-Wunderle V,2005,Hamostaseologie,research/searches/A1/pubmed/pubmed_a1_designpilot_20260710/efetch_009.xml,REC-PUBMED-19132168,19132168,,[Diagnosis and treatment of venous thrombosis].,Hach-Wunderle V,2008,Hamostaseologie,research/searches/A1/pubmed/pubmed_a1_designpilot_20260710/efetch_007.xml,false,true,true,false,context_only_no_decision
DUPC-000095,exact_normalized_title,manual_title_collision_review,REC-PUBMED-16437432,16437432,10.1002/14651858.cd001367.pub2,Duration of treatment with vitamin K antagonists in symptomatic venous thromboembolism.,Hutten BA,2006,The Cochrane database of systematic reviews,research/searches/A1/pubmed/pubmed_a1_designpilot_20260710/efetch_009.xml,REC-PUBMED-25092359,25092359,10.1002/14651858.cd001367.pub3,Duration of treatment with vitamin K antagonists in symptomatic venous thromboembolism.,Middeldorp S,2014,The Cochrane database of systematic reviews,research/searches/A1/pubmed/pubmed_a1_designpilot_20260710/efetch_032.xml,false,true,false,false,context_only_no_decision
DUPC-000096,exact_normalized_title,manual_title_collision_review,REC-PUBMED-16517985,16517985,,Stroke prevention in atrial fibrillation.,Verheugt FW,2006,The Netherlands journal of medicine,research/searches/A1/pubmed/pubmed_a1_designpilot_20260710/efetch_009.xml,REC-PUBMED-24049843,24049843,,Stroke Prevention in Atrial Fibrillation,,2013,Stroke Prevention in Atrial Fibrillation,research/searches/A1/pubmed/pubmed_a1_designpilot_20260710/efetch_035.xml,false,true,false,false,context_only_no_decision
DUPC-000097,exact_normalized_title,manual_title_collision_review,REC-PUBMED-16517985,16517985,,Stroke prevention in atrial fibrillation.,Verheugt FW,2006,The Netherlands journal of medicine,research/searches/A1/pubmed/pubmed_a1_designpilot_20260710/efetch_009.xml,REC-PUBMED-27560276,27560276,10.1016/s0140-6736(16)31257-0,Stroke prevention in atrial fibrillation.,Freedman B,2016,"Lancet (London, England)",research/searches/A1/pubmed/pubmed_a1_designpilot_20260710/efetch_025.xml,false,true,false,false,context_only_no_decision
DUPC-000098,exact_normalized_title,manual_title_collision_review,REC-PUBMED-16517985,16517985,,Stroke prevention in atrial fibrillation.,Verheugt FW,2006,The Netherlands journal of medicine,research/searches/A1/pubmed/pubmed_a1_designpilot_20260710/efetch_009.xml,REC-PUBMED-34619337,34619337,10.1016/j.tcm.2021.10.001,Stroke prevention in atrial fibrillation.,Lip GYH,2022,Trends in cardiovascular medicine,research/searches/A1/pubmed/pubmed_a1_designpilot_20260710/efetch_055.xml,false,true,false,false,context_only_no_decision
DUPC-000099,exact_normalized_title,manual_title_collision_review,REC-PUBMED-16723622,16723622,10.1056/nejmc060763,Calcium plus vitamin D and the risk of fractures.,Terris S,2006,The New England journal of medicine,research/searches/B1/pubmed/pubmed_b1_designpilot_20260710/efetch_003.xml,REC-PUBMED-16729367,16729367,,Calcium plus vitamin D and the risk of fractures.,Dawson-Hughes B,2006,The New England journal of medicine,research/searches/B2/pubmed/pubmed_b2_designpilot_20260710/efetch_013.xml,false,true,false,true,context_only_no_decision
DUPC-000100,exact_normalized_title,manual_title_collision_review,REC-PUBMED-16775455,16775455,10.1097/01.mnh.0000232881.35469.a9,Genetic hypercalciuric stone-forming rats.,Bushinsky DA,2006,Current opinion in nephrology and hypertension,research/searches/B1/pubmed/pubmed_b1_designpilot_20260710/efetch_003.xml,REC-PUBMED-8890400,8890400,,Genetic hypercalciuric stone forming rats.,Bushinsky DA,1996,Seminars in nephrology,research/searches/B2/pubmed/pubmed_b2_designpilot_20260710/efetch_018.xml,false,true,true,false,context_only_no_decision
DUPC-000101,exact_normalized_title,manual_title_collision_review,REC-PUBMED-16817375,16817375,,[Iatrogenic hypercalcemia].,Akatsu T,2006,Nihon rinsho. Japanese journal of clinical medicine,research/searches/B2/pubmed/pubmed_b2_designpilot_20260710/efetch_013.xml,REC-PUBMED-4790543,4790543,,[Iatrogenic hypercalcemia].,Mihalca E,1973,Pediatria,research/searches/B2/pubmed/pubmed_b2_designpilot_20260710/efetch_024.xml,false,true,false,false,context_only_no_decision
DUPC-000102,exact_normalized_title,manual_title_collision_review,REC-PUBMED-16817375,16817375,,[Iatrogenic hypercalcemia].,Akatsu T,2006,Nihon rinsho. Japanese journal of clinical medicine,research/searches/B2/pubmed/pubmed_b2_designpilot_20260710/efetch_013.xml,REC-PUBMED-5595322,5595322,,[Iatrogenic hypercalcemia].,Fournier A,1967,Journal des sciences medicales de Lille,research/searches/B2/pubmed/pubmed_b2_designpilot_20260710/efetch_024.xml,false,true,false,false,context_only_no_decision
DUPC-000103,exact_normalized_title,high_title_author_year,REC-PUBMED-17226226,17226226,10.1055/s-2006-960232,Old and new natural products as the source of modern antithrombotic drugs.,Beretz A,1991,Planta medica,research/searches/A1/pubmed/pubmed_a1_designpilot_20260710/efetch_005.xml,REC-PUBMED-1956960,1956960,,Old and new natural products as the source of modern antithrombotic drugs.,Beretz A,1991,Planta medica,research/searches/A1/pubmed/pubmed_a1_designpilot_20260710/efetch_005.xml,false,true,true,true,context_only_no_decision
DUPC-000104,exact_normalized_title,manual_title_collision_review,REC-PUBMED-17319097,17319097,10.2147/vhrm.1.1.41.58936,New anticoagulants for the prevention and treatment of venous thromboembolism.,McRae SJ,2005,Vascular health and risk management,research/searches/A1/pubmed/pubmed_a1_designpilot_20260710/efetch_009.xml,REC-PUBMED-28365976,28365976,10.4062/biomolther.2016.271,New Anticoagulants for the Prevention and Treatment of Venous Thromboembolism.,Kim JH,2017,Biomolecules & therapeutics,research/searches/A1/pubmed/pubmed_a1_designpilot_20260710/efetch_023.xml,false,true,false,false,context_only_no_decision
DUPC-000105,exact_normalized_title,manual_title_collision_review,REC-PUBMED-17506300,17506300,10.2169/naika.96.656,[Differential diagnosis of hypercalcemia].,Takeuchi Y,2007,Nihon Naika Gakkai zasshi. The Journal of the Japanese Society of Internal Medicine,research/searches/B2/pubmed/pubmed_b2_designpilot_20260710/efetch_013.xml,REC-PUBMED-1763670,1763670,10.1002/jbmr.5650061413,Differential diagnosis of hypercalcemia.,Lafferty FW,1991,Journal of bone and mineral research : the official journal of the American Society for Bone and Mineral Research,research/searches/B2/pubmed/pubmed_b2_designpilot_20260710/efetch_019.xml,false,true,false,false,context_only_no_decision
DUPC-000106,exact_normalized_title,manual_title_collision_review,REC-PUBMED-17588105,17588105,10.5144/0256-4947.1991.289,Hypercalcemia in active pulmonary tuberculosis.,Al-Majed SA,1991,Annals of Saudi medicine,research/searches/B2/pubmed/pubmed_b2_designpilot_20260710/efetch_019.xml,REC-PUBMED-3576268,3576268,10.1097/00007611-198705000-00007,Hypercalcemia in active pulmonary tuberculosis.,Sullivan JN,1987,Southern medical journal,research/searches/B2/pubmed/pubmed_b2_designpilot_20260710/efetch_021.xml,false,true,false,false,context_only_no_decision
DUPC-000107,exact_normalized_title,manual_title_collision_review,REC-PUBMED-17588105,17588105,10.5144/0256-4947.1991.289,Hypercalcemia in active pulmonary tuberculosis.,Al-Majed SA,1991,Annals of Saudi medicine,research/searches/B2/pubmed/pubmed_b2_designpilot_20260710/efetch_019.xml,REC-PUBMED-426400,426400,10.7326/0003-4819-90-3-324,Hypercalcemia in active pulmonary tuberculosis.,Abbasi AA,1979,Annals of internal medicine,research/searches/B2/pubmed/pubmed_b2_designpilot_20260710/efetch_023.xml,false,true,false,false,context_only_no_decision
DUPC-000108,exact_normalized_title,manual_title_collision_review,REC-PUBMED-17711963,17711963,10.1136/emj.2007.049643,Cardiac tamponade secondary to haemopericardium in a patient on warfarin.,Hong YC,2007,Emergency medicine journal : EMJ,research/searches/A1/pubmed/pubmed_a1_designpilot_20260710/efetch_008.xml,REC-PUBMED-22485118,22485118,10.1136/bcr.01.2010.2606,Cardiac tamponade secondary to haemopericardium in a patient on warfarin.,Al-Jundi W,2010,BMJ case reports,research/searches/A1/pubmed/pubmed_a1_designpilot_20260710/efetch_041.xml,false,true,false,false,context_only_no_decision
DUPC-000109,exact_normalized_title,manual_title_collision_review,REC-PUBMED-17982511,17982511,,Gateways to clinical trials.,Bayes M,2007,Methods and findings in experimental and clinical pharmacology,research/searches/B3/pubmed/pubmed_b3_designpilot_20260710/efetch_002.xml,REC-PUBMED-18389098,18389098,,Gateways to clinical trials.,Bayés M,2008,Methods and findings in experimental and clinical pharmacology,research/searches/A2/pubmed/pubmed_a2_designpilot_20260710/efetch_003.xml,false,true,false,false,context_only_no_decision
DUPC-000110,exact_normalized_title,manual_title_collision_review,REC-PUBMED-17982511,17982511,,Gateways to clinical trials.,Bayes M,2007,Methods and findings in experimental and clinical pharmacology,research/searches/B3/pubmed/pubmed_b3_designpilot_20260710/efetch_002.xml,REC-PUBMED-18806898,18806898,,Gateways to clinical trials.,Tomillero A,2008,Methods and findings in experimental and clinical pharmacology,research/searches/A2/pubmed/pubmed_a2_designpilot_20260710/efetch_003.xml,false,true,false,false,context_only_no_decision
DUPC-000111,exact_normalized_title,manual_title_collision_review,REC-PUBMED-17982511,17982511,,Gateways to clinical trials.,Bayes M,2007,Methods and findings in experimental and clinical pharmacology,research/searches/B3/pubmed/pubmed_b3_designpilot_20260710/efetch_002.xml,REC-PUBMED-20664824,20664824,10.1358/mf.2010.32.5.1520420,Gateways to clinical trials.,Tomillero A,2010,Methods and findings in experimental and clinical pharmacology,research/searches/A2/pubmed/pubmed_a2_designpilot_20260710/efetch_003.xml,false,true,false,false,context_only_no_decision
DUPC-000112,exact_normalized_title,manual_title_collision_review,REC-PUBMED-1800003,1800003,10.1159/000420167,"The noncalcemic analogue of vitamin D, 22-oxacalcitriol, suppresses parathyroid hormone synthesis and secretion.",Nishii Y,1991,Contributions to nephrology,research/searches/B2/pubmed/pubmed_b2_designpilot_20260710/efetch_020.xml,REC-PUBMED-2760211,2760211,10.1172/jci114229,"The noncalcemic analogue of vitamin D, 22-oxacalcitriol, suppresses parathyroid hormone synthesis and secretion.",Brown AJ,1989,The Journal of clinical investigation,research/searches/B2/pubmed/pubmed_b2_designpilot_20260710/efetch_020.xml,false,true,false,false,context_only_no_decision
DUPC-000113,exact_normalized_title,manual_title_collision_review,REC-PUBMED-18046581,18046581,10.1007/s00467-007-0671-3,Chronic kidney disease mineral and bone disorder in children.,Wesseling K,2008,"Pediatric nephrology (Berlin, Germany)",research/searches/B2/pubmed/pubmed_b2_designpilot_20260710/efetch_013.xml,REC-PUBMED-23465503,23465503,10.1016/j.semnephrol.2012.12.017,Chronic kidney disease: mineral and bone disorder in children.,Wesseling-Perry K,2013,Seminars in nephrology,research/searches/B2/pubmed/pubmed_b2_designpilot_20260710/efetch_010.xml,false,true,false,false,context_only_no_decision
DUPC-000114,exact_normalized_title,manual_title_collision_review,REC-PUBMED-18096568,18096568,10.1093/eurheartj/ehm575,New oral anticoagulants in atrial fibrillation.,Turpie AG,2008,European heart journal,research/searches/A1/pubmed/pubmed_a1_designpilot_20260710/efetch_008.xml,REC-PUBMED-21286676,21286676,10.1007/s00115-010-3114-5,[New oral anticoagulants in atrial fibrillation].,Veltkamp R,2011,Der Nervenarzt,research/searches/A1/pubmed/pubmed_a1_designpilot_20260710/efetch_040.xml,false,true,false,false,context_only_no_decision
DUPC-000115,exact_normalized_title,manual_title_collision_review,REC-PUBMED-18273573,18273573,10.1007/s00059-008-3090-8,[Anticoagulation in atrial fibrillation].,Binggeli C,2008,Herz,research/searches/A1/pubmed/pubmed_a1_designpilot_20260710/efetch_008.xml,REC-PUBMED-18836647,18836647,,[Anticoagulation in atrial fibrillation].,Schwarz M,2008,Hamostaseologie,research/searches/A1/pubmed/pubmed_a1_designpilot_20260710/efetch_007.xml,false,true,false,true,context_only_no_decision
DUPC-000116,exact_normalized_title,manual_title_collision_review,REC-PUBMED-18273573,18273573,10.1007/s00059-008-3090-8,[Anticoagulation in atrial fibrillation].,Binggeli C,2008,Herz,research/searches/A1/pubmed/pubmed_a1_designpilot_20260710/efetch_008.xml,REC-PUBMED-24733535,24733535,10.1136/bmj.g2116,Anticoagulation in atrial fibrillation.,Steinberg BA,2014,BMJ (Clinical research ed.),research/searches/A1/pubmed/pubmed_a1_designpilot_20260710/efetch_033.xml,false,true,false,false,context_only_no_decision
DUPC-000117,exact_normalized_title,manual_title_collision_review,REC-PUBMED-18296593,18296593,10.1161/atvbaha.108.162677,New anticoagulants for treatment of venous thromboembolism.,Gross PL,2008,"Arteriosclerosis, thrombosis, and vascular biology",research/searches/A1/pubmed/pubmed_a1_designpilot_20260710/efetch_008.xml,REC-PUBMED-23095463,23095463,10.1016/j.ejim.2012.10.001,New anticoagulants for treatment of venous thromboembolism.,Franchini M,2012,European journal of internal medicine,research/searches/A1/pubmed/pubmed_a1_designpilot_20260710/efetch_037.xml,false,true,false,false,context_only_no_decision
DUPC-000118,exact_normalized_title,manual_title_collision_review,REC-PUBMED-18389098,18389098,,Gateways to clinical trials.,Bayés M,2008,Methods and findings in experimental and clinical pharmacology,research/searches/A2/pubmed/pubmed_a2_designpilot_20260710/efetch_003.xml,REC-PUBMED-18806898,18806898,,Gateways to clinical trials.,Tomillero A,2008,Methods and findings in experimental and clinical pharmacology,research/searches/A2/pubmed/pubmed_a2_designpilot_20260710/efetch_003.xml,false,true,false,true,context_only_no_decision
DUPC-000119,exact_normalized_title,manual_title_collision_review,REC-PUBMED-18389098,18389098,,Gateways to clinical trials.,Bayés M,2008,Methods and findings in experimental and clinical pharmacology,research/searches/A2/pubmed/pubmed_a2_designpilot_20260710/efetch_003.xml,REC-PUBMED-20664824,20664824,10.1358/mf.2010.32.5.1520420,Gateways to clinical trials.,Tomillero A,2010,Methods and findings in experimental and clinical pharmacology,research/searches/A2/pubmed/pubmed_a2_designpilot_20260710/efetch_003.xml,false,true,false,false,context_only_no_decision
DUPC-000120,exact_normalized_title,manual_title_collision_review,REC-PUBMED-18425959,18425959,10.1002/14651858.cd006650.pub2,Anticoagulation for the long term treatment of venous thromboembolism in patients with cancer.,Akl EA,2008,The Cochrane database of systematic reviews,research/searches/A1/pubmed/pubmed_a1_designpilot_20260710/efetch_008.xml,REC-PUBMED-21678361,21678361,10.1002/14651858.cd006650.pub3,Anticoagulation for the long-term treatment of venous thromboembolism in patients with cancer.,Akl EA,2011,The Cochrane database of systematic reviews,research/searches/A1/pubmed/pubmed_a1_designpilot_20260710/efetch_039.xml,false,true,true,false,context_only_no_decision
DUPC-000121,exact_normalized_title,manual_title_collision_review,REC-PUBMED-18425959,18425959,10.1002/14651858.cd006650.pub2,Anticoagulation for the long term treatment of venous thromboembolism in patients with cancer.,Akl EA,2008,The Cochrane database of systematic reviews,research/searches/A1/pubmed/pubmed_a1_designpilot_20260710/efetch_008.xml,REC-PUBMED-25004410,25004410,10.1002/14651858.cd006650.pub4,Anticoagulation for the long-term treatment of venous thromboembolism in patients with cancer.,Akl EA,2014,The Cochrane database of systematic reviews,research/searches/A1/pubmed/pubmed_a1_designpilot_20260710/efetch_032.xml,false,true,true,false,context_only_no_decision
DUPC-000122,exact_normalized_title,manual_title_collision_review,REC-PUBMED-18752379,18752379,10.1592/phco.28.9.1084,Warfarin pharmacogenetics.,Limdi NA,2008,Pharmacotherapy,research/searches/A1/pubmed/pubmed_a1_designpilot_20260710/efetch_007.xml,REC-PUBMED-25282448,25282448,10.1016/j.tcm.2014.09.001,Warfarin pharmacogenetics.,Johnson JA,2015,Trends in cardiovascular medicine,research/searches/A1/pubmed/pubmed_a1_designpilot_20260710/efetch_032.xml,false,true,false,false,context_only_no_decision
DUPC-000123,exact_normalized_title,manual_title_collision_review,REC-PUBMED-187718,187718,,Hypercalcemia.,Pinkerton R,1976,The Journal of family practice,research/searches/B2/pubmed/pubmed_b2_designpilot_20260710/efetch_024.xml,REC-PUBMED-25158579,25158579,,[Hypercalcemia].,Matikainen N,2014,Duodecim; laaketieteellinen aikakauskirja,research/searches/B2/pubmed/pubmed_b2_designpilot_20260710/efetch_009.xml,false,true,false,false,context_only_no_decision
DUPC-000124,exact_normalized_title,manual_title_collision_review,REC-PUBMED-187718,187718,,Hypercalcemia.,Pinkerton R,1976,The Journal of family practice,research/searches/B2/pubmed/pubmed_b2_designpilot_20260710/efetch_024.xml,REC-PUBMED-2648666,2648666,10.1016/s0195-5616(89)50030-5,Hypercalcemia.,Chew DJ,1989,The Veterinary clinics of North America. Small animal practice,research/searches/B2/pubmed/pubmed_b2_designpilot_20260710/efetch_020.xml,false,true,false,false,context_only_no_decision
DUPC-000125,exact_normalized_title,manual_title_collision_review,REC-PUBMED-187718,187718,,Hypercalcemia.,Pinkerton R,1976,The Journal of family practice,research/searches/B2/pubmed/pubmed_b2_designpilot_20260710/efetch_024.xml,REC-PUBMED-6385452,6385452,10.1016/s0195-5616(84)50088-6,Hypercalcemia.,Meuten DJ,1984,The Veterinary clinics of North America. Small animal practice,research/searches/B2/pubmed/pubmed_b2_designpilot_20260710/efetch_022.xml,false,true,false,false,context_only_no_decision
DUPC-000126,exact_normalized_title,manual_title_collision_review,REC-PUBMED-187718,187718,,Hypercalcemia.,Pinkerton R,1976,The Journal of family practice,research/searches/B2/pubmed/pubmed_b2_designpilot_20260710/efetch_024.xml,REC-PUBMED-8029686,8029686,,[Hypercalcemia].,Schmid C,1994,Schweizerische medizinische Wochenschrift,research/searches/B2/pubmed/pubmed_b2_designpilot_20260710/efetch_018.xml,false,true,false,false,context_only_no_decision
DUPC-000127,exact_normalized_title,manual_title_collision_review,REC-PUBMED-18806898,18806898,,Gateways to clinical trials.,Tomillero A,2008,Methods and findings in experimental and clinical pharmacology,research/searches/A2/pubmed/pubmed_a2_designpilot_20260710/efetch_003.xml,REC-PUBMED-20664824,20664824,10.1358/mf.2010.32.5.1520420,Gateways to clinical trials.,Tomillero A,2010,Methods and findings in experimental and clinical pharmacology,research/searches/A2/pubmed/pubmed_a2_designpilot_20260710/efetch_003.xml,false,true,true,false,context_only_no_decision
DUPC-000128,exact_normalized_title,manual_title_collision_review,REC-PUBMED-18836647,18836647,,[Anticoagulation in atrial fibrillation].,Schwarz M,2008,Hamostaseologie,research/searches/A1/pubmed/pubmed_a1_designpilot_20260710/efetch_007.xml,REC-PUBMED-24733535,24733535,10.1136/bmj.g2116,Anticoagulation in atrial fibrillation.,Steinberg BA,2014,BMJ (Clinical research ed.),research/searches/A1/pubmed/pubmed_a1_designpilot_20260710/efetch_033.xml,false,true,false,false,context_only_no_decision
DUPC-000129,exact_normalized_title,manual_title_collision_review,REC-PUBMED-18843633,18843633,10.1002/14651858.cd002786.pub2,Medical adjuvant treatment to increase patency of arteriovenous fistulae and grafts.,Osborn G,2008,The Cochrane database of systematic reviews,research/searches/A2/pubmed/pubmed_a2_designpilot_20260710/efetch_003.xml,REC-PUBMED-26184395,26184395,10.1002/14651858.cd002786.pub3,Medical adjuvant treatment to increase patency of arteriovenous fistulae and grafts.,Tanner NC,2015,The Cochrane database of systematic reviews,research/searches/A2/pubmed/pubmed_a2_designpilot_20260710/efetch_002.xml,false,true,false,false,context_only_no_decision
DUPC-000130,exact_normalized_title,manual_title_collision_review,REC-PUBMED-18843633,18843633,10.1002/14651858.cd002786.pub2,Medical adjuvant treatment to increase patency of arteriovenous fistulae and grafts.,Osborn G,2008,The Cochrane database of systematic reviews,research/searches/A2/pubmed/pubmed_a2_designpilot_20260710/efetch_003.xml,REC-PUBMED-34298589,34298589,10.1002/14651858.cd002786.pub4,Medical adjuvant treatment to increase patency of arteriovenous fistulae and grafts.,Mohamed I,2021,The Cochrane database of systematic reviews,research/searches/A2/pubmed/pubmed_a2_designpilot_20260710/efetch_001.xml,false,true,false,false,context_only_no_decision
DUPC-000131,exact_normalized_title,manual_title_collision_review,REC-PUBMED-19365276,19365276,10.2459/jcm.0b013e3283249aee,New anticoagulants for atrial fibrillation.,De Caterina R,2009,"Journal of cardiovascular medicine (Hagerstown, Md.)",research/searches/A1/pubmed/pubmed_a1_designpilot_20260710/efetch_007.xml,REC-PUBMED-19739042,19739042,10.1055/s-0029-1234147,New anticoagulants for atrial fibrillation.,Sobieraj-Teague M,2009,Seminars in thrombosis and hemostasis,research/searches/A1/pubmed/pubmed_a1_designpilot_20260710/efetch_006.xml,false,true,false,true,context_only_no_decision
DUPC-000132,exact_normalized_title,high_title_author_year,REC-PUBMED-19433754,19433754,10.1161/circulationaha.109.192272,Percutaneous device closure of patent foramen ovale for secondary stroke prevention: a call for completion of randomized clinical trials: a science advisory from the American Heart Association/American Stroke Association and the American College of Cardiology Foundation.,O'Gara PT,2009,Circulation,research/searches/A1/pubmed/pubmed_a1_designpilot_20260710/efetch_006.xml,REC-PUBMED-19460622,19460622,10.1016/j.jacc.2009.04.001,Percutaneous device closure of patent foramen ovale for secondary stroke prevention: a call for completion of randomized clinical trials. A science advisory from the American Heart Association/American Stroke Association and the American College of Cardiology Foundation.,O'Gara PT,2009,Journal of the American College of Cardiology,research/searches/A1/pubmed/pubmed_a1_designpilot_20260710/efetch_006.xml,false,true,true,true,context_only_no_decision
DUPC-000133,exact_normalized_title,manual_title_collision_review,REC-PUBMED-1945663,1945663,,[Hypercalciuria in children].,Mogorianu PD,1991,Pediatriia,research/searches/B1/pubmed/pubmed_b1_designpilot_20260710/efetch_005.xml,REC-PUBMED-7026160,7026160,,Hypercalciuria in children.,Moore ES,1981,Contributions to nephrology,research/searches/B1/pubmed/pubmed_b1_designpilot_20260710/efetch_006.xml,false,true,false,false,context_only_no_decision
DUPC-000134,exact_normalized_title,manual_title_collision_review,REC-PUBMED-19479657,19479657,,Warfarin pharmacogenomics.,Cavallari LH,2009,Current opinion in molecular therapeutics,research/searches/A1/pubmed/pubmed_a1_designpilot_20260710/efetch_006.xml,REC-PUBMED-20140106,20140106,,Warfarin pharmacogenomics.,Li J,2009,P & T : a peer-reviewed journal for formulary management,research/searches/A1/pubmed/pubmed_a1_designpilot_20260710/efetch_006.xml,false,true,false,true,context_only_no_decision
DUPC-000135,exact_normalized_title,manual_title_collision_review,REC-PUBMED-19755375,19755375,10.7326/0003-4819-151-6-200909150-00016,Vitamin K to correct overanticoagulation.,Swaim MW,2009,Annals of internal medicine,research/searches/A1/pubmed/pubmed_a1_designpilot_20260710/efetch_006.xml,REC-PUBMED-19755376,19755376,10.7326/0003-4819-151-6-200909150-00018,Vitamin K to correct overanticoagulation.,Pendleton RC,2009,Annals of internal medicine,research/searches/A1/pubmed/pubmed_a1_designpilot_20260710/efetch_006.xml,false,true,false,true,context_only_no_decision
DUPC-000136,exact_normalized_title,manual_title_collision_review,REC-PUBMED-19755375,19755375,10.7326/0003-4819-151-6-200909150-00016,Vitamin K to correct overanticoagulation.,Swaim MW,2009,Annals of internal medicine,research/searches/A1/pubmed/pubmed_a1_designpilot_20260710/efetch_006.xml,REC-PUBMED-19755377,19755377,10.7326/0003-4819-151-6-200909150-00017,Vitamin K to correct overanticoagulation.,Pengo V,2009,Annals of internal medicine,research/searches/A1/pubmed/pubmed_a1_designpilot_20260710/efetch_006.xml,false,true,false,true,context_only_no_decision
DUPC-000137,exact_normalized_title,manual_title_collision_review,REC-PUBMED-19755375,19755375,10.7326/0003-4819-151-6-200909150-00016,Vitamin K to correct overanticoagulation.,Swaim MW,2009,Annals of internal medicine,research/searches/A1/pubmed/pubmed_a1_designpilot_20260710/efetch_006.xml,REC-PUBMED-19755378,19755378,10.7326/0003-4819-151-6-200909150-00020,Vitamin K to correct overanticoagulation.,Kumar PD,2009,Annals of internal medicine,research/searches/A1/pubmed/pubmed_a1_designpilot_20260710/efetch_006.xml,false,true,false,true,context_only_no_decision
DUPC-000138,exact_normalized_title,manual_title_collision_review,REC-PUBMED-19755375,19755375,10.7326/0003-4819-151-6-200909150-00016,Vitamin K to correct overanticoagulation.,Swaim MW,2009,Annals of internal medicine,research/searches/A1/pubmed/pubmed_a1_designpilot_20260710/efetch_006.xml,REC-PUBMED-19755379,19755379,10.7326/0003-4819-151-6-200909150-00019,Vitamin K to correct overanticoagulation.,Jindeel A,2009,Annals of internal medicine,research/searches/A1/pubmed/pubmed_a1_designpilot_20260710/efetch_006.xml,false,true,false,true,context_only_no_decision
DUPC-000139,exact_normalized_title,manual_title_collision_review,REC-PUBMED-19755376,19755376,10.7326/0003-4819-151-6-200909150-00018,Vitamin K to correct overanticoagulation.,Pendleton RC,2009,Annals of internal medicine,research/searches/A1/pubmed/pubmed_a1_designpilot_20260710/efetch_006.xml,REC-PUBMED-19755377,19755377,10.7326/0003-4819-151-6-200909150-00017,Vitamin K to correct overanticoagulation.,Pengo V,2009,Annals of internal medicine,research/searches/A1/pubmed/pubmed_a1_designpilot_20260710/efetch_006.xml,false,true,false,true,context_only_no_decision
DUPC-000140,exact_normalized_title,manual_title_collision_review,REC-PUBMED-19755376,19755376,10.7326/0003-4819-151-6-200909150-00018,Vitamin K to correct overanticoagulation.,Pendleton RC,2009,Annals of internal medicine,research/searches/A1/pubmed/pubmed_a1_designpilot_20260710/efetch_006.xml,REC-PUBMED-19755378,19755378,10.7326/0003-4819-151-6-200909150-00020,Vitamin K to correct overanticoagulation.,Kumar PD,2009,Annals of internal medicine,research/searches/A1/pubmed/pubmed_a1_designpilot_20260710/efetch_006.xml,false,true,false,true,context_only_no_decision
DUPC-000141,exact_normalized_title,manual_title_collision_review,REC-PUBMED-19755376,19755376,10.7326/0003-4819-151-6-200909150-00018,Vitamin K to correct overanticoagulation.,Pendleton RC,2009,Annals of internal medicine,research/searches/A1/pubmed/pubmed_a1_designpilot_20260710/efetch_006.xml,REC-PUBMED-19755379,19755379,10.7326/0003-4819-151-6-200909150-00019,Vitamin K to correct overanticoagulation.,Jindeel A,2009,Annals of internal medicine,research/searches/A1/pubmed/pubmed_a1_designpilot_20260710/efetch_006.xml,false,true,false,true,context_only_no_decision
DUPC-000142,exact_normalized_title,manual_title_collision_review,REC-PUBMED-19755377,19755377,10.7326/0003-4819-151-6-200909150-00017,Vitamin K to correct overanticoagulation.,Pengo V,2009,Annals of internal medicine,research/searches/A1/pubmed/pubmed_a1_designpilot_20260710/efetch_006.xml,REC-PUBMED-19755378,19755378,10.7326/0003-4819-151-6-200909150-00020,Vitamin K to correct overanticoagulation.,Kumar PD,2009,Annals of internal medicine,research/searches/A1/pubmed/pubmed_a1_designpilot_20260710/efetch_006.xml,false,true,false,true,context_only_no_decision
DUPC-000143,exact_normalized_title,manual_title_collision_review,REC-PUBMED-19755377,19755377,10.7326/0003-4819-151-6-200909150-00017,Vitamin K to correct overanticoagulation.,Pengo V,2009,Annals of internal medicine,research/searches/A1/pubmed/pubmed_a1_designpilot_20260710/efetch_006.xml,REC-PUBMED-19755379,19755379,10.7326/0003-4819-151-6-200909150-00019,Vitamin K to correct overanticoagulation.,Jindeel A,2009,Annals of internal medicine,research/searches/A1/pubmed/pubmed_a1_designpilot_20260710/efetch_006.xml,false,true,false,true,context_only_no_decision
DUPC-000144,exact_normalized_title,manual_title_collision_review,REC-PUBMED-19755378,19755378,10.7326/0003-4819-151-6-200909150-00020,Vitamin K to correct overanticoagulation.,Kumar PD,2009,Annals of internal medicine,research/searches/A1/pubmed/pubmed_a1_designpilot_20260710/efetch_006.xml,REC-PUBMED-19755379,19755379,10.7326/0003-4819-151-6-200909150-00019,Vitamin K to correct overanticoagulation.,Jindeel A,2009,Annals of internal medicine,research/searches/A1/pubmed/pubmed_a1_designpilot_20260710/efetch_006.xml,false,true,false,true,context_only_no_decision
DUPC-000145,exact_normalized_title,manual_title_collision_review,REC-PUBMED-19776416,19776416,10.1056/nejmc091230,Clopidogrel plus aspirin in atrial fibrillation.,Pisters R,2009,The New England journal of medicine,research/searches/A1/pubmed/pubmed_a1_designpilot_20260710/efetch_006.xml,REC-PUBMED-19780216,19780216,,Clopidogrel plus aspirin in atrial fibrillation.,Richard T,2009,The New England journal of medicine,research/searches/A1/pubmed/pubmed_a1_designpilot_20260710/efetch_006.xml,false,true,false,true,context_only_no_decision
DUPC-000146,exact_normalized_title,manual_title_collision_review,REC-PUBMED-197820,197820,10.1007/978-1-4613-4217-5_30,Idiopathic hypercalciuria.,Pak CY,1977,Advances in experimental medicine and biology,research/searches/B2/pubmed/pubmed_b2_designpilot_20260710/efetch_024.xml,REC-PUBMED-2645429,2645429,10.1016/s0022-5347(17)40993-1,Idiopathic hypercalciuria.,Lemann J,1989,The Journal of urology,research/searches/B2/pubmed/pubmed_b2_designpilot_20260710/efetch_020.xml,false,true,false,false,context_only_no_decision
DUPC-000147,exact_normalized_title,manual_title_collision_review,REC-PUBMED-197820,197820,10.1007/978-1-4613-4217-5_30,Idiopathic hypercalciuria.,Pak CY,1977,Advances in experimental medicine and biology,research/searches/B2/pubmed/pubmed_b2_designpilot_20260710/efetch_024.xml,REC-PUBMED-5542056,5542056,10.1056/nejm197103042840918,Idiopathic hypercalciuria.,Silber SJ,1971,The New England journal of medicine,research/searches/B1/pubmed/pubmed_b1_designpilot_20260710/efetch_006.xml,false,true,false,false,context_only_no_decision
DUPC-000148,exact_normalized_title,manual_title_collision_review,REC-PUBMED-197820,197820,10.1007/978-1-4613-4217-5_30,Idiopathic hypercalciuria.,Pak CY,1977,Advances in experimental medicine and biology,research/searches/B2/pubmed/pubmed_b2_designpilot_20260710/efetch_024.xml,REC-PUBMED-6144904,6144904,10.1016/s0140-6736(84)91426-0,Idiopathic hypercalciuria.,Payne RB,1984,"Lancet (London, England)",research/searches/B1/pubmed/pubmed_b1_designpilot_20260710/efetch_006.xml,false,true,false,false,context_only_no_decision
DUPC-000149,exact_normalized_title,manual_title_collision_review,REC-PUBMED-197820,197820,10.1007/978-1-4613-4217-5_30,Idiopathic hypercalciuria.,Pak CY,1977,Advances in experimental medicine and biology,research/searches/B2/pubmed/pubmed_b2_designpilot_20260710/efetch_024.xml,REC-PUBMED-6689528,6689528,,Idiopathic hypercalciuria.,Coe FL,1983,Henry Ford Hospital medical journal,research/searches/B2/pubmed/pubmed_b2_designpilot_20260710/efetch_022.xml,false,true,false,false,context_only_no_decision
DUPC-000150,exact_normalized_title,manual_title_collision_review,REC-PUBMED-197820,197820,10.1007/978-1-4613-4217-5_30,Idiopathic hypercalciuria.,Pak CY,1977,Advances in experimental medicine and biology,research/searches/B2/pubmed/pubmed_b2_designpilot_20260710/efetch_024.xml,REC-PUBMED-6761462,6761462,,[Idiopathic hypercalciuria].,Iida N,1982,Nihon rinsho. Japanese journal of clinical medicine,research/searches/B1/pubmed/pubmed_b1_designpilot_20260710/efetch_006.xml,false,true,false,false,context_only_no_decision
DUPC-000151,exact_normalized_title,manual_title_collision_review,REC-PUBMED-19880491,19880491,10.1182/blood-2009-09-241851,The new oral anticoagulants.,Garcia D,2010,Blood,research/searches/A1/pubmed/pubmed_a1_designpilot_20260710/efetch_006.xml,REC-PUBMED-20657677,20657677,10.1007/bf03091782,The new oral anticoagulants.,Verheugt FW,2010,Netherlands heart journal : monthly journal of the Netherlands Society of Cardiology and the Netherlands Heart Foundation,research/searches/A1/pubmed/pubmed_a1_designpilot_20260710/efetch_041.xml,false,true,false,true,context_only_no_decision
DUPC-000152,exact_normalized_title,manual_title_collision_review,REC-PUBMED-19996844,19996844,10.1097/smj.0b013e3181c47dcf,Warfarin-induced skin necrosis.,Inayatullah S,2010,Southern medical journal,research/searches/A1/pubmed/pubmed_a1_designpilot_20260710/efetch_041.xml,REC-PUBMED-25673894,25673894,10.1310/hpj4911-1044,Warfarin-induced skin necrosis.,Pourdeyhimi N,2014,Hospital pharmacy,research/searches/A1/pubmed/pubmed_a1_designpilot_20260710/efetch_031.xml,false,true,false,false,context_only_no_decision
DUPC-000153,exact_normalized_title,manual_title_collision_review,REC-PUBMED-20107757,20107757,10.1007/s00108-009-2514-8,[Treatment of venous thromboembolism].,Willeke A,2010,Der Internist,research/searches/A1/pubmed/pubmed_a1_designpilot_20260710/efetch_041.xml,REC-PUBMED-24549552,24549552,10.1001/jama.2014.65,Treatment of venous thromboembolism.,Wells PS,2014,JAMA,research/searches/A1/pubmed/pubmed_a1_designpilot_20260710/efetch_034.xml,false,true,false,false,context_only_no_decision
DUPC-000154,exact_normalized_title,manual_title_collision_review,REC-PUBMED-20301329,20301329,,Hypophosphatasia,,1993,GeneReviews®,research/searches/B2/pubmed/pubmed_b2_designpilot_20260710/efetch_002.xml,REC-PUBMED-27084188,27084188,10.1007/s11914-016-0309-0,Hypophosphatasia.,Linglart A,2016,Current osteoporosis reports,research/searches/B2/pubmed/pubmed_b2_designpilot_20260710/efetch_008.xml,false,true,false,false,context_only_no_decision
DUPC-000155,exact_normalized_title,manual_title_collision_review,REC-PUBMED-20645985,20645985,10.1111/j.1755-5922.2010.00209.x,New antithrombotics for atrial fibrillation.,Bereznicki LR,2010,Cardiovascular therapeutics,research/searches/A1/pubmed/pubmed_a1_designpilot_20260710/efetch_041.xml,REC-PUBMED-21291575,21291575,,[New antithrombotics for atrial fibrillation].,Verheugt F,2011,Nederlands tijdschrift voor geneeskunde,research/searches/A1/pubmed/pubmed_a1_designpilot_20260710/efetch_040.xml,false,true,false,false,context_only_no_decision
DUPC-000156,exact_normalized_title,manual_title_collision_review,REC-PUBMED-21052837,21052837,10.1007/s11096-010-9448-z,Clinical applications of pharmacogenomics guided warfarin dosing.,Mahajan P,2013,International journal of clinical pharmacy,research/searches/A1/pubmed/pubmed_a1_designpilot_20260710/efetch_040.xml,REC-PUBMED-21365388,21365388,10.1007/s11096-011-9486-1,Clinical applications of pharmacogenomics guided warfarin dosing.,Mahajan P,2011,International journal of clinical pharmacy,research/searches/A1/pubmed/pubmed_a1_designpilot_20260710/efetch_040.xml,false,true,true,false,context_only_no_decision
DUPC-000157,exact_normalized_title,manual_title_collision_review,REC-PUBMED-21154368,21154368,10.1002/14651858.cd006466.pub2,Oral anticoagulation in patients with cancer who have no therapeutic or prophylactic indication for anticoagulation.,Akl EA,2010,The Cochrane database of systematic reviews,research/searches/A1/pubmed/pubmed_a1_designpilot_20260710/efetch_040.xml,REC-PUBMED-21678357,21678357,10.1002/14651858.cd006466.pub3,Oral anticoagulation in patients with cancer who have no therapeutic or prophylactic indication for anticoagulation.,Akl EA,2011,The Cochrane database of systematic reviews,research/searches/A1/pubmed/pubmed_a1_designpilot_20260710/efetch_039.xml,false,true,true,false,context_only_no_decision
DUPC-000158,exact_normalized_title,manual_title_collision_review,REC-PUBMED-21154368,21154368,10.1002/14651858.cd006466.pub2,Oral anticoagulation in patients with cancer who have no therapeutic or prophylactic indication for anticoagulation.,Akl EA,2010,The Cochrane database of systematic reviews,research/searches/A1/pubmed/pubmed_a1_designpilot_20260710/efetch_040.xml,REC-PUBMED-24897382,24897382,10.1002/14651858.cd006466.pub4,Oral anticoagulation in patients with cancer who have no therapeutic or prophylactic indication for anticoagulation.,Akl EA,2014,The Cochrane database of systematic reviews,research/searches/A1/pubmed/pubmed_a1_designpilot_20260710/efetch_033.xml,false,true,true,false,context_only_no_decision
DUPC-000159,exact_normalized_title,manual_title_collision_review,REC-PUBMED-21154368,21154368,10.1002/14651858.cd006466.pub2,Oral anticoagulation in patients with cancer who have no therapeutic or prophylactic indication for anticoagulation.,Akl EA,2010,The Cochrane database of systematic reviews,research/searches/A1/pubmed/pubmed_a1_designpilot_20260710/efetch_040.xml,REC-PUBMED-24980743,24980743,10.1002/14651858.cd006466.pub5,Oral anticoagulation in patients with cancer who have no therapeutic or prophylactic indication for anticoagulation.,Akl EA,2014,The Cochrane database of systematic reviews,research/searches/A1/pubmed/pubmed_a1_designpilot_20260710/efetch_032.xml,false,true,true,false,context_only_no_decision
DUPC-000160,exact_normalized_title,manual_title_collision_review,REC-PUBMED-21241354,21241354,10.1111/j.1365-2125.2011.03916.x,Direct thrombin inhibitors.,Lee CJ,2011,British journal of clinical pharmacology,research/searches/A1/pubmed/pubmed_a1_designpilot_20260710/efetch_040.xml,REC-PUBMED-21335484,21335484,10.1177/1074248410395941,Direct thrombin inhibitors.,O'Brien PJ,2012,Journal of cardiovascular pharmacology and therapeutics,research/searches/A1/pubmed/pubmed_a1_designpilot_20260710/efetch_040.xml,false,true,false,false,context_only_no_decision
DUPC-000161,exact_normalized_title,manual_title_collision_review,REC-PUBMED-21246392,21246392,10.1007/s10195-010-0125-8,Italian intersociety consensus statement on antithrombotic prophylaxis in hip and knee replacement and in femoral neck fracture surgery.,Randelli F,2011,Journal of orthopaedics and traumatology : official journal of the Italian Society of Orthopaedics and Traumatology,research/searches/A1/pubmed/pubmed_a1_designpilot_20260710/efetch_040.xml,REC-PUBMED-21952601,21952601,,Italian intersociety consensus statement on antithrombotic prophylaxis in hip and knee replacement and in femoral neck fracture surgery.,Della Rocca G,2011,Minerva anestesiologica,research/searches/A1/pubmed/pubmed_a1_designpilot_20260710/efetch_039.xml,false,true,false,true,context_only_no_decision
DUPC-000162,exact_normalized_title,high_title_author_year,REC-PUBMED-21328283,21328283,10.1002/14651858.cd006468.pub3,Anticoagulation for patients with cancer and central venous catheters.,Akl EA,2011,The Cochrane database of systematic reviews,research/searches/A1/pubmed/pubmed_a1_designpilot_20260710/efetch_040.xml,REC-PUBMED-21491394,21491394,10.1002/14651858.cd006468.pub4,Anticoagulation for patients with cancer and central venous catheters.,Akl EA,2011,The Cochrane database of systematic reviews,research/searches/A1/pubmed/pubmed_a1_designpilot_20260710/efetch_039.xml,false,true,true,true,context_only_no_decision
DUPC-000163,exact_normalized_title,manual_title_collision_review,REC-PUBMED-21412884,21412884,10.1002/14651858.cd003962.pub2,Non-immunosuppressive treatment for IgA nephropathy.,Reid S,2011,The Cochrane database of systematic reviews,research/searches/A2/pubmed/pubmed_a2_designpilot_20260710/efetch_003.xml,REC-PUBMED-38299639,38299639,10.1002/14651858.cd003962.pub3,Non-immunosuppressive treatment for IgA nephropathy.,Tunnicliffe DJ,2024,The Cochrane database of systematic reviews,research/searches/A2/pubmed/pubmed_a2_designpilot_20260710/efetch_001.xml,false,true,false,false,context_only_no_decision
DUPC-000164,exact_normalized_title,manual_title_collision_review,REC-PUBMED-21678357,21678357,10.1002/14651858.cd006466.pub3,Oral anticoagulation in patients with cancer who have no therapeutic or prophylactic indication for anticoagulation.,Akl EA,2011,The Cochrane database of systematic reviews,research/searches/A1/pubmed/pubmed_a1_designpilot_20260710/efetch_039.xml,REC-PUBMED-24897382,24897382,10.1002/14651858.cd006466.pub4,Oral anticoagulation in patients with cancer who have no therapeutic or prophylactic indication for anticoagulation.,Akl EA,2014,The Cochrane database of systematic reviews,research/searches/A1/pubmed/pubmed_a1_designpilot_20260710/efetch_033.xml,false,true,true,false,context_only_no_decision
DUPC-000165,exact_normalized_title,manual_title_collision_review,REC-PUBMED-21678357,21678357,10.1002/14651858.cd006466.pub3,Oral anticoagulation in patients with cancer who have no therapeutic or prophylactic indication for anticoagulation.,Akl EA,2011,The Cochrane database of systematic reviews,research/searches/A1/pubmed/pubmed_a1_designpilot_20260710/efetch_039.xml,REC-PUBMED-24980743,24980743,10.1002/14651858.cd006466.pub5,Oral anticoagulation in patients with cancer who have no therapeutic or prophylactic indication for anticoagulation.,Akl EA,2014,The Cochrane database of systematic reviews,research/searches/A1/pubmed/pubmed_a1_designpilot_20260710/efetch_032.xml,false,true,true,false,context_only_no_decision
DUPC-000166,exact_normalized_title,manual_title_collision_review,REC-PUBMED-21678361,21678361,10.1002/14651858.cd006650.pub3,Anticoagulation for the long-term treatment of venous thromboembolism in patients with cancer.,Akl EA,2011,The Cochrane database of systematic reviews,research/searches/A1/pubmed/pubmed_a1_designpilot_20260710/efetch_039.xml,REC-PUBMED-25004410,25004410,10.1002/14651858.cd006650.pub4,Anticoagulation for the long-term treatment of venous thromboembolism in patients with cancer.,Akl EA,2014,The Cochrane database of systematic reviews,research/searches/A1/pubmed/pubmed_a1_designpilot_20260710/efetch_032.xml,false,true,true,false,context_only_no_decision
DUPC-000167,exact_normalized_title,manual_title_collision_review,REC-PUBMED-21735411,21735411,10.1002/14651858.cd007470.pub2,Vitamin D supplementation for prevention of mortality in adults.,Bjelakovic G,2011,The Cochrane database of systematic reviews,research/searches/B2/pubmed/pubmed_b2_designpilot_20260710/efetch_011.xml,REC-PUBMED-24414552,24414552,10.1002/14651858.cd007470.pub3,Vitamin D supplementation for prevention of mortality in adults.,Bjelakovic G,2014,The Cochrane database of systematic reviews,research/searches/B1/pubmed/pubmed_b1_designpilot_20260710/efetch_002.xml,false,true,true,false,context_only_no_decision
DUPC-000168,exact_doi|exact_normalized_title,critical_exact_doi,REC-PUBMED-22047571,22047571,10.1056/nejmc1110226,CYP24A1 mutations in idiopathic infantile hypercalcemia.,Ji HF,2011,The New England journal of medicine,research/searches/B2/pubmed/pubmed_b2_designpilot_20260710/efetch_011.xml,REC-PUBMED-22047572,22047572,10.1056/nejmc1110226,CYP24A1 mutations in idiopathic infantile hypercalcemia.,Streeten EA,2011,The New England journal of medicine,research/searches/B2/pubmed/pubmed_b2_designpilot_20260710/efetch_011.xml,true,true,false,true,context_only_no_decision
DUPC-000169,exact_normalized_title,manual_title_collision_review,REC-PUBMED-22336844,22336844,10.1002/14651858.cd008500.pub2,Primary prophylaxis for venous thromboembolism in ambulatory cancer patients receiving chemotherapy.,Di Nisio M,2012,The Cochrane database of systematic reviews,research/searches/A1/pubmed/pubmed_a1_designpilot_20260710/efetch_038.xml,REC-PUBMED-25171736,25171736,10.1002/14651858.cd008500.pub3,Primary prophylaxis for venous thromboembolism in ambulatory cancer patients receiving chemotherapy.,Di Nisio M,2014,The Cochrane database of systematic reviews,research/searches/A1/pubmed/pubmed_a1_designpilot_20260710/efetch_032.xml,false,true,true,false,context_only_no_decision
DUPC-000170,exact_normalized_title,manual_title_collision_review,REC-PUBMED-22336844,22336844,10.1002/14651858.cd008500.pub2,Primary prophylaxis for venous thromboembolism in ambulatory cancer patients receiving chemotherapy.,Di Nisio M,2012,The Cochrane database of systematic reviews,research/searches/A1/pubmed/pubmed_a1_designpilot_20260710/efetch_038.xml,REC-PUBMED-27906452,27906452,10.1002/14651858.cd008500.pub4,Primary prophylaxis for venous thromboembolism in ambulatory cancer patients receiving chemotherapy.,Di Nisio M,2016,The Cochrane database of systematic reviews,research/searches/A1/pubmed/pubmed_a1_designpilot_20260710/efetch_024.xml,false,true,true,false,context_only_no_decision
DUPC-000171,exact_normalized_title,manual_title_collision_review,REC-PUBMED-22336844,22336844,10.1002/14651858.cd008500.pub2,Primary prophylaxis for venous thromboembolism in ambulatory cancer patients receiving chemotherapy.,Di Nisio M,2012,The Cochrane database of systematic reviews,research/searches/A1/pubmed/pubmed_a1_designpilot_20260710/efetch_038.xml,REC-PUBMED-33337539,33337539,10.1002/14651858.cd008500.pub5,Primary prophylaxis for venous thromboembolism in ambulatory cancer patients receiving chemotherapy.,Rutjes AW,2020,The Cochrane database of systematic reviews,research/searches/A1/pubmed/pubmed_a1_designpilot_20260710/efetch_058.xml,false,true,false,false,context_only_no_decision
DUPC-000172,exact_normalized_title,manual_title_collision_review,REC-PUBMED-22425107,22425107,10.1016/j.juro.2011.12.157,Editorial comment.,Conlin MJ,2012,The Journal of urology,research/searches/B1/pubmed/pubmed_b1_designpilot_20260710/efetch_003.xml,REC-PUBMED-28346988,28346988,10.1016/j.juro.2016.08.133,Editorial Comment.,Lieske JC,2017,The Journal of urology,research/searches/B2/pubmed/pubmed_b2_designpilot_20260710/efetch_007.xml,false,true,false,false,context_only_no_decision
DUPC-000173,exact_normalized_title,manual_title_collision_review,REC-PUBMED-22462038,22462038,10.1358/dot.2012.48.3.1745223,Eldecalcitol for the treatment of osteoporosis.,Matsumoto T,2012,"Drugs of today (Barcelona, Spain : 1998)",research/searches/B2/pubmed/pubmed_b2_designpilot_20260710/efetch_011.xml,REC-PUBMED-24101867,24101867,10.2147/cia.s49825,Eldecalcitol for the treatment of osteoporosis.,Noguchi Y,2013,Clinical interventions in aging,research/searches/B2/pubmed/pubmed_b2_designpilot_20260710/efetch_010.xml,false,true,false,false,context_only_no_decision
DUPC-000174,exact_normalized_title,manual_title_collision_review,REC-PUBMED-22470872,22470872,10.4103/2230-8210.93773,Vitamin D toxicity.,Maji D,2012,Indian journal of endocrinology and metabolism,research/searches/B2/pubmed/pubmed_b2_designpilot_20260710/efetch_011.xml,REC-PUBMED-32491799,32491799,,Vitamin D Toxicity,,2026,StatPearls,research/searches/B2/pubmed/pubmed_b2_designpilot_20260710/efetch_003.xml,false,true,false,false,context_only_no_decision
DUPC-000175,exact_normalized_title,manual_title_collision_review,REC-PUBMED-22475258,22475258,10.1016/j.prrv.2011.09.002,Pulmonary embolism in children.,Dijk FN,2012,Paediatric respiratory reviews,research/searches/A1/pubmed/pubmed_a1_designpilot_20260710/efetch_038.xml,REC-PUBMED-28848725,28848725,10.3389/fped.2017.00170,Pulmonary Embolism in Children.,Zaidi AU,2017,Frontiers in pediatrics,research/searches/A1/pubmed/pubmed_a1_designpilot_20260710/efetch_021.xml,false,true,false,false,context_only_no_decision
DUPC-000176,exact_normalized_title,manual_title_collision_review,REC-PUBMED-23374739,23374739,10.1016/j.jocd.2012.12.001,Normocalcemic primary hyperparathyroidism.,Cusano NE,2013,Journal of clinical densitometry : the official journal of the International Society for Clinical Densitometry,research/searches/B2/pubmed/pubmed_b2_designpilot_20260710/efetch_010.xml,REC-PUBMED-36382756,36382756,10.20945/2359-3997000000556,Normocalcemic primary hyperparathyroidism.,Cusano NE,2022,Archives of endocrinology and metabolism,research/searches/B2/pubmed/pubmed_b2_designpilot_20260710/efetch_003.xml,false,true,true,false,context_only_no_decision
DUPC-000177,exact_normalized_title,manual_title_collision_review,REC-PUBMED-23514989,23514989,,New anticoagulants for the treatment of venous thromboembolism.,Prandoni P,2013,Minerva medica,research/searches/A1/pubmed/pubmed_a1_designpilot_20260710/efetch_036.xml,REC-PUBMED-27167437,27167437,10.1590/s1806-37562016042020068,New anticoagulants for the treatment of venous thromboembolism.,Fernandes CJ,2016,Jornal brasileiro de pneumologia : publicacao oficial da Sociedade Brasileira de Pneumologia e Tisilogia,research/searches/A1/pubmed/pubmed_a1_designpilot_20260710/efetch_026.xml,false,true,false,false,context_only_no_decision
DUPC-000178,exact_normalized_title,manual_title_collision_review,REC-PUBMED-23657589,23657589,10.1007/s11239-013-0923-y,Reversal of target-specific oral anticoagulants.,Kaatz S,2013,Journal of thrombosis and thrombolysis,research/searches/A1/pubmed/pubmed_a1_designpilot_20260710/efetch_035.xml,REC-PUBMED-24880102,24880102,10.1016/j.drudis.2014.05.013,Reversal of target-specific oral anticoagulants.,Siegal DM,2014,Drug discovery today,research/searches/A1/pubmed/pubmed_a1_designpilot_20260710/efetch_033.xml,false,true,false,false,context_only_no_decision
DUPC-000179,exact_normalized_title,manual_title_collision_review,REC-PUBMED-23843493,23843493,10.1182/blood-2013-04-460162,Treatment of cancer-associated thrombosis.,Lee AY,2013,Blood,research/searches/A1/pubmed/pubmed_a1_designpilot_20260710/efetch_035.xml,REC-PUBMED-35063183,35063183,10.1016/j.bulcan.2021.11.015,[Treatment of cancer associated thrombosis].,Hindré R,2022,Bulletin du cancer,research/searches/A1/pubmed/pubmed_a1_designpilot_20260710/efetch_054.xml,false,true,false,false,context_only_no_decision
DUPC-000180,exact_normalized_title,manual_title_collision_review,REC-PUBMED-23843493,23843493,10.1182/blood-2013-04-460162,Treatment of cancer-associated thrombosis.,Lee AY,2013,Blood,research/searches/A1/pubmed/pubmed_a1_designpilot_20260710/efetch_035.xml,REC-PUBMED-35638950,35638950,,[Treatment of cancer associated thrombosis].,Sanchez O,2022,La Revue du praticien,research/searches/A1/pubmed/pubmed_a1_designpilot_20260710/efetch_052.xml,false,true,false,false,context_only_no_decision
DUPC-000181,exact_normalized_title,manual_title_collision_review,REC-PUBMED-23910562,23910562,10.1016/j.lpm.2013.06.004,[New oral anticoagulants in nonvalvular atrial fibrillation].,Lega JC,2013,"Presse medicale (Paris, France : 1983)",research/searches/A1/pubmed/pubmed_a1_designpilot_20260710/efetch_035.xml,REC-PUBMED-27716952,27716952,10.1002/clc.22582,New Oral Anticoagulants in Nonvalvular Atrial Fibrillation.,Urooj F,2016,Clinical cardiology,research/searches/A1/pubmed/pubmed_a1_designpilot_20260710/efetch_025.xml,false,true,false,false,context_only_no_decision
DUPC-000182,exact_normalized_title,manual_title_collision_review,REC-PUBMED-23925867,23925867,10.1002/14651858.cd008980.pub2,Factor Xa inhibitors versus vitamin K antagonists for preventing cerebral or systemic embolism in patients with atrial fibrillation.,Bruins Slot KM,2013,The Cochrane database of systematic reviews,research/searches/A1/pubmed/pubmed_a1_designpilot_20260710/efetch_035.xml,REC-PUBMED-29509959,29509959,10.1002/14651858.cd008980.pub3,Factor Xa inhibitors versus vitamin K antagonists for preventing cerebral or systemic embolism in patients with atrial fibrillation.,Bruins Slot KM,2018,The Cochrane database of systematic reviews,research/searches/A1/pubmed/pubmed_a1_designpilot_20260710/efetch_019.xml,false,true,true,false,context_only_no_decision
DUPC-000183,exact_normalized_title,manual_title_collision_review,REC-PUBMED-23944728,23944728,,Parathyroid disorders.,Michels TC,2013,American family physician,research/searches/B2/pubmed/pubmed_b2_designpilot_20260710/efetch_010.xml,REC-PUBMED-35289573,35289573,,Parathyroid Disorders.,Sell J,2022,American family physician,research/searches/B2/pubmed/pubmed_b2_designpilot_20260710/efetch_004.xml,false,true,false,false,context_only_no_decision
DUPC-000184,exact_normalized_title,manual_title_collision_review,REC-PUBMED-23953900,23953900,10.1016/j.beha.2013.07.008,Novel oral anticoagulants in non-valvular atrial fibrillation.,Potpara TS,2013,Best practice & research. Clinical haematology,research/searches/A1/pubmed/pubmed_a1_designpilot_20260710/efetch_035.xml,REC-PUBMED-25470147,25470147,10.2174/187152571201141201091848,Novel oral anticoagulants in non-valvular atrial fibrillation.,da Silva RM,2014,Cardiovascular & hematological agents in medicinal chemistry,research/searches/A1/pubmed/pubmed_a1_designpilot_20260710/efetch_031.xml,false,true,false,false,context_only_no_decision
DUPC-000185,exact_normalized_title,manual_title_collision_review,REC-PUBMED-24049843,24049843,,Stroke Prevention in Atrial Fibrillation,,2013,Stroke Prevention in Atrial Fibrillation,research/searches/A1/pubmed/pubmed_a1_designpilot_20260710/efetch_035.xml,REC-PUBMED-27560276,27560276,10.1016/s0140-6736(16)31257-0,Stroke prevention in atrial fibrillation.,Freedman B,2016,"Lancet (London, England)",research/searches/A1/pubmed/pubmed_a1_designpilot_20260710/efetch_025.xml,false,true,false,false,context_only_no_decision
DUPC-000186,exact_normalized_title,manual_title_collision_review,REC-PUBMED-24049843,24049843,,Stroke Prevention in Atrial Fibrillation,,2013,Stroke Prevention in Atrial Fibrillation,research/searches/A1/pubmed/pubmed_a1_designpilot_20260710/efetch_035.xml,REC-PUBMED-34619337,34619337,10.1016/j.tcm.2021.10.001,Stroke prevention in atrial fibrillation.,Lip GYH,2022,Trends in cardiovascular medicine,research/searches/A1/pubmed/pubmed_a1_designpilot_20260710/efetch_055.xml,false,true,false,false,context_only_no_decision
DUPC-000187,exact_normalized_title,manual_title_collision_review,REC-PUBMED-24276249,24276249,10.1007/s10195-013-0274-7,An evidence-based warfarin management protocol reduces surgical delay in hip fracture patients.,Ahmed I,2014,Journal of orthopaedics and traumatology : official journal of the Italian Society of Orthopaedics and Traumatology,research/searches/A1/pubmed/pubmed_a1_designpilot_20260710/efetch_034.xml,REC-PUBMED-25976308,25976308,10.1007/s10195-015-0351-1,An evidence-based warfarin management protocol reduces surgical delay in hip fracture patients.,Diament M,2015,Journal of orthopaedics and traumatology : official journal of the Italian Society of Orthopaedics and Traumatology,research/searches/A1/pubmed/pubmed_a1_designpilot_20260710/efetch_030.xml,false,true,false,false,context_only_no_decision
DUPC-000188,exact_normalized_title,high_title_author_year,REC-PUBMED-24307720,24307720,10.1182/blood-2013-07-518423,The ASH Choosing Wisely® campaign: five hematologic tests and treatments to question.,Hicks LK,2013,Blood,research/searches/A1/pubmed/pubmed_a1_designpilot_20260710/efetch_034.xml,REC-PUBMED-24319155,24319155,10.1182/asheducation-2013.1.9,The ASH Choosing Wisely®campaign: five hematologic tests and treatments to question.,Hicks LK,2013,Hematology. American Society of Hematology. Education Program,research/searches/A1/pubmed/pubmed_a1_designpilot_20260710/efetch_034.xml,false,true,true,true,context_only_no_decision
DUPC-000189,exact_normalized_title,manual_title_collision_review,REC-PUBMED-24343728,24343728,10.1002/14651858.cd010525.pub2,Primary prophylaxis for venous thromboembolism in people undergoing major amputation of the lower extremity.,Robertson L,2013,The Cochrane database of systematic reviews,research/searches/A1/pubmed/pubmed_a1_designpilot_20260710/efetch_034.xml,REC-PUBMED-32692430,32692430,10.1002/14651858.cd010525.pub3,Primary prophylaxis for venous thromboembolism in people undergoing major amputation of the lower extremity.,Herlihy DR,2020,The Cochrane database of systematic reviews,research/searches/A1/pubmed/pubmed_a1_designpilot_20260710/efetch_059.xml,false,true,false,false,context_only_no_decision
DUPC-000190,exact_doi|exact_normalized_title,critical_exact_doi,REC-PUBMED-24785213,24785213,10.1056/nejmc1402521,Genotype-guided dosing of vitamin K antagonists.,Kimmel SE,2014,The New England journal of medicine,research/searches/A1/pubmed/pubmed_a1_designpilot_20260710/efetch_033.xml,REC-PUBMED-24785214,24785214,10.1056/nejmc1402521,Genotype-guided dosing of vitamin K antagonists.,Koller EA,2014,The New England journal of medicine,research/searches/A1/pubmed/pubmed_a1_designpilot_20260710/efetch_033.xml,true,true,false,true,context_only_no_decision
DUPC-000191,exact_doi|exact_normalized_title,critical_exact_doi,REC-PUBMED-24785213,24785213,10.1056/nejmc1402521,Genotype-guided dosing of vitamin K antagonists.,Kimmel SE,2014,The New England journal of medicine,research/searches/A1/pubmed/pubmed_a1_designpilot_20260710/efetch_033.xml,REC-PUBMED-24785215,24785215,10.1056/nejmc1402521,Genotype-guided dosing of vitamin K antagonists.,Schwarz UI,2014,The New England journal of medicine,research/searches/A1/pubmed/pubmed_a1_designpilot_20260710/efetch_033.xml,true,true,false,true,context_only_no_decision
DUPC-000192,exact_doi|exact_normalized_title,critical_exact_doi,REC-PUBMED-24785213,24785213,10.1056/nejmc1402521,Genotype-guided dosing of vitamin K antagonists.,Kimmel SE,2014,The New England journal of medicine,research/searches/A1/pubmed/pubmed_a1_designpilot_20260710/efetch_033.xml,REC-PUBMED-24785216,24785216,10.1056/nejmc1402521,Genotype-guided dosing of vitamin K antagonists.,Pereira NL,2014,The New England journal of medicine,research/searches/A1/pubmed/pubmed_a1_designpilot_20260710/efetch_033.xml,true,true,false,true,context_only_no_decision
DUPC-000193,exact_doi|exact_normalized_title,critical_exact_doi,REC-PUBMED-24785213,24785213,10.1056/nejmc1402521,Genotype-guided dosing of vitamin K antagonists.,Kimmel SE,2014,The New England journal of medicine,research/searches/A1/pubmed/pubmed_a1_designpilot_20260710/efetch_033.xml,REC-PUBMED-24785217,24785217,10.1056/nejmc1402521,Genotype-guided dosing of vitamin K antagonists.,Daneshjou R,2014,The New England journal of medicine,research/searches/A1/pubmed/pubmed_a1_designpilot_20260710/efetch_033.xml,true,true,false,true,context_only_no_decision
DUPC-000194,exact_doi|exact_normalized_title,critical_exact_doi,REC-PUBMED-24785213,24785213,10.1056/nejmc1402521,Genotype-guided dosing of vitamin K antagonists.,Kimmel SE,2014,The New England journal of medicine,research/searches/A1/pubmed/pubmed_a1_designpilot_20260710/efetch_033.xml,REC-PUBMED-24785218,24785218,10.1056/nejmc1402521,Genotype-guided dosing of vitamin K antagonists.,Cavallari LH,2014,The New England journal of medicine,research/searches/A1/pubmed/pubmed_a1_designpilot_20260710/efetch_033.xml,true,true,false,true,context_only_no_decision
DUPC-000195,exact_doi|exact_normalized_title,critical_exact_doi,REC-PUBMED-24785213,24785213,10.1056/nejmc1402521,Genotype-guided dosing of vitamin K antagonists.,Kimmel SE,2014,The New England journal of medicine,research/searches/A1/pubmed/pubmed_a1_designpilot_20260710/efetch_033.xml,REC-PUBMED-24804303,24804303,10.1056/nejmc1402521,Genotype-guided dosing of vitamin K antagonists.,Pirmohamed M,2014,The New England journal of medicine,research/searches/A1/pubmed/pubmed_a1_designpilot_20260710/efetch_033.xml,true,true,false,true,context_only_no_decision
DUPC-000196,exact_doi|exact_normalized_title,critical_exact_doi,REC-PUBMED-24785213,24785213,10.1056/nejmc1402521,Genotype-guided dosing of vitamin K antagonists.,Kimmel SE,2014,The New England journal of medicine,research/searches/A1/pubmed/pubmed_a1_designpilot_20260710/efetch_033.xml,REC-PUBMED-24804306,24804306,10.1056/nejmc1402521,Genotype-guided dosing of vitamin K antagonists.,Maitland-van der Zee AH,2014,The New England journal of medicine,research/searches/A1/pubmed/pubmed_a1_designpilot_20260710/efetch_033.xml,true,true,false,true,context_only_no_decision
DUPC-000197,exact_doi|exact_normalized_title,critical_exact_doi,REC-PUBMED-24785214,24785214,10.1056/nejmc1402521,Genotype-guided dosing of vitamin K antagonists.,Koller EA,2014,The New England journal of medicine,research/searches/A1/pubmed/pubmed_a1_designpilot_20260710/efetch_033.xml,REC-PUBMED-24785215,24785215,10.1056/nejmc1402521,Genotype-guided dosing of vitamin K antagonists.,Schwarz UI,2014,The New England journal of medicine,research/searches/A1/pubmed/pubmed_a1_designpilot_20260710/efetch_033.xml,true,true,false,true,context_only_no_decision
DUPC-000198,exact_doi|exact_normalized_title,critical_exact_doi,REC-PUBMED-24785214,24785214,10.1056/nejmc1402521,Genotype-guided dosing of vitamin K antagonists.,Koller EA,2014,The New England journal of medicine,research/searches/A1/pubmed/pubmed_a1_designpilot_20260710/efetch_033.xml,REC-PUBMED-24785216,24785216,10.1056/nejmc1402521,Genotype-guided dosing of vitamin K antagonists.,Pereira NL,2014,The New England journal of medicine,research/searches/A1/pubmed/pubmed_a1_designpilot_20260710/efetch_033.xml,true,true,false,true,context_only_no_decision
DUPC-000199,exact_doi|exact_normalized_title,critical_exact_doi,REC-PUBMED-24785214,24785214,10.1056/nejmc1402521,Genotype-guided dosing of vitamin K antagonists.,Koller EA,2014,The New England journal of medicine,research/searches/A1/pubmed/pubmed_a1_designpilot_20260710/efetch_033.xml,REC-PUBMED-24785217,24785217,10.1056/nejmc1402521,Genotype-guided dosing of vitamin K antagonists.,Daneshjou R,2014,The New England journal of medicine,research/searches/A1/pubmed/pubmed_a1_designpilot_20260710/efetch_033.xml,true,true,false,true,context_only_no_decision
DUPC-000200,exact_doi|exact_normalized_title,critical_exact_doi,REC-PUBMED-24785214,24785214,10.1056/nejmc1402521,Genotype-guided dosing of vitamin K antagonists.,Koller EA,2014,The New England journal of medicine,research/searches/A1/pubmed/pubmed_a1_designpilot_20260710/efetch_033.xml,REC-PUBMED-24785218,24785218,10.1056/nejmc1402521,Genotype-guided dosing of vitamin K antagonists.,Cavallari LH,2014,The New England journal of medicine,research/searches/A1/pubmed/pubmed_a1_designpilot_20260710/efetch_033.xml,true,true,false,true,context_only_no_decision
DUPC-000201,exact_doi|exact_normalized_title,critical_exact_doi,REC-PUBMED-24785214,24785214,10.1056/nejmc1402521,Genotype-guided dosing of vitamin K antagonists.,Koller EA,2014,The New England journal of medicine,research/searches/A1/pubmed/pubmed_a1_designpilot_20260710/efetch_033.xml,REC-PUBMED-24804303,24804303,10.1056/nejmc1402521,Genotype-guided dosing of vitamin K antagonists.,Pirmohamed M,2014,The New England journal of medicine,research/searches/A1/pubmed/pubmed_a1_designpilot_20260710/efetch_033.xml,true,true,false,true,context_only_no_decision
DUPC-000202,exact_doi|exact_normalized_title,critical_exact_doi,REC-PUBMED-24785214,24785214,10.1056/nejmc1402521,Genotype-guided dosing of vitamin K antagonists.,Koller EA,2014,The New England journal of medicine,research/searches/A1/pubmed/pubmed_a1_designpilot_20260710/efetch_033.xml,REC-PUBMED-24804306,24804306,10.1056/nejmc1402521,Genotype-guided dosing of vitamin K antagonists.,Maitland-van der Zee AH,2014,The New England journal of medicine,research/searches/A1/pubmed/pubmed_a1_designpilot_20260710/efetch_033.xml,true,true,false,true,context_only_no_decision
DUPC-000203,exact_doi|exact_normalized_title,critical_exact_doi,REC-PUBMED-24785215,24785215,10.1056/nejmc1402521,Genotype-guided dosing of vitamin K antagonists.,Schwarz UI,2014,The New England journal of medicine,research/searches/A1/pubmed/pubmed_a1_designpilot_20260710/efetch_033.xml,REC-PUBMED-24785216,24785216,10.1056/nejmc1402521,Genotype-guided dosing of vitamin K antagonists.,Pereira NL,2014,The New England journal of medicine,research/searches/A1/pubmed/pubmed_a1_designpilot_20260710/efetch_033.xml,true,true,false,true,context_only_no_decision
DUPC-000204,exact_doi|exact_normalized_title,critical_exact_doi,REC-PUBMED-24785215,24785215,10.1056/nejmc1402521,Genotype-guided dosing of vitamin K antagonists.,Schwarz UI,2014,The New England journal of medicine,research/searches/A1/pubmed/pubmed_a1_designpilot_20260710/efetch_033.xml,REC-PUBMED-24785217,24785217,10.1056/nejmc1402521,Genotype-guided dosing of vitamin K antagonists.,Daneshjou R,2014,The New England journal of medicine,research/searches/A1/pubmed/pubmed_a1_designpilot_20260710/efetch_033.xml,true,true,false,true,context_only_no_decision
DUPC-000205,exact_doi|exact_normalized_title,critical_exact_doi,REC-PUBMED-24785215,24785215,10.1056/nejmc1402521,Genotype-guided dosing of vitamin K antagonists.,Schwarz UI,2014,The New England journal of medicine,research/searches/A1/pubmed/pubmed_a1_designpilot_20260710/efetch_033.xml,REC-PUBMED-24785218,24785218,10.1056/nejmc1402521,Genotype-guided dosing of vitamin K antagonists.,Cavallari LH,2014,The New England journal of medicine,research/searches/A1/pubmed/pubmed_a1_designpilot_20260710/efetch_033.xml,true,true,false,true,context_only_no_decision
DUPC-000206,exact_doi|exact_normalized_title,critical_exact_doi,REC-PUBMED-24785215,24785215,10.1056/nejmc1402521,Genotype-guided dosing of vitamin K antagonists.,Schwarz UI,2014,The New England journal of medicine,research/searches/A1/pubmed/pubmed_a1_designpilot_20260710/efetch_033.xml,REC-PUBMED-24804303,24804303,10.1056/nejmc1402521,Genotype-guided dosing of vitamin K antagonists.,Pirmohamed M,2014,The New England journal of medicine,research/searches/A1/pubmed/pubmed_a1_designpilot_20260710/efetch_033.xml,true,true,false,true,context_only_no_decision
DUPC-000207,exact_doi|exact_normalized_title,critical_exact_doi,REC-PUBMED-24785215,24785215,10.1056/nejmc1402521,Genotype-guided dosing of vitamin K antagonists.,Schwarz UI,2014,The New England journal of medicine,research/searches/A1/pubmed/pubmed_a1_designpilot_20260710/efetch_033.xml,REC-PUBMED-24804306,24804306,10.1056/nejmc1402521,Genotype-guided dosing of vitamin K antagonists.,Maitland-van der Zee AH,2014,The New England journal of medicine,research/searches/A1/pubmed/pubmed_a1_designpilot_20260710/efetch_033.xml,true,true,false,true,context_only_no_decision
DUPC-000208,exact_doi|exact_normalized_title,critical_exact_doi,REC-PUBMED-24785216,24785216,10.1056/nejmc1402521,Genotype-guided dosing of vitamin K antagonists.,Pereira NL,2014,The New England journal of medicine,research/searches/A1/pubmed/pubmed_a1_designpilot_20260710/efetch_033.xml,REC-PUBMED-24785217,24785217,10.1056/nejmc1402521,Genotype-guided dosing of vitamin K antagonists.,Daneshjou R,2014,The New England journal of medicine,research/searches/A1/pubmed/pubmed_a1_designpilot_20260710/efetch_033.xml,true,true,false,true,context_only_no_decision
DUPC-000209,exact_doi|exact_normalized_title,critical_exact_doi,REC-PUBMED-24785216,24785216,10.1056/nejmc1402521,Genotype-guided dosing of vitamin K antagonists.,Pereira NL,2014,The New England journal of medicine,research/searches/A1/pubmed/pubmed_a1_designpilot_20260710/efetch_033.xml,REC-PUBMED-24785218,24785218,10.1056/nejmc1402521,Genotype-guided dosing of vitamin K antagonists.,Cavallari LH,2014,The New England journal of medicine,research/searches/A1/pubmed/pubmed_a1_designpilot_20260710/efetch_033.xml,true,true,false,true,context_only_no_decision
DUPC-000210,exact_doi|exact_normalized_title,critical_exact_doi,REC-PUBMED-24785216,24785216,10.1056/nejmc1402521,Genotype-guided dosing of vitamin K antagonists.,Pereira NL,2014,The New England journal of medicine,research/searches/A1/pubmed/pubmed_a1_designpilot_20260710/efetch_033.xml,REC-PUBMED-24804303,24804303,10.1056/nejmc1402521,Genotype-guided dosing of vitamin K antagonists.,Pirmohamed M,2014,The New England journal of medicine,research/searches/A1/pubmed/pubmed_a1_designpilot_20260710/efetch_033.xml,true,true,false,true,context_only_no_decision
DUPC-000211,exact_doi|exact_normalized_title,critical_exact_doi,REC-PUBMED-24785216,24785216,10.1056/nejmc1402521,Genotype-guided dosing of vitamin K antagonists.,Pereira NL,2014,The New England journal of medicine,research/searches/A1/pubmed/pubmed_a1_designpilot_20260710/efetch_033.xml,REC-PUBMED-24804306,24804306,10.1056/nejmc1402521,Genotype-guided dosing of vitamin K antagonists.,Maitland-van der Zee AH,2014,The New England journal of medicine,research/searches/A1/pubmed/pubmed_a1_designpilot_20260710/efetch_033.xml,true,true,false,true,context_only_no_decision
DUPC-000212,exact_doi|exact_normalized_title,critical_exact_doi,REC-PUBMED-24785217,24785217,10.1056/nejmc1402521,Genotype-guided dosing of vitamin K antagonists.,Daneshjou R,2014,The New England journal of medicine,research/searches/A1/pubmed/pubmed_a1_designpilot_20260710/efetch_033.xml,REC-PUBMED-24785218,24785218,10.1056/nejmc1402521,Genotype-guided dosing of vitamin K antagonists.,Cavallari LH,2014,The New England journal of medicine,research/searches/A1/pubmed/pubmed_a1_designpilot_20260710/efetch_033.xml,true,true,false,true,context_only_no_decision
DUPC-000213,exact_doi|exact_normalized_title,critical_exact_doi,REC-PUBMED-24785217,24785217,10.1056/nejmc1402521,Genotype-guided dosing of vitamin K antagonists.,Daneshjou R,2014,The New England journal of medicine,research/searches/A1/pubmed/pubmed_a1_designpilot_20260710/efetch_033.xml,REC-PUBMED-24804303,24804303,10.1056/nejmc1402521,Genotype-guided dosing of vitamin K antagonists.,Pirmohamed M,2014,The New England journal of medicine,research/searches/A1/pubmed/pubmed_a1_designpilot_20260710/efetch_033.xml,true,true,false,true,context_only_no_decision
DUPC-000214,exact_doi|exact_normalized_title,critical_exact_doi,REC-PUBMED-24785217,24785217,10.1056/nejmc1402521,Genotype-guided dosing of vitamin K antagonists.,Daneshjou R,2014,The New England journal of medicine,research/searches/A1/pubmed/pubmed_a1_designpilot_20260710/efetch_033.xml,REC-PUBMED-24804306,24804306,10.1056/nejmc1402521,Genotype-guided dosing of vitamin K antagonists.,Maitland-van der Zee AH,2014,The New England journal of medicine,research/searches/A1/pubmed/pubmed_a1_designpilot_20260710/efetch_033.xml,true,true,false,true,context_only_no_decision
DUPC-000215,exact_doi|exact_normalized_title,critical_exact_doi,REC-PUBMED-24785218,24785218,10.1056/nejmc1402521,Genotype-guided dosing of vitamin K antagonists.,Cavallari LH,2014,The New England journal of medicine,research/searches/A1/pubmed/pubmed_a1_designpilot_20260710/efetch_033.xml,REC-PUBMED-24804303,24804303,10.1056/nejmc1402521,Genotype-guided dosing of vitamin K antagonists.,Pirmohamed M,2014,The New England journal of medicine,research/searches/A1/pubmed/pubmed_a1_designpilot_20260710/efetch_033.xml,true,true,false,true,context_only_no_decision
DUPC-000216,exact_doi|exact_normalized_title,critical_exact_doi,REC-PUBMED-24785218,24785218,10.1056/nejmc1402521,Genotype-guided dosing of vitamin K antagonists.,Cavallari LH,2014,The New England journal of medicine,research/searches/A1/pubmed/pubmed_a1_designpilot_20260710/efetch_033.xml,REC-PUBMED-24804306,24804306,10.1056/nejmc1402521,Genotype-guided dosing of vitamin K antagonists.,Maitland-van der Zee AH,2014,The New England journal of medicine,research/searches/A1/pubmed/pubmed_a1_designpilot_20260710/efetch_033.xml,true,true,false,true,context_only_no_decision
DUPC-000217,exact_doi|exact_normalized_title,critical_exact_doi,REC-PUBMED-24804303,24804303,10.1056/nejmc1402521,Genotype-guided dosing of vitamin K antagonists.,Pirmohamed M,2014,The New England journal of medicine,research/searches/A1/pubmed/pubmed_a1_designpilot_20260710/efetch_033.xml,REC-PUBMED-24804306,24804306,10.1056/nejmc1402521,Genotype-guided dosing of vitamin K antagonists.,Maitland-van der Zee AH,2014,The New England journal of medicine,research/searches/A1/pubmed/pubmed_a1_designpilot_20260710/efetch_033.xml,true,true,false,true,context_only_no_decision
DUPC-000218,exact_normalized_title,high_title_author_year,REC-PUBMED-24897382,24897382,10.1002/14651858.cd006466.pub4,Oral anticoagulation in patients with cancer who have no therapeutic or prophylactic indication for anticoagulation.,Akl EA,2014,The Cochrane database of systematic reviews,research/searches/A1/pubmed/pubmed_a1_designpilot_20260710/efetch_033.xml,REC-PUBMED-24980743,24980743,10.1002/14651858.cd006466.pub5,Oral anticoagulation in patients with cancer who have no therapeutic or prophylactic indication for anticoagulation.,Akl EA,2014,The Cochrane database of systematic reviews,research/searches/A1/pubmed/pubmed_a1_designpilot_20260710/efetch_032.xml,false,true,true,true,context_only_no_decision
DUPC-000219,exact_normalized_title,manual_title_collision_review,REC-PUBMED-25158579,25158579,,[Hypercalcemia].,Matikainen N,2014,Duodecim; laaketieteellinen aikakauskirja,research/searches/B2/pubmed/pubmed_b2_designpilot_20260710/efetch_009.xml,REC-PUBMED-2648666,2648666,10.1016/s0195-5616(89)50030-5,Hypercalcemia.,Chew DJ,1989,The Veterinary clinics of North America. Small animal practice,research/searches/B2/pubmed/pubmed_b2_designpilot_20260710/efetch_020.xml,false,true,false,false,context_only_no_decision
DUPC-000220,exact_normalized_title,manual_title_collision_review,REC-PUBMED-25158579,25158579,,[Hypercalcemia].,Matikainen N,2014,Duodecim; laaketieteellinen aikakauskirja,research/searches/B2/pubmed/pubmed_b2_designpilot_20260710/efetch_009.xml,REC-PUBMED-6385452,6385452,10.1016/s0195-5616(84)50088-6,Hypercalcemia.,Meuten DJ,1984,The Veterinary clinics of North America. Small animal practice,research/searches/B2/pubmed/pubmed_b2_designpilot_20260710/efetch_022.xml,false,true,false,false,context_only_no_decision
DUPC-000221,exact_normalized_title,manual_title_collision_review,REC-PUBMED-25158579,25158579,,[Hypercalcemia].,Matikainen N,2014,Duodecim; laaketieteellinen aikakauskirja,research/searches/B2/pubmed/pubmed_b2_designpilot_20260710/efetch_009.xml,REC-PUBMED-8029686,8029686,,[Hypercalcemia].,Schmid C,1994,Schweizerische medizinische Wochenschrift,research/searches/B2/pubmed/pubmed_b2_designpilot_20260710/efetch_018.xml,false,true,false,false,context_only_no_decision
DUPC-000222,exact_normalized_title,manual_title_collision_review,REC-PUBMED-25166047,25166047,10.1590/0004-2730000003381,Bone disease in primary hyperparathyroidism.,Bandeira F,2014,Arquivos brasileiros de endocrinologia e metabologia,research/searches/B2/pubmed/pubmed_b2_designpilot_20260710/efetch_009.xml,REC-PUBMED-41324220,41324220,10.22540/jmni-25-486,Bone Disease in Primary Hyperparathyroidism.,Karlafti E,2025,Journal of musculoskeletal & neuronal interactions,research/searches/B2/pubmed/pubmed_b2_designpilot_20260710/efetch_001.xml,false,true,false,false,context_only_no_decision
DUPC-000223,exact_normalized_title,manual_title_collision_review,REC-PUBMED-25171736,25171736,10.1002/14651858.cd008500.pub3,Primary prophylaxis for venous thromboembolism in ambulatory cancer patients receiving chemotherapy.,Di Nisio M,2014,The Cochrane database of systematic reviews,research/searches/A1/pubmed/pubmed_a1_designpilot_20260710/efetch_032.xml,REC-PUBMED-27906452,27906452,10.1002/14651858.cd008500.pub4,Primary prophylaxis for venous thromboembolism in ambulatory cancer patients receiving chemotherapy.,Di Nisio M,2016,The Cochrane database of systematic reviews,research/searches/A1/pubmed/pubmed_a1_designpilot_20260710/efetch_024.xml,false,true,true,false,context_only_no_decision
DUPC-000224,exact_normalized_title,manual_title_collision_review,REC-PUBMED-25171736,25171736,10.1002/14651858.cd008500.pub3,Primary prophylaxis for venous thromboembolism in ambulatory cancer patients receiving chemotherapy.,Di Nisio M,2014,The Cochrane database of systematic reviews,research/searches/A1/pubmed/pubmed_a1_designpilot_20260710/efetch_032.xml,REC-PUBMED-33337539,33337539,10.1002/14651858.cd008500.pub5,Primary prophylaxis for venous thromboembolism in ambulatory cancer patients receiving chemotherapy.,Rutjes AW,2020,The Cochrane database of systematic reviews,research/searches/A1/pubmed/pubmed_a1_designpilot_20260710/efetch_058.xml,false,true,false,false,context_only_no_decision
DUPC-000225,exact_normalized_title,manual_title_collision_review,REC-PUBMED-25285794,25285794,10.1055/s-0034-1389984,Optimal Stroke Prevention in the Geriatric Patient with Atrial Fibrillation: Position Paper of an Interdisciplinary Expert Panel.,Bahrmann P,2015,Drug research,research/searches/A1/pubmed/pubmed_a1_designpilot_20260710/efetch_032.xml,REC-PUBMED-25417446,25417446,,[Optimal stroke prevention in the geriatric patient with atrial fibrillation: position paper of an interdisciplinary expert panel].,Bahrmann P,2014,MMW Fortschritte der Medizin,research/searches/A1/pubmed/pubmed_a1_designpilot_20260710/efetch_031.xml,false,true,true,false,context_only_no_decision
DUPC-000226,exact_normalized_title,manual_title_collision_review,REC-PUBMED-25293408,25293408,,[Diagnosis and treatment of cerebral venous sinus thrombosis].,Birkeland P,2014,Ugeskrift for laeger,research/searches/A1/pubmed/pubmed_a1_designpilot_20260710/efetch_032.xml,REC-PUBMED-26550627,26550627,,[Diagnosis and treatment of cerebral venous sinus thrombosis].,Birkeland P,2015,Ugeskrift for laeger,research/searches/A1/pubmed/pubmed_a1_designpilot_20260710/efetch_028.xml,false,true,true,false,context_only_no_decision
DUPC-000227,exact_normalized_title,manual_title_collision_review,REC-PUBMED-25318061,25318061,10.1002/14651858.cd006468.pub5,Anticoagulation for people with cancer and central venous catheters.,Akl EA,2014,The Cochrane database of systematic reviews,research/searches/A1/pubmed/pubmed_a1_designpilot_20260710/efetch_032.xml,REC-PUBMED-29856471,29856471,10.1002/14651858.cd006468.pub6,Anticoagulation for people with cancer and central venous catheters.,Kahale LA,2018,The Cochrane database of systematic reviews,research/searches/A1/pubmed/pubmed_a1_designpilot_20260710/efetch_018.xml,false,true,false,false,context_only_no_decision
DUPC-000228,exact_doi,critical_exact_doi,REC-PUBMED-25366713,25366713,10.5482/hamo-14-08-0032,Kidney and haemostasis. A (personal) time-journey.,Andrassy K,2015,Hamostaseologie,research/searches/A1/pubmed/pubmed_a1_designpilot_20260710/efetch_031.xml,REC-PUBMED-29589352,29589352,10.5482/hamo-14-08-0032,Kidney and haemostasis.,Andrassy K,2015,Hamostaseologie,research/searches/A1/pubmed/pubmed_a1_designpilot_20260710/efetch_031.xml,true,false,true,true,context_only_no_decision
DUPC-000229,exact_doi,critical_exact_doi,REC-PUBMED-25405246,25405246,10.5482/hamo-14-08-0036,"Anticoagulation in patients with impaired renal function and with haemodialysis. Anticoagulant effects, efficacy, safety, therapeutic options.",Harenberg J,2015,Hamostaseologie,research/searches/A1/pubmed/pubmed_a1_designpilot_20260710/efetch_031.xml,REC-PUBMED-29589353,29589353,10.5482/hamo-14-08-0036,Anticoagulation in patients with impaired renal function and with haemodialysis.,Harenberg J,2015,Hamostaseologie,research/searches/A1/pubmed/pubmed_a1_designpilot_20260710/efetch_031.xml,true,false,true,true,context_only_no_decision
DUPC-000230,exact_normalized_title,manual_title_collision_review,REC-PUBMED-25443239,25443239,10.1016/j.ccl.2014.07.009,Antithrombotic and anticoagulant therapy for atrial fibrillation.,Dzeshka MS,2014,Cardiology clinics,research/searches/A1/pubmed/pubmed_a1_designpilot_20260710/efetch_031.xml,REC-PUBMED-26968670,26968670,10.1016/j.hfc.2015.08.021,Antithrombotic and Anticoagulant Therapy for Atrial Fibrillation.,Dzeshka MS,2016,Heart failure clinics,research/searches/A1/pubmed/pubmed_a1_designpilot_20260710/efetch_026.xml,false,true,true,false,context_only_no_decision
DUPC-000231,exact_normalized_title,manual_title_collision_review,REC-PUBMED-25612280,25612280,10.1055/s-0041-100003,[Pulmonary embolism].,Söffker G,2015,Deutsche medizinische Wochenschrift (1946),research/searches/A1/pubmed/pubmed_a1_designpilot_20260710/efetch_031.xml,REC-PUBMED-31514220,31514220,10.1055/a-0670-5502,[Pulmonary Embolism].,Hobohm L,2019,Deutsche medizinische Wochenschrift (1946),research/searches/A1/pubmed/pubmed_a1_designpilot_20260710/efetch_013.xml,false,true,false,false,context_only_no_decision
DUPC-000232,exact_normalized_title,manual_title_collision_review,REC-PUBMED-25612280,25612280,10.1055/s-0041-100003,[Pulmonary embolism].,Söffker G,2015,Deutsche medizinische Wochenschrift (1946),research/searches/A1/pubmed/pubmed_a1_designpilot_20260710/efetch_031.xml,REC-PUBMED-34662916,34662916,10.1055/a-1029-9937,[Pulmonary Embolism].,Hobohm L,2021,"Pneumologie (Stuttgart, Germany)",research/searches/A1/pubmed/pubmed_a1_designpilot_20260710/efetch_054.xml,false,true,false,false,context_only_no_decision
DUPC-000233,exact_normalized_title,manual_title_collision_review,REC-PUBMED-25755579,25755579,10.1016/j.jceh.2013.12.003,Portal vein thrombosis in cirrhosis.,Raja K,2014,Journal of clinical and experimental hepatology,research/searches/A1/pubmed/pubmed_a1_designpilot_20260710/efetch_030.xml,REC-PUBMED-35677518,35677518,10.1016/j.jceh.2021.11.003,Portal Vein Thrombosis in Cirrhosis.,Shukla A,2022,Journal of clinical and experimental hepatology,research/searches/A1/pubmed/pubmed_a1_designpilot_20260710/efetch_052.xml,false,true,false,false,context_only_no_decision
DUPC-000234,exact_normalized_title,manual_title_collision_review,REC-PUBMED-25854152,25854152,10.1007/s00393-014-1459-z,[Antiphospholipid syndrome].,Specker C,2015,Zeitschrift fur Rheumatologie,research/searches/A1/pubmed/pubmed_a1_designpilot_20260710/efetch_030.xml,REC-PUBMED-29321641,29321641,10.1038/nrdp.2017.103,Antiphospholipid syndrome.,Schreiber K,2018,Nature reviews. Disease primers,research/searches/A1/pubmed/pubmed_a1_designpilot_20260710/efetch_020.xml,false,true,false,false,context_only_no_decision
DUPC-000235,exact_normalized_title,manual_title_collision_review,REC-PUBMED-25854152,25854152,10.1007/s00393-014-1459-z,[Antiphospholipid syndrome].,Specker C,2015,Zeitschrift fur Rheumatologie,research/searches/A1/pubmed/pubmed_a1_designpilot_20260710/efetch_030.xml,REC-PUBMED-31866276,31866276,10.1016/j.berh.2019.101463,Antiphospholipid syndrome.,Sammaritano LR,2020,Best practice & research. Clinical rheumatology,research/searches/A1/pubmed/pubmed_a1_designpilot_20260710/efetch_012.xml,false,true,false,false,context_only_no_decision
DUPC-000236,exact_normalized_title,manual_title_collision_review,REC-PUBMED-26184395,26184395,10.1002/14651858.cd002786.pub3,Medical adjuvant treatment to increase patency of arteriovenous fistulae and grafts.,Tanner NC,2015,The Cochrane database of systematic reviews,research/searches/A2/pubmed/pubmed_a2_designpilot_20260710/efetch_002.xml,REC-PUBMED-34298589,34298589,10.1002/14651858.cd002786.pub4,Medical adjuvant treatment to increase patency of arteriovenous fistulae and grafts.,Mohamed I,2021,The Cochrane database of systematic reviews,research/searches/A2/pubmed/pubmed_a2_designpilot_20260710/efetch_001.xml,false,true,false,false,context_only_no_decision
DUPC-000237,exact_normalized_title,manual_title_collision_review,REC-PUBMED-26261924,26261924,10.1055/s-0041-102880,[Hypoparathyroidism].,Koschker AC,2015,Deutsche medizinische Wochenschrift (1946),research/searches/B2/pubmed/pubmed_b2_designpilot_20260710/efetch_008.xml,REC-PUBMED-28722928,28722928,,Hypoparathyroidism,,2026,StatPearls,research/searches/B2/pubmed/pubmed_b2_designpilot_20260710/efetch_002.xml,false,true,false,false,context_only_no_decision
DUPC-000238,exact_normalized_title,manual_title_collision_review,REC-PUBMED-26261924,26261924,10.1055/s-0041-102880,[Hypoparathyroidism].,Koschker AC,2015,Deutsche medizinische Wochenschrift (1946),research/searches/B2/pubmed/pubmed_b2_designpilot_20260710/efetch_008.xml,REC-PUBMED-28857066,28857066,10.1038/nrdp.2017.55,Hypoparathyroidism.,Mannstadt M,2017,Nature reviews. Disease primers,research/searches/B1/pubmed/pubmed_b1_designpilot_20260710/efetch_002.xml,false,true,false,false,context_only_no_decision
DUPC-000239,exact_normalized_title,manual_title_collision_review,REC-PUBMED-2645429,2645429,10.1016/s0022-5347(17)40993-1,Idiopathic hypercalciuria.,Lemann J,1989,The Journal of urology,research/searches/B2/pubmed/pubmed_b2_designpilot_20260710/efetch_020.xml,REC-PUBMED-5542056,5542056,10.1056/nejm197103042840918,Idiopathic hypercalciuria.,Silber SJ,1971,The New England journal of medicine,research/searches/B1/pubmed/pubmed_b1_designpilot_20260710/efetch_006.xml,false,true,false,false,context_only_no_decision
DUPC-000240,exact_normalized_title,manual_title_collision_review,REC-PUBMED-2645429,2645429,10.1016/s0022-5347(17)40993-1,Idiopathic hypercalciuria.,Lemann J,1989,The Journal of urology,research/searches/B2/pubmed/pubmed_b2_designpilot_20260710/efetch_020.xml,REC-PUBMED-6144904,6144904,10.1016/s0140-6736(84)91426-0,Idiopathic hypercalciuria.,Payne RB,1984,"Lancet (London, England)",research/searches/B1/pubmed/pubmed_b1_designpilot_20260710/efetch_006.xml,false,true,false,false,context_only_no_decision
DUPC-000241,exact_normalized_title,manual_title_collision_review,REC-PUBMED-2645429,2645429,10.1016/s0022-5347(17)40993-1,Idiopathic hypercalciuria.,Lemann J,1989,The Journal of urology,research/searches/B2/pubmed/pubmed_b2_designpilot_20260710/efetch_020.xml,REC-PUBMED-6689528,6689528,,Idiopathic hypercalciuria.,Coe FL,1983,Henry Ford Hospital medical journal,research/searches/B2/pubmed/pubmed_b2_designpilot_20260710/efetch_022.xml,false,true,false,false,context_only_no_decision
DUPC-000242,exact_normalized_title,manual_title_collision_review,REC-PUBMED-2645429,2645429,10.1016/s0022-5347(17)40993-1,Idiopathic hypercalciuria.,Lemann J,1989,The Journal of urology,research/searches/B2/pubmed/pubmed_b2_designpilot_20260710/efetch_020.xml,REC-PUBMED-6761462,6761462,,[Idiopathic hypercalciuria].,Iida N,1982,Nihon rinsho. Japanese journal of clinical medicine,research/searches/B1/pubmed/pubmed_b1_designpilot_20260710/efetch_006.xml,false,true,false,false,context_only_no_decision
DUPC-000243,exact_normalized_title,manual_title_collision_review,REC-PUBMED-2648666,2648666,10.1016/s0195-5616(89)50030-5,Hypercalcemia.,Chew DJ,1989,The Veterinary clinics of North America. Small animal practice,research/searches/B2/pubmed/pubmed_b2_designpilot_20260710/efetch_020.xml,REC-PUBMED-6385452,6385452,10.1016/s0195-5616(84)50088-6,Hypercalcemia.,Meuten DJ,1984,The Veterinary clinics of North America. Small animal practice,research/searches/B2/pubmed/pubmed_b2_designpilot_20260710/efetch_022.xml,false,true,false,false,context_only_no_decision
DUPC-000244,exact_normalized_title,manual_title_collision_review,REC-PUBMED-2648666,2648666,10.1016/s0195-5616(89)50030-5,Hypercalcemia.,Chew DJ,1989,The Veterinary clinics of North America. Small animal practice,research/searches/B2/pubmed/pubmed_b2_designpilot_20260710/efetch_020.xml,REC-PUBMED-8029686,8029686,,[Hypercalcemia].,Schmid C,1994,Schweizerische medizinische Wochenschrift,research/searches/B2/pubmed/pubmed_b2_designpilot_20260710/efetch_018.xml,false,true,false,false,context_only_no_decision
DUPC-000245,exact_normalized_title,manual_title_collision_review,REC-PUBMED-26957485,26957485,,[Perioperative heparin bridging is rarely indicated].,Nielsen JD,2016,Ugeskrift for laeger,research/searches/A1/pubmed/pubmed_a1_designpilot_20260710/efetch_027.xml,REC-PUBMED-34851259,34851259,,[Perioperative heparin bridging is rarely indicated].,Nielsen JD,2021,Ugeskrift for laeger,research/searches/A1/pubmed/pubmed_a1_designpilot_20260710/efetch_054.xml,false,true,true,false,context_only_no_decision
DUPC-000246,exact_normalized_title,manual_title_collision_review,REC-PUBMED-27560276,27560276,10.1016/s0140-6736(16)31257-0,Stroke prevention in atrial fibrillation.,Freedman B,2016,"Lancet (London, England)",research/searches/A1/pubmed/pubmed_a1_designpilot_20260710/efetch_025.xml,REC-PUBMED-34619337,34619337,10.1016/j.tcm.2021.10.001,Stroke prevention in atrial fibrillation.,Lip GYH,2022,Trends in cardiovascular medicine,research/searches/A1/pubmed/pubmed_a1_designpilot_20260710/efetch_055.xml,false,true,false,false,context_only_no_decision
DUPC-000247,exact_normalized_title,high_title_author_year,REC-PUBMED-27567408,27567408,10.1093/eurheartj/ehw210,2016 ESC Guidelines for the management of atrial fibrillation developed in collaboration with EACTS.,Kirchhof P,2016,European heart journal,research/searches/A1/pubmed/pubmed_a1_designpilot_20260710/efetch_025.xml,REC-PUBMED-27567465,27567465,10.1093/europace/euw295,2016 ESC Guidelines for the management of atrial fibrillation developed in collaboration with EACTS.,Kirchhof P,2016,"Europace : European pacing, arrhythmias, and cardiac electrophysiology : journal of the working groups on cardiac pacing, arrhythmias, and cardiac cellular electrophysiology of the European Society of Cardiology",research/searches/A1/pubmed/pubmed_a1_designpilot_20260710/efetch_024.xml,false,true,true,true,context_only_no_decision
DUPC-000248,exact_normalized_title,high_title_author_year,REC-PUBMED-27567408,27567408,10.1093/eurheartj/ehw210,2016 ESC Guidelines for the management of atrial fibrillation developed in collaboration with EACTS.,Kirchhof P,2016,European heart journal,research/searches/A1/pubmed/pubmed_a1_designpilot_20260710/efetch_025.xml,REC-PUBMED-27663299,27663299,10.1093/ejcts/ezw313,2016 ESC Guidelines for the management of atrial fibrillation developed in collaboration with EACTS.,Kirchhof P,2016,European journal of cardio-thoracic surgery : official journal of the European Association for Cardio-thoracic Surgery,research/searches/A1/pubmed/pubmed_a1_designpilot_20260710/efetch_025.xml,false,true,true,true,context_only_no_decision
DUPC-000249,exact_normalized_title,high_title_author_year,REC-PUBMED-27567465,27567465,10.1093/europace/euw295,2016 ESC Guidelines for the management of atrial fibrillation developed in collaboration with EACTS.,Kirchhof P,2016,"Europace : European pacing, arrhythmias, and cardiac electrophysiology : journal of the working groups on cardiac pacing, arrhythmias, and cardiac cellular electrophysiology of the European Society of Cardiology",research/searches/A1/pubmed/pubmed_a1_designpilot_20260710/efetch_024.xml,REC-PUBMED-27663299,27663299,10.1093/ejcts/ezw313,2016 ESC Guidelines for the management of atrial fibrillation developed in collaboration with EACTS.,Kirchhof P,2016,European journal of cardio-thoracic surgery : official journal of the European Association for Cardio-thoracic Surgery,research/searches/A1/pubmed/pubmed_a1_designpilot_20260710/efetch_025.xml,false,true,true,true,context_only_no_decision
DUPC-000250,exact_normalized_title,high_title_author_year,REC-PUBMED-27569671,27569671,10.1016/j.amjmed.2016.06.006,Re-Initiation of Dabigatran and Direct Factor Xa Antagonists After a Major Bleed.,Milling TJ,2016,The American journal of medicine,research/searches/A1/pubmed/pubmed_a1_designpilot_20260710/efetch_025.xml,REC-PUBMED-27697440,27697440,10.1016/j.ajem.2016.09.049,Re-initiation of dabigatran and direct factor Xa antagonists after a major bleed.,Milling TJ,2016,The American journal of emergency medicine,research/searches/A1/pubmed/pubmed_a1_designpilot_20260710/efetch_025.xml,false,true,true,true,context_only_no_decision
DUPC-000251,exact_normalized_title,high_title_author_year,REC-PUBMED-27569674,27569674,10.1016/j.amjmed.2016.06.007,"Idarucizumab, a Specific Reversal Agent for Dabigatran: Mode of Action, Pharmacokinetics and Pharmacodynamics, and Safety and Efficacy in Phase 1 Subjects.",Reilly PA,2016,The American journal of medicine,research/searches/A1/pubmed/pubmed_a1_designpilot_20260710/efetch_025.xml,REC-PUBMED-27707528,27707528,10.1016/j.ajem.2016.09.050,"Idarucizumab, a specific reversal agent for dabigatran: mode of action, pharmacokinetics and pharmacodynamics, and safety and efficacy in phase 1 subjects.",Reilly PA,2016,The American journal of emergency medicine,research/searches/A1/pubmed/pubmed_a1_designpilot_20260710/efetch_025.xml,false,true,true,true,context_only_no_decision
DUPC-000252,exact_normalized_title,manual_title_collision_review,REC-PUBMED-27595415,27595415,10.1002/14651858.cd011511.pub2,Vitamin D for the management of asthma.,Martineau AR,2016,The Cochrane database of systematic reviews,research/searches/B2/pubmed/pubmed_b2_designpilot_20260710/efetch_008.xml,REC-PUBMED-36744416,36744416,10.1002/14651858.cd011511.pub3,Vitamin D for the management of asthma.,Williamson A,2023,The Cochrane database of systematic reviews,research/searches/B2/pubmed/pubmed_b2_designpilot_20260710/efetch_003.xml,false,true,false,false,context_only_no_decision
DUPC-000253,exact_normalized_title,manual_title_collision_review,REC-PUBMED-27645776,27645776,10.1016/j.nrl.2016.07.005,Prognostic factors and analysis of mortality due to brain haemorrhages associated with vitamin K antagonist oral anticoagulants. Results from the TAC registry.,Zapata-Wainberg G,2018,Neurologia,research/searches/A1/pubmed/pubmed_a1_designpilot_20260710/efetch_025.xml,REC-PUBMED-30929912,30929912,10.1016/j.nrl.2018.12.014,Prognostic factors and analysis of mortality due to brain haemorrhages associated with vitamin K antagonist oral anticoagulants. Results from the TAC Registry.,Vilalta Castan J,2020,Neurologia,research/searches/A1/pubmed/pubmed_a1_designpilot_20260710/efetch_015.xml,false,true,false,false,context_only_no_decision
DUPC-000254,exact_normalized_title,manual_title_collision_review,REC-PUBMED-27648348,27648348,,Hypercalcemia of Malignancy.,Malangone S,2015,Journal of the advanced practitioner in oncology,research/searches/B2/pubmed/pubmed_b2_designpilot_20260710/efetch_008.xml,REC-PUBMED-31086686,31086686,,Hypercalcemia of Malignancy.,Feldenzer KL,2018,Journal of the advanced practitioner in oncology,research/searches/B2/pubmed/pubmed_b2_designpilot_20260710/efetch_006.xml,false,true,false,false,context_only_no_decision
DUPC-000255,exact_normalized_title,manual_title_collision_review,REC-PUBMED-27905748,27905748,,Apixaban (New Therapeutic Indication) -- Benefit Assessment According to §35a Social Code Book V,,2013,Apixaban (New Therapeutic Indication) -- Benefit Assessment According to §35a Social Code Book V,research/searches/A1/pubmed/pubmed_a1_designpilot_20260710/efetch_036.xml,REC-PUBMED-27905777,27905777,,Apixaban (New Therapeutic Indication) -- Benefit Assessment According to §35a Social Code Book V,,2014,Apixaban (New Therapeutic Indication) -- Benefit Assessment According to §35a Social Code Book V,research/searches/A1/pubmed/pubmed_a1_designpilot_20260710/efetch_031.xml,false,true,false,false,context_only_no_decision
DUPC-000256,exact_normalized_title,manual_title_collision_review,REC-PUBMED-27906452,27906452,10.1002/14651858.cd008500.pub4,Primary prophylaxis for venous thromboembolism in ambulatory cancer patients receiving chemotherapy.,Di Nisio M,2016,The Cochrane database of systematic reviews,research/searches/A1/pubmed/pubmed_a1_designpilot_20260710/efetch_024.xml,REC-PUBMED-33337539,33337539,10.1002/14651858.cd008500.pub5,Primary prophylaxis for venous thromboembolism in ambulatory cancer patients receiving chemotherapy.,Rutjes AW,2020,The Cochrane database of systematic reviews,research/searches/A1/pubmed/pubmed_a1_designpilot_20260710/efetch_058.xml,false,true,false,false,context_only_no_decision
DUPC-000257,exact_normalized_title,manual_title_collision_review,REC-PUBMED-28264900,28264900,10.1161/cir.0000000000000493,Correction to: Management of Patients on Non-Vitamin K Antagonist Oral Anticoagulants in the Acute Care and Periprocedural Setting: A Scientific Statement From the American Heart Association.,,2017,Circulation,research/searches/A1/pubmed/pubmed_a1_designpilot_20260710/efetch_023.xml,REC-PUBMED-28606959,28606959,10.1161/cir.0000000000000513,Correction to: Management of Patients on Non-Vitamin K Antagonist Oral Anticoagulants in the Acute Care and Periprocedural Setting: A Scientific Statement From the American Heart Association.,,2017,Circulation,research/searches/A1/pubmed/pubmed_a1_designpilot_20260710/efetch_022.xml,false,true,false,true,context_only_no_decision
DUPC-000258,exact_normalized_title,manual_title_collision_review,REC-PUBMED-28302287,28302287,10.1016/j.jacc.2016.12.038,Non-Vitamin K Antagonist Oral Anticoagulants in Patients With Atrial Fibrillation and Valvular Heart Disease.,Renda G,2017,Journal of the American College of Cardiology,research/searches/A1/pubmed/pubmed_a1_designpilot_20260710/efetch_023.xml,REC-PUBMED-31590290,31590290,10.3390/jcm8101624,Non-Vitamin K Antagonist Oral Anticoagulants in Patients with Atrial Fibrillation and Valvular Heart Disease.,Moon I,2019,Journal of clinical medicine,research/searches/A1/pubmed/pubmed_a1_designpilot_20260710/efetch_013.xml,false,true,false,false,context_only_no_decision
DUPC-000259,exact_doi,critical_exact_doi,REC-PUBMED-28508916,28508916,10.5482/hamo-16-09-0036,Direct oral anticoagulants for the treatment of cancer-associated venous thromboembolism. What do we know so far?,Voigtlaender M,2017,Hamostaseologie,research/searches/A1/pubmed/pubmed_a1_designpilot_20260710/efetch_022.xml,REC-PUBMED-29582927,29582927,10.5482/hamo-16-09-0036,Direct oral anticoagulants for the treatment of cancer-associated venous thromboembolism.,Voigtlaender M,2017,Hamostaseologie,research/searches/A1/pubmed/pubmed_a1_designpilot_20260710/efetch_023.xml,true,false,true,true,context_only_no_decision
DUPC-000260,exact_normalized_title,manual_title_collision_review,REC-PUBMED-28595692,28595692,10.1016/j.jacc.2017.03.600,Non-Vitamin K Antagonist Oral Anticoagulant Dosing in Patients With Atrial Fibrillation and Renal Dysfunction.,Yao X,2017,Journal of the American College of Cardiology,research/searches/A1/pubmed/pubmed_a1_designpilot_20260710/efetch_022.xml,REC-PUBMED-29285498,29285498,10.21037/atm.2017.09.19,Non-vitamin K antagonist oral anticoagulant dosing in patients with atrial fibrillation and renal dysfunction.,Khan AA,2017,Annals of translational medicine,research/searches/A1/pubmed/pubmed_a1_designpilot_20260710/efetch_020.xml,false,true,false,true,context_only_no_decision
DUPC-000261,exact_normalized_title,manual_title_collision_review,REC-PUBMED-28722928,28722928,,Hypoparathyroidism,,2026,StatPearls,research/searches/B2/pubmed/pubmed_b2_designpilot_20260710/efetch_002.xml,REC-PUBMED-28857066,28857066,10.1038/nrdp.2017.55,Hypoparathyroidism.,Mannstadt M,2017,Nature reviews. Disease primers,research/searches/B1/pubmed/pubmed_b1_designpilot_20260710/efetch_002.xml,false,true,false,false,context_only_no_decision
DUPC-000262,exact_doi,critical_exact_doi,REC-PUBMED-28816341,28816341,10.1160/th16-12-0946,Clinical impact of major bleeding in patients with venous thromboembolism treated with factor Xa inhibitors or vitamin K antagonists. An individual patient data meta-analysis.,Bleker SM,2017,Thrombosis and haemostasis,research/searches/A1/pubmed/pubmed_a1_designpilot_20260710/efetch_021.xml,REC-PUBMED-30151820,30151820,10.1160/th16-12-0946,Clinical impact of major bleeding in patients with venous thromboembolism treated with factor Xa inhibitors or vitamin K antagonists.,Bleker SM,2017,Thrombosis and haemostasis,research/searches/A1/pubmed/pubmed_a1_designpilot_20260710/efetch_017.xml,true,false,true,true,context_only_no_decision
DUPC-000263,exact_normalized_title,manual_title_collision_review,REC-PUBMED-28968483,28968483,10.1002/14651858.cd012169.pub2,Antiplatelet and anticoagulant agents for secondary prevention of stroke and other thromboembolic events in people with antiphospholipid syndrome.,Bala MM,2017,The Cochrane database of systematic reviews,research/searches/A1/pubmed/pubmed_a1_designpilot_20260710/efetch_021.xml,REC-PUBMED-33045766,33045766,10.1002/14651858.cd012169.pub3,Antiplatelet and anticoagulant agents for secondary prevention of stroke and other thromboembolic events in people with antiphospholipid syndrome.,Bala MM,2020,The Cochrane database of systematic reviews,research/searches/A1/pubmed/pubmed_a1_designpilot_20260710/efetch_058.xml,false,true,true,false,context_only_no_decision
DUPC-000264,exact_normalized_title,manual_title_collision_review,REC-PUBMED-28987427,28987427,10.1016/j.emc.2017.06.003,Deep Venous Thrombosis.,Olaf M,2017,Emergency medicine clinics of North America,research/searches/A1/pubmed/pubmed_a1_designpilot_20260710/efetch_021.xml,REC-PUBMED-36095313,36095313,10.7326/aitc202209200,Deep Venous Thrombosis.,Duffett L,2022,Annals of internal medicine,research/searches/A1/pubmed/pubmed_a1_designpilot_20260710/efetch_051.xml,false,true,false,false,context_only_no_decision
DUPC-000265,exact_normalized_title,manual_title_collision_review,REC-PUBMED-29261922,29261922,,Warfarin,,2026,StatPearls,research/searches/A1/pubmed/pubmed_a1_designpilot_20260710/efetch_046.xml,REC-PUBMED-31644144,31644144,,Warfarin,,2012,LiverTox: Clinical and Research Information on Drug-Induced Liver Injury,research/searches/A1/pubmed/pubmed_a1_designpilot_20260710/efetch_012.xml,false,true,false,false,context_only_no_decision
DUPC-000266,exact_normalized_title,manual_title_collision_review,REC-PUBMED-29285754,29285754,10.1002/14651858.cd006466.pub6,Oral anticoagulation in people with cancer who have no therapeutic or prophylactic indication for anticoagulation.,Kahale LA,2017,The Cochrane database of systematic reviews,research/searches/A1/pubmed/pubmed_a1_designpilot_20260710/efetch_020.xml,REC-PUBMED-34622445,34622445,10.1002/14651858.cd006466.pub7,Oral anticoagulation in people with cancer who have no therapeutic or prophylactic indication for anticoagulation.,Kahale LA,2021,The Cochrane database of systematic reviews,research/searches/A1/pubmed/pubmed_a1_designpilot_20260710/efetch_055.xml,false,true,true,false,context_only_no_decision
DUPC-000267,exact_normalized_title,manual_title_collision_review,REC-PUBMED-29301740,29301740,10.1136/bmj.j5424,Urgent reversal of vitamin K antagonists.,Hunt BJ,2018,BMJ (Clinical research ed.),research/searches/A1/pubmed/pubmed_a1_designpilot_20260710/efetch_020.xml,REC-PUBMED-29483079,29483079,10.1136/bmj.k931,Urgent reversal of vitamin K antagonists.,,2018,BMJ (Clinical research ed.),research/searches/A1/pubmed/pubmed_a1_designpilot_20260710/efetch_019.xml,false,true,false,true,context_only_no_decision
DUPC-000268,exact_normalized_title,manual_title_collision_review,REC-PUBMED-29321641,29321641,10.1038/nrdp.2017.103,Antiphospholipid syndrome.,Schreiber K,2018,Nature reviews. Disease primers,research/searches/A1/pubmed/pubmed_a1_designpilot_20260710/efetch_020.xml,REC-PUBMED-31866276,31866276,10.1016/j.berh.2019.101463,Antiphospholipid syndrome.,Sammaritano LR,2020,Best practice & research. Clinical rheumatology,research/searches/A1/pubmed/pubmed_a1_designpilot_20260710/efetch_012.xml,false,true,false,false,context_only_no_decision
DUPC-000269,exact_doi|exact_normalized_title,critical_exact_doi,REC-PUBMED-29466222,29466222,10.18087/cardio.2017.9.10030,[Randomized Comparison of Two Approaches to Initial Warfarin Dosing: Time in Therapeutic Range of International Normalized Ratio During Hospitalization].,Gordeev IG,2017,Kardiologiia,research/searches/A1/pubmed/pubmed_a1_designpilot_20260710/efetch_019.xml,REC-PUBMED-31713505,31713505,10.18087/cardio.2017.9.10030,Randomized Comparison of Two Approaches to Initial Warfarin Dosing: Time in Therapeutic Range of International Normalized Ratio During Hospitalization.,Mishchenko LN,2018,Kardiologiia,research/searches/A1/pubmed/pubmed_a1_designpilot_20260710/efetch_013.xml,true,true,false,false,context_only_no_decision
DUPC-000270,exact_normalized_title,high_title_author_year,REC-PUBMED-29562331,29562331,10.1093/europace/euy054,The 2018 European Heart Rhythm Association Practical Guide on the use of non-vitamin K antagonist oral anticoagulants in patients with atrial fibrillation: executive summary.,Steffel J,2018,"Europace : European pacing, arrhythmias, and cardiac electrophysiology : journal of the working groups on cardiac pacing, arrhythmias, and cardiac cellular electrophysiology of the European Society of Cardiology",research/searches/A1/pubmed/pubmed_a1_designpilot_20260710/efetch_019.xml,REC-PUBMED-30211938,30211938,10.5603/kp.2018.0180,[The 2018 European Heart Rhythm Association Practical Guide on the use of non-vitamin K antagonist oral anticoagulants in patients with atrial fibrillation: executive summary].,Steffel J,2018,Kardiologia polska,research/searches/A1/pubmed/pubmed_a1_designpilot_20260710/efetch_017.xml,false,true,true,true,context_only_no_decision
DUPC-000271,exact_normalized_title,high_title_author_year,REC-PUBMED-29577340,29577340,10.1111/pace.13331,Safety and efficacy of apixaban versus warfarin in patients with end-stage renal disease: Meta-analysis.,Chokesuwattanaskul R,2018,Pacing and clinical electrophysiology : PACE,research/searches/A1/pubmed/pubmed_a1_designpilot_20260710/efetch_019.xml,REC-PUBMED-29791015,29791015,10.1111/pace.13390,Safety and efficacy of apixaban versus warfarin in patients with end-stage renal disease: Meta-analysis.,Chokesuwattanaskul R,2018,Pacing and clinical electrophysiology : PACE,research/searches/A1/pubmed/pubmed_a1_designpilot_20260710/efetch_018.xml,false,true,true,true,context_only_no_decision
DUPC-000272,exact_normalized_title,high_title_author_year,REC-PUBMED-29926118,29926118,10.1007/s00101-018-0463-0,[Bridging anticoagulation in patients receiving vitamin K antagonists : Current status].,Schellong SM,2018,Der Anaesthesist,research/searches/A1/pubmed/pubmed_a1_designpilot_20260710/efetch_018.xml,REC-PUBMED-29946874,29946874,10.1007/s00108-018-0447-9,[Bridging anticoagulation in patients receiving vitamin K antagonists : Current status].,Schellong SM,2018,Der Internist,research/searches/A1/pubmed/pubmed_a1_designpilot_20260710/efetch_018.xml,false,true,true,true,context_only_no_decision
DUPC-000273,exact_normalized_title,manual_title_collision_review,REC-PUBMED-30060226,30060226,10.1210/jc.2018-01225,Primary Hyperparathyroidism.,Bilezikian JP,2018,The Journal of clinical endocrinology and metabolism,research/searches/B2/pubmed/pubmed_b2_designpilot_20260710/efetch_006.xml,REC-PUBMED-30449543,30449543,10.1016/j.beem.2018.09.004,Primary hyperparathyroidism.,Silva BC,2018,Best practice & research. Clinical endocrinology & metabolism,research/searches/B2/pubmed/pubmed_b2_designpilot_20260710/efetch_006.xml,false,true,false,true,context_only_no_decision
DUPC-000274,exact_normalized_title,manual_title_collision_review,REC-PUBMED-30060226,30060226,10.1210/jc.2018-01225,Primary Hyperparathyroidism.,Bilezikian JP,2018,The Journal of clinical endocrinology and metabolism,research/searches/B2/pubmed/pubmed_b2_designpilot_20260710/efetch_006.xml,REC-PUBMED-30477754,30477754,10.1016/j.beem.2018.09.013,Primary hyperparathyroidism.,Silva BC,2024,Best practice & research. Clinical endocrinology & metabolism,research/searches/B2/pubmed/pubmed_b2_designpilot_20260710/efetch_006.xml,false,true,false,false,context_only_no_decision
DUPC-000275,exact_normalized_title,manual_title_collision_review,REC-PUBMED-30281043,30281043,10.1714/2978.29841,[Antithrombotic therapy in patients with atrial fibrillation and acute coronary syndrome].,Tubaro M,2018,Giornale italiano di cardiologia (2006),research/searches/A1/pubmed/pubmed_a1_designpilot_20260710/efetch_017.xml,REC-PUBMED-32605128,32605128,10.3390/jcm9072020,Antithrombotic Therapy in Patients with Atrial Fibrillation and Acute Coronary Syndrome.,Bor W,2020,Journal of clinical medicine,research/searches/A1/pubmed/pubmed_a1_designpilot_20260710/efetch_059.xml,false,true,false,false,context_only_no_decision
DUPC-000276,exact_normalized_title,manual_title_collision_review,REC-PUBMED-30449543,30449543,10.1016/j.beem.2018.09.004,Primary hyperparathyroidism.,Silva BC,2018,Best practice & research. Clinical endocrinology & metabolism,research/searches/B2/pubmed/pubmed_b2_designpilot_20260710/efetch_006.xml,REC-PUBMED-30477754,30477754,10.1016/j.beem.2018.09.013,Primary hyperparathyroidism.,Silva BC,2024,Best practice & research. Clinical endocrinology & metabolism,research/searches/B2/pubmed/pubmed_b2_designpilot_20260710/efetch_006.xml,false,true,true,false,context_only_no_decision
DUPC-000277,exact_normalized_title,high_title_author_year,REC-PUBMED-30463994,30463994,10.1182/blood-2018-05-848697,Anticoagulating patients with high-risk acquired thrombophilias.,Skeith L,2018,Blood,research/searches/A1/pubmed/pubmed_a1_designpilot_20260710/efetch_016.xml,REC-PUBMED-30504344,30504344,10.1182/asheducation-2018.1.439,Anticoagulating patients with high-risk acquired thrombophilias.,Skeith L,2018,Hematology. American Society of Hematology. Education Program,research/searches/A1/pubmed/pubmed_a1_designpilot_20260710/efetch_016.xml,false,true,true,true,context_only_no_decision
DUPC-000278,exact_normalized_title,manual_title_collision_review,REC-PUBMED-30630354,30630354,10.1161/circinterventions.118.007411,Antithrombotic Therapy After Transcatheter Aortic Valve Replacement.,Guedeney P,2019,Circulation. Cardiovascular interventions,research/searches/A1/pubmed/pubmed_a1_designpilot_20260710/efetch_016.xml,REC-PUBMED-34353601,34353601,10.1016/j.jcin.2021.06.020,Antithrombotic Therapy After Transcatheter Aortic Valve Replacement.,Capodanno D,2021,JACC. Cardiovascular interventions,research/searches/A1/pubmed/pubmed_a1_designpilot_20260710/efetch_055.xml,false,true,false,false,context_only_no_decision
DUPC-000279,exact_normalized_title,manual_title_collision_review,REC-PUBMED-30630354,30630354,10.1161/circinterventions.118.007411,Antithrombotic Therapy After Transcatheter Aortic Valve Replacement.,Guedeney P,2019,Circulation. Cardiovascular interventions,research/searches/A1/pubmed/pubmed_a1_designpilot_20260710/efetch_016.xml,REC-PUBMED-35757447,35757447,10.4103/heartviews.heartviews_36_22,Antithrombotic Therapy after Transcatheter Aortic Valve Replacement.,Mousa TAM,2022,Heart views : the official journal of the Gulf Heart Association,research/searches/A1/pubmed/pubmed_a1_designpilot_20260710/efetch_052.xml,false,true,false,false,context_only_no_decision
DUPC-000280,exact_normalized_title,manual_title_collision_review,REC-PUBMED-30710988,30710988,10.18087/cardio.2019.1.10213,[Not Available].,Baturina OA,2019,Kardiologiia,research/searches/A1/pubmed/pubmed_a1_designpilot_20260710/efetch_016.xml,REC-PUBMED-31404932,31404932,10.1055/s-0039-1694789,[Not Available].,Bauersachs R,2019,Hamostaseologie,research/searches/A1/pubmed/pubmed_a1_designpilot_20260710/efetch_014.xml,false,true,false,true,context_only_no_decision
DUPC-000281,exact_normalized_title,manual_title_collision_review,REC-PUBMED-30710988,30710988,10.18087/cardio.2019.1.10213,[Not Available].,Baturina OA,2019,Kardiologiia,research/searches/A1/pubmed/pubmed_a1_designpilot_20260710/efetch_016.xml,REC-PUBMED-31910762,31910762,10.1024/1661-8157/a003345,[Not Available].,Bohlen L,2020,Praxis,research/searches/B2/pubmed/pubmed_b2_designpilot_20260710/efetch_005.xml,false,true,false,false,context_only_no_decision
DUPC-000282,exact_normalized_title,manual_title_collision_review,REC-PUBMED-30710988,30710988,10.18087/cardio.2019.1.10213,[Not Available].,Baturina OA,2019,Kardiologiia,research/searches/A1/pubmed/pubmed_a1_designpilot_20260710/efetch_016.xml,REC-PUBMED-37622606,37622606,,[Not Available].,Jochumsen EA,2023,Ugeskrift for laeger,research/searches/A1/pubmed/pubmed_a1_designpilot_20260710/efetch_049.xml,false,true,false,false,context_only_no_decision
DUPC-000283,exact_normalized_title,manual_title_collision_review,REC-PUBMED-30710988,30710988,10.18087/cardio.2019.1.10213,[Not Available].,Baturina OA,2019,Kardiologiia,research/searches/A1/pubmed/pubmed_a1_designpilot_20260710/efetch_016.xml,REC-PUBMED-38250215,38250215,10.1016/j.jceh.2023.101319,[Not Available].,Jaber F,2024,Journal of clinical and experimental hepatology,research/searches/A1/pubmed/pubmed_a1_designpilot_20260710/efetch_048.xml,false,true,false,false,context_only_no_decision
DUPC-000284,exact_normalized_title,manual_title_collision_review,REC-PUBMED-30710988,30710988,10.18087/cardio.2019.1.10213,[Not Available].,Baturina OA,2019,Kardiologiia,research/searches/A1/pubmed/pubmed_a1_designpilot_20260710/efetch_016.xml,REC-PUBMED-42409706,42409706,10.1016/j.arteri.2026.500956,[Not Available].,Páramo JA,2026,Clinica e investigacion en arteriosclerosis : publicacion oficial de la Sociedad Espanola de Arteriosclerosis,research/searches/A1/pubmed/pubmed_a1_designpilot_20260710/efetch_041.xml,false,true,false,false,context_only_no_decision
DUPC-000285,exact_normalized_title,high_title_author_year,REC-PUBMED-31160872,31160872,,Evaluation of Warfarin Patients with Low Time in Therapeutic Range (TTR) for Transition to Non-Vitamin-K Oral Anticoagulant (NOAC) Therapy.,Fovel LM,2019,P & T : a peer-reviewed journal for formulary management,research/searches/A1/pubmed/pubmed_a1_designpilot_20260710/efetch_014.xml,REC-PUBMED-31485146,31485146,,Evaluation of Warfarin Patients with Low Time in Therapeutic Range (TTR) for Transition to Non-Vitamin-K Oral Anticoagulant (NOAC) Therapy.,Fovel LM,2019,P & T : a peer-reviewed journal for formulary management,research/searches/A1/pubmed/pubmed_a1_designpilot_20260710/efetch_014.xml,false,true,true,true,context_only_no_decision
DUPC-000286,exact_normalized_title,high_title_author_year,REC-PUBMED-31182347,31182347,10.1016/j.endinu.2019.03.015,Executive summary of the SEORL CCC-SEEN consensus statement on post-thyroidectomy hypoparathyroidism.,Castro A,2019,"Endocrinologia, diabetes y nutricion",research/searches/B1/pubmed/pubmed_b1_designpilot_20260710/efetch_002.xml,REC-PUBMED-31387688,31387688,10.1016/j.otorri.2019.04.001,Executive summary of the SEORL CCC-SEEN consensus statement on post-thyroidectomy hypoparathyroidism.,Castro A,2019,Acta otorrinolaringologica espanola,research/searches/B1/pubmed/pubmed_b1_designpilot_20260710/efetch_001.xml,false,true,true,true,context_only_no_decision
DUPC-000287,exact_normalized_title,manual_title_collision_review,REC-PUBMED-31348529,31348529,10.1002/14651858.cd008873.pub4,Vitamin D supplementation for women during pregnancy.,Palacios C,2019,The Cochrane database of systematic reviews,research/searches/B1/pubmed/pubmed_b1_designpilot_20260710/efetch_001.xml,REC-PUBMED-39077939,39077939,10.1002/14651858.cd008873.pub5,Vitamin D supplementation for women during pregnancy.,Palacios C,2024,The Cochrane database of systematic reviews,research/searches/B2/pubmed/pubmed_b2_designpilot_20260710/efetch_002.xml,false,true,true,false,context_only_no_decision
DUPC-000288,exact_normalized_title,manual_title_collision_review,REC-PUBMED-31404932,31404932,10.1055/s-0039-1694789,[Not Available].,Bauersachs R,2019,Hamostaseologie,research/searches/A1/pubmed/pubmed_a1_designpilot_20260710/efetch_014.xml,REC-PUBMED-31910762,31910762,10.1024/1661-8157/a003345,[Not Available].,Bohlen L,2020,Praxis,research/searches/B2/pubmed/pubmed_b2_designpilot_20260710/efetch_005.xml,false,true,false,false,context_only_no_decision
DUPC-000289,exact_normalized_title,manual_title_collision_review,REC-PUBMED-31404932,31404932,10.1055/s-0039-1694789,[Not Available].,Bauersachs R,2019,Hamostaseologie,research/searches/A1/pubmed/pubmed_a1_designpilot_20260710/efetch_014.xml,REC-PUBMED-37622606,37622606,,[Not Available].,Jochumsen EA,2023,Ugeskrift for laeger,research/searches/A1/pubmed/pubmed_a1_designpilot_20260710/efetch_049.xml,false,true,false,false,context_only_no_decision
DUPC-000290,exact_normalized_title,manual_title_collision_review,REC-PUBMED-31404932,31404932,10.1055/s-0039-1694789,[Not Available].,Bauersachs R,2019,Hamostaseologie,research/searches/A1/pubmed/pubmed_a1_designpilot_20260710/efetch_014.xml,REC-PUBMED-38250215,38250215,10.1016/j.jceh.2023.101319,[Not Available].,Jaber F,2024,Journal of clinical and experimental hepatology,research/searches/A1/pubmed/pubmed_a1_designpilot_20260710/efetch_048.xml,false,true,false,false,context_only_no_decision
DUPC-000291,exact_normalized_title,manual_title_collision_review,REC-PUBMED-31404932,31404932,10.1055/s-0039-1694789,[Not Available].,Bauersachs R,2019,Hamostaseologie,research/searches/A1/pubmed/pubmed_a1_designpilot_20260710/efetch_014.xml,REC-PUBMED-42409706,42409706,10.1016/j.arteri.2026.500956,[Not Available].,Páramo JA,2026,Clinica e investigacion en arteriosclerosis : publicacion oficial de la Sociedad Espanola de Arteriosclerosis,research/searches/A1/pubmed/pubmed_a1_designpilot_20260710/efetch_041.xml,false,true,false,false,context_only_no_decision
DUPC-000292,exact_normalized_title,manual_title_collision_review,REC-PUBMED-31514220,31514220,10.1055/a-0670-5502,[Pulmonary Embolism].,Hobohm L,2019,Deutsche medizinische Wochenschrift (1946),research/searches/A1/pubmed/pubmed_a1_designpilot_20260710/efetch_013.xml,REC-PUBMED-34662916,34662916,10.1055/a-1029-9937,[Pulmonary Embolism].,Hobohm L,2021,"Pneumologie (Stuttgart, Germany)",research/searches/A1/pubmed/pubmed_a1_designpilot_20260710/efetch_054.xml,false,true,true,false,context_only_no_decision
DUPC-000293,exact_normalized_title,manual_title_collision_review,REC-PUBMED-31610579,31610579,10.7326/p19-0013,Rivaroxaban Versus Vitamin K Antagonist in Antiphospholipid Syndrome.,,2019,Annals of internal medicine,research/searches/A1/pubmed/pubmed_a1_designpilot_20260710/efetch_013.xml,REC-PUBMED-32252074,32252074,10.7326/l20-0052,Rivaroxaban Versus Vitamin K Antagonist in Antiphospholipid Syndrome.,Leong D,2020,Annals of internal medicine,research/searches/A1/pubmed/pubmed_a1_designpilot_20260710/efetch_061.xml,false,true,false,false,context_only_no_decision
DUPC-000294,exact_normalized_title,manual_title_collision_review,REC-PUBMED-31610579,31610579,10.7326/p19-0013,Rivaroxaban Versus Vitamin K Antagonist in Antiphospholipid Syndrome.,,2019,Annals of internal medicine,research/searches/A1/pubmed/pubmed_a1_designpilot_20260710/efetch_013.xml,REC-PUBMED-32252075,32252075,10.7326/l20-0053,Rivaroxaban Versus Vitamin K Antagonist in Antiphospholipid Syndrome.,Moll S,2020,Annals of internal medicine,research/searches/A1/pubmed/pubmed_a1_designpilot_20260710/efetch_061.xml,false,true,false,false,context_only_no_decision
DUPC-000295,exact_normalized_title,manual_title_collision_review,REC-PUBMED-31610579,31610579,10.7326/p19-0013,Rivaroxaban Versus Vitamin K Antagonist in Antiphospholipid Syndrome.,,2019,Annals of internal medicine,research/searches/A1/pubmed/pubmed_a1_designpilot_20260710/efetch_013.xml,REC-PUBMED-32926827,32926827,10.7326/l20-0054,Rivaroxaban Versus Vitamin K Antagonist in Antiphospholipid Syndrome.,Cortés-Hernández J,2020,Annals of internal medicine,research/searches/A1/pubmed/pubmed_a1_designpilot_20260710/efetch_059.xml,false,true,false,false,context_only_no_decision
DUPC-000296,exact_normalized_title,manual_title_collision_review,REC-PUBMED-31735308,31735308,10.1016/j.hfc.2019.08.007,Atrial Fibrillation in Heart Failure: Focus on Antithrombotic Management.,Obeidat M,2020,Heart failure clinics,research/searches/A1/pubmed/pubmed_a1_designpilot_20260710/efetch_061.xml,REC-PUBMED-35465898,35465898,10.1016/j.ccl.2021.12.012,Atrial Fibrillation in Heart Failure: Focus on Antithrombotic Management.,Obeidat M,2022,Cardiology clinics,research/searches/A1/pubmed/pubmed_a1_designpilot_20260710/efetch_053.xml,false,true,true,false,context_only_no_decision
DUPC-000297,exact_normalized_title,manual_title_collision_review,REC-PUBMED-31910762,31910762,10.1024/1661-8157/a003345,[Not Available].,Bohlen L,2020,Praxis,research/searches/B2/pubmed/pubmed_b2_designpilot_20260710/efetch_005.xml,REC-PUBMED-37622606,37622606,,[Not Available].,Jochumsen EA,2023,Ugeskrift for laeger,research/searches/A1/pubmed/pubmed_a1_designpilot_20260710/efetch_049.xml,false,true,false,false,context_only_no_decision
DUPC-000298,exact_normalized_title,manual_title_collision_review,REC-PUBMED-31910762,31910762,10.1024/1661-8157/a003345,[Not Available].,Bohlen L,2020,Praxis,research/searches/B2/pubmed/pubmed_b2_designpilot_20260710/efetch_005.xml,REC-PUBMED-38250215,38250215,10.1016/j.jceh.2023.101319,[Not Available].,Jaber F,2024,Journal of clinical and experimental hepatology,research/searches/A1/pubmed/pubmed_a1_designpilot_20260710/efetch_048.xml,false,true,false,false,context_only_no_decision
DUPC-000299,exact_normalized_title,manual_title_collision_review,REC-PUBMED-31910762,31910762,10.1024/1661-8157/a003345,[Not Available].,Bohlen L,2020,Praxis,research/searches/B2/pubmed/pubmed_b2_designpilot_20260710/efetch_005.xml,REC-PUBMED-42409706,42409706,10.1016/j.arteri.2026.500956,[Not Available].,Páramo JA,2026,Clinica e investigacion en arteriosclerosis : publicacion oficial de la Sociedad Espanola de Arteriosclerosis,research/searches/A1/pubmed/pubmed_a1_designpilot_20260710/efetch_041.xml,false,true,false,false,context_only_no_decision
DUPC-000300,exact_normalized_title,manual_title_collision_review,REC-PUBMED-31918601,31918601,10.1161/jaha.119.013845,Risk of Osteoporosis in Patients With Atrial Fibrillation Using Non-Vitamin K Antagonist Oral Anticoagulants or Warfarin.,Huang HK,2020,Journal of the American Heart Association,research/searches/A1/pubmed/pubmed_a1_designpilot_20260710/efetch_061.xml,REC-PUBMED-32067587,32067587,10.1161/jaha.119.014510,Risk of Osteoporosis in Patients With Atrial Fibrillation Using Non-Vitamin K Antagonist Oral Anticoagulants or Warfarin.,,2020,Journal of the American Heart Association,research/searches/A1/pubmed/pubmed_a1_designpilot_20260710/efetch_061.xml,false,true,false,true,context_only_no_decision
DUPC-000301,exact_normalized_title,high_title_author_year,REC-PUBMED-31933483,31933483,10.20452/pamw.15136,Bleeding in anticoagulated patients with atrial fibrillation: practical considerations.,Undas A,2020,Polish archives of internal medicine,research/searches/A1/pubmed/pubmed_a1_designpilot_20260710/efetch_061.xml,REC-PUBMED-32108755,32108755,10.33963/kp.15205,Bleeding in anticoagulated patients with atrial fibrillation: practical considerations.,Undas A,2020,Kardiologia polska,research/searches/A1/pubmed/pubmed_a1_designpilot_20260710/efetch_061.xml,false,true,true,true,context_only_no_decision
DUPC-000302,exact_normalized_title,manual_title_collision_review,REC-PUBMED-32252074,32252074,10.7326/l20-0052,Rivaroxaban Versus Vitamin K Antagonist in Antiphospholipid Syndrome.,Leong D,2020,Annals of internal medicine,research/searches/A1/pubmed/pubmed_a1_designpilot_20260710/efetch_061.xml,REC-PUBMED-32252075,32252075,10.7326/l20-0053,Rivaroxaban Versus Vitamin K Antagonist in Antiphospholipid Syndrome.,Moll S,2020,Annals of internal medicine,research/searches/A1/pubmed/pubmed_a1_designpilot_20260710/efetch_061.xml,false,true,false,true,context_only_no_decision
DUPC-000303,exact_normalized_title,manual_title_collision_review,REC-PUBMED-32252074,32252074,10.7326/l20-0052,Rivaroxaban Versus Vitamin K Antagonist in Antiphospholipid Syndrome.,Leong D,2020,Annals of internal medicine,research/searches/A1/pubmed/pubmed_a1_designpilot_20260710/efetch_061.xml,REC-PUBMED-32926827,32926827,10.7326/l20-0054,Rivaroxaban Versus Vitamin K Antagonist in Antiphospholipid Syndrome.,Cortés-Hernández J,2020,Annals of internal medicine,research/searches/A1/pubmed/pubmed_a1_designpilot_20260710/efetch_059.xml,false,true,false,true,context_only_no_decision
DUPC-000304,exact_normalized_title,manual_title_collision_review,REC-PUBMED-32252075,32252075,10.7326/l20-0053,Rivaroxaban Versus Vitamin K Antagonist in Antiphospholipid Syndrome.,Moll S,2020,Annals of internal medicine,research/searches/A1/pubmed/pubmed_a1_designpilot_20260710/efetch_061.xml,REC-PUBMED-32926827,32926827,10.7326/l20-0054,Rivaroxaban Versus Vitamin K Antagonist in Antiphospholipid Syndrome.,Cortés-Hernández J,2020,Annals of internal medicine,research/searches/A1/pubmed/pubmed_a1_designpilot_20260710/efetch_059.xml,false,true,false,true,context_only_no_decision
DUPC-000305,exact_normalized_title,manual_title_collision_review,REC-PUBMED-33308848,33308848,10.1016/j.nefro.2020.08.007,Oral anticoagulation in chronic kidney disease with atrial fibrillation.,Gómez-Fernández P,2021,Nefrologia,research/searches/A1/pubmed/pubmed_a1_designpilot_20260710/efetch_058.xml,REC-PUBMED-36165375,36165375,10.1016/j.nefroe.2021.04.005,Oral anticoagulation in chronic kidney disease with atrial fibrillation.,Gomez-Fernández P,2021,Nefrologia,research/searches/A1/pubmed/pubmed_a1_designpilot_20260710/efetch_057.xml,false,true,false,true,context_only_no_decision
DUPC-000306,exact_normalized_title,high_title_author_year,REC-PUBMED-33406996,33406996,10.1080/00015385.2020.1746095,Characteristics of patients with atrial fibrillation prescribed edoxaban in Belgium and The Netherlands: insights from the ETNA-AF-Europe study.,de Vries TAC,2021,Acta cardiologica,research/searches/A1/pubmed/pubmed_a1_designpilot_20260710/efetch_057.xml,REC-PUBMED-33411231,33411231,10.1007/s12471-020-01518-7,Characteristics of patients with atrial fibrillation prescribed edoxaban in Belgium and the Netherlands: insights from the ETNA-AF-Europe study.,de Vries TAC,2021,Netherlands heart journal : monthly journal of the Netherlands Society of Cardiology and the Netherlands Heart Foundation,research/searches/A1/pubmed/pubmed_a1_designpilot_20260710/efetch_057.xml,false,true,true,true,context_only_no_decision
DUPC-000307,exact_normalized_title,high_title_author_year,REC-PUBMED-33858727,33858727,10.1016/j.repc.2020.07.021,Non-vitamin K antagonist oral anticoagulation versus left atrial appendage occlusion for primary and secondary stroke prevention after cardioembolic stroke.,Paiva L,2021,Revista portuguesa de cardiologia,research/searches/A1/pubmed/pubmed_a1_designpilot_20260710/efetch_056.xml,REC-PUBMED-34187638,34187638,10.1016/j.repce.2020.07.020,Non-vitamin K antagonist oral anticoagulation versus left atrial appendage occlusion for primary and secondary stroke prevention after cardioembolic stroke.,Paiva L,2021,Revista portuguesa de cardiologia,research/searches/A1/pubmed/pubmed_a1_designpilot_20260710/efetch_056.xml,false,true,true,true,context_only_no_decision
DUPC-000308,exact_normalized_title,manual_title_collision_review,REC-PUBMED-342176,342176,10.1042/cs0520001,Hypercalciuria.,Nordin BE,1977,Clinical science and molecular medicine,research/searches/B1/pubmed/pubmed_b1_designpilot_20260710/efetch_006.xml,REC-PUBMED-6896602,6896602,10.1001/archpedi.1982.03970440011002,Hypercalciuria.,Baran DT,1982,American journal of diseases of children (1960),research/searches/B2/pubmed/pubmed_b2_designpilot_20260710/efetch_022.xml,false,true,false,false,context_only_no_decision
DUPC-000309,exact_normalized_title,manual_title_collision_review,REC-PUBMED-34353601,34353601,10.1016/j.jcin.2021.06.020,Antithrombotic Therapy After Transcatheter Aortic Valve Replacement.,Capodanno D,2021,JACC. Cardiovascular interventions,research/searches/A1/pubmed/pubmed_a1_designpilot_20260710/efetch_055.xml,REC-PUBMED-35757447,35757447,10.4103/heartviews.heartviews_36_22,Antithrombotic Therapy after Transcatheter Aortic Valve Replacement.,Mousa TAM,2022,Heart views : the official journal of the Gulf Heart Association,research/searches/A1/pubmed/pubmed_a1_designpilot_20260710/efetch_052.xml,false,true,false,false,context_only_no_decision
DUPC-000310,exact_normalized_title,manual_title_collision_review,REC-PUBMED-3438754,3438754,,[Vitamin K antagonists].,Lefrère JJ,1987,Soins; la revue de reference infirmiere,research/searches/A1/pubmed/pubmed_a1_designpilot_20260710/efetch_002.xml,REC-PUBMED-35048,35048,,[Vitamin K antagonists].,Chabalier R,1978,Annales de l'anesthesiologie francaise,research/searches/A1/pubmed/pubmed_a1_designpilot_20260710/efetch_001.xml,false,true,false,false,context_only_no_decision
DUPC-000311,exact_normalized_title,manual_title_collision_review,REC-PUBMED-3438754,3438754,,[Vitamin K antagonists].,Lefrère JJ,1987,Soins; la revue de reference infirmiere,research/searches/A1/pubmed/pubmed_a1_designpilot_20260710/efetch_002.xml,REC-PUBMED-6635478,6635478,,[Vitamin K antagonists].,D'Agostino F,1983,Rivista di emoterapia ed immunoematologia,research/searches/A1/pubmed/pubmed_a1_designpilot_20260710/efetch_003.xml,false,true,false,false,context_only_no_decision
DUPC-000312,exact_normalized_title,manual_title_collision_review,REC-PUBMED-35048,35048,,[Vitamin K antagonists].,Chabalier R,1978,Annales de l'anesthesiologie francaise,research/searches/A1/pubmed/pubmed_a1_designpilot_20260710/efetch_001.xml,REC-PUBMED-6635478,6635478,,[Vitamin K antagonists].,D'Agostino F,1983,Rivista di emoterapia ed immunoematologia,research/searches/A1/pubmed/pubmed_a1_designpilot_20260710/efetch_003.xml,false,true,false,false,context_only_no_decision
DUPC-000313,exact_normalized_title,manual_title_collision_review,REC-PUBMED-35063183,35063183,10.1016/j.bulcan.2021.11.015,[Treatment of cancer associated thrombosis].,Hindré R,2022,Bulletin du cancer,research/searches/A1/pubmed/pubmed_a1_designpilot_20260710/efetch_054.xml,REC-PUBMED-35638950,35638950,,[Treatment of cancer associated thrombosis].,Sanchez O,2022,La Revue du praticien,research/searches/A1/pubmed/pubmed_a1_designpilot_20260710/efetch_052.xml,false,true,false,true,context_only_no_decision
DUPC-000314,exact_doi,critical_exact_doi,REC-PUBMED-35196441,35196441,10.1056/nejmc2120127,Edoxaban or Vitamin K Antagonist for Atrial Fibrillation after TAVR.,Hudaib AR,2022,The New England journal of medicine,research/searches/A1/pubmed/pubmed_a1_designpilot_20260710/efetch_053.xml,REC-PUBMED-35196442,35196442,10.1056/nejmc2120127,Edoxaban or Vitamin K Antagonist for Atrial Fibrillation after TAVR. Reply.,Van Mieghem NM,2022,The New England journal of medicine,research/searches/A1/pubmed/pubmed_a1_designpilot_20260710/efetch_053.xml,true,false,false,true,context_only_no_decision
DUPC-000315,exact_normalized_title,high_title_author_year,REC-PUBMED-35297395,35297395,10.14309/ajg.0000000000001627,American College of Gastroenterology-Canadian Association of Gastroenterology Clinical Practice Guideline: Management of Anticoagulants and Antiplatelets During Acute Gastrointestinal Bleeding and the Periendoscopic Period.,Abraham NS,2022,The American journal of gastroenterology,research/searches/A1/pubmed/pubmed_a1_designpilot_20260710/efetch_053.xml,REC-PUBMED-35368325,35368325,10.1093/jcag/gwac010,American College of Gastroenterology-Canadian Association of Gastroenterology Clinical Practice Guideline: Management of Anticoagulants and Antiplatelets During Acute Gastrointestinal Bleeding and the Periendoscopic Period.,Abraham NS,2022,Journal of the Canadian Association of Gastroenterology,research/searches/A1/pubmed/pubmed_a1_designpilot_20260710/efetch_053.xml,false,true,true,true,context_only_no_decision
DUPC-000316,exact_normalized_title,manual_title_collision_review,REC-PUBMED-35727284,35727284,10.1001/jama.2022.6350,Recent Use of Non-Vitamin K Antagonist Oral Anticoagulants and Intracranial Hemorrhage Among Patients With Acute Ischemic Stroke Treated With Alteplase.,Webb AJ,2022,JAMA,research/searches/A1/pubmed/pubmed_a1_designpilot_20260710/efetch_052.xml,REC-PUBMED-35727285,35727285,10.1001/jama.2022.6347,Recent Use of Non-Vitamin K Antagonist Oral Anticoagulants and Intracranial Hemorrhage Among Patients With Acute Ischemic Stroke Treated With Alteplase.,Frontera JA,2022,JAMA,research/searches/A1/pubmed/pubmed_a1_designpilot_20260710/efetch_052.xml,false,true,false,true,context_only_no_decision
DUPC-000317,exact_normalized_title,manual_title_collision_review,REC-PUBMED-3576268,3576268,10.1097/00007611-198705000-00007,Hypercalcemia in active pulmonary tuberculosis.,Sullivan JN,1987,Southern medical journal,research/searches/B2/pubmed/pubmed_b2_designpilot_20260710/efetch_021.xml,REC-PUBMED-426400,426400,10.7326/0003-4819-90-3-324,Hypercalcemia in active pulmonary tuberculosis.,Abbasi AA,1979,Annals of internal medicine,research/searches/B2/pubmed/pubmed_b2_designpilot_20260710/efetch_023.xml,false,true,false,false,context_only_no_decision
DUPC-000318,exact_normalized_title,manual_title_collision_review,REC-PUBMED-37622606,37622606,,[Not Available].,Jochumsen EA,2023,Ugeskrift for laeger,research/searches/A1/pubmed/pubmed_a1_designpilot_20260710/efetch_049.xml,REC-PUBMED-38250215,38250215,10.1016/j.jceh.2023.101319,[Not Available].,Jaber F,2024,Journal of clinical and experimental hepatology,research/searches/A1/pubmed/pubmed_a1_designpilot_20260710/efetch_048.xml,false,true,false,false,context_only_no_decision
DUPC-000319,exact_normalized_title,manual_title_collision_review,REC-PUBMED-37622606,37622606,,[Not Available].,Jochumsen EA,2023,Ugeskrift for laeger,research/searches/A1/pubmed/pubmed_a1_designpilot_20260710/efetch_049.xml,REC-PUBMED-42409706,42409706,10.1016/j.arteri.2026.500956,[Not Available].,Páramo JA,2026,Clinica e investigacion en arteriosclerosis : publicacion oficial de la Sociedad Espanola de Arteriosclerosis,research/searches/A1/pubmed/pubmed_a1_designpilot_20260710/efetch_041.xml,false,true,false,false,context_only_no_decision
DUPC-000320,exact_normalized_title,manual_title_collision_review,REC-PUBMED-38250215,38250215,10.1016/j.jceh.2023.101319,[Not Available].,Jaber F,2024,Journal of clinical and experimental hepatology,research/searches/A1/pubmed/pubmed_a1_designpilot_20260710/efetch_048.xml,REC-PUBMED-42409706,42409706,10.1016/j.arteri.2026.500956,[Not Available].,Páramo JA,2026,Clinica e investigacion en arteriosclerosis : publicacion oficial de la Sociedad Espanola de Arteriosclerosis,research/searches/A1/pubmed/pubmed_a1_designpilot_20260710/efetch_041.xml,false,true,false,false,context_only_no_decision
DUPC-000321,exact_normalized_title,manual_title_collision_review,REC-PUBMED-38466270,38466270,10.1001/jamainternmed.2024.0094,Inconclusive Findings in Non-Vitamin K Antagonist Oral Anticoagulants Study.,Tzeng CT,2024,JAMA internal medicine,research/searches/A1/pubmed/pubmed_a1_designpilot_20260710/efetch_047.xml,REC-PUBMED-38466279,38466279,10.1001/jamainternmed.2024.0091,Inconclusive Findings in Non-Vitamin K Antagonist Oral Anticoagulants Study.,Khan F,2024,JAMA internal medicine,research/searches/A1/pubmed/pubmed_a1_designpilot_20260710/efetch_047.xml,false,true,false,true,context_only_no_decision
DUPC-000322,exact_normalized_title,manual_title_collision_review,REC-PUBMED-38814293,38814293,10.1097/js9.0000000000001732,"Comment on 'Exploring the complex relationship between vitamin K, gut microbiota, and warfarin variability in cardiac surgery patients'.",Zhou Z,2024,"International journal of surgery (London, England)",research/searches/A1/pubmed/pubmed_a1_designpilot_20260710/efetch_047.xml,REC-PUBMED-40928759,40928759,10.1097/js9.0000000000003357,"Comment on ""Exploring the complex relationship between Vitamin K, gut microbiota, and warfarin variability in cardiac surgery patients"".",Chen J,2026,"International journal of surgery (London, England)",research/searches/A1/pubmed/pubmed_a1_designpilot_20260710/efetch_043.xml,false,true,false,false,context_only_no_decision
DUPC-000323,exact_normalized_title,manual_title_collision_review,REC-PUBMED-38825339,38825339,10.1093/clinchem/hvae057,Commentary on Understanding Elevated Vitamin D Measurements to Uncover Hypercalcemia Etiology.,Hamilton PK,2024,Clinical chemistry,research/searches/B2/pubmed/pubmed_b2_designpilot_20260710/efetch_002.xml,REC-PUBMED-38825342,38825342,10.1093/clinchem/hvae047,Commentary on Understanding Elevated Vitamin D Measurements to Uncover Hypercalcemia Etiology.,Cavalier E,2024,Clinical chemistry,research/searches/B2/pubmed/pubmed_b2_designpilot_20260710/efetch_002.xml,false,true,false,true,context_only_no_decision
DUPC-000324,exact_normalized_title,manual_title_collision_review,REC-PUBMED-3982578,3982578,10.1159/000183398,Critical role of oxalate restriction in association with calcium restriction to decrease the probability of being a stone former: insufficient effect in idiopathic hypercalciuria.,Bataille P,1985,Nephron,research/searches/B1/pubmed/pubmed_b1_designpilot_20260710/efetch_006.xml,REC-PUBMED-6657662,6657662,,Critical role of oxalate restriction in association with calcium restriction to decrease the probability of being a stone former: insufficient effect in idiopathic hypercalciuria.,Bataille P,1983,Proceedings of the European Dialysis and Transplant Association. European Dialysis and Transplant Association,research/searches/B1/pubmed/pubmed_b1_designpilot_20260710/efetch_006.xml,false,true,true,false,context_only_no_decision
DUPC-000325,exact_normalized_title,manual_title_collision_review,REC-PUBMED-4790543,4790543,,[Iatrogenic hypercalcemia].,Mihalca E,1973,Pediatria,research/searches/B2/pubmed/pubmed_b2_designpilot_20260710/efetch_024.xml,REC-PUBMED-5595322,5595322,,[Iatrogenic hypercalcemia].,Fournier A,1967,Journal des sciences medicales de Lille,research/searches/B2/pubmed/pubmed_b2_designpilot_20260710/efetch_024.xml,false,true,false,false,context_only_no_decision
DUPC-000326,exact_normalized_title,manual_title_collision_review,REC-PUBMED-5061124,5061124,,Oral anticoagulant therapy.,Sellers EM,1972,Canadian Medical Association journal,research/searches/A1/pubmed/pubmed_a1_designpilot_20260710/efetch_002.xml,REC-PUBMED-6401260,6401260,10.1080/21548331.1983.11702460,Oral anticoagulant therapy.,Walsh PN,1983,Hospital practice (Office ed.),research/searches/A1/pubmed/pubmed_a1_designpilot_20260710/efetch_003.xml,false,true,false,false,context_only_no_decision
DUPC-000327,exact_normalized_title,manual_title_collision_review,REC-PUBMED-5419298,5419298,10.1056/nejm197006252822610,Warfarin revisited.,Deykin D,1970,The New England journal of medicine,research/searches/A1/pubmed/pubmed_a1_designpilot_20260710/efetch_002.xml,REC-PUBMED-5429819,5429819,,Warfarin revisited.,Olson RE,1970,The New England journal of medicine,research/searches/A1/pubmed/pubmed_a1_designpilot_20260710/efetch_002.xml,false,true,false,true,context_only_no_decision
DUPC-000328,exact_normalized_title,high_title_author_year,REC-PUBMED-5419298,5419298,10.1056/nejm197006252822610,Warfarin revisited.,Deykin D,1970,The New England journal of medicine,research/searches/A1/pubmed/pubmed_a1_designpilot_20260710/efetch_002.xml,REC-PUBMED-5429820,5429820,10.1056/nejm197008202830820,Warfarin revisited.,Deykin D,1970,The New England journal of medicine,research/searches/A1/pubmed/pubmed_a1_designpilot_20260710/efetch_002.xml,false,true,true,true,context_only_no_decision
DUPC-000329,exact_normalized_title,manual_title_collision_review,REC-PUBMED-5429819,5429819,,Warfarin revisited.,Olson RE,1970,The New England journal of medicine,research/searches/A1/pubmed/pubmed_a1_designpilot_20260710/efetch_002.xml,REC-PUBMED-5429820,5429820,10.1056/nejm197008202830820,Warfarin revisited.,Deykin D,1970,The New England journal of medicine,research/searches/A1/pubmed/pubmed_a1_designpilot_20260710/efetch_002.xml,false,true,false,true,context_only_no_decision
DUPC-000330,exact_normalized_title,manual_title_collision_review,REC-PUBMED-54676,54676,10.1016/s0140-6736(76)93207-4,Letter: Vitamin-C-induced hyperoxaluria.,Briggs M,1976,"Lancet (London, England)",research/searches/B3/pubmed/pubmed_b3_designpilot_20260710/efetch_004.xml,REC-PUBMED-54776,54776,10.1016/s0140-6736(76)90125-2,Letter: Vitamin-C-induced hyperoxaluria.,Harris AB,1976,"Lancet (London, England)",research/searches/B3/pubmed/pubmed_b3_designpilot_20260710/efetch_004.xml,false,true,false,true,context_only_no_decision
DUPC-000331,exact_normalized_title,manual_title_collision_review,REC-PUBMED-5542056,5542056,10.1056/nejm197103042840918,Idiopathic hypercalciuria.,Silber SJ,1971,The New England journal of medicine,research/searches/B1/pubmed/pubmed_b1_designpilot_20260710/efetch_006.xml,REC-PUBMED-6144904,6144904,10.1016/s0140-6736(84)91426-0,Idiopathic hypercalciuria.,Payne RB,1984,"Lancet (London, England)",research/searches/B1/pubmed/pubmed_b1_designpilot_20260710/efetch_006.xml,false,true,false,false,context_only_no_decision
DUPC-000332,exact_normalized_title,manual_title_collision_review,REC-PUBMED-5542056,5542056,10.1056/nejm197103042840918,Idiopathic hypercalciuria.,Silber SJ,1971,The New England journal of medicine,research/searches/B1/pubmed/pubmed_b1_designpilot_20260710/efetch_006.xml,REC-PUBMED-6689528,6689528,,Idiopathic hypercalciuria.,Coe FL,1983,Henry Ford Hospital medical journal,research/searches/B2/pubmed/pubmed_b2_designpilot_20260710/efetch_022.xml,false,true,false,false,context_only_no_decision
DUPC-000333,exact_normalized_title,manual_title_collision_review,REC-PUBMED-5542056,5542056,10.1056/nejm197103042840918,Idiopathic hypercalciuria.,Silber SJ,1971,The New England journal of medicine,research/searches/B1/pubmed/pubmed_b1_designpilot_20260710/efetch_006.xml,REC-PUBMED-6761462,6761462,,[Idiopathic hypercalciuria].,Iida N,1982,Nihon rinsho. Japanese journal of clinical medicine,research/searches/B1/pubmed/pubmed_b1_designpilot_20260710/efetch_006.xml,false,true,false,false,context_only_no_decision
DUPC-000334,exact_normalized_title,manual_title_collision_review,REC-PUBMED-6143917,6143917,,Pathogenesis of idiopathic hypercalciuria.,,1984,"Lancet (London, England)",research/searches/B2/pubmed/pubmed_b2_designpilot_20260710/efetch_022.xml,REC-PUBMED-790341,790341,,[Pathogenesis of idiopathic hypercalciuria].,Grajek S,1976,"Polski tygodnik lekarski (Warsaw, Poland : 1960)",research/searches/B1/pubmed/pubmed_b1_designpilot_20260710/efetch_006.xml,false,true,false,false,context_only_no_decision
DUPC-000335,exact_normalized_title,manual_title_collision_review,REC-PUBMED-6144904,6144904,10.1016/s0140-6736(84)91426-0,Idiopathic hypercalciuria.,Payne RB,1984,"Lancet (London, England)",research/searches/B1/pubmed/pubmed_b1_designpilot_20260710/efetch_006.xml,REC-PUBMED-6689528,6689528,,Idiopathic hypercalciuria.,Coe FL,1983,Henry Ford Hospital medical journal,research/searches/B2/pubmed/pubmed_b2_designpilot_20260710/efetch_022.xml,false,true,false,false,context_only_no_decision
DUPC-000336,exact_normalized_title,manual_title_collision_review,REC-PUBMED-6144904,6144904,10.1016/s0140-6736(84)91426-0,Idiopathic hypercalciuria.,Payne RB,1984,"Lancet (London, England)",research/searches/B1/pubmed/pubmed_b1_designpilot_20260710/efetch_006.xml,REC-PUBMED-6761462,6761462,,[Idiopathic hypercalciuria].,Iida N,1982,Nihon rinsho. Japanese journal of clinical medicine,research/searches/B1/pubmed/pubmed_b1_designpilot_20260710/efetch_006.xml,false,true,false,false,context_only_no_decision
DUPC-000337,exact_normalized_title,manual_title_collision_review,REC-PUBMED-6385452,6385452,10.1016/s0195-5616(84)50088-6,Hypercalcemia.,Meuten DJ,1984,The Veterinary clinics of North America. Small animal practice,research/searches/B2/pubmed/pubmed_b2_designpilot_20260710/efetch_022.xml,REC-PUBMED-8029686,8029686,,[Hypercalcemia].,Schmid C,1994,Schweizerische medizinische Wochenschrift,research/searches/B2/pubmed/pubmed_b2_designpilot_20260710/efetch_018.xml,false,true,false,false,context_only_no_decision
DUPC-000338,exact_normalized_title,manual_title_collision_review,REC-PUBMED-6689528,6689528,,Idiopathic hypercalciuria.,Coe FL,1983,Henry Ford Hospital medical journal,research/searches/B2/pubmed/pubmed_b2_designpilot_20260710/efetch_022.xml,REC-PUBMED-6761462,6761462,,[Idiopathic hypercalciuria].,Iida N,1982,Nihon rinsho. Japanese journal of clinical medicine,research/searches/B1/pubmed/pubmed_b1_designpilot_20260710/efetch_006.xml,false,true,false,false,context_only_no_decision
DUPC-000339,exact_normalized_title,manual_title_collision_review,REC-PUBMED-8119115,8119115,,[Dietary calcium and kidney stone formation].,Hesse A,1994,Deutsche medizinische Wochenschrift (1946),research/searches/B1/pubmed/pubmed_b1_designpilot_20260710/efetch_004.xml,REC-PUBMED-8223221,8223221,,[Dietary calcium and kidney stone formation].,,1993,Deutsche medizinische Wochenschrift (1946),research/searches/B1/pubmed/pubmed_b1_designpilot_20260710/efetch_005.xml,false,true,false,false,context_only_no_decision
DUPC-000340,exact_normalized_title,manual_title_collision_review,REC-PUBMED-8326599,8326599,,A prospective study of dietary calcium and other nutrients and the risk of symptomatic kidney stones.,Menon M,1993,The Journal of urology,research/searches/B1/pubmed/pubmed_b1_designpilot_20260710/efetch_005.xml,REC-PUBMED-8441427,8441427,10.1056/nejm199303253281203,A prospective study of dietary calcium and other nutrients and the risk of symptomatic kidney stones.,Curhan GC,1993,The New England journal of medicine,research/searches/B1/pubmed/pubmed_b1_designpilot_20260710/efetch_005.xml,false,true,false,true,context_only_no_decision
DUPC-000341,exact_normalized_title,manual_title_collision_review,REC-PUBMED-8332168,8332168,10.1056/nejm199308123290716,Calcium and kidney stones.,Burtis WJ,1993,The New England journal of medicine,research/searches/B1/pubmed/pubmed_b1_designpilot_20260710/efetch_005.xml,REC-PUBMED-8332169,8332169,10.1056/nejm199308123290717,Calcium and kidney stones.,Stern R,1993,The New England journal of medicine,research/searches/B1/pubmed/pubmed_b1_designpilot_20260710/efetch_005.xml,false,true,false,true,context_only_no_decision
DUPC-000342,exact_normalized_title,high_title_author_year,REC-PUBMED-9406294,9406294,,Haemostasis at low heparin dosage during cardiopulmonary bypass with heparin-coated circuits in pigs.,Bagge L,1997,Scandinavian cardiovascular journal : SCJ,research/searches/A2/pubmed/pubmed_a2_designpilot_20260710/efetch_004.xml,REC-PUBMED-9498931,9498931,,Haemostasis at low heparin dosage during cardiopulmonary bypass with heparin-coated circuits in pigs.,Bagge L,1997,Scandinavian cardiovascular journal : SCJ,research/searches/A2/pubmed/pubmed_a2_designpilot_20260710/efetch_004.xml,false,true,true,true,context_only_no_decision
