link_candidate_id,review_priority,reference_type,nct_id,registry_record_id,registry_question_ids,registry_search_run_ids,brief_title,official_title,overall_status,study_type,phases,enrollment,conditions,interventions,lead_sponsor,registry_url,registry_reference_citation,registry_raw_file,pmid,pubmed_record_id,pubmed_title,pubmed_first_author,pubmed_year,pubmed_journal,pubmed_doi,pubmed_url,pubmed_raw_file,pubmed_in_search_corpus,status
LINK-CTGOV-NCT00070655-PMID-18294998,high_derived_reference,DERIVED,NCT00070655,REC-CTGOV-NCT00070655,A1,ctgov_a1_designpilot_20260710,Evaluating the Use of SR34006 Compared to Warfarin or Acenocoumarol in Patients With Atrial Fibrillation (AMADEUS),"The AMADEUS Trial, A Multicenter, Randomized, Open-label, Assessor Blind, Non-inferiority Study Comparing the Efficacy and Safety of Once-weekly Subcutaneous Idraparinux (SR34006) With Adjusted-dose Oral Vitamin-K Antagonists in the Prevention of Thromboembolic Events in Patients With Atrial Fibrillation",COMPLETED,INTERVENTIONAL,PHASE3,4673,Atrial Fibrillation,DRUG:SR34006 (idraparinux sodium) Injection|DRUG:vitamin K antagonist (warfarin or acenocoumarol) tablets,Sanofi,https://clinicaltrials.gov/study/NCT00070655,"Amadeus Investigators; Bousser MG, Bouthier J, Buller HR, Cohen AT, Crijns H, Davidson BL, Halperin J, Hankey G, Levy S, Pengo V, Prandoni P, Prins MH, Tomkowski W, Torp-Pedersen C, Wyse DG. Comparison of idraparinux with vitamin K antagonists for prevention of thromboembolism in patients with atrial fibrillation: a randomised, open-label, non-inferiority trial. Lancet. 2008 Jan 26;371(9609):315-21. doi: 10.1016/S0140-6736(08)60168-3.",research/searches/A1/clinicaltrials/ctgov_a1_designpilot_20260710/page_001.json,18294998,REC-PUBMED-18294998,"Comparison of idraparinux with vitamin K antagonists for prevention of thromboembolism in patients with atrial fibrillation: a randomised, open-label, non-inferiority trial.",Amadeus Investigators,2008,"Lancet (London, England)",10.1016/s0140-6736(08)60168-3,https://pubmed.ncbi.nlm.nih.gov/18294998/,research/searches/A1/pubmed/pubmed_a1_designpilot_20260710/efetch_008.xml,true,context_only_no_linkage_decision
LINK-CTGOV-NCT00070655-PMID-19348685,high_derived_reference,DERIVED,NCT00070655,REC-CTGOV-NCT00070655,A1,ctgov_a1_designpilot_20260710,Evaluating the Use of SR34006 Compared to Warfarin or Acenocoumarol in Patients With Atrial Fibrillation (AMADEUS),"The AMADEUS Trial, A Multicenter, Randomized, Open-label, Assessor Blind, Non-inferiority Study Comparing the Efficacy and Safety of Once-weekly Subcutaneous Idraparinux (SR34006) With Adjusted-dose Oral Vitamin-K Antagonists in the Prevention of Thromboembolic Events in Patients With Atrial Fibrillation",COMPLETED,INTERVENTIONAL,PHASE3,4673,Atrial Fibrillation,DRUG:SR34006 (idraparinux sodium) Injection|DRUG:vitamin K antagonist (warfarin or acenocoumarol) tablets,Sanofi,https://clinicaltrials.gov/study/NCT00070655,"Prins MH, Guillemin I, Gilet H, Gabriel S, Essers B, Raskob G, Kahn SR. Scoring and psychometric validation of the Perception of Anticoagulant Treatment Questionnaire (PACT-Q). Health Qual Life Outcomes. 2009 Apr 7;7:30. doi: 10.1186/1477-7525-7-30.",research/searches/A1/clinicaltrials/ctgov_a1_designpilot_20260710/page_001.json,19348685,REC-PUBMED-19348685,Scoring and psychometric validation of the Perception of Anticoagulant Treatment Questionnaire (PACT-Q).,Prins MH,2009,Health and quality of life outcomes,10.1186/1477-7525-7-30,https://pubmed.ncbi.nlm.nih.gov/19348685/,research/searches/A1/pubmed/pubmed_a1_designpilot_20260710/efetch_007.xml,true,context_only_no_linkage_decision
LINK-CTGOV-NCT00070655-PMID-34320504,high_derived_reference,DERIVED,NCT00070655,REC-CTGOV-NCT00070655,A1,ctgov_a1_designpilot_20260710,Evaluating the Use of SR34006 Compared to Warfarin or Acenocoumarol in Patients With Atrial Fibrillation (AMADEUS),"The AMADEUS Trial, A Multicenter, Randomized, Open-label, Assessor Blind, Non-inferiority Study Comparing the Efficacy and Safety of Once-weekly Subcutaneous Idraparinux (SR34006) With Adjusted-dose Oral Vitamin-K Antagonists in the Prevention of Thromboembolic Events in Patients With Atrial Fibrillation",COMPLETED,INTERVENTIONAL,PHASE3,4673,Atrial Fibrillation,DRUG:SR34006 (idraparinux sodium) Injection|DRUG:vitamin K antagonist (warfarin or acenocoumarol) tablets,Sanofi,https://clinicaltrials.gov/study/NCT00070655,"Ding WY, Lip GYH, Shantsila A. Relationship between Chronic Kidney Disease, Time-in-Therapeutic Range, and Adverse Outcomes in Atrial Fibrillation: A post hoc Analysis from the AMADEUS Trial. Cerebrovasc Dis. 2022;51(1):29-35. doi: 10.1159/000517608. Epub 2021 Jul 28.",research/searches/A1/clinicaltrials/ctgov_a1_designpilot_20260710/page_001.json,34320504,REC-PUBMED-34320504,"Relationship between Chronic Kidney Disease, Time-in-Therapeutic Range, and Adverse Outcomes in Atrial Fibrillation: A post hoc Analysis from the AMADEUS Trial.",Ding WY,2022,"Cerebrovascular diseases (Basel, Switzerland)",10.1159/000517608,https://pubmed.ncbi.nlm.nih.gov/34320504/,research/searches/A1/pubmed/pubmed_a1_designpilot_20260710/efetch_055.xml,true,context_only_no_linkage_decision
LINK-CTGOV-NCT00120731-PMID-12549788,manual_background_reference,BACKGROUND,NCT00120731,REC-CTGOV-NCT00120731,B1,ctgov_b1_designpilot_20260710,Effects of Potassium Citrate in Urine of Children With Elevated Calcium in Urine and Kidney Stones,Urinary Chemistry and Acid-Base Effects of Potassium Citrate in Children With Idiopathic Hypercalciuria and Urolithiasis,WITHDRAWN,INTERVENTIONAL,NA,0,Kidney Calculi,DRUG:Potassium Citrate|DRUG:Acetazolamide|BEHAVIORAL:Diet low in oxalate and purines,Children's Mercy Hospital Kansas City,https://clinicaltrials.gov/study/NCT00120731,"Tapaneya-Olarn W, Khositseth S, Tapaneya-Olarn C, Teerakarnjana N, Chaichanajarernkul U, Stitchantrakul W, Petchthong T. The optimal dose of potassium citrate in the treatment of children with distal renal tubular acidosis. J Med Assoc Thai. 2002 Nov;85 Suppl 4:S1143-9.",research/searches/B1/clinicaltrials/ctgov_b1_designpilot_20260710/page_001.json,12549788,REC-PUBMED-12549788,The optimal dose of potassium citrate in the treatment of children with distal renal tubular acidosis.,Tapaneya-Olarn W,2002,Journal of the Medical Association of Thailand = Chotmaihet thangphaet,,https://pubmed.ncbi.nlm.nih.gov/12549788/,research/searches/B1/pubmed/pubmed_b1_designpilot_20260710/efetch_004.xml,true,context_only_no_linkage_decision
LINK-CTGOV-NCT00143715-PMID-10073841,manual_background_reference,BACKGROUND,NCT00143715,REC-CTGOV-NCT00143715,A1,ctgov_a1_designpilot_20260710,Oral Vitamin K for Warfarin Associated Coagulopathy,"A Multicentre, Multinational Study of Oral Vitamin K for the Treatment of Warfarin Associated Coagulopathy",COMPLETED,INTERVENTIONAL,PHASE3,690,Coagulation|Bleeding|Thrombosis,DRUG:Phytonadione (Vitamin K1),St. Joseph's Healthcare Hamilton,https://clinicaltrials.gov/study/NCT00143715,"Nee R, Doppenschmidt D, Donovan DJ, Andrews TC. Intravenous versus subcutaneous vitamin K1 in reversing excessive oral anticoagulation. Am J Cardiol. 1999 Jan 15;83(2):286-8, A6-7. doi: 10.1016/s0002-9149(98)00842-x.",research/searches/A1/clinicaltrials/ctgov_a1_designpilot_20260710/page_001.json,10073841,REC-PUBMED-10073841,Intravenous versus subcutaneous vitamin K1 in reversing excessive oral anticoagulation.,Nee R,1999,The American journal of cardiology,10.1016/s0002-9149(98)00842-x,https://pubmed.ncbi.nlm.nih.gov/10073841/,research/searches/A1/pubmed/pubmed_a1_designpilot_20260710/efetch_004.xml,true,context_only_no_linkage_decision
LINK-CTGOV-NCT00143715-PMID-10597763,manual_background_reference,BACKGROUND,NCT00143715,REC-CTGOV-NCT00143715,A1,ctgov_a1_designpilot_20260710,Oral Vitamin K for Warfarin Associated Coagulopathy,"A Multicentre, Multinational Study of Oral Vitamin K for the Treatment of Warfarin Associated Coagulopathy",COMPLETED,INTERVENTIONAL,PHASE3,690,Coagulation|Bleeding|Thrombosis,DRUG:Phytonadione (Vitamin K1),St. Joseph's Healthcare Hamilton,https://clinicaltrials.gov/study/NCT00143715,"Raj G, Kumar R, McKinney WP. Time course of reversal of anticoagulant effect of warfarin by intravenous and subcutaneous phytonadione. Arch Intern Med. 1999 Dec 13-27;159(22):2721-4. doi: 10.1001/archinte.159.22.2721.",research/searches/A1/clinicaltrials/ctgov_a1_designpilot_20260710/page_001.json,10597763,REC-PUBMED-10597763,Time course of reversal of anticoagulant effect of warfarin by intravenous and subcutaneous phytonadione.,Raj G,1999,Archives of internal medicine,10.1001/archinte.159.22.2721,https://pubmed.ncbi.nlm.nih.gov/10597763/,research/searches/A1/pubmed/pubmed_a1_designpilot_20260710/efetch_004.xml,true,context_only_no_linkage_decision
LINK-CTGOV-NCT00143715-PMID-10847254,manual_background_reference,BACKGROUND,NCT00143715,REC-CTGOV-NCT00143715,A1,ctgov_a1_designpilot_20260710,Oral Vitamin K for Warfarin Associated Coagulopathy,"A Multicentre, Multinational Study of Oral Vitamin K for the Treatment of Warfarin Associated Coagulopathy",COMPLETED,INTERVENTIONAL,PHASE3,690,Coagulation|Bleeding|Thrombosis,DRUG:Phytonadione (Vitamin K1),St. Joseph's Healthcare Hamilton,https://clinicaltrials.gov/study/NCT00143715,"Hylek EM, Chang YC, Skates SJ, Hughes RA, Singer DE. Prospective study of the outcomes of ambulatory patients with excessive warfarin anticoagulation. Arch Intern Med. 2000 Jun 12;160(11):1612-7. doi: 10.1001/archinte.160.11.1612.",research/searches/A1/clinicaltrials/ctgov_a1_designpilot_20260710/page_001.json,10847254,REC-PUBMED-10847254,,,,,,https://pubmed.ncbi.nlm.nih.gov/10847254/,,false,context_only_no_linkage_decision
LINK-CTGOV-NCT00143715-PMID-10908494,manual_background_reference,BACKGROUND,NCT00143715,REC-CTGOV-NCT00143715,A1,ctgov_a1_designpilot_20260710,Oral Vitamin K for Warfarin Associated Coagulopathy,"A Multicentre, Multinational Study of Oral Vitamin K for the Treatment of Warfarin Associated Coagulopathy",COMPLETED,INTERVENTIONAL,PHASE3,690,Coagulation|Bleeding|Thrombosis,DRUG:Phytonadione (Vitamin K1),St. Joseph's Healthcare Hamilton,https://clinicaltrials.gov/study/NCT00143715,"Hutten BA, Prins MH. Duration of treatment with vitamin K antagonists in symptomatic venous thromboembolism. Cochrane Database Syst Rev. 2000;(3):CD001367. doi: 10.1002/14651858.CD001367.",research/searches/A1/clinicaltrials/ctgov_a1_designpilot_20260710/page_001.json,10908494,REC-PUBMED-10908494,Duration of treatment with vitamin K antagonists in symptomatic venous thromboembolism.,Hutten BA,2000,The Cochrane database of systematic reviews,10.1002/14651858.cd001367,https://pubmed.ncbi.nlm.nih.gov/10908494/,research/searches/A1/pubmed/pubmed_a1_designpilot_20260710/efetch_012.xml,true,context_only_no_linkage_decision
LINK-CTGOV-NCT00143715-PMID-11075768,manual_background_reference,BACKGROUND,NCT00143715,REC-CTGOV-NCT00143715,A1,ctgov_a1_designpilot_20260710,Oral Vitamin K for Warfarin Associated Coagulopathy,"A Multicentre, Multinational Study of Oral Vitamin K for the Treatment of Warfarin Associated Coagulopathy",COMPLETED,INTERVENTIONAL,PHASE3,690,Coagulation|Bleeding|Thrombosis,DRUG:Phytonadione (Vitamin K1),St. Joseph's Healthcare Hamilton,https://clinicaltrials.gov/study/NCT00143715,"Crowther MA, Julian J, McCarty D, Douketis J, Kovacs M, Biagoni L, Schnurr T, McGinnis J, Gent M, Hirsh J, Ginsberg J. Treatment of warfarin-associated coagulopathy with oral vitamin K: a randomised controlled trial. Lancet. 2000 Nov 4;356(9241):1551-3. doi: 10.1016/S0140-6736(00)03125-1.",research/searches/A1/clinicaltrials/ctgov_a1_designpilot_20260710/page_001.json,11075768,REC-PUBMED-11075768,Treatment of warfarin-associated coagulopathy with oral vitamin K: a randomised controlled trial.,Crowther MA,2000,"Lancet (London, England)",10.1016/s0140-6736(00)03125-1,https://pubmed.ncbi.nlm.nih.gov/11075768/,research/searches/A1/pubmed/pubmed_a1_designpilot_20260710/efetch_012.xml,true,context_only_no_linkage_decision
LINK-CTGOV-NCT00143715-PMID-11279741,manual_background_reference,BACKGROUND,NCT00143715,REC-CTGOV-NCT00143715,A1,ctgov_a1_designpilot_20260710,Oral Vitamin K for Warfarin Associated Coagulopathy,"A Multicentre, Multinational Study of Oral Vitamin K for the Treatment of Warfarin Associated Coagulopathy",COMPLETED,INTERVENTIONAL,PHASE3,690,Coagulation|Bleeding|Thrombosis,DRUG:Phytonadione (Vitamin K1),St. Joseph's Healthcare Hamilton,https://clinicaltrials.gov/study/NCT00143715,"Segal JB, McNamara RL, Miller MR, Powe NR, Goodman SN, Robinson KA, Bass EB. Anticoagulants or antiplatelet therapy for non-rheumatic atrial fibrillation and flutter. Cochrane Database Syst Rev. 2001;(1):CD001938. doi: 10.1002/14651858.CD001938.",research/searches/A1/clinicaltrials/ctgov_a1_designpilot_20260710/page_001.json,11279741,REC-PUBMED-11279741,,,,,,https://pubmed.ncbi.nlm.nih.gov/11279741/,,false,context_only_no_linkage_decision
LINK-CTGOV-NCT00143715-PMID-11560452,manual_background_reference,BACKGROUND,NCT00143715,REC-CTGOV-NCT00143715,A1,ctgov_a1_designpilot_20260710,Oral Vitamin K for Warfarin Associated Coagulopathy,"A Multicentre, Multinational Study of Oral Vitamin K for the Treatment of Warfarin Associated Coagulopathy",COMPLETED,INTERVENTIONAL,PHASE3,690,Coagulation|Bleeding|Thrombosis,DRUG:Phytonadione (Vitamin K1),St. Joseph's Healthcare Hamilton,https://clinicaltrials.gov/study/NCT00143715,"Hylek EM, Regan S, Go AS, Hughes RA, Singer DE, Skates SJ. Clinical predictors of prolonged delay in return of the international normalized ratio to within the therapeutic range after excessive anticoagulation with warfarin. Ann Intern Med. 2001 Sep 18;135(6):393-400. doi: 10.7326/0003-4819-135-6-200109180-00008.",research/searches/A1/clinicaltrials/ctgov_a1_designpilot_20260710/page_001.json,11560452,REC-PUBMED-11560452,Clinical predictors of prolonged delay in return of the international normalized ratio to within the therapeutic range after excessive anticoagulation with warfarin.,Hylek EM,2001,Annals of internal medicine,10.7326/0003-4819-135-6-200109180-00008,https://pubmed.ncbi.nlm.nih.gov/11560452/,research/searches/A1/pubmed/pubmed_a1_designpilot_20260710/efetch_012.xml,true,context_only_no_linkage_decision
LINK-CTGOV-NCT00143715-PMID-11706908,manual_background_reference,BACKGROUND,NCT00143715,REC-CTGOV-NCT00143715,A1,ctgov_a1_designpilot_20260710,Oral Vitamin K for Warfarin Associated Coagulopathy,"A Multicentre, Multinational Study of Oral Vitamin K for the Treatment of Warfarin Associated Coagulopathy",COMPLETED,INTERVENTIONAL,PHASE3,690,Coagulation|Bleeding|Thrombosis,DRUG:Phytonadione (Vitamin K1),St. Joseph's Healthcare Hamilton,https://clinicaltrials.gov/study/NCT00143715,"Chan KB, Man-Son-Hing M, Molnar FJ, Laupacis A. How well is the clinical importance of study results reported? An assessment of randomized controlled trials. CMAJ. 2001 Oct 30;165(9):1197-202.",research/searches/A1/clinicaltrials/ctgov_a1_designpilot_20260710/page_001.json,11706908,REC-PUBMED-11706908,,,,,,https://pubmed.ncbi.nlm.nih.gov/11706908/,,false,context_only_no_linkage_decision
LINK-CTGOV-NCT00143715-PMID-11722425,manual_background_reference,BACKGROUND,NCT00143715,REC-CTGOV-NCT00143715,A1,ctgov_a1_designpilot_20260710,Oral Vitamin K for Warfarin Associated Coagulopathy,"A Multicentre, Multinational Study of Oral Vitamin K for the Treatment of Warfarin Associated Coagulopathy",COMPLETED,INTERVENTIONAL,PHASE3,690,Coagulation|Bleeding|Thrombosis,DRUG:Phytonadione (Vitamin K1),St. Joseph's Healthcare Hamilton,https://clinicaltrials.gov/study/NCT00143715,"Watson HG, Baglin T, Laidlaw SL, Makris M, Preston FE. A comparison of the efficacy and rate of response to oral and intravenous Vitamin K in reversal of over-anticoagulation with warfarin. Br J Haematol. 2001 Oct;115(1):145-9. doi: 10.1046/j.1365-2141.2001.03070.x.",research/searches/A1/clinicaltrials/ctgov_a1_designpilot_20260710/page_001.json,11722425,REC-PUBMED-11722425,A comparison of the efficacy and rate of response to oral and intravenous Vitamin K in reversal of over-anticoagulation with warfarin.,Watson HG,2001,British journal of haematology,10.1046/j.1365-2141.2001.03070.x,https://pubmed.ncbi.nlm.nih.gov/11722425/,research/searches/A1/pubmed/pubmed_a1_designpilot_20260710/efetch_012.xml,true,context_only_no_linkage_decision
LINK-CTGOV-NCT00143715-PMID-12133163,manual_background_reference,BACKGROUND,NCT00143715,REC-CTGOV-NCT00143715,A1,ctgov_a1_designpilot_20260710,Oral Vitamin K for Warfarin Associated Coagulopathy,"A Multicentre, Multinational Study of Oral Vitamin K for the Treatment of Warfarin Associated Coagulopathy",COMPLETED,INTERVENTIONAL,PHASE3,690,Coagulation|Bleeding|Thrombosis,DRUG:Phytonadione (Vitamin K1),St. Joseph's Healthcare Hamilton,https://clinicaltrials.gov/study/NCT00143715,"Man-Son-Hing M, Laupacis A, O'Rourke K, Molnar FJ, Mahon J, Chan KB, Wells G. Determination of the clinical importance of study results. J Gen Intern Med. 2002 Jun;17(6):469-76. doi: 10.1046/j.1525-1497.2002.11111.x.",research/searches/A1/clinicaltrials/ctgov_a1_designpilot_20260710/page_001.json,12133163,REC-PUBMED-12133163,,,,,,https://pubmed.ncbi.nlm.nih.gov/12133163/,,false,context_only_no_linkage_decision
LINK-CTGOV-NCT00143715-PMID-12152676,manual_background_reference,BACKGROUND,NCT00143715,REC-CTGOV-NCT00143715,A1,ctgov_a1_designpilot_20260710,Oral Vitamin K for Warfarin Associated Coagulopathy,"A Multicentre, Multinational Study of Oral Vitamin K for the Treatment of Warfarin Associated Coagulopathy",COMPLETED,INTERVENTIONAL,PHASE3,690,Coagulation|Bleeding|Thrombosis,DRUG:Phytonadione (Vitamin K1),St. Joseph's Healthcare Hamilton,https://clinicaltrials.gov/study/NCT00143715,"Ageno W, Crowther M, Steidl L, Ultori C, Mera V, Dentali F, Squizzato A, Marchesi C, Venco A. Low dose oral vitamin K to reverse acenocoumarol-induced coagulopathy: a randomized controlled trial. Thromb Haemost. 2002 Jul;88(1):48-51.",research/searches/A1/clinicaltrials/ctgov_a1_designpilot_20260710/page_001.json,12152676,REC-PUBMED-12152676,Low dose oral vitamin K to reverse acenocoumarol-induced coagulopathy: a randomized controlled trial.,Ageno W,2002,Thrombosis and haemostasis,,https://pubmed.ncbi.nlm.nih.gov/12152676/,research/searches/A1/pubmed/pubmed_a1_designpilot_20260710/efetch_012.xml,true,context_only_no_linkage_decision
LINK-CTGOV-NCT00143715-PMID-12186515,manual_background_reference,BACKGROUND,NCT00143715,REC-CTGOV-NCT00143715,A1,ctgov_a1_designpilot_20260710,Oral Vitamin K for Warfarin Associated Coagulopathy,"A Multicentre, Multinational Study of Oral Vitamin K for the Treatment of Warfarin Associated Coagulopathy",COMPLETED,INTERVENTIONAL,PHASE3,690,Coagulation|Bleeding|Thrombosis,DRUG:Phytonadione (Vitamin K1),St. Joseph's Healthcare Hamilton,https://clinicaltrials.gov/study/NCT00143715,"Crowther MA, Douketis JD, Schnurr T, Steidl L, Mera V, Ultori C, Venco A, Ageno W. Oral vitamin K lowers the international normalized ratio more rapidly than subcutaneous vitamin K in the treatment of warfarin-associated coagulopathy. A randomized, controlled trial. Ann Intern Med. 2002 Aug 20;137(4):251-4. doi: 10.7326/0003-4819-137-4-200208200-00009.",research/searches/A1/clinicaltrials/ctgov_a1_designpilot_20260710/page_001.json,12186515,REC-PUBMED-12186515,"Oral vitamin K lowers the international normalized ratio more rapidly than subcutaneous vitamin K in the treatment of warfarin-associated coagulopathy. A randomized, controlled trial.",Crowther MA,2002,Annals of internal medicine,10.7326/0003-4819-137-4-200208200-00009,https://pubmed.ncbi.nlm.nih.gov/12186515/,research/searches/A1/pubmed/pubmed_a1_designpilot_20260710/efetch_012.xml,true,context_only_no_linkage_decision
LINK-CTGOV-NCT00143715-PMID-12196089,manual_background_reference,BACKGROUND,NCT00143715,REC-CTGOV-NCT00143715,A1,ctgov_a1_designpilot_20260710,Oral Vitamin K for Warfarin Associated Coagulopathy,"A Multicentre, Multinational Study of Oral Vitamin K for the Treatment of Warfarin Associated Coagulopathy",COMPLETED,INTERVENTIONAL,PHASE3,690,Coagulation|Bleeding|Thrombosis,DRUG:Phytonadione (Vitamin K1),St. Joseph's Healthcare Hamilton,https://clinicaltrials.gov/study/NCT00143715,"Libby EN, Garcia DA. A survey of oral vitamin K use by anticoagulation clinics. Arch Intern Med. 2002 Sep 9;162(16):1893-6. doi: 10.1001/archinte.162.16.1893.",research/searches/A1/clinicaltrials/ctgov_a1_designpilot_20260710/page_001.json,12196089,REC-PUBMED-12196089,A survey of oral vitamin K use by anticoagulation clinics.,Libby EN,2002,Archives of internal medicine,10.1001/archinte.162.16.1893,https://pubmed.ncbi.nlm.nih.gov/12196089/,research/searches/A1/pubmed/pubmed_a1_designpilot_20260710/efetch_012.xml,true,context_only_no_linkage_decision
LINK-CTGOV-NCT00143715-PMID-12424167,manual_background_reference,BACKGROUND,NCT00143715,REC-CTGOV-NCT00143715,A1,ctgov_a1_designpilot_20260710,Oral Vitamin K for Warfarin Associated Coagulopathy,"A Multicentre, Multinational Study of Oral Vitamin K for the Treatment of Warfarin Associated Coagulopathy",COMPLETED,INTERVENTIONAL,PHASE3,690,Coagulation|Bleeding|Thrombosis,DRUG:Phytonadione (Vitamin K1),St. Joseph's Healthcare Hamilton,https://clinicaltrials.gov/study/NCT00143715,"Oden A, Fahlen M. Oral anticoagulation and risk of death: a medical record linkage study. BMJ. 2002 Nov 9;325(7372):1073-5. doi: 10.1136/bmj.325.7372.1073.",research/searches/A1/clinicaltrials/ctgov_a1_designpilot_20260710/page_001.json,12424167,REC-PUBMED-12424167,,,,,,https://pubmed.ncbi.nlm.nih.gov/12424167/,,false,context_only_no_linkage_decision
LINK-CTGOV-NCT00143715-PMID-12557411,manual_background_reference,BACKGROUND,NCT00143715,REC-CTGOV-NCT00143715,A1,ctgov_a1_designpilot_20260710,Oral Vitamin K for Warfarin Associated Coagulopathy,"A Multicentre, Multinational Study of Oral Vitamin K for the Treatment of Warfarin Associated Coagulopathy",COMPLETED,INTERVENTIONAL,PHASE3,690,Coagulation|Bleeding|Thrombosis,DRUG:Phytonadione (Vitamin K1),St. Joseph's Healthcare Hamilton,https://clinicaltrials.gov/study/NCT00143715,"Warkentin TE, Crowther MA. Reversing anticoagulants both old and new. Can J Anaesth. 2002 Jun-Jul;49(6):S11-25.",research/searches/A1/clinicaltrials/ctgov_a1_designpilot_20260710/page_001.json,12557411,REC-PUBMED-12557411,Reversing anticoagulants both old and new.,Warkentin TE,2002,Canadian journal of anaesthesia = Journal canadien d'anesthesie,,https://pubmed.ncbi.nlm.nih.gov/12557411/,research/searches/A1/pubmed/pubmed_a1_designpilot_20260710/efetch_011.xml,true,context_only_no_linkage_decision
LINK-CTGOV-NCT00143715-PMID-14993179,manual_background_reference,BACKGROUND,NCT00143715,REC-CTGOV-NCT00143715,A1,ctgov_a1_designpilot_20260710,Oral Vitamin K for Warfarin Associated Coagulopathy,"A Multicentre, Multinational Study of Oral Vitamin K for the Treatment of Warfarin Associated Coagulopathy",COMPLETED,INTERVENTIONAL,PHASE3,690,Coagulation|Bleeding|Thrombosis,DRUG:Phytonadione (Vitamin K1),St. Joseph's Healthcare Hamilton,https://clinicaltrials.gov/study/NCT00143715,"Wilson SE, Watson HG, Crowther MA. Low-dose oral vitamin K therapy for the management of asymptomatic patients with elevated international normalized ratios: a brief review. CMAJ. 2004 Mar 2;170(5):821-4. doi: 10.1503/cmaj.1030478.",research/searches/A1/clinicaltrials/ctgov_a1_designpilot_20260710/page_001.json,14993179,REC-PUBMED-14993179,Low-dose oral vitamin K therapy for the management of asymptomatic patients with elevated international normalized ratios: a brief review.,Wilson SE,2004,CMAJ : Canadian Medical Association journal = journal de l'Association medicale canadienne,10.1503/cmaj.1030478,https://pubmed.ncbi.nlm.nih.gov/14993179/,research/searches/A1/pubmed/pubmed_a1_designpilot_20260710/efetch_011.xml,true,context_only_no_linkage_decision
LINK-CTGOV-NCT00143715-PMID-2757055,manual_background_reference,BACKGROUND,NCT00143715,REC-CTGOV-NCT00143715,A1,ctgov_a1_designpilot_20260710,Oral Vitamin K for Warfarin Associated Coagulopathy,"A Multicentre, Multinational Study of Oral Vitamin K for the Treatment of Warfarin Associated Coagulopathy",COMPLETED,INTERVENTIONAL,PHASE3,690,Coagulation|Bleeding|Thrombosis,DRUG:Phytonadione (Vitamin K1),St. Joseph's Healthcare Hamilton,https://clinicaltrials.gov/study/NCT00143715,"Landefeld CS, Rosenblatt MW, Goldman L. Bleeding in outpatients treated with warfarin: relation to the prothrombin time and important remediable lesions. Am J Med. 1989 Aug;87(2):153-9. doi: 10.1016/s0002-9343(89)80690-4.",research/searches/A1/clinicaltrials/ctgov_a1_designpilot_20260710/page_001.json,2757055,REC-PUBMED-2757055,,,,,,https://pubmed.ncbi.nlm.nih.gov/2757055/,,false,context_only_no_linkage_decision
LINK-CTGOV-NCT00143715-PMID-2787958,manual_background_reference,BACKGROUND,NCT00143715,REC-CTGOV-NCT00143715,A1,ctgov_a1_designpilot_20260710,Oral Vitamin K for Warfarin Associated Coagulopathy,"A Multicentre, Multinational Study of Oral Vitamin K for the Treatment of Warfarin Associated Coagulopathy",COMPLETED,INTERVENTIONAL,PHASE3,690,Coagulation|Bleeding|Thrombosis,DRUG:Phytonadione (Vitamin K1),St. Joseph's Healthcare Hamilton,https://clinicaltrials.gov/study/NCT00143715,"Landefeld CS, Goldman L. Major bleeding in outpatients treated with warfarin: incidence and prediction by factors known at the start of outpatient therapy. Am J Med. 1989 Aug;87(2):144-52. doi: 10.1016/s0002-9343(89)80689-8.",research/searches/A1/clinicaltrials/ctgov_a1_designpilot_20260710/page_001.json,2787958,REC-PUBMED-2787958,,,,,,https://pubmed.ncbi.nlm.nih.gov/2787958/,,false,context_only_no_linkage_decision
LINK-CTGOV-NCT00143715-PMID-8239230,manual_background_reference,BACKGROUND,NCT00143715,REC-CTGOV-NCT00143715,A1,ctgov_a1_designpilot_20260710,Oral Vitamin K for Warfarin Associated Coagulopathy,"A Multicentre, Multinational Study of Oral Vitamin K for the Treatment of Warfarin Associated Coagulopathy",COMPLETED,INTERVENTIONAL,PHASE3,690,Coagulation|Bleeding|Thrombosis,DRUG:Phytonadione (Vitamin K1),St. Joseph's Healthcare Hamilton,https://clinicaltrials.gov/study/NCT00143715,"Anderson DR, O'Brien BJ, Levine MN, Roberts R, Wells PS, Hirsh J. Efficacy and cost of low-molecular-weight heparin compared with standard heparin for the prevention of deep vein thrombosis after total hip arthroplasty. Ann Intern Med. 1993 Dec 1;119(11):1105-12. doi: 10.7326/0003-4819-119-11-199312010-00008.",research/searches/A1/clinicaltrials/ctgov_a1_designpilot_20260710/page_001.json,8239230,REC-PUBMED-8239230,,,,,,https://pubmed.ncbi.nlm.nih.gov/8239230/,,false,context_only_no_linkage_decision
LINK-CTGOV-NCT00143715-PMID-8368229,manual_background_reference,BACKGROUND,NCT00143715,REC-CTGOV-NCT00143715,A1,ctgov_a1_designpilot_20260710,Oral Vitamin K for Warfarin Associated Coagulopathy,"A Multicentre, Multinational Study of Oral Vitamin K for the Treatment of Warfarin Associated Coagulopathy",COMPLETED,INTERVENTIONAL,PHASE3,690,Coagulation|Bleeding|Thrombosis,DRUG:Phytonadione (Vitamin K1),St. Joseph's Healthcare Hamilton,https://clinicaltrials.gov/study/NCT00143715,"Landefeld CS, Beyth RJ. Anticoagulant-related bleeding: clinical epidemiology, prediction, and prevention. Am J Med. 1993 Sep;95(3):315-28. doi: 10.1016/0002-9343(93)90285-w.",research/searches/A1/clinicaltrials/ctgov_a1_designpilot_20260710/page_001.json,8368229,REC-PUBMED-8368229,,,,,,https://pubmed.ncbi.nlm.nih.gov/8368229/,,false,context_only_no_linkage_decision
LINK-CTGOV-NCT00143715-PMID-9508231,manual_background_reference,BACKGROUND,NCT00143715,REC-CTGOV-NCT00143715,A1,ctgov_a1_designpilot_20260710,Oral Vitamin K for Warfarin Associated Coagulopathy,"A Multicentre, Multinational Study of Oral Vitamin K for the Treatment of Warfarin Associated Coagulopathy",COMPLETED,INTERVENTIONAL,PHASE3,690,Coagulation|Bleeding|Thrombosis,DRUG:Phytonadione (Vitamin K1),St. Joseph's Healthcare Hamilton,https://clinicaltrials.gov/study/NCT00143715,"Lousberg TR, Witt DM, Beall DG, Carter BL, Malone DC. Evaluation of excessive anticoagulation in a group model health maintenance organization. Arch Intern Med. 1998 Mar 9;158(5):528-34. doi: 10.1001/archinte.158.5.528.",research/searches/A1/clinicaltrials/ctgov_a1_designpilot_20260710/page_001.json,9508231,REC-PUBMED-9508231,,,,,,https://pubmed.ncbi.nlm.nih.gov/9508231/,,false,context_only_no_linkage_decision
LINK-CTGOV-NCT00143715-PMID-9657434,manual_background_reference,BACKGROUND,NCT00143715,REC-CTGOV-NCT00143715,A1,ctgov_a1_designpilot_20260710,Oral Vitamin K for Warfarin Associated Coagulopathy,"A Multicentre, Multinational Study of Oral Vitamin K for the Treatment of Warfarin Associated Coagulopathy",COMPLETED,INTERVENTIONAL,PHASE3,690,Coagulation|Bleeding|Thrombosis,DRUG:Phytonadione (Vitamin K1),St. Joseph's Healthcare Hamilton,https://clinicaltrials.gov/study/NCT00143715,"Crowther MA, Donovan D, Harrison L, McGinnis J, Ginsberg J. Low-dose oral vitamin K reliably reverses over-anticoagulation due to warfarin. Thromb Haemost. 1998 Jun;79(6):1116-8.",research/searches/A1/clinicaltrials/ctgov_a1_designpilot_20260710/page_001.json,9657434,REC-PUBMED-9657434,Low-dose oral vitamin K reliably reverses over-anticoagulation due to warfarin.,Crowther MA,1998,Thrombosis and haemostasis,,https://pubmed.ncbi.nlm.nih.gov/9657434/,research/searches/A1/pubmed/pubmed_a1_designpilot_20260710/efetch_004.xml,true,context_only_no_linkage_decision
LINK-CTGOV-NCT00232232-PMID-21232631,high_derived_reference,DERIVED,NCT00232232,REC-CTGOV-NCT00232232,A2,ctgov_a2_designpilot_20260710,Use of Fish Oils to Prevent Atrial Mechanical Stunning and Atrial Remodeling Due to Atrial Arrhythmia,,COMPLETED,INTERVENTIONAL,PHASE4,100,Atrial Fibrillation|Atrial Flutter,DRUG:Fish oil,Melbourne Health,https://clinicaltrials.gov/study/NCT00232232,"Kumar S, Sutherland F, Wheeler M, Heck PM, Lee G, Teh AW, Garg ML, Morgan JG, Sparks PB. Effects of chronic omega-3 polyunsaturated fatty acid supplementation on human atrial mechanical function after reversion of atrial arrhythmias to sinus rhythm: reversal of tachycardia-mediated atrial cardiomyopathy with fish oils. Heart Rhythm. 2011 May;8(5):643-9. doi: 10.1016/j.hrthm.2011.01.014. Epub 2011 Jan 11.",research/searches/A2/clinicaltrials/ctgov_a2_designpilot_20260710/page_001.json,21232631,REC-PUBMED-21232631,,,,,,https://pubmed.ncbi.nlm.nih.gov/21232631/,,false,context_only_no_linkage_decision
LINK-CTGOV-NCT00232245-PMID-23890856,high_derived_reference,DERIVED,NCT00232245,REC-CTGOV-NCT00232245,A2,ctgov_a2_designpilot_20260710,Use of Fish Oils to Reduce the Frequency and Duration of Episodes of Atrial Fibrillation in Patients With Paroxysmal Atrial Fibrillation.,,COMPLETED,INTERVENTIONAL,PHASE4,80,Atrial Fibrillation,DRUG:Fish oil,Melbourne Health,https://clinicaltrials.gov/study/NCT00232245,"Kumar S, Sutherland F, Stevenson I, Lee JM, Garg ML, Sparks PB. Effects of long-term omega-3 polyunsaturated fatty acid supplementation on paroxysmal atrial tachyarrhythmia burden in patients with implanted pacemakers: results from a prospective randomised study. Int J Cardiol. 2013 Oct 9;168(4):3812-7. doi: 10.1016/j.ijcard.2013.06.030. Epub 2013 Jul 26.",research/searches/A2/clinicaltrials/ctgov_a2_designpilot_20260710/page_001.json,23890856,REC-PUBMED-23890856,,,,,,https://pubmed.ncbi.nlm.nih.gov/23890856/,,false,context_only_no_linkage_decision
LINK-CTGOV-NCT00264277-PMID-11848459,manual_background_reference,BACKGROUND,NCT00264277,REC-CTGOV-NCT00264277,A1,ctgov_a1_designpilot_20260710,D-dimer to Establish Duration of Anticoagulation After Venous Thromboembolism,"D-dimer Test to Establish Duration of Anticoagulation After a First Idiopathic Episode of Venous Thromboembolism; the Prospective Randomized ""Prolong"" Study",COMPLETED,INTERVENTIONAL,PHASE4,600,Deep Vein Thrombosis|Pulmonary Embolism,DRUG:Vitamin K antagonist (Coumarin anticoagulants),IRCCS Azienda Ospedaliero-Universitaria di Bologna,https://clinicaltrials.gov/study/NCT00264277,"Palareti G, Legnani C, Cosmi B, Guazzaloca G, Pancani C, Coccheri S. Risk of venous thromboembolism recurrence: high negative predictive value of D-dimer performed after oral anticoagulation is stopped. Thromb Haemost. 2002 Jan;87(1):7-12.",research/searches/A1/clinicaltrials/ctgov_a1_designpilot_20260710/page_001.json,11848459,REC-PUBMED-11848459,,,,,,https://pubmed.ncbi.nlm.nih.gov/11848459/,,false,context_only_no_linkage_decision
LINK-CTGOV-NCT00264277-PMID-12847064,manual_background_reference,BACKGROUND,NCT00264277,REC-CTGOV-NCT00264277,A1,ctgov_a1_designpilot_20260710,D-dimer to Establish Duration of Anticoagulation After Venous Thromboembolism,"D-dimer Test to Establish Duration of Anticoagulation After a First Idiopathic Episode of Venous Thromboembolism; the Prospective Randomized ""Prolong"" Study",COMPLETED,INTERVENTIONAL,PHASE4,600,Deep Vein Thrombosis|Pulmonary Embolism,DRUG:Vitamin K antagonist (Coumarin anticoagulants),IRCCS Azienda Ospedaliero-Universitaria di Bologna,https://clinicaltrials.gov/study/NCT00264277,"Palareti G, Legnani C, Cosmi B, Valdre L, Lunghi B, Bernardi F, Coccheri S. Predictive value of D-dimer test for recurrent venous thromboembolism after anticoagulation withdrawal in subjects with a previous idiopathic event and in carriers of congenital thrombophilia. Circulation. 2003 Jul 22;108(3):313-8. doi: 10.1161/01.CIR.0000079162.69615.0F. Epub 2003 Jul 7.",research/searches/A1/clinicaltrials/ctgov_a1_designpilot_20260710/page_001.json,12847064,REC-PUBMED-12847064,,,,,,https://pubmed.ncbi.nlm.nih.gov/12847064/,,false,context_only_no_linkage_decision
LINK-CTGOV-NCT00264277-PMID-12941680,manual_background_reference,BACKGROUND,NCT00264277,REC-CTGOV-NCT00264277,A1,ctgov_a1_designpilot_20260710,D-dimer to Establish Duration of Anticoagulation After Venous Thromboembolism,"D-dimer Test to Establish Duration of Anticoagulation After a First Idiopathic Episode of Venous Thromboembolism; the Prospective Randomized ""Prolong"" Study",COMPLETED,INTERVENTIONAL,PHASE4,600,Deep Vein Thrombosis|Pulmonary Embolism,DRUG:Vitamin K antagonist (Coumarin anticoagulants),IRCCS Azienda Ospedaliero-Universitaria di Bologna,https://clinicaltrials.gov/study/NCT00264277,"Eichinger S, Minar E, Bialonczyk C, Hirschl M, Quehenberger P, Schneider B, Weltermann A, Wagner O, Kyrle PA. D-dimer levels and risk of recurrent venous thromboembolism. JAMA. 2003 Aug 27;290(8):1071-4. doi: 10.1001/jama.290.8.1071.",research/searches/A1/clinicaltrials/ctgov_a1_designpilot_20260710/page_001.json,12941680,REC-PUBMED-12941680,,,,,,https://pubmed.ncbi.nlm.nih.gov/12941680/,,false,context_only_no_linkage_decision
LINK-CTGOV-NCT00264277-PMID-17065639,critical_result_reference,RESULT,NCT00264277,REC-CTGOV-NCT00264277,A1,ctgov_a1_designpilot_20260710,D-dimer to Establish Duration of Anticoagulation After Venous Thromboembolism,"D-dimer Test to Establish Duration of Anticoagulation After a First Idiopathic Episode of Venous Thromboembolism; the Prospective Randomized ""Prolong"" Study",COMPLETED,INTERVENTIONAL,PHASE4,600,Deep Vein Thrombosis|Pulmonary Embolism,DRUG:Vitamin K antagonist (Coumarin anticoagulants),IRCCS Azienda Ospedaliero-Universitaria di Bologna,https://clinicaltrials.gov/study/NCT00264277,"Palareti G, Cosmi B, Legnani C, Tosetto A, Brusi C, Iorio A, Pengo V, Ghirarduzzi A, Pattacini C, Testa S, Lensing AW, Tripodi A; PROLONG Investigators. D-dimer testing to determine the duration of anticoagulation therapy. N Engl J Med. 2006 Oct 26;355(17):1780-9. doi: 10.1056/NEJMoa054444.",research/searches/A1/clinicaltrials/ctgov_a1_designpilot_20260710/page_001.json,17065639,REC-PUBMED-17065639,D-dimer testing to determine the duration of anticoagulation therapy.,Palareti G,2006,The New England journal of medicine,10.1056/nejmoa054444,https://pubmed.ncbi.nlm.nih.gov/17065639/,research/searches/A1/pubmed/pubmed_a1_designpilot_20260710/efetch_009.xml,true,context_only_no_linkage_decision
LINK-CTGOV-NCT00264277-PMID-20352167,high_derived_reference,DERIVED,NCT00264277,REC-CTGOV-NCT00264277,A1,ctgov_a1_designpilot_20260710,D-dimer to Establish Duration of Anticoagulation After Venous Thromboembolism,"D-dimer Test to Establish Duration of Anticoagulation After a First Idiopathic Episode of Venous Thromboembolism; the Prospective Randomized ""Prolong"" Study",COMPLETED,INTERVENTIONAL,PHASE4,600,Deep Vein Thrombosis|Pulmonary Embolism,DRUG:Vitamin K antagonist (Coumarin anticoagulants),IRCCS Azienda Ospedaliero-Universitaria di Bologna,https://clinicaltrials.gov/study/NCT00264277,"Cosmi B, Legnani C, Tosetto A, Pengo V, Ghirarduzzi A, Testa S, Prisco D, Poli D, Tripodi A, Palareti G; PROLONG Investigators; FCSA, Italian Federation of Anticoagulation Clinics. Comorbidities, alone and in combination with D-dimer, as risk factors for recurrence after a first episode of unprovoked venous thromboembolism in the extended follow-up of the PROLONG study. Thromb Haemost. 2010 Jun;103(6):1152-60. doi: 10.1160/TH09-11-0759. Epub 2010 Mar 29.",research/searches/A1/clinicaltrials/ctgov_a1_designpilot_20260710/page_001.json,20352167,REC-PUBMED-20352167,"Comorbidities, alone and in combination with D-dimer, as risk factors for recurrence after a first episode of unprovoked venous thromboembolism in the extended follow-up of the PROLONG study.",Cosmi B,2010,Thrombosis and haemostasis,10.1160/th09-11-0759,https://pubmed.ncbi.nlm.nih.gov/20352167/,research/searches/A1/pubmed/pubmed_a1_designpilot_20260710/efetch_041.xml,true,context_only_no_linkage_decision
LINK-CTGOV-NCT00264277-PMID-20553388,high_derived_reference,DERIVED,NCT00264277,REC-CTGOV-NCT00264277,A1,ctgov_a1_designpilot_20260710,D-dimer to Establish Duration of Anticoagulation After Venous Thromboembolism,"D-dimer Test to Establish Duration of Anticoagulation After a First Idiopathic Episode of Venous Thromboembolism; the Prospective Randomized ""Prolong"" Study",COMPLETED,INTERVENTIONAL,PHASE4,600,Deep Vein Thrombosis|Pulmonary Embolism,DRUG:Vitamin K antagonist (Coumarin anticoagulants),IRCCS Azienda Ospedaliero-Universitaria di Bologna,https://clinicaltrials.gov/study/NCT00264277,"Cosmi B, Legnani C, Tosetto A, Pengo V, Ghirarduzzi A, Testa S, Prisco D, Poli D, Tripodi A, Palareti G; Prolong Investigators. Sex, age and normal post-anticoagulation D-dimer as risk factors for recurrence after idiopathic venous thromboembolism in the Prolong study extension. J Thromb Haemost. 2010 Sep;8(9):1933-42. doi: 10.1111/j.1538-7836.2010.03955.x.",research/searches/A1/clinicaltrials/ctgov_a1_designpilot_20260710/page_001.json,20553388,REC-PUBMED-20553388,,,,,,https://pubmed.ncbi.nlm.nih.gov/20553388/,,false,context_only_no_linkage_decision
LINK-CTGOV-NCT00264277-PMID-23306310,high_derived_reference,DERIVED,NCT00264277,REC-CTGOV-NCT00264277,A1,ctgov_a1_designpilot_20260710,D-dimer to Establish Duration of Anticoagulation After Venous Thromboembolism,"D-dimer Test to Establish Duration of Anticoagulation After a First Idiopathic Episode of Venous Thromboembolism; the Prospective Randomized ""Prolong"" Study",COMPLETED,INTERVENTIONAL,PHASE4,600,Deep Vein Thrombosis|Pulmonary Embolism,DRUG:Vitamin K antagonist (Coumarin anticoagulants),IRCCS Azienda Ospedaliero-Universitaria di Bologna,https://clinicaltrials.gov/study/NCT00264277,"Cosmi B, Legnani C, Pengo V, Ghirarduzzi A, Testa S, Poli D, Prisco D, Tripodi A, Palareti G; PROLONG Investigators (on behalf of FCSA, Italian Federation of Anticoagulation Clinics). The influence of factor V Leiden and G20210A prothrombin mutation on the presence of residual vein obstruction after idiopathic deep-vein thrombosis of the lower limbs. Thromb Haemost. 2013 Mar;109(3):510-6. doi: 10.1160/TH12-01-0041. Epub 2013 Jan 10.",research/searches/A1/clinicaltrials/ctgov_a1_designpilot_20260710/page_001.json,23306310,REC-PUBMED-23306310,,,,,,https://pubmed.ncbi.nlm.nih.gov/23306310/,,false,context_only_no_linkage_decision
LINK-CTGOV-NCT00266045-PMID-17940483,high_derived_reference,DERIVED,NCT00266045,REC-CTGOV-NCT00266045,A1,ctgov_a1_designpilot_20260710,D-dimer Levels During and After Anticoagulation in Patients With a Previous Venous Thromboembolism: Effects on the Risk of Recurrence,"A Multicentre, Prospective, Observational Study on the Predictive Role for Recurrence of D-dimer Levels Measured During and After Anticoagulation in Patients With a First Venous Thromboembolism Episode (the PROLONG-II Study)",COMPLETED,OBSERVATIONAL,,355,Deep Vein Thrombosis|Pulmonary Embolism,,IRCCS Azienda Ospedaliero-Universitaria di Bologna,https://clinicaltrials.gov/study/NCT00266045,"Palareti G, Cosmi B, Legnani C. D-dimer testing to determine the duration of anticoagulant therapy. Curr Opin Pulm Med. 2007 Sep;13(5):393-7. doi: 10.1097/MCP.0b013e3282058b94.",research/searches/A1/clinicaltrials/ctgov_a1_designpilot_20260710/page_001.json,17940483,REC-PUBMED-17940483,,,,,,https://pubmed.ncbi.nlm.nih.gov/17940483/,,false,context_only_no_linkage_decision
LINK-CTGOV-NCT00266045-PMID-19965693,high_derived_reference,DERIVED,NCT00266045,REC-CTGOV-NCT00266045,A1,ctgov_a1_designpilot_20260710,D-dimer Levels During and After Anticoagulation in Patients With a Previous Venous Thromboembolism: Effects on the Risk of Recurrence,"A Multicentre, Prospective, Observational Study on the Predictive Role for Recurrence of D-dimer Levels Measured During and After Anticoagulation in Patients With a First Venous Thromboembolism Episode (the PROLONG-II Study)",COMPLETED,OBSERVATIONAL,,355,Deep Vein Thrombosis|Pulmonary Embolism,,IRCCS Azienda Ospedaliero-Universitaria di Bologna,https://clinicaltrials.gov/study/NCT00266045,"Cosmi B, Legnani C, Tosetto A, Pengo V, Ghirarduzzi A, Testa S, Prisco D, Poli D, Tripodi A, Marongiu F, Palareti G; PROLONG Investigators (on behalf of Italian Federation of Anticoagulation Clinics). Usefulness of repeated D-dimer testing after stopping anticoagulation for a first episode of unprovoked venous thromboembolism: the PROLONG II prospective study. Blood. 2010 Jan 21;115(3):481-8. doi: 10.1182/blood-2009-08-237354. Epub 2009 Nov 16.",research/searches/A1/clinicaltrials/ctgov_a1_designpilot_20260710/page_001.json,19965693,REC-PUBMED-19965693,,,,,,https://pubmed.ncbi.nlm.nih.gov/19965693/,,false,context_only_no_linkage_decision
LINK-CTGOV-NCT00266045-PMID-23306310,high_derived_reference,DERIVED,NCT00266045,REC-CTGOV-NCT00266045,A1,ctgov_a1_designpilot_20260710,D-dimer Levels During and After Anticoagulation in Patients With a Previous Venous Thromboembolism: Effects on the Risk of Recurrence,"A Multicentre, Prospective, Observational Study on the Predictive Role for Recurrence of D-dimer Levels Measured During and After Anticoagulation in Patients With a First Venous Thromboembolism Episode (the PROLONG-II Study)",COMPLETED,OBSERVATIONAL,,355,Deep Vein Thrombosis|Pulmonary Embolism,,IRCCS Azienda Ospedaliero-Universitaria di Bologna,https://clinicaltrials.gov/study/NCT00266045,"Cosmi B, Legnani C, Pengo V, Ghirarduzzi A, Testa S, Poli D, Prisco D, Tripodi A, Palareti G; PROLONG Investigators (on behalf of FCSA, Italian Federation of Anticoagulation Clinics). The influence of factor V Leiden and G20210A prothrombin mutation on the presence of residual vein obstruction after idiopathic deep-vein thrombosis of the lower limbs. Thromb Haemost. 2013 Mar;109(3):510-6. doi: 10.1160/TH12-01-0041. Epub 2013 Jan 10.",research/searches/A1/clinicaltrials/ctgov_a1_designpilot_20260710/page_001.json,23306310,REC-PUBMED-23306310,,,,,,https://pubmed.ncbi.nlm.nih.gov/23306310/,,false,context_only_no_linkage_decision
LINK-CTGOV-NCT00355290-PMID-19738137,high_derived_reference,DERIVED,NCT00355290,REC-CTGOV-NCT00355290,A1,ctgov_a1_designpilot_20260710,Changes in Oral Vitamin K Intake for Optimization of Chronic Oral Anticoagulation: A Randomized Trial,Changes in Oral Vitamin K Intake for Optimization of Chronic Oral Anticoagulation: A Randomized Trial,COMPLETED,INTERVENTIONAL,NA,114,Blood Coagulation Disorders,BEHAVIORAL:Changes on Oral Vitamin K Intake,Hospital de Clinicas de Porto Alegre,https://clinicaltrials.gov/study/NCT00355290,"de Assis MC, Rabelo ER, Avila CW, Polanczyk CA, Rohde LE. Improved oral anticoagulation after a dietary vitamin k-guided strategy: a randomized controlled trial. Circulation. 2009 Sep 22;120(12):1115-22, 3 p following 1122. doi: 10.1161/CIRCULATIONAHA.109.849208. Epub 2009 Sep 8.",research/searches/A1/clinicaltrials/ctgov_a1_designpilot_20260710/page_001.json,19738137,REC-PUBMED-19738137,,,,,,https://pubmed.ncbi.nlm.nih.gov/19738137/,,false,context_only_no_linkage_decision
LINK-CTGOV-NCT00402363-PMID-19619690,high_derived_reference,DERIVED,NCT00402363,REC-CTGOV-NCT00402363,A2,ctgov_a2_designpilot_20260710,"Evaluation of Efficacy and Safety of Lovaza (Omega-3-Acid Ethyl Esters) in Recurrent, Symptomatic Atrial Fibrillation","A Randomized, Double-Blind, Placebo-Controlled, Parallel-Group Trial to Assess the Efficacy and Safety of Lovaza for the Prevention of Recurrent, Symptomatic Atrial Fibrillation",COMPLETED,INTERVENTIONAL,PHASE3,663,"Fibrillation, Atrial",DRUG:omega-3-acid ethyl esters|DRUG:Placebo,GlaxoSmithKline,https://clinicaltrials.gov/study/NCT00402363,"Pratt CM, Reiffel JA, Ellenbogen KA, Naccarelli GV, Kowey PR. Efficacy and safety of prescription omega-3-acid ethyl esters for the prevention of recurrent symptomatic atrial fibrillation: a prospective study. Am Heart J. 2009 Aug;158(2):163-169.e1-3. doi: 10.1016/j.ahj.2009.05.024.",research/searches/A2/clinicaltrials/ctgov_a2_designpilot_20260710/page_001.json,19619690,REC-PUBMED-19619690,,,,,,https://pubmed.ncbi.nlm.nih.gov/19619690/,,false,context_only_no_linkage_decision
LINK-CTGOV-NCT00402363-PMID-21078810,critical_result_reference,RESULT,NCT00402363,REC-CTGOV-NCT00402363,A2,ctgov_a2_designpilot_20260710,"Evaluation of Efficacy and Safety of Lovaza (Omega-3-Acid Ethyl Esters) in Recurrent, Symptomatic Atrial Fibrillation","A Randomized, Double-Blind, Placebo-Controlled, Parallel-Group Trial to Assess the Efficacy and Safety of Lovaza for the Prevention of Recurrent, Symptomatic Atrial Fibrillation",COMPLETED,INTERVENTIONAL,PHASE3,663,"Fibrillation, Atrial",DRUG:omega-3-acid ethyl esters|DRUG:Placebo,GlaxoSmithKline,https://clinicaltrials.gov/study/NCT00402363,"Kowey PR, Reiffel JA, Ellenbogen KA, Naccarelli GV, Pratt CM. Efficacy and safety of prescription omega-3 fatty acids for the prevention of recurrent symptomatic atrial fibrillation: a randomized controlled trial. JAMA. 2010 Dec 1;304(21):2363-72. doi: 10.1001/jama.2010.1735. Epub 2010 Nov 15.",research/searches/A2/clinicaltrials/ctgov_a2_designpilot_20260710/page_001.json,21078810,REC-PUBMED-21078810,,,,,,https://pubmed.ncbi.nlm.nih.gov/21078810/,,false,context_only_no_linkage_decision
LINK-CTGOV-NCT00410020-PMID-11458289,manual_background_reference,BACKGROUND,NCT00410020,REC-CTGOV-NCT00410020,A2,ctgov_a2_designpilot_20260710,Arrhythmia Prevention With an Alpha-Linolenic Enriched Diet,Secondary Prevention of Atrial Fibrillation With an Alpha-Linolenic Enriched Diet : a Randomized Study,COMPLETED,INTERVENTIONAL,PHASE2,130,Atrial Fibrillation|Diet Therapy,BEHAVIORAL:Alpha-linolenic enriched diet,Assistance Publique - Hôpitaux de Paris,https://clinicaltrials.gov/study/NCT00410020,Lanzmann-Petithory D. Alpha-linolenic acid and cardiovascular diseases. J Nutr Health Aging. 2001;5(3):179-83.,research/searches/A2/clinicaltrials/ctgov_a2_designpilot_20260710/page_001.json,11458289,REC-PUBMED-11458289,,,,,,https://pubmed.ncbi.nlm.nih.gov/11458289/,,false,context_only_no_linkage_decision
LINK-CTGOV-NCT00410020-PMID-11935975,manual_background_reference,BACKGROUND,NCT00410020,REC-CTGOV-NCT00410020,A2,ctgov_a2_designpilot_20260710,Arrhythmia Prevention With an Alpha-Linolenic Enriched Diet,Secondary Prevention of Atrial Fibrillation With an Alpha-Linolenic Enriched Diet : a Randomized Study,COMPLETED,INTERVENTIONAL,PHASE2,130,Atrial Fibrillation|Diet Therapy,BEHAVIORAL:Alpha-linolenic enriched diet,Assistance Publique - Hôpitaux de Paris,https://clinicaltrials.gov/study/NCT00410020,"Renaud SC, Lanzmann-Petithory D. alpha-linolenic acid in the prevention of cardiovascular diseases. World Rev Nutr Diet. 2001;88:79-85. doi: 10.1159/000059769. No abstract available.",research/searches/A2/clinicaltrials/ctgov_a2_designpilot_20260710/page_001.json,11935975,REC-PUBMED-11935975,,,,,,https://pubmed.ncbi.nlm.nih.gov/11935975/,,false,context_only_no_linkage_decision
LINK-CTGOV-NCT00410020-PMID-12324307,manual_background_reference,BACKGROUND,NCT00410020,REC-CTGOV-NCT00410020,A2,ctgov_a2_designpilot_20260710,Arrhythmia Prevention With an Alpha-Linolenic Enriched Diet,Secondary Prevention of Atrial Fibrillation With an Alpha-Linolenic Enriched Diet : a Randomized Study,COMPLETED,INTERVENTIONAL,PHASE2,130,Atrial Fibrillation|Diet Therapy,BEHAVIORAL:Alpha-linolenic enriched diet,Assistance Publique - Hôpitaux de Paris,https://clinicaltrials.gov/study/NCT00410020,"Renaud SC, Lanzmann-Petithory D. The beneficial effect of alpha-linolenic acid in coronary artery disease is not questionable. Am J Clin Nutr. 2002 Oct;76(4):903-4; author reply 904-6. doi: 10.1093/ajcn/76.4.903. No abstract available.",research/searches/A2/clinicaltrials/ctgov_a2_designpilot_20260710/page_001.json,12324307,REC-PUBMED-12324307,,,,,,https://pubmed.ncbi.nlm.nih.gov/12324307/,,false,context_only_no_linkage_decision
LINK-CTGOV-NCT00410020-PMID-12433513,manual_background_reference,BACKGROUND,NCT00410020,REC-CTGOV-NCT00410020,A2,ctgov_a2_designpilot_20260710,Arrhythmia Prevention With an Alpha-Linolenic Enriched Diet,Secondary Prevention of Atrial Fibrillation With an Alpha-Linolenic Enriched Diet : a Randomized Study,COMPLETED,INTERVENTIONAL,PHASE2,130,Atrial Fibrillation|Diet Therapy,BEHAVIORAL:Alpha-linolenic enriched diet,Assistance Publique - Hôpitaux de Paris,https://clinicaltrials.gov/study/NCT00410020,"Singh RB, Dubnov G, Niaz MA, Ghosh S, Singh R, Rastogi SS, Manor O, Pella D, Berry EM. Effect of an Indo-Mediterranean diet on progression of coronary artery disease in high risk patients (Indo-Mediterranean Diet Heart Study): a randomised single-blind trial. Lancet. 2002 Nov 9;360(9344):1455-61. doi: 10.1016/S0140-6736(02)11472-3.",research/searches/A2/clinicaltrials/ctgov_a2_designpilot_20260710/page_001.json,12433513,REC-PUBMED-12433513,,,,,,https://pubmed.ncbi.nlm.nih.gov/12433513/,,false,context_only_no_linkage_decision
LINK-CTGOV-NCT00410020-PMID-12450919,manual_background_reference,BACKGROUND,NCT00410020,REC-CTGOV-NCT00410020,A2,ctgov_a2_designpilot_20260710,Arrhythmia Prevention With an Alpha-Linolenic Enriched Diet,Secondary Prevention of Atrial Fibrillation With an Alpha-Linolenic Enriched Diet : a Randomized Study,COMPLETED,INTERVENTIONAL,PHASE2,130,Atrial Fibrillation|Diet Therapy,BEHAVIORAL:Alpha-linolenic enriched diet,Assistance Publique - Hôpitaux de Paris,https://clinicaltrials.gov/study/NCT00410020,"Lanzmann-Petithory D, Pueyo S, Renaud S. Primary prevention of cardiovascular diseases by alpha-linolenic acid. Am J Clin Nutr. 2002 Dec;76(6):1456; author reply 1456-7. doi: 10.1093/ajcn/76.6.1456. No abstract available.",research/searches/A2/clinicaltrials/ctgov_a2_designpilot_20260710/page_001.json,12450919,REC-PUBMED-12450919,,,,,,https://pubmed.ncbi.nlm.nih.gov/12450919/,,false,context_only_no_linkage_decision
LINK-CTGOV-NCT00410020-PMID-6133188,manual_background_reference,BACKGROUND,NCT00410020,REC-CTGOV-NCT00410020,A2,ctgov_a2_designpilot_20260710,Arrhythmia Prevention With an Alpha-Linolenic Enriched Diet,Secondary Prevention of Atrial Fibrillation With an Alpha-Linolenic Enriched Diet : a Randomized Study,COMPLETED,INTERVENTIONAL,PHASE2,130,Atrial Fibrillation|Diet Therapy,BEHAVIORAL:Alpha-linolenic enriched diet,Assistance Publique - Hôpitaux de Paris,https://clinicaltrials.gov/study/NCT00410020,"Renaud S, Nordoy A. ""Small is beautiful"": alpha-linolenic acid and eicosapentaenoic acid in man. Lancet. 1983 May 21;1(8334):1169. doi: 10.1016/s0140-6736(83)92902-1. No abstract available.",research/searches/A2/clinicaltrials/ctgov_a2_designpilot_20260710/page_001.json,6133188,REC-PUBMED-6133188,,,,,,https://pubmed.ncbi.nlm.nih.gov/6133188/,,false,context_only_no_linkage_decision
LINK-CTGOV-NCT00410020-PMID-7722678,manual_background_reference,BACKGROUND,NCT00410020,REC-CTGOV-NCT00410020,A2,ctgov_a2_designpilot_20260710,Arrhythmia Prevention With an Alpha-Linolenic Enriched Diet,Secondary Prevention of Atrial Fibrillation With an Alpha-Linolenic Enriched Diet : a Randomized Study,COMPLETED,INTERVENTIONAL,PHASE2,130,Atrial Fibrillation|Diet Therapy,BEHAVIORAL:Alpha-linolenic enriched diet,Assistance Publique - Hôpitaux de Paris,https://clinicaltrials.gov/study/NCT00410020,"McLennan PL, Dallimore JA. Dietary canola oil modifies myocardial fatty acids and inhibits cardiac arrhythmias in rats. J Nutr. 1995 Apr;125(4):1003-9. doi: 10.1093/jn/125.4.1003.",research/searches/A2/clinicaltrials/ctgov_a2_designpilot_20260710/page_001.json,7722678,REC-PUBMED-7722678,,,,,,https://pubmed.ncbi.nlm.nih.gov/7722678/,,false,context_only_no_linkage_decision
LINK-CTGOV-NCT00410020-PMID-7754988,manual_background_reference,BACKGROUND,NCT00410020,REC-CTGOV-NCT00410020,A2,ctgov_a2_designpilot_20260710,Arrhythmia Prevention With an Alpha-Linolenic Enriched Diet,Secondary Prevention of Atrial Fibrillation With an Alpha-Linolenic Enriched Diet : a Randomized Study,COMPLETED,INTERVENTIONAL,PHASE2,130,Atrial Fibrillation|Diet Therapy,BEHAVIORAL:Alpha-linolenic enriched diet,Assistance Publique - Hôpitaux de Paris,https://clinicaltrials.gov/study/NCT00410020,"Renaud S, de Lorgeril M, Delaye J, Guidollet J, Jacquard F, Mamelle N, Martin JL, Monjaud I, Salen P, Toubol P. Cretan Mediterranean diet for prevention of coronary heart disease. Am J Clin Nutr. 1995 Jun;61(6 Suppl):1360S-1367S. doi: 10.1093/ajcn/61.6.1360S.",research/searches/A2/clinicaltrials/ctgov_a2_designpilot_20260710/page_001.json,7754988,REC-PUBMED-7754988,,,,,,https://pubmed.ncbi.nlm.nih.gov/7754988/,,false,context_only_no_linkage_decision
LINK-CTGOV-NCT00410020-PMID-7911176,manual_background_reference,BACKGROUND,NCT00410020,REC-CTGOV-NCT00410020,A2,ctgov_a2_designpilot_20260710,Arrhythmia Prevention With an Alpha-Linolenic Enriched Diet,Secondary Prevention of Atrial Fibrillation With an Alpha-Linolenic Enriched Diet : a Randomized Study,COMPLETED,INTERVENTIONAL,PHASE2,130,Atrial Fibrillation|Diet Therapy,BEHAVIORAL:Alpha-linolenic enriched diet,Assistance Publique - Hôpitaux de Paris,https://clinicaltrials.gov/study/NCT00410020,"de Lorgeril M, Renaud S, Mamelle N, Salen P, Martin JL, Monjaud I, Guidollet J, Touboul P, Delaye J. Mediterranean alpha-linolenic acid-rich diet in secondary prevention of coronary heart disease. Lancet. 1994 Jun 11;343(8911):1454-9. doi: 10.1016/s0140-6736(94)92580-1.",research/searches/A2/clinicaltrials/ctgov_a2_designpilot_20260710/page_001.json,7911176,REC-PUBMED-7911176,,,,,,https://pubmed.ncbi.nlm.nih.gov/7911176/,,false,context_only_no_linkage_decision
LINK-CTGOV-NCT00410020-PMID-8851173,manual_background_reference,BACKGROUND,NCT00410020,REC-CTGOV-NCT00410020,A2,ctgov_a2_designpilot_20260710,Arrhythmia Prevention With an Alpha-Linolenic Enriched Diet,Secondary Prevention of Atrial Fibrillation With an Alpha-Linolenic Enriched Diet : a Randomized Study,COMPLETED,INTERVENTIONAL,PHASE2,130,Atrial Fibrillation|Diet Therapy,BEHAVIORAL:Alpha-linolenic enriched diet,Assistance Publique - Hôpitaux de Paris,https://clinicaltrials.gov/study/NCT00410020,"Kang JX, Leaf A. Protective effects of free polyunsaturated fatty acids on arrhythmias induced by lysophosphatidylcholine or palmitoylcarnitine in neonatal rat cardiac myocytes. Eur J Pharmacol. 1996 Feb 15;297(1-2):97-106. doi: 10.1016/0014-2999(95)00701-6.",research/searches/A2/clinicaltrials/ctgov_a2_designpilot_20260710/page_001.json,8851173,REC-PUBMED-8851173,,,,,,https://pubmed.ncbi.nlm.nih.gov/8851173/,,false,context_only_no_linkage_decision
LINK-CTGOV-NCT00446966-PMID-23130134,high_derived_reference,DERIVED,NCT00446966,REC-CTGOV-NCT00446966,A2,ctgov_a2_designpilot_20260710,Fish Oil for Reduction of Atrial Fibrillation After Cardiac Surgery,Fish Oil to Inhibit Supraventricular Arrhythmias After Cardiac Surgery: The Fish Trial,COMPLETED,INTERVENTIONAL,PHASE4,260,Atrial Fibrillation,DRUG:Omega Three Polyunsaturated fatty acids,Chirag Sandesara,https://clinicaltrials.gov/study/NCT00446966,"Sandesara CM, Chung MK, Van Wagoner DR, Barringer TA, Allen K, Ismail HM, Zimmerman B, Olshansky B. A Randomized, Placebo-Controlled Trial of Omega-3 Fatty Acids for Inhibition of Supraventricular Arrhythmias After Cardiac Surgery: The FISH Trial. J Am Heart Assoc. 2012 Jun;1(3):e000547. doi: 10.1161/JAHA.111.000547. Epub 2012 Jun 22.",research/searches/A2/clinicaltrials/ctgov_a2_designpilot_20260710/page_001.json,23130134,REC-PUBMED-23130134,,,,,,https://pubmed.ncbi.nlm.nih.gov/23130134/,,false,context_only_no_linkage_decision
LINK-CTGOV-NCT00472823-PMID-15797954,manual_background_reference,BACKGROUND,NCT00472823,REC-CTGOV-NCT00472823,B1|B2,ctgov_b1_designpilot_20260710|ctgov_b2_designpilot_20260710,Vitamin D Supplementation in Older Women,Determination of RDA for Vitamin D in Caucasian and African American Women,COMPLETED,INTERVENTIONAL,NA,273,Osteoporosis|Aging,DIETARY_SUPPLEMENT:Vitamin D3|DIETARY_SUPPLEMENT:Calcium Citrate (Citracal),Creighton University,https://clinicaltrials.gov/study/NCT00472823,"Holick MF, Siris ES, Binkley N, Beard MK, Khan A, Katzer JT, Petruschke RA, Chen E, de Papp AE. Prevalence of Vitamin D inadequacy among postmenopausal North American women receiving osteoporosis therapy. J Clin Endocrinol Metab. 2005 Jun;90(6):3215-24. doi: 10.1210/jc.2004-2364. Epub 2005 Mar 29.",research/searches/B1/clinicaltrials/ctgov_b1_designpilot_20260710/page_001.json,15797954,REC-PUBMED-15797954,,,,,,https://pubmed.ncbi.nlm.nih.gov/15797954/,,false,context_only_no_linkage_decision
LINK-CTGOV-NCT00472823-PMID-16960175,manual_background_reference,BACKGROUND,NCT00472823,REC-CTGOV-NCT00472823,B1|B2,ctgov_b1_designpilot_20260710|ctgov_b2_designpilot_20260710,Vitamin D Supplementation in Older Women,Determination of RDA for Vitamin D in Caucasian and African American Women,COMPLETED,INTERVENTIONAL,NA,273,Osteoporosis|Aging,DIETARY_SUPPLEMENT:Vitamin D3|DIETARY_SUPPLEMENT:Calcium Citrate (Citracal),Creighton University,https://clinicaltrials.gov/study/NCT00472823,"Aloia JF, Talwar SA, Pollack S, Feuerman M, Yeh JK. Optimal vitamin D status and serum parathyroid hormone concentrations in African American women. Am J Clin Nutr. 2006 Sep;84(3):602-9. doi: 10.1093/ajcn/84.3.602.",research/searches/B1/clinicaltrials/ctgov_b1_designpilot_20260710/page_001.json,16960175,REC-PUBMED-16960175,,,,,,https://pubmed.ncbi.nlm.nih.gov/16960175/,,false,context_only_no_linkage_decision
LINK-CTGOV-NCT00472823-PMID-22431675,high_derived_reference,DERIVED,NCT00472823,REC-CTGOV-NCT00472823,B1|B2,ctgov_b1_designpilot_20260710|ctgov_b2_designpilot_20260710,Vitamin D Supplementation in Older Women,Determination of RDA for Vitamin D in Caucasian and African American Women,COMPLETED,INTERVENTIONAL,NA,273,Osteoporosis|Aging,DIETARY_SUPPLEMENT:Vitamin D3|DIETARY_SUPPLEMENT:Calcium Citrate (Citracal),Creighton University,https://clinicaltrials.gov/study/NCT00472823,"Gallagher JC, Sai A, Templin T 2nd, Smith L. Dose response to vitamin D supplementation in postmenopausal women: a randomized trial. Ann Intern Med. 2012 Mar 20;156(6):425-37. doi: 10.7326/0003-4819-156-6-201203200-00005.",research/searches/B1/clinicaltrials/ctgov_b1_designpilot_20260710/page_001.json,22431675,REC-PUBMED-22431675,Dose response to vitamin D supplementation in postmenopausal women: a randomized trial.,Gallagher JC,2012,Annals of internal medicine,10.7326/0003-4819-156-6-201203200-00005,https://pubmed.ncbi.nlm.nih.gov/22431675/,research/searches/B1/pubmed/pubmed_b1_designpilot_20260710/efetch_003.xml,true,context_only_no_linkage_decision
LINK-CTGOV-NCT00472823-PMID-23386641,high_derived_reference,DERIVED,NCT00472823,REC-CTGOV-NCT00472823,B1|B2,ctgov_b1_designpilot_20260710|ctgov_b2_designpilot_20260710,Vitamin D Supplementation in Older Women,Determination of RDA for Vitamin D in Caucasian and African American Women,COMPLETED,INTERVENTIONAL,NA,273,Osteoporosis|Aging,DIETARY_SUPPLEMENT:Vitamin D3|DIETARY_SUPPLEMENT:Calcium Citrate (Citracal),Creighton University,https://clinicaltrials.gov/study/NCT00472823,"Gallagher JC, Peacock M, Yalamanchili V, Smith LM. Effects of vitamin D supplementation in older African American women. J Clin Endocrinol Metab. 2013 Mar;98(3):1137-46. doi: 10.1210/jc.2012-3106. Epub 2013 Feb 5.",research/searches/B1/clinicaltrials/ctgov_b1_designpilot_20260710/page_001.json,23386641,REC-PUBMED-23386641,Effects of vitamin D supplementation in older African American women.,Gallagher JC,2013,The Journal of clinical endocrinology and metabolism,10.1210/jc.2012-3106,https://pubmed.ncbi.nlm.nih.gov/23386641/,research/searches/B1/pubmed/pubmed_b1_designpilot_20260710/efetch_002.xml,true,context_only_no_linkage_decision
LINK-CTGOV-NCT00472823-PMID-24166866,high_derived_reference,DERIVED,NCT00472823,REC-CTGOV-NCT00472823,B1|B2,ctgov_b1_designpilot_20260710|ctgov_b2_designpilot_20260710,Vitamin D Supplementation in Older Women,Determination of RDA for Vitamin D in Caucasian and African American Women,COMPLETED,INTERVENTIONAL,NA,273,Osteoporosis|Aging,DIETARY_SUPPLEMENT:Vitamin D3|DIETARY_SUPPLEMENT:Calcium Citrate (Citracal),Creighton University,https://clinicaltrials.gov/study/NCT00472823,"Gallagher JC, Jindal PS, Smith LM. Vitamin D does not increase calcium absorption in young women: a randomized clinical trial. J Bone Miner Res. 2014;29(5):1081-7. doi: 10.1002/jbmr.2121.",research/searches/B1/clinicaltrials/ctgov_b1_designpilot_20260710/page_001.json,24166866,REC-PUBMED-24166866,,,,,,https://pubmed.ncbi.nlm.nih.gov/24166866/,,false,context_only_no_linkage_decision
LINK-CTGOV-NCT00472823-PMID-24937025,high_derived_reference,DERIVED,NCT00472823,REC-CTGOV-NCT00472823,B1|B2,ctgov_b1_designpilot_20260710|ctgov_b2_designpilot_20260710,Vitamin D Supplementation in Older Women,Determination of RDA for Vitamin D in Caucasian and African American Women,COMPLETED,INTERVENTIONAL,NA,273,Osteoporosis|Aging,DIETARY_SUPPLEMENT:Vitamin D3|DIETARY_SUPPLEMENT:Calcium Citrate (Citracal),Creighton University,https://clinicaltrials.gov/study/NCT00472823,"Gallagher JC, Smith LM, Yalamanchili V. Incidence of hypercalciuria and hypercalcemia during vitamin D and calcium supplementation in older women. Menopause. 2014 Nov;21(11):1173-80. doi: 10.1097/GME.0000000000000270.",research/searches/B1/clinicaltrials/ctgov_b1_designpilot_20260710/page_001.json,24937025,REC-PUBMED-24937025,Incidence of hypercalciuria and hypercalcemia during vitamin D and calcium supplementation in older women.,Gallagher JC,2014,"Menopause (New York, N.Y.)",10.1097/gme.0000000000000270,https://pubmed.ncbi.nlm.nih.gov/24937025/,research/searches/B1/pubmed/pubmed_b1_designpilot_20260710/efetch_002.xml,true,context_only_no_linkage_decision
LINK-CTGOV-NCT00472823-PMID-30137647,high_derived_reference,DERIVED,NCT00472823,REC-CTGOV-NCT00472823,B1|B2,ctgov_b1_designpilot_20260710|ctgov_b2_designpilot_20260710,Vitamin D Supplementation in Older Women,Determination of RDA for Vitamin D in Caucasian and African American Women,COMPLETED,INTERVENTIONAL,NA,273,Osteoporosis|Aging,DIETARY_SUPPLEMENT:Vitamin D3|DIETARY_SUPPLEMENT:Calcium Citrate (Citracal),Creighton University,https://clinicaltrials.gov/study/NCT00472823,"Smith LM, Gallagher JC, Kaufmann M, Jones G. Effect of increasing doses of vitamin D on bone mineral density and serum N-terminal telopeptide in elderly women: a randomized controlled trial. J Intern Med. 2018 Dec;284(6):685-693. doi: 10.1111/joim.12825. Epub 2018 Sep 17.",research/searches/B1/clinicaltrials/ctgov_b1_designpilot_20260710/page_001.json,30137647,REC-PUBMED-30137647,,,,,,https://pubmed.ncbi.nlm.nih.gov/30137647/,,false,context_only_no_linkage_decision
LINK-CTGOV-NCT00472823-PMID-31215092,high_derived_reference,DERIVED,NCT00472823,REC-CTGOV-NCT00472823,B1|B2,ctgov_b1_designpilot_20260710|ctgov_b2_designpilot_20260710,Vitamin D Supplementation in Older Women,Determination of RDA for Vitamin D in Caucasian and African American Women,COMPLETED,INTERVENTIONAL,NA,273,Osteoporosis|Aging,DIETARY_SUPPLEMENT:Vitamin D3|DIETARY_SUPPLEMENT:Calcium Citrate (Citracal),Creighton University,https://clinicaltrials.gov/study/NCT00472823,"Smith LM, Gallagher JC. Effect of vitamin D supplementation on total and free 25 hydroxyvitamin D and parathyroid hormone. An analysis of two randomized controlled trials. J Intern Med. 2019 Dec;286(6):651-659. doi: 10.1111/joim.12950. Epub 2019 Jul 29.",research/searches/B1/clinicaltrials/ctgov_b1_designpilot_20260710/page_001.json,31215092,REC-PUBMED-31215092,,,,,,https://pubmed.ncbi.nlm.nih.gov/31215092/,,false,context_only_no_linkage_decision
LINK-CTGOV-NCT00472823-PMID-9525348,manual_background_reference,BACKGROUND,NCT00472823,REC-CTGOV-NCT00472823,B1|B2,ctgov_b1_designpilot_20260710|ctgov_b2_designpilot_20260710,Vitamin D Supplementation in Older Women,Determination of RDA for Vitamin D in Caucasian and African American Women,COMPLETED,INTERVENTIONAL,NA,273,Osteoporosis|Aging,DIETARY_SUPPLEMENT:Vitamin D3|DIETARY_SUPPLEMENT:Calcium Citrate (Citracal),Creighton University,https://clinicaltrials.gov/study/NCT00472823,"Gallagher JC, Kinyamu HK, Fowler SE, Dawson-Hughes B, Dalsky GP, Sherman SS. Calciotropic hormones and bone markers in the elderly. J Bone Miner Res. 1998 Mar;13(3):475-82. doi: 10.1359/jbmr.1998.13.3.475.",research/searches/B1/clinicaltrials/ctgov_b1_designpilot_20260710/page_001.json,9525348,REC-PUBMED-9525348,,,,,,https://pubmed.ncbi.nlm.nih.gov/9525348/,,false,context_only_no_linkage_decision
LINK-CTGOV-NCT00552084-PMID-25465932,high_derived_reference,DERIVED,NCT00552084,REC-CTGOV-NCT00552084,A2,ctgov_a2_designpilot_20260710,Evaluating the Effectiveness of Fish Oil Supplements at Reducing the Recurrence of Atrial Fibrillation,Fish Oil for Atrial Fibrillation - Effect and Mechanisms,COMPLETED,INTERVENTIONAL,PHASE4,190,Atrial Fibrillation,DRUG:Fish oil|DRUG:Placebo,Vanderbilt University,https://clinicaltrials.gov/study/NCT00552084,"Vanderbilt C, Free M, Li J, Gebretsadik T, Bian A, Shintani A, McBride BF, Solus J, Milne G, Crossley GH, Thompson D, Vidaillet H, Okafor H, Darbar D, Murray KT, Stein CM. Effect of omega-three polyunsaturated fatty acids on inflammation, oxidative stress, and recurrence of atrial fibrillation. Am J Cardiol. 2015 Jan 15;115(2):196-201. doi: 10.1016/j.amjcard.2014.10.022. Epub 2014 Oct 29.",research/searches/A2/clinicaltrials/ctgov_a2_designpilot_20260710/page_001.json,25465932,REC-PUBMED-25465932,,,,,,https://pubmed.ncbi.nlm.nih.gov/25465932/,,false,context_only_no_linkage_decision
LINK-CTGOV-NCT00581828-PMID-18302509,manual_background_reference,BACKGROUND,NCT00581828,REC-CTGOV-NCT00581828,B2,ctgov_b2_designpilot_20260710,Does Treatment of Hypovitaminosis D Increase Calcium Absorption?,Does Treatment of Hypovitaminosis D Increase Calcium Absorption?,COMPLETED,INTERVENTIONAL,PHASE4,19,Osteoporosis|Osteopenia|Vitamin D Deficiency|Hypoparathyroidism|Hypercalciuria|Hypercalcemia,DRUG:Vitamin D,"University of Wisconsin, Madison",https://clinicaltrials.gov/study/NCT00581828,"Hansen KE, Jones AN, Lindstrom MJ, Davis LA, Engelke JA, Shafer MM. Vitamin D insufficiency: disease or no disease? J Bone Miner Res. 2008 Jul;23(7):1052-60. doi: 10.1359/jbmr.080230.",research/searches/B2/clinicaltrials/ctgov_b2_designpilot_20260710/page_001.json,18302509,REC-PUBMED-18302509,Vitamin D insufficiency: disease or no disease?,Hansen KE,2008,Journal of bone and mineral research : the official journal of the American Society for Bone and Mineral Research,10.1359/jbmr.080230,https://pubmed.ncbi.nlm.nih.gov/18302509/,research/searches/B2/pubmed/pubmed_b2_designpilot_20260710/efetch_013.xml,true,context_only_no_linkage_decision
LINK-CTGOV-NCT00597220-PMID-19249410,high_derived_reference,DERIVED,NCT00597220,REC-CTGOV-NCT00597220,A2,ctgov_a2_designpilot_20260710,Randomized Trial to Assess Efficacy of PUFA for the Maintenance of Sinus Rhythm in Persistent Atrial Fibrillation,"Randomized, Prospective, Placebo-controlled, Multi-center Study to Test the Efficacy of n-3 PUFA for the Maintenance of Normal Sinus Rhythm in Patients With Persistent Atrial Fibrillation",UNKNOWN,INTERVENTIONAL,PHASE3,1600,Atrial Fibrillation,DIETARY_SUPPLEMENT:Omega 3 (n-3 PUFA)|DRUG:Placebo,Fundacion GESICA,https://clinicaltrials.gov/study/NCT00597220,"Macchia A, Varini S, Grancelli H, Nul D, Laffaye N, Ferrante D, Tognoni G, Doval HC; FORomegaARD investigators. The rationale and design of the FORomegaARD Trial: A randomized, double-blind, placebo-controlled, independent study to test the efficacy of n-3 PUFA for the maintenance of normal sinus rhythm in patients with previous atrial fibrillation. Am Heart J. 2009 Mar;157(3):423-7. doi: 10.1016/j.ahj.2008.10.027. Epub 2009 Jan 8.",research/searches/A2/clinicaltrials/ctgov_a2_designpilot_20260710/page_001.json,19249410,REC-PUBMED-19249410,,,,,,https://pubmed.ncbi.nlm.nih.gov/19249410/,,false,context_only_no_linkage_decision
LINK-CTGOV-NCT00597220-PMID-23265344,high_derived_reference,DERIVED,NCT00597220,REC-CTGOV-NCT00597220,A2,ctgov_a2_designpilot_20260710,Randomized Trial to Assess Efficacy of PUFA for the Maintenance of Sinus Rhythm in Persistent Atrial Fibrillation,"Randomized, Prospective, Placebo-controlled, Multi-center Study to Test the Efficacy of n-3 PUFA for the Maintenance of Normal Sinus Rhythm in Patients With Persistent Atrial Fibrillation",UNKNOWN,INTERVENTIONAL,PHASE3,1600,Atrial Fibrillation,DIETARY_SUPPLEMENT:Omega 3 (n-3 PUFA)|DRUG:Placebo,Fundacion GESICA,https://clinicaltrials.gov/study/NCT00597220,"Macchia A, Grancelli H, Varini S, Nul D, Laffaye N, Mariani J, Ferrante D, Badra R, Figal J, Ramos S, Tognoni G, Doval HC; GESICA Investigators. Omega-3 fatty acids for the prevention of recurrent symptomatic atrial fibrillation: results of the FORWARD (Randomized Trial to Assess Efficacy of PUFA for the Maintenance of Sinus Rhythm in Persistent Atrial Fibrillation) trial. J Am Coll Cardiol. 2013 Jan 29;61(4):463-468. doi: 10.1016/j.jacc.2012.11.021. Epub 2012 Dec 19.",research/searches/A2/clinicaltrials/ctgov_a2_designpilot_20260710/page_001.json,23265344,REC-PUBMED-23265344,,,,,,https://pubmed.ncbi.nlm.nih.gov/23265344/,,false,context_only_no_linkage_decision
LINK-CTGOV-NCT00800137-PMID-23659733,critical_result_reference,RESULT,NCT00800137,REC-CTGOV-NCT00800137,A1,ctgov_a1_designpilot_20260710,Bridge or Continue Coumadin for Device Surgery Randomized Controlled Trial,Bridge or Continue Coumadin for Device Surgery Randomized Controlled Trial (BRUISE CONTROL),TERMINATED,INTERVENTIONAL,PHASE4,984,Hematoma,DRUG:low molecular weight heparin or unfractionated heparin|DRUG:Warfarin or coumadin,Ottawa Heart Institute Research Corporation,https://clinicaltrials.gov/study/NCT00800137,"Birnie DH, Healey JS, Wells GA, Verma A, Tang AS, Krahn AD, Simpson CS, Ayala-Paredes F, Coutu B, Leiria TL, Essebag V; BRUISE CONTROL Investigators. Pacemaker or defibrillator surgery without interruption of anticoagulation. N Engl J Med. 2013 May 30;368(22):2084-93. doi: 10.1056/NEJMoa1302946. Epub 2013 May 9.",research/searches/A1/clinicaltrials/ctgov_a1_designpilot_20260710/page_001.json,23659733,REC-PUBMED-23659733,,,,,,https://pubmed.ncbi.nlm.nih.gov/23659733/,,false,context_only_no_linkage_decision
LINK-CTGOV-NCT00800137-PMID-26988951,high_derived_reference,DERIVED,NCT00800137,REC-CTGOV-NCT00800137,A1,ctgov_a1_designpilot_20260710,Bridge or Continue Coumadin for Device Surgery Randomized Controlled Trial,Bridge or Continue Coumadin for Device Surgery Randomized Controlled Trial (BRUISE CONTROL),TERMINATED,INTERVENTIONAL,PHASE4,984,Hematoma,DRUG:low molecular weight heparin or unfractionated heparin|DRUG:Warfarin or coumadin,Ottawa Heart Institute Research Corporation,https://clinicaltrials.gov/study/NCT00800137,"Essebag V, Verma A, Healey JS, Krahn AD, Kalfon E, Coutu B, Ayala-Paredes F, Tang AS, Sapp J, Sturmer M, Keren A, Wells GA, Birnie DH; BRUISE CONTROL Investigators. Clinically Significant Pocket Hematoma Increases Long-Term Risk of Device Infection: BRUISE CONTROL INFECTION Study. J Am Coll Cardiol. 2016 Mar 22;67(11):1300-8. doi: 10.1016/j.jacc.2016.01.009.",research/searches/A1/clinicaltrials/ctgov_a1_designpilot_20260710/page_001.json,26988951,REC-PUBMED-26988951,,,,,,https://pubmed.ncbi.nlm.nih.gov/26988951/,,false,context_only_no_linkage_decision
LINK-CTGOV-NCT00800137-PMID-31056413,high_derived_reference,DERIVED,NCT00800137,REC-CTGOV-NCT00800137,A1,ctgov_a1_designpilot_20260710,Bridge or Continue Coumadin for Device Surgery Randomized Controlled Trial,Bridge or Continue Coumadin for Device Surgery Randomized Controlled Trial (BRUISE CONTROL),TERMINATED,INTERVENTIONAL,PHASE4,984,Hematoma,DRUG:low molecular weight heparin or unfractionated heparin|DRUG:Warfarin or coumadin,Ottawa Heart Institute Research Corporation,https://clinicaltrials.gov/study/NCT00800137,"Essebag V, AlTurki A, Proietti R, Healey JS, Wells GA, Verma A, Krahn AD, Simpson CS, Ayala-Paredes F, Coutu B, Leather R, Ahmad K, Toal S, Sapp J, Sturmer M, Kavanagh K, Crystal E, Leiria TLL, Seifer C, Rinne C, Birnie D; BRUISE CONTROL Investigators. Concomitant anti-platelet therapy in warfarin-treated patients undergoing cardiac rhythm device implantation: A secondary analysis of the BRUISE CONTROL trial. Int J Cardiol. 2019 Aug 1;288:87-93. doi: 10.1016/j.ijcard.2019.04.066. Epub 2019 Apr 26.",research/searches/A1/clinicaltrials/ctgov_a1_designpilot_20260710/page_001.json,31056413,REC-PUBMED-31056413,,,,,,https://pubmed.ncbi.nlm.nih.gov/31056413/,,false,context_only_no_linkage_decision
LINK-CTGOV-NCT00800137-PMID-31610718,high_derived_reference,DERIVED,NCT00800137,REC-CTGOV-NCT00800137,A1,ctgov_a1_designpilot_20260710,Bridge or Continue Coumadin for Device Surgery Randomized Controlled Trial,Bridge or Continue Coumadin for Device Surgery Randomized Controlled Trial (BRUISE CONTROL),TERMINATED,INTERVENTIONAL,PHASE4,984,Hematoma,DRUG:low molecular weight heparin or unfractionated heparin|DRUG:Warfarin or coumadin,Ottawa Heart Institute Research Corporation,https://clinicaltrials.gov/study/NCT00800137,"Essebag V, Healey JS, Joza J, Nery PB, Kalfon E, Leiria TLL, Verma A, Ayala-Paredes F, Coutu B, Sumner GL, Becker G, Philippon F, Eikelboom J, Sandhu RK, Sapp J, Leather R, Yung D, Thibault B, Simpson CS, Ahmad K, Toal S, Sturmer M, Kavanagh K, Crystal E, Wells GA, Krahn AD, Birnie DH. Effect of Direct Oral Anticoagulants, Warfarin, and Antiplatelet Agents on Risk of Device Pocket Hematoma: Combined Analysis of BRUISE CONTROL 1 and 2. Circ Arrhythm Electrophysiol. 2019 Oct;12(10):e007545. doi: 10.1161/CIRCEP.119.007545. Epub 2019 Oct 15.",research/searches/A1/clinicaltrials/ctgov_a1_designpilot_20260710/page_001.json,31610718,REC-PUBMED-31610718,,,,,,https://pubmed.ncbi.nlm.nih.gov/31610718/,,false,context_only_no_linkage_decision
LINK-CTGOV-NCT00868712-PMID-19847375,critical_result_reference,RESULT,NCT00868712,REC-CTGOV-NCT00868712,A1,ctgov_a1_designpilot_20260710,Warfarin and Coronary Calcification Project,Warfarin and Coronary Calcification Project,COMPLETED,OBSERVATIONAL,,70,Coronary Calcification,,Walter Reed Army Medical Center,https://clinicaltrials.gov/study/NCT00868712,"Villines TC, O'Malley PG, Feuerstein IM, Thomas S, Taylor AJ. Does prolonged warfarin exposure potentiate coronary calcification in humans? Results of the warfarin and coronary calcification study. Calcif Tissue Int. 2009 Dec;85(6):494-500. doi: 10.1007/s00223-009-9300-4. Epub 2009 Oct 22.",research/searches/A1/clinicaltrials/ctgov_a1_designpilot_20260710/page_001.json,19847375,REC-PUBMED-19847375,Does prolonged warfarin exposure potentiate coronary calcification in humans? Results of the warfarin and coronary calcification study.,Villines TC,2009,Calcified tissue international,10.1007/s00223-009-9300-4,https://pubmed.ncbi.nlm.nih.gov/19847375/,research/searches/A1/pubmed/pubmed_a1_designpilot_20260710/efetch_006.xml,true,context_only_no_linkage_decision
LINK-CTGOV-NCT00905229-PMID-14609783,manual_background_reference,BACKGROUND,NCT00905229,REC-CTGOV-NCT00905229,A1,ctgov_a1_designpilot_20260710,Comparing Different Routes and Doses of Phytonadione (Vitamin K) for Reversing Warfarin Treated Patients With Hip Fracture Before Surgery,,WITHDRAWN,INTERVENTIONAL,NA,0,Bleeding|Complications,DRUG:Phytonadione|DRUG:Phytonadione,"HaEmek Medical Center, Israel",https://clinicaltrials.gov/study/NCT00905229,"Lubetsky A, Yonath H, Olchovsky D, Loebstein R, Halkin H, Ezra D. Comparison of oral vs intravenous phytonadione (vitamin K1) in patients with excessive anticoagulation: a prospective randomized controlled study. Arch Intern Med. 2003 Nov 10;163(20):2469-73. doi: 10.1001/archinte.163.20.2469.",research/searches/A1/clinicaltrials/ctgov_a1_designpilot_20260710/page_001.json,14609783,REC-PUBMED-14609783,Comparison of oral vs intravenous phytonadione (vitamin K1) in patients with excessive anticoagulation: a prospective randomized controlled study.,Lubetsky A,2003,Archives of internal medicine,10.1001/archinte.163.20.2469,https://pubmed.ncbi.nlm.nih.gov/14609783/,research/searches/A1/pubmed/pubmed_a1_designpilot_20260710/efetch_011.xml,true,context_only_no_linkage_decision
LINK-CTGOV-NCT00905229-PMID-16214475,manual_background_reference,BACKGROUND,NCT00905229,REC-CTGOV-NCT00905229,A1,ctgov_a1_designpilot_20260710,Comparing Different Routes and Doses of Phytonadione (Vitamin K) for Reversing Warfarin Treated Patients With Hip Fracture Before Surgery,,WITHDRAWN,INTERVENTIONAL,NA,0,Bleeding|Complications,DRUG:Phytonadione|DRUG:Phytonadione,"HaEmek Medical Center, Israel",https://clinicaltrials.gov/study/NCT00905229,"Al-Rashid M, Parker MJ. Anticoagulation management in hip fracture patients on warfarin. Injury. 2005 Nov;36(11):1311-5. doi: 10.1016/j.injury.2005.05.004.",research/searches/A1/clinicaltrials/ctgov_a1_designpilot_20260710/page_001.json,16214475,REC-PUBMED-16214475,Anticoagulation management in hip fracture patients on warfarin.,Al-Rashid M,2005,Injury,10.1016/j.injury.2005.05.004,https://pubmed.ncbi.nlm.nih.gov/16214475/,research/searches/A1/pubmed/pubmed_a1_designpilot_20260710/efetch_010.xml,true,context_only_no_linkage_decision
LINK-CTGOV-NCT00905229-PMID-18574265,manual_background_reference,BACKGROUND,NCT00905229,REC-CTGOV-NCT00905229,A1,ctgov_a1_designpilot_20260710,Comparing Different Routes and Doses of Phytonadione (Vitamin K) for Reversing Warfarin Treated Patients With Hip Fracture Before Surgery,,WITHDRAWN,INTERVENTIONAL,NA,0,Bleeding|Complications,DRUG:Phytonadione|DRUG:Phytonadione,"HaEmek Medical Center, Israel",https://clinicaltrials.gov/study/NCT00905229,"Ansell J, Hirsh J, Hylek E, Jacobson A, Crowther M, Palareti G. Pharmacology and management of the vitamin K antagonists: American College of Chest Physicians Evidence-Based Clinical Practice Guidelines (8th Edition). Chest. 2008 Jun;133(6 Suppl):160S-198S. doi: 10.1378/chest.08-0670.",research/searches/A1/clinicaltrials/ctgov_a1_designpilot_20260710/page_001.json,18574265,REC-PUBMED-18574265,Pharmacology and management of the vitamin K antagonists: American College of Chest Physicians Evidence-Based Clinical Practice Guidelines (8th Edition).,Ansell J,2008,Chest,10.1378/chest.08-0670,https://pubmed.ncbi.nlm.nih.gov/18574265/,research/searches/A1/pubmed/pubmed_a1_designpilot_20260710/efetch_007.xml,true,context_only_no_linkage_decision
LINK-CTGOV-NCT00928915-PMID-21557816,manual_background_reference,BACKGROUND,NCT00928915,REC-CTGOV-NCT00928915,A1,ctgov_a1_designpilot_20260710,International Normalized Ratio (INR) Normalization in Coumadin Associated Intracerebral Haemorrhage,"Multicenter, Prospective Randomized Trial on the Use of Prothrombin Complex and Fresh Frozen Plasma in Patients With Intracerebral Hemorrhage Related to Vitamin K Antagonists",COMPLETED,INTERVENTIONAL,PHASE4,54,Intracranial Hemorrhages,DRUG:Prothrombin complex concentrate (PCC); fresh frozen plasma (FFP),Heidelberg University,https://clinicaltrials.gov/study/NCT00928915,"Steiner T, Freiberger A, Griebe M, Husing J, Ivandic B, Kollmar R, Pfefferkorn T, Wartenberg KE, Weimar C, Hennerici M, Poli S. International normalised ratio normalisation in patients with coumarin-related intracranial haemorrhages--the INCH trial: a randomised controlled multicentre trial to compare safety and preliminary efficacy of fresh frozen plasma and prothrombin complex--study design and protocol. Int J Stroke. 2011 Jun;6(3):271-7. doi: 10.1111/j.1747-4949.2010.00560.x. Epub 2011 Jan 10.",research/searches/A1/clinicaltrials/ctgov_a1_designpilot_20260710/page_001.json,21557816,REC-PUBMED-21557816,International normalised ratio normalisation in patients with coumarin-related intracranial haemorrhages--the INCH trial: a randomised controlled multicentre trial to compare safety and preliminary efficacy of fresh frozen plasma and prothrombin complex--study design and protocol.,Steiner T,2011,International journal of stroke : official journal of the International Stroke Society,10.1111/j.1747-4949.2010.00560.x,https://pubmed.ncbi.nlm.nih.gov/21557816/,research/searches/A1/pubmed/pubmed_a1_designpilot_20260710/efetch_039.xml,true,context_only_no_linkage_decision
LINK-CTGOV-NCT00928915-PMID-27302126,critical_result_reference,RESULT,NCT00928915,REC-CTGOV-NCT00928915,A1,ctgov_a1_designpilot_20260710,International Normalized Ratio (INR) Normalization in Coumadin Associated Intracerebral Haemorrhage,"Multicenter, Prospective Randomized Trial on the Use of Prothrombin Complex and Fresh Frozen Plasma in Patients With Intracerebral Hemorrhage Related to Vitamin K Antagonists",COMPLETED,INTERVENTIONAL,PHASE4,54,Intracranial Hemorrhages,DRUG:Prothrombin complex concentrate (PCC); fresh frozen plasma (FFP),Heidelberg University,https://clinicaltrials.gov/study/NCT00928915,"Steiner T, Poli S, Griebe M, Husing J, Hajda J, Freiberger A, Bendszus M, Bosel J, Christensen H, Dohmen C, Hennerici M, Kollmer J, Stetefeld H, Wartenberg KE, Weimar C, Hacke W, Veltkamp R. Fresh frozen plasma versus prothrombin complex concentrate in patients with intracranial haemorrhage related to vitamin K antagonists (INCH): a randomised trial. Lancet Neurol. 2016 May;15(6):566-73. doi: 10.1016/S1474-4422(16)00110-1. Epub 2016 Apr 11.",research/searches/A1/clinicaltrials/ctgov_a1_designpilot_20260710/page_001.json,27302126,REC-PUBMED-27302126,Fresh frozen plasma versus prothrombin complex concentrate in patients with intracranial haemorrhage related to vitamin K antagonists (INCH): a randomised trial.,Steiner T,2016,The Lancet. Neurology,10.1016/s1474-4422(16)00110-1,https://pubmed.ncbi.nlm.nih.gov/27302126/,research/searches/A1/pubmed/pubmed_a1_designpilot_20260710/efetch_026.xml,true,context_only_no_linkage_decision
LINK-CTGOV-NCT00928915-PMID-37870112,high_derived_reference,DERIVED,NCT00928915,REC-CTGOV-NCT00928915,A1,ctgov_a1_designpilot_20260710,International Normalized Ratio (INR) Normalization in Coumadin Associated Intracerebral Haemorrhage,"Multicenter, Prospective Randomized Trial on the Use of Prothrombin Complex and Fresh Frozen Plasma in Patients With Intracerebral Hemorrhage Related to Vitamin K Antagonists",COMPLETED,INTERVENTIONAL,PHASE4,54,Intracranial Hemorrhages,DRUG:Prothrombin complex concentrate (PCC); fresh frozen plasma (FFP),Heidelberg University,https://clinicaltrials.gov/study/NCT00928915,"Eilertsen H, Menon CS, Law ZK, Chen C, Bath PM, Steiner T, Desborough MJ, Sandset EC, Sprigg N, Al-Shahi Salman R. Haemostatic therapies for stroke due to acute, spontaneous intracerebral haemorrhage. Cochrane Database Syst Rev. 2023 Oct 23;10(10):CD005951. doi: 10.1002/14651858.CD005951.pub5.",research/searches/A1/clinicaltrials/ctgov_a1_designpilot_20260710/page_001.json,37870112,REC-PUBMED-37870112,,,,,,https://pubmed.ncbi.nlm.nih.gov/37870112/,,false,context_only_no_linkage_decision
LINK-CTGOV-NCT00954395-PMID-12484710,manual_background_reference,BACKGROUND,NCT00954395,REC-CTGOV-NCT00954395,A1,ctgov_a1_designpilot_20260710,DULCIS (D-dimer and ULtrasonography in Combination Italian Study),Optimizing the Duration of Anticoagulation in Venous Thromboembolism: the DULCIS Study,COMPLETED,OBSERVATIONAL,,1100,Venous Thromboembolism,OTHER:D-dimer,IRCCS Azienda Ospedaliero-Universitaria di Bologna,https://clinicaltrials.gov/study/NCT00954395,"Prandoni P, Lensing AW, Prins MH, Bernardi E, Marchiori A, Bagatella P, Frulla M, Mosena L, Tormene D, Piccioli A, Simioni P, Girolami A. Residual venous thrombosis as a predictive factor of recurrent venous thromboembolism. Ann Intern Med. 2002 Dec 17;137(12):955-60. doi: 10.7326/0003-4819-137-12-200212170-00008.",research/searches/A1/clinicaltrials/ctgov_a1_designpilot_20260710/page_001.json,12484710,REC-PUBMED-12484710,,,,,,https://pubmed.ncbi.nlm.nih.gov/12484710/,,false,context_only_no_linkage_decision
LINK-CTGOV-NCT00954395-PMID-16270475,manual_background_reference,BACKGROUND,NCT00954395,REC-CTGOV-NCT00954395,A1,ctgov_a1_designpilot_20260710,DULCIS (D-dimer and ULtrasonography in Combination Italian Study),Optimizing the Duration of Anticoagulation in Venous Thromboembolism: the DULCIS Study,COMPLETED,OBSERVATIONAL,,1100,Venous Thromboembolism,OTHER:D-dimer,IRCCS Azienda Ospedaliero-Universitaria di Bologna,https://clinicaltrials.gov/study/NCT00954395,"Pengo V, Prandoni P. From acute pulmonary embolism to chronic thromboembolic pulmonary hypertension. Ital Heart J. 2005 Oct;6(10):830-3.",research/searches/A1/clinicaltrials/ctgov_a1_designpilot_20260710/page_001.json,16270475,REC-PUBMED-16270475,,,,,,https://pubmed.ncbi.nlm.nih.gov/16270475/,,false,context_only_no_linkage_decision
LINK-CTGOV-NCT00954395-PMID-17065639,manual_background_reference,BACKGROUND,NCT00954395,REC-CTGOV-NCT00954395,A1,ctgov_a1_designpilot_20260710,DULCIS (D-dimer and ULtrasonography in Combination Italian Study),Optimizing the Duration of Anticoagulation in Venous Thromboembolism: the DULCIS Study,COMPLETED,OBSERVATIONAL,,1100,Venous Thromboembolism,OTHER:D-dimer,IRCCS Azienda Ospedaliero-Universitaria di Bologna,https://clinicaltrials.gov/study/NCT00954395,"Palareti G, Cosmi B, Legnani C, Tosetto A, Brusi C, Iorio A, Pengo V, Ghirarduzzi A, Pattacini C, Testa S, Lensing AW, Tripodi A; PROLONG Investigators. D-dimer testing to determine the duration of anticoagulation therapy. N Engl J Med. 2006 Oct 26;355(17):1780-9. doi: 10.1056/NEJMoa054444.",research/searches/A1/clinicaltrials/ctgov_a1_designpilot_20260710/page_001.json,17065639,REC-PUBMED-17065639,D-dimer testing to determine the duration of anticoagulation therapy.,Palareti G,2006,The New England journal of medicine,10.1056/nejmoa054444,https://pubmed.ncbi.nlm.nih.gov/17065639/,research/searches/A1/pubmed/pubmed_a1_designpilot_20260710/efetch_009.xml,true,context_only_no_linkage_decision
LINK-CTGOV-NCT00954395-PMID-18443269,manual_background_reference,BACKGROUND,NCT00954395,REC-CTGOV-NCT00954395,A1,ctgov_a1_designpilot_20260710,DULCIS (D-dimer and ULtrasonography in Combination Italian Study),Optimizing the Duration of Anticoagulation in Venous Thromboembolism: the DULCIS Study,COMPLETED,OBSERVATIONAL,,1100,Venous Thromboembolism,OTHER:D-dimer,IRCCS Azienda Ospedaliero-Universitaria di Bologna,https://clinicaltrials.gov/study/NCT00954395,"Legnani C, Palareti G, Cosmi B, Cini M, Tosetto A, Tripodi A; PROLONG Investigators (FCSA and Italian Federation of Thrombosis Centers). Different cut-off values of quantitative D-dimer methods to predict the risk of venous thromboembolism recurrence: a post-hoc analysis of the PROLONG study. Haematologica. 2008 Jun;93(6):900-7. doi: 10.3324/haematol.12320. Epub 2008 Apr 28.",research/searches/A1/clinicaltrials/ctgov_a1_designpilot_20260710/page_001.json,18443269,REC-PUBMED-18443269,,,,,,https://pubmed.ncbi.nlm.nih.gov/18443269/,,false,context_only_no_linkage_decision
LINK-CTGOV-NCT00954395-PMID-18574272,manual_background_reference,BACKGROUND,NCT00954395,REC-CTGOV-NCT00954395,A1,ctgov_a1_designpilot_20260710,DULCIS (D-dimer and ULtrasonography in Combination Italian Study),Optimizing the Duration of Anticoagulation in Venous Thromboembolism: the DULCIS Study,COMPLETED,OBSERVATIONAL,,1100,Venous Thromboembolism,OTHER:D-dimer,IRCCS Azienda Ospedaliero-Universitaria di Bologna,https://clinicaltrials.gov/study/NCT00954395,"Kearon C, Kahn SR, Agnelli G, Goldhaber S, Raskob GE, Comerota AJ. Antithrombotic therapy for venous thromboembolic disease: American College of Chest Physicians Evidence-Based Clinical Practice Guidelines (8th Edition). Chest. 2008 Jun;133(6 Suppl):454S-545S. doi: 10.1378/chest.08-0658.",research/searches/A1/clinicaltrials/ctgov_a1_designpilot_20260710/page_001.json,18574272,REC-PUBMED-18574272,Antithrombotic therapy for venous thromboembolic disease: American College of Chest Physicians Evidence-Based Clinical Practice Guidelines (8th Edition).,Kearon C,2008,Chest,10.1378/chest.08-0658,https://pubmed.ncbi.nlm.nih.gov/18574272/,research/searches/A1/pubmed/pubmed_a1_designpilot_20260710/efetch_007.xml,true,context_only_no_linkage_decision
LINK-CTGOV-NCT00954395-PMID-24879813,high_derived_reference,DERIVED,NCT00954395,REC-CTGOV-NCT00954395,A1,ctgov_a1_designpilot_20260710,DULCIS (D-dimer and ULtrasonography in Combination Italian Study),Optimizing the Duration of Anticoagulation in Venous Thromboembolism: the DULCIS Study,COMPLETED,OBSERVATIONAL,,1100,Venous Thromboembolism,OTHER:D-dimer,IRCCS Azienda Ospedaliero-Universitaria di Bologna,https://clinicaltrials.gov/study/NCT00954395,"Palareti G, Cosmi B, Legnani C, Antonucci E, De Micheli V, Ghirarduzzi A, Poli D, Testa S, Tosetto A, Pengo V, Prandoni P; DULCIS (D-dimer and ULtrasonography in Combination Italian Study) Investigators. D-dimer to guide the duration of anticoagulation in patients with venous thromboembolism: a management study. Blood. 2014 Jul 10;124(2):196-203. doi: 10.1182/blood-2014-01-548065. Epub 2014 May 30.",research/searches/A1/clinicaltrials/ctgov_a1_designpilot_20260710/page_001.json,24879813,REC-PUBMED-24879813,,,,,,https://pubmed.ncbi.nlm.nih.gov/24879813/,,false,context_only_no_linkage_decision
LINK-CTGOV-NCT00954395-PMID-26917615,high_derived_reference,DERIVED,NCT00954395,REC-CTGOV-NCT00954395,A1,ctgov_a1_designpilot_20260710,DULCIS (D-dimer and ULtrasonography in Combination Italian Study),Optimizing the Duration of Anticoagulation in Venous Thromboembolism: the DULCIS Study,COMPLETED,OBSERVATIONAL,,1100,Venous Thromboembolism,OTHER:D-dimer,IRCCS Azienda Ospedaliero-Universitaria di Bologna,https://clinicaltrials.gov/study/NCT00954395,"Palareti G, Cosmi B, Antonucci E, Legnani C, Erba N, Ghirarduzzi A, Poli D, Testa S, Tosetto A, Pengo V, Prandoni P; DULCIS investigators. Duration of anticoagulation after isolated pulmonary embolism. Eur Respir J. 2016 May;47(5):1429-35. doi: 10.1183/13993003.01126-2015. Epub 2016 Feb 25.",research/searches/A1/clinicaltrials/ctgov_a1_designpilot_20260710/page_001.json,26917615,REC-PUBMED-26917615,,,,,,https://pubmed.ncbi.nlm.nih.gov/26917615/,,false,context_only_no_linkage_decision
LINK-CTGOV-NCT00970489-PMID-21742090,high_derived_reference,DERIVED,NCT00970489,REC-CTGOV-NCT00970489,A2,ctgov_a2_designpilot_20260710,Omega-3 Fatty Acids for Prevention of Post-Operative Atrial Fibrillation,(OPERA)Randomized Clinical Trial to Examine Whether Peri-operative Intake of n-3 Polyunsaturated Fatty Acids Will Reduce the Occurrence of Post-operative Atrial Fibrillation in Patients Undergoing Cardiac Surgery,COMPLETED,INTERVENTIONAL,PHASE3,1516,Atrial Fibrillation,DRUG:Omega -3 fatty acids|DRUG:Placebo,Brigham and Women's Hospital,https://clinicaltrials.gov/study/NCT00970489,"Mozaffarian D, Marchioli R, Gardner T, Ferrazzi P, O'Gara P, Latini R, Libby P, Lombardi F, Macchia A, Page R, Santini M, Tavazzi L, Tognoni G. The omega-3 Fatty Acids for Prevention of Post-Operative Atrial Fibrillation trial--rationale and design. Am Heart J. 2011 Jul;162(1):56-63.e3. doi: 10.1016/j.ahj.2011.03.035. Epub 2011 Jun 12.",research/searches/A2/clinicaltrials/ctgov_a2_designpilot_20260710/page_001.json,21742090,REC-PUBMED-21742090,,,,,,https://pubmed.ncbi.nlm.nih.gov/21742090/,,false,context_only_no_linkage_decision
LINK-CTGOV-NCT00970489-PMID-23128104,high_derived_reference,DERIVED,NCT00970489,REC-CTGOV-NCT00970489,A2,ctgov_a2_designpilot_20260710,Omega-3 Fatty Acids for Prevention of Post-Operative Atrial Fibrillation,(OPERA)Randomized Clinical Trial to Examine Whether Peri-operative Intake of n-3 Polyunsaturated Fatty Acids Will Reduce the Occurrence of Post-operative Atrial Fibrillation in Patients Undergoing Cardiac Surgery,COMPLETED,INTERVENTIONAL,PHASE3,1516,Atrial Fibrillation,DRUG:Omega -3 fatty acids|DRUG:Placebo,Brigham and Women's Hospital,https://clinicaltrials.gov/study/NCT00970489,"Mozaffarian D, Marchioli R, Macchia A, Silletta MG, Ferrazzi P, Gardner TJ, Latini R, Libby P, Lombardi F, O'Gara PT, Page RL, Tavazzi L, Tognoni G; OPERA Investigators. Fish oil and postoperative atrial fibrillation: the Omega-3 Fatty Acids for Prevention of Post-operative Atrial Fibrillation (OPERA) randomized trial. JAMA. 2012 Nov 21;308(19):2001-11. doi: 10.1001/jama.2012.28733.",research/searches/A2/clinicaltrials/ctgov_a2_designpilot_20260710/page_001.json,23128104,REC-PUBMED-23128104,,,,,,https://pubmed.ncbi.nlm.nih.gov/23128104/,,false,context_only_no_linkage_decision
LINK-CTGOV-NCT00970489-PMID-24145742,high_derived_reference,DERIVED,NCT00970489,REC-CTGOV-NCT00970489,A2,ctgov_a2_designpilot_20260710,Omega-3 Fatty Acids for Prevention of Post-Operative Atrial Fibrillation,(OPERA)Randomized Clinical Trial to Examine Whether Peri-operative Intake of n-3 Polyunsaturated Fatty Acids Will Reduce the Occurrence of Post-operative Atrial Fibrillation in Patients Undergoing Cardiac Surgery,COMPLETED,INTERVENTIONAL,PHASE3,1516,Atrial Fibrillation,DRUG:Omega -3 fatty acids|DRUG:Placebo,Brigham and Women's Hospital,https://clinicaltrials.gov/study/NCT00970489,"Wu JH, Marchioli R, Silletta MG, Macchia A, Song X, Siscovick DS, Harris WS, Masson S, Latini R, Albert C, Brown NJ, Lamarra M, Favaloro RR, Mozaffarian D. Plasma phospholipid omega-3 fatty acids and incidence of postoperative atrial fibrillation in the OPERA trial. J Am Heart Assoc. 2013 Oct 21;2(5):e000397. doi: 10.1161/JAHA.113.000397.",research/searches/A2/clinicaltrials/ctgov_a2_designpilot_20260710/page_001.json,24145742,REC-PUBMED-24145742,,,,,,https://pubmed.ncbi.nlm.nih.gov/24145742/,,false,context_only_no_linkage_decision
LINK-CTGOV-NCT00970489-PMID-25994442,high_derived_reference,DERIVED,NCT00970489,REC-CTGOV-NCT00970489,A2,ctgov_a2_designpilot_20260710,Omega-3 Fatty Acids for Prevention of Post-Operative Atrial Fibrillation,(OPERA)Randomized Clinical Trial to Examine Whether Peri-operative Intake of n-3 Polyunsaturated Fatty Acids Will Reduce the Occurrence of Post-operative Atrial Fibrillation in Patients Undergoing Cardiac Surgery,COMPLETED,INTERVENTIONAL,PHASE3,1516,Atrial Fibrillation,DRUG:Omega -3 fatty acids|DRUG:Placebo,Brigham and Women's Hospital,https://clinicaltrials.gov/study/NCT00970489,"Wu JH, Marchioli R, Silletta MG, Masson S, Sellke FW, Libby P, Milne GL, Brown NJ, Lombardi F, Damiano RJ Jr, Marsala J, Rinaldi M, Domenech A, Simon C, Tavazzi L, Mozaffarian D. Oxidative Stress Biomarkers and Incidence of Postoperative Atrial Fibrillation in the Omega-3 Fatty Acids for Prevention of Postoperative Atrial Fibrillation (OPERA) Trial. J Am Heart Assoc. 2015 May 20;4(5):e001886. doi: 10.1161/JAHA.115.001886.",research/searches/A2/clinicaltrials/ctgov_a2_designpilot_20260710/page_001.json,25994442,REC-PUBMED-25994442,,,,,,https://pubmed.ncbi.nlm.nih.gov/25994442/,,false,context_only_no_linkage_decision
LINK-CTGOV-NCT00970489-PMID-29546292,high_derived_reference,DERIVED,NCT00970489,REC-CTGOV-NCT00970489,A2,ctgov_a2_designpilot_20260710,Omega-3 Fatty Acids for Prevention of Post-Operative Atrial Fibrillation,(OPERA)Randomized Clinical Trial to Examine Whether Peri-operative Intake of n-3 Polyunsaturated Fatty Acids Will Reduce the Occurrence of Post-operative Atrial Fibrillation in Patients Undergoing Cardiac Surgery,COMPLETED,INTERVENTIONAL,PHASE3,1516,Atrial Fibrillation,DRUG:Omega -3 fatty acids|DRUG:Placebo,Brigham and Women's Hospital,https://clinicaltrials.gov/study/NCT00970489,"Jackson JC, Mozaffarian D, Graves AJ, Brown NJ, Marchioli R, Kiehl AL, Ely EW. Fish Oil Supplementation Does Not Affect Cognitive Outcomes in Cardiac Surgery Patients in the Omega-3 Fatty Acids for Prevention of Post-Operative Atrial Fibrillation (OPERA) Trial. J Nutr. 2018 Mar 1;148(3):472-479. doi: 10.1093/jn/nxx002.",research/searches/A2/clinicaltrials/ctgov_a2_designpilot_20260710/page_001.json,29546292,REC-PUBMED-29546292,,,,,,https://pubmed.ncbi.nlm.nih.gov/29546292/,,false,context_only_no_linkage_decision
LINK-CTGOV-NCT00970489-PMID-30571332,high_derived_reference,DERIVED,NCT00970489,REC-CTGOV-NCT00970489,A2,ctgov_a2_designpilot_20260710,Omega-3 Fatty Acids for Prevention of Post-Operative Atrial Fibrillation,(OPERA)Randomized Clinical Trial to Examine Whether Peri-operative Intake of n-3 Polyunsaturated Fatty Acids Will Reduce the Occurrence of Post-operative Atrial Fibrillation in Patients Undergoing Cardiac Surgery,COMPLETED,INTERVENTIONAL,PHASE3,1516,Atrial Fibrillation,DRUG:Omega -3 fatty acids|DRUG:Placebo,Brigham and Women's Hospital,https://clinicaltrials.gov/study/NCT00970489,"Akintoye E, Sethi P, Harris WS, Thompson PA, Marchioli R, Tavazzi L, Latini R, Pretorius M, Brown NJ, Libby P, Mozaffarian D. Fish Oil and Perioperative Bleeding. Circ Cardiovasc Qual Outcomes. 2018 Nov;11(11):e004584. doi: 10.1161/CIRCOUTCOMES.118.004584.",research/searches/A2/clinicaltrials/ctgov_a2_designpilot_20260710/page_001.json,30571332,REC-PUBMED-30571332,,,,,,https://pubmed.ncbi.nlm.nih.gov/30571332/,,false,context_only_no_linkage_decision
LINK-CTGOV-NCT00970619-PMID-31786086,high_derived_reference,DERIVED,NCT00970619,REC-CTGOV-NCT00970619,A1,ctgov_a1_designpilot_20260710,DUTCH CAVA-trial: CAtheter Versus Anticoagulation Alone for Acute Primary (Ilio)Femoral DVT.,Ultrasound Accelerated Catheter-directed Thrombolysis for Primary Iliofemoral Deep Vein Thrombosis (IFDVT) Compared to Non-invasive Conventional Anticoagulant Therapy Alone: a Dutch Randomized Controlled Multicenter Clinical Trial,COMPLETED,INTERVENTIONAL,PHASE3,184,Acute Thrombosis of Deep Veins of Proximal Lower Extremity,DEVICE:Ekos endowave system thrombolysis,Maastricht University Medical Center,https://clinicaltrials.gov/study/NCT00970619,"Notten P, Ten Cate-Hoek AJ, Arnoldussen CWKP, Strijkers RHW, de Smet AAEA, Tick LW, van de Poel MHW, Wikkeling ORM, Vleming LJ, Koster A, Jie KG, Jacobs EMG, Ebben HP, Coppens M, Toonder I, Ten Cate H, Wittens CHA. Ultrasound-accelerated catheter-directed thrombolysis versus anticoagulation for the prevention of post-thrombotic syndrome (CAVA): a single-blind, multicentre, randomised trial. Lancet Haematol. 2020 Jan;7(1):e40-e49. doi: 10.1016/S2352-3026(19)30209-1. Epub 2019 Nov 27.",research/searches/A1/clinicaltrials/ctgov_a1_designpilot_20260710/page_001.json,31786086,REC-PUBMED-31786086,,,,,,https://pubmed.ncbi.nlm.nih.gov/31786086/,,false,context_only_no_linkage_decision
LINK-CTGOV-NCT00970619-PMID-32604427,high_derived_reference,DERIVED,NCT00970619,REC-CTGOV-NCT00970619,A1,ctgov_a1_designpilot_20260710,DUTCH CAVA-trial: CAtheter Versus Anticoagulation Alone for Acute Primary (Ilio)Femoral DVT.,Ultrasound Accelerated Catheter-directed Thrombolysis for Primary Iliofemoral Deep Vein Thrombosis (IFDVT) Compared to Non-invasive Conventional Anticoagulant Therapy Alone: a Dutch Randomized Controlled Multicenter Clinical Trial,COMPLETED,INTERVENTIONAL,PHASE3,184,Acute Thrombosis of Deep Veins of Proximal Lower Extremity,DEVICE:Ekos endowave system thrombolysis,Maastricht University Medical Center,https://clinicaltrials.gov/study/NCT00970619,"Notten P, Arnoldussen CWKP, Brans R, de Smet AAEA, Tick LW, van de Poel MHW, Wikkeling ORM, Vleming LJ, Koster A, Jie KG, Jacobs EMG, Ebben HP, Planken N, Ten Cate H, Wittens CHA, Ten Cate-Hoek AJ. Association of Successful Ultrasound-Accelerated Catheter-Directed Thrombolysis with Postthrombotic Syndrome: A Post Hoc Analysis of the CAVA Trial. Thromb Haemost. 2020 Aug;120(8):1188-1199. doi: 10.1055/s-0040-1713171. Epub 2020 Jun 30.",research/searches/A1/clinicaltrials/ctgov_a1_designpilot_20260710/page_001.json,32604427,REC-PUBMED-32604427,,,,,,https://pubmed.ncbi.nlm.nih.gov/32604427/,,false,context_only_no_linkage_decision
LINK-CTGOV-NCT00970619-PMID-34032127,high_derived_reference,DERIVED,NCT00970619,REC-CTGOV-NCT00970619,A1,ctgov_a1_designpilot_20260710,DUTCH CAVA-trial: CAtheter Versus Anticoagulation Alone for Acute Primary (Ilio)Femoral DVT.,Ultrasound Accelerated Catheter-directed Thrombolysis for Primary Iliofemoral Deep Vein Thrombosis (IFDVT) Compared to Non-invasive Conventional Anticoagulant Therapy Alone: a Dutch Randomized Controlled Multicenter Clinical Trial,COMPLETED,INTERVENTIONAL,PHASE3,184,Acute Thrombosis of Deep Veins of Proximal Lower Extremity,DEVICE:Ekos endowave system thrombolysis,Maastricht University Medical Center,https://clinicaltrials.gov/study/NCT00970619,"Notten P, de Smet AAEA, Tick LW, van de Poel MHW, Wikkeling ORM, Vleming LJ, Koster A, Jie KG, Jacobs EMG, Ebben HP, Coppens M, Ten Cate H, Wittens CHA, Ten Cate-Hoek AJ. CAVA (Ultrasound-Accelerated Catheter-Directed Thrombolysis on Preventing Post-Thrombotic Syndrome) Trial: Long-Term Follow-Up Results. J Am Heart Assoc. 2021 Jun;10(11):e018973. doi: 10.1161/JAHA.120.018973. Epub 2021 May 25.",research/searches/A1/clinicaltrials/ctgov_a1_designpilot_20260710/page_001.json,34032127,REC-PUBMED-34032127,,,,,,https://pubmed.ncbi.nlm.nih.gov/34032127/,,false,context_only_no_linkage_decision
LINK-CTGOV-NCT00970619-PMID-35347362,high_derived_reference,DERIVED,NCT00970619,REC-CTGOV-NCT00970619,A1,ctgov_a1_designpilot_20260710,DUTCH CAVA-trial: CAtheter Versus Anticoagulation Alone for Acute Primary (Ilio)Femoral DVT.,Ultrasound Accelerated Catheter-directed Thrombolysis for Primary Iliofemoral Deep Vein Thrombosis (IFDVT) Compared to Non-invasive Conventional Anticoagulant Therapy Alone: a Dutch Randomized Controlled Multicenter Clinical Trial,COMPLETED,INTERVENTIONAL,PHASE3,184,Acute Thrombosis of Deep Veins of Proximal Lower Extremity,DEVICE:Ekos endowave system thrombolysis,Maastricht University Medical Center,https://clinicaltrials.gov/study/NCT00970619,"Arnoldussen CWKP, Notten P, Brans R, Vroegindeweij D, Tick LW, van de Poel MHW, Wikkeling ORM, Vleming LJ, Koster A, Jie KG, Jacobs EMG, Planken N, Wittens CHA, Ten Cate H, Wildberger JE, Ten Cate-Hoek AJ. Clinical impact of assessing thrombus age using magnetic resonance venography prior to catheter-directed thrombolysis. Eur Radiol. 2022 Jul;32(7):4555-4564. doi: 10.1007/s00330-022-08599-5. Epub 2022 Mar 28.",research/searches/A1/clinicaltrials/ctgov_a1_designpilot_20260710/page_001.json,35347362,REC-PUBMED-35347362,,,,,,https://pubmed.ncbi.nlm.nih.gov/35347362/,,false,context_only_no_linkage_decision
LINK-CTGOV-NCT00970619-PMID-38547453,high_derived_reference,DERIVED,NCT00970619,REC-CTGOV-NCT00970619,A1,ctgov_a1_designpilot_20260710,DUTCH CAVA-trial: CAtheter Versus Anticoagulation Alone for Acute Primary (Ilio)Femoral DVT.,Ultrasound Accelerated Catheter-directed Thrombolysis for Primary Iliofemoral Deep Vein Thrombosis (IFDVT) Compared to Non-invasive Conventional Anticoagulant Therapy Alone: a Dutch Randomized Controlled Multicenter Clinical Trial,COMPLETED,INTERVENTIONAL,PHASE3,184,Acute Thrombosis of Deep Veins of Proximal Lower Extremity,DEVICE:Ekos endowave system thrombolysis,Maastricht University Medical Center,https://clinicaltrials.gov/study/NCT00970619,"Iding AFJ, Alkarithi G, Cate HT, Ariens RAS, Ten Cate-Hoek AJ. Fibrinogen levels and clot properties identify patients who benefit from catheter-directed thrombolysis after DVT. Blood Adv. 2024 Jun 11;8(11):2924-2932. doi: 10.1182/bloodadvances.2023012493.",research/searches/A1/clinicaltrials/ctgov_a1_designpilot_20260710/page_001.json,38547453,REC-PUBMED-38547453,,,,,,https://pubmed.ncbi.nlm.nih.gov/38547453/,,false,context_only_no_linkage_decision
LINK-CTGOV-NCT00970619-PMID-39968829,high_derived_reference,DERIVED,NCT00970619,REC-CTGOV-NCT00970619,A1,ctgov_a1_designpilot_20260710,DUTCH CAVA-trial: CAtheter Versus Anticoagulation Alone for Acute Primary (Ilio)Femoral DVT.,Ultrasound Accelerated Catheter-directed Thrombolysis for Primary Iliofemoral Deep Vein Thrombosis (IFDVT) Compared to Non-invasive Conventional Anticoagulant Therapy Alone: a Dutch Randomized Controlled Multicenter Clinical Trial,COMPLETED,INTERVENTIONAL,PHASE3,184,Acute Thrombosis of Deep Veins of Proximal Lower Extremity,DEVICE:Ekos endowave system thrombolysis,Maastricht University Medical Center,https://clinicaltrials.gov/study/NCT00970619,"Flumignan RL, Nakano LC, Flumignan CD, Baptista-Silva JC. Angioplasty or stenting for deep venous thrombosis. Cochrane Database Syst Rev. 2025 Feb 19;2(2):CD011468. doi: 10.1002/14651858.CD011468.pub2.",research/searches/A1/clinicaltrials/ctgov_a1_designpilot_20260710/page_001.json,39968829,REC-PUBMED-39968829,,,,,,https://pubmed.ncbi.nlm.nih.gov/39968829/,,false,context_only_no_linkage_decision
LINK-CTGOV-NCT00990158-PMID-11075768,manual_background_reference,BACKGROUND,NCT00990158,REC-CTGOV-NCT00990158,A1,ctgov_a1_designpilot_20260710,Does Low Dose Oral Vitamin K Improve International Normalized Ratio (INR) Stability?,A Multicentre Study of Low Dose Oral Vitamin K for INR Control in Patients Receiving Warfarin,COMPLETED,INTERVENTIONAL,PHASE3,235,Coagulation|Bleeding|Thrombosis,DRUG:Phytonadione (Vitamin K1)|DRUG:Placebo,St. Joseph's Healthcare Hamilton,https://clinicaltrials.gov/study/NCT00990158,"Crowther MA, Julian J, McCarty D, Douketis J, Kovacs M, Biagoni L, Schnurr T, McGinnis J, Gent M, Hirsh J, Ginsberg J. Treatment of warfarin-associated coagulopathy with oral vitamin K: a randomised controlled trial. Lancet. 2000 Nov 4;356(9241):1551-3. doi: 10.1016/S0140-6736(00)03125-1.",research/searches/A1/clinicaltrials/ctgov_a1_designpilot_20260710/page_001.json,11075768,REC-PUBMED-11075768,Treatment of warfarin-associated coagulopathy with oral vitamin K: a randomised controlled trial.,Crowther MA,2000,"Lancet (London, England)",10.1016/s0140-6736(00)03125-1,https://pubmed.ncbi.nlm.nih.gov/11075768/,research/searches/A1/pubmed/pubmed_a1_designpilot_20260710/efetch_012.xml,true,context_only_no_linkage_decision
LINK-CTGOV-NCT00990158-PMID-11260056,manual_background_reference,BACKGROUND,NCT00990158,REC-CTGOV-NCT00990158,A1,ctgov_a1_designpilot_20260710,Does Low Dose Oral Vitamin K Improve International Normalized Ratio (INR) Stability?,A Multicentre Study of Low Dose Oral Vitamin K for INR Control in Patients Receiving Warfarin,COMPLETED,INTERVENTIONAL,PHASE3,235,Coagulation|Bleeding|Thrombosis,DRUG:Phytonadione (Vitamin K1)|DRUG:Placebo,St. Joseph's Healthcare Hamilton,https://clinicaltrials.gov/study/NCT00990158,"Cushman M, Booth SL, Possidente CJ, Davidson KW, Sadowski JA, Bovill EG. The association of vitamin K status with warfarin sensitivity at the onset of treatment. Br J Haematol. 2001 Mar;112(3):572-7. doi: 10.1046/j.1365-2141.2001.02635.x.",research/searches/A1/clinicaltrials/ctgov_a1_designpilot_20260710/page_001.json,11260056,REC-PUBMED-11260056,The association of vitamin K status with warfarin sensitivity at the onset of treatment.,Cushman M,2001,British journal of haematology,10.1046/j.1365-2141.2001.02635.x,https://pubmed.ncbi.nlm.nih.gov/11260056/,research/searches/A1/pubmed/pubmed_a1_designpilot_20260710/efetch_012.xml,true,context_only_no_linkage_decision
LINK-CTGOV-NCT00990158-PMID-11790213,manual_background_reference,BACKGROUND,NCT00990158,REC-CTGOV-NCT00990158,A1,ctgov_a1_designpilot_20260710,Does Low Dose Oral Vitamin K Improve International Normalized Ratio (INR) Stability?,A Multicentre Study of Low Dose Oral Vitamin K for INR Control in Patients Receiving Warfarin,COMPLETED,INTERVENTIONAL,PHASE3,235,Coagulation|Bleeding|Thrombosis,DRUG:Phytonadione (Vitamin K1)|DRUG:Placebo,St. Joseph's Healthcare Hamilton,https://clinicaltrials.gov/study/NCT00990158,"Kaufman DW, Kelly JP, Rosenberg L, Anderson TE, Mitchell AA. Recent patterns of medication use in the ambulatory adult population of the United States: the Slone survey. JAMA. 2002 Jan 16;287(3):337-44. doi: 10.1001/jama.287.3.337.",research/searches/A1/clinicaltrials/ctgov_a1_designpilot_20260710/page_001.json,11790213,REC-PUBMED-11790213,,,,,,https://pubmed.ncbi.nlm.nih.gov/11790213/,,false,context_only_no_linkage_decision
LINK-CTGOV-NCT00990158-PMID-11994567,manual_background_reference,BACKGROUND,NCT00990158,REC-CTGOV-NCT00990158,A1,ctgov_a1_designpilot_20260710,Does Low Dose Oral Vitamin K Improve International Normalized Ratio (INR) Stability?,A Multicentre Study of Low Dose Oral Vitamin K for INR Control in Patients Receiving Warfarin,COMPLETED,INTERVENTIONAL,PHASE3,235,Coagulation|Bleeding|Thrombosis,DRUG:Phytonadione (Vitamin K1)|DRUG:Placebo,St. Joseph's Healthcare Hamilton,https://clinicaltrials.gov/study/NCT00990158,"Crowther MA, McDonald E, Johnston M, Cook D. Vitamin K deficiency and D-dimer levels in the intensive care unit: a prospective cohort study. Blood Coagul Fibrinolysis. 2002 Jan;13(1):49-52. doi: 10.1097/00001721-200201000-00007.",research/searches/A1/clinicaltrials/ctgov_a1_designpilot_20260710/page_001.json,11994567,REC-PUBMED-11994567,,,,,,https://pubmed.ncbi.nlm.nih.gov/11994567/,,false,context_only_no_linkage_decision
LINK-CTGOV-NCT00990158-PMID-12152676,manual_background_reference,BACKGROUND,NCT00990158,REC-CTGOV-NCT00990158,A1,ctgov_a1_designpilot_20260710,Does Low Dose Oral Vitamin K Improve International Normalized Ratio (INR) Stability?,A Multicentre Study of Low Dose Oral Vitamin K for INR Control in Patients Receiving Warfarin,COMPLETED,INTERVENTIONAL,PHASE3,235,Coagulation|Bleeding|Thrombosis,DRUG:Phytonadione (Vitamin K1)|DRUG:Placebo,St. Joseph's Healthcare Hamilton,https://clinicaltrials.gov/study/NCT00990158,"Ageno W, Crowther M, Steidl L, Ultori C, Mera V, Dentali F, Squizzato A, Marchesi C, Venco A. Low dose oral vitamin K to reverse acenocoumarol-induced coagulopathy: a randomized controlled trial. Thromb Haemost. 2002 Jul;88(1):48-51.",research/searches/A1/clinicaltrials/ctgov_a1_designpilot_20260710/page_001.json,12152676,REC-PUBMED-12152676,Low dose oral vitamin K to reverse acenocoumarol-induced coagulopathy: a randomized controlled trial.,Ageno W,2002,Thrombosis and haemostasis,,https://pubmed.ncbi.nlm.nih.gov/12152676/,research/searches/A1/pubmed/pubmed_a1_designpilot_20260710/efetch_012.xml,true,context_only_no_linkage_decision
LINK-CTGOV-NCT00990158-PMID-14717783,manual_background_reference,BACKGROUND,NCT00990158,REC-CTGOV-NCT00990158,A1,ctgov_a1_designpilot_20260710,Does Low Dose Oral Vitamin K Improve International Normalized Ratio (INR) Stability?,A Multicentre Study of Low Dose Oral Vitamin K for INR Control in Patients Receiving Warfarin,COMPLETED,INTERVENTIONAL,PHASE3,235,Coagulation|Bleeding|Thrombosis,DRUG:Phytonadione (Vitamin K1)|DRUG:Placebo,St. Joseph's Healthcare Hamilton,https://clinicaltrials.gov/study/NCT00990158,"Khan T, Wynne H, Wood P, Torrance A, Hankey C, Avery P, Kesteven P, Kamali F. Dietary vitamin K influences intra-individual variability in anticoagulant response to warfarin. Br J Haematol. 2004 Feb;124(3):348-54. doi: 10.1046/j.1365-2141.2003.04787.x.",research/searches/A1/clinicaltrials/ctgov_a1_designpilot_20260710/page_001.json,14717783,REC-PUBMED-14717783,Dietary vitamin K influences intra-individual variability in anticoagulant response to warfarin.,Khan T,2004,British journal of haematology,10.1046/j.1365-2141.2003.04787.x,https://pubmed.ncbi.nlm.nih.gov/14717783/,research/searches/A1/pubmed/pubmed_a1_designpilot_20260710/efetch_011.xml,true,context_only_no_linkage_decision
LINK-CTGOV-NCT00990158-PMID-14739631,manual_background_reference,BACKGROUND,NCT00990158,REC-CTGOV-NCT00990158,A1,ctgov_a1_designpilot_20260710,Does Low Dose Oral Vitamin K Improve International Normalized Ratio (INR) Stability?,A Multicentre Study of Low Dose Oral Vitamin K for INR Control in Patients Receiving Warfarin,COMPLETED,INTERVENTIONAL,PHASE3,235,Coagulation|Bleeding|Thrombosis,DRUG:Phytonadione (Vitamin K1)|DRUG:Placebo,St. Joseph's Healthcare Hamilton,https://clinicaltrials.gov/study/NCT00990158,"Schmitt L, Speckman J, Ansell J. Quality assessment of anticoagulation dose management: comparative evaluation of measures of time-in-therapeutic range. J Thromb Thrombolysis. 2003 Jun;15(3):213-6. doi: 10.1023/B:THRO.0000011377.78585.63.",research/searches/A1/clinicaltrials/ctgov_a1_designpilot_20260710/page_001.json,14739631,REC-PUBMED-14739631,,,,,,https://pubmed.ncbi.nlm.nih.gov/14739631/,,false,context_only_no_linkage_decision
LINK-CTGOV-NCT00990158-PMID-14760216,manual_background_reference,BACKGROUND,NCT00990158,REC-CTGOV-NCT00990158,A1,ctgov_a1_designpilot_20260710,Does Low Dose Oral Vitamin K Improve International Normalized Ratio (INR) Stability?,A Multicentre Study of Low Dose Oral Vitamin K for INR Control in Patients Receiving Warfarin,COMPLETED,INTERVENTIONAL,PHASE3,235,Coagulation|Bleeding|Thrombosis,DRUG:Phytonadione (Vitamin K1)|DRUG:Placebo,St. Joseph's Healthcare Hamilton,https://clinicaltrials.gov/study/NCT00990158,"Crowther MA, Wilson S. Vitamin K for the treatment of asymptomatic coagulopathy associated with oral anticoagulant therapy. J Thromb Thrombolysis. 2003 Aug-Oct;16(1-2):69-72. doi: 10.1023/B:THRO.0000014597.87575.e9.",research/searches/A1/clinicaltrials/ctgov_a1_designpilot_20260710/page_001.json,14760216,REC-PUBMED-14760216,Vitamin K for the treatment of asymptomatic coagulopathy associated with oral anticoagulant therapy.,Crowther MA,2003,Journal of thrombosis and thrombolysis,10.1023/b:thro.0000014597.87575.e9,https://pubmed.ncbi.nlm.nih.gov/14760216/,research/searches/A1/pubmed/pubmed_a1_designpilot_20260710/efetch_011.xml,true,context_only_no_linkage_decision
LINK-CTGOV-NCT00990158-PMID-14993179,manual_background_reference,BACKGROUND,NCT00990158,REC-CTGOV-NCT00990158,A1,ctgov_a1_designpilot_20260710,Does Low Dose Oral Vitamin K Improve International Normalized Ratio (INR) Stability?,A Multicentre Study of Low Dose Oral Vitamin K for INR Control in Patients Receiving Warfarin,COMPLETED,INTERVENTIONAL,PHASE3,235,Coagulation|Bleeding|Thrombosis,DRUG:Phytonadione (Vitamin K1)|DRUG:Placebo,St. Joseph's Healthcare Hamilton,https://clinicaltrials.gov/study/NCT00990158,"Wilson SE, Watson HG, Crowther MA. Low-dose oral vitamin K therapy for the management of asymptomatic patients with elevated international normalized ratios: a brief review. CMAJ. 2004 Mar 2;170(5):821-4. doi: 10.1503/cmaj.1030478.",research/searches/A1/clinicaltrials/ctgov_a1_designpilot_20260710/page_001.json,14993179,REC-PUBMED-14993179,Low-dose oral vitamin K therapy for the management of asymptomatic patients with elevated international normalized ratios: a brief review.,Wilson SE,2004,CMAJ : Canadian Medical Association journal = journal de l'Association medicale canadienne,10.1503/cmaj.1030478,https://pubmed.ncbi.nlm.nih.gov/14993179/,research/searches/A1/pubmed/pubmed_a1_designpilot_20260710/efetch_011.xml,true,context_only_no_linkage_decision
LINK-CTGOV-NCT00990158-PMID-15121498,manual_background_reference,BACKGROUND,NCT00990158,REC-CTGOV-NCT00990158,A1,ctgov_a1_designpilot_20260710,Does Low Dose Oral Vitamin K Improve International Normalized Ratio (INR) Stability?,A Multicentre Study of Low Dose Oral Vitamin K for INR Control in Patients Receiving Warfarin,COMPLETED,INTERVENTIONAL,PHASE3,235,Coagulation|Bleeding|Thrombosis,DRUG:Phytonadione (Vitamin K1)|DRUG:Placebo,St. Joseph's Healthcare Hamilton,https://clinicaltrials.gov/study/NCT00990158,"Bovill EG, Fung M, Cushman M. Vitamin K and oral anticoagulation: thought for food. Am J Med. 2004 May 15;116(10):711-3. doi: 10.1016/j.amjmed.2004.02.020. No abstract available.",research/searches/A1/clinicaltrials/ctgov_a1_designpilot_20260710/page_001.json,15121498,REC-PUBMED-15121498,Vitamin K and oral anticoagulation: thought for food.,Bovill EG,2004,The American journal of medicine,10.1016/j.amjmed.2004.02.020,https://pubmed.ncbi.nlm.nih.gov/15121498/,research/searches/A1/pubmed/pubmed_a1_designpilot_20260710/efetch_011.xml,true,context_only_no_linkage_decision
LINK-CTGOV-NCT00990158-PMID-15140584,manual_background_reference,BACKGROUND,NCT00990158,REC-CTGOV-NCT00990158,A1,ctgov_a1_designpilot_20260710,Does Low Dose Oral Vitamin K Improve International Normalized Ratio (INR) Stability?,A Multicentre Study of Low Dose Oral Vitamin K for INR Control in Patients Receiving Warfarin,COMPLETED,INTERVENTIONAL,PHASE3,235,Coagulation|Bleeding|Thrombosis,DRUG:Phytonadione (Vitamin K1)|DRUG:Placebo,St. Joseph's Healthcare Hamilton,https://clinicaltrials.gov/study/NCT00990158,"Gunther KE, Conway G, Leibach L, Crowther MA. Low-dose oral vitamin K is safe and effective for outpatient management of patients with an INR>10. Thromb Res. 2004;113(3-4):205-9. doi: 10.1016/j.thromres.2004.03.004.",research/searches/A1/clinicaltrials/ctgov_a1_designpilot_20260710/page_001.json,15140584,REC-PUBMED-15140584,Low-dose oral vitamin K is safe and effective for outpatient management of patients with an INR>10.,Gunther KE,2004,Thrombosis research,10.1016/j.thromres.2004.03.004,https://pubmed.ncbi.nlm.nih.gov/15140584/,research/searches/A1/pubmed/pubmed_a1_designpilot_20260710/efetch_011.xml,true,context_only_no_linkage_decision
LINK-CTGOV-NCT00990158-PMID-15231565,manual_background_reference,BACKGROUND,NCT00990158,REC-CTGOV-NCT00990158,A1,ctgov_a1_designpilot_20260710,Does Low Dose Oral Vitamin K Improve International Normalized Ratio (INR) Stability?,A Multicentre Study of Low Dose Oral Vitamin K for INR Control in Patients Receiving Warfarin,COMPLETED,INTERVENTIONAL,PHASE3,235,Coagulation|Bleeding|Thrombosis,DRUG:Phytonadione (Vitamin K1)|DRUG:Placebo,St. Joseph's Healthcare Hamilton,https://clinicaltrials.gov/study/NCT00990158,"Schurgers LJ, Shearer MJ, Hamulyak K, Stocklin E, Vermeer C. Effect of vitamin K intake on the stability of oral anticoagulant treatment: dose-response relationships in healthy subjects. Blood. 2004 Nov 1;104(9):2682-9. doi: 10.1182/blood-2004-04-1525. Epub 2004 Jul 1.",research/searches/A1/clinicaltrials/ctgov_a1_designpilot_20260710/page_001.json,15231565,REC-PUBMED-15231565,,,,,,https://pubmed.ncbi.nlm.nih.gov/15231565/,,false,context_only_no_linkage_decision
LINK-CTGOV-NCT00990158-PMID-15231615,manual_background_reference,BACKGROUND,NCT00990158,REC-CTGOV-NCT00990158,A1,ctgov_a1_designpilot_20260710,Does Low Dose Oral Vitamin K Improve International Normalized Ratio (INR) Stability?,A Multicentre Study of Low Dose Oral Vitamin K for INR Control in Patients Receiving Warfarin,COMPLETED,INTERVENTIONAL,PHASE3,235,Coagulation|Bleeding|Thrombosis,DRUG:Phytonadione (Vitamin K1)|DRUG:Placebo,St. Joseph's Healthcare Hamilton,https://clinicaltrials.gov/study/NCT00990158,"Pirmohamed M, James S, Meakin S, Green C, Scott AK, Walley TJ, Farrar K, Park BK, Breckenridge AM. Adverse drug reactions as cause of admission to hospital: prospective analysis of 18 820 patients. BMJ. 2004 Jul 3;329(7456):15-9. doi: 10.1136/bmj.329.7456.15.",research/searches/A1/clinicaltrials/ctgov_a1_designpilot_20260710/page_001.json,15231615,REC-PUBMED-15231615,,,,,,https://pubmed.ncbi.nlm.nih.gov/15231615/,,false,context_only_no_linkage_decision
LINK-CTGOV-NCT00990158-PMID-15642685,manual_background_reference,BACKGROUND,NCT00990158,REC-CTGOV-NCT00990158,A1,ctgov_a1_designpilot_20260710,Does Low Dose Oral Vitamin K Improve International Normalized Ratio (INR) Stability?,A Multicentre Study of Low Dose Oral Vitamin K for INR Control in Patients Receiving Warfarin,COMPLETED,INTERVENTIONAL,PHASE3,235,Coagulation|Bleeding|Thrombosis,DRUG:Phytonadione (Vitamin K1)|DRUG:Placebo,St. Joseph's Healthcare Hamilton,https://clinicaltrials.gov/study/NCT00990158,"Crowther MA, Ageno W, Schnurr T, Manfredi E, Kinnon K, Garcia D, Douketis JD. Oral vitamin K produces a normal INR within 24 hours of its administration in most patients discontinuing warfarin. Haematologica. 2005 Jan;90(1):137-9.",research/searches/A1/clinicaltrials/ctgov_a1_designpilot_20260710/page_001.json,15642685,REC-PUBMED-15642685,Oral vitamin K produces a normal INR within 24 hours of its administration in most patients discontinuing warfarin.,Crowther MA,2005,Haematologica,,https://pubmed.ncbi.nlm.nih.gov/15642685/,research/searches/A1/pubmed/pubmed_a1_designpilot_20260710/efetch_010.xml,true,context_only_no_linkage_decision
LINK-CTGOV-NCT00990158-PMID-15886802,manual_background_reference,BACKGROUND,NCT00990158,REC-CTGOV-NCT00990158,A1,ctgov_a1_designpilot_20260710,Does Low Dose Oral Vitamin K Improve International Normalized Ratio (INR) Stability?,A Multicentre Study of Low Dose Oral Vitamin K for INR Control in Patients Receiving Warfarin,COMPLETED,INTERVENTIONAL,PHASE3,235,Coagulation|Bleeding|Thrombosis,DRUG:Phytonadione (Vitamin K1)|DRUG:Placebo,St. Joseph's Healthcare Hamilton,https://clinicaltrials.gov/study/NCT00990158,"Sconce E, Khan T, Mason J, Noble F, Wynne H, Kamali F. Patients with unstable control have a poorer dietary intake of vitamin K compared to patients with stable control of anticoagulation. Thromb Haemost. 2005 May;93(5):872-5. doi: 10.1160/TH04-12-0773.",research/searches/A1/clinicaltrials/ctgov_a1_designpilot_20260710/page_001.json,15886802,REC-PUBMED-15886802,Patients with unstable control have a poorer dietary intake of vitamin K compared to patients with stable control of anticoagulation.,Sconce E,2005,Thrombosis and haemostasis,10.1160/th04-12-0773,https://pubmed.ncbi.nlm.nih.gov/15886802/,research/searches/A1/pubmed/pubmed_a1_designpilot_20260710/efetch_010.xml,true,context_only_no_linkage_decision
LINK-CTGOV-NCT00990158-PMID-16098445,manual_background_reference,BACKGROUND,NCT00990158,REC-CTGOV-NCT00990158,A1,ctgov_a1_designpilot_20260710,Does Low Dose Oral Vitamin K Improve International Normalized Ratio (INR) Stability?,A Multicentre Study of Low Dose Oral Vitamin K for INR Control in Patients Receiving Warfarin,COMPLETED,INTERVENTIONAL,PHASE3,235,Coagulation|Bleeding|Thrombosis,DRUG:Phytonadione (Vitamin K1)|DRUG:Placebo,St. Joseph's Healthcare Hamilton,https://clinicaltrials.gov/study/NCT00990158,"Ageno W, Garcia D, Silingardi M, Galli M, Crowther M. A randomized trial comparing 1 mg of oral vitamin K with no treatment in the management of warfarin-associated coagulopathy in patients with mechanical heart valves. J Am Coll Cardiol. 2005 Aug 16;46(4):732-3. doi: 10.1016/j.jacc.2005.05.022. No abstract available.",research/searches/A1/clinicaltrials/ctgov_a1_designpilot_20260710/page_001.json,16098445,REC-PUBMED-16098445,A randomized trial comparing 1 mg of oral vitamin K with no treatment in the management of warfarin-associated coagulopathy in patients with mechanical heart valves.,Ageno W,2005,Journal of the American College of Cardiology,10.1016/j.jacc.2005.05.022,https://pubmed.ncbi.nlm.nih.gov/16098445/,research/searches/A1/pubmed/pubmed_a1_designpilot_20260710/efetch_010.xml,true,context_only_no_linkage_decision
LINK-CTGOV-NCT00990158-PMID-16305294,manual_background_reference,BACKGROUND,NCT00990158,REC-CTGOV-NCT00990158,A1,ctgov_a1_designpilot_20260710,Does Low Dose Oral Vitamin K Improve International Normalized Ratio (INR) Stability?,A Multicentre Study of Low Dose Oral Vitamin K for INR Control in Patients Receiving Warfarin,COMPLETED,INTERVENTIONAL,PHASE3,235,Coagulation|Bleeding|Thrombosis,DRUG:Phytonadione (Vitamin K1)|DRUG:Placebo,St. Joseph's Healthcare Hamilton,https://clinicaltrials.gov/study/NCT00990158,"Reese AM, Farnett LE, Lyons RM, Patel B, Morgan L, Bussey HI. Low-dose vitamin K to augment anticoagulation control. Pharmacotherapy. 2005 Dec;25(12):1746-51. doi: 10.1592/phco.2005.25.12.1746.",research/searches/A1/clinicaltrials/ctgov_a1_designpilot_20260710/page_001.json,16305294,REC-PUBMED-16305294,Low-dose vitamin K to augment anticoagulation control.,Reese AM,2005,Pharmacotherapy,10.1592/phco.2005.25.12.1746,https://pubmed.ncbi.nlm.nih.gov/16305294/,research/searches/A1/pubmed/pubmed_a1_designpilot_20260710/efetch_010.xml,true,context_only_no_linkage_decision
LINK-CTGOV-NCT00990158-PMID-17110451,manual_background_reference,BACKGROUND,NCT00990158,REC-CTGOV-NCT00990158,A1,ctgov_a1_designpilot_20260710,Does Low Dose Oral Vitamin K Improve International Normalized Ratio (INR) Stability?,A Multicentre Study of Low Dose Oral Vitamin K for INR Control in Patients Receiving Warfarin,COMPLETED,INTERVENTIONAL,PHASE3,235,Coagulation|Bleeding|Thrombosis,DRUG:Phytonadione (Vitamin K1)|DRUG:Placebo,St. Joseph's Healthcare Hamilton,https://clinicaltrials.gov/study/NCT00990158,"Sconce E, Avery P, Wynne H, Kamali F. Vitamin K supplementation can improve stability of anticoagulation for patients with unexplained variability in response to warfarin. Blood. 2007 Mar 15;109(6):2419-23. doi: 10.1182/blood-2006-09-049262. Epub 2006 Nov 16.",research/searches/A1/clinicaltrials/ctgov_a1_designpilot_20260710/page_001.json,17110451,REC-PUBMED-17110451,Vitamin K supplementation can improve stability of anticoagulation for patients with unexplained variability in response to warfarin.,Sconce E,2007,Blood,10.1182/blood-2006-09-049262,https://pubmed.ncbi.nlm.nih.gov/17110451/,research/searches/A1/pubmed/pubmed_a1_designpilot_20260710/efetch_009.xml,true,context_only_no_linkage_decision
LINK-CTGOV-NCT00990158-PMID-17111199,manual_background_reference,BACKGROUND,NCT00990158,REC-CTGOV-NCT00990158,A1,ctgov_a1_designpilot_20260710,Does Low Dose Oral Vitamin K Improve International Normalized Ratio (INR) Stability?,A Multicentre Study of Low Dose Oral Vitamin K for INR Control in Patients Receiving Warfarin,COMPLETED,INTERVENTIONAL,PHASE3,235,Coagulation|Bleeding|Thrombosis,DRUG:Phytonadione (Vitamin K1)|DRUG:Placebo,St. Joseph's Healthcare Hamilton,https://clinicaltrials.gov/study/NCT00990158,"Carlquist JF, Horne BD, Muhlestein JB, Lappe DL, Whiting BM, Kolek MJ, Clarke JL, James BC, Anderson JL. Genotypes of the cytochrome p450 isoform, CYP2C9, and the vitamin K epoxide reductase complex subunit 1 conjointly determine stable warfarin dose: a prospective study. J Thromb Thrombolysis. 2006 Dec;22(3):191-7. doi: 10.1007/s11239-006-9030-7.",research/searches/A1/clinicaltrials/ctgov_a1_designpilot_20260710/page_001.json,17111199,REC-PUBMED-17111199,"Genotypes of the cytochrome p450 isoform, CYP2C9, and the vitamin K epoxide reductase complex subunit 1 conjointly determine stable warfarin dose: a prospective study.",Carlquist JF,2006,Journal of thrombosis and thrombolysis,10.1007/s11239-006-9030-7,https://pubmed.ncbi.nlm.nih.gov/17111199/,research/searches/A1/pubmed/pubmed_a1_designpilot_20260710/efetch_009.xml,true,context_only_no_linkage_decision
LINK-CTGOV-NCT00990158-PMID-17242311,manual_background_reference,BACKGROUND,NCT00990158,REC-CTGOV-NCT00990158,A1,ctgov_a1_designpilot_20260710,Does Low Dose Oral Vitamin K Improve International Normalized Ratio (INR) Stability?,A Multicentre Study of Low Dose Oral Vitamin K for INR Control in Patients Receiving Warfarin,COMPLETED,INTERVENTIONAL,PHASE3,235,Coagulation|Bleeding|Thrombosis,DRUG:Phytonadione (Vitamin K1)|DRUG:Placebo,St. Joseph's Healthcare Hamilton,https://clinicaltrials.gov/study/NCT00990158,"Dentali F, Douketis JD, Lim W, Crowther M. Combined aspirin-oral anticoagulant therapy compared with oral anticoagulant therapy alone among patients at risk for cardiovascular disease: a meta-analysis of randomized trials. Arch Intern Med. 2007 Jan 22;167(2):117-24. doi: 10.1001/archinte.167.2.117.",research/searches/A1/clinicaltrials/ctgov_a1_designpilot_20260710/page_001.json,17242311,REC-PUBMED-17242311,,,,,,https://pubmed.ncbi.nlm.nih.gov/17242311/,,false,context_only_no_linkage_decision
LINK-CTGOV-NCT00990158-PMID-17323135,manual_background_reference,BACKGROUND,NCT00990158,REC-CTGOV-NCT00990158,A1,ctgov_a1_designpilot_20260710,Does Low Dose Oral Vitamin K Improve International Normalized Ratio (INR) Stability?,A Multicentre Study of Low Dose Oral Vitamin K for INR Control in Patients Receiving Warfarin,COMPLETED,INTERVENTIONAL,PHASE3,235,Coagulation|Bleeding|Thrombosis,DRUG:Phytonadione (Vitamin K1)|DRUG:Placebo,St. Joseph's Healthcare Hamilton,https://clinicaltrials.gov/study/NCT00990158,"Ford SK, Misita CP, Shilliday BB, Malone RM, Moore CG, Moll S. Prospective study of supplemental vitamin K therapy in patients on oral anticoagulants with unstable international normalized ratios. J Thromb Thrombolysis. 2007 Aug;24(1):23-7. doi: 10.1007/s11239-007-0014-z. Epub 2007 Feb 24.",research/searches/A1/clinicaltrials/ctgov_a1_designpilot_20260710/page_001.json,17323135,REC-PUBMED-17323135,Prospective study of supplemental vitamin K therapy in patients on oral anticoagulants with unstable international normalized ratios.,Ford SK,2007,Journal of thrombosis and thrombolysis,10.1007/s11239-007-0014-z,https://pubmed.ncbi.nlm.nih.gov/17323135/,research/searches/A1/pubmed/pubmed_a1_designpilot_20260710/efetch_009.xml,true,context_only_no_linkage_decision
LINK-CTGOV-NCT00990158-PMID-17380255,manual_background_reference,BACKGROUND,NCT00990158,REC-CTGOV-NCT00990158,A1,ctgov_a1_designpilot_20260710,Does Low Dose Oral Vitamin K Improve International Normalized Ratio (INR) Stability?,A Multicentre Study of Low Dose Oral Vitamin K for INR Control in Patients Receiving Warfarin,COMPLETED,INTERVENTIONAL,PHASE3,235,Coagulation|Bleeding|Thrombosis,DRUG:Phytonadione (Vitamin K1)|DRUG:Placebo,St. Joseph's Healthcare Hamilton,https://clinicaltrials.gov/study/NCT00990158,"Woods K, Douketis JD, Kathirgamanathan K, Yi Q, Crowther MA. Low-dose oral vitamin K to normalize the international normalized ratio prior to surgery in patients who require temporary interruption of warfarin. J Thromb Thrombolysis. 2007 Oct;24(2):93-7. doi: 10.1007/s11239-007-0022-z. Epub 2007 Mar 23.",research/searches/A1/clinicaltrials/ctgov_a1_designpilot_20260710/page_001.json,17380255,REC-PUBMED-17380255,Low-dose oral vitamin K to normalize the international normalized ratio prior to surgery in patients who require temporary interruption of warfarin.,Woods K,2007,Journal of thrombosis and thrombolysis,10.1007/s11239-007-0022-z,https://pubmed.ncbi.nlm.nih.gov/17380255/,research/searches/A1/pubmed/pubmed_a1_designpilot_20260710/efetch_009.xml,true,context_only_no_linkage_decision
LINK-CTGOV-NCT00990158-PMID-17588394,manual_background_reference,BACKGROUND,NCT00990158,REC-CTGOV-NCT00990158,A1,ctgov_a1_designpilot_20260710,Does Low Dose Oral Vitamin K Improve International Normalized Ratio (INR) Stability?,A Multicentre Study of Low Dose Oral Vitamin K for INR Control in Patients Receiving Warfarin,COMPLETED,INTERVENTIONAL,PHASE3,235,Coagulation|Bleeding|Thrombosis,DRUG:Phytonadione (Vitamin K1)|DRUG:Placebo,St. Joseph's Healthcare Hamilton,https://clinicaltrials.gov/study/NCT00990158,"Whitlock RP, Crowther MA, Warkentin TE, Blackall MH, Farrokhyar F, Teoh KH. Warfarin cessation before cardiopulmonary bypass: lessons learned from a randomized controlled trial of oral vitamin K. Ann Thorac Surg. 2007 Jul;84(1):103-8. doi: 10.1016/j.athoracsur.2007.03.014.",research/searches/A1/clinicaltrials/ctgov_a1_designpilot_20260710/page_001.json,17588394,REC-PUBMED-17588394,Warfarin cessation before cardiopulmonary bypass: lessons learned from a randomized controlled trial of oral vitamin K.,Whitlock RP,2007,The Annals of thoracic surgery,10.1016/j.athoracsur.2007.03.014,https://pubmed.ncbi.nlm.nih.gov/17588394/,research/searches/A1/pubmed/pubmed_a1_designpilot_20260710/efetch_008.xml,true,context_only_no_linkage_decision
LINK-CTGOV-NCT00990158-PMID-17620536,manual_background_reference,BACKGROUND,NCT00990158,REC-CTGOV-NCT00990158,A1,ctgov_a1_designpilot_20260710,Does Low Dose Oral Vitamin K Improve International Normalized Ratio (INR) Stability?,A Multicentre Study of Low Dose Oral Vitamin K for INR Control in Patients Receiving Warfarin,COMPLETED,INTERVENTIONAL,PHASE3,235,Coagulation|Bleeding|Thrombosis,DRUG:Phytonadione (Vitamin K1)|DRUG:Placebo,St. Joseph's Healthcare Hamilton,https://clinicaltrials.gov/study/NCT00990158,"Wysowski DK, Nourjah P, Swartz L. Bleeding complications with warfarin use: a prevalent adverse effect resulting in regulatory action. Arch Intern Med. 2007 Jul 9;167(13):1414-9. doi: 10.1001/archinte.167.13.1414.",research/searches/A1/clinicaltrials/ctgov_a1_designpilot_20260710/page_001.json,17620536,REC-PUBMED-17620536,,,,,,https://pubmed.ncbi.nlm.nih.gov/17620536/,,false,context_only_no_linkage_decision
LINK-CTGOV-NCT00990158-PMID-17666020,manual_background_reference,BACKGROUND,NCT00990158,REC-CTGOV-NCT00990158,A1,ctgov_a1_designpilot_20260710,Does Low Dose Oral Vitamin K Improve International Normalized Ratio (INR) Stability?,A Multicentre Study of Low Dose Oral Vitamin K for INR Control in Patients Receiving Warfarin,COMPLETED,INTERVENTIONAL,PHASE3,235,Coagulation|Bleeding|Thrombosis,DRUG:Phytonadione (Vitamin K1)|DRUG:Placebo,St. Joseph's Healthcare Hamilton,https://clinicaltrials.gov/study/NCT00990158,"Rombouts EK, Rosendaal FR, Van Der Meer FJ. Daily vitamin K supplementation improves anticoagulant stability. J Thromb Haemost. 2007 Oct;5(10):2043-8. doi: 10.1111/j.1538-7836.2007.02715.x. Epub 2007 Jul 31.",research/searches/A1/clinicaltrials/ctgov_a1_designpilot_20260710/page_001.json,17666020,REC-PUBMED-17666020,Daily vitamin K supplementation improves anticoagulant stability.,Rombouts EK,2007,Journal of thrombosis and haemostasis : JTH,10.1111/j.1538-7836.2007.02715.x,https://pubmed.ncbi.nlm.nih.gov/17666020/,research/searches/A1/pubmed/pubmed_a1_designpilot_20260710/efetch_008.xml,true,context_only_no_linkage_decision
LINK-CTGOV-NCT00990158-PMID-18466315,manual_background_reference,BACKGROUND,NCT00990158,REC-CTGOV-NCT00990158,A1,ctgov_a1_designpilot_20260710,Does Low Dose Oral Vitamin K Improve International Normalized Ratio (INR) Stability?,A Multicentre Study of Low Dose Oral Vitamin K for INR Control in Patients Receiving Warfarin,COMPLETED,INTERVENTIONAL,PHASE3,235,Coagulation|Bleeding|Thrombosis,DRUG:Phytonadione (Vitamin K1)|DRUG:Placebo,St. Joseph's Healthcare Hamilton,https://clinicaltrials.gov/study/NCT00990158,"Sconce EA, Avery PJ, Wynne HA, Kamali F. Vitamin K epoxide reductase complex subunit 1 (VKORC1 ) polymorphism influences the anticoagulation response subsequent to vitamin K intake: a pilot study. J Thromb Haemost. 2008 Jul;6(7):1226-8. doi: 10.1111/j.1538-7836.2008.03003.x. Epub 2008 Jul 1. No abstract available.",research/searches/A1/clinicaltrials/ctgov_a1_designpilot_20260710/page_001.json,18466315,REC-PUBMED-18466315,Vitamin K epoxide reductase complex subunit 1 (VKORC1 ) polymorphism influences the anticoagulation response subsequent to vitamin K intake: a pilot study.,Sconce EA,2008,Journal of thrombosis and haemostasis : JTH,10.1111/j.1538-7836.2008.03003.x,https://pubmed.ncbi.nlm.nih.gov/18466315/,research/searches/A1/pubmed/pubmed_a1_designpilot_20260710/efetch_008.xml,true,context_only_no_linkage_decision
LINK-CTGOV-NCT00990158-PMID-18574265,manual_background_reference,BACKGROUND,NCT00990158,REC-CTGOV-NCT00990158,A1,ctgov_a1_designpilot_20260710,Does Low Dose Oral Vitamin K Improve International Normalized Ratio (INR) Stability?,A Multicentre Study of Low Dose Oral Vitamin K for INR Control in Patients Receiving Warfarin,COMPLETED,INTERVENTIONAL,PHASE3,235,Coagulation|Bleeding|Thrombosis,DRUG:Phytonadione (Vitamin K1)|DRUG:Placebo,St. Joseph's Healthcare Hamilton,https://clinicaltrials.gov/study/NCT00990158,"Ansell J, Hirsh J, Hylek E, Jacobson A, Crowther M, Palareti G. Pharmacology and management of the vitamin K antagonists: American College of Chest Physicians Evidence-Based Clinical Practice Guidelines (8th Edition). Chest. 2008 Jun;133(6 Suppl):160S-198S. doi: 10.1378/chest.08-0670.",research/searches/A1/clinicaltrials/ctgov_a1_designpilot_20260710/page_001.json,18574265,REC-PUBMED-18574265,Pharmacology and management of the vitamin K antagonists: American College of Chest Physicians Evidence-Based Clinical Practice Guidelines (8th Edition).,Ansell J,2008,Chest,10.1378/chest.08-0670,https://pubmed.ncbi.nlm.nih.gov/18574265/,research/searches/A1/pubmed/pubmed_a1_designpilot_20260710/efetch_007.xml,true,context_only_no_linkage_decision
LINK-CTGOV-NCT00990158-PMID-18574268,manual_background_reference,BACKGROUND,NCT00990158,REC-CTGOV-NCT00990158,A1,ctgov_a1_designpilot_20260710,Does Low Dose Oral Vitamin K Improve International Normalized Ratio (INR) Stability?,A Multicentre Study of Low Dose Oral Vitamin K for INR Control in Patients Receiving Warfarin,COMPLETED,INTERVENTIONAL,PHASE3,235,Coagulation|Bleeding|Thrombosis,DRUG:Phytonadione (Vitamin K1)|DRUG:Placebo,St. Joseph's Healthcare Hamilton,https://clinicaltrials.gov/study/NCT00990158,"Schulman S, Beyth RJ, Kearon C, Levine MN. Hemorrhagic complications of anticoagulant and thrombolytic treatment: American College of Chest Physicians Evidence-Based Clinical Practice Guidelines (8th Edition). Chest. 2008 Jun;133(6 Suppl):257S-298S. doi: 10.1378/chest.08-0674.",research/searches/A1/clinicaltrials/ctgov_a1_designpilot_20260710/page_001.json,18574268,REC-PUBMED-18574268,Hemorrhagic complications of anticoagulant and thrombolytic treatment: American College of Chest Physicians Evidence-Based Clinical Practice Guidelines (8th Edition).,Schulman S,2008,Chest,10.1378/chest.08-0674,https://pubmed.ncbi.nlm.nih.gov/18574268/,research/searches/A1/pubmed/pubmed_a1_designpilot_20260710/efetch_007.xml,true,context_only_no_linkage_decision
LINK-CTGOV-NCT00990158-PMID-18598364,manual_background_reference,BACKGROUND,NCT00990158,REC-CTGOV-NCT00990158,A1,ctgov_a1_designpilot_20260710,Does Low Dose Oral Vitamin K Improve International Normalized Ratio (INR) Stability?,A Multicentre Study of Low Dose Oral Vitamin K for INR Control in Patients Receiving Warfarin,COMPLETED,INTERVENTIONAL,PHASE3,235,Coagulation|Bleeding|Thrombosis,DRUG:Phytonadione (Vitamin K1)|DRUG:Placebo,St. Joseph's Healthcare Hamilton,https://clinicaltrials.gov/study/NCT00990158,"Verhovsek M, Motlagh B, Crowther MA, Kennedy C, Dolovich L, Campbell G, Wang L, Papaioannou A. Quality of anticoagulation and use of warfarin-interacting medications in long-term care: a chart review. BMC Geriatr. 2008 Jul 3;8:13. doi: 10.1186/1471-2318-8-13.",research/searches/A1/clinicaltrials/ctgov_a1_designpilot_20260710/page_001.json,18598364,REC-PUBMED-18598364,,,,,,https://pubmed.ncbi.nlm.nih.gov/18598364/,,false,context_only_no_linkage_decision
LINK-CTGOV-NCT00990158-PMID-18657012,manual_background_reference,BACKGROUND,NCT00990158,REC-CTGOV-NCT00990158,A1,ctgov_a1_designpilot_20260710,Does Low Dose Oral Vitamin K Improve International Normalized Ratio (INR) Stability?,A Multicentre Study of Low Dose Oral Vitamin K for INR Control in Patients Receiving Warfarin,COMPLETED,INTERVENTIONAL,PHASE3,235,Coagulation|Bleeding|Thrombosis,DRUG:Phytonadione (Vitamin K1)|DRUG:Placebo,St. Joseph's Healthcare Hamilton,https://clinicaltrials.gov/study/NCT00990158,"Clark NP, Witt DM, Delate T, Trapp M, Garcia D, Ageno W, Hylek EM, Crowther MA; Warfarin-Associated Research Projects and Other Endeavors Consortium. Thromboembolic consequences of subtherapeutic anticoagulation in patients stabilized on warfarin therapy: the low INR study. Pharmacotherapy. 2008 Aug;28(8):960-7. doi: 10.1592/phco.28.8.960.",research/searches/A1/clinicaltrials/ctgov_a1_designpilot_20260710/page_001.json,18657012,REC-PUBMED-18657012,,,,,,https://pubmed.ncbi.nlm.nih.gov/18657012/,,false,context_only_no_linkage_decision
LINK-CTGOV-NCT00990158-PMID-18663203,manual_background_reference,BACKGROUND,NCT00990158,REC-CTGOV-NCT00990158,A1,ctgov_a1_designpilot_20260710,Does Low Dose Oral Vitamin K Improve International Normalized Ratio (INR) Stability?,A Multicentre Study of Low Dose Oral Vitamin K for INR Control in Patients Receiving Warfarin,COMPLETED,INTERVENTIONAL,PHASE3,235,Coagulation|Bleeding|Thrombosis,DRUG:Phytonadione (Vitamin K1)|DRUG:Placebo,St. Joseph's Healthcare Hamilton,https://clinicaltrials.gov/study/NCT00990158,"Oake N, Jennings A, Forster AJ, Fergusson D, Doucette S, van Walraven C. Anticoagulation intensity and outcomes among patients prescribed oral anticoagulant therapy: a systematic review and meta-analysis. CMAJ. 2008 Jul 29;179(3):235-44. doi: 10.1503/cmaj.080171.",research/searches/A1/clinicaltrials/ctgov_a1_designpilot_20260710/page_001.json,18663203,REC-PUBMED-18663203,,,,,,https://pubmed.ncbi.nlm.nih.gov/18663203/,,false,context_only_no_linkage_decision
LINK-CTGOV-NCT00990158-PMID-19738137,manual_background_reference,BACKGROUND,NCT00990158,REC-CTGOV-NCT00990158,A1,ctgov_a1_designpilot_20260710,Does Low Dose Oral Vitamin K Improve International Normalized Ratio (INR) Stability?,A Multicentre Study of Low Dose Oral Vitamin K for INR Control in Patients Receiving Warfarin,COMPLETED,INTERVENTIONAL,PHASE3,235,Coagulation|Bleeding|Thrombosis,DRUG:Phytonadione (Vitamin K1)|DRUG:Placebo,St. Joseph's Healthcare Hamilton,https://clinicaltrials.gov/study/NCT00990158,"de Assis MC, Rabelo ER, Avila CW, Polanczyk CA, Rohde LE. Improved oral anticoagulation after a dietary vitamin k-guided strategy: a randomized controlled trial. Circulation. 2009 Sep 22;120(12):1115-22, 3 p following 1122. doi: 10.1161/CIRCULATIONAHA.109.849208. Epub 2009 Sep 8.",research/searches/A1/clinicaltrials/ctgov_a1_designpilot_20260710/page_001.json,19738137,REC-PUBMED-19738137,,,,,,https://pubmed.ncbi.nlm.nih.gov/19738137/,,false,context_only_no_linkage_decision
LINK-CTGOV-NCT00990158-PMID-27346552,high_derived_reference,DERIVED,NCT00990158,REC-CTGOV-NCT00990158,A1,ctgov_a1_designpilot_20260710,Does Low Dose Oral Vitamin K Improve International Normalized Ratio (INR) Stability?,A Multicentre Study of Low Dose Oral Vitamin K for INR Control in Patients Receiving Warfarin,COMPLETED,INTERVENTIONAL,PHASE3,235,Coagulation|Bleeding|Thrombosis,DRUG:Phytonadione (Vitamin K1)|DRUG:Placebo,St. Joseph's Healthcare Hamilton,https://clinicaltrials.gov/study/NCT00990158,"Boonyawat K, Wang L, Lazo-Langner A, Kovacs MJ, Yeo E, Schnurr T, Schulman S, Crowther MA. The effect of low-dose oral vitamin K supplementation on INR stability in patients receiving warfarin. A randomised trial. Thromb Haemost. 2016 Aug 30;116(3):480-5. doi: 10.1160/TH16-04-0320. Epub 2016 Jun 23.",research/searches/A1/clinicaltrials/ctgov_a1_designpilot_20260710/page_001.json,27346552,REC-PUBMED-27346552,The effect of low-dose oral vitamin K supplementation on INR stability in patients receiving warfarin. A randomised trial.,Boonyawat K,2016,Thrombosis and haemostasis,10.1160/th16-04-0320,https://pubmed.ncbi.nlm.nih.gov/27346552/,research/searches/A1/pubmed/pubmed_a1_designpilot_20260710/efetch_026.xml,true,context_only_no_linkage_decision
LINK-CTGOV-NCT00990158-PMID-8470047,manual_background_reference,BACKGROUND,NCT00990158,REC-CTGOV-NCT00990158,A1,ctgov_a1_designpilot_20260710,Does Low Dose Oral Vitamin K Improve International Normalized Ratio (INR) Stability?,A Multicentre Study of Low Dose Oral Vitamin K for INR Control in Patients Receiving Warfarin,COMPLETED,INTERVENTIONAL,PHASE3,235,Coagulation|Bleeding|Thrombosis,DRUG:Phytonadione (Vitamin K1)|DRUG:Placebo,St. Joseph's Healthcare Hamilton,https://clinicaltrials.gov/study/NCT00990158,"Rosendaal FR, Cannegieter SC, van der Meer FJ, Briet E. A method to determine the optimal intensity of oral anticoagulant therapy. Thromb Haemost. 1993 Mar 1;69(3):236-9.",research/searches/A1/clinicaltrials/ctgov_a1_designpilot_20260710/page_001.json,8470047,REC-PUBMED-8470047,,,,,,https://pubmed.ncbi.nlm.nih.gov/8470047/,,false,context_only_no_linkage_decision
LINK-CTGOV-NCT00990158-PMID-9066002,manual_background_reference,BACKGROUND,NCT00990158,REC-CTGOV-NCT00990158,A1,ctgov_a1_designpilot_20260710,Does Low Dose Oral Vitamin K Improve International Normalized Ratio (INR) Stability?,A Multicentre Study of Low Dose Oral Vitamin K for INR Control in Patients Receiving Warfarin,COMPLETED,INTERVENTIONAL,PHASE3,235,Coagulation|Bleeding|Thrombosis,DRUG:Phytonadione (Vitamin K1)|DRUG:Placebo,St. Joseph's Healthcare Hamilton,https://clinicaltrials.gov/study/NCT00990158,"Booth SL, Charnley JM, Sadowski JA, Saltzman E, Bovill EG, Cushman M. Dietary vitamin K1 and stability of oral anticoagulation: proposal of a diet with constant vitamin K1 content. Thromb Haemost. 1997 Mar;77(3):504-9.",research/searches/A1/clinicaltrials/ctgov_a1_designpilot_20260710/page_001.json,9066002,REC-PUBMED-9066002,Dietary vitamin K1 and stability of oral anticoagulation: proposal of a diet with constant vitamin K1 content.,Booth SL,1997,Thrombosis and haemostasis,,https://pubmed.ncbi.nlm.nih.gov/9066002/,research/searches/A1/pubmed/pubmed_a1_designpilot_20260710/efetch_004.xml,true,context_only_no_linkage_decision
LINK-CTGOV-NCT00990158-PMID-9657434,manual_background_reference,BACKGROUND,NCT00990158,REC-CTGOV-NCT00990158,A1,ctgov_a1_designpilot_20260710,Does Low Dose Oral Vitamin K Improve International Normalized Ratio (INR) Stability?,A Multicentre Study of Low Dose Oral Vitamin K for INR Control in Patients Receiving Warfarin,COMPLETED,INTERVENTIONAL,PHASE3,235,Coagulation|Bleeding|Thrombosis,DRUG:Phytonadione (Vitamin K1)|DRUG:Placebo,St. Joseph's Healthcare Hamilton,https://clinicaltrials.gov/study/NCT00990158,"Crowther MA, Donovan D, Harrison L, McGinnis J, Ginsberg J. Low-dose oral vitamin K reliably reverses over-anticoagulation due to warfarin. Thromb Haemost. 1998 Jun;79(6):1116-8.",research/searches/A1/clinicaltrials/ctgov_a1_designpilot_20260710/page_001.json,9657434,REC-PUBMED-9657434,Low-dose oral vitamin K reliably reverses over-anticoagulation due to warfarin.,Crowther MA,1998,Thrombosis and haemostasis,,https://pubmed.ncbi.nlm.nih.gov/9657434/,research/searches/A1/pubmed/pubmed_a1_designpilot_20260710/efetch_004.xml,true,context_only_no_linkage_decision
LINK-CTGOV-NCT01006733-PMID-19874474,manual_background_reference,BACKGROUND,NCT01006733,REC-CTGOV-NCT01006733,A1,ctgov_a1_designpilot_20260710,Genetics Informatics Trial (GIFT) of Warfarin to Prevent DVT,Genetics Informatics Trial (GIFT) of Warfarin to Prevent Deep Venous Thrombosis (DVT),COMPLETED,INTERVENTIONAL,PHASE3,1598,Thromboembolism,GENETIC:Pharmacogenetic|DRUG:Target INR 1.8,Washington University School of Medicine,https://clinicaltrials.gov/study/NCT01006733,"Ferder NS, Eby CS, Deych E, Harris JK, Ridker PM, Milligan PE, Goldhaber SZ, King CR, Giri T, McLeod HL, Glynn RJ, Gage BF. Ability of VKORC1 and CYP2C9 to predict therapeutic warfarin dose during the initial weeks of therapy. J Thromb Haemost. 2010 Jan;8(1):95-100. doi: 10.1111/j.1538-7836.2009.03677.x. Epub 2009 Oct 30.",research/searches/A1/clinicaltrials/ctgov_a1_designpilot_20260710/page_001.json,19874474,REC-PUBMED-19874474,,,,,,https://pubmed.ncbi.nlm.nih.gov/19874474/,,false,context_only_no_linkage_decision
LINK-CTGOV-NCT01006733-PMID-20375999,manual_background_reference,BACKGROUND,NCT01006733,REC-CTGOV-NCT01006733,A1,ctgov_a1_designpilot_20260710,Genetics Informatics Trial (GIFT) of Warfarin to Prevent DVT,Genetics Informatics Trial (GIFT) of Warfarin to Prevent Deep Venous Thrombosis (DVT),COMPLETED,INTERVENTIONAL,PHASE3,1598,Thromboembolism,GENETIC:Pharmacogenetic|DRUG:Target INR 1.8,Washington University School of Medicine,https://clinicaltrials.gov/study/NCT01006733,"Lenzini P, Wadelius M, Kimmel S, Anderson JL, Jorgensen AL, Pirmohamed M, Caldwell MD, Limdi N, Burmester JK, Dowd MB, Angchaisuksiri P, Bass AR, Chen J, Eriksson N, Rane A, Lindh JD, Carlquist JF, Horne BD, Grice G, Milligan PE, Eby C, Shin J, Kim H, Kurnik D, Stein CM, McMillin G, Pendleton RC, Berg RL, Deloukas P, Gage BF. Integration of genetic, clinical, and INR data to refine warfarin dosing. Clin Pharmacol Ther. 2010 May;87(5):572-8. doi: 10.1038/clpt.2010.13. Epub 2010 Apr 7.",research/searches/A1/clinicaltrials/ctgov_a1_designpilot_20260710/page_001.json,20375999,REC-PUBMED-20375999,"Integration of genetic, clinical, and INR data to refine warfarin dosing.",Lenzini P,2010,Clinical pharmacology and therapeutics,10.1038/clpt.2010.13,https://pubmed.ncbi.nlm.nih.gov/20375999/,research/searches/A1/pubmed/pubmed_a1_designpilot_20260710/efetch_041.xml,true,context_only_no_linkage_decision
LINK-CTGOV-NCT01006733-PMID-20694283,manual_background_reference,BACKGROUND,NCT01006733,REC-CTGOV-NCT01006733,A1,ctgov_a1_designpilot_20260710,Genetics Informatics Trial (GIFT) of Warfarin to Prevent DVT,Genetics Informatics Trial (GIFT) of Warfarin to Prevent Deep Venous Thrombosis (DVT),COMPLETED,INTERVENTIONAL,PHASE3,1598,Thromboembolism,GENETIC:Pharmacogenetic|DRUG:Target INR 1.8,Washington University School of Medicine,https://clinicaltrials.gov/study/NCT01006733,"King CR, Deych E, Milligan P, Eby C, Lenzini P, Grice G, Porche-Sorbet RM, Ridker PM, Gage BF. Gamma-glutamyl carboxylase and its influence on warfarin dose. Thromb Haemost. 2010 Oct;104(4):750-4. doi: 10.1160/TH09-11-0763. Epub 2010 Aug 5.",research/searches/A1/clinicaltrials/ctgov_a1_designpilot_20260710/page_001.json,20694283,REC-PUBMED-20694283,Gamma-glutamyl carboxylase and its influence on warfarin dose.,King CR,2010,Thrombosis and haemostasis,10.1160/th09-11-0763,https://pubmed.ncbi.nlm.nih.gov/20694283/,research/searches/A1/pubmed/pubmed_a1_designpilot_20260710/efetch_041.xml,true,context_only_no_linkage_decision
LINK-CTGOV-NCT01006733-PMID-21272753,manual_background_reference,BACKGROUND,NCT01006733,REC-CTGOV-NCT01006733,A1,ctgov_a1_designpilot_20260710,Genetics Informatics Trial (GIFT) of Warfarin to Prevent DVT,Genetics Informatics Trial (GIFT) of Warfarin to Prevent Deep Venous Thrombosis (DVT),COMPLETED,INTERVENTIONAL,PHASE3,1598,Thromboembolism,GENETIC:Pharmacogenetic|DRUG:Target INR 1.8,Washington University School of Medicine,https://clinicaltrials.gov/study/NCT01006733,"Finkelman BS, Gage BF, Johnson JA, Brensinger CM, Kimmel SE. Genetic warfarin dosing: tables versus algorithms. J Am Coll Cardiol. 2011 Feb 1;57(5):612-8. doi: 10.1016/j.jacc.2010.08.643.",research/searches/A1/clinicaltrials/ctgov_a1_designpilot_20260710/page_001.json,21272753,REC-PUBMED-21272753,,,,,,https://pubmed.ncbi.nlm.nih.gov/21272753/,,false,context_only_no_linkage_decision
LINK-CTGOV-NCT01006733-PMID-21606949,manual_background_reference,BACKGROUND,NCT01006733,REC-CTGOV-NCT01006733,A1,ctgov_a1_designpilot_20260710,Genetics Informatics Trial (GIFT) of Warfarin to Prevent DVT,Genetics Informatics Trial (GIFT) of Warfarin to Prevent Deep Venous Thrombosis (DVT),COMPLETED,INTERVENTIONAL,PHASE3,1598,Thromboembolism,GENETIC:Pharmacogenetic|DRUG:Target INR 1.8,Washington University School of Medicine,https://clinicaltrials.gov/study/NCT01006733,"Do EJ, Lenzini P, Eby CS, Bass AR, McMillin GA, Stevens SM, Woller SC, Pendleton RC, Anderson JL, Proctor P, Nunley RM, Davila-Roman V, Gage BF. Genetics informatics trial (GIFT) of warfarin to prevent deep vein thrombosis (DVT): rationale and study design. Pharmacogenomics J. 2012 Oct;12(5):417-24. doi: 10.1038/tpj.2011.18. Epub 2011 May 24.",research/searches/A1/clinicaltrials/ctgov_a1_designpilot_20260710/page_001.json,21606949,REC-PUBMED-21606949,,,,,,https://pubmed.ncbi.nlm.nih.gov/21606949/,,false,context_only_no_linkage_decision
LINK-CTGOV-NCT01006733-PMID-21900891,manual_background_reference,BACKGROUND,NCT01006733,REC-CTGOV-NCT01006733,A1,ctgov_a1_designpilot_20260710,Genetics Informatics Trial (GIFT) of Warfarin to Prevent DVT,Genetics Informatics Trial (GIFT) of Warfarin to Prevent Deep Venous Thrombosis (DVT),COMPLETED,INTERVENTIONAL,PHASE3,1598,Thromboembolism,GENETIC:Pharmacogenetic|DRUG:Target INR 1.8,Washington University School of Medicine,https://clinicaltrials.gov/study/NCT01006733,"Johnson JA, Gong L, Whirl-Carrillo M, Gage BF, Scott SA, Stein CM, Anderson JL, Kimmel SE, Lee MT, Pirmohamed M, Wadelius M, Klein TE, Altman RB; Clinical Pharmacogenetics Implementation Consortium. Clinical Pharmacogenetics Implementation Consortium Guidelines for CYP2C9 and VKORC1 genotypes and warfarin dosing. Clin Pharmacol Ther. 2011 Oct;90(4):625-9. doi: 10.1038/clpt.2011.185. Epub 2011 Sep 7.",research/searches/A1/clinicaltrials/ctgov_a1_designpilot_20260710/page_001.json,21900891,REC-PUBMED-21900891,Clinical Pharmacogenetics Implementation Consortium Guidelines for CYP2C9 and VKORC1 genotypes and warfarin dosing.,Johnson JA,2011,Clinical pharmacology and therapeutics,10.1038/clpt.2011.185,https://pubmed.ncbi.nlm.nih.gov/21900891/,research/searches/A1/pubmed/pubmed_a1_designpilot_20260710/efetch_039.xml,true,context_only_no_linkage_decision
LINK-CTGOV-NCT01006733-PMID-22186998,manual_background_reference,BACKGROUND,NCT01006733,REC-CTGOV-NCT01006733,A1,ctgov_a1_designpilot_20260710,Genetics Informatics Trial (GIFT) of Warfarin to Prevent DVT,Genetics Informatics Trial (GIFT) of Warfarin to Prevent Deep Venous Thrombosis (DVT),COMPLETED,INTERVENTIONAL,PHASE3,1598,Thromboembolism,GENETIC:Pharmacogenetic|DRUG:Target INR 1.8,Washington University School of Medicine,https://clinicaltrials.gov/study/NCT01006733,"Horne BD, Lenzini PA, Wadelius M, Jorgensen AL, Kimmel SE, Ridker PM, Eriksson N, Anderson JL, Pirmohamed M, Limdi NA, Pendleton RC, McMillin GA, Burmester JK, Kurnik D, Stein CM, Caldwell MD, Eby CS, Rane A, Lindh JD, Shin JG, Kim HS, Angchaisuksiri P, Glynn RJ, Kronquist KE, Carlquist JF, Grice GR, Barrack RL, Li J, Gage BF. Pharmacogenetic warfarin dose refinements remain significantly influenced by genetic factors after one week of therapy. Thromb Haemost. 2012 Feb;107(2):232-40. doi: 10.1160/TH11-06-0388. Epub 2011 Dec 21.",research/searches/A1/clinicaltrials/ctgov_a1_designpilot_20260710/page_001.json,22186998,REC-PUBMED-22186998,,,,,,https://pubmed.ncbi.nlm.nih.gov/22186998/,,false,context_only_no_linkage_decision
LINK-CTGOV-NCT01006733-PMID-25521356,manual_background_reference,BACKGROUND,NCT01006733,REC-CTGOV-NCT01006733,A1,ctgov_a1_designpilot_20260710,Genetics Informatics Trial (GIFT) of Warfarin to Prevent DVT,Genetics Informatics Trial (GIFT) of Warfarin to Prevent Deep Venous Thrombosis (DVT),COMPLETED,INTERVENTIONAL,PHASE3,1598,Thromboembolism,GENETIC:Pharmacogenetic|DRUG:Target INR 1.8,Washington University School of Medicine,https://clinicaltrials.gov/study/NCT01006733,"Kawai VK, Cunningham A, Vear SI, Van Driest SL, Oginni A, Xu H, Jiang M, Li C, Denny JC, Shaffer C, Bowton E, Gage BF, Ray WA, Roden DM, Stein CM. Genotype and risk of major bleeding during warfarin treatment. Pharmacogenomics. 2014 Dec;15(16):1973-83. doi: 10.2217/pgs.14.153.",research/searches/A1/clinicaltrials/ctgov_a1_designpilot_20260710/page_001.json,25521356,REC-PUBMED-25521356,,,,,,https://pubmed.ncbi.nlm.nih.gov/25521356/,,false,context_only_no_linkage_decision
LINK-CTGOV-NCT01006733-PMID-26156715,manual_background_reference,BACKGROUND,NCT01006733,REC-CTGOV-NCT01006733,A1,ctgov_a1_designpilot_20260710,Genetics Informatics Trial (GIFT) of Warfarin to Prevent DVT,Genetics Informatics Trial (GIFT) of Warfarin to Prevent Deep Venous Thrombosis (DVT),COMPLETED,INTERVENTIONAL,PHASE3,1598,Thromboembolism,GENETIC:Pharmacogenetic|DRUG:Target INR 1.8,Washington University School of Medicine,https://clinicaltrials.gov/study/NCT01006733,"Bass AR, Rodriguez T, Hyun G, Santiago FG, Kim JI, Woller SC, Gage BF. Myocardial ischaemia after hip and knee arthroplasty: incidence and risk factors. Int Orthop. 2015 Oct;39(10):2011-6. doi: 10.1007/s00264-015-2853-0. Epub 2015 Jul 9.",research/searches/A1/clinicaltrials/ctgov_a1_designpilot_20260710/page_001.json,26156715,REC-PUBMED-26156715,,,,,,https://pubmed.ncbi.nlm.nih.gov/26156715/,,false,context_only_no_linkage_decision
LINK-CTGOV-NCT01006733-PMID-27443162,manual_background_reference,BACKGROUND,NCT01006733,REC-CTGOV-NCT01006733,A1,ctgov_a1_designpilot_20260710,Genetics Informatics Trial (GIFT) of Warfarin to Prevent DVT,Genetics Informatics Trial (GIFT) of Warfarin to Prevent Deep Venous Thrombosis (DVT),COMPLETED,INTERVENTIONAL,PHASE3,1598,Thromboembolism,GENETIC:Pharmacogenetic|DRUG:Target INR 1.8,Washington University School of Medicine,https://clinicaltrials.gov/study/NCT01006733,"Hyun G, Li J, Bass AR, Mohapatra A, Woller SC, Lin H, Eby C, McMillin GA, Gage BF. Use of signals and systems engineering to improve the safety of warfarin initiation. J Thromb Thrombolysis. 2016 Nov;42(4):529-33. doi: 10.1007/s11239-016-1402-z.",research/searches/A1/clinicaltrials/ctgov_a1_designpilot_20260710/page_001.json,27443162,REC-PUBMED-27443162,,,,,,https://pubmed.ncbi.nlm.nih.gov/27443162/,,false,context_only_no_linkage_decision
LINK-CTGOV-NCT01006733-PMID-28973620,high_derived_reference,DERIVED,NCT01006733,REC-CTGOV-NCT01006733,A1,ctgov_a1_designpilot_20260710,Genetics Informatics Trial (GIFT) of Warfarin to Prevent DVT,Genetics Informatics Trial (GIFT) of Warfarin to Prevent Deep Venous Thrombosis (DVT),COMPLETED,INTERVENTIONAL,PHASE3,1598,Thromboembolism,GENETIC:Pharmacogenetic|DRUG:Target INR 1.8,Washington University School of Medicine,https://clinicaltrials.gov/study/NCT01006733,"Gage BF, Bass AR, Lin H, Woller SC, Stevens SM, Al-Hammadi N, Li J, Rodriguez T Jr, Miller JP, McMillin GA, Pendleton RC, Jaffer AK, King CR, Whipple BD, Porche-Sorbet R, Napoli L, Merritt K, Thompson AM, Hyun G, Anderson JL, Hollomon W, Barrack RL, Nunley RM, Moskowitz G, Davila-Roman V, Eby CS. Effect of Genotype-Guided Warfarin Dosing on Clinical Events and Anticoagulation Control Among Patients Undergoing Hip or Knee Arthroplasty: The GIFT Randomized Clinical Trial. JAMA. 2017 Sep 26;318(12):1115-1124. doi: 10.1001/jama.2017.11469.",research/searches/A1/clinicaltrials/ctgov_a1_designpilot_20260710/page_001.json,28973620,REC-PUBMED-28973620,,,,,,https://pubmed.ncbi.nlm.nih.gov/28973620/,,false,context_only_no_linkage_decision
LINK-CTGOV-NCT01006733-PMID-31479138,high_derived_reference,DERIVED,NCT01006733,REC-CTGOV-NCT01006733,A1,ctgov_a1_designpilot_20260710,Genetics Informatics Trial (GIFT) of Warfarin to Prevent DVT,Genetics Informatics Trial (GIFT) of Warfarin to Prevent Deep Venous Thrombosis (DVT),COMPLETED,INTERVENTIONAL,PHASE3,1598,Thromboembolism,GENETIC:Pharmacogenetic|DRUG:Target INR 1.8,Washington University School of Medicine,https://clinicaltrials.gov/study/NCT01006733,"Gage BF, Bass AR, Lin H, Woller SC, Stevens SM, Al-Hammadi N, Anderson JL, Li J, Rodriguez T Jr, Miller JP, McMillin GA, Pendleton RC, Jaffer AK, King CR, Whipple B, Porche-Sorbet R, Napoli L, Merritt K, Thompson AM, Hyun G, Hollomon W, Barrack RL, Nunley RM, Moskowitz G, Davila-Roman V, Eby CS. Effect of Low-Intensity vs Standard-Intensity Warfarin Prophylaxis on Venous Thromboembolism or Death Among Patients Undergoing Hip or Knee Arthroplasty: A Randomized Clinical Trial. JAMA. 2019 Sep 3;322(9):834-842. doi: 10.1001/jama.2019.12085.",research/searches/A1/clinicaltrials/ctgov_a1_designpilot_20260710/page_001.json,31479138,REC-PUBMED-31479138,,,,,,https://pubmed.ncbi.nlm.nih.gov/31479138/,,false,context_only_no_linkage_decision
LINK-CTGOV-NCT01034124-PMID-19114462,critical_result_reference,RESULT,NCT01034124,REC-CTGOV-NCT01034124,A1,ctgov_a1_designpilot_20260710,Mechanisms Underlying Drug-Diet Interactions,Mechanisms Underlying Drug-Diet Interactions,COMPLETED,INTERVENTIONAL,NA,19,Pharmacokinetics,"DRUG:warfarin, vitamin K, midazolam","University of North Carolina, Chapel Hill",https://clinicaltrials.gov/study/NCT01034124,"Ngo N, Yan Z, Graf TN, Carrizosa DR, Kashuba AD, Dees EC, Oberlies NH, Paine MF. Identification of a cranberry juice product that inhibits enteric CYP3A-mediated first-pass metabolism in humans. Drug Metab Dispos. 2009 Mar;37(3):514-22. doi: 10.1124/dmd.108.024968. Epub 2008 Dec 29.",research/searches/A1/clinicaltrials/ctgov_a1_designpilot_20260710/page_001.json,19114462,REC-PUBMED-19114462,,,,,,https://pubmed.ncbi.nlm.nih.gov/19114462/,,false,context_only_no_linkage_decision
LINK-CTGOV-NCT01130025-PMID-23764005,high_derived_reference,DERIVED,NCT01130025,REC-CTGOV-NCT01130025,A1,ctgov_a1_designpilot_20260710,Long-Term Innohep® Treatment Versus a Vitamin K Antagonist (Warfarin) for the Treatment of Venous Thromboembolism (VTE) in Cancer,Efficacy and Safety of Long-Term (6 Months) Innohep® Treatment Versus Anticoagulation With a Vitamin K Antagonist (Warfarin) for the Treatment of Acute Venous Thromboembolism in Cancer Patients / IN 0901 INT,COMPLETED,INTERVENTIONAL,PHASE3,900,Venous Thromboembolism,DRUG:Warfarin|DRUG:Innohep®,LEO Pharma,https://clinicaltrials.gov/study/NCT01130025,"Lee AY, Bauersachs R, Janas MS, Jarner MF, Kamphuisen PW, Meyer G, Khorana AA; CATCH Investigators. CATCH: a randomised clinical trial comparing long-term tinzaparin versus warfarin for treatment of acute venous thromboembolism in cancer patients. BMC Cancer. 2013 Jun 13;13:284. doi: 10.1186/1471-2407-13-284.",research/searches/A1/clinicaltrials/ctgov_a1_designpilot_20260710/page_001.json,23764005,REC-PUBMED-23764005,,,,,,https://pubmed.ncbi.nlm.nih.gov/23764005/,,false,context_only_no_linkage_decision
LINK-CTGOV-NCT01130025-PMID-26284719,high_derived_reference,DERIVED,NCT01130025,REC-CTGOV-NCT01130025,A1,ctgov_a1_designpilot_20260710,Long-Term Innohep® Treatment Versus a Vitamin K Antagonist (Warfarin) for the Treatment of Venous Thromboembolism (VTE) in Cancer,Efficacy and Safety of Long-Term (6 Months) Innohep® Treatment Versus Anticoagulation With a Vitamin K Antagonist (Warfarin) for the Treatment of Acute Venous Thromboembolism in Cancer Patients / IN 0901 INT,COMPLETED,INTERVENTIONAL,PHASE3,900,Venous Thromboembolism,DRUG:Warfarin|DRUG:Innohep®,LEO Pharma,https://clinicaltrials.gov/study/NCT01130025,"Lee AYY, Kamphuisen PW, Meyer G, Bauersachs R, Janas MS, Jarner MF, Khorana AA; CATCH Investigators. Tinzaparin vs Warfarin for Treatment of Acute Venous Thromboembolism in Patients With Active Cancer: A Randomized Clinical Trial. JAMA. 2015 Aug 18;314(7):677-686. doi: 10.1001/jama.2015.9243.",research/searches/A1/clinicaltrials/ctgov_a1_designpilot_20260710/page_001.json,26284719,REC-PUBMED-26284719,,,,,,https://pubmed.ncbi.nlm.nih.gov/26284719/,,false,context_only_no_linkage_decision
LINK-CTGOV-NCT01130025-PMID-29618162,high_derived_reference,DERIVED,NCT01130025,REC-CTGOV-NCT01130025,A1,ctgov_a1_designpilot_20260710,Long-Term Innohep® Treatment Versus a Vitamin K Antagonist (Warfarin) for the Treatment of Venous Thromboembolism (VTE) in Cancer,Efficacy and Safety of Long-Term (6 Months) Innohep® Treatment Versus Anticoagulation With a Vitamin K Antagonist (Warfarin) for the Treatment of Acute Venous Thromboembolism in Cancer Patients / IN 0901 INT,COMPLETED,INTERVENTIONAL,PHASE3,900,Venous Thromboembolism,DRUG:Warfarin|DRUG:Innohep®,LEO Pharma,https://clinicaltrials.gov/study/NCT01130025,"Bauersachs R, Lee AYY, Kamphuisen PW, Meyer G, Janas MS, Jarner MF, Khorana AA; CATCH Investigators. Renal Impairment, Recurrent Venous Thromboembolism and Bleeding in Cancer Patients with Acute Venous Thromboembolism-Analysis of the CATCH Study. Thromb Haemost. 2018 May;118(5):914-921. doi: 10.1055/s-0038-1641150. Epub 2018 Apr 4.",research/searches/A1/clinicaltrials/ctgov_a1_designpilot_20260710/page_001.json,29618162,REC-PUBMED-29618162,,,,,,https://pubmed.ncbi.nlm.nih.gov/29618162/,,false,context_only_no_linkage_decision
LINK-CTGOV-NCT01130025-PMID-34878173,high_derived_reference,DERIVED,NCT01130025,REC-CTGOV-NCT01130025,A1,ctgov_a1_designpilot_20260710,Long-Term Innohep® Treatment Versus a Vitamin K Antagonist (Warfarin) for the Treatment of Venous Thromboembolism (VTE) in Cancer,Efficacy and Safety of Long-Term (6 Months) Innohep® Treatment Versus Anticoagulation With a Vitamin K Antagonist (Warfarin) for the Treatment of Acute Venous Thromboembolism in Cancer Patients / IN 0901 INT,COMPLETED,INTERVENTIONAL,PHASE3,900,Venous Thromboembolism,DRUG:Warfarin|DRUG:Innohep®,LEO Pharma,https://clinicaltrials.gov/study/NCT01130025,"Kahale LA, Matar CF, Hakoum MB, Tsolakian IG, Yosuico VE, Terrenato I, Sperati F, Barba M, Schunemann H, Akl EA. Anticoagulation for the initial treatment of venous thromboembolism in people with cancer. Cochrane Database Syst Rev. 2021 Dec 8;12(12):CD006649. doi: 10.1002/14651858.CD006649.pub8.",research/searches/A1/clinicaltrials/ctgov_a1_designpilot_20260710/page_001.json,34878173,REC-PUBMED-34878173,,,,,,https://pubmed.ncbi.nlm.nih.gov/34878173/,,false,context_only_no_linkage_decision
LINK-CTGOV-NCT01175330-PMID-25027101,critical_result_reference,RESULT,NCT01175330,REC-CTGOV-NCT01175330,A2,ctgov_a2_designpilot_20260710,Omega 3 Fatty Acid Efficiency for Prevention of Atrial Fibrillation After Coronary Artery Bypass Grafting,Randomized Trial of Fish Oil Infusion to Prevent Atrial Fibrillation After Cardiac Surgery,TERMINATED,INTERVENTIONAL,PHASE3,39,Ischemic Heart Disease|Atrial Fibrillation,DRUG:Omega-3 fish oil emulsion (Omegaven)|DRUG:Intralipid,Meshalkin Research Institute of Pathology of Circulation,https://clinicaltrials.gov/study/NCT01175330,"Lomivorotov VV, Efremov SM, Pokushalov EA, Romanov AB, Ponomarev DN, Cherniavsky AM, Shilova AN, Karaskov AM, Lomivorotov VN. Randomized trial of fish oil infusion to prevent atrial fibrillation after cardiac surgery: data from an implantable continuous cardiac monitor. J Cardiothorac Vasc Anesth. 2014 Oct;28(5):1278-84. doi: 10.1053/j.jvca.2014.02.019. Epub 2014 Jul 11.",research/searches/A2/clinicaltrials/ctgov_a2_designpilot_20260710/page_001.json,25027101,REC-PUBMED-25027101,,,,,,https://pubmed.ncbi.nlm.nih.gov/25027101/,,false,context_only_no_linkage_decision
LINK-CTGOV-NCT01198275-PMID-21844082,high_derived_reference,DERIVED,NCT01198275,REC-CTGOV-NCT01198275,A2,ctgov_a2_designpilot_20260710,n-3 Polyunsaturated Fatty Acids (PUFAs) in the Prevention of Atrial Fibrillation,N-3 Polyunsaturated Fatty Acids (n-3 PUFAs) in the Prevention of Atrial Fibrillation Recurrences After Electrical Cardioversion. A Prospective Randomized Study.,COMPLETED,INTERVENTIONAL,PHASE3,199,Atrial Fibrillation,DRUG:n-3 PUFAs|DRUG:Placebo|DRUG:RASS inhibitors and/or RAS blockers|DRUG:Amiodarone,Azienda Socio Sanitaria Territoriale degli Spedali Civili di Brescia,https://clinicaltrials.gov/study/NCT01198275,"Nodari S, Triggiani M, Campia U, Manerba A, Milesi G, Cesana BM, Gheorghiade M, Dei Cas L. n-3 polyunsaturated fatty acids in the prevention of atrial fibrillation recurrences after electrical cardioversion: a prospective, randomized study. Circulation. 2011 Sep 6;124(10):1100-6. doi: 10.1161/CIRCULATIONAHA.111.022194. Epub 2011 Aug 15.",research/searches/A2/clinicaltrials/ctgov_a2_designpilot_20260710/page_001.json,21844082,REC-PUBMED-21844082,,,,,,https://pubmed.ncbi.nlm.nih.gov/21844082/,,false,context_only_no_linkage_decision
LINK-CTGOV-NCT01235130-PMID-25277614,high_derived_reference,DERIVED,NCT01235130,REC-CTGOV-NCT01235130,A2,ctgov_a2_designpilot_20260710,Multi_center Study to Evaluate the Effect of N-3 Fatty Acids (OMEGA-3) on Arrhythmia Recurrence in Atrial Fibrillation,"Phase 3 A Randomized, Double-blind, Placebo-controlled, Multi-center Study to Evaluate the Effect of Long-chain N-3 Polyunsaturated Fatty Acids (OMEGA-3) on Arrhythmia Recurrence in Atrial Fibrillation",COMPLETED,INTERVENTIONAL,PHASE3,337,Atrial Fibrillation,DRUG:OMEGA-3|DRUG:Placebo soybean oil,Montreal Heart Institute,https://clinicaltrials.gov/study/NCT01235130,"Nigam A, Talajic M, Roy D, Nattel S, Lambert J, Nozza A, Jones P, Ramprasath VR, O'Hara G, Kopecky S, Brophy JM, Tardif JC; AFFORD Investigators. Fish oil for the reduction of atrial fibrillation recurrence, inflammation, and oxidative stress. J Am Coll Cardiol. 2014 Oct 7;64(14):1441-8. doi: 10.1016/j.jacc.2014.07.956.",research/searches/A2/clinicaltrials/ctgov_a2_designpilot_20260710/page_001.json,25277614,REC-PUBMED-25277614,,,,,,https://pubmed.ncbi.nlm.nih.gov/25277614/,,false,context_only_no_linkage_decision
LINK-CTGOV-NCT01285661-PMID-28407492,high_derived_reference,DERIVED,NCT01285661,REC-CTGOV-NCT01285661,A1,ctgov_a1_designpilot_20260710,Optimal Duration of Anticoagulation in Deep Venous Thrombosis,Identification of the Optimal Duration of Anticoagulation in Patients With Deep Venous Thrombosis of the Lower Extremities With the Use of Residual Vein Thrombosis in Combination With D-Dimer,COMPLETED,INTERVENTIONAL,PHASE3,584,Deep Vein Thrombosis of Lower Limb|Lower Extremity Deep Venous Thrombosis Recurrent,DRUG:Sodium warfarin,University of Padova,https://clinicaltrials.gov/study/NCT01285661,"Prandoni P, Vedovetto V, Ciammaichella M, Bucherini E, Corradini S, Enea I, Cosmi B, Mumoli N, Visona A, Barillari G, Bova C, Quintavalla R, Zanatta N, Pedrini S, Villalta S, Camporese G, Testa S, Parisi R, Becattini C, Cuppini S, Pengo V, Palareti G; Morgagni Investigators. Residual vein thrombosis and serial D-dimer for the long-term management of patients with deep venous thrombosis. Thromb Res. 2017 Jun;154:35-41. doi: 10.1016/j.thromres.2017.04.002. Epub 2017 Apr 4.",research/searches/A1/clinicaltrials/ctgov_a1_designpilot_20260710/page_001.json,28407492,REC-PUBMED-28407492,,,,,,https://pubmed.ncbi.nlm.nih.gov/28407492/,,false,context_only_no_linkage_decision
LINK-CTGOV-NCT01348074-PMID-18205763,manual_background_reference,BACKGROUND,NCT01348074,REC-CTGOV-NCT01348074,A1,ctgov_a1_designpilot_20260710,Reinitiation of Anticoagulation After Temporary Withdrawal of Vitamin K Antagonist,Phase II Study of Double Versus Single Reinitiation Dose of Warfarin After Interruption for Surgery,COMPLETED,INTERVENTIONAL,PHASE2,104,Atrial Fibrillation|Venous Thromboembolism|Heart Valve Disease|Surgery,DRUG:Double dose,McMaster University,https://clinicaltrials.gov/study/NCT01348074,"Schulman S, El Bouazzaoui B, Eikelboom JW, Zondag M. Clinical factors influencing the sensitivity to warfarin when restarted after surgery. J Intern Med. 2008 Apr;263(4):412-9. doi: 10.1111/j.1365-2796.2007.01913.x. Epub 2008 Jan 16.",research/searches/A1/clinicaltrials/ctgov_a1_designpilot_20260710/page_001.json,18205763,REC-PUBMED-18205763,Clinical factors influencing the sensitivity to warfarin when restarted after surgery.,Schulman S,2008,Journal of internal medicine,10.1111/j.1365-2796.2007.01913.x,https://pubmed.ncbi.nlm.nih.gov/18205763/,research/searches/A1/pubmed/pubmed_a1_designpilot_20260710/efetch_008.xml,true,context_only_no_linkage_decision
LINK-CTGOV-NCT01348074-PMID-24837794,critical_result_reference,RESULT,NCT01348074,REC-CTGOV-NCT01348074,A1,ctgov_a1_designpilot_20260710,Reinitiation of Anticoagulation After Temporary Withdrawal of Vitamin K Antagonist,Phase II Study of Double Versus Single Reinitiation Dose of Warfarin After Interruption for Surgery,COMPLETED,INTERVENTIONAL,PHASE2,104,Atrial Fibrillation|Venous Thromboembolism|Heart Valve Disease|Surgery,DRUG:Double dose,McMaster University,https://clinicaltrials.gov/study/NCT01348074,"Schulman S, Hwang HG, Eikelboom JW, Kearon C, Pai M, Delaney J. Loading dose vs. maintenance dose of warfarin for reinitiation after invasive procedures: a randomized trial. J Thromb Haemost. 2014 Aug;12(8):1254-9. doi: 10.1111/jth.12613. Epub 2014 Jun 25.",research/searches/A1/clinicaltrials/ctgov_a1_designpilot_20260710/page_001.json,24837794,REC-PUBMED-24837794,,,,,,https://pubmed.ncbi.nlm.nih.gov/24837794/,,false,context_only_no_linkage_decision
LINK-CTGOV-NCT01400646-PMID-25475601,high_derived_reference,DERIVED,NCT01400646,REC-CTGOV-NCT01400646,A1,ctgov_a1_designpilot_20260710,A Study to Explore the Pharmacodynamic Changes When Transitioning From Rivaroxaban to Warfarin in Healthy Volunteers,"An Open-Label, Non-Randomized, Sequential Two-Treatment Period Study to Explore the Pharmacodynamic Changes When Transitioning From Rivaroxaban to Warfarin",COMPLETED,INTERVENTIONAL,PHASE1,46,Healthy,DRUG:Rivaroxaban|DRUG:Warfarin|DRUG:Vitamin K|DRUG:Vitamin K|DRUG:Warfarin|DRUG:Warfarin|DRUG:Warfarin,"Janssen Research & Development, LLC",https://clinicaltrials.gov/study/NCT01400646,"Moore KT, Byra W, Vaidyanathan S, Natarajan J, Ariyawansa J, Salih H, Turner KC. Switching from rivaroxaban to warfarin: an open label pharmacodynamic study in healthy subjects. Br J Clin Pharmacol. 2015 Jun;79(6):907-17. doi: 10.1111/bcp.12559.",research/searches/A1/clinicaltrials/ctgov_a1_designpilot_20260710/page_001.json,25475601,REC-PUBMED-25475601,,,,,,https://pubmed.ncbi.nlm.nih.gov/25475601/,,false,context_only_no_linkage_decision
LINK-CTGOV-NCT01507051-PMID-24528331,critical_result_reference,RESULT,NCT01507051,REC-CTGOV-NCT01507051,A1,ctgov_a1_designpilot_20260710,Switching Study From Warfarin to Rivaroxaban,"Randomized, Placebo-controlled, Parallel-group Study in Healthy Male Subjects to Investigate the Pharmacodynamics During the Switching Procedure From Warfarin to Rivaroxaban",COMPLETED,INTERVENTIONAL,PHASE1,96,Venous Thrombosis,"DRUG:Warfarin (Coumadin)|DRUG:Rivaroxaban (Xarelto, BAY59-7939)|DRUG:Placebo|DRUG:Vitamin K (Konakion)",Bayer,https://clinicaltrials.gov/study/NCT01507051,"Kubitza D, Becka M, Muck W, Kratzschmar J. Pharmacodynamics and pharmacokinetics during the transition from warfarin to rivaroxaban: a randomized study in healthy subjects. Br J Clin Pharmacol. 2014 Aug;78(2):353-63. doi: 10.1111/bcp.12349.",research/searches/A1/clinicaltrials/ctgov_a1_designpilot_20260710/page_001.json,24528331,REC-PUBMED-24528331,,,,,,https://pubmed.ncbi.nlm.nih.gov/24528331/,,false,context_only_no_linkage_decision
LINK-CTGOV-NCT01520402-PMID-10073515,manual_background_reference,BACKGROUND,NCT01520402,REC-CTGOV-NCT01520402,A1,ctgov_a1_designpilot_20260710,Genetic Response to Warfarin in Healthy Subjects,Quantitative Pharmacogenomics of the Anticoagulant Response to Warfarin in Healthy Subjects,COMPLETED,INTERVENTIONAL,NA,35,Healthy,DRUG:Warfarin,Icahn School of Medicine at Mount Sinai,https://clinicaltrials.gov/study/NCT01520402,"Aithal GP, Day CP, Kesteven PJ, Daly AK. Association of polymorphisms in the cytochrome P450 CYP2C9 with warfarin dose requirement and risk of bleeding complications. Lancet. 1999 Feb 27;353(9154):717-9. doi: 10.1016/S0140-6736(98)04474-2.",research/searches/A1/clinicaltrials/ctgov_a1_designpilot_20260710/page_001.json,10073515,REC-PUBMED-10073515,,,,,,https://pubmed.ncbi.nlm.nih.gov/10073515/,,false,context_only_no_linkage_decision
LINK-CTGOV-NCT01520402-PMID-12742309,manual_background_reference,BACKGROUND,NCT01520402,REC-CTGOV-NCT01520402,A1,ctgov_a1_designpilot_20260710,Genetic Response to Warfarin in Healthy Subjects,Quantitative Pharmacogenomics of the Anticoagulant Response to Warfarin in Healthy Subjects,COMPLETED,INTERVENTIONAL,NA,35,Healthy,DRUG:Warfarin,Icahn School of Medicine at Mount Sinai,https://clinicaltrials.gov/study/NCT01520402,"Hirsh J, Fuster V, Ansell J, Halperin JL; American Heart Association/American College of Cardiology Foundation. American Heart Association/American College of Cardiology Foundation guide to warfarin therapy. J Am Coll Cardiol. 2003 May 7;41(9):1633-52. doi: 10.1016/s0735-1097(03)00416-9. No abstract available.",research/searches/A1/clinicaltrials/ctgov_a1_designpilot_20260710/page_001.json,12742309,REC-PUBMED-12742309,,,,,,https://pubmed.ncbi.nlm.nih.gov/12742309/,,false,context_only_no_linkage_decision
LINK-CTGOV-NCT01520402-PMID-15358623,manual_background_reference,BACKGROUND,NCT01520402,REC-CTGOV-NCT01520402,A1,ctgov_a1_designpilot_20260710,Genetic Response to Warfarin in Healthy Subjects,Quantitative Pharmacogenomics of the Anticoagulant Response to Warfarin in Healthy Subjects,COMPLETED,INTERVENTIONAL,NA,35,Healthy,DRUG:Warfarin,Icahn School of Medicine at Mount Sinai,https://clinicaltrials.gov/study/NCT01520402,"D'Andrea G, D'Ambrosio RL, Di Perna P, Chetta M, Santacroce R, Brancaccio V, Grandone E, Margaglione M. A polymorphism in the VKORC1 gene is associated with an interindividual variability in the dose-anticoagulant effect of warfarin. Blood. 2005 Jan 15;105(2):645-9. doi: 10.1182/blood-2004-06-2111. Epub 2004 Sep 9.",research/searches/A1/clinicaltrials/ctgov_a1_designpilot_20260710/page_001.json,15358623,REC-PUBMED-15358623,,,,,,https://pubmed.ncbi.nlm.nih.gov/15358623/,,false,context_only_no_linkage_decision
LINK-CTGOV-NCT01520402-PMID-15883587,manual_background_reference,BACKGROUND,NCT01520402,REC-CTGOV-NCT01520402,A1,ctgov_a1_designpilot_20260710,Genetic Response to Warfarin in Healthy Subjects,Quantitative Pharmacogenomics of the Anticoagulant Response to Warfarin in Healthy Subjects,COMPLETED,INTERVENTIONAL,NA,35,Healthy,DRUG:Warfarin,Icahn School of Medicine at Mount Sinai,https://clinicaltrials.gov/study/NCT01520402,"Wadelius M, Chen LY, Downes K, Ghori J, Hunt S, Eriksson N, Wallerman O, Melhus H, Wadelius C, Bentley D, Deloukas P. Common VKORC1 and GGCX polymorphisms associated with warfarin dose. Pharmacogenomics J. 2005;5(4):262-70. doi: 10.1038/sj.tpj.6500313.",research/searches/A1/clinicaltrials/ctgov_a1_designpilot_20260710/page_001.json,15883587,REC-PUBMED-15883587,Common VKORC1 and GGCX polymorphisms associated with warfarin dose.,Wadelius M,2005,The pharmacogenomics journal,10.1038/sj.tpj.6500313,https://pubmed.ncbi.nlm.nih.gov/15883587/,research/searches/A1/pubmed/pubmed_a1_designpilot_20260710/efetch_010.xml,true,context_only_no_linkage_decision
LINK-CTGOV-NCT01520402-PMID-15930419,manual_background_reference,BACKGROUND,NCT01520402,REC-CTGOV-NCT01520402,A1,ctgov_a1_designpilot_20260710,Genetic Response to Warfarin in Healthy Subjects,Quantitative Pharmacogenomics of the Anticoagulant Response to Warfarin in Healthy Subjects,COMPLETED,INTERVENTIONAL,NA,35,Healthy,DRUG:Warfarin,Icahn School of Medicine at Mount Sinai,https://clinicaltrials.gov/study/NCT01520402,"Rieder MJ, Reiner AP, Gage BF, Nickerson DA, Eby CS, McLeod HL, Blough DK, Thummel KE, Veenstra DL, Rettie AE. Effect of VKORC1 haplotypes on transcriptional regulation and warfarin dose. N Engl J Med. 2005 Jun 2;352(22):2285-93. doi: 10.1056/NEJMoa044503.",research/searches/A1/clinicaltrials/ctgov_a1_designpilot_20260710/page_001.json,15930419,REC-PUBMED-15930419,Effect of VKORC1 haplotypes on transcriptional regulation and warfarin dose.,Rieder MJ,2005,The New England journal of medicine,10.1056/nejmoa044503,https://pubmed.ncbi.nlm.nih.gov/15930419/,research/searches/A1/pubmed/pubmed_a1_designpilot_20260710/efetch_010.xml,true,context_only_no_linkage_decision
LINK-CTGOV-NCT01520402-PMID-15947090,manual_background_reference,BACKGROUND,NCT01520402,REC-CTGOV-NCT01520402,A1,ctgov_a1_designpilot_20260710,Genetic Response to Warfarin in Healthy Subjects,Quantitative Pharmacogenomics of the Anticoagulant Response to Warfarin in Healthy Subjects,COMPLETED,INTERVENTIONAL,NA,35,Healthy,DRUG:Warfarin,Icahn School of Medicine at Mount Sinai,https://clinicaltrials.gov/study/NCT01520402,"Sconce EA, Khan TI, Wynne HA, Avery P, Monkhouse L, King BP, Wood P, Kesteven P, Daly AK, Kamali F. The impact of CYP2C9 and VKORC1 genetic polymorphism and patient characteristics upon warfarin dose requirements: proposal for a new dosing regimen. Blood. 2005 Oct 1;106(7):2329-33. doi: 10.1182/blood-2005-03-1108. Epub 2005 Jun 9.",research/searches/A1/clinicaltrials/ctgov_a1_designpilot_20260710/page_001.json,15947090,REC-PUBMED-15947090,,,,,,https://pubmed.ncbi.nlm.nih.gov/15947090/,,false,context_only_no_linkage_decision
LINK-CTGOV-NCT01520402-PMID-16685005,manual_background_reference,BACKGROUND,NCT01520402,REC-CTGOV-NCT01520402,A1,ctgov_a1_designpilot_20260710,Genetic Response to Warfarin in Healthy Subjects,Quantitative Pharmacogenomics of the Anticoagulant Response to Warfarin in Healthy Subjects,COMPLETED,INTERVENTIONAL,NA,35,Healthy,DRUG:Warfarin,Icahn School of Medicine at Mount Sinai,https://clinicaltrials.gov/study/NCT01520402,"van Walraven C, Jennings A, Oake N, Fergusson D, Forster AJ. Effect of study setting on anticoagulation control: a systematic review and metaregression. Chest. 2006 May;129(5):1155-66. doi: 10.1378/chest.129.5.1155.",research/searches/A1/clinicaltrials/ctgov_a1_designpilot_20260710/page_001.json,16685005,REC-PUBMED-16685005,,,,,,https://pubmed.ncbi.nlm.nih.gov/16685005/,,false,context_only_no_linkage_decision
LINK-CTGOV-NCT01520402-PMID-17047216,manual_background_reference,BACKGROUND,NCT01520402,REC-CTGOV-NCT01520402,A1,ctgov_a1_designpilot_20260710,Genetic Response to Warfarin in Healthy Subjects,Quantitative Pharmacogenomics of the Anticoagulant Response to Warfarin in Healthy Subjects,COMPLETED,INTERVENTIONAL,NA,35,Healthy,DRUG:Warfarin,Icahn School of Medicine at Mount Sinai,https://clinicaltrials.gov/study/NCT01520402,"Budnitz DS, Pollock DA, Weidenbach KN, Mendelsohn AB, Schroeder TJ, Annest JL. National surveillance of emergency department visits for outpatient adverse drug events. JAMA. 2006 Oct 18;296(15):1858-66. doi: 10.1001/jama.296.15.1858.",research/searches/A1/clinicaltrials/ctgov_a1_designpilot_20260710/page_001.json,17047216,REC-PUBMED-17047216,,,,,,https://pubmed.ncbi.nlm.nih.gov/17047216/,,false,context_only_no_linkage_decision
LINK-CTGOV-NCT01520402-PMID-17620536,manual_background_reference,BACKGROUND,NCT01520402,REC-CTGOV-NCT01520402,A1,ctgov_a1_designpilot_20260710,Genetic Response to Warfarin in Healthy Subjects,Quantitative Pharmacogenomics of the Anticoagulant Response to Warfarin in Healthy Subjects,COMPLETED,INTERVENTIONAL,NA,35,Healthy,DRUG:Warfarin,Icahn School of Medicine at Mount Sinai,https://clinicaltrials.gov/study/NCT01520402,"Wysowski DK, Nourjah P, Swartz L. Bleeding complications with warfarin use: a prevalent adverse effect resulting in regulatory action. Arch Intern Med. 2007 Jul 9;167(13):1414-9. doi: 10.1001/archinte.167.13.1414.",research/searches/A1/clinicaltrials/ctgov_a1_designpilot_20260710/page_001.json,17620536,REC-PUBMED-17620536,,,,,,https://pubmed.ncbi.nlm.nih.gov/17620536/,,false,context_only_no_linkage_decision
LINK-CTGOV-NCT01520402-PMID-17851566,manual_background_reference,BACKGROUND,NCT01520402,REC-CTGOV-NCT01520402,A1,ctgov_a1_designpilot_20260710,Genetic Response to Warfarin in Healthy Subjects,Quantitative Pharmacogenomics of the Anticoagulant Response to Warfarin in Healthy Subjects,COMPLETED,INTERVENTIONAL,NA,35,Healthy,DRUG:Warfarin,Icahn School of Medicine at Mount Sinai,https://clinicaltrials.gov/study/NCT01520402,"Caraco Y, Blotnick S, Muszkat M. CYP2C9 genotype-guided warfarin prescribing enhances the efficacy and safety of anticoagulation: a prospective randomized controlled study. Clin Pharmacol Ther. 2008 Mar;83(3):460-70. doi: 10.1038/sj.clpt.6100316. Epub 2007 Sep 12.",research/searches/A1/clinicaltrials/ctgov_a1_designpilot_20260710/page_001.json,17851566,REC-PUBMED-17851566,,,,,,https://pubmed.ncbi.nlm.nih.gov/17851566/,,false,context_only_no_linkage_decision
LINK-CTGOV-NCT01520402-PMID-17989110,manual_background_reference,BACKGROUND,NCT01520402,REC-CTGOV-NCT01520402,A1,ctgov_a1_designpilot_20260710,Genetic Response to Warfarin in Healthy Subjects,Quantitative Pharmacogenomics of the Anticoagulant Response to Warfarin in Healthy Subjects,COMPLETED,INTERVENTIONAL,NA,35,Healthy,DRUG:Warfarin,Icahn School of Medicine at Mount Sinai,https://clinicaltrials.gov/study/NCT01520402,"Anderson JL, Horne BD, Stevens SM, Grove AS, Barton S, Nicholas ZP, Kahn SF, May HT, Samuelson KM, Muhlestein JB, Carlquist JF; Couma-Gen Investigators. Randomized trial of genotype-guided versus standard warfarin dosing in patients initiating oral anticoagulation. Circulation. 2007 Nov 27;116(22):2563-70. doi: 10.1161/CIRCULATIONAHA.107.737312. Epub 2007 Nov 7.",research/searches/A1/clinicaltrials/ctgov_a1_designpilot_20260710/page_001.json,17989110,REC-PUBMED-17989110,,,,,,https://pubmed.ncbi.nlm.nih.gov/17989110/,,false,context_only_no_linkage_decision
LINK-CTGOV-NCT01520402-PMID-18240910,manual_background_reference,BACKGROUND,NCT01520402,REC-CTGOV-NCT01520402,A1,ctgov_a1_designpilot_20260710,Genetic Response to Warfarin in Healthy Subjects,Quantitative Pharmacogenomics of the Anticoagulant Response to Warfarin in Healthy Subjects,COMPLETED,INTERVENTIONAL,NA,35,Healthy,DRUG:Warfarin,Icahn School of Medicine at Mount Sinai,https://clinicaltrials.gov/study/NCT01520402,Wu AH. Use of genetic and nongenetic factors in warfarin dosing algorithms. Pharmacogenomics. 2007 Jul;8(7):851-61. doi: 10.2217/14622416.8.7.851.,research/searches/A1/clinicaltrials/ctgov_a1_designpilot_20260710/page_001.json,18240910,REC-PUBMED-18240910,Use of genetic and nongenetic factors in warfarin dosing algorithms.,Wu AH,2007,Pharmacogenomics,10.2217/14622416.8.7.851,https://pubmed.ncbi.nlm.nih.gov/18240910/,research/searches/A1/pubmed/pubmed_a1_designpilot_20260710/efetch_008.xml,true,context_only_no_linkage_decision
LINK-CTGOV-NCT01520402-PMID-18250228,manual_background_reference,BACKGROUND,NCT01520402,REC-CTGOV-NCT01520402,A1,ctgov_a1_designpilot_20260710,Genetic Response to Warfarin in Healthy Subjects,Quantitative Pharmacogenomics of the Anticoagulant Response to Warfarin in Healthy Subjects,COMPLETED,INTERVENTIONAL,NA,35,Healthy,DRUG:Warfarin,Icahn School of Medicine at Mount Sinai,https://clinicaltrials.gov/study/NCT01520402,"Caldwell MD, Awad T, Johnson JA, Gage BF, Falkowski M, Gardina P, Hubbard J, Turpaz Y, Langaee TY, Eby C, King CR, Brower A, Schmelzer JR, Glurich I, Vidaillet HJ, Yale SH, Qi Zhang K, Berg RL, Burmester JK. CYP4F2 genetic variant alters required warfarin dose. Blood. 2008 Apr 15;111(8):4106-12. doi: 10.1182/blood-2007-11-122010. Epub 2008 Feb 4.",research/searches/A1/clinicaltrials/ctgov_a1_designpilot_20260710/page_001.json,18250228,REC-PUBMED-18250228,,,,,,https://pubmed.ncbi.nlm.nih.gov/18250228/,,false,context_only_no_linkage_decision
LINK-CTGOV-NCT01520402-PMID-18305455,manual_background_reference,BACKGROUND,NCT01520402,REC-CTGOV-NCT01520402,A1,ctgov_a1_designpilot_20260710,Genetic Response to Warfarin in Healthy Subjects,Quantitative Pharmacogenomics of the Anticoagulant Response to Warfarin in Healthy Subjects,COMPLETED,INTERVENTIONAL,NA,35,Healthy,DRUG:Warfarin,Icahn School of Medicine at Mount Sinai,https://clinicaltrials.gov/study/NCT01520402,"Gage BF, Eby C, Johnson JA, Deych E, Rieder MJ, Ridker PM, Milligan PE, Grice G, Lenzini P, Rettie AE, Aquilante CL, Grosso L, Marsh S, Langaee T, Farnett LE, Voora D, Veenstra DL, Glynn RJ, Barrett A, McLeod HL. Use of pharmacogenetic and clinical factors to predict the therapeutic dose of warfarin. Clin Pharmacol Ther. 2008 Sep;84(3):326-31. doi: 10.1038/clpt.2008.10. Epub 2008 Feb 27.",research/searches/A1/clinicaltrials/ctgov_a1_designpilot_20260710/page_001.json,18305455,REC-PUBMED-18305455,,,,,,https://pubmed.ncbi.nlm.nih.gov/18305455/,,false,context_only_no_linkage_decision
LINK-CTGOV-NCT01520402-PMID-18322281,manual_background_reference,BACKGROUND,NCT01520402,REC-CTGOV-NCT01520402,A1,ctgov_a1_designpilot_20260710,Genetic Response to Warfarin in Healthy Subjects,Quantitative Pharmacogenomics of the Anticoagulant Response to Warfarin in Healthy Subjects,COMPLETED,INTERVENTIONAL,NA,35,Healthy,DRUG:Warfarin,Icahn School of Medicine at Mount Sinai,https://clinicaltrials.gov/study/NCT01520402,"Schwarz UI, Ritchie MD, Bradford Y, Li C, Dudek SM, Frye-Anderson A, Kim RB, Roden DM, Stein CM. Genetic determinants of response to warfarin during initial anticoagulation. N Engl J Med. 2008 Mar 6;358(10):999-1008. doi: 10.1056/NEJMoa0708078.",research/searches/A1/clinicaltrials/ctgov_a1_designpilot_20260710/page_001.json,18322281,REC-PUBMED-18322281,Genetic determinants of response to warfarin during initial anticoagulation.,Schwarz UI,2008,The New England journal of medicine,10.1056/nejmoa0708078,https://pubmed.ncbi.nlm.nih.gov/18322281/,research/searches/A1/pubmed/pubmed_a1_designpilot_20260710/efetch_008.xml,true,context_only_no_linkage_decision
LINK-CTGOV-NCT01520402-PMID-18535201,manual_background_reference,BACKGROUND,NCT01520402,REC-CTGOV-NCT01520402,A1,ctgov_a1_designpilot_20260710,Genetic Response to Warfarin in Healthy Subjects,Quantitative Pharmacogenomics of the Anticoagulant Response to Warfarin in Healthy Subjects,COMPLETED,INTERVENTIONAL,NA,35,Healthy,DRUG:Warfarin,Icahn School of Medicine at Mount Sinai,https://clinicaltrials.gov/study/NCT01520402,"Cooper GM, Johnson JA, Langaee TY, Feng H, Stanaway IB, Schwarz UI, Ritchie MD, Stein CM, Roden DM, Smith JD, Veenstra DL, Rettie AE, Rieder MJ. A genome-wide scan for common genetic variants with a large influence on warfarin maintenance dose. Blood. 2008 Aug 15;112(4):1022-7. doi: 10.1182/blood-2008-01-134247. Epub 2008 Jun 5.",research/searches/A1/clinicaltrials/ctgov_a1_designpilot_20260710/page_001.json,18535201,REC-PUBMED-18535201,A genome-wide scan for common genetic variants with a large influence on warfarin maintenance dose.,Cooper GM,2008,Blood,10.1182/blood-2008-01-134247,https://pubmed.ncbi.nlm.nih.gov/18535201/,research/searches/A1/pubmed/pubmed_a1_designpilot_20260710/efetch_007.xml,true,context_only_no_linkage_decision
LINK-CTGOV-NCT01520402-PMID-19074728,manual_background_reference,BACKGROUND,NCT01520402,REC-CTGOV-NCT01520402,A1,ctgov_a1_designpilot_20260710,Genetic Response to Warfarin in Healthy Subjects,Quantitative Pharmacogenomics of the Anticoagulant Response to Warfarin in Healthy Subjects,COMPLETED,INTERVENTIONAL,NA,35,Healthy,DRUG:Warfarin,Icahn School of Medicine at Mount Sinai,https://clinicaltrials.gov/study/NCT01520402,"Li C, Schwarz UI, Ritchie MD, Roden DM, Stein CM, Kurnik D. Relative contribution of CYP2C9 and VKORC1 genotypes and early INR response to the prediction of warfarin sensitivity during initiation of therapy. Blood. 2009 Apr 23;113(17):3925-30. doi: 10.1182/blood-2008-09-176859. Epub 2008 Dec 12.",research/searches/A1/clinicaltrials/ctgov_a1_designpilot_20260710/page_001.json,19074728,REC-PUBMED-19074728,,,,,,https://pubmed.ncbi.nlm.nih.gov/19074728/,,false,context_only_no_linkage_decision
LINK-CTGOV-NCT01520402-PMID-19228618,manual_background_reference,BACKGROUND,NCT01520402,REC-CTGOV-NCT01520402,A1,ctgov_a1_designpilot_20260710,Genetic Response to Warfarin in Healthy Subjects,Quantitative Pharmacogenomics of the Anticoagulant Response to Warfarin in Healthy Subjects,COMPLETED,INTERVENTIONAL,NA,35,Healthy,DRUG:Warfarin,Icahn School of Medicine at Mount Sinai,https://clinicaltrials.gov/study/NCT01520402,"International Warfarin Pharmacogenetics Consortium; Klein TE, Altman RB, Eriksson N, Gage BF, Kimmel SE, Lee MT, Limdi NA, Page D, Roden DM, Wagner MJ, Caldwell MD, Johnson JA. Estimation of the warfarin dose with clinical and pharmacogenetic data. N Engl J Med. 2009 Feb 19;360(8):753-64. doi: 10.1056/NEJMoa0809329.",research/searches/A1/clinicaltrials/ctgov_a1_designpilot_20260710/page_001.json,19228618,REC-PUBMED-19228618,,,,,,https://pubmed.ncbi.nlm.nih.gov/19228618/,,false,context_only_no_linkage_decision
LINK-CTGOV-NCT01520402-PMID-19300499,manual_background_reference,BACKGROUND,NCT01520402,REC-CTGOV-NCT01520402,A1,ctgov_a1_designpilot_20260710,Genetic Response to Warfarin in Healthy Subjects,Quantitative Pharmacogenomics of the Anticoagulant Response to Warfarin in Healthy Subjects,COMPLETED,INTERVENTIONAL,NA,35,Healthy,DRUG:Warfarin,Icahn School of Medicine at Mount Sinai,https://clinicaltrials.gov/study/NCT01520402,"Takeuchi F, McGinnis R, Bourgeois S, Barnes C, Eriksson N, Soranzo N, Whittaker P, Ranganath V, Kumanduri V, McLaren W, Holm L, Lindh J, Rane A, Wadelius M, Deloukas P. A genome-wide association study confirms VKORC1, CYP2C9, and CYP4F2 as principal genetic determinants of warfarin dose. PLoS Genet. 2009 Mar;5(3):e1000433. doi: 10.1371/journal.pgen.1000433. Epub 2009 Mar 20.",research/searches/A1/clinicaltrials/ctgov_a1_designpilot_20260710/page_001.json,19300499,REC-PUBMED-19300499,,,,,,https://pubmed.ncbi.nlm.nih.gov/19300499/,,false,context_only_no_linkage_decision
LINK-CTGOV-NCT01520402-PMID-19663669,manual_background_reference,BACKGROUND,NCT01520402,REC-CTGOV-NCT01520402,A1,ctgov_a1_designpilot_20260710,Genetic Response to Warfarin in Healthy Subjects,Quantitative Pharmacogenomics of the Anticoagulant Response to Warfarin in Healthy Subjects,COMPLETED,INTERVENTIONAL,NA,35,Healthy,DRUG:Warfarin,Icahn School of Medicine at Mount Sinai,https://clinicaltrials.gov/study/NCT01520402,"Scott SA, Jaremko M, Lubitz SA, Kornreich R, Halperin JL, Desnick RJ. CYP2C9*8 is prevalent among African-Americans: implications for pharmacogenetic dosing. Pharmacogenomics. 2009 Aug;10(8):1243-55. doi: 10.2217/pgs.09.71.",research/searches/A1/clinicaltrials/ctgov_a1_designpilot_20260710/page_001.json,19663669,REC-PUBMED-19663669,,,,,,https://pubmed.ncbi.nlm.nih.gov/19663669/,,false,context_only_no_linkage_decision
LINK-CTGOV-NCT01520402-PMID-19717844,manual_background_reference,BACKGROUND,NCT01520402,REC-CTGOV-NCT01520402,A1,ctgov_a1_designpilot_20260710,Genetic Response to Warfarin in Healthy Subjects,Quantitative Pharmacogenomics of the Anticoagulant Response to Warfarin in Healthy Subjects,COMPLETED,INTERVENTIONAL,NA,35,Healthy,DRUG:Warfarin,Icahn School of Medicine at Mount Sinai,https://clinicaltrials.gov/study/NCT01520402,"Connolly SJ, Ezekowitz MD, Yusuf S, Eikelboom J, Oldgren J, Parekh A, Pogue J, Reilly PA, Themeles E, Varrone J, Wang S, Alings M, Xavier D, Zhu J, Diaz R, Lewis BS, Darius H, Diener HC, Joyner CD, Wallentin L; RE-LY Steering Committee and Investigators. Dabigatran versus warfarin in patients with atrial fibrillation. N Engl J Med. 2009 Sep 17;361(12):1139-51. doi: 10.1056/NEJMoa0905561. Epub 2009 Aug 30.",research/searches/A1/clinicaltrials/ctgov_a1_designpilot_20260710/page_001.json,19717844,REC-PUBMED-19717844,,,,,,https://pubmed.ncbi.nlm.nih.gov/19717844/,,false,context_only_no_linkage_decision
LINK-CTGOV-NCT01520402-PMID-19842940,manual_background_reference,BACKGROUND,NCT01520402,REC-CTGOV-NCT01520402,A1,ctgov_a1_designpilot_20260710,Genetic Response to Warfarin in Healthy Subjects,Quantitative Pharmacogenomics of the Anticoagulant Response to Warfarin in Healthy Subjects,COMPLETED,INTERVENTIONAL,NA,35,Healthy,DRUG:Warfarin,Icahn School of Medicine at Mount Sinai,https://clinicaltrials.gov/study/NCT01520402,"van Schie RM, Wadelius MI, Kamali F, Daly AK, Manolopoulos VG, de Boer A, Barallon R, Verhoef TI, Kirchheiner J, Haschke-Becher E, Briz M, Rosendaal FR, Redekop WK, Pirmohamed M, Maitland van der Zee AH. Genotype-guided dosing of coumarin derivatives: the European pharmacogenetics of anticoagulant therapy (EU-PACT) trial design. Pharmacogenomics. 2009 Oct;10(10):1687-95. doi: 10.2217/pgs.09.125.",research/searches/A1/clinicaltrials/ctgov_a1_designpilot_20260710/page_001.json,19842940,REC-PUBMED-19842940,,,,,,https://pubmed.ncbi.nlm.nih.gov/19842940/,,false,context_only_no_linkage_decision
LINK-CTGOV-NCT01520402-PMID-19874474,manual_background_reference,BACKGROUND,NCT01520402,REC-CTGOV-NCT01520402,A1,ctgov_a1_designpilot_20260710,Genetic Response to Warfarin in Healthy Subjects,Quantitative Pharmacogenomics of the Anticoagulant Response to Warfarin in Healthy Subjects,COMPLETED,INTERVENTIONAL,NA,35,Healthy,DRUG:Warfarin,Icahn School of Medicine at Mount Sinai,https://clinicaltrials.gov/study/NCT01520402,"Ferder NS, Eby CS, Deych E, Harris JK, Ridker PM, Milligan PE, Goldhaber SZ, King CR, Giri T, McLeod HL, Glynn RJ, Gage BF. Ability of VKORC1 and CYP2C9 to predict therapeutic warfarin dose during the initial weeks of therapy. J Thromb Haemost. 2010 Jan;8(1):95-100. doi: 10.1111/j.1538-7836.2009.03677.x. Epub 2009 Oct 30.",research/searches/A1/clinicaltrials/ctgov_a1_designpilot_20260710/page_001.json,19874474,REC-PUBMED-19874474,,,,,,https://pubmed.ncbi.nlm.nih.gov/19874474/,,false,context_only_no_linkage_decision
LINK-CTGOV-NCT01520402-PMID-20128861,manual_background_reference,BACKGROUND,NCT01520402,REC-CTGOV-NCT01520402,A1,ctgov_a1_designpilot_20260710,Genetic Response to Warfarin in Healthy Subjects,Quantitative Pharmacogenomics of the Anticoagulant Response to Warfarin in Healthy Subjects,COMPLETED,INTERVENTIONAL,NA,35,Healthy,DRUG:Warfarin,Icahn School of Medicine at Mount Sinai,https://clinicaltrials.gov/study/NCT01520402,"Lubitz SA, Scott SA, Rothlauf EB, Agarwal A, Peter I, Doheny D, Van Der Zee S, Jaremko M, Yoo C, Desnick RJ, Halperin JL. Comparative performance of gene-based warfarin dosing algorithms in a multiethnic population. J Thromb Haemost. 2010 May;8(5):1018-26. doi: 10.1111/j.1538-7836.2010.03792.x. Epub 2010 Feb 2.",research/searches/A1/clinicaltrials/ctgov_a1_designpilot_20260710/page_001.json,20128861,REC-PUBMED-20128861,,,,,,https://pubmed.ncbi.nlm.nih.gov/20128861/,,false,context_only_no_linkage_decision
LINK-CTGOV-NCT01520402-PMID-20203262,manual_background_reference,BACKGROUND,NCT01520402,REC-CTGOV-NCT01520402,A1,ctgov_a1_designpilot_20260710,Genetic Response to Warfarin in Healthy Subjects,Quantitative Pharmacogenomics of the Anticoagulant Response to Warfarin in Healthy Subjects,COMPLETED,INTERVENTIONAL,NA,35,Healthy,DRUG:Warfarin,Icahn School of Medicine at Mount Sinai,https://clinicaltrials.gov/study/NCT01520402,"Limdi NA, Wadelius M, Cavallari L, Eriksson N, Crawford DC, Lee MT, Chen CH, Motsinger-Reif A, Sagreiya H, Liu N, Wu AH, Gage BF, Jorgensen A, Pirmohamed M, Shin JG, Suarez-Kurtz G, Kimmel SE, Johnson JA, Klein TE, Wagner MJ; International Warfarin Pharmacogenetics Consortium. Warfarin pharmacogenetics: a single VKORC1 polymorphism is predictive of dose across 3 racial groups. Blood. 2010 May 6;115(18):3827-34. doi: 10.1182/blood-2009-12-255992. Epub 2010 Mar 4.",research/searches/A1/clinicaltrials/ctgov_a1_designpilot_20260710/page_001.json,20203262,REC-PUBMED-20203262,,,,,,https://pubmed.ncbi.nlm.nih.gov/20203262/,,false,context_only_no_linkage_decision
LINK-CTGOV-NCT01520402-PMID-20504253,manual_background_reference,BACKGROUND,NCT01520402,REC-CTGOV-NCT01520402,A1,ctgov_a1_designpilot_20260710,Genetic Response to Warfarin in Healthy Subjects,Quantitative Pharmacogenomics of the Anticoagulant Response to Warfarin in Healthy Subjects,COMPLETED,INTERVENTIONAL,NA,35,Healthy,DRUG:Warfarin,Icahn School of Medicine at Mount Sinai,https://clinicaltrials.gov/study/NCT01520402,"Scott SA, Khasawneh R, Peter I, Kornreich R, Desnick RJ. Combined CYP2C9, VKORC1 and CYP4F2 frequencies among racial and ethnic groups. Pharmacogenomics. 2010 Jun;11(6):781-91. doi: 10.2217/pgs.10.49.",research/searches/A1/clinicaltrials/ctgov_a1_designpilot_20260710/page_001.json,20504253,REC-PUBMED-20504253,,,,,,https://pubmed.ncbi.nlm.nih.gov/20504253/,,false,context_only_no_linkage_decision
LINK-CTGOV-NCT01520402-PMID-20693186,manual_background_reference,BACKGROUND,NCT01520402,REC-CTGOV-NCT01520402,A1,ctgov_a1_designpilot_20260710,Genetic Response to Warfarin in Healthy Subjects,Quantitative Pharmacogenomics of the Anticoagulant Response to Warfarin in Healthy Subjects,COMPLETED,INTERVENTIONAL,NA,35,Healthy,DRUG:Warfarin,Icahn School of Medicine at Mount Sinai,https://clinicaltrials.gov/study/NCT01520402,"Joo J, Geller NL, French B, Kimmel SE, Rosenberg Y, Ellenberg JH. Prospective alpha allocation in the Clarification of Optimal Anticoagulation through Genetics (COAG) trial. Clin Trials. 2010 Oct;7(5):597-604. doi: 10.1177/1740774510381285. Epub 2010 Aug 6.",research/searches/A1/clinicaltrials/ctgov_a1_designpilot_20260710/page_001.json,20693186,REC-PUBMED-20693186,,,,,,https://pubmed.ncbi.nlm.nih.gov/20693186/,,false,context_only_no_linkage_decision
LINK-CTGOV-NCT01520402-PMID-21083927,manual_background_reference,BACKGROUND,NCT01520402,REC-CTGOV-NCT01520402,A1,ctgov_a1_designpilot_20260710,Genetic Response to Warfarin in Healthy Subjects,Quantitative Pharmacogenomics of the Anticoagulant Response to Warfarin in Healthy Subjects,COMPLETED,INTERVENTIONAL,NA,35,Healthy,DRUG:Warfarin,Icahn School of Medicine at Mount Sinai,https://clinicaltrials.gov/study/NCT01520402,"French B, Joo J, Geller NL, Kimmel SE, Rosenberg Y, Anderson JL, Gage BF, Johnson JA, Ellenberg JH; COAG (Clarification of Optimal Anticoagulation through Genetics) Investigators. Statistical design of personalized medicine interventions: the Clarification of Optimal Anticoagulation through Genetics (COAG) trial. Trials. 2010 Nov 17;11:108. doi: 10.1186/1745-6215-11-108.",research/searches/A1/clinicaltrials/ctgov_a1_designpilot_20260710/page_001.json,21083927,REC-PUBMED-21083927,,,,,,https://pubmed.ncbi.nlm.nih.gov/21083927/,,false,context_only_no_linkage_decision
LINK-CTGOV-NCT01520402-PMID-21272753,manual_background_reference,BACKGROUND,NCT01520402,REC-CTGOV-NCT01520402,A1,ctgov_a1_designpilot_20260710,Genetic Response to Warfarin in Healthy Subjects,Quantitative Pharmacogenomics of the Anticoagulant Response to Warfarin in Healthy Subjects,COMPLETED,INTERVENTIONAL,NA,35,Healthy,DRUG:Warfarin,Icahn School of Medicine at Mount Sinai,https://clinicaltrials.gov/study/NCT01520402,"Finkelman BS, Gage BF, Johnson JA, Brensinger CM, Kimmel SE. Genetic warfarin dosing: tables versus algorithms. J Am Coll Cardiol. 2011 Feb 1;57(5):612-8. doi: 10.1016/j.jacc.2010.08.643.",research/searches/A1/clinicaltrials/ctgov_a1_designpilot_20260710/page_001.json,21272753,REC-PUBMED-21272753,,,,,,https://pubmed.ncbi.nlm.nih.gov/21272753/,,false,context_only_no_linkage_decision
LINK-CTGOV-NCT01520402-PMID-21423021,manual_background_reference,BACKGROUND,NCT01520402,REC-CTGOV-NCT01520402,A1,ctgov_a1_designpilot_20260710,Genetic Response to Warfarin in Healthy Subjects,Quantitative Pharmacogenomics of the Anticoagulant Response to Warfarin in Healthy Subjects,COMPLETED,INTERVENTIONAL,NA,35,Healthy,DRUG:Warfarin,Icahn School of Medicine at Mount Sinai,https://clinicaltrials.gov/study/NCT01520402,"Burmester JK, Berg RL, Yale SH, Rottscheit CM, Glurich IE, Schmelzer JR, Caldwell MD. A randomized controlled trial of genotype-based Coumadin initiation. Genet Med. 2011 Jun;13(6):509-18. doi: 10.1097/GIM.0b013e31820ad77d.",research/searches/A1/clinicaltrials/ctgov_a1_designpilot_20260710/page_001.json,21423021,REC-PUBMED-21423021,A randomized controlled trial of genotype-based Coumadin initiation.,Burmester JK,2011,Genetics in medicine : official journal of the American College of Medical Genetics,10.1097/gim.0b013e31820ad77d,https://pubmed.ncbi.nlm.nih.gov/21423021/,research/searches/A1/pubmed/pubmed_a1_designpilot_20260710/efetch_040.xml,true,context_only_no_linkage_decision
LINK-CTGOV-NCT01520402-PMID-21725053,manual_background_reference,BACKGROUND,NCT01520402,REC-CTGOV-NCT01520402,A1,ctgov_a1_designpilot_20260710,Genetic Response to Warfarin in Healthy Subjects,Quantitative Pharmacogenomics of the Anticoagulant Response to Warfarin in Healthy Subjects,COMPLETED,INTERVENTIONAL,NA,35,Healthy,DRUG:Warfarin,Icahn School of Medicine at Mount Sinai,https://clinicaltrials.gov/study/NCT01520402,"Gong IY, Tirona RG, Schwarz UI, Crown N, Dresser GK, Larue S, Langlois N, Lazo-Langner A, Zou G, Roden DM, Stein CM, Rodger M, Carrier M, Forgie M, Wells PS, Kim RB. Prospective evaluation of a pharmacogenetics-guided warfarin loading and maintenance dose regimen for initiation of therapy. Blood. 2011 Sep 15;118(11):3163-71. doi: 10.1182/blood-2011-03-345173. Epub 2011 Jul 1.",research/searches/A1/clinicaltrials/ctgov_a1_designpilot_20260710/page_001.json,21725053,REC-PUBMED-21725053,Prospective evaluation of a pharmacogenetics-guided warfarin loading and maintenance dose regimen for initiation of therapy.,Gong IY,2011,Blood,10.1182/blood-2011-03-345173,https://pubmed.ncbi.nlm.nih.gov/21725053/,research/searches/A1/pubmed/pubmed_a1_designpilot_20260710/efetch_039.xml,true,context_only_no_linkage_decision
LINK-CTGOV-NCT01520402-PMID-21830957,manual_background_reference,BACKGROUND,NCT01520402,REC-CTGOV-NCT01520402,A1,ctgov_a1_designpilot_20260710,Genetic Response to Warfarin in Healthy Subjects,Quantitative Pharmacogenomics of the Anticoagulant Response to Warfarin in Healthy Subjects,COMPLETED,INTERVENTIONAL,NA,35,Healthy,DRUG:Warfarin,Icahn School of Medicine at Mount Sinai,https://clinicaltrials.gov/study/NCT01520402,"Patel MR, Mahaffey KW, Garg J, Pan G, Singer DE, Hacke W, Breithardt G, Halperin JL, Hankey GJ, Piccini JP, Becker RC, Nessel CC, Paolini JF, Berkowitz SD, Fox KA, Califf RM; ROCKET AF Investigators. Rivaroxaban versus warfarin in nonvalvular atrial fibrillation. N Engl J Med. 2011 Sep 8;365(10):883-91. doi: 10.1056/NEJMoa1009638. Epub 2011 Aug 10.",research/searches/A1/clinicaltrials/ctgov_a1_designpilot_20260710/page_001.json,21830957,REC-PUBMED-21830957,,,,,,https://pubmed.ncbi.nlm.nih.gov/21830957/,,false,context_only_no_linkage_decision
LINK-CTGOV-NCT01520402-PMID-21870978,manual_background_reference,BACKGROUND,NCT01520402,REC-CTGOV-NCT01520402,A1,ctgov_a1_designpilot_20260710,Genetic Response to Warfarin in Healthy Subjects,Quantitative Pharmacogenomics of the Anticoagulant Response to Warfarin in Healthy Subjects,COMPLETED,INTERVENTIONAL,NA,35,Healthy,DRUG:Warfarin,Icahn School of Medicine at Mount Sinai,https://clinicaltrials.gov/study/NCT01520402,"Granger CB, Alexander JH, McMurray JJ, Lopes RD, Hylek EM, Hanna M, Al-Khalidi HR, Ansell J, Atar D, Avezum A, Bahit MC, Diaz R, Easton JD, Ezekowitz JA, Flaker G, Garcia D, Geraldes M, Gersh BJ, Golitsyn S, Goto S, Hermosillo AG, Hohnloser SH, Horowitz J, Mohan P, Jansky P, Lewis BS, Lopez-Sendon JL, Pais P, Parkhomenko A, Verheugt FW, Zhu J, Wallentin L; ARISTOTLE Committees and Investigators. Apixaban versus warfarin in patients with atrial fibrillation. N Engl J Med. 2011 Sep 15;365(11):981-92. doi: 10.1056/NEJMoa1107039. Epub 2011 Aug 27.",research/searches/A1/clinicaltrials/ctgov_a1_designpilot_20260710/page_001.json,21870978,REC-PUBMED-21870978,Apixaban versus warfarin in patients with atrial fibrillation.,Granger CB,2011,The New England journal of medicine,10.1056/nejmoa1107039,https://pubmed.ncbi.nlm.nih.gov/21870978/,research/searches/A1/pubmed/pubmed_a1_designpilot_20260710/efetch_039.xml,true,context_only_no_linkage_decision
LINK-CTGOV-NCT01520402-PMID-24029542,high_derived_reference,DERIVED,NCT01520402,REC-CTGOV-NCT01520402,A1,ctgov_a1_designpilot_20260710,Genetic Response to Warfarin in Healthy Subjects,Quantitative Pharmacogenomics of the Anticoagulant Response to Warfarin in Healthy Subjects,COMPLETED,INTERVENTIONAL,NA,35,Healthy,DRUG:Warfarin,Icahn School of Medicine at Mount Sinai,https://clinicaltrials.gov/study/NCT01520402,"Kadian-Dodov DL, van der Zee SA, Scott SA, Peter I, Martis S, Doheny DO, Rothlauf EB, Lubitz SA, Desnick RJ, Halperin JL. Warfarin pharmacogenetics: a controlled dose-response study in healthy subjects. Vasc Med. 2013 Oct;18(5):290-7. doi: 10.1177/1358863X13503193. Epub 2013 Sep 12.",research/searches/A1/clinicaltrials/ctgov_a1_designpilot_20260710/page_001.json,24029542,REC-PUBMED-24029542,,,,,,https://pubmed.ncbi.nlm.nih.gov/24029542/,,false,context_only_no_linkage_decision
LINK-CTGOV-NCT01520402-PMID-8280198,manual_background_reference,BACKGROUND,NCT01520402,REC-CTGOV-NCT01520402,A1,ctgov_a1_designpilot_20260710,Genetic Response to Warfarin in Healthy Subjects,Quantitative Pharmacogenomics of the Anticoagulant Response to Warfarin in Healthy Subjects,COMPLETED,INTERVENTIONAL,NA,35,Healthy,DRUG:Warfarin,Icahn School of Medicine at Mount Sinai,https://clinicaltrials.gov/study/NCT01520402,"Fihn SD, McDonell M, Martin D, Henikoff J, Vermes D, Kent D, White RH. Risk factors for complications of chronic anticoagulation. A multicenter study. Warfarin Optimized Outpatient Follow-up Study Group. Ann Intern Med. 1993 Apr 1;118(7):511-20. doi: 10.7326/0003-4819-118-7-199304010-00005.",research/searches/A1/clinicaltrials/ctgov_a1_designpilot_20260710/page_001.json,8280198,REC-PUBMED-8280198,,,,,,https://pubmed.ncbi.nlm.nih.gov/8280198/,,false,context_only_no_linkage_decision
LINK-CTGOV-NCT01520402-PMID-8709780,manual_background_reference,BACKGROUND,NCT01520402,REC-CTGOV-NCT01520402,A1,ctgov_a1_designpilot_20260710,Genetic Response to Warfarin in Healthy Subjects,Quantitative Pharmacogenomics of the Anticoagulant Response to Warfarin in Healthy Subjects,COMPLETED,INTERVENTIONAL,NA,35,Healthy,DRUG:Warfarin,Icahn School of Medicine at Mount Sinai,https://clinicaltrials.gov/study/NCT01520402,"Palareti G, Leali N, Coccheri S, Poggi M, Manotti C, D'Angelo A, Pengo V, Erba N, Moia M, Ciavarella N, Devoto G, Berrettini M, Musolesi S. Bleeding complications of oral anticoagulant treatment: an inception-cohort, prospective collaborative study (ISCOAT). Italian Study on Complications of Oral Anticoagulant Therapy. Lancet. 1996 Aug 17;348(9025):423-8. doi: 10.1016/s0140-6736(96)01109-9.",research/searches/A1/clinicaltrials/ctgov_a1_designpilot_20260710/page_001.json,8709780,REC-PUBMED-8709780,,,,,,https://pubmed.ncbi.nlm.nih.gov/8709780/,,false,context_only_no_linkage_decision
LINK-CTGOV-NCT01619007-PMID-26765643,high_derived_reference,DERIVED,NCT01619007,REC-CTGOV-NCT01619007,A1,ctgov_a1_designpilot_20260710,Treatment of an Acute Deep Vein Thrombosis (DVT) With Either Rivaroxaban or Current Standard of Care Therapy,Xarelto® for Long-term and Initial Anticoagulation in Venous Thromboembolism (VTE),COMPLETED,OBSERVATIONAL,,5145,Deep Vein Thrombosis|Venous Thrombosis,"DRUG:Rivaroxaban (Xarelto, BAY59-7939)|DRUG:Standard of care",Bayer,https://clinicaltrials.gov/study/NCT01619007,"Ageno W, Mantovani LG, Haas S, Kreutz R, Monje D, Schneider J, van Eickels M, Gebel M, Zell E, Turpie AG. Safety and effectiveness of oral rivaroxaban versus standard anticoagulation for the treatment of symptomatic deep-vein thrombosis (XALIA): an international, prospective, non-interventional study. Lancet Haematol. 2016 Jan;3(1):e12-21. doi: 10.1016/S2352-3026(15)00257-4. Epub 2015 Dec 8.",research/searches/A1/clinicaltrials/ctgov_a1_designpilot_20260710/page_001.json,26765643,REC-PUBMED-26765643,"Safety and effectiveness of oral rivaroxaban versus standard anticoagulation for the treatment of symptomatic deep-vein thrombosis (XALIA): an international, prospective, non-interventional study.",Ageno W,2016,The Lancet. Haematology,10.1016/s2352-3026(15)00257-4,https://pubmed.ncbi.nlm.nih.gov/26765643/,research/searches/A1/pubmed/pubmed_a1_designpilot_20260710/efetch_027.xml,true,context_only_no_linkage_decision
LINK-CTGOV-NCT01619007-PMID-31249987,high_derived_reference,DERIVED,NCT01619007,REC-CTGOV-NCT01619007,A1,ctgov_a1_designpilot_20260710,Treatment of an Acute Deep Vein Thrombosis (DVT) With Either Rivaroxaban or Current Standard of Care Therapy,Xarelto® for Long-term and Initial Anticoagulation in Venous Thromboembolism (VTE),COMPLETED,OBSERVATIONAL,,5145,Deep Vein Thrombosis|Venous Thrombosis,"DRUG:Rivaroxaban (Xarelto, BAY59-7939)|DRUG:Standard of care",Bayer,https://clinicaltrials.gov/study/NCT01619007,"Ageno W, Mantovani LG, Haas S, Kreutz R, Monje D, Schneider J, Bugge JP, Gebel M, Turpie AGG. Patient Management Strategies and Long-Term Outcomes in Isolated Distal Deep-Vein Thrombosis versus Proximal Deep-Vein Thrombosis: Findings from XALIA. TH Open. 2019 Mar 26;3(1):e85-e93. doi: 10.1055/s-0039-1683968. eCollection 2019 Jan.",research/searches/A1/clinicaltrials/ctgov_a1_designpilot_20260710/page_001.json,31249987,REC-PUBMED-31249987,,,,,,https://pubmed.ncbi.nlm.nih.gov/31249987/,,false,context_only_no_linkage_decision
LINK-CTGOV-NCT01754779-PMID-30036516,manual_background_reference,BACKGROUND,NCT01754779,REC-CTGOV-NCT01754779,B1,ctgov_b1_designpilot_20260710,Treatment for Calcium Phosphate Kidney Stone Disease,Pharmacological Therapy for Calcium Phosphate Urolithiasis,COMPLETED,INTERVENTIONAL,PHASE2,13,Calcium Phosphate Kidney Stones,DIETARY_SUPPLEMENT:Placebo|DIETARY_SUPPLEMENT:Citric Acid|DIETARY_SUPPLEMENT:Potassium Citrate,University of Texas Southwestern Medical Center,https://clinicaltrials.gov/study/NCT01754779,"Doizi S, Poindexter JR, Pearle MS, Blanco F, Moe OW, Sakhaee K, Maalouf NM. Impact of Potassium Citrate vs Citric Acid on Urinary Stone Risk in Calcium Phosphate Stone Formers. J Urol. 2018 Dec;200(6):1278-1284. doi: 10.1016/j.juro.2018.07.039. Epub 2018 Jul 20.",research/searches/B1/clinicaltrials/ctgov_b1_designpilot_20260710/page_001.json,30036516,REC-PUBMED-30036516,,,,,,https://pubmed.ncbi.nlm.nih.gov/30036516/,,false,context_only_no_linkage_decision
LINK-CTGOV-NCT01809015-PMID-24685605,high_derived_reference,DERIVED,NCT01809015,REC-CTGOV-NCT01809015,A1,ctgov_a1_designpilot_20260710,Evaluation of Oral Anticoagulation With Vitamin K Antagonists - The thrombEVAL Study Programme,A Study Programme for the Evaluation of Oral Anticoagulation Therapy With Vitamin K Antagonists,COMPLETED,OBSERVATIONAL,,2318,"Anticoagulant Antagonists, Vitamin K and Other Coagulants Causing Adverse Effects in Therapeutic Use|Atrial Fibrillation|Venous Thromboembolism",,Johannes Gutenberg University Mainz,https://clinicaltrials.gov/study/NCT01809015,"Prochaska JH, Coldewey M, Gobel S, Keller K, Hendelmeier M, Konstantinides S, Munzel T, Wild PS; thrombEVAL Study Group. Evaluation of oral anticoagulation therapy: rationale and design of the thrombEVAL study programme. Eur J Prev Cardiol. 2015 May;22(5):622-8. doi: 10.1177/2047487314527852. Epub 2014 Mar 31.",research/searches/A1/clinicaltrials/ctgov_a1_designpilot_20260710/page_001.json,24685605,REC-PUBMED-24685605,Evaluation of oral anticoagulation therapy: rationale and design of the thrombEVAL study programme.,Prochaska JH,2015,European journal of preventive cardiology,10.1177/2047487314527852,https://pubmed.ncbi.nlm.nih.gov/24685605/,research/searches/A1/pubmed/pubmed_a1_designpilot_20260710/efetch_033.xml,true,context_only_no_linkage_decision
LINK-CTGOV-NCT01809015-PMID-25616558,high_derived_reference,DERIVED,NCT01809015,REC-CTGOV-NCT01809015,A1,ctgov_a1_designpilot_20260710,Evaluation of Oral Anticoagulation With Vitamin K Antagonists - The thrombEVAL Study Programme,A Study Programme for the Evaluation of Oral Anticoagulation Therapy With Vitamin K Antagonists,COMPLETED,OBSERVATIONAL,,2318,"Anticoagulant Antagonists, Vitamin K and Other Coagulants Causing Adverse Effects in Therapeutic Use|Atrial Fibrillation|Venous Thromboembolism",,Johannes Gutenberg University Mainz,https://clinicaltrials.gov/study/NCT01809015,"Prochaska JH, Gobel S, Keller K, Coldewey M, Ullmann A, Lamparter H, Junger C, Al-Bayati Z, Baer C, Walter U, Bickel C, ten Cate H, Munzel T, Wild PS. Quality of oral anticoagulation with phenprocoumon in regular medical care and its potential for improvement in a telemedicine-based coagulation service--results from the prospective, multi-center, observational cohort study thrombEVAL. BMC Med. 2015 Jan 23;13:14. doi: 10.1186/s12916-015-0268-9.",research/searches/A1/clinicaltrials/ctgov_a1_designpilot_20260710/page_001.json,25616558,REC-PUBMED-25616558,"Quality of oral anticoagulation with phenprocoumon in regular medical care and its potential for improvement in a telemedicine-based coagulation service--results from the prospective, multi-center, observational cohort study thrombEVAL.",Prochaska JH,2015,BMC medicine,10.1186/s12916-015-0268-9,https://pubmed.ncbi.nlm.nih.gov/25616558/,research/searches/A1/pubmed/pubmed_a1_designpilot_20260710/efetch_031.xml,true,context_only_no_linkage_decision
LINK-CTGOV-NCT01809015-PMID-26376038,high_derived_reference,DERIVED,NCT01809015,REC-CTGOV-NCT01809015,A1,ctgov_a1_designpilot_20260710,Evaluation of Oral Anticoagulation With Vitamin K Antagonists - The thrombEVAL Study Programme,A Study Programme for the Evaluation of Oral Anticoagulation Therapy With Vitamin K Antagonists,COMPLETED,OBSERVATIONAL,,2318,"Anticoagulant Antagonists, Vitamin K and Other Coagulants Causing Adverse Effects in Therapeutic Use|Atrial Fibrillation|Venous Thromboembolism",,Johannes Gutenberg University Mainz,https://clinicaltrials.gov/study/NCT01809015,"Keller K, Prochaska JH, Coldewey M, Gobel S, Ullmann A, Junger C, Lamparter H, Ariza L, Bickel C, Lauterbach M, Konstantinides S, Rostock T, Munzel T, Wild PS. History of deep vein thrombosis is a discriminator for concomitant atrial fibrillation in pulmonary embolism. Thromb Res. 2015 Nov;136(5):899-906. doi: 10.1016/j.thromres.2015.08.024. Epub 2015 Sep 3.",research/searches/A1/clinicaltrials/ctgov_a1_designpilot_20260710/page_001.json,26376038,REC-PUBMED-26376038,,,,,,https://pubmed.ncbi.nlm.nih.gov/26376038/,,false,context_only_no_linkage_decision
LINK-CTGOV-NCT01809015-PMID-28457013,high_derived_reference,DERIVED,NCT01809015,REC-CTGOV-NCT01809015,A1,ctgov_a1_designpilot_20260710,Evaluation of Oral Anticoagulation With Vitamin K Antagonists - The thrombEVAL Study Programme,A Study Programme for the Evaluation of Oral Anticoagulation Therapy With Vitamin K Antagonists,COMPLETED,OBSERVATIONAL,,2318,"Anticoagulant Antagonists, Vitamin K and Other Coagulants Causing Adverse Effects in Therapeutic Use|Atrial Fibrillation|Venous Thromboembolism",,Johannes Gutenberg University Mainz,https://clinicaltrials.gov/study/NCT01809015,"Prochaska JH, Gobel S, Keller K, Coldewey M, Ullmann A, Lamparter H, Schulz A, Schinzel H, Bickel C, Lauterbach M, Michal M, Hardt R, Binder H, Espinola-Klein C, Lackner KJ, Ten Cate H, Munzel T, Wild PS. e-Health-based management of patients receiving oral anticoagulation therapy: results from the observational thrombEVAL study. J Thromb Haemost. 2017 Jul;15(7):1375-1385. doi: 10.1111/jth.13727. Epub 2017 Jun 6.",research/searches/A1/clinicaltrials/ctgov_a1_designpilot_20260710/page_001.json,28457013,REC-PUBMED-28457013,e-Health-based management of patients receiving oral anticoagulation therapy: results from the observational thrombEVAL study.,Prochaska JH,2017,Journal of thrombosis and haemostasis : JTH,10.1111/jth.13727,https://pubmed.ncbi.nlm.nih.gov/28457013/,research/searches/A1/pubmed/pubmed_a1_designpilot_20260710/efetch_022.xml,true,context_only_no_linkage_decision
LINK-CTGOV-NCT01809015-PMID-29948286,high_derived_reference,DERIVED,NCT01809015,REC-CTGOV-NCT01809015,A1,ctgov_a1_designpilot_20260710,Evaluation of Oral Anticoagulation With Vitamin K Antagonists - The thrombEVAL Study Programme,A Study Programme for the Evaluation of Oral Anticoagulation Therapy With Vitamin K Antagonists,COMPLETED,OBSERVATIONAL,,2318,"Anticoagulant Antagonists, Vitamin K and Other Coagulants Causing Adverse Effects in Therapeutic Use|Atrial Fibrillation|Venous Thromboembolism",,Johannes Gutenberg University Mainz,https://clinicaltrials.gov/study/NCT01809015,"Prochaska JH, Gobel S, Nagler M, Knopfler T, Eggebrecht L, Lamparter H, Panova-Noeva M, Keller K, Coldewey M, Bickel C, Lauterbach M, Hardt R, Espinola-Klein C, Ten Cate H, Rostock T, Munzel T, Wild PS. Sustained atrial fibrillation increases the risk of anticoagulation-related bleeding in heart failure. Clin Res Cardiol. 2018 Dec;107(12):1170-1179. doi: 10.1007/s00392-018-1293-4. Epub 2018 Jun 9.",research/searches/A1/clinicaltrials/ctgov_a1_designpilot_20260710/page_001.json,29948286,REC-PUBMED-29948286,,,,,,https://pubmed.ncbi.nlm.nih.gov/29948286/,,false,context_only_no_linkage_decision
LINK-CTGOV-NCT01809015-PMID-31922545,high_derived_reference,DERIVED,NCT01809015,REC-CTGOV-NCT01809015,A1,ctgov_a1_designpilot_20260710,Evaluation of Oral Anticoagulation With Vitamin K Antagonists - The thrombEVAL Study Programme,A Study Programme for the Evaluation of Oral Anticoagulation Therapy With Vitamin K Antagonists,COMPLETED,OBSERVATIONAL,,2318,"Anticoagulant Antagonists, Vitamin K and Other Coagulants Causing Adverse Effects in Therapeutic Use|Atrial Fibrillation|Venous Thromboembolism",,Johannes Gutenberg University Mainz,https://clinicaltrials.gov/study/NCT01809015,"Michal M, Eggebrecht L, Gobel S, Panova-Noeva M, Nagler M, Arnold N, Lauterbach M, Bickel C, Wiltink J, Beutel ME, Munzel T, Wild PS, Prochaska JH. The relevance of depressive symptoms for the outcome of patients receiving vitamin K antagonists: results from the thrombEVAL cohort study. Eur Heart J Cardiovasc Pharmacother. 2021 Jul 23;7(4):271-279. doi: 10.1093/ehjcvp/pvz085.",research/searches/A1/clinicaltrials/ctgov_a1_designpilot_20260710/page_001.json,31922545,REC-PUBMED-31922545,The relevance of depressive symptoms for the outcome of patients receiving vitamin K antagonists: results from the thrombEVAL cohort study.,Michal M,2021,European heart journal. Cardiovascular pharmacotherapy,10.1093/ehjcvp/pvz085,https://pubmed.ncbi.nlm.nih.gov/31922545/,research/searches/A1/pubmed/pubmed_a1_designpilot_20260710/efetch_061.xml,true,context_only_no_linkage_decision
LINK-CTGOV-NCT01809015-PMID-33510343,high_derived_reference,DERIVED,NCT01809015,REC-CTGOV-NCT01809015,A1,ctgov_a1_designpilot_20260710,Evaluation of Oral Anticoagulation With Vitamin K Antagonists - The thrombEVAL Study Programme,A Study Programme for the Evaluation of Oral Anticoagulation Therapy With Vitamin K Antagonists,COMPLETED,OBSERVATIONAL,,2318,"Anticoagulant Antagonists, Vitamin K and Other Coagulants Causing Adverse Effects in Therapeutic Use|Atrial Fibrillation|Venous Thromboembolism",,Johannes Gutenberg University Mainz,https://clinicaltrials.gov/study/NCT01809015,"Eggebrecht L, Ludolph P, Gobel S, Panova-Noeva M, Arnold N, Nagler M, Bickel C, Lauterbach M, Hardt R, Cate HT, Lackner KJ, Espinola-Klein C, Munzel T, Prochaska JH, Wild PS. Cost saving analysis of specialized, eHealth-based management of patients receiving oral anticoagulation therapy: Results from the thrombEVAL study. Sci Rep. 2021 Jan 28;11(1):2577. doi: 10.1038/s41598-021-82076-9.",research/searches/A1/clinicaltrials/ctgov_a1_designpilot_20260710/page_001.json,33510343,REC-PUBMED-33510343,,,,,,https://pubmed.ncbi.nlm.nih.gov/33510343/,,false,context_only_no_linkage_decision
LINK-CTGOV-NCT01809015-PMID-35629401,high_derived_reference,DERIVED,NCT01809015,REC-CTGOV-NCT01809015,A1,ctgov_a1_designpilot_20260710,Evaluation of Oral Anticoagulation With Vitamin K Antagonists - The thrombEVAL Study Programme,A Study Programme for the Evaluation of Oral Anticoagulation Therapy With Vitamin K Antagonists,COMPLETED,OBSERVATIONAL,,2318,"Anticoagulant Antagonists, Vitamin K and Other Coagulants Causing Adverse Effects in Therapeutic Use|Atrial Fibrillation|Venous Thromboembolism",,Johannes Gutenberg University Mainz,https://clinicaltrials.gov/study/NCT01809015,"Keller K, Prochaska JH, Coldewey M, Gobel S, Schmitt VH, Hahad O, Ullmann A, Nagler M, Lamparter H, Espinola-Klein C, Munzel T, Wild PS. Atherosclerosis and Its Impact on the Outcomes of Patients with Deep Venous Thrombosis. Life (Basel). 2022 May 14;12(5):734. doi: 10.3390/life12050734.",research/searches/A1/clinicaltrials/ctgov_a1_designpilot_20260710/page_001.json,35629401,REC-PUBMED-35629401,,,,,,https://pubmed.ncbi.nlm.nih.gov/35629401/,,false,context_only_no_linkage_decision
LINK-CTGOV-NCT01841944-PMID-24928284,high_derived_reference,DERIVED,NCT01841944,REC-CTGOV-NCT01841944,A2,ctgov_a2_designpilot_20260710,Omega-3 Fatty Acids in Elderly Patients With Acute Myocardial Infarction,Giving Omega-3 Fatty Acids to Elderly Patients Diagnosed With Acute Myocardial Infarction to Investigate the Effect on Cardiovascular Morbidity and Mortality,COMPLETED,INTERVENTIONAL,NA,1027,Myocardial Infarction|Heart Failure|Myocardial Revascularization|Atrial Fibrillation,DRUG:Pikasol|OTHER:Corn oil,Oslo University Hospital,https://clinicaltrials.gov/study/NCT01841944,"Laake K, Myhre P, Nordby LM, Seljeflot I, Abdelnoor M, Smith P, Tveit A, Arnesen H, Solheim S. Effects of omega3 supplementation in elderly patients with acute myocardial infarction: design of a prospective randomized placebo controlled study. BMC Geriatr. 2014 Jun 13;14:74. doi: 10.1186/1471-2318-14-74.",research/searches/A2/clinicaltrials/ctgov_a2_designpilot_20260710/page_001.json,24928284,REC-PUBMED-24928284,,,,,,https://pubmed.ncbi.nlm.nih.gov/24928284/,,false,context_only_no_linkage_decision
LINK-CTGOV-NCT01841944-PMID-31881852,high_derived_reference,DERIVED,NCT01841944,REC-CTGOV-NCT01841944,A2,ctgov_a2_designpilot_20260710,Omega-3 Fatty Acids in Elderly Patients With Acute Myocardial Infarction,Giving Omega-3 Fatty Acids to Elderly Patients Diagnosed With Acute Myocardial Infarction to Investigate the Effect on Cardiovascular Morbidity and Mortality,COMPLETED,INTERVENTIONAL,NA,1027,Myocardial Infarction|Heart Failure|Myocardial Revascularization|Atrial Fibrillation,DRUG:Pikasol|OTHER:Corn oil,Oslo University Hospital,https://clinicaltrials.gov/study/NCT01841944,"Kalstad AA, Tveit S, Myhre PL, Laake K, Opstad TB, Tveit A, Schmidt EB, Solheim S, Arnesen H, Seljeflot I. Leukocyte telomere length and serum polyunsaturated fatty acids, dietary habits, cardiovascular risk factors and features of myocardial infarction in elderly patients. BMC Geriatr. 2019 Dec 27;19(1):376. doi: 10.1186/s12877-019-1383-9.",research/searches/A2/clinicaltrials/ctgov_a2_designpilot_20260710/page_001.json,31881852,REC-PUBMED-31881852,,,,,,https://pubmed.ncbi.nlm.nih.gov/31881852/,,false,context_only_no_linkage_decision
LINK-CTGOV-NCT01841944-PMID-33191772,high_derived_reference,DERIVED,NCT01841944,REC-CTGOV-NCT01841944,A2,ctgov_a2_designpilot_20260710,Omega-3 Fatty Acids in Elderly Patients With Acute Myocardial Infarction,Giving Omega-3 Fatty Acids to Elderly Patients Diagnosed With Acute Myocardial Infarction to Investigate the Effect on Cardiovascular Morbidity and Mortality,COMPLETED,INTERVENTIONAL,NA,1027,Myocardial Infarction|Heart Failure|Myocardial Revascularization|Atrial Fibrillation,DRUG:Pikasol|OTHER:Corn oil,Oslo University Hospital,https://clinicaltrials.gov/study/NCT01841944,"Kalstad AA, Myhre PL, Laake K, Tveit SH, Schmidt EB, Smith P, Nilsen DWT, Tveit A, Fagerland MW, Solheim S, Seljeflot I, Arnesen H; OMEMI Investigators. Effects of n-3 Fatty Acid Supplements in Elderly Patients After Myocardial Infarction: A Randomized, Controlled Trial. Circulation. 2021 Feb 9;143(6):528-539. doi: 10.1161/CIRCULATIONAHA.120.052209. Epub 2020 Nov 15.",research/searches/A2/clinicaltrials/ctgov_a2_designpilot_20260710/page_001.json,33191772,REC-PUBMED-33191772,,,,,,https://pubmed.ncbi.nlm.nih.gov/33191772/,,false,context_only_no_linkage_decision
LINK-CTGOV-NCT01841944-PMID-33650449,high_derived_reference,DERIVED,NCT01841944,REC-CTGOV-NCT01841944,A2,ctgov_a2_designpilot_20260710,Omega-3 Fatty Acids in Elderly Patients With Acute Myocardial Infarction,Giving Omega-3 Fatty Acids to Elderly Patients Diagnosed With Acute Myocardial Infarction to Investigate the Effect on Cardiovascular Morbidity and Mortality,COMPLETED,INTERVENTIONAL,NA,1027,Myocardial Infarction|Heart Failure|Myocardial Revascularization|Atrial Fibrillation,DRUG:Pikasol|OTHER:Corn oil,Oslo University Hospital,https://clinicaltrials.gov/study/NCT01841944,"Kalstad AA, Myhre PL, Laake K, Opstad TB, Tveit A, Solheim S, Arnesen H, Seljeflot I. Biomarkers of ageing and cardiac remodeling are associated with atrial fibrillation. Scand Cardiovasc J. 2021 Aug;55(4):213-219. doi: 10.1080/14017431.2021.1889653. Epub 2021 Mar 2.",research/searches/A2/clinicaltrials/ctgov_a2_designpilot_20260710/page_001.json,33650449,REC-PUBMED-33650449,,,,,,https://pubmed.ncbi.nlm.nih.gov/33650449/,,false,context_only_no_linkage_decision
LINK-CTGOV-NCT01841944-PMID-34742136,high_derived_reference,DERIVED,NCT01841944,REC-CTGOV-NCT01841944,A2,ctgov_a2_designpilot_20260710,Omega-3 Fatty Acids in Elderly Patients With Acute Myocardial Infarction,Giving Omega-3 Fatty Acids to Elderly Patients Diagnosed With Acute Myocardial Infarction to Investigate the Effect on Cardiovascular Morbidity and Mortality,COMPLETED,INTERVENTIONAL,NA,1027,Myocardial Infarction|Heart Failure|Myocardial Revascularization|Atrial Fibrillation,DRUG:Pikasol|OTHER:Corn oil,Oslo University Hospital,https://clinicaltrials.gov/study/NCT01841944,"Chiva-Blanch G, Bratseth V, Laake K, Arnesen H, Solheim S, Schmidt EB, Badimon L, Seljeflot I. One year of omega 3 polyunsaturated fatty acid supplementation does not reduce circulating prothrombotic microvesicles in elderly subjects after suffering a myocardial infarction. Clin Nutr. 2021 Dec;40(12):5674-5677. doi: 10.1016/j.clnu.2021.10.007. Epub 2021 Oct 20.",research/searches/A2/clinicaltrials/ctgov_a2_designpilot_20260710/page_001.json,34742136,REC-PUBMED-34742136,,,,,,https://pubmed.ncbi.nlm.nih.gov/34742136/,,false,context_only_no_linkage_decision
LINK-CTGOV-NCT01980004-PMID-10608522,manual_background_reference,BACKGROUND,NCT01980004,REC-CTGOV-NCT01980004,B1,ctgov_b1_designpilot_20260710,Potassium Citrate Supplementation vs. Dietary Counseling,Does Potassium Citrate Supplementation Reduce Stone Recurrence in Calcium Phosphate Stone Formers With Risk Factors?,WITHDRAWN,INTERVENTIONAL,PHASE2,0,Kidney Stone,DIETARY_SUPPLEMENT:Potassium Citrate Supplementation|OTHER:Dietary Education,"University of North Carolina, Chapel Hill",https://clinicaltrials.gov/study/NCT01980004,"Pattaras JG, Moore RG. Citrate in the management of urolithiasis. J Endourol. 1999 Nov;13(9):687-92. doi: 10.1089/end.1999.13.687.",research/searches/B1/clinicaltrials/ctgov_b1_designpilot_20260710/page_001.json,10608522,REC-PUBMED-10608522,,,,,,https://pubmed.ncbi.nlm.nih.gov/10608522/,,false,context_only_no_linkage_decision
LINK-CTGOV-NCT01980004-PMID-12771710,manual_background_reference,BACKGROUND,NCT01980004,REC-CTGOV-NCT01980004,B1,ctgov_b1_designpilot_20260710,Potassium Citrate Supplementation vs. Dietary Counseling,Does Potassium Citrate Supplementation Reduce Stone Recurrence in Calcium Phosphate Stone Formers With Risk Factors?,WITHDRAWN,INTERVENTIONAL,PHASE2,0,Kidney Stone,DIETARY_SUPPLEMENT:Potassium Citrate Supplementation|OTHER:Dietary Education,"University of North Carolina, Chapel Hill",https://clinicaltrials.gov/study/NCT01980004,"Mandel N, Mandel I, Fryjoff K, Rejniak T, Mandel G. Conversion of calcium oxalate to calcium phosphate with recurrent stone episodes. J Urol. 2003 Jun;169(6):2026-9. doi: 10.1097/01.ju.0000065592.55499.4e.",research/searches/B1/clinicaltrials/ctgov_b1_designpilot_20260710/page_001.json,12771710,REC-PUBMED-12771710,,,,,,https://pubmed.ncbi.nlm.nih.gov/12771710/,,false,context_only_no_linkage_decision
LINK-CTGOV-NCT01980004-PMID-15086911,manual_background_reference,BACKGROUND,NCT01980004,REC-CTGOV-NCT01980004,B1,ctgov_b1_designpilot_20260710,Potassium Citrate Supplementation vs. Dietary Counseling,Does Potassium Citrate Supplementation Reduce Stone Recurrence in Calcium Phosphate Stone Formers With Risk Factors?,WITHDRAWN,INTERVENTIONAL,PHASE2,0,Kidney Stone,DIETARY_SUPPLEMENT:Potassium Citrate Supplementation|OTHER:Dietary Education,"University of North Carolina, Chapel Hill",https://clinicaltrials.gov/study/NCT01980004,"Chow K, Dixon J, Gilpin S, Kavanagh JP, Rao PN. Citrate inhibits growth of residual fragments in an in vitro model of calcium oxalate renal stones. Kidney Int. 2004 May;65(5):1724-30. doi: 10.1111/j.1523-1755.2004.00566.x.",research/searches/B1/clinicaltrials/ctgov_b1_designpilot_20260710/page_001.json,15086911,REC-PUBMED-15086911,,,,,,https://pubmed.ncbi.nlm.nih.gov/15086911/,,false,context_only_no_linkage_decision
LINK-CTGOV-NCT01980004-PMID-15253733,manual_background_reference,BACKGROUND,NCT01980004,REC-CTGOV-NCT01980004,B1,ctgov_b1_designpilot_20260710,Potassium Citrate Supplementation vs. Dietary Counseling,Does Potassium Citrate Supplementation Reduce Stone Recurrence in Calcium Phosphate Stone Formers With Risk Factors?,WITHDRAWN,INTERVENTIONAL,PHASE2,0,Kidney Stone,DIETARY_SUPPLEMENT:Potassium Citrate Supplementation|OTHER:Dietary Education,"University of North Carolina, Chapel Hill",https://clinicaltrials.gov/study/NCT01980004,"Parks JH, Worcester EM, Coe FL, Evan AP, Lingeman JE. Clinical implications of abundant calcium phosphate in routinely analyzed kidney stones. Kidney Int. 2004 Aug;66(2):777-85. doi: 10.1111/j.1523-1755.2004.00803.x.",research/searches/B1/clinicaltrials/ctgov_b1_designpilot_20260710/page_001.json,15253733,REC-PUBMED-15253733,,,,,,https://pubmed.ncbi.nlm.nih.gov/15253733/,,false,context_only_no_linkage_decision
LINK-CTGOV-NCT01980004-PMID-1561497,manual_background_reference,BACKGROUND,NCT01980004,REC-CTGOV-NCT01980004,B1,ctgov_b1_designpilot_20260710,Potassium Citrate Supplementation vs. Dietary Counseling,Does Potassium Citrate Supplementation Reduce Stone Recurrence in Calcium Phosphate Stone Formers With Risk Factors?,WITHDRAWN,INTERVENTIONAL,PHASE2,0,Kidney Stone,DIETARY_SUPPLEMENT:Potassium Citrate Supplementation|OTHER:Dietary Education,"University of North Carolina, Chapel Hill",https://clinicaltrials.gov/study/NCT01980004,"Preminger GM. Renal calculi: pathogenesis, diagnosis, and medical therapy. Semin Nephrol. 1992 Mar;12(2):200-16.",research/searches/B1/clinicaltrials/ctgov_b1_designpilot_20260710/page_001.json,1561497,REC-PUBMED-1561497,,,,,,https://pubmed.ncbi.nlm.nih.gov/1561497/,,false,context_only_no_linkage_decision
LINK-CTGOV-NCT01980004-PMID-17919696,manual_background_reference,BACKGROUND,NCT01980004,REC-CTGOV-NCT01980004,B1,ctgov_b1_designpilot_20260710,Potassium Citrate Supplementation vs. Dietary Counseling,Does Potassium Citrate Supplementation Reduce Stone Recurrence in Calcium Phosphate Stone Formers With Risk Factors?,WITHDRAWN,INTERVENTIONAL,PHASE2,0,Kidney Stone,DIETARY_SUPPLEMENT:Potassium Citrate Supplementation|OTHER:Dietary Education,"University of North Carolina, Chapel Hill",https://clinicaltrials.gov/study/NCT01980004,"Penniston KL, Steele TH, Nakada SY. Lemonade therapy increases urinary citrate and urine volumes in patients with recurrent calcium oxalate stone formation. Urology. 2007 Nov;70(5):856-60. doi: 10.1016/j.urology.2007.06.1115. Epub 2007 Oct 24.",research/searches/B1/clinicaltrials/ctgov_b1_designpilot_20260710/page_001.json,17919696,REC-PUBMED-17919696,,,,,,https://pubmed.ncbi.nlm.nih.gov/17919696/,,false,context_only_no_linkage_decision
LINK-CTGOV-NCT01980004-PMID-19152932,manual_background_reference,BACKGROUND,NCT01980004,REC-CTGOV-NCT01980004,B1,ctgov_b1_designpilot_20260710,Potassium Citrate Supplementation vs. Dietary Counseling,Does Potassium Citrate Supplementation Reduce Stone Recurrence in Calcium Phosphate Stone Formers With Risk Factors?,WITHDRAWN,INTERVENTIONAL,PHASE2,0,Kidney Stone,DIETARY_SUPPLEMENT:Potassium Citrate Supplementation|OTHER:Dietary Education,"University of North Carolina, Chapel Hill",https://clinicaltrials.gov/study/NCT01980004,"Robinson MR, Leitao VA, Haleblian GE, Scales CD Jr, Chandrashekar A, Pierre SA, Preminger GM. Impact of long-term potassium citrate therapy on urinary profiles and recurrent stone formation. J Urol. 2009 Mar;181(3):1145-50. doi: 10.1016/j.juro.2008.11.014. Epub 2009 Jan 18.",research/searches/B1/clinicaltrials/ctgov_b1_designpilot_20260710/page_001.json,19152932,REC-PUBMED-19152932,,,,,,https://pubmed.ncbi.nlm.nih.gov/19152932/,,false,context_only_no_linkage_decision
LINK-CTGOV-NCT01980004-PMID-22498635,manual_background_reference,BACKGROUND,NCT01980004,REC-CTGOV-NCT01980004,B1,ctgov_b1_designpilot_20260710,Potassium Citrate Supplementation vs. Dietary Counseling,Does Potassium Citrate Supplementation Reduce Stone Recurrence in Calcium Phosphate Stone Formers With Risk Factors?,WITHDRAWN,INTERVENTIONAL,PHASE2,0,Kidney Stone,DIETARY_SUPPLEMENT:Potassium Citrate Supplementation|OTHER:Dietary Education,"University of North Carolina, Chapel Hill",https://clinicaltrials.gov/study/NCT01980004,"Scales CD Jr, Smith AC, Hanley JM, Saigal CS; Urologic Diseases in America Project. Prevalence of kidney stones in the United States. Eur Urol. 2012 Jul;62(1):160-5. doi: 10.1016/j.eururo.2012.03.052. Epub 2012 Mar 31.",research/searches/B1/clinicaltrials/ctgov_b1_designpilot_20260710/page_001.json,22498635,REC-PUBMED-22498635,,,,,,https://pubmed.ncbi.nlm.nih.gov/22498635/,,false,context_only_no_linkage_decision
LINK-CTGOV-NCT02072434-PMID-24251359,manual_background_reference,BACKGROUND,NCT02072434,REC-CTGOV-NCT02072434,A1,ctgov_a1_designpilot_20260710,Edoxaban vs. Warfarin in Subjects Undergoing Cardioversion of Nonvalvular Atrial Fibrillation (NVAF),"A Prospective, Randomized, Open-Label Blinded Endpoint Evaluation (PROBE) Parallel Group Study Comparing Edoxaban (DU-176b) With Enoxaparin/Warfarin Followed by Warfarin Alone in Subjects Undergoing Planned Electrical Cardioversion of Nonvalvular Atrial Fibrillation",COMPLETED,INTERVENTIONAL,PHASE3,2199,Atrial Fibrillation,DRUG:Edoxaban|DRUG:Warfarin|DRUG:Enoxaparin,Daiichi Sankyo,https://clinicaltrials.gov/study/NCT02072434,"Giugliano RP, Ruff CT, Braunwald E, Murphy SA, Wiviott SD, Halperin JL, Waldo AL, Ezekowitz MD, Weitz JI, Spinar J, Ruzyllo W, Ruda M, Koretsune Y, Betcher J, Shi M, Grip LT, Patel SP, Patel I, Hanyok JJ, Mercuri M, Antman EM; ENGAGE AF-TIMI 48 Investigators. Edoxaban versus warfarin in patients with atrial fibrillation. N Engl J Med. 2013 Nov 28;369(22):2093-104. doi: 10.1056/NEJMoa1310907. Epub 2013 Nov 19.",research/searches/A1/clinicaltrials/ctgov_a1_designpilot_20260710/page_001.json,24251359,REC-PUBMED-24251359,,,,,,https://pubmed.ncbi.nlm.nih.gov/24251359/,,false,context_only_no_linkage_decision
LINK-CTGOV-NCT02072434-PMID-25965706,high_derived_reference,DERIVED,NCT02072434,REC-CTGOV-NCT02072434,A1,ctgov_a1_designpilot_20260710,Edoxaban vs. Warfarin in Subjects Undergoing Cardioversion of Nonvalvular Atrial Fibrillation (NVAF),"A Prospective, Randomized, Open-Label Blinded Endpoint Evaluation (PROBE) Parallel Group Study Comparing Edoxaban (DU-176b) With Enoxaparin/Warfarin Followed by Warfarin Alone in Subjects Undergoing Planned Electrical Cardioversion of Nonvalvular Atrial Fibrillation",COMPLETED,INTERVENTIONAL,PHASE3,2199,Atrial Fibrillation,DRUG:Edoxaban|DRUG:Warfarin|DRUG:Enoxaparin,Daiichi Sankyo,https://clinicaltrials.gov/study/NCT02072434,"Lip GY, Merino J, Ezekowitz M, Ellenbogen K, Zamoryakhin D, Lanz H, Jin J, Al-Saadi N, Mercuri M, Goette A. A prospective evaluation of edoxaban compared to warfarin in subjects undergoing cardioversion of atrial fibrillation: The EdoxabaN vs. warfarin in subjectS UndeRgoing cardiovErsion of Atrial Fibrillation (ENSURE-AF) study. Am Heart J. 2015 May;169(5):597-604.e5. doi: 10.1016/j.ahj.2015.02.009. Epub 2015 Feb 21.",research/searches/A1/clinicaltrials/ctgov_a1_designpilot_20260710/page_001.json,25965706,REC-PUBMED-25965706,,,,,,https://pubmed.ncbi.nlm.nih.gov/25965706/,,false,context_only_no_linkage_decision
LINK-CTGOV-NCT02072434-PMID-27590218,high_derived_reference,DERIVED,NCT02072434,REC-CTGOV-NCT02072434,A1,ctgov_a1_designpilot_20260710,Edoxaban vs. Warfarin in Subjects Undergoing Cardioversion of Nonvalvular Atrial Fibrillation (NVAF),"A Prospective, Randomized, Open-Label Blinded Endpoint Evaluation (PROBE) Parallel Group Study Comparing Edoxaban (DU-176b) With Enoxaparin/Warfarin Followed by Warfarin Alone in Subjects Undergoing Planned Electrical Cardioversion of Nonvalvular Atrial Fibrillation",COMPLETED,INTERVENTIONAL,PHASE3,2199,Atrial Fibrillation,DRUG:Edoxaban|DRUG:Warfarin|DRUG:Enoxaparin,Daiichi Sankyo,https://clinicaltrials.gov/study/NCT02072434,"Goette A, Merino JL, Ezekowitz MD, Zamoryakhin D, Melino M, Jin J, Mercuri MF, Grosso MA, Fernandez V, Al-Saady N, Pelekh N, Merkely B, Zenin S, Kushnir M, Spinar J, Batushkin V, de Groot JR, Lip GY; ENSURE-AF investigators. Edoxaban versus enoxaparin-warfarin in patients undergoing cardioversion of atrial fibrillation (ENSURE-AF): a randomised, open-label, phase 3b trial. Lancet. 2016 Oct 22;388(10055):1995-2003. doi: 10.1016/S0140-6736(16)31474-X. Epub 2016 Aug 30.",research/searches/A1/clinicaltrials/ctgov_a1_designpilot_20260710/page_001.json,27590218,REC-PUBMED-27590218,,,,,,https://pubmed.ncbi.nlm.nih.gov/27590218/,,false,context_only_no_linkage_decision
LINK-CTGOV-NCT02072434-PMID-29947751,high_derived_reference,DERIVED,NCT02072434,REC-CTGOV-NCT02072434,A1,ctgov_a1_designpilot_20260710,Edoxaban vs. Warfarin in Subjects Undergoing Cardioversion of Nonvalvular Atrial Fibrillation (NVAF),"A Prospective, Randomized, Open-Label Blinded Endpoint Evaluation (PROBE) Parallel Group Study Comparing Edoxaban (DU-176b) With Enoxaparin/Warfarin Followed by Warfarin Alone in Subjects Undergoing Planned Electrical Cardioversion of Nonvalvular Atrial Fibrillation",COMPLETED,INTERVENTIONAL,PHASE3,2199,Atrial Fibrillation,DRUG:Edoxaban|DRUG:Warfarin|DRUG:Enoxaparin,Daiichi Sankyo,https://clinicaltrials.gov/study/NCT02072434,"Goette A, Kwong WJ, Ezekowitz MD, Banach M, Hjortshoj SP, Zamoryakhin D, Lip GYH. Edoxaban therapy increases treatment satisfaction and reduces utilization of healthcare resources: an analysis from the EdoxabaN vs. warfarin in subjectS UndeRgoing cardiovErsion of atrial fibrillation (ENSURE-AF) study. Europace. 2018 Dec 1;20(12):1936-1943. doi: 10.1093/europace/euy141.",research/searches/A1/clinicaltrials/ctgov_a1_designpilot_20260710/page_001.json,29947751,REC-PUBMED-29947751,,,,,,https://pubmed.ncbi.nlm.nih.gov/29947751/,,false,context_only_no_linkage_decision
LINK-CTGOV-NCT02100228-PMID-29659797,high_derived_reference,DERIVED,NCT02100228,REC-CTGOV-NCT02100228,A1,ctgov_a1_designpilot_20260710,"Study Of The Blood Thinner, Apixaban, For Patients Who Have An Abnormal Heart Rhythm (Atrial Fibrillation) And Expected To Have Treatment To Put Them Back Into A Normal Heart Rhythm (Cardioversion)",A Phase Iv Trial To Assess The Effectiveness Of Apixaban Compared With Usual Care Anticoagulation In Subjects With Non-valvular Atrial Fibrillation Undergoing Cardioversion,COMPLETED,INTERVENTIONAL,PHASE4,1500,Atrial Fibrillation,DRUG:Apixaban|DRUG:Parenteral heparin and/or oral Vitamin K antagonist,Pfizer,https://clinicaltrials.gov/study/NCT02100228,"Ezekowitz MD, Pollack CV Jr, Halperin JL, England RD, VanPelt Nguyen S, Spahr J, Sudworth M, Cater NB, Breazna A, Oldgren J, Kirchhof P. Apixaban compared to heparin/vitamin K antagonist in patients with atrial fibrillation scheduled for cardioversion: the EMANATE trial. Eur Heart J. 2018 Aug 21;39(32):2959-2971. doi: 10.1093/eurheartj/ehy148.",research/searches/A1/clinicaltrials/ctgov_a1_designpilot_20260710/page_001.json,29659797,REC-PUBMED-29659797,Apixaban compared to heparin/vitamin K antagonist in patients with atrial fibrillation scheduled for cardioversion: the EMANATE trial.,Ezekowitz MD,2018,European heart journal,10.1093/eurheartj/ehy148,https://pubmed.ncbi.nlm.nih.gov/29659797/,research/searches/A1/pubmed/pubmed_a1_designpilot_20260710/efetch_019.xml,true,context_only_no_linkage_decision
LINK-CTGOV-NCT02178410-PMID-33724323,critical_result_reference,RESULT,NCT02178410,REC-CTGOV-NCT02178410,A2,ctgov_a2_designpilot_20260710,VITAL Rhythm Study,Vitamin D and Omega-3 Trial (VITAL Rhythm Study),ACTIVE_NOT_RECRUITING,INTERVENTIONAL,PHASE3,25119,Cardiovascular Disease,DIETARY_SUPPLEMENT:Vitamin D3|DRUG:Omega-3 fatty acids (fish oil)|DIETARY_SUPPLEMENT:Fish oil placebo|DIETARY_SUPPLEMENT:Vitamin D3 placebo,Brigham and Women's Hospital,https://clinicaltrials.gov/study/NCT02178410,"Albert CM, Cook NR, Pester J, Moorthy MV, Ridge C, Danik JS, Gencer B, Siddiqi HK, Ng C, Gibson H, Mora S, Buring JE, Manson JE. Effect of Marine Omega-3 Fatty Acid and Vitamin D Supplementation on Incident Atrial Fibrillation: A Randomized Clinical Trial. JAMA. 2021 Mar 16;325(11):1061-1073. doi: 10.1001/jama.2021.1489.",research/searches/A2/clinicaltrials/ctgov_a2_designpilot_20260710/page_001.json,33724323,REC-PUBMED-33724323,,,,,,https://pubmed.ncbi.nlm.nih.gov/33724323/,,false,context_only_no_linkage_decision
LINK-CTGOV-NCT02178410-PMID-34612056,critical_result_reference,RESULT,NCT02178410,REC-CTGOV-NCT02178410,A2,ctgov_a2_designpilot_20260710,VITAL Rhythm Study,Vitamin D and Omega-3 Trial (VITAL Rhythm Study),ACTIVE_NOT_RECRUITING,INTERVENTIONAL,PHASE3,25119,Cardiovascular Disease,DIETARY_SUPPLEMENT:Vitamin D3|DRUG:Omega-3 fatty acids (fish oil)|DIETARY_SUPPLEMENT:Fish oil placebo|DIETARY_SUPPLEMENT:Vitamin D3 placebo,Brigham and Women's Hospital,https://clinicaltrials.gov/study/NCT02178410,"Gencer B, Djousse L, Al-Ramady OT, Cook NR, Manson JE, Albert CM. Effect of Long-Term Marine ɷ-3 Fatty Acids Supplementation on the Risk of Atrial Fibrillation in Randomized Controlled Trials of Cardiovascular Outcomes: A Systematic Review and Meta-Analysis. Circulation. 2021 Dec 21;144(25):1981-1990. doi: 10.1161/CIRCULATIONAHA.121.055654. Epub 2021 Oct 6.",research/searches/A2/clinicaltrials/ctgov_a2_designpilot_20260710/page_001.json,34612056,REC-PUBMED-34612056,,,,,,https://pubmed.ncbi.nlm.nih.gov/34612056/,,false,context_only_no_linkage_decision
LINK-CTGOV-NCT02178410-PMID-36044209,critical_result_reference,RESULT,NCT02178410,REC-CTGOV-NCT02178410,A2,ctgov_a2_designpilot_20260710,VITAL Rhythm Study,Vitamin D and Omega-3 Trial (VITAL Rhythm Study),ACTIVE_NOT_RECRUITING,INTERVENTIONAL,PHASE3,25119,Cardiovascular Disease,DIETARY_SUPPLEMENT:Vitamin D3|DRUG:Omega-3 fatty acids (fish oil)|DIETARY_SUPPLEMENT:Fish oil placebo|DIETARY_SUPPLEMENT:Vitamin D3 placebo,Brigham and Women's Hospital,https://clinicaltrials.gov/study/NCT02178410,"Siddiqi HK, Vinayagamoorthy M, Gencer B, Ng C, Pester J, Cook NR, Lee IM, Buring J, Manson JE, Albert CM. Sex Differences in Atrial Fibrillation Risk: The VITAL Rhythm Study. JAMA Cardiol. 2022 Oct 1;7(10):1027-1035. doi: 10.1001/jamacardio.2022.2825.",research/searches/A2/clinicaltrials/ctgov_a2_designpilot_20260710/page_001.json,36044209,REC-PUBMED-36044209,,,,,,https://pubmed.ncbi.nlm.nih.gov/36044209/,,false,context_only_no_linkage_decision
LINK-CTGOV-NCT02178410-PMID-37454148,high_derived_reference,DERIVED,NCT02178410,REC-CTGOV-NCT02178410,A2,ctgov_a2_designpilot_20260710,VITAL Rhythm Study,Vitamin D and Omega-3 Trial (VITAL Rhythm Study),ACTIVE_NOT_RECRUITING,INTERVENTIONAL,PHASE3,25119,Cardiovascular Disease,DIETARY_SUPPLEMENT:Vitamin D3|DRUG:Omega-3 fatty acids (fish oil)|DIETARY_SUPPLEMENT:Fish oil placebo|DIETARY_SUPPLEMENT:Vitamin D3 placebo,Brigham and Women's Hospital,https://clinicaltrials.gov/study/NCT02178410,"Tikkanen JT, Soliman EZ, Pester J, Danik JS, Gomelskya N, Copeland T, Lee IM, Buring JE, Manson JE, Cook NR, Albert CM. A randomized clinical trial of omega-3 fatty acid and vitamin D supplementation on electrocardiographic risk profiles. Sci Rep. 2023 Jul 15;13(1):11454. doi: 10.1038/s41598-023-38344-x.",research/searches/A2/clinicaltrials/ctgov_a2_designpilot_20260710/page_001.json,37454148,REC-PUBMED-37454148,,,,,,https://pubmed.ncbi.nlm.nih.gov/37454148/,,false,context_only_no_linkage_decision
LINK-CTGOV-NCT02178410-PMID-37468189,critical_result_reference,RESULT,NCT02178410,REC-CTGOV-NCT02178410,A2,ctgov_a2_designpilot_20260710,VITAL Rhythm Study,Vitamin D and Omega-3 Trial (VITAL Rhythm Study),ACTIVE_NOT_RECRUITING,INTERVENTIONAL,PHASE3,25119,Cardiovascular Disease,DIETARY_SUPPLEMENT:Vitamin D3|DRUG:Omega-3 fatty acids (fish oil)|DIETARY_SUPPLEMENT:Fish oil placebo|DIETARY_SUPPLEMENT:Vitamin D3 placebo,Brigham and Women's Hospital,https://clinicaltrials.gov/study/NCT02178410,"Qian F, Tintle N, Jensen PN, Lemaitre RN, Imamura F, Feldreich TR, Nomura SO, Guan W, Laguzzi F, Kim E, Virtanen JK, Steur M, Bork CS, Hirakawa Y, O'Donoghue ML, Sala-Vila A, Ardisson Korat AV, Sun Q, Rimm EB, Psaty BM, Heckbert SR, Forouhi NG, Wareham NJ, Marklund M, Riserus U, Lind L, Arnlov J, Garg P, Tsai MY, Pankow J, Misialek JR, Gigante B, Leander K, Pester JA, Albert CM, Kavousi M, Ikram A, Voortman T, Schmidt EB, Ninomiya T, Morrow DA, Bayes-Genis A, O'Keefe JH, Ong KL, Wu JHY, Mozaffarian D, Harris WS, Siscovick DS; Fatty Acids and Outcomes Research Consortium (FORCE). Omega-3 Fatty Acid Biomarkers and Incident Atrial Fibrillation. J Am Coll Cardiol. 2023 Jul 25;82(4):336-349. doi: 10.1016/j.jacc.2023.05.024.",research/searches/A2/clinicaltrials/ctgov_a2_designpilot_20260710/page_001.json,37468189,REC-PUBMED-37468189,,,,,,https://pubmed.ncbi.nlm.nih.gov/37468189/,,false,context_only_no_linkage_decision
LINK-CTGOV-NCT02178410-PMID-38018439,critical_result_reference,RESULT,NCT02178410,REC-CTGOV-NCT02178410,A2,ctgov_a2_designpilot_20260710,VITAL Rhythm Study,Vitamin D and Omega-3 Trial (VITAL Rhythm Study),ACTIVE_NOT_RECRUITING,INTERVENTIONAL,PHASE3,25119,Cardiovascular Disease,DIETARY_SUPPLEMENT:Vitamin D3|DRUG:Omega-3 fatty acids (fish oil)|DIETARY_SUPPLEMENT:Fish oil placebo|DIETARY_SUPPLEMENT:Vitamin D3 placebo,Brigham and Women's Hospital,https://clinicaltrials.gov/study/NCT02178410,"Middeldorp ME, Sandhu RK, Mao J, Gencer B, Danik JS, Moorthy V, Cook NR, Albert CM. Risk Factors for the Development of New-Onset Persistent Atrial Fibrillation: Subanalysis of the VITAL Study. Circ Arrhythm Electrophysiol. 2023 Dec;16(12):651-662. doi: 10.1161/CIRCEP.123.012334. Epub 2023 Nov 29.",research/searches/A2/clinicaltrials/ctgov_a2_designpilot_20260710/page_001.json,38018439,REC-PUBMED-38018439,,,,,,https://pubmed.ncbi.nlm.nih.gov/38018439/,,false,context_only_no_linkage_decision
LINK-CTGOV-NCT02219984-PMID-26001109,high_derived_reference,DERIVED,NCT02219984,REC-CTGOV-NCT02219984,A1,ctgov_a1_designpilot_20260710,START-Register: Survey on Anticoagulated Patients Register,Phase 4 Study on Clinical History of Patients Who Start a Chronic Anticoagulant Treatment,RECRUITING,OBSERVATIONAL,,15410,Atrial Fibrillation|Venous Thromboembolism|Heart Valve Diseases or Prosthesis,DRUG:Anticoagulants,GUALTIERO PALARETI,https://clinicaltrials.gov/study/NCT02219984,"Antonucci E, Poli D, Tosetto A, Pengo V, Tripodi A, Magrini N, Marongiu F, Palareti G; START-Register. The Italian START-Register on Anticoagulation with Focus on Atrial Fibrillation. PLoS One. 2015 May 22;10(5):e0124719. doi: 10.1371/journal.pone.0124719. eCollection 2015.",research/searches/A1/clinicaltrials/ctgov_a1_designpilot_20260710/page_001.json,26001109,REC-PUBMED-26001109,The Italian START-Register on Anticoagulation with Focus on Atrial Fibrillation.,Antonucci E,2015,PloS one,10.1371/journal.pone.0124719,https://pubmed.ncbi.nlm.nih.gov/26001109/,research/searches/A1/pubmed/pubmed_a1_designpilot_20260710/efetch_030.xml,true,context_only_no_linkage_decision
LINK-CTGOV-NCT02219984-PMID-40519207,high_derived_reference,DERIVED,NCT02219984,REC-CTGOV-NCT02219984,A1,ctgov_a1_designpilot_20260710,START-Register: Survey on Anticoagulated Patients Register,Phase 4 Study on Clinical History of Patients Who Start a Chronic Anticoagulant Treatment,RECRUITING,OBSERVATIONAL,,15410,Atrial Fibrillation|Venous Thromboembolism|Heart Valve Diseases or Prosthesis,DRUG:Anticoagulants,GUALTIERO PALARETI,https://clinicaltrials.gov/study/NCT02219984,"Menichelli D, Antonucci E, Gazzaniga G, Poli D, Armentaro G, di Carlo G, Marcucci R, Calabro P, Cesaro A, Palareti G, Sciacqua A, Pignatelli P, Pastori D; START 2 Collaborators *. Atrial Fibrillation, Heart Failure Phenotypes, and Mortality Risk in the Nationwide START Registry: A Propensity Score Matching Analysis. J Am Heart Assoc. 2025 Jun 17;14(12):e042586. doi: 10.1161/JAHA.125.042586. Epub 2025 Jun 16.",research/searches/A1/clinicaltrials/ctgov_a1_designpilot_20260710/page_001.json,40519207,REC-PUBMED-40519207,,,,,,https://pubmed.ncbi.nlm.nih.gov/40519207/,,false,context_only_no_linkage_decision
LINK-CTGOV-NCT02219984-PMID-41182346,high_derived_reference,DERIVED,NCT02219984,REC-CTGOV-NCT02219984,A1,ctgov_a1_designpilot_20260710,START-Register: Survey on Anticoagulated Patients Register,Phase 4 Study on Clinical History of Patients Who Start a Chronic Anticoagulant Treatment,RECRUITING,OBSERVATIONAL,,15410,Atrial Fibrillation|Venous Thromboembolism|Heart Valve Diseases or Prosthesis,DRUG:Anticoagulants,GUALTIERO PALARETI,https://clinicaltrials.gov/study/NCT02219984,"Menichelli D, Gazzaniga G, Poli D, Palareti G, Antonucci E, Pani A, Pignatelli P, Pastori D; START2 Register Investigators. Real-world use of direct oral anticoagulants in atrial fibrillation patients with moderate/severe chronic kidney disease: a propensity score matched analysis from the START registry. Clin Res Cardiol. 2025 Nov 3. doi: 10.1007/s00392-025-02765-7. Online ahead of print.",research/searches/A1/clinicaltrials/ctgov_a1_designpilot_20260710/page_001.json,41182346,REC-PUBMED-41182346,Real-world use of direct oral anticoagulants in atrial fibrillation patients with moderate/severe chronic kidney disease: a propensity score matched analysis from the START registry.,Menichelli D,2025,Clinical research in cardiology : official journal of the German Cardiac Society,10.1007/s00392-025-02765-7,https://pubmed.ncbi.nlm.nih.gov/41182346/,research/searches/A1/pubmed/pubmed_a1_designpilot_20260710/efetch_043.xml,true,context_only_no_linkage_decision
LINK-CTGOV-NCT02227550-PMID-28130378,manual_background_reference,BACKGROUND,NCT02227550,REC-CTGOV-NCT02227550,A1,ctgov_a1_designpilot_20260710,Apixaban During Atrial Fibrillation Catheter Ablation: Comparison to Vitamin K Antagonist Therapy,"An Investigator-driven, Prospective, Parallel-group, Randomised, Open, Blinded Outcome Assessment (PROBE), Multi-centre Trial to Determine the Optimal Anticoagulation Therapy for Patients Untergoing Catheter Ablation of Atrial Fibrillation",COMPLETED,INTERVENTIONAL,PHASE4,676,Atrial Fibrillation,DRUG:Vitamin K antagonist|DRUG:Apixaban,Atrial Fibrillation Network,https://clinicaltrials.gov/study/NCT02227550,"Di Biase L, Callans D, Haeusler KG, Hindricks G, Al-Khalidi H, Mont L, Cosedis Nielsen J, Piccini JP, Schotten U, Kirchhof P. Rationale and design of AXAFA-AFNET 5: an investigator-initiated, randomized, open, blinded outcome assessment, multi-centre trial to comparing continuous apixaban to vitamin K antagonists in patients undergoing atrial fibrillation catheter ablation. Europace. 2017 Jan;19(1):132-138. doi: 10.1093/europace/euw368.",research/searches/A1/clinicaltrials/ctgov_a1_designpilot_20260710/page_001.json,28130378,REC-PUBMED-28130378,"Rationale and design of AXAFA-AFNET 5: an investigator-initiated, randomized, open, blinded outcome assessment, multi-centre trial to comparing continuous apixaban to vitamin K antagonists in patients undergoing atrial fibrillation catheter ablation.",Di Biase L,2017,"Europace : European pacing, arrhythmias, and cardiac electrophysiology : journal of the working groups on cardiac pacing, arrhythmias, and cardiac cellular electrophysiology of the European Society of Cardiology",10.1093/europace/euw368,https://pubmed.ncbi.nlm.nih.gov/28130378/,research/searches/A1/pubmed/pubmed_a1_designpilot_20260710/efetch_023.xml,true,context_only_no_linkage_decision
LINK-CTGOV-NCT02227550-PMID-32725107,high_derived_reference,DERIVED,NCT02227550,REC-CTGOV-NCT02227550,A1,ctgov_a1_designpilot_20260710,Apixaban During Atrial Fibrillation Catheter Ablation: Comparison to Vitamin K Antagonist Therapy,"An Investigator-driven, Prospective, Parallel-group, Randomised, Open, Blinded Outcome Assessment (PROBE), Multi-centre Trial to Determine the Optimal Anticoagulation Therapy for Patients Untergoing Catheter Ablation of Atrial Fibrillation",COMPLETED,INTERVENTIONAL,PHASE4,676,Atrial Fibrillation,DRUG:Vitamin K antagonist|DRUG:Apixaban,Atrial Fibrillation Network,https://clinicaltrials.gov/study/NCT02227550,"Zink MD, Chua W, Zeemering S, di Biase L, Antoni BL, David C, Hindricks G, Haeusler KG, Al-Khalidi HR, Piccini JP, Mont L, Nielsen JC, Escobar LA, de Bono J, Van Gelder IC, de Potter T, Scherr D, Themistoclakis S, Todd D, Kirchhof P, Schotten U. Predictors of recurrence of atrial fibrillation within the first 3 months after ablation. Europace. 2020 Sep 1;22(9):1337-1344. doi: 10.1093/europace/euaa132.",research/searches/A1/clinicaltrials/ctgov_a1_designpilot_20260710/page_001.json,32725107,REC-PUBMED-32725107,Predictors of recurrence of atrial fibrillation within the first 3 months after ablation.,Zink MD,2020,"Europace : European pacing, arrhythmias, and cardiac electrophysiology : journal of the working groups on cardiac pacing, arrhythmias, and cardiac cellular electrophysiology of the European Society of Cardiology",10.1093/europace/euaa132,https://pubmed.ncbi.nlm.nih.gov/32725107/,research/searches/A1/pubmed/pubmed_a1_designpilot_20260710/efetch_059.xml,true,context_only_no_linkage_decision
LINK-CTGOV-NCT02227550-PMID-35135308,high_derived_reference,DERIVED,NCT02227550,REC-CTGOV-NCT02227550,A1,ctgov_a1_designpilot_20260710,Apixaban During Atrial Fibrillation Catheter Ablation: Comparison to Vitamin K Antagonist Therapy,"An Investigator-driven, Prospective, Parallel-group, Randomised, Open, Blinded Outcome Assessment (PROBE), Multi-centre Trial to Determine the Optimal Anticoagulation Therapy for Patients Untergoing Catheter Ablation of Atrial Fibrillation",COMPLETED,INTERVENTIONAL,PHASE4,676,Atrial Fibrillation,DRUG:Vitamin K antagonist|DRUG:Apixaban,Atrial Fibrillation Network,https://clinicaltrials.gov/study/NCT02227550,"Haeusler KG, Eichner FA, Heuschmann PU, Fiebach JB, Engelhorn T, Blank B, Callans D, Elvan A, Grimaldi M, Hansen J, Hindricks G, Al-Khalidi HR, Mont L, Nielsen JC, Piccini JP, Schotten U, Themistoclakis S, Vijgen J, Di Biase L, Kirchhof P. MRI-Detected Brain Lesions and Cognitive Function in Patients With Atrial Fibrillation Undergoing Left Atrial Catheter Ablation in the Randomized AXAFA-AFNET 5 Trial. Circulation. 2022 Mar 22;145(12):906-915. doi: 10.1161/CIRCULATIONAHA.121.056320. Epub 2022 Feb 9.",research/searches/A1/clinicaltrials/ctgov_a1_designpilot_20260710/page_001.json,35135308,REC-PUBMED-35135308,MRI-Detected Brain Lesions and Cognitive Function in Patients With Atrial Fibrillation Undergoing Left Atrial Catheter Ablation in the Randomized AXAFA-AFNET 5 Trial.,Haeusler KG,2022,Circulation,10.1161/circulationaha.121.056320,https://pubmed.ncbi.nlm.nih.gov/35135308/,research/searches/A1/pubmed/pubmed_a1_designpilot_20260710/efetch_053.xml,true,context_only_no_linkage_decision
LINK-CTGOV-NCT02227550-PMID-37897713,high_derived_reference,DERIVED,NCT02227550,REC-CTGOV-NCT02227550,A1,ctgov_a1_designpilot_20260710,Apixaban During Atrial Fibrillation Catheter Ablation: Comparison to Vitamin K Antagonist Therapy,"An Investigator-driven, Prospective, Parallel-group, Randomised, Open, Blinded Outcome Assessment (PROBE), Multi-centre Trial to Determine the Optimal Anticoagulation Therapy for Patients Untergoing Catheter Ablation of Atrial Fibrillation",COMPLETED,INTERVENTIONAL,PHASE4,676,Atrial Fibrillation,DRUG:Vitamin K antagonist|DRUG:Apixaban,Atrial Fibrillation Network,https://clinicaltrials.gov/study/NCT02227550,"Haeusler KG, Eichner FA, Heuschmann PU, Fiebach JB, Engelhorn T, Callans D, De Potter T, Debruyne P, Scherr D, Hindricks G, Al-Khalidi HR, Mont L, Kim WY, Piccini JP, Schotten U, Themistoclakis S, Di Biase L, Kirchhof P. Detection of brain lesions after catheter ablation depends on imaging criteria: insights from AXAFA-AFNET 5 trial. Europace. 2023 Dec 6;25(12):euad323. doi: 10.1093/europace/euad323.",research/searches/A1/clinicaltrials/ctgov_a1_designpilot_20260710/page_001.json,37897713,REC-PUBMED-37897713,,,,,,https://pubmed.ncbi.nlm.nih.gov/37897713/,,false,context_only_no_linkage_decision
LINK-CTGOV-NCT02273609-PMID-12968085,critical_result_reference,RESULT,NCT02273609,REC-CTGOV-NCT02273609,A1,ctgov_a1_designpilot_20260710,INR Control and Atrial Fibrillation in Primary Care in Spain (PAULA),English: Current Perspective of the Status of Anticoagulation in Clinical Practice in Primare Care. Spanish: Perspectiva Actual de la sitUación de la anticoaguLación en la práctica clínica de Atención Primaria.,COMPLETED,OBSERVATIONAL,,1524,Atrial Fibrillation and Flutter,DRUG:Vitamin K antagonists (acenocoumarol or warfarin),Vivencio Barrios,https://clinicaltrials.gov/study/NCT02273609,"Hylek EM, Go AS, Chang Y, Jensvold NG, Henault LE, Selby JV, Singer DE. Effect of intensity of oral anticoagulation on stroke severity and mortality in atrial fibrillation. N Engl J Med. 2003 Sep 11;349(11):1019-26. doi: 10.1056/NEJMoa022913.",research/searches/A1/clinicaltrials/ctgov_a1_designpilot_20260710/page_001.json,12968085,REC-PUBMED-12968085,,,,,,https://pubmed.ncbi.nlm.nih.gov/12968085/,,false,context_only_no_linkage_decision
LINK-CTGOV-NCT02273609-PMID-15546539,critical_result_reference,RESULT,NCT02273609,REC-CTGOV-NCT02273609,A1,ctgov_a1_designpilot_20260710,INR Control and Atrial Fibrillation in Primary Care in Spain (PAULA),English: Current Perspective of the Status of Anticoagulation in Clinical Practice in Primare Care. Spanish: Perspectiva Actual de la sitUación de la anticoaguLación en la práctica clínica de Atención Primaria.,COMPLETED,OBSERVATIONAL,,1524,Atrial Fibrillation and Flutter,DRUG:Vitamin K antagonists (acenocoumarol or warfarin),Vivencio Barrios,https://clinicaltrials.gov/study/NCT02273609,"Clua Espuny JL, Dalmau Llorca MR, Aguilar Martin C; Grupo de Trabajo. [Characteristics of oral anti-coagulation treatment in high-risk chronic auricular fibrillation]. Aten Primaria. 2004 Nov 15;34(8):414-9. doi: 10.1016/s0212-6567(04)78925-8. Spanish.",research/searches/A1/clinicaltrials/ctgov_a1_designpilot_20260710/page_001.json,15546539,REC-PUBMED-15546539,,,,,,https://pubmed.ncbi.nlm.nih.gov/15546539/,,false,context_only_no_linkage_decision
LINK-CTGOV-NCT02273609-PMID-16494639,critical_result_reference,RESULT,NCT02273609,REC-CTGOV-NCT02273609,A1,ctgov_a1_designpilot_20260710,INR Control and Atrial Fibrillation in Primary Care in Spain (PAULA),English: Current Perspective of the Status of Anticoagulation in Clinical Practice in Primare Care. Spanish: Perspectiva Actual de la sitUación de la anticoaguLación en la práctica clínica de Atención Primaria.,COMPLETED,OBSERVATIONAL,,1524,Atrial Fibrillation and Flutter,DRUG:Vitamin K antagonists (acenocoumarol or warfarin),Vivencio Barrios,https://clinicaltrials.gov/study/NCT02273609,"Boulanger L, Kim J, Friedman M, Hauch O, Foster T, Menzin J. Patterns of use of antithrombotic therapy and quality of anticoagulation among patients with non-valvular atrial fibrillation in clinical practice. Int J Clin Pract. 2006 Mar;60(3):258-64. doi: 10.1111/j.1368-5031.2006.00790.x.",research/searches/A1/clinicaltrials/ctgov_a1_designpilot_20260710/page_001.json,16494639,REC-PUBMED-16494639,,,,,,https://pubmed.ncbi.nlm.nih.gov/16494639/,,false,context_only_no_linkage_decision
LINK-CTGOV-NCT02273609-PMID-17221328,critical_result_reference,RESULT,NCT02273609,REC-CTGOV-NCT02273609,A1,ctgov_a1_designpilot_20260710,INR Control and Atrial Fibrillation in Primary Care in Spain (PAULA),English: Current Perspective of the Status of Anticoagulation in Clinical Practice in Primare Care. Spanish: Perspectiva Actual de la sitUación de la anticoaguLación en la práctica clínica de Atención Primaria.,COMPLETED,OBSERVATIONAL,,1524,Atrial Fibrillation and Flutter,DRUG:Vitamin K antagonists (acenocoumarol or warfarin),Vivencio Barrios,https://clinicaltrials.gov/study/NCT02273609,"Ansell J, Hollowell J, Pengo V, Martinez-Brotons F, Caro J, Drouet L. Descriptive analysis of the process and quality of oral anticoagulation management in real-life practice in patients with chronic non-valvular atrial fibrillation: the international study of anticoagulation management (ISAM). J Thromb Thrombolysis. 2007 Apr;23(2):83-91. doi: 10.1007/s11239-006-9022-7.",research/searches/A1/clinicaltrials/ctgov_a1_designpilot_20260710/page_001.json,17221328,REC-PUBMED-17221328,Descriptive analysis of the process and quality of oral anticoagulation management in real-life practice in patients with chronic non-valvular atrial fibrillation: the international study of anticoagulation management (ISAM).,Ansell J,2007,Journal of thrombosis and thrombolysis,10.1007/s11239-006-9022-7,https://pubmed.ncbi.nlm.nih.gov/17221328/,research/searches/A1/pubmed/pubmed_a1_designpilot_20260710/efetch_009.xml,true,context_only_no_linkage_decision
LINK-CTGOV-NCT02273609-PMID-19062079,critical_result_reference,RESULT,NCT02273609,REC-CTGOV-NCT02273609,A1,ctgov_a1_designpilot_20260710,INR Control and Atrial Fibrillation in Primary Care in Spain (PAULA),English: Current Perspective of the Status of Anticoagulation in Clinical Practice in Primare Care. Spanish: Perspectiva Actual de la sitUación de la anticoaguLación en la práctica clínica de Atención Primaria.,COMPLETED,OBSERVATIONAL,,1524,Atrial Fibrillation and Flutter,DRUG:Vitamin K antagonists (acenocoumarol or warfarin),Vivencio Barrios,https://clinicaltrials.gov/study/NCT02273609,"Morgan CL, McEwan P, Tukiendorf A, Robinson PA, Clemens A, Plumb JM. Warfarin treatment in patients with atrial fibrillation: observing outcomes associated with varying levels of INR control. Thromb Res. 2009 May;124(1):37-41. doi: 10.1016/j.thromres.2008.09.016. Epub 2008 Dec 4.",research/searches/A1/clinicaltrials/ctgov_a1_designpilot_20260710/page_001.json,19062079,REC-PUBMED-19062079,,,,,,https://pubmed.ncbi.nlm.nih.gov/19062079/,,false,context_only_no_linkage_decision
LINK-CTGOV-NCT02273609-PMID-21504259,critical_result_reference,RESULT,NCT02273609,REC-CTGOV-NCT02273609,A1,ctgov_a1_designpilot_20260710,INR Control and Atrial Fibrillation in Primary Care in Spain (PAULA),English: Current Perspective of the Status of Anticoagulation in Clinical Practice in Primare Care. Spanish: Perspectiva Actual de la sitUación de la anticoaguLación en la práctica clínica de Atención Primaria.,COMPLETED,OBSERVATIONAL,,1524,Atrial Fibrillation and Flutter,DRUG:Vitamin K antagonists (acenocoumarol or warfarin),Vivencio Barrios,https://clinicaltrials.gov/study/NCT02273609,"Melamed OC, Horowitz G, Elhayany A, Vinker S. Quality of anticoagulation control among patients with atrial fibrillation. Am J Manag Care. 2011 Mar;17(3):232-7.",research/searches/A1/clinicaltrials/ctgov_a1_designpilot_20260710/page_001.json,21504259,REC-PUBMED-21504259,,,,,,https://pubmed.ncbi.nlm.nih.gov/21504259/,,false,context_only_no_linkage_decision
LINK-CTGOV-NCT02273609-PMID-21901239,critical_result_reference,RESULT,NCT02273609,REC-CTGOV-NCT02273609,A1,ctgov_a1_designpilot_20260710,INR Control and Atrial Fibrillation in Primary Care in Spain (PAULA),English: Current Perspective of the Status of Anticoagulation in Clinical Practice in Primare Care. Spanish: Perspectiva Actual de la sitUación de la anticoaguLación en la práctica clínica de Atención Primaria.,COMPLETED,OBSERVATIONAL,,1524,Atrial Fibrillation and Flutter,DRUG:Vitamin K antagonists (acenocoumarol or warfarin),Vivencio Barrios,https://clinicaltrials.gov/study/NCT02273609,"Gallagher AM, Setakis E, Plumb JM, Clemens A, van Staa TP. Risks of stroke and mortality associated with suboptimal anticoagulation in atrial fibrillation patients. Thromb Haemost. 2011 Nov;106(5):968-77. doi: 10.1160/TH11-05-0353. Epub 2011 Sep 8.",research/searches/A1/clinicaltrials/ctgov_a1_designpilot_20260710/page_001.json,21901239,REC-PUBMED-21901239,,,,,,https://pubmed.ncbi.nlm.nih.gov/21901239/,,false,context_only_no_linkage_decision
LINK-CTGOV-NCT02273609-PMID-23683967,critical_result_reference,RESULT,NCT02273609,REC-CTGOV-NCT02273609,A1,ctgov_a1_designpilot_20260710,INR Control and Atrial Fibrillation in Primary Care in Spain (PAULA),English: Current Perspective of the Status of Anticoagulation in Clinical Practice in Primare Care. Spanish: Perspectiva Actual de la sitUación de la anticoaguLación en la práctica clínica de Atención Primaria.,COMPLETED,OBSERVATIONAL,,1524,Atrial Fibrillation and Flutter,DRUG:Vitamin K antagonists (acenocoumarol or warfarin),Vivencio Barrios,https://clinicaltrials.gov/study/NCT02273609,"Lobos-Bejarano JM, del Castillo-Rodriguez JC, Mena-Gonzalez A, Aleman-Sanchez JJ, Cabrera de Leon A, Baron-Esquivias G, Pastor-Fuentes A; en nombre de los Investigadores del Estudio FIATE (Situacion actual de la FIbrilacion auricular en ATencion primaria en Espana). [Patients' characteristics and clinical management of atrial fibrillation in primary healthcare in Spain: FIATE Study]. Med Clin (Barc). 2013 Oct 5;141(7):279-86. doi: 10.1016/j.medcli.2012.12.023. Epub 2013 May 15. Spanish.",research/searches/A1/clinicaltrials/ctgov_a1_designpilot_20260710/page_001.json,23683967,REC-PUBMED-23683967,,,,,,https://pubmed.ncbi.nlm.nih.gov/23683967/,,false,context_only_no_linkage_decision
LINK-CTGOV-NCT02273609-PMID-25173533,critical_result_reference,RESULT,NCT02273609,REC-CTGOV-NCT02273609,A1,ctgov_a1_designpilot_20260710,INR Control and Atrial Fibrillation in Primary Care in Spain (PAULA),English: Current Perspective of the Status of Anticoagulation in Clinical Practice in Primare Care. Spanish: Perspectiva Actual de la sitUación de la anticoaguLación en la práctica clínica de Atención Primaria.,COMPLETED,OBSERVATIONAL,,1524,Atrial Fibrillation and Flutter,DRUG:Vitamin K antagonists (acenocoumarol or warfarin),Vivencio Barrios,https://clinicaltrials.gov/study/NCT02273609,"Hess PL, Mirro MJ, Diener HC, Eikelboom JW, Al-Khatib SM, Hylek EM, Bosworth HB, Gersh BJ, Singer DE, Flaker G, Mega JL, Peterson ED, Rumsfeld JS, Steinberg BA, Kakkar AK, Califf RM, Granger CB; Atrial Fibrillation Think-Tank Participants. Addressing barriers to optimal oral anticoagulation use and persistence among patients with atrial fibrillation: Proceedings, Washington, DC, December 3-4, 2012. Am Heart J. 2014 Sep;168(3):239-247.e1. doi: 10.1016/j.ahj.2014.04.007. Epub 2014 Apr 24.",research/searches/A1/clinicaltrials/ctgov_a1_designpilot_20260710/page_001.json,25173533,REC-PUBMED-25173533,"Addressing barriers to optimal oral anticoagulation use and persistence among patients with atrial fibrillation: Proceedings, Washington, DC, December 3-4, 2012.",Hess PL,2014,American heart journal,10.1016/j.ahj.2014.04.007,https://pubmed.ncbi.nlm.nih.gov/25173533/,research/searches/A1/pubmed/pubmed_a1_designpilot_20260710/efetch_032.xml,true,context_only_no_linkage_decision
LINK-CTGOV-NCT02303795-PMID-33045224,high_derived_reference,DERIVED,NCT02303795,REC-CTGOV-NCT02303795,A1,ctgov_a1_designpilot_20260710,RIvaroxaban for Valvular Heart diseasE and atRial Fibrillation Trial -RIVER Trial,"A Phase 2, Randomized, Open Label, Non-Inferiority Clinical Trial to Explore the Safety and Efficacy of Rivaroxaban Compared With Vitamin K Antagonism in Patients With Atrial Fibrillation With Bioprosthetic Mitral Valves - RIVER",COMPLETED,INTERVENTIONAL,PHASE2,1005,Valvular Heart Disease,DRUG:Rivaroxaban|DRUG:Warfarin,Hospital do Coracao,https://clinicaltrials.gov/study/NCT02303795,"Guimaraes HP, de Barros E Silva PGM, Liporace IL, Sampaio RO, Tarasoutchi F, Paixao M, Hoffmann-Filho CR, Patriota R, Leiria TLL, Lamprea D, Precoma DB, Atik FA, Silveira FS, Farias FR, Barreto DO, Almeida AP, Zilli AC, de Souza Neto JD, Cavalcante MA, Figueira FAMS, Junior RA, Moises VA, Mesas CE, Ardito RV, Kalil PSA, Paiva MSMO, Maldonado JGA, de Lima CEB, D'Oliveira Vieira R, Laranjeira L, Kojima F, Damiani L, Nakagawa RH, Dos Santos JRY, Sampaio BS, Campos VB, Saraiva JFK, Fonseca FH, Pinto IM, Magalhaes CC, Ferreira JFM, Lopes RD, Pavanello R, Cavalcanti AB, Berwanger O; RIVER (RIvaroxaban for Valvular Heart diseasE and atRial Fibrillation Trial -RIVER Trial) Investigators. A randomized clinical trial to evaluate the efficacy and safety of rivaroxaban in patients with bioprosthetic mitral valve and atrial fibrillation or flutter: Rationale and design of the RIVER trial. Am Heart J. 2021 Jan;231:128-136. doi: 10.1016/j.ahj.2020.10.001. Epub 2020 Oct 10.",research/searches/A1/clinicaltrials/ctgov_a1_designpilot_20260710/page_001.json,33045224,REC-PUBMED-33045224,,,,,,https://pubmed.ncbi.nlm.nih.gov/33045224/,,false,context_only_no_linkage_decision
LINK-CTGOV-NCT02303795-PMID-33196155,high_derived_reference,DERIVED,NCT02303795,REC-CTGOV-NCT02303795,A1,ctgov_a1_designpilot_20260710,RIvaroxaban for Valvular Heart diseasE and atRial Fibrillation Trial -RIVER Trial,"A Phase 2, Randomized, Open Label, Non-Inferiority Clinical Trial to Explore the Safety and Efficacy of Rivaroxaban Compared With Vitamin K Antagonism in Patients With Atrial Fibrillation With Bioprosthetic Mitral Valves - RIVER",COMPLETED,INTERVENTIONAL,PHASE2,1005,Valvular Heart Disease,DRUG:Rivaroxaban|DRUG:Warfarin,Hospital do Coracao,https://clinicaltrials.gov/study/NCT02303795,"Guimaraes HP, Lopes RD, de Barros E Silva PGM, Liporace IL, Sampaio RO, Tarasoutchi F, Hoffmann-Filho CR, de Lemos Soares Patriota R, Leiria TLL, Lamprea D, Precoma DB, Atik FA, Silveira FS, Farias FR, Barreto DO, Almeida AP, Zilli AC, de Souza Neto JD, Cavalcante MA, Figueira FAMS, Kojima FCS, Damiani L, Santos RHN, Valeis N, Campos VB, Saraiva JFK, Fonseca FH, Pinto IM, Magalhaes CC, Ferreira JFM, Alexander JH, Pavanello R, Cavalcanti AB, Berwanger O; RIVER Trial Investigators. Rivaroxaban in Patients with Atrial Fibrillation and a Bioprosthetic Mitral Valve. N Engl J Med. 2020 Nov 26;383(22):2117-2126. doi: 10.1056/NEJMoa2029603. Epub 2020 Nov 14.",research/searches/A1/clinicaltrials/ctgov_a1_designpilot_20260710/page_001.json,33196155,REC-PUBMED-33196155,,,,,,https://pubmed.ncbi.nlm.nih.gov/33196155/,,false,context_only_no_linkage_decision
LINK-CTGOV-NCT02318342-PMID-26436963,manual_background_reference,BACKGROUND,NCT02318342,REC-CTGOV-NCT02318342,A1,ctgov_a1_designpilot_20260710,Assessment of TRanscathetEr and Surgical Aortic BiOprosthetic Valve Thrombosis and Its TrEatment With Anticoagulation,Assessment of TRanscathetEr and Surgical Aortic BiOprosthetic Valve Dysfunction With Multimodality Imaging and Its TrEatment With Anticoagulation,RECRUITING,INTERVENTIONAL,NA,3000,Prosthetic Valve Thrombosis,DRUG:Warfarin,Cedars-Sinai Medical Center,https://clinicaltrials.gov/study/NCT02318342,"Makkar RR, Fontana G, Jilaihawi H, Chakravarty T, Kofoed KF, De Backer O, Asch FM, Ruiz CE, Olsen NT, Trento A, Friedman J, Berman D, Cheng W, Kashif M, Jelnin V, Kliger CA, Guo H, Pichard AD, Weissman NJ, Kapadia S, Manasse E, Bhatt DL, Leon MB, Sondergaard L. Possible Subclinical Leaflet Thrombosis in Bioprosthetic Aortic Valves. N Engl J Med. 2015 Nov 19;373(21):2015-24. doi: 10.1056/NEJMoa1509233. Epub 2015 Oct 5.",research/searches/A1/clinicaltrials/ctgov_a1_designpilot_20260710/page_001.json,26436963,REC-PUBMED-26436963,,,,,,https://pubmed.ncbi.nlm.nih.gov/26436963/,,false,context_only_no_linkage_decision
LINK-CTGOV-NCT02318342-PMID-28330690,manual_background_reference,BACKGROUND,NCT02318342,REC-CTGOV-NCT02318342,A1,ctgov_a1_designpilot_20260710,Assessment of TRanscathetEr and Surgical Aortic BiOprosthetic Valve Thrombosis and Its TrEatment With Anticoagulation,Assessment of TRanscathetEr and Surgical Aortic BiOprosthetic Valve Dysfunction With Multimodality Imaging and Its TrEatment With Anticoagulation,RECRUITING,INTERVENTIONAL,NA,3000,Prosthetic Valve Thrombosis,DRUG:Warfarin,Cedars-Sinai Medical Center,https://clinicaltrials.gov/study/NCT02318342,"Chakravarty T, Sondergaard L, Friedman J, De Backer O, Berman D, Kofoed KF, Jilaihawi H, Shiota T, Abramowitz Y, Jorgensen TH, Rami T, Israr S, Fontana G, de Knegt M, Fuchs A, Lyden P, Trento A, Bhatt DL, Leon MB, Makkar RR; RESOLVE; SAVORY Investigators. Subclinical leaflet thrombosis in surgical and transcatheter bioprosthetic aortic valves: an observational study. Lancet. 2017 Jun 17;389(10087):2383-2392. doi: 10.1016/S0140-6736(17)30757-2. Epub 2017 Mar 19.",research/searches/A1/clinicaltrials/ctgov_a1_designpilot_20260710/page_001.json,28330690,REC-PUBMED-28330690,,,,,,https://pubmed.ncbi.nlm.nih.gov/28330690/,,false,context_only_no_linkage_decision
LINK-CTGOV-NCT02318342-PMID-32192689,high_derived_reference,DERIVED,NCT02318342,REC-CTGOV-NCT02318342,A1,ctgov_a1_designpilot_20260710,Assessment of TRanscathetEr and Surgical Aortic BiOprosthetic Valve Thrombosis and Its TrEatment With Anticoagulation,Assessment of TRanscathetEr and Surgical Aortic BiOprosthetic Valve Dysfunction With Multimodality Imaging and Its TrEatment With Anticoagulation,RECRUITING,INTERVENTIONAL,NA,3000,Prosthetic Valve Thrombosis,DRUG:Warfarin,Cedars-Sinai Medical Center,https://clinicaltrials.gov/study/NCT02318342,"Ochiai T, Chakravarty T, Yoon SH, Kaewkes D, Flint N, Patel V, Mahani S, Tiwana R, Sekhon N, Nakamura M, Cheng W, Makkar R. Coronary Access After TAVR. JACC Cardiovasc Interv. 2020 Mar 23;13(6):693-705. doi: 10.1016/j.jcin.2020.01.216.",research/searches/A1/clinicaltrials/ctgov_a1_designpilot_20260710/page_001.json,32192689,REC-PUBMED-32192689,,,,,,https://pubmed.ncbi.nlm.nih.gov/32192689/,,false,context_only_no_linkage_decision
LINK-CTGOV-NCT02318342-PMID-33213747,high_derived_reference,DERIVED,NCT02318342,REC-CTGOV-NCT02318342,A1,ctgov_a1_designpilot_20260710,Assessment of TRanscathetEr and Surgical Aortic BiOprosthetic Valve Thrombosis and Its TrEatment With Anticoagulation,Assessment of TRanscathetEr and Surgical Aortic BiOprosthetic Valve Dysfunction With Multimodality Imaging and Its TrEatment With Anticoagulation,RECRUITING,INTERVENTIONAL,NA,3000,Prosthetic Valve Thrombosis,DRUG:Warfarin,Cedars-Sinai Medical Center,https://clinicaltrials.gov/study/NCT02318342,"Ochiai T, Oakley L, Sekhon N, Komatsu I, Flint N, Kaewkes D, Yoon SH, Raschpichler M, Patel V, Tiwana R, Enta Y, Mahani S, Kim Y, Stegic J, Chakravarty T, Nakamura M, Cheng W, Makkar R. Risk of Coronary Obstruction Due to Sinus Sequestration in Redo Transcatheter Aortic Valve Replacement. JACC Cardiovasc Interv. 2020 Nov 23;13(22):2617-2627. doi: 10.1016/j.jcin.2020.09.022.",research/searches/A1/clinicaltrials/ctgov_a1_designpilot_20260710/page_001.json,33213747,REC-PUBMED-33213747,,,,,,https://pubmed.ncbi.nlm.nih.gov/33213747/,,false,context_only_no_linkage_decision
LINK-CTGOV-NCT02318342-PMID-35680192,high_derived_reference,DERIVED,NCT02318342,REC-CTGOV-NCT02318342,A1,ctgov_a1_designpilot_20260710,Assessment of TRanscathetEr and Surgical Aortic BiOprosthetic Valve Thrombosis and Its TrEatment With Anticoagulation,Assessment of TRanscathetEr and Surgical Aortic BiOprosthetic Valve Dysfunction With Multimodality Imaging and Its TrEatment With Anticoagulation,RECRUITING,INTERVENTIONAL,NA,3000,Prosthetic Valve Thrombosis,DRUG:Warfarin,Cedars-Sinai Medical Center,https://clinicaltrials.gov/study/NCT02318342,"Raschpichler M, Flint N, Yoon SH, Kaewkes D, Patel C, Singh C, Patel V, Kashif M, Borger MA, Chakravarty T, Makkar R. Commissural Alignment After Balloon-Expandable Transcatheter Aortic Valve Replacement Is Associated With Improved Hemodynamic Outcomes. JACC Cardiovasc Interv. 2022 Jun 13;15(11):1126-1136. doi: 10.1016/j.jcin.2022.04.006.",research/searches/A1/clinicaltrials/ctgov_a1_designpilot_20260710/page_001.json,35680192,REC-PUBMED-35680192,,,,,,https://pubmed.ncbi.nlm.nih.gov/35680192/,,false,context_only_no_linkage_decision
LINK-CTGOV-NCT02318342-PMID-39260960,high_derived_reference,DERIVED,NCT02318342,REC-CTGOV-NCT02318342,A1,ctgov_a1_designpilot_20260710,Assessment of TRanscathetEr and Surgical Aortic BiOprosthetic Valve Thrombosis and Its TrEatment With Anticoagulation,Assessment of TRanscathetEr and Surgical Aortic BiOprosthetic Valve Dysfunction With Multimodality Imaging and Its TrEatment With Anticoagulation,RECRUITING,INTERVENTIONAL,NA,3000,Prosthetic Valve Thrombosis,DRUG:Warfarin,Cedars-Sinai Medical Center,https://clinicaltrials.gov/study/NCT02318342,"Nagasaka T, Patel V, Shechter A, Suruga K, Koren O, Chakravarty T, Cheng W, Ishii H, Jilaihawi H, Nakamura M, Makkar RR. Impact of Balloon-Expandable TAVR Valve Deformation and Calcium Distribution on Outcomes in Bicuspid Aortic Valve. JACC Cardiovasc Interv. 2024 Sep 9;17(17):2023-2037. doi: 10.1016/j.jcin.2024.07.018.",research/searches/A1/clinicaltrials/ctgov_a1_designpilot_20260710/page_001.json,39260960,REC-PUBMED-39260960,,,,,,https://pubmed.ncbi.nlm.nih.gov/39260960/,,false,context_only_no_linkage_decision
LINK-CTGOV-NCT02318342-PMID-40325986,high_derived_reference,DERIVED,NCT02318342,REC-CTGOV-NCT02318342,A1,ctgov_a1_designpilot_20260710,Assessment of TRanscathetEr and Surgical Aortic BiOprosthetic Valve Thrombosis and Its TrEatment With Anticoagulation,Assessment of TRanscathetEr and Surgical Aortic BiOprosthetic Valve Dysfunction With Multimodality Imaging and Its TrEatment With Anticoagulation,RECRUITING,INTERVENTIONAL,NA,3000,Prosthetic Valve Thrombosis,DRUG:Warfarin,Cedars-Sinai Medical Center,https://clinicaltrials.gov/study/NCT02318342,"Nagasaka T, Patel V, Suruga K, Guo Y, Koren O, Shechter A, Friedman M, Patel D, Chakravarty T, Cheng W, Gupta A, Ishii H, Jilaihawi H, Nakamura M, Makkar RR. Prognostic implications and predictive factors of subclinical leaflet thrombosis following valve-in-valve transcatheter aortic valve implantation. EuroIntervention. 2025 May 5;21(9):e482-e492. doi: 10.4244/EIJ-D-24-00711.",research/searches/A1/clinicaltrials/ctgov_a1_designpilot_20260710/page_001.json,40325986,REC-PUBMED-40325986,,,,,,https://pubmed.ncbi.nlm.nih.gov/40325986/,,false,context_only_no_linkage_decision
LINK-CTGOV-NCT02324686-PMID-11260056,manual_background_reference,BACKGROUND,NCT02324686,REC-CTGOV-NCT02324686,A1,ctgov_a1_designpilot_20260710,Vitamin K Supplementation in Patients on Hemodialysis,Vitamin K Supplementation to Improve INR Stability in Patients on Hemodialysis Taking Warfarin for Atrial Fibrillation,COMPLETED,INTERVENTIONAL,PHASE2,3,End Stage Renal Failure on Dialysis|Atrial Fibrillation,DRUG:vitamin K1,"University Health Network, Toronto",https://clinicaltrials.gov/study/NCT02324686,"Cushman M, Booth SL, Possidente CJ, Davidson KW, Sadowski JA, Bovill EG. The association of vitamin K status with warfarin sensitivity at the onset of treatment. Br J Haematol. 2001 Mar;112(3):572-7. doi: 10.1046/j.1365-2141.2001.02635.x.",research/searches/A1/clinicaltrials/ctgov_a1_designpilot_20260710/page_001.json,11260056,REC-PUBMED-11260056,The association of vitamin K status with warfarin sensitivity at the onset of treatment.,Cushman M,2001,British journal of haematology,10.1046/j.1365-2141.2001.02635.x,https://pubmed.ncbi.nlm.nih.gov/11260056/,research/searches/A1/pubmed/pubmed_a1_designpilot_20260710/efetch_012.xml,true,context_only_no_linkage_decision
LINK-CTGOV-NCT02324686-PMID-15231565,manual_background_reference,BACKGROUND,NCT02324686,REC-CTGOV-NCT02324686,A1,ctgov_a1_designpilot_20260710,Vitamin K Supplementation in Patients on Hemodialysis,Vitamin K Supplementation to Improve INR Stability in Patients on Hemodialysis Taking Warfarin for Atrial Fibrillation,COMPLETED,INTERVENTIONAL,PHASE2,3,End Stage Renal Failure on Dialysis|Atrial Fibrillation,DRUG:vitamin K1,"University Health Network, Toronto",https://clinicaltrials.gov/study/NCT02324686,"Schurgers LJ, Shearer MJ, Hamulyak K, Stocklin E, Vermeer C. Effect of vitamin K intake on the stability of oral anticoagulant treatment: dose-response relationships in healthy subjects. Blood. 2004 Nov 1;104(9):2682-9. doi: 10.1182/blood-2004-04-1525. Epub 2004 Jul 1.",research/searches/A1/clinicaltrials/ctgov_a1_designpilot_20260710/page_001.json,15231565,REC-PUBMED-15231565,,,,,,https://pubmed.ncbi.nlm.nih.gov/15231565/,,false,context_only_no_linkage_decision
LINK-CTGOV-NCT02324686-PMID-15886802,manual_background_reference,BACKGROUND,NCT02324686,REC-CTGOV-NCT02324686,A1,ctgov_a1_designpilot_20260710,Vitamin K Supplementation in Patients on Hemodialysis,Vitamin K Supplementation to Improve INR Stability in Patients on Hemodialysis Taking Warfarin for Atrial Fibrillation,COMPLETED,INTERVENTIONAL,PHASE2,3,End Stage Renal Failure on Dialysis|Atrial Fibrillation,DRUG:vitamin K1,"University Health Network, Toronto",https://clinicaltrials.gov/study/NCT02324686,"Sconce E, Khan T, Mason J, Noble F, Wynne H, Kamali F. Patients with unstable control have a poorer dietary intake of vitamin K compared to patients with stable control of anticoagulation. Thromb Haemost. 2005 May;93(5):872-5. doi: 10.1160/TH04-12-0773.",research/searches/A1/clinicaltrials/ctgov_a1_designpilot_20260710/page_001.json,15886802,REC-PUBMED-15886802,Patients with unstable control have a poorer dietary intake of vitamin K compared to patients with stable control of anticoagulation.,Sconce E,2005,Thrombosis and haemostasis,10.1160/th04-12-0773,https://pubmed.ncbi.nlm.nih.gov/15886802/,research/searches/A1/pubmed/pubmed_a1_designpilot_20260710/efetch_010.xml,true,context_only_no_linkage_decision
LINK-CTGOV-NCT02324686-PMID-16305294,manual_background_reference,BACKGROUND,NCT02324686,REC-CTGOV-NCT02324686,A1,ctgov_a1_designpilot_20260710,Vitamin K Supplementation in Patients on Hemodialysis,Vitamin K Supplementation to Improve INR Stability in Patients on Hemodialysis Taking Warfarin for Atrial Fibrillation,COMPLETED,INTERVENTIONAL,PHASE2,3,End Stage Renal Failure on Dialysis|Atrial Fibrillation,DRUG:vitamin K1,"University Health Network, Toronto",https://clinicaltrials.gov/study/NCT02324686,"Reese AM, Farnett LE, Lyons RM, Patel B, Morgan L, Bussey HI. Low-dose vitamin K to augment anticoagulation control. Pharmacotherapy. 2005 Dec;25(12):1746-51. doi: 10.1592/phco.2005.25.12.1746.",research/searches/A1/clinicaltrials/ctgov_a1_designpilot_20260710/page_001.json,16305294,REC-PUBMED-16305294,Low-dose vitamin K to augment anticoagulation control.,Reese AM,2005,Pharmacotherapy,10.1592/phco.2005.25.12.1746,https://pubmed.ncbi.nlm.nih.gov/16305294/,research/searches/A1/pubmed/pubmed_a1_designpilot_20260710/efetch_010.xml,true,context_only_no_linkage_decision
LINK-CTGOV-NCT02324686-PMID-17110451,manual_background_reference,BACKGROUND,NCT02324686,REC-CTGOV-NCT02324686,A1,ctgov_a1_designpilot_20260710,Vitamin K Supplementation in Patients on Hemodialysis,Vitamin K Supplementation to Improve INR Stability in Patients on Hemodialysis Taking Warfarin for Atrial Fibrillation,COMPLETED,INTERVENTIONAL,PHASE2,3,End Stage Renal Failure on Dialysis|Atrial Fibrillation,DRUG:vitamin K1,"University Health Network, Toronto",https://clinicaltrials.gov/study/NCT02324686,"Sconce E, Avery P, Wynne H, Kamali F. Vitamin K supplementation can improve stability of anticoagulation for patients with unexplained variability in response to warfarin. Blood. 2007 Mar 15;109(6):2419-23. doi: 10.1182/blood-2006-09-049262. Epub 2006 Nov 16.",research/searches/A1/clinicaltrials/ctgov_a1_designpilot_20260710/page_001.json,17110451,REC-PUBMED-17110451,Vitamin K supplementation can improve stability of anticoagulation for patients with unexplained variability in response to warfarin.,Sconce E,2007,Blood,10.1182/blood-2006-09-049262,https://pubmed.ncbi.nlm.nih.gov/17110451/,research/searches/A1/pubmed/pubmed_a1_designpilot_20260710/efetch_009.xml,true,context_only_no_linkage_decision
LINK-CTGOV-NCT02324686-PMID-17296878,manual_background_reference,BACKGROUND,NCT02324686,REC-CTGOV-NCT02324686,A1,ctgov_a1_designpilot_20260710,Vitamin K Supplementation in Patients on Hemodialysis,Vitamin K Supplementation to Improve INR Stability in Patients on Hemodialysis Taking Warfarin for Atrial Fibrillation,COMPLETED,INTERVENTIONAL,PHASE2,3,End Stage Renal Failure on Dialysis|Atrial Fibrillation,DRUG:vitamin K1,"University Health Network, Toronto",https://clinicaltrials.gov/study/NCT02324686,"White HD, Gruber M, Feyzi J, Kaatz S, Tse HF, Husted S, Albers GW. Comparison of outcomes among patients randomized to warfarin therapy according to anticoagulant control: results from SPORTIF III and V. Arch Intern Med. 2007 Feb 12;167(3):239-45. doi: 10.1001/archinte.167.3.239.",research/searches/A1/clinicaltrials/ctgov_a1_designpilot_20260710/page_001.json,17296878,REC-PUBMED-17296878,,,,,,https://pubmed.ncbi.nlm.nih.gov/17296878/,,false,context_only_no_linkage_decision
LINK-CTGOV-NCT02324686-PMID-17323135,manual_background_reference,BACKGROUND,NCT02324686,REC-CTGOV-NCT02324686,A1,ctgov_a1_designpilot_20260710,Vitamin K Supplementation in Patients on Hemodialysis,Vitamin K Supplementation to Improve INR Stability in Patients on Hemodialysis Taking Warfarin for Atrial Fibrillation,COMPLETED,INTERVENTIONAL,PHASE2,3,End Stage Renal Failure on Dialysis|Atrial Fibrillation,DRUG:vitamin K1,"University Health Network, Toronto",https://clinicaltrials.gov/study/NCT02324686,"Ford SK, Misita CP, Shilliday BB, Malone RM, Moore CG, Moll S. Prospective study of supplemental vitamin K therapy in patients on oral anticoagulants with unstable international normalized ratios. J Thromb Thrombolysis. 2007 Aug;24(1):23-7. doi: 10.1007/s11239-007-0014-z. Epub 2007 Feb 24.",research/searches/A1/clinicaltrials/ctgov_a1_designpilot_20260710/page_001.json,17323135,REC-PUBMED-17323135,Prospective study of supplemental vitamin K therapy in patients on oral anticoagulants with unstable international normalized ratios.,Ford SK,2007,Journal of thrombosis and thrombolysis,10.1007/s11239-007-0014-z,https://pubmed.ncbi.nlm.nih.gov/17323135/,research/searches/A1/pubmed/pubmed_a1_designpilot_20260710/efetch_009.xml,true,context_only_no_linkage_decision
LINK-CTGOV-NCT02324686-PMID-17666020,manual_background_reference,BACKGROUND,NCT02324686,REC-CTGOV-NCT02324686,A1,ctgov_a1_designpilot_20260710,Vitamin K Supplementation in Patients on Hemodialysis,Vitamin K Supplementation to Improve INR Stability in Patients on Hemodialysis Taking Warfarin for Atrial Fibrillation,COMPLETED,INTERVENTIONAL,PHASE2,3,End Stage Renal Failure on Dialysis|Atrial Fibrillation,DRUG:vitamin K1,"University Health Network, Toronto",https://clinicaltrials.gov/study/NCT02324686,"Rombouts EK, Rosendaal FR, Van Der Meer FJ. Daily vitamin K supplementation improves anticoagulant stability. J Thromb Haemost. 2007 Oct;5(10):2043-8. doi: 10.1111/j.1538-7836.2007.02715.x. Epub 2007 Jul 31.",research/searches/A1/clinicaltrials/ctgov_a1_designpilot_20260710/page_001.json,17666020,REC-PUBMED-17666020,Daily vitamin K supplementation improves anticoagulant stability.,Rombouts EK,2007,Journal of thrombosis and haemostasis : JTH,10.1111/j.1538-7836.2007.02715.x,https://pubmed.ncbi.nlm.nih.gov/17666020/,research/searches/A1/pubmed/pubmed_a1_designpilot_20260710/efetch_008.xml,true,context_only_no_linkage_decision
LINK-CTGOV-NCT02324686-PMID-17698826,manual_background_reference,BACKGROUND,NCT02324686,REC-CTGOV-NCT02324686,A1,ctgov_a1_designpilot_20260710,Vitamin K Supplementation in Patients on Hemodialysis,Vitamin K Supplementation to Improve INR Stability in Patients on Hemodialysis Taking Warfarin for Atrial Fibrillation,COMPLETED,INTERVENTIONAL,PHASE2,3,End Stage Renal Failure on Dialysis|Atrial Fibrillation,DRUG:vitamin K1,"University Health Network, Toronto",https://clinicaltrials.gov/study/NCT02324686,Juurlink DN. Drug interactions with warfarin: what clinicians need to know. CMAJ. 2007 Aug 14;177(4):369-71. doi: 10.1503/cmaj.070946. No abstract available.,research/searches/A1/clinicaltrials/ctgov_a1_designpilot_20260710/page_001.json,17698826,REC-PUBMED-17698826,,,,,,https://pubmed.ncbi.nlm.nih.gov/17698826/,,false,context_only_no_linkage_decision
LINK-CTGOV-NCT02324686-PMID-19809054,manual_background_reference,BACKGROUND,NCT02324686,REC-CTGOV-NCT02324686,A1,ctgov_a1_designpilot_20260710,Vitamin K Supplementation in Patients on Hemodialysis,Vitamin K Supplementation to Improve INR Stability in Patients on Hemodialysis Taking Warfarin for Atrial Fibrillation,COMPLETED,INTERVENTIONAL,PHASE2,3,End Stage Renal Failure on Dialysis|Atrial Fibrillation,DRUG:vitamin K1,"University Health Network, Toronto",https://clinicaltrials.gov/study/NCT02324686,"Sood MM, Komenda P, Sood AR, Rigatto C, Bueti J. The intersection of risk and benefit: is warfarin anticoagulation suitable for atrial fibrillation in patients on hemodialysis? Chest. 2009 Oct;136(4):1128-1133. doi: 10.1378/chest.09-0730.",research/searches/A1/clinicaltrials/ctgov_a1_designpilot_20260710/page_001.json,19809054,REC-PUBMED-19809054,,,,,,https://pubmed.ncbi.nlm.nih.gov/19809054/,,false,context_only_no_linkage_decision
LINK-CTGOV-NCT02324686-PMID-19878532,manual_background_reference,BACKGROUND,NCT02324686,REC-CTGOV-NCT02324686,A1,ctgov_a1_designpilot_20260710,Vitamin K Supplementation in Patients on Hemodialysis,Vitamin K Supplementation to Improve INR Stability in Patients on Hemodialysis Taking Warfarin for Atrial Fibrillation,COMPLETED,INTERVENTIONAL,PHASE2,3,End Stage Renal Failure on Dialysis|Atrial Fibrillation,DRUG:vitamin K1,"University Health Network, Toronto",https://clinicaltrials.gov/study/NCT02324686,"Schulman S, Angeras U, Bergqvist D, Eriksson B, Lassen MR, Fisher W; Subcommittee on Control of Anticoagulation of the Scientific and Standardization Committee of the International Society on Thrombosis and Haemostasis. Definition of major bleeding in clinical investigations of antihemostatic medicinal products in surgical patients. J Thromb Haemost. 2010 Jan;8(1):202-4. doi: 10.1111/j.1538-7836.2009.03678.x. Epub 2009 Oct 30.",research/searches/A1/clinicaltrials/ctgov_a1_designpilot_20260710/page_001.json,19878532,REC-PUBMED-19878532,,,,,,https://pubmed.ncbi.nlm.nih.gov/19878532/,,false,context_only_no_linkage_decision
LINK-CTGOV-NCT02324686-PMID-21193422,manual_background_reference,BACKGROUND,NCT02324686,REC-CTGOV-NCT02324686,A1,ctgov_a1_designpilot_20260710,Vitamin K Supplementation in Patients on Hemodialysis,Vitamin K Supplementation to Improve INR Stability in Patients on Hemodialysis Taking Warfarin for Atrial Fibrillation,COMPLETED,INTERVENTIONAL,PHASE2,3,End Stage Renal Failure on Dialysis|Atrial Fibrillation,DRUG:vitamin K1,"University Health Network, Toronto",https://clinicaltrials.gov/study/NCT02324686,"Gebuis EP, Rosendaal FR, van Meegen E, van der Meer FJ. Vitamin K1 supplementation to improve the stability of anticoagulation therapy with vitamin K antagonists: a dose-finding study. Haematologica. 2011 Apr;96(4):583-9. doi: 10.3324/haematol.2010.035162. Epub 2010 Dec 29.",research/searches/A1/clinicaltrials/ctgov_a1_designpilot_20260710/page_001.json,21193422,REC-PUBMED-21193422,Vitamin K1 supplementation to improve the stability of anticoagulation therapy with vitamin K antagonists: a dose-finding study.,Gebuis EP,2011,Haematologica,10.3324/haematol.2010.035162,https://pubmed.ncbi.nlm.nih.gov/21193422/,research/searches/A1/pubmed/pubmed_a1_designpilot_20260710/efetch_040.xml,true,context_only_no_linkage_decision
LINK-CTGOV-NCT02324686-PMID-21414530,manual_background_reference,BACKGROUND,NCT02324686,REC-CTGOV-NCT02324686,A1,ctgov_a1_designpilot_20260710,Vitamin K Supplementation in Patients on Hemodialysis,Vitamin K Supplementation to Improve INR Stability in Patients on Hemodialysis Taking Warfarin for Atrial Fibrillation,COMPLETED,INTERVENTIONAL,PHASE2,3,End Stage Renal Failure on Dialysis|Atrial Fibrillation,DRUG:vitamin K1,"University Health Network, Toronto",https://clinicaltrials.gov/study/NCT02324686,"Marinigh R, Lane DA, Lip GY. Severe renal impairment and stroke prevention in atrial fibrillation: implications for thromboprophylaxis and bleeding risk. J Am Coll Cardiol. 2011 Mar 22;57(12):1339-48. doi: 10.1016/j.jacc.2010.12.013.",research/searches/A1/clinicaltrials/ctgov_a1_designpilot_20260710/page_001.json,21414530,REC-PUBMED-21414530,,,,,,https://pubmed.ncbi.nlm.nih.gov/21414530/,,false,context_only_no_linkage_decision
LINK-CTGOV-NCT02324686-PMID-22169620,manual_background_reference,BACKGROUND,NCT02324686,REC-CTGOV-NCT02324686,A1,ctgov_a1_designpilot_20260710,Vitamin K Supplementation in Patients on Hemodialysis,Vitamin K Supplementation to Improve INR Stability in Patients on Hemodialysis Taking Warfarin for Atrial Fibrillation,COMPLETED,INTERVENTIONAL,PHASE2,3,End Stage Renal Failure on Dialysis|Atrial Fibrillation,DRUG:vitamin K1,"University Health Network, Toronto",https://clinicaltrials.gov/study/NCT02324686,"Westenfeld R, Krueger T, Schlieper G, Cranenburg EC, Magdeleyns EJ, Heidenreich S, Holzmann S, Vermeer C, Jahnen-Dechent W, Ketteler M, Floege J, Schurgers LJ. Effect of vitamin K2 supplementation on functional vitamin K deficiency in hemodialysis patients: a randomized trial. Am J Kidney Dis. 2012 Feb;59(2):186-95. doi: 10.1053/j.ajkd.2011.10.041. Epub 2011 Dec 9.",research/searches/A1/clinicaltrials/ctgov_a1_designpilot_20260710/page_001.json,22169620,REC-PUBMED-22169620,,,,,,https://pubmed.ncbi.nlm.nih.gov/22169620/,,false,context_only_no_linkage_decision
LINK-CTGOV-NCT02324686-PMID-22315259,manual_background_reference,BACKGROUND,NCT02324686,REC-CTGOV-NCT02324686,A1,ctgov_a1_designpilot_20260710,Vitamin K Supplementation in Patients on Hemodialysis,Vitamin K Supplementation to Improve INR Stability in Patients on Hemodialysis Taking Warfarin for Atrial Fibrillation,COMPLETED,INTERVENTIONAL,PHASE2,3,End Stage Renal Failure on Dialysis|Atrial Fibrillation,DRUG:vitamin K1,"University Health Network, Toronto",https://clinicaltrials.gov/study/NCT02324686,"Holbrook A, Schulman S, Witt DM, Vandvik PO, Fish J, Kovacs MJ, Svensson PJ, Veenstra DL, Crowther M, Guyatt GH. Evidence-based management of anticoagulant therapy: Antithrombotic Therapy and Prevention of Thrombosis, 9th ed: American College of Chest Physicians Evidence-Based Clinical Practice Guidelines. Chest. 2012 Feb;141(2 Suppl):e152S-e184S. doi: 10.1378/chest.11-2295.",research/searches/A1/clinicaltrials/ctgov_a1_designpilot_20260710/page_001.json,22315259,REC-PUBMED-22315259,"Evidence-based management of anticoagulant therapy: Antithrombotic Therapy and Prevention of Thrombosis, 9th ed: American College of Chest Physicians Evidence-Based Clinical Practice Guidelines.",Holbrook A,2012,Chest,10.1378/chest.11-2295,https://pubmed.ncbi.nlm.nih.gov/22315259/,research/searches/A1/pubmed/pubmed_a1_designpilot_20260710/efetch_038.xml,true,context_only_no_linkage_decision
LINK-CTGOV-NCT02324686-PMID-22433576,manual_background_reference,BACKGROUND,NCT02324686,REC-CTGOV-NCT02324686,A1,ctgov_a1_designpilot_20260710,Vitamin K Supplementation in Patients on Hemodialysis,Vitamin K Supplementation to Improve INR Stability in Patients on Hemodialysis Taking Warfarin for Atrial Fibrillation,COMPLETED,INTERVENTIONAL,PHASE2,3,End Stage Renal Failure on Dialysis|Atrial Fibrillation,DRUG:vitamin K1,"University Health Network, Toronto",https://clinicaltrials.gov/study/NCT02324686,"Skanes AC, Healey JS, Cairns JA, Dorian P, Gillis AM, McMurtry MS, Mitchell LB, Verma A, Nattel S; Canadian Cardiovascular Society Atrial Fibrillation Guidelines Committee. Focused 2012 update of the Canadian Cardiovascular Society atrial fibrillation guidelines: recommendations for stroke prevention and rate/rhythm control. Can J Cardiol. 2012 Mar-Apr;28(2):125-36. doi: 10.1016/j.cjca.2012.01.021.",research/searches/A1/clinicaltrials/ctgov_a1_designpilot_20260710/page_001.json,22433576,REC-PUBMED-22433576,Focused 2012 update of the Canadian Cardiovascular Society atrial fibrillation guidelines: recommendations for stroke prevention and rate/rhythm control.,Skanes AC,2012,The Canadian journal of cardiology,10.1016/j.cjca.2012.01.021,https://pubmed.ncbi.nlm.nih.gov/22433576/,research/searches/A1/pubmed/pubmed_a1_designpilot_20260710/efetch_038.xml,true,context_only_no_linkage_decision
LINK-CTGOV-NCT02324686-PMID-22648294,manual_background_reference,BACKGROUND,NCT02324686,REC-CTGOV-NCT02324686,A1,ctgov_a1_designpilot_20260710,Vitamin K Supplementation in Patients on Hemodialysis,Vitamin K Supplementation to Improve INR Stability in Patients on Hemodialysis Taking Warfarin for Atrial Fibrillation,COMPLETED,INTERVENTIONAL,PHASE2,3,End Stage Renal Failure on Dialysis|Atrial Fibrillation,DRUG:vitamin K1,"University Health Network, Toronto",https://clinicaltrials.gov/study/NCT02324686,"Cranenburg EC, Schurgers LJ, Uiterwijk HH, Beulens JW, Dalmeijer GW, Westerhuis R, Magdeleyns EJ, Herfs M, Vermeer C, Laverman GD. Vitamin K intake and status are low in hemodialysis patients. Kidney Int. 2012 Sep;82(5):605-10. doi: 10.1038/ki.2012.191. Epub 2012 May 30.",research/searches/A1/clinicaltrials/ctgov_a1_designpilot_20260710/page_001.json,22648294,REC-PUBMED-22648294,,,,,,https://pubmed.ncbi.nlm.nih.gov/22648294/,,false,context_only_no_linkage_decision
LINK-CTGOV-NCT02324686-PMID-23114898,manual_background_reference,BACKGROUND,NCT02324686,REC-CTGOV-NCT02324686,A1,ctgov_a1_designpilot_20260710,Vitamin K Supplementation in Patients on Hemodialysis,Vitamin K Supplementation to Improve INR Stability in Patients on Hemodialysis Taking Warfarin for Atrial Fibrillation,COMPLETED,INTERVENTIONAL,PHASE2,3,End Stage Renal Failure on Dialysis|Atrial Fibrillation,DRUG:vitamin K1,"University Health Network, Toronto",https://clinicaltrials.gov/study/NCT02324686,"Clase CM, Holden RM, Sood MM, Rigatto C, Moist LM, Thomson BK, Mann JF, Zimmerman DL. Should patients with advanced chronic kidney disease and atrial fibrillation receive chronic anticoagulation? Nephrol Dial Transplant. 2012 Oct;27(10):3719-24. doi: 10.1093/ndt/gfs346.",research/searches/A1/clinicaltrials/ctgov_a1_designpilot_20260710/page_001.json,23114898,REC-PUBMED-23114898,,,,,,https://pubmed.ncbi.nlm.nih.gov/23114898/,,false,context_only_no_linkage_decision
LINK-CTGOV-NCT02324686-PMID-23677245,manual_background_reference,BACKGROUND,NCT02324686,REC-CTGOV-NCT02324686,A1,ctgov_a1_designpilot_20260710,Vitamin K Supplementation in Patients on Hemodialysis,Vitamin K Supplementation to Improve INR Stability in Patients on Hemodialysis Taking Warfarin for Atrial Fibrillation,COMPLETED,INTERVENTIONAL,PHASE2,3,End Stage Renal Failure on Dialysis|Atrial Fibrillation,DRUG:vitamin K1,"University Health Network, Toronto",https://clinicaltrials.gov/study/NCT02324686,"Sood MM, Larkina M, Thumma JR, Tentori F, Gillespie BW, Fukuhara S, Mendelssohn DC, Chan K, de Sequera P, Komenda P, Rigatto C, Robinson BM. Major bleeding events and risk stratification of antithrombotic agents in hemodialysis: results from the DOPPS. Kidney Int. 2013 Sep;84(3):600-8. doi: 10.1038/ki.2013.170. Epub 2013 May 15.",research/searches/A1/clinicaltrials/ctgov_a1_designpilot_20260710/page_001.json,23677245,REC-PUBMED-23677245,,,,,,https://pubmed.ncbi.nlm.nih.gov/23677245/,,false,context_only_no_linkage_decision
LINK-CTGOV-NCT02324686-PMID-23744743,manual_background_reference,BACKGROUND,NCT02324686,REC-CTGOV-NCT02324686,A1,ctgov_a1_designpilot_20260710,Vitamin K Supplementation in Patients on Hemodialysis,Vitamin K Supplementation to Improve INR Stability in Patients on Hemodialysis Taking Warfarin for Atrial Fibrillation,COMPLETED,INTERVENTIONAL,PHASE2,3,End Stage Renal Failure on Dialysis|Atrial Fibrillation,DRUG:vitamin K1,"University Health Network, Toronto",https://clinicaltrials.gov/study/NCT02324686,"Lam J, Schulman S, Witt DM, Vandvik PO, Qayyum F, Holbrook AM. Anticoagulation control with daily low-dose vitamin k to reduce clinically adverse outcomes and international normalized ratio variability: a systematic review and meta-analysis. Pharmacotherapy. 2013 Nov;33(11):1184-90. doi: 10.1002/phar.1302. Epub 2013 Jun 6.",research/searches/A1/clinicaltrials/ctgov_a1_designpilot_20260710/page_001.json,23744743,REC-PUBMED-23744743,Anticoagulation control with daily low-dose vitamin k to reduce clinically adverse outcomes and international normalized ratio variability: a systematic review and meta-analysis.,Lam J,2013,Pharmacotherapy,10.1002/phar.1302,https://pubmed.ncbi.nlm.nih.gov/23744743/,research/searches/A1/pubmed/pubmed_a1_designpilot_20260710/efetch_035.xml,true,context_only_no_linkage_decision
LINK-CTGOV-NCT02324686-PMID-23953594,manual_background_reference,BACKGROUND,NCT02324686,REC-CTGOV-NCT02324686,A1,ctgov_a1_designpilot_20260710,Vitamin K Supplementation in Patients on Hemodialysis,Vitamin K Supplementation to Improve INR Stability in Patients on Hemodialysis Taking Warfarin for Atrial Fibrillation,COMPLETED,INTERVENTIONAL,PHASE2,3,End Stage Renal Failure on Dialysis|Atrial Fibrillation,DRUG:vitamin K1,"University Health Network, Toronto",https://clinicaltrials.gov/study/NCT02324686,"Majeed H, Rodger M, Forgie M, Carrier M, Taljaard M, Scarvelis D, Gonsalves C, Rodriguez RA, Wells PS. Effect of 200muG/day of vitamin K1 on the variability of anticoagulation control in patients on warfarin: a randomized controlled trial. Thromb Res. 2013 Sep;132(3):329-35. doi: 10.1016/j.thromres.2013.07.019. Epub 2013 Jul 29.",research/searches/A1/clinicaltrials/ctgov_a1_designpilot_20260710/page_001.json,23953594,REC-PUBMED-23953594,Effect of 200μG/day of vitamin K1 on the variability of anticoagulation control in patients on warfarin: a randomized controlled trial.,Majeed H,2013,Thrombosis research,10.1016/j.thromres.2013.07.019,https://pubmed.ncbi.nlm.nih.gov/23953594/,research/searches/A1/pubmed/pubmed_a1_designpilot_20260710/efetch_035.xml,true,context_only_no_linkage_decision
LINK-CTGOV-NCT02324686-PMID-24008579,manual_background_reference,BACKGROUND,NCT02324686,REC-CTGOV-NCT02324686,A1,ctgov_a1_designpilot_20260710,Vitamin K Supplementation in Patients on Hemodialysis,Vitamin K Supplementation to Improve INR Stability in Patients on Hemodialysis Taking Warfarin for Atrial Fibrillation,COMPLETED,INTERVENTIONAL,PHASE2,3,End Stage Renal Failure on Dialysis|Atrial Fibrillation,DRUG:vitamin K1,"University Health Network, Toronto",https://clinicaltrials.gov/study/NCT02324686,"Reinecke H, Engelbertz C, Schabitz WR. Preventing stroke in patients with chronic kidney disease and atrial fibrillation: benefit and risks of old and new oral anticoagulants. Stroke. 2013 Oct;44(10):2935-41. doi: 10.1161/STROKEAHA.113.001701. Epub 2013 Sep 5. No abstract available.",research/searches/A1/clinicaltrials/ctgov_a1_designpilot_20260710/page_001.json,24008579,REC-PUBMED-24008579,,,,,,https://pubmed.ncbi.nlm.nih.gov/24008579/,,false,context_only_no_linkage_decision
LINK-CTGOV-NCT02324686-PMID-24285427,manual_background_reference,BACKGROUND,NCT02324686,REC-CTGOV-NCT02324686,A1,ctgov_a1_designpilot_20260710,Vitamin K Supplementation in Patients on Hemodialysis,Vitamin K Supplementation to Improve INR Stability in Patients on Hemodialysis Taking Warfarin for Atrial Fibrillation,COMPLETED,INTERVENTIONAL,PHASE2,3,End Stage Renal Failure on Dialysis|Atrial Fibrillation,DRUG:vitamin K1,"University Health Network, Toronto",https://clinicaltrials.gov/study/NCT02324686,"Krueger T, Schlieper G, Schurgers L, Cornelis T, Cozzolino M, Jacobi J, Jadoul M, Ketteler M, Rump LC, Stenvinkel P, Westenfeld R, Wiecek A, Reinartz S, Hilgers RD, Floege J. Vitamin K1 to slow vascular calcification in haemodialysis patients (VitaVasK trial): a rationale and study protocol. Nephrol Dial Transplant. 2014 Sep;29(9):1633-8. doi: 10.1093/ndt/gft459. Epub 2013 Nov 26.",research/searches/A1/clinicaltrials/ctgov_a1_designpilot_20260710/page_001.json,24285427,REC-PUBMED-24285427,,,,,,https://pubmed.ncbi.nlm.nih.gov/24285427/,,false,context_only_no_linkage_decision
LINK-CTGOV-NCT02324686-PMID-24452752,manual_background_reference,BACKGROUND,NCT02324686,REC-CTGOV-NCT02324686,A1,ctgov_a1_designpilot_20260710,Vitamin K Supplementation in Patients on Hemodialysis,Vitamin K Supplementation to Improve INR Stability in Patients on Hemodialysis Taking Warfarin for Atrial Fibrillation,COMPLETED,INTERVENTIONAL,PHASE2,3,End Stage Renal Failure on Dialysis|Atrial Fibrillation,DRUG:vitamin K1,"University Health Network, Toronto",https://clinicaltrials.gov/study/NCT02324686,"Shah M, Avgil Tsadok M, Jackevicius CA, Essebag V, Eisenberg MJ, Rahme E, Humphries KH, Tu JV, Behlouli H, Guo H, Pilote L. Warfarin use and the risk for stroke and bleeding in patients with atrial fibrillation undergoing dialysis. Circulation. 2014 Mar 18;129(11):1196-203. doi: 10.1161/CIRCULATIONAHA.113.004777. Epub 2014 Jan 22.",research/searches/A1/clinicaltrials/ctgov_a1_designpilot_20260710/page_001.json,24452752,REC-PUBMED-24452752,,,,,,https://pubmed.ncbi.nlm.nih.gov/24452752/,,false,context_only_no_linkage_decision
LINK-CTGOV-NCT02324686-PMID-24685669,manual_background_reference,BACKGROUND,NCT02324686,REC-CTGOV-NCT02324686,A1,ctgov_a1_designpilot_20260710,Vitamin K Supplementation in Patients on Hemodialysis,Vitamin K Supplementation to Improve INR Stability in Patients on Hemodialysis Taking Warfarin for Atrial Fibrillation,COMPLETED,INTERVENTIONAL,PHASE2,3,End Stage Renal Failure on Dialysis|Atrial Fibrillation,DRUG:vitamin K1,"University Health Network, Toronto",https://clinicaltrials.gov/study/NCT02324686,"January CT, Wann LS, Alpert JS, Calkins H, Cigarroa JE, Cleveland JC Jr, Conti JB, Ellinor PT, Ezekowitz MD, Field ME, Murray KT, Sacco RL, Stevenson WG, Tchou PJ, Tracy CM, Yancy CW; American College of Cardiology/American Heart Association Task Force on Practice Guidelines. 2014 AHA/ACC/HRS guideline for the management of patients with atrial fibrillation: a report of the American College of Cardiology/American Heart Association Task Force on Practice Guidelines and the Heart Rhythm Society. J Am Coll Cardiol. 2014 Dec 2;64(21):e1-76. doi: 10.1016/j.jacc.2014.03.022. Epub 2014 Mar 28. No abstract available.",research/searches/A1/clinicaltrials/ctgov_a1_designpilot_20260710/page_001.json,24685669,REC-PUBMED-24685669,,,,,,https://pubmed.ncbi.nlm.nih.gov/24685669/,,false,context_only_no_linkage_decision
LINK-CTGOV-NCT02429453-PMID-37870112,high_derived_reference,DERIVED,NCT02429453,REC-CTGOV-NCT02429453,A1,ctgov_a1_designpilot_20260710,FFP Versus PCC in Intracranial Hemorrhage,Fresh Frozen Plasma Versus Four Factor Prothrombin Complex Concentrate for Reversal of Vitamin K Antagonists in Intracranial Hemorrhage,WITHDRAWN,INTERVENTIONAL,NA,0,"Intracranial Hemorrhage, Traumatic|Intracranial Hemorrhage, Spontaneous",DRUG:Four Factor Prothrombin Complex Concentrate|BIOLOGICAL:Fresh Frozen Plasma,University of Utah,https://clinicaltrials.gov/study/NCT02429453,"Eilertsen H, Menon CS, Law ZK, Chen C, Bath PM, Steiner T, Desborough MJ, Sandset EC, Sprigg N, Al-Shahi Salman R. Haemostatic therapies for stroke due to acute, spontaneous intracerebral haemorrhage. Cochrane Database Syst Rev. 2023 Oct 23;10(10):CD005951. doi: 10.1002/14651858.CD005951.pub5.",research/searches/A1/clinicaltrials/ctgov_a1_designpilot_20260710/page_001.json,37870112,REC-PUBMED-37870112,,,,,,https://pubmed.ncbi.nlm.nih.gov/37870112/,,false,context_only_no_linkage_decision
LINK-CTGOV-NCT02464969-PMID-42392108,high_derived_reference,DERIVED,NCT02464969,REC-CTGOV-NCT02464969,A1,ctgov_a1_designpilot_20260710,Apixaban for the Acute Treatment of Venous Thromboembolism in Children,"A Randomized, Open-Label, Active Controlled, Safety and Descriptive Efficacy Study in Pediatric Subjects Requiring Anticoagulation for the Treatment of a Venous Thromboembolic Event",COMPLETED,INTERVENTIONAL,PHASE4,229,Venous Thromboembolism,DRUG:Apixaban|DRUG:Standard of Care,Bristol-Myers Squibb,https://clinicaltrials.gov/study/NCT02464969,"Brandao LR, Driscoll J, Newburger JW, Holzhauer S, Ahuja S, Rubio AE, Gaitonde P, Robertson A, Polinsky M, Revkin JH, Masiukiewicz U, O'Brien SH, Mitchell LG; Pediatric Apixaban VTE Study Investigators. Apixaban for the treatment of venous thromboembolic events in paediatric patients: an open-label, multicentre, randomised, controlled descriptive trial. Lancet Haematol. 2026 Jul;13(7):e471-e483. doi: 10.1016/S2352-3026(26)00107-9.",research/searches/A1/clinicaltrials/ctgov_a1_designpilot_20260710/page_001.json,42392108,REC-PUBMED-42392108,"Apixaban for the treatment of venous thromboembolic events in paediatric patients: an open-label, multicentre, randomised, controlled descriptive trial.",Brandão LR,2026,The Lancet. Haematology,10.1016/s2352-3026(26)00107-9,https://pubmed.ncbi.nlm.nih.gov/42392108/,research/searches/A1/pubmed/pubmed_a1_designpilot_20260710/efetch_041.xml,true,context_only_no_linkage_decision
LINK-CTGOV-NCT02488421-PMID-27678530,high_derived_reference,DERIVED,NCT02488421,REC-CTGOV-NCT02488421,A1,ctgov_a1_designpilot_20260710,"Real Evidence of Anticoagulation Treatment in Non-valvular Atrial Fibrillation in Germany, UK and France: REACT-AF2","Real Evidence of Anticoagulation Treatment in Non-valvular Atrial Fibrillation in Germany, UK and France: REACT-AF 2",COMPLETED,OBSERVATIONAL,,38122,Non-valvular Atrial Fibrillation,,Bristol-Myers Squibb,https://clinicaltrials.gov/study/NCT02488421,"Johnson ME, Lefevre C, Collings SL, Evans D, Kloss S, Ridha E, Maguire A. Early real-world evidence of persistence on oral anticoagulants for stroke prevention in non-valvular atrial fibrillation: a cohort study in UK primary care. BMJ Open. 2016 Sep 26;6(9):e011471. doi: 10.1136/bmjopen-2016-011471.",research/searches/A1/clinicaltrials/ctgov_a1_designpilot_20260710/page_001.json,27678530,REC-PUBMED-27678530,Early real-world evidence of persistence on oral anticoagulants for stroke prevention in non-valvular atrial fibrillation: a cohort study in UK primary care.,Johnson ME,2016,BMJ open,10.1136/bmjopen-2016-011471,https://pubmed.ncbi.nlm.nih.gov/27678530/,research/searches/A1/pubmed/pubmed_a1_designpilot_20260710/efetch_025.xml,true,context_only_no_linkage_decision
LINK-CTGOV-NCT02488421-PMID-29398546,high_derived_reference,DERIVED,NCT02488421,REC-CTGOV-NCT02488421,A1,ctgov_a1_designpilot_20260710,"Real Evidence of Anticoagulation Treatment in Non-valvular Atrial Fibrillation in Germany, UK and France: REACT-AF2","Real Evidence of Anticoagulation Treatment in Non-valvular Atrial Fibrillation in Germany, UK and France: REACT-AF 2",COMPLETED,OBSERVATIONAL,,38122,Non-valvular Atrial Fibrillation,,Bristol-Myers Squibb,https://clinicaltrials.gov/study/NCT02488421,"Collings SL, Vannier-Moreau V, Johnson ME, Stynes G, Lefevre C, Maguire A, Asmar J, Bizouard G, Duhot D, Mouquet F, Fauchier L. Initiation and continuation of oral anticoagulant prescriptions for stroke prevention in non-valvular atrial fibrillation: A cohort study in primary care in France. Arch Cardiovasc Dis. 2018 May;111(5):370-379. doi: 10.1016/j.acvd.2017.10.003. Epub 2018 Feb 3.",research/searches/A1/clinicaltrials/ctgov_a1_designpilot_20260710/page_001.json,29398546,REC-PUBMED-29398546,Initiation and continuation of oral anticoagulant prescriptions for stroke prevention in non-valvular atrial fibrillation: A cohort study in primary care in France.,Collings SL,2018,Archives of cardiovascular diseases,10.1016/j.acvd.2017.10.003,https://pubmed.ncbi.nlm.nih.gov/29398546/,research/searches/A1/pubmed/pubmed_a1_designpilot_20260710/efetch_019.xml,true,context_only_no_linkage_decision
LINK-CTGOV-NCT02533960-PMID-31259266,manual_background_reference,BACKGROUND,NCT02533960,REC-CTGOV-NCT02533960,A1,ctgov_a1_designpilot_20260710,Registry of Acute Stroke Under Novel Oral Anticoagulants - Prime,Registry of Acute Stroke Under Novel Oral Anticoagulants - Prime,COMPLETED,OBSERVATIONAL,,3832,Ischemic Stroke|Intracerebral Hemorrhage|Oral Anticoagulation|Cardiovascular Diseases|Vascular Diseases,OTHER:not applicable (observational study),University Hospital Heidelberg,https://clinicaltrials.gov/study/NCT02533960,"Haas K, Purrucker JC, Rizos T, Heuschmann PU, Veltkamp R. Rationale and design of the Registry of Acute Stroke Under Novel Oral Anticoagulants-prime (RASUNOA-prime). Eur Stroke J. 2019 Jun;4(2):181-188. doi: 10.1177/2396987318812644. Epub 2018 Dec 17.",research/searches/A1/clinicaltrials/ctgov_a1_designpilot_20260710/page_001.json,31259266,REC-PUBMED-31259266,Rationale and design of the Registry of Acute Stroke Under Novel Oral Anticoagulants-prime (RASUNOA-prime).,Haas K,2019,European stroke journal,10.1177/2396987318812644,https://pubmed.ncbi.nlm.nih.gov/31259266/,research/searches/A1/pubmed/pubmed_a1_designpilot_20260710/efetch_014.xml,true,context_only_no_linkage_decision
LINK-CTGOV-NCT02533960-PMID-41749338,high_derived_reference,DERIVED,NCT02533960,REC-CTGOV-NCT02533960,A1,ctgov_a1_designpilot_20260710,Registry of Acute Stroke Under Novel Oral Anticoagulants - Prime,Registry of Acute Stroke Under Novel Oral Anticoagulants - Prime,COMPLETED,OBSERVATIONAL,,3832,Ischemic Stroke|Intracerebral Hemorrhage|Oral Anticoagulation|Cardiovascular Diseases|Vascular Diseases,OTHER:not applicable (observational study),University Hospital Heidelberg,https://clinicaltrials.gov/study/NCT02533960,"Purrucker JC, Haas K, Sieber M, Rucker V, Malzahn U, Haeusler KG, Nolte CH, Gabriel MM, Schiefer J, Poli S, Michalski D, Soda H, Royl G, Meyne J, Nabavi DG, Mosimann P, Heeger A, Kinzler D, Muller P, Rappard P, Rizos T, Heuschmann PU, Veltkamp R. Intracranial hemorrhage after ischemic stroke in patients on direct oral anticoagulants: results from a prospective observational study. Neurol Res Pract. 2026 Feb 26;8(1):13. doi: 10.1186/s42466-026-00462-y.",research/searches/A1/clinicaltrials/ctgov_a1_designpilot_20260710/page_001.json,41749338,REC-PUBMED-41749338,Intracranial hemorrhage after ischemic stroke in patients on direct oral anticoagulants: results from a prospective observational study.,Purrucker JC,2026,Neurological research and practice,10.1186/s42466-026-00462-y,https://pubmed.ncbi.nlm.nih.gov/41749338/,research/searches/A1/pubmed/pubmed_a1_designpilot_20260710/efetch_042.xml,true,context_only_no_linkage_decision
LINK-CTGOV-NCT02533960-PMID-42087546,high_derived_reference,DERIVED,NCT02533960,REC-CTGOV-NCT02533960,A1,ctgov_a1_designpilot_20260710,Registry of Acute Stroke Under Novel Oral Anticoagulants - Prime,Registry of Acute Stroke Under Novel Oral Anticoagulants - Prime,COMPLETED,OBSERVATIONAL,,3832,Ischemic Stroke|Intracerebral Hemorrhage|Oral Anticoagulation|Cardiovascular Diseases|Vascular Diseases,OTHER:not applicable (observational study),University Hospital Heidelberg,https://clinicaltrials.gov/study/NCT02533960,"Veltkamp AW, Kinzler D, Hellwig B, Heeger A, Husing A, Heuschmann PU, Purrucker JC, Veltkamp R; RASUNOA-Prime Investigators. Prevalence and Association of Atherosclerosis to Ischemic Stroke in Patients With Atrial Fibrillation on Anticoagulation. Stroke. 2026 Jun;57(6):1717-1726. doi: 10.1161/STROKEAHA.126.055284. Epub 2026 May 5.",research/searches/A1/clinicaltrials/ctgov_a1_designpilot_20260710/page_001.json,42087546,REC-PUBMED-42087546,Prevalence and Association of Atherosclerosis to Ischemic Stroke in Patients With Atrial Fibrillation on Anticoagulation.,Veltkamp AW,2026,Stroke,10.1161/strokeaha.126.055284,https://pubmed.ncbi.nlm.nih.gov/42087546/,research/searches/A1/pubmed/pubmed_a1_designpilot_20260710/efetch_042.xml,true,context_only_no_linkage_decision
LINK-CTGOV-NCT02565836-PMID-17852462,manual_background_reference,BACKGROUND,NCT02565836,REC-CTGOV-NCT02565836,A1,ctgov_a1_designpilot_20260710,Fixed-dose Activated Versus Variable-dose Inactivated Prothrombin Complex Concentrate for Warfarin-associated Major Bleed,"Reversal of Warfarin-associated Major Hemorrhage: a Multicenter, Retrospective Cohort Study of Fixed-dose Activated (FEIBA VH) Versus Variable-dose Inactivated (Kcentra) Prothrombin Complex Concentrate",COMPLETED,OBSERVATIONAL,,342,Hemorrhage,DRUG:fixed-dose activated prothrombin complex concentrate|DRUG:variable-dose inactivated prothrombin complex concentrate,Rush University Medical Center,https://clinicaltrials.gov/study/NCT02565836,"Junagade P, Grace R, Gover P. Fixed dose prothrombin complex concentrate for the reversal of oral anticoagulation therapy. Hematology. 2007 Oct;12(5):439-40. doi: 10.1080/10245330701448529.",research/searches/A1/clinicaltrials/ctgov_a1_designpilot_20260710/page_001.json,17852462,REC-PUBMED-17852462,,,,,,https://pubmed.ncbi.nlm.nih.gov/17852462/,,false,context_only_no_linkage_decision
LINK-CTGOV-NCT02565836-PMID-20436891,manual_background_reference,BACKGROUND,NCT02565836,REC-CTGOV-NCT02565836,A1,ctgov_a1_designpilot_20260710,Fixed-dose Activated Versus Variable-dose Inactivated Prothrombin Complex Concentrate for Warfarin-associated Major Bleed,"Reversal of Warfarin-associated Major Hemorrhage: a Multicenter, Retrospective Cohort Study of Fixed-dose Activated (FEIBA VH) Versus Variable-dose Inactivated (Kcentra) Prothrombin Complex Concentrate",COMPLETED,OBSERVATIONAL,,342,Hemorrhage,DRUG:fixed-dose activated prothrombin complex concentrate|DRUG:variable-dose inactivated prothrombin complex concentrate,Rush University Medical Center,https://clinicaltrials.gov/study/NCT02565836,"Wojcik C, Schymik ML, Cure EG. Activated prothrombin complex concentrate factor VIII inhibitor bypassing activity (FEIBA) for the reversal of warfarin-induced coagulopathy. Int J Emerg Med. 2009 Nov 26;2(4):217-25. doi: 10.1007/s12245-009-0125-8.",research/searches/A1/clinicaltrials/ctgov_a1_designpilot_20260710/page_001.json,20436891,REC-PUBMED-20436891,,,,,,https://pubmed.ncbi.nlm.nih.gov/20436891/,,false,context_only_no_linkage_decision
LINK-CTGOV-NCT02565836-PMID-22491734,manual_background_reference,BACKGROUND,NCT02565836,REC-CTGOV-NCT02565836,A1,ctgov_a1_designpilot_20260710,Fixed-dose Activated Versus Variable-dose Inactivated Prothrombin Complex Concentrate for Warfarin-associated Major Bleed,"Reversal of Warfarin-associated Major Hemorrhage: a Multicenter, Retrospective Cohort Study of Fixed-dose Activated (FEIBA VH) Versus Variable-dose Inactivated (Kcentra) Prothrombin Complex Concentrate",COMPLETED,OBSERVATIONAL,,342,Hemorrhage,DRUG:fixed-dose activated prothrombin complex concentrate|DRUG:variable-dose inactivated prothrombin complex concentrate,Rush University Medical Center,https://clinicaltrials.gov/study/NCT02565836,"Khorsand N, Veeger NJ, van Hest RM, Ypma PF, Heidt J, Meijer K. An observational, prospective, two-cohort comparison of a fixed versus variable dosing strategy of prothrombin complex concentrate to counteract vitamin K antagonists in 240 bleeding emergencies. Haematologica. 2012 Oct;97(10):1501-6. doi: 10.3324/haematol.2012.063701. Epub 2012 Apr 4.",research/searches/A1/clinicaltrials/ctgov_a1_designpilot_20260710/page_001.json,22491734,REC-PUBMED-22491734,"An observational, prospective, two-cohort comparison of a fixed versus variable dosing strategy of prothrombin complex concentrate to counteract vitamin K antagonists in 240 bleeding emergencies.",Khorsand N,2012,Haematologica,10.3324/haematol.2012.063701,https://pubmed.ncbi.nlm.nih.gov/22491734/,research/searches/A1/pubmed/pubmed_a1_designpilot_20260710/efetch_038.xml,true,context_only_no_linkage_decision
LINK-CTGOV-NCT02565836-PMID-23763937,manual_background_reference,BACKGROUND,NCT02565836,REC-CTGOV-NCT02565836,A1,ctgov_a1_designpilot_20260710,Fixed-dose Activated Versus Variable-dose Inactivated Prothrombin Complex Concentrate for Warfarin-associated Major Bleed,"Reversal of Warfarin-associated Major Hemorrhage: a Multicenter, Retrospective Cohort Study of Fixed-dose Activated (FEIBA VH) Versus Variable-dose Inactivated (Kcentra) Prothrombin Complex Concentrate",COMPLETED,OBSERVATIONAL,,342,Hemorrhage,DRUG:fixed-dose activated prothrombin complex concentrate|DRUG:variable-dose inactivated prothrombin complex concentrate,Rush University Medical Center,https://clinicaltrials.gov/study/NCT02565836,"Stewart WS, Pettit H. Experiences with an activated 4-factor prothrombin complex concentrate (FEIBA) for reversal of warfarin-related bleeding. Am J Emerg Med. 2013 Aug;31(8):1251-4. doi: 10.1016/j.ajem.2013.05.008. Epub 2013 Jun 10.",research/searches/A1/clinicaltrials/ctgov_a1_designpilot_20260710/page_001.json,23763937,REC-PUBMED-23763937,Experiences with an activated 4-factor prothrombin complex concentrate (FEIBA) for reversal of warfarin-related bleeding.,Stewart WS,2013,The American journal of emergency medicine,10.1016/j.ajem.2013.05.008,https://pubmed.ncbi.nlm.nih.gov/23763937/,research/searches/A1/pubmed/pubmed_a1_designpilot_20260710/efetch_035.xml,true,context_only_no_linkage_decision
LINK-CTGOV-NCT02565836-PMID-23935011,manual_background_reference,BACKGROUND,NCT02565836,REC-CTGOV-NCT02565836,A1,ctgov_a1_designpilot_20260710,Fixed-dose Activated Versus Variable-dose Inactivated Prothrombin Complex Concentrate for Warfarin-associated Major Bleed,"Reversal of Warfarin-associated Major Hemorrhage: a Multicenter, Retrospective Cohort Study of Fixed-dose Activated (FEIBA VH) Versus Variable-dose Inactivated (Kcentra) Prothrombin Complex Concentrate",COMPLETED,OBSERVATIONAL,,342,Hemorrhage,DRUG:fixed-dose activated prothrombin complex concentrate|DRUG:variable-dose inactivated prothrombin complex concentrate,Rush University Medical Center,https://clinicaltrials.gov/study/NCT02565836,"Sarode R, Milling TJ Jr, Refaai MA, Mangione A, Schneider A, Durn BL, Goldstein JN. Efficacy and safety of a 4-factor prothrombin complex concentrate in patients on vitamin K antagonists presenting with major bleeding: a randomized, plasma-controlled, phase IIIb study. Circulation. 2013 Sep 10;128(11):1234-43. doi: 10.1161/CIRCULATIONAHA.113.002283. Epub 2013 Aug 9.",research/searches/A1/clinicaltrials/ctgov_a1_designpilot_20260710/page_001.json,23935011,REC-PUBMED-23935011,"Efficacy and safety of a 4-factor prothrombin complex concentrate in patients on vitamin K antagonists presenting with major bleeding: a randomized, plasma-controlled, phase IIIb study.",Sarode R,2013,Circulation,10.1161/circulationaha.113.002283,https://pubmed.ncbi.nlm.nih.gov/23935011/,research/searches/A1/pubmed/pubmed_a1_designpilot_20260710/efetch_035.xml,true,context_only_no_linkage_decision
LINK-CTGOV-NCT02610933-PMID-38189593,high_derived_reference,DERIVED,NCT02610933,REC-CTGOV-NCT02610933,A1,ctgov_a1_designpilot_20260710,Effect on Vascular Calcification of Replacing Warfarin by Rivaroxaban With or Without VitK2 in Hemodialysis Patients,The Effect of Replacement of Vitamin K Antagonist by Rivaroxaban With or Without Vitamin K2 Supplementation on Vascular Calcifications in Chronic Hemodialysis Patients: A Randomized Controlled Trial,COMPLETED,INTERVENTIONAL,PHASE4,117,Vascular Calcification,DRUG:rivaroxaban|DIETARY_SUPPLEMENT:Vitamin K2,Onze Lieve Vrouw Hospital,https://clinicaltrials.gov/study/NCT02610933,"Natale P, Palmer SC, Ruospo M, Longmuir H, Dodds B, Prasad R, Batt TJ, Jose MD, Strippoli GF. Anticoagulation for people receiving long-term haemodialysis. Cochrane Database Syst Rev. 2024 Jan 8;1(1):CD011858. doi: 10.1002/14651858.CD011858.pub2.",research/searches/A1/clinicaltrials/ctgov_a1_designpilot_20260710/page_001.json,38189593,REC-PUBMED-38189593,,,,,,https://pubmed.ncbi.nlm.nih.gov/38189593/,,false,context_only_no_linkage_decision
LINK-CTGOV-NCT02618577-PMID-28760205,manual_background_reference,BACKGROUND,NCT02618577,REC-CTGOV-NCT02618577,A1,ctgov_a1_designpilot_20260710,Non-vitamin K Antagonist Oral Anticoagulants in Patients With Atrial High Rate Episodes,"Non-vitamin K Antagonist Oral Anticoagulants in Patients With Atrial High Rate Episodes - An Investigator-driven, Prospective, Randomised, Double-blind, Multi-centre Trial Initiated by the European Society of Cardiology and AFNET",TERMINATED,INTERVENTIONAL,PHASE3,2608,Atrial High Rate Episodes,DRUG:Edoxaban|DRUG:ASA,Atrial Fibrillation Network,https://clinicaltrials.gov/study/NCT02618577,"Kirchhof P, Blank BF, Calvert M, Camm AJ, Chlouverakis G, Diener HC, Goette A, Huening A, Lip GYH, Simantirakis E, Vardas P. Probing oral anticoagulation in patients with atrial high rate episodes: Rationale and design of the Non-vitamin K antagonist Oral anticoagulants in patients with Atrial High rate episodes (NOAH-AFNET 6) trial. Am Heart J. 2017 Aug;190:12-18. doi: 10.1016/j.ahj.2017.04.015. Epub 2017 May 3.",research/searches/A1/clinicaltrials/ctgov_a1_designpilot_20260710/page_001.json,28760205,REC-PUBMED-28760205,Probing oral anticoagulation in patients with atrial high rate episodes: Rationale and design of the Non-vitamin K antagonist Oral anticoagulants in patients with Atrial High rate episodes (NOAH-AFNET 6) trial.,Kirchhof P,2017,American heart journal,10.1016/j.ahj.2017.04.015,https://pubmed.ncbi.nlm.nih.gov/28760205/,research/searches/A1/pubmed/pubmed_a1_designpilot_20260710/efetch_021.xml,true,context_only_no_linkage_decision
LINK-CTGOV-NCT02618577-PMID-31377792,manual_background_reference,BACKGROUND,NCT02618577,REC-CTGOV-NCT02618577,A1,ctgov_a1_designpilot_20260710,Non-vitamin K Antagonist Oral Anticoagulants in Patients With Atrial High Rate Episodes,"Non-vitamin K Antagonist Oral Anticoagulants in Patients With Atrial High Rate Episodes - An Investigator-driven, Prospective, Randomised, Double-blind, Multi-centre Trial Initiated by the European Society of Cardiology and AFNET",TERMINATED,INTERVENTIONAL,PHASE3,2608,Atrial High Rate Episodes,DRUG:Edoxaban|DRUG:ASA,Atrial Fibrillation Network,https://clinicaltrials.gov/study/NCT02618577,"Bertaglia E, Blank B, Blomstrom-Lundqvist C, Brandes A, Cabanelas N, Dan GA, Dichtl W, Goette A, de Groot JR, Lubinski A, Marijon E, Merkely B, Mont L, Piorkowski C, Sarkozy A, Sulke N, Vardas P, Velchev V, Wichterle D, Kirchhof P. Atrial high-rate episodes: prevalence, stroke risk, implications for management, and clinical gaps in evidence. Europace. 2019 Oct 1;21(10):1459-1467. doi: 10.1093/europace/euz172.",research/searches/A1/clinicaltrials/ctgov_a1_designpilot_20260710/page_001.json,31377792,REC-PUBMED-31377792,"Atrial high-rate episodes: prevalence, stroke risk, implications for management, and clinical gaps in evidence.",Bertaglia E,2019,"Europace : European pacing, arrhythmias, and cardiac electrophysiology : journal of the working groups on cardiac pacing, arrhythmias, and cardiac cellular electrophysiology of the European Society of Cardiology",10.1093/europace/euz172,https://pubmed.ncbi.nlm.nih.gov/31377792/,research/searches/A1/pubmed/pubmed_a1_designpilot_20260710/efetch_014.xml,true,context_only_no_linkage_decision
LINK-CTGOV-NCT02618577-PMID-37622677,high_derived_reference,DERIVED,NCT02618577,REC-CTGOV-NCT02618577,A1,ctgov_a1_designpilot_20260710,Non-vitamin K Antagonist Oral Anticoagulants in Patients With Atrial High Rate Episodes,"Non-vitamin K Antagonist Oral Anticoagulants in Patients With Atrial High Rate Episodes - An Investigator-driven, Prospective, Randomised, Double-blind, Multi-centre Trial Initiated by the European Society of Cardiology and AFNET",TERMINATED,INTERVENTIONAL,PHASE3,2608,Atrial High Rate Episodes,DRUG:Edoxaban|DRUG:ASA,Atrial Fibrillation Network,https://clinicaltrials.gov/study/NCT02618577,"Kirchhof P, Toennis T, Goette A, Camm AJ, Diener HC, Becher N, Bertaglia E, Blomstrom Lundqvist C, Borlich M, Brandes A, Cabanelas N, Calvert M, Chlouverakis G, Dan GA, de Groot JR, Dichtl W, Kravchuk B, Lubinski A, Marijon E, Merkely B, Mont L, Ozga AK, Rajappan K, Sarkozy A, Scherr D, Sznajder R, Velchev V, Wichterle D, Sehner S, Simantirakis E, Lip GYH, Vardas P, Schotten U, Zapf A; NOAH-AFNET 6 Investigators; NOAH-AFNET6 sites and investigators. Anticoagulation with Edoxaban in Patients with Atrial High-Rate Episodes. N Engl J Med. 2023 Sep 28;389(13):1167-1179. doi: 10.1056/NEJMoa2303062. Epub 2023 Aug 25.",research/searches/A1/clinicaltrials/ctgov_a1_designpilot_20260710/page_001.json,37622677,REC-PUBMED-37622677,,,,,,https://pubmed.ncbi.nlm.nih.gov/37622677/,,false,context_only_no_linkage_decision
LINK-CTGOV-NCT02735902-PMID-11575214,manual_background_reference,BACKGROUND,NCT02735902,REC-CTGOV-NCT02735902,A1,ctgov_a1_designpilot_20260710,Anticoagulation Alone Versus Anticoagulation and Aspirin Following Transcatheter Aortic Valve Interventions (1:1),"Anticoagulation Alone Versus Anticoagulation and Aspirin Following Transcatheter Aortic Valve Interventions - an Open, Multicenter Randomized Controlled Trial With Two Parallel Arms (1:1)",COMPLETED,INTERVENTIONAL,PHASE4,170,Transcatheter Aortic Valve Replacement,DRUG:Vitamin K antagonist or direct oral anticoagulant treatment|DRUG:Aspirin,Centre Hospitalier Universitaire de Nīmes,https://clinicaltrials.gov/study/NCT02735902,"Girerd X, Radauceanu A, Achard JM, Fourcade J, Tournier B, Brillet G, Silhol F, Hanon O. [Evaluation of patient compliance among hypertensive patients treated by specialists]. Arch Mal Coeur Vaiss. 2001 Aug;94(8):839-42. French.",research/searches/A1/clinicaltrials/ctgov_a1_designpilot_20260710/page_001.json,11575214,REC-PUBMED-11575214,,,,,,https://pubmed.ncbi.nlm.nih.gov/11575214/,,false,context_only_no_linkage_decision
LINK-CTGOV-NCT02735902-PMID-23026477,manual_background_reference,BACKGROUND,NCT02735902,REC-CTGOV-NCT02735902,A1,ctgov_a1_designpilot_20260710,Anticoagulation Alone Versus Anticoagulation and Aspirin Following Transcatheter Aortic Valve Interventions (1:1),"Anticoagulation Alone Versus Anticoagulation and Aspirin Following Transcatheter Aortic Valve Interventions - an Open, Multicenter Randomized Controlled Trial With Two Parallel Arms (1:1)",COMPLETED,INTERVENTIONAL,PHASE4,170,Transcatheter Aortic Valve Replacement,DRUG:Vitamin K antagonist or direct oral anticoagulant treatment|DRUG:Aspirin,Centre Hospitalier Universitaire de Nīmes,https://clinicaltrials.gov/study/NCT02735902,"Kappetein AP, Head SJ, Genereux P, Piazza N, van Mieghem NM, Blackstone EH, Brott TG, Cohen DJ, Cutlip DE, van Es GA, Hahn RT, Kirtane AJ, Krucoff MW, Kodali S, Mack MJ, Mehran R, Rodes-Cabau J, Vranckx P, Webb JG, Windecker S, Serruys PW, Leon MB. Updated standardized endpoint definitions for transcatheter aortic valve implantation: the Valve Academic Research Consortium-2 consensus document. Eur Heart J. 2012 Oct;33(19):2403-18. doi: 10.1093/eurheartj/ehs255.",research/searches/A1/clinicaltrials/ctgov_a1_designpilot_20260710/page_001.json,23026477,REC-PUBMED-23026477,,,,,,https://pubmed.ncbi.nlm.nih.gov/23026477/,,false,context_only_no_linkage_decision
LINK-CTGOV-NCT02740335-PMID-12424167,manual_background_reference,BACKGROUND,NCT02740335,REC-CTGOV-NCT02740335,A1,ctgov_a1_designpilot_20260710,"Study of Octaplex, a Four-factor Prothrombin Complex Concentrate (4F-PCC) and Beriplex® P/N (Kcentra) for the Reversal of Vitamin K Antagonist (VKA) Induced Anticoagulation in Patients Needing Urgent Surgery With Significant Bleeding Risk.","A Phase III, Randomized, Double-blind, Multicenter Study to Assess the Efficacy and Safety of OCTAPLEX, a Four-factor Prothrombin Complex Concentrate (4F-PCC), Compared to the 4F-PCC Beriplex® P/N (Kcentra), for the Reversal of Vitamin K Antagonist (VKA) Induced Anticoagulation in Patients Needing Urgent Surgery With Significant Bleeding Risk.",COMPLETED,INTERVENTIONAL,PHASE3,208,Significant Bleeding Risk,DRUG:Octaplex|DRUG:Beriplex P/N (Kcentra),Octapharma,https://clinicaltrials.gov/study/NCT02740335,"Oden A, Fahlen M. Oral anticoagulation and risk of death: a medical record linkage study. BMJ. 2002 Nov 9;325(7372):1073-5. doi: 10.1136/bmj.325.7372.1073.",research/searches/A1/clinicaltrials/ctgov_a1_designpilot_20260710/page_001.json,12424167,REC-PUBMED-12424167,,,,,,https://pubmed.ncbi.nlm.nih.gov/12424167/,,false,context_only_no_linkage_decision
LINK-CTGOV-NCT02740335-PMID-12586128,manual_background_reference,BACKGROUND,NCT02740335,REC-CTGOV-NCT02740335,A1,ctgov_a1_designpilot_20260710,"Study of Octaplex, a Four-factor Prothrombin Complex Concentrate (4F-PCC) and Beriplex® P/N (Kcentra) for the Reversal of Vitamin K Antagonist (VKA) Induced Anticoagulation in Patients Needing Urgent Surgery With Significant Bleeding Risk.","A Phase III, Randomized, Double-blind, Multicenter Study to Assess the Efficacy and Safety of OCTAPLEX, a Four-factor Prothrombin Complex Concentrate (4F-PCC), Compared to the 4F-PCC Beriplex® P/N (Kcentra), for the Reversal of Vitamin K Antagonist (VKA) Induced Anticoagulation in Patients Needing Urgent Surgery With Significant Bleeding Risk.",COMPLETED,INTERVENTIONAL,PHASE3,208,Significant Bleeding Risk,DRUG:Octaplex|DRUG:Beriplex P/N (Kcentra),Octapharma,https://clinicaltrials.gov/study/NCT02740335,"Yasaka M, Sakata T, Minematsu K, Naritomi H. Correction of INR by prothrombin complex concentrate and vitamin K in patients with warfarin related hemorrhagic complication. Thromb Res. 2002 Oct 1;108(1):25-30. doi: 10.1016/s0049-3848(02)00402-4.",research/searches/A1/clinicaltrials/ctgov_a1_designpilot_20260710/page_001.json,12586128,REC-PUBMED-12586128,Correction of INR by prothrombin complex concentrate and vitamin K in patients with warfarin related hemorrhagic complication.,Yasaka M,2002,Thrombosis research,10.1016/s0049-3848(02)00402-4,https://pubmed.ncbi.nlm.nih.gov/12586128/,research/searches/A1/pubmed/pubmed_a1_designpilot_20260710/efetch_011.xml,true,context_only_no_linkage_decision
LINK-CTGOV-NCT02740335-PMID-16182346,manual_background_reference,BACKGROUND,NCT02740335,REC-CTGOV-NCT02740335,A1,ctgov_a1_designpilot_20260710,"Study of Octaplex, a Four-factor Prothrombin Complex Concentrate (4F-PCC) and Beriplex® P/N (Kcentra) for the Reversal of Vitamin K Antagonist (VKA) Induced Anticoagulation in Patients Needing Urgent Surgery With Significant Bleeding Risk.","A Phase III, Randomized, Double-blind, Multicenter Study to Assess the Efficacy and Safety of OCTAPLEX, a Four-factor Prothrombin Complex Concentrate (4F-PCC), Compared to the 4F-PCC Beriplex® P/N (Kcentra), for the Reversal of Vitamin K Antagonist (VKA) Induced Anticoagulation in Patients Needing Urgent Surgery With Significant Bleeding Risk.",COMPLETED,INTERVENTIONAL,PHASE3,208,Significant Bleeding Risk,DRUG:Octaplex|DRUG:Beriplex P/N (Kcentra),Octapharma,https://clinicaltrials.gov/study/NCT02740335,"van Aart L, Eijkhout HW, Kamphuis JS, Dam M, Schattenkerk ME, Schouten TJ, Ploeger B, Strengers PF. Individualized dosing regimen for prothrombin complex concentrate more effective than standard treatment in the reversal of oral anticoagulant therapy: an open, prospective randomized controlled trial. Thromb Res. 2006;118(3):313-20. doi: 10.1016/j.thromres.2005.08.005. Epub 2005 Sep 21.",research/searches/A1/clinicaltrials/ctgov_a1_designpilot_20260710/page_001.json,16182346,REC-PUBMED-16182346,,,,,,https://pubmed.ncbi.nlm.nih.gov/16182346/,,false,context_only_no_linkage_decision
LINK-CTGOV-NCT02740335-PMID-16689743,manual_background_reference,BACKGROUND,NCT02740335,REC-CTGOV-NCT02740335,A1,ctgov_a1_designpilot_20260710,"Study of Octaplex, a Four-factor Prothrombin Complex Concentrate (4F-PCC) and Beriplex® P/N (Kcentra) for the Reversal of Vitamin K Antagonist (VKA) Induced Anticoagulation in Patients Needing Urgent Surgery With Significant Bleeding Risk.","A Phase III, Randomized, Double-blind, Multicenter Study to Assess the Efficacy and Safety of OCTAPLEX, a Four-factor Prothrombin Complex Concentrate (4F-PCC), Compared to the 4F-PCC Beriplex® P/N (Kcentra), for the Reversal of Vitamin K Antagonist (VKA) Induced Anticoagulation in Patients Needing Urgent Surgery With Significant Bleeding Risk.",COMPLETED,INTERVENTIONAL,PHASE3,208,Significant Bleeding Risk,DRUG:Octaplex|DRUG:Beriplex P/N (Kcentra),Octapharma,https://clinicaltrials.gov/study/NCT02740335,"Lankiewicz MW, Hays J, Friedman KD, Tinkoff G, Blatt PM. Urgent reversal of warfarin with prothrombin complex concentrate. J Thromb Haemost. 2006 May;4(5):967-70. doi: 10.1111/j.1538-7836.2006.01815.x.",research/searches/A1/clinicaltrials/ctgov_a1_designpilot_20260710/page_001.json,16689743,REC-PUBMED-16689743,,,,,,https://pubmed.ncbi.nlm.nih.gov/16689743/,,false,context_only_no_linkage_decision
LINK-CTGOV-NCT02740335-PMID-16810012,manual_background_reference,BACKGROUND,NCT02740335,REC-CTGOV-NCT02740335,A1,ctgov_a1_designpilot_20260710,"Study of Octaplex, a Four-factor Prothrombin Complex Concentrate (4F-PCC) and Beriplex® P/N (Kcentra) for the Reversal of Vitamin K Antagonist (VKA) Induced Anticoagulation in Patients Needing Urgent Surgery With Significant Bleeding Risk.","A Phase III, Randomized, Double-blind, Multicenter Study to Assess the Efficacy and Safety of OCTAPLEX, a Four-factor Prothrombin Complex Concentrate (4F-PCC), Compared to the 4F-PCC Beriplex® P/N (Kcentra), for the Reversal of Vitamin K Antagonist (VKA) Induced Anticoagulation in Patients Needing Urgent Surgery With Significant Bleeding Risk.",COMPLETED,INTERVENTIONAL,PHASE3,208,Significant Bleeding Risk,DRUG:Octaplex|DRUG:Beriplex P/N (Kcentra),Octapharma,https://clinicaltrials.gov/study/NCT02740335,American Society of Anesthesiologists Task Force on Perioperative Blood Transfusion and Adjuvant Therapies. Practice guidelines for perioperative blood transfusion and adjuvant therapies: an updated report by the American Society of Anesthesiologists Task Force on Perioperative Blood Transfusion and Adjuvant Therapies. Anesthesiology. 2006 Jul;105(1):198-208. doi: 10.1097/00000542-200607000-00030. No abstract available.,research/searches/A1/clinicaltrials/ctgov_a1_designpilot_20260710/page_001.json,16810012,REC-PUBMED-16810012,,,,,,https://pubmed.ncbi.nlm.nih.gov/16810012/,,false,context_only_no_linkage_decision
LINK-CTGOV-NCT02740335-PMID-21671894,manual_background_reference,BACKGROUND,NCT02740335,REC-CTGOV-NCT02740335,A1,ctgov_a1_designpilot_20260710,"Study of Octaplex, a Four-factor Prothrombin Complex Concentrate (4F-PCC) and Beriplex® P/N (Kcentra) for the Reversal of Vitamin K Antagonist (VKA) Induced Anticoagulation in Patients Needing Urgent Surgery With Significant Bleeding Risk.","A Phase III, Randomized, Double-blind, Multicenter Study to Assess the Efficacy and Safety of OCTAPLEX, a Four-factor Prothrombin Complex Concentrate (4F-PCC), Compared to the 4F-PCC Beriplex® P/N (Kcentra), for the Reversal of Vitamin K Antagonist (VKA) Induced Anticoagulation in Patients Needing Urgent Surgery With Significant Bleeding Risk.",COMPLETED,INTERVENTIONAL,PHASE3,208,Significant Bleeding Risk,DRUG:Octaplex|DRUG:Beriplex P/N (Kcentra),Octapharma,https://clinicaltrials.gov/study/NCT02740335,"Keeling D, Baglin T, Tait C, Watson H, Perry D, Baglin C, Kitchen S, Makris M; British Committee for Standards in Haematology. Guidelines on oral anticoagulation with warfarin - fourth edition. Br J Haematol. 2011 Aug;154(3):311-24. doi: 10.1111/j.1365-2141.2011.08753.x. Epub 2011 Jun 14. No abstract available.",research/searches/A1/clinicaltrials/ctgov_a1_designpilot_20260710/page_001.json,21671894,REC-PUBMED-21671894,,,,,,https://pubmed.ncbi.nlm.nih.gov/21671894/,,false,context_only_no_linkage_decision
LINK-CTGOV-NCT02740335-PMID-2281231,manual_background_reference,BACKGROUND,NCT02740335,REC-CTGOV-NCT02740335,A1,ctgov_a1_designpilot_20260710,"Study of Octaplex, a Four-factor Prothrombin Complex Concentrate (4F-PCC) and Beriplex® P/N (Kcentra) for the Reversal of Vitamin K Antagonist (VKA) Induced Anticoagulation in Patients Needing Urgent Surgery With Significant Bleeding Risk.","A Phase III, Randomized, Double-blind, Multicenter Study to Assess the Efficacy and Safety of OCTAPLEX, a Four-factor Prothrombin Complex Concentrate (4F-PCC), Compared to the 4F-PCC Beriplex® P/N (Kcentra), for the Reversal of Vitamin K Antagonist (VKA) Induced Anticoagulation in Patients Needing Urgent Surgery With Significant Bleeding Risk.",COMPLETED,INTERVENTIONAL,PHASE3,208,Significant Bleeding Risk,DRUG:Octaplex|DRUG:Beriplex P/N (Kcentra),Octapharma,https://clinicaltrials.gov/study/NCT02740335,"Hwang IK, Shih WJ, De Cani JS. Group sequential designs using a family of type I error probability spending functions. Stat Med. 1990 Dec;9(12):1439-45. doi: 10.1002/sim.4780091207.",research/searches/A1/clinicaltrials/ctgov_a1_designpilot_20260710/page_001.json,2281231,REC-PUBMED-2281231,,,,,,https://pubmed.ncbi.nlm.nih.gov/2281231/,,false,context_only_no_linkage_decision
LINK-CTGOV-NCT02740335-PMID-25728933,manual_background_reference,BACKGROUND,NCT02740335,REC-CTGOV-NCT02740335,A1,ctgov_a1_designpilot_20260710,"Study of Octaplex, a Four-factor Prothrombin Complex Concentrate (4F-PCC) and Beriplex® P/N (Kcentra) for the Reversal of Vitamin K Antagonist (VKA) Induced Anticoagulation in Patients Needing Urgent Surgery With Significant Bleeding Risk.","A Phase III, Randomized, Double-blind, Multicenter Study to Assess the Efficacy and Safety of OCTAPLEX, a Four-factor Prothrombin Complex Concentrate (4F-PCC), Compared to the 4F-PCC Beriplex® P/N (Kcentra), for the Reversal of Vitamin K Antagonist (VKA) Induced Anticoagulation in Patients Needing Urgent Surgery With Significant Bleeding Risk.",COMPLETED,INTERVENTIONAL,PHASE3,208,Significant Bleeding Risk,DRUG:Octaplex|DRUG:Beriplex P/N (Kcentra),Octapharma,https://clinicaltrials.gov/study/NCT02740335,"Goldstein JN, Refaai MA, Milling TJ Jr, Lewis B, Goldberg-Alberts R, Hug BA, Sarode R. Four-factor prothrombin complex concentrate versus plasma for rapid vitamin K antagonist reversal in patients needing urgent surgical or invasive interventions: a phase 3b, open-label, non-inferiority, randomised trial. Lancet. 2015 May 23;385(9982):2077-87. doi: 10.1016/S0140-6736(14)61685-8. Epub 2015 Feb 27.",research/searches/A1/clinicaltrials/ctgov_a1_designpilot_20260710/page_001.json,25728933,REC-PUBMED-25728933,"Four-factor prothrombin complex concentrate versus plasma for rapid vitamin K antagonist reversal in patients needing urgent surgical or invasive interventions: a phase 3b, open-label, non-inferiority, randomised trial.",Goldstein JN,2015,"Lancet (London, England)",10.1016/s0140-6736(14)61685-8,https://pubmed.ncbi.nlm.nih.gov/25728933/,research/searches/A1/pubmed/pubmed_a1_designpilot_20260710/efetch_030.xml,true,context_only_no_linkage_decision
LINK-CTGOV-NCT02740335-PMID-39088218,high_derived_reference,DERIVED,NCT02740335,REC-CTGOV-NCT02740335,A1,ctgov_a1_designpilot_20260710,"Study of Octaplex, a Four-factor Prothrombin Complex Concentrate (4F-PCC) and Beriplex® P/N (Kcentra) for the Reversal of Vitamin K Antagonist (VKA) Induced Anticoagulation in Patients Needing Urgent Surgery With Significant Bleeding Risk.","A Phase III, Randomized, Double-blind, Multicenter Study to Assess the Efficacy and Safety of OCTAPLEX, a Four-factor Prothrombin Complex Concentrate (4F-PCC), Compared to the 4F-PCC Beriplex® P/N (Kcentra), for the Reversal of Vitamin K Antagonist (VKA) Induced Anticoagulation in Patients Needing Urgent Surgery With Significant Bleeding Risk.",COMPLETED,INTERVENTIONAL,PHASE3,208,Significant Bleeding Risk,DRUG:Octaplex|DRUG:Beriplex P/N (Kcentra),Octapharma,https://clinicaltrials.gov/study/NCT02740335,"Sarode R, Goldstein JN, Simonian G, Hinterberger D, Matveev D, Gareis M, Milling TJ Jr. Vitamin K Antagonist Reversal for Urgent Surgery Using 4-Factor Prothrombin Complex Concentrates: A Randomized Clinical Trial. JAMA Netw Open. 2024 Aug 1;7(8):e2424758. doi: 10.1001/jamanetworkopen.2024.24758.",research/searches/A1/clinicaltrials/ctgov_a1_designpilot_20260710/page_001.json,39088218,REC-PUBMED-39088218,Vitamin K Antagonist Reversal for Urgent Surgery Using 4-Factor Prothrombin Complex Concentrates: A Randomized Clinical Trial.,Sarode R,2024,JAMA network open,10.1001/jamanetworkopen.2024.24758,https://pubmed.ncbi.nlm.nih.gov/39088218/,research/searches/A1/pubmed/pubmed_a1_designpilot_20260710/efetch_046.xml,true,context_only_no_linkage_decision
LINK-CTGOV-NCT02740335-PMID-8709780,manual_background_reference,BACKGROUND,NCT02740335,REC-CTGOV-NCT02740335,A1,ctgov_a1_designpilot_20260710,"Study of Octaplex, a Four-factor Prothrombin Complex Concentrate (4F-PCC) and Beriplex® P/N (Kcentra) for the Reversal of Vitamin K Antagonist (VKA) Induced Anticoagulation in Patients Needing Urgent Surgery With Significant Bleeding Risk.","A Phase III, Randomized, Double-blind, Multicenter Study to Assess the Efficacy and Safety of OCTAPLEX, a Four-factor Prothrombin Complex Concentrate (4F-PCC), Compared to the 4F-PCC Beriplex® P/N (Kcentra), for the Reversal of Vitamin K Antagonist (VKA) Induced Anticoagulation in Patients Needing Urgent Surgery With Significant Bleeding Risk.",COMPLETED,INTERVENTIONAL,PHASE3,208,Significant Bleeding Risk,DRUG:Octaplex|DRUG:Beriplex P/N (Kcentra),Octapharma,https://clinicaltrials.gov/study/NCT02740335,"Palareti G, Leali N, Coccheri S, Poggi M, Manotti C, D'Angelo A, Pengo V, Erba N, Moia M, Ciavarella N, Devoto G, Berrettini M, Musolesi S. Bleeding complications of oral anticoagulant treatment: an inception-cohort, prospective collaborative study (ISCOAT). Italian Study on Complications of Oral Anticoagulant Therapy. Lancet. 1996 Aug 17;348(9025):423-8. doi: 10.1016/s0140-6736(96)01109-9.",research/searches/A1/clinicaltrials/ctgov_a1_designpilot_20260710/page_001.json,8709780,REC-PUBMED-8709780,,,,,,https://pubmed.ncbi.nlm.nih.gov/8709780/,,false,context_only_no_linkage_decision
LINK-CTGOV-NCT02740335-PMID-9065997,manual_background_reference,BACKGROUND,NCT02740335,REC-CTGOV-NCT02740335,A1,ctgov_a1_designpilot_20260710,"Study of Octaplex, a Four-factor Prothrombin Complex Concentrate (4F-PCC) and Beriplex® P/N (Kcentra) for the Reversal of Vitamin K Antagonist (VKA) Induced Anticoagulation in Patients Needing Urgent Surgery With Significant Bleeding Risk.","A Phase III, Randomized, Double-blind, Multicenter Study to Assess the Efficacy and Safety of OCTAPLEX, a Four-factor Prothrombin Complex Concentrate (4F-PCC), Compared to the 4F-PCC Beriplex® P/N (Kcentra), for the Reversal of Vitamin K Antagonist (VKA) Induced Anticoagulation in Patients Needing Urgent Surgery With Significant Bleeding Risk.",COMPLETED,INTERVENTIONAL,PHASE3,208,Significant Bleeding Risk,DRUG:Octaplex|DRUG:Beriplex P/N (Kcentra),Octapharma,https://clinicaltrials.gov/study/NCT02740335,"Makris M, Greaves M, Phillips WS, Kitchen S, Rosendaal FR, Preston EF. Emergency oral anticoagulant reversal: the relative efficacy of infusions of fresh frozen plasma and clotting factor concentrate on correction of the coagulopathy. Thromb Haemost. 1997 Mar;77(3):477-80.",research/searches/A1/clinicaltrials/ctgov_a1_designpilot_20260710/page_001.json,9065997,REC-PUBMED-9065997,Emergency oral anticoagulant reversal: the relative efficacy of infusions of fresh frozen plasma and clotting factor concentrate on correction of the coagulopathy.,Makris M,1997,Thrombosis and haemostasis,,https://pubmed.ncbi.nlm.nih.gov/9065997/,research/searches/A1/pubmed/pubmed_a1_designpilot_20260710/efetch_004.xml,true,context_only_no_linkage_decision
LINK-CTGOV-NCT02740335-PMID-9403477,manual_background_reference,BACKGROUND,NCT02740335,REC-CTGOV-NCT02740335,A1,ctgov_a1_designpilot_20260710,"Study of Octaplex, a Four-factor Prothrombin Complex Concentrate (4F-PCC) and Beriplex® P/N (Kcentra) for the Reversal of Vitamin K Antagonist (VKA) Induced Anticoagulation in Patients Needing Urgent Surgery With Significant Bleeding Risk.","A Phase III, Randomized, Double-blind, Multicenter Study to Assess the Efficacy and Safety of OCTAPLEX, a Four-factor Prothrombin Complex Concentrate (4F-PCC), Compared to the 4F-PCC Beriplex® P/N (Kcentra), for the Reversal of Vitamin K Antagonist (VKA) Induced Anticoagulation in Patients Needing Urgent Surgery With Significant Bleeding Risk.",COMPLETED,INTERVENTIONAL,PHASE3,208,Significant Bleeding Risk,DRUG:Octaplex|DRUG:Beriplex P/N (Kcentra),Octapharma,https://clinicaltrials.gov/study/NCT02740335,A randomized trial of anticoagulants versus aspirin after cerebral ischemia of presumed arterial origin. The Stroke Prevention in Reversible Ischemia Trial (SPIRIT) Study Group. Ann Neurol. 1997 Dec;42(6):857-65. doi: 10.1002/ana.410420606.,research/searches/A1/clinicaltrials/ctgov_a1_designpilot_20260710/page_001.json,9403477,REC-PUBMED-9403477,,,,,,https://pubmed.ncbi.nlm.nih.gov/9403477/,,false,context_only_no_linkage_decision
LINK-CTGOV-NCT02740335-PMID-9857468,manual_background_reference,BACKGROUND,NCT02740335,REC-CTGOV-NCT02740335,A1,ctgov_a1_designpilot_20260710,"Study of Octaplex, a Four-factor Prothrombin Complex Concentrate (4F-PCC) and Beriplex® P/N (Kcentra) for the Reversal of Vitamin K Antagonist (VKA) Induced Anticoagulation in Patients Needing Urgent Surgery With Significant Bleeding Risk.","A Phase III, Randomized, Double-blind, Multicenter Study to Assess the Efficacy and Safety of OCTAPLEX, a Four-factor Prothrombin Complex Concentrate (4F-PCC), Compared to the 4F-PCC Beriplex® P/N (Kcentra), for the Reversal of Vitamin K Antagonist (VKA) Induced Anticoagulation in Patients Needing Urgent Surgery With Significant Bleeding Risk.",COMPLETED,INTERVENTIONAL,PHASE3,208,Significant Bleeding Risk,DRUG:Octaplex|DRUG:Beriplex P/N (Kcentra),Octapharma,https://clinicaltrials.gov/study/NCT02740335,"Gohlke-Barwolf C. [Anticoagulation in surgery, after hemorrhagic complications and in pregnancy]. Z Kardiol. 1998;87 Suppl 4:56-62. German.",research/searches/A1/clinicaltrials/ctgov_a1_designpilot_20260710/page_001.json,9857468,REC-PUBMED-9857468,,,,,,https://pubmed.ncbi.nlm.nih.gov/9857468/,,false,context_only_no_linkage_decision
LINK-CTGOV-NCT02740712-PMID-30427584,high_derived_reference,DERIVED,NCT02740712,REC-CTGOV-NCT02740712,A1,ctgov_a1_designpilot_20260710,Pharmacokinetic Drug-Drug Interaction Study of Rucaparib,"A Phase 1, Open-label, Multiple-probe Drug-drug Interaction Study to Determine the Effect of Rucaparib on Pharmacokinetics of Caffeine, S-Warfarin, Omeprazole, Midazolam, and Digoxin in Patients With Advanced Solid Tumors",COMPLETED,INTERVENTIONAL,PHASE1,17,Neoplasms,DRUG:Caffeine|DRUG:Warfarin|DRUG:Omeprazole|DRUG:Midazolam|DRUG:digoxin|DRUG:Vitamin K|DRUG:Rucaparib,pharmaand GmbH,https://clinicaltrials.gov/study/NCT02740712,"Xiao JJ, Nowak D, Ramlau R, Tomaszewska-Kiecana M, Wysocki PJ, Isaacson J, Beltman J, Nash E, Kaczanowski R, Arold G, Watkins S. Evaluation of Drug-Drug Interactions of Rucaparib and CYP1A2, CYP2C9, CYP2C19, CYP3A, and P-gp Substrates in Patients With an Advanced Solid Tumor. Clin Transl Sci. 2019 Jan;12(1):58-65. doi: 10.1111/cts.12600. Epub 2018 Dec 20.",research/searches/A1/clinicaltrials/ctgov_a1_designpilot_20260710/page_001.json,30427584,REC-PUBMED-30427584,,,,,,https://pubmed.ncbi.nlm.nih.gov/30427584/,,false,context_only_no_linkage_decision
LINK-CTGOV-NCT02823093-PMID-15265793,manual_background_reference,BACKGROUND,NCT02823093,REC-CTGOV-NCT02823093,A1,ctgov_a1_designpilot_20260710,Aortic Calcification and Vitamin K Antagonists,Aortic Calcification and Vitamin K Antagonists,COMPLETED,OBSERVATIONAL,,73,Vascular Calcification,,"Centre Hospitalier Universitaire, Amiens",https://clinicaltrials.gov/study/NCT02823093,"Schurgers LJ, Aebert H, Vermeer C, Bultmann B, Janzen J. Oral anticoagulant treatment: friend or foe in cardiovascular disease? Blood. 2004 Nov 15;104(10):3231-2. doi: 10.1182/blood-2004-04-1277. Epub 2004 Jul 20.",research/searches/A1/clinicaltrials/ctgov_a1_designpilot_20260710/page_001.json,15265793,REC-PUBMED-15265793,Oral anticoagulant treatment: friend or foe in cardiovascular disease?,Schurgers LJ,2004,Blood,10.1182/blood-2004-04-1277,https://pubmed.ncbi.nlm.nih.gov/15265793/,research/searches/A1/pubmed/pubmed_a1_designpilot_20260710/efetch_011.xml,true,context_only_no_linkage_decision
LINK-CTGOV-NCT02823093-PMID-18841280,manual_background_reference,BACKGROUND,NCT02823093,REC-CTGOV-NCT02823093,A1,ctgov_a1_designpilot_20260710,Aortic Calcification and Vitamin K Antagonists,Aortic Calcification and Vitamin K Antagonists,COMPLETED,OBSERVATIONAL,,73,Vascular Calcification,,"Centre Hospitalier Universitaire, Amiens",https://clinicaltrials.gov/study/NCT02823093,"Schurgers LJ, Cranenburg EC, Vermeer C. Matrix Gla-protein: the calcification inhibitor in need of vitamin K. Thromb Haemost. 2008 Oct;100(4):593-603.",research/searches/A1/clinicaltrials/ctgov_a1_designpilot_20260710/page_001.json,18841280,REC-PUBMED-18841280,,,,,,https://pubmed.ncbi.nlm.nih.gov/18841280/,,false,context_only_no_linkage_decision
LINK-CTGOV-NCT02823093-PMID-6607731,manual_background_reference,BACKGROUND,NCT02823093,REC-CTGOV-NCT02823093,A1,ctgov_a1_designpilot_20260710,Aortic Calcification and Vitamin K Antagonists,Aortic Calcification and Vitamin K Antagonists,COMPLETED,OBSERVATIONAL,,73,Vascular Calcification,,"Centre Hospitalier Universitaire, Amiens",https://clinicaltrials.gov/study/NCT02823093,"Price PA, Urist MR, Otawara Y. Matrix Gla protein, a new gamma-carboxyglutamic acid-containing protein which is associated with the organic matrix of bone. Biochem Biophys Res Commun. 1983 Dec 28;117(3):765-71. doi: 10.1016/0006-291x(83)91663-7.",research/searches/A1/clinicaltrials/ctgov_a1_designpilot_20260710/page_001.json,6607731,REC-PUBMED-6607731,,,,,,https://pubmed.ncbi.nlm.nih.gov/6607731/,,false,context_only_no_linkage_decision
LINK-CTGOV-NCT02823093-PMID-9743228,manual_background_reference,BACKGROUND,NCT02823093,REC-CTGOV-NCT02823093,A1,ctgov_a1_designpilot_20260710,Aortic Calcification and Vitamin K Antagonists,Aortic Calcification and Vitamin K Antagonists,COMPLETED,OBSERVATIONAL,,73,Vascular Calcification,,"Centre Hospitalier Universitaire, Amiens",https://clinicaltrials.gov/study/NCT02823093,"Price PA, Faus SA, Williamson MK. Warfarin causes rapid calcification of the elastic lamellae in rat arteries and heart valves. Arterioscler Thromb Vasc Biol. 1998 Sep;18(9):1400-7. doi: 10.1161/01.atv.18.9.1400.",research/searches/A1/clinicaltrials/ctgov_a1_designpilot_20260710/page_001.json,9743228,REC-PUBMED-9743228,Warfarin causes rapid calcification of the elastic lamellae in rat arteries and heart valves.,Price PA,1998,"Arteriosclerosis, thrombosis, and vascular biology",10.1161/01.atv.18.9.1400,https://pubmed.ncbi.nlm.nih.gov/9743228/,research/searches/A1/pubmed/pubmed_a1_designpilot_20260710/efetch_004.xml,true,context_only_no_linkage_decision
LINK-CTGOV-NCT02933697-PMID-30206088,high_derived_reference,DERIVED,NCT02933697,REC-CTGOV-NCT02933697,A1,ctgov_a1_designpilot_20260710,Compare Apixaban and Vitamin-K Antagonists in Patients With Atrial Fibrillation (AF) and End-Stage Kidney Disease (ESKD),A Safety Study Assessing Oral Anticoagulation With Apixaban Versus Vitamin-K Antagonists in Patients With Atrial Fibrillation (AF) and End-Stage Kidney Disease (ESKD) on Chronic Hemodialysis Treatment,COMPLETED,INTERVENTIONAL,PHASE3,108,Atrial Fibrillation|End-stage Kidney Disease,DRUG:Apixaban|DRUG:Phenprocoumon,Atrial Fibrillation Network,https://clinicaltrials.gov/study/NCT02933697,"Reinecke H, Jurgensmeyer S, Engelbertz C, Gerss J, Kirchhof P, Breithardt G, Bauersachs R, Wanner C. Design and rationale of a randomised controlled trial comparing apixaban to phenprocoumon in patients with atrial fibrillation on chronic haemodialysis: the AXADIA-AFNET 8 study. BMJ Open. 2018 Sep 10;8(9):e022690. doi: 10.1136/bmjopen-2018-022690.",research/searches/A1/clinicaltrials/ctgov_a1_designpilot_20260710/page_001.json,30206088,REC-PUBMED-30206088,Design and rationale of a randomised controlled trial comparing apixaban to phenprocoumon in patients with atrial fibrillation on chronic haemodialysis: the AXADIA-AFNET 8 study.,Reinecke H,2018,BMJ open,10.1136/bmjopen-2018-022690,https://pubmed.ncbi.nlm.nih.gov/30206088/,research/searches/A1/pubmed/pubmed_a1_designpilot_20260710/efetch_017.xml,true,context_only_no_linkage_decision
LINK-CTGOV-NCT02933697-PMID-36335915,high_derived_reference,DERIVED,NCT02933697,REC-CTGOV-NCT02933697,A1,ctgov_a1_designpilot_20260710,Compare Apixaban and Vitamin-K Antagonists in Patients With Atrial Fibrillation (AF) and End-Stage Kidney Disease (ESKD),A Safety Study Assessing Oral Anticoagulation With Apixaban Versus Vitamin-K Antagonists in Patients With Atrial Fibrillation (AF) and End-Stage Kidney Disease (ESKD) on Chronic Hemodialysis Treatment,COMPLETED,INTERVENTIONAL,PHASE3,108,Atrial Fibrillation|End-stage Kidney Disease,DRUG:Apixaban|DRUG:Phenprocoumon,Atrial Fibrillation Network,https://clinicaltrials.gov/study/NCT02933697,"Reinecke H, Engelbertz C, Bauersachs R, Breithardt G, Echterhoff HH, Gerss J, Haeusler KG, Hewing B, Hoyer J, Juergensmeyer S, Klingenheben T, Knapp G, Christian Rump L, Schmidt-Guertler H, Wanner C, Kirchhof P, Goerlich D. A Randomized Controlled Trial Comparing Apixaban With the Vitamin K Antagonist Phenprocoumon in Patients on Chronic Hemodialysis: The AXADIA-AFNET 8 Study. Circulation. 2023 Jan 24;147(4):296-309. doi: 10.1161/CIRCULATIONAHA.122.062779. Epub 2022 Nov 6.",research/searches/A1/clinicaltrials/ctgov_a1_designpilot_20260710/page_001.json,36335915,REC-PUBMED-36335915,A Randomized Controlled Trial Comparing Apixaban With the Vitamin K Antagonist Phenprocoumon in Patients on Chronic Hemodialysis: The AXADIA-AFNET 8 Study.,Reinecke H,2023,Circulation,10.1161/circulationaha.122.062779,https://pubmed.ncbi.nlm.nih.gov/36335915/,research/searches/A1/pubmed/pubmed_a1_designpilot_20260710/efetch_051.xml,true,context_only_no_linkage_decision
LINK-CTGOV-NCT02981472-PMID-38057072,high_derived_reference,DERIVED,NCT02981472,REC-CTGOV-NCT02981472,A1,ctgov_a1_designpilot_20260710,A Study of the Safety and Pharmacokinetics of Apixaban Versus Vitamin K Antagonist (VKA) or Low Molecular Weight Heparin (LMWH) in Pediatric Subjects With Congenital or Acquired Heart Disease Requiring Anticoagulation,"A Prospective, Randomized, Open Label, Multi-center Study of the Safety and Pharmacokinetics of Apixaban Versus Vitamin K Antagonist or LMWH in Pediatric Subjects With Congenital or Acquired Heart Disease Requiring Chronic Anticoagulation for Thromboembolism Prevention",COMPLETED,INTERVENTIONAL,PHASE2,192,Thrombosis,DRUG:Apixaban|DRUG:Vitamin K Antagonist (VKA)|DRUG:Low Molecular Weight Heparin (LMWH),Bristol-Myers Squibb,https://clinicaltrials.gov/study/NCT02981472,"Payne RM, Burns KM, Glatz AC, Male C, Donti A, Brandao LR, Balling G, VanderPluym CJ, Bu'Lock F, Kochilas LK, Stiller B, Cnota JF 2nd, Rahkonen O, Khan A, Adorisio R, Stoica S, May L, Burns JC, Saraiva JFK, McHugh KE, Kim JS, Rubio A, Chia-Vazquez NG, Meador MR, Dyme JL, Reedy AM, Ajavon-Hartmann T, Jarugula P, Carlson-Taneja LE, Mills D, Wheaton O, Monagle P. Apixaban for Prevention of Thromboembolism in Pediatric Heart Disease. J Am Coll Cardiol. 2023 Dec 12;82(24):2296-2309. doi: 10.1016/j.jacc.2023.10.010.",research/searches/A1/clinicaltrials/ctgov_a1_designpilot_20260710/page_001.json,38057072,REC-PUBMED-38057072,Apixaban for Prevention of Thromboembolism in Pediatric Heart Disease.,Payne RM,2023,Journal of the American College of Cardiology,10.1016/j.jacc.2023.10.010,https://pubmed.ncbi.nlm.nih.gov/38057072/,research/searches/A1/pubmed/pubmed_a1_designpilot_20260710/efetch_048.xml,true,context_only_no_linkage_decision
LINK-CTGOV-NCT03017001-PMID-22729296,critical_result_reference,RESULT,NCT03017001,REC-CTGOV-NCT03017001,A2,ctgov_a2_designpilot_20260710,Preoperative Carbohydrate Load and Intraoperative w3-PUFA in CAGB Surgery,Preoperative Carbohydrate Load and Intraoperative Omega-3 Polyunsaturated Fatty Acids Positively Impacts in Nosocomial Morbidity After CAGB Surgery. A Double-blind Randomized Trial.,COMPLETED,INTERVENTIONAL,PHASE2|PHASE3,60,Atrial Fibrillation Rapid|Postoperative Complications,DIETARY_SUPPLEMENT:CHO (carbohydrate)|DRUG:intravenous w-3 PUFA|OTHER:CHO (carbohydrate) plus intravenous w3-PUFA,Federal University of Mato Grosso,https://clinicaltrials.gov/study/NCT03017001,"Feguri GR, Lima PR, Lopes AM, Roledo A, Marchese M, Trevisan M, Ahmad H, Freitas BB, Aguilar-Nascimento JE. Clinical and metabolic results of fasting abbreviation with carbohydrates in coronary artery bypass graft surgery. Rev Bras Cir Cardiovasc. 2012 Jan-Mar;27(1):7-17. doi: 10.5935/1678-9741.20120004. English, Portuguese.",research/searches/A2/clinicaltrials/ctgov_a2_designpilot_20260710/page_001.json,22729296,REC-PUBMED-22729296,,,,,,https://pubmed.ncbi.nlm.nih.gov/22729296/,,false,context_only_no_linkage_decision
LINK-CTGOV-NCT03017001-PMID-25163472,manual_background_reference,BACKGROUND,NCT03017001,REC-CTGOV-NCT03017001,A2,ctgov_a2_designpilot_20260710,Preoperative Carbohydrate Load and Intraoperative w3-PUFA in CAGB Surgery,Preoperative Carbohydrate Load and Intraoperative Omega-3 Polyunsaturated Fatty Acids Positively Impacts in Nosocomial Morbidity After CAGB Surgery. A Double-blind Randomized Trial.,COMPLETED,INTERVENTIONAL,PHASE2|PHASE3,60,Atrial Fibrillation Rapid|Postoperative Complications,DIETARY_SUPPLEMENT:CHO (carbohydrate)|DRUG:intravenous w-3 PUFA|OTHER:CHO (carbohydrate) plus intravenous w3-PUFA,Federal University of Mato Grosso,https://clinicaltrials.gov/study/NCT03017001,"Aguilar-Nascimento JE, Feguri GR. Fasting may not be required before percutaneous coronary intervention. Evid Based Nurs. 2015 Apr;18(2):41. doi: 10.1136/eb-2014-101904. Epub 2014 Aug 27.",research/searches/A2/clinicaltrials/ctgov_a2_designpilot_20260710/page_001.json,25163472,REC-PUBMED-25163472,,,,,,https://pubmed.ncbi.nlm.nih.gov/25163472/,,false,context_only_no_linkage_decision
LINK-CTGOV-NCT03017001-PMID-27293143,critical_result_reference,RESULT,NCT03017001,REC-CTGOV-NCT03017001,A2,ctgov_a2_designpilot_20260710,Preoperative Carbohydrate Load and Intraoperative w3-PUFA in CAGB Surgery,Preoperative Carbohydrate Load and Intraoperative Omega-3 Polyunsaturated Fatty Acids Positively Impacts in Nosocomial Morbidity After CAGB Surgery. A Double-blind Randomized Trial.,COMPLETED,INTERVENTIONAL,PHASE2|PHASE3,60,Atrial Fibrillation Rapid|Postoperative Complications,DIETARY_SUPPLEMENT:CHO (carbohydrate)|DRUG:intravenous w-3 PUFA|OTHER:CHO (carbohydrate) plus intravenous w3-PUFA,Federal University of Mato Grosso,https://clinicaltrials.gov/study/NCT03017001,"Langlois PL, Hardy G, Manzanares W. Omega-3 polyunsaturated fatty acids in cardiac surgery patients: An updated systematic review and meta-analysis. Clin Nutr. 2017 Jun;36(3):737-746. doi: 10.1016/j.clnu.2016.05.013. Epub 2016 May 27.",research/searches/A2/clinicaltrials/ctgov_a2_designpilot_20260710/page_001.json,27293143,REC-PUBMED-27293143,,,,,,https://pubmed.ncbi.nlm.nih.gov/27293143/,,false,context_only_no_linkage_decision
LINK-CTGOV-NCT03085576-PMID-30322836,manual_background_reference,BACKGROUND,NCT03085576,REC-CTGOV-NCT03085576,A1,ctgov_a1_designpilot_20260710,NATional TUnisian REgistry of Atrial Fibrillation,National Tunisian Registry of Atrial Fibrillation,COMPLETED,OBSERVATIONAL,,910,Atrial Fibrillation,,Dacima Consulting,https://clinicaltrials.gov/study/NCT03085576,"Ben Halima A, Ouali S, Mourali MS, Chabrak S, Chettaoui R, Ben Halima M, Haggui A, Larbi N, Krichene S, Marrakchi S, Kacem S, Chrigui R, Abbes MF, Baccar H, Baraket N, Ben Halima N, Ben Khalfallah A, Ben Mbarek M, Ben Youssef S, Boughzala E, Boujnah MR, Drissa H, Gamra H, Gasmi A, Haouala H, Harrath Y, Issa I, Jeridi G, Kachboura S, Kammoun S, Kraiem S, Maatouk F, Milouchi S, Nasraoui W, Neji A, Sayahi K, Sdiri W, Smati W, Tlili S, Abid L, Abdesselem S, Zakhama L, Mahdhaoui A, Kammoun H, Ben Omrane S, Addad F. Design and Rationale of the National Tunisian Registry of Atrial Fibrillation: Protocol for a Prospective, Multicenter Trial. JMIR Res Protoc. 2018 Oct 15;7(10):e181. doi: 10.2196/resprot.8523.",research/searches/A1/clinicaltrials/ctgov_a1_designpilot_20260710/page_001.json,30322836,REC-PUBMED-30322836,,,,,,https://pubmed.ncbi.nlm.nih.gov/30322836/,,false,context_only_no_linkage_decision
LINK-CTGOV-NCT03085576-PMID-33704830,manual_background_reference,BACKGROUND,NCT03085576,REC-CTGOV-NCT03085576,A1,ctgov_a1_designpilot_20260710,NATional TUnisian REgistry of Atrial Fibrillation,National Tunisian Registry of Atrial Fibrillation,COMPLETED,OBSERVATIONAL,,910,Atrial Fibrillation,,Dacima Consulting,https://clinicaltrials.gov/study/NCT03085576,"Ouali S, Ben Halima A, Chabrak S, Chettaoui R, Ben Halima M, Haggui A, Krichane S, Noureddine L, Marrakchi S, Charfeddine S, Hassine M, Sayahi K, Abbes Mohamed F, Nasraoui W, Ajmi H, Ben Miled M, Jebbari Z, Meghaieth MA, Allouche E, Mechmeche R, Zakhama L, Sdiri W, Ben Khalfallah A, Gharbi A, Milouchi S, Neji A, Antit S, Battikh K, Drissa M, Kaabachi S, Najar T, Tlili R, Chahbani I, Charfeddine H, Ben MM, Braham S, Maatouk F, Abdesselem S, Ayari M, Garbaa R, Hamrouni N, Mbarek D, Rekik H, Zaghdoudi H, Ayadi W, Baraket F, Ben Brahim K, Ben Romdhane M, Bousadia H, Brahim W, Mezri M, Guesmi A, Ounissi T, Kammoun S, Smati W, Tlili S, Zoughi K, Zemni J, Cheikh Bouhlel M, Islem S, Jemli R, Joulak A, Mzoughi K, Naanea H, Hached L, Hadrich M, Hmem M, Kacem S, Kammoun I, Othmani R, Ouerghi A, Abid S, Ennouri R, Haidar S, Heraiech S, Jammali M, Jarrar M, Riahi L, Trimech B, Azaiez MA, Azzouzi F, Ben Jemaa K, Ben Rejab O, Chrigui R, Wechtati W, Boughzela E, Jridi G, Bezdah L, Kraiem S, Drissa H, Ben Youssef S, Fehri W, Kachboura S, Gamra H, Kammoun S, Mourali MS, Addad F, Abid L. Epidemiological characteristics, management, and outcomes of atrial fibrillation in TUNISIA: Results from the National Tunisian Registry of Atrial Fibrillation (NATURE-AF). Clin Cardiol. 2021 Apr;44(4):501-510. doi: 10.1002/clc.23558. Epub 2021 Mar 11.",research/searches/A1/clinicaltrials/ctgov_a1_designpilot_20260710/page_001.json,33704830,REC-PUBMED-33704830,,,,,,https://pubmed.ncbi.nlm.nih.gov/33704830/,,false,context_only_no_linkage_decision
LINK-CTGOV-NCT03087149-PMID-10212074,manual_background_reference,BACKGROUND,NCT03087149,REC-CTGOV-NCT03087149,B2,ctgov_b2_designpilot_20260710,Monitored vs Standard Supplementation of Vitamin D in Preterm Infants,Supplementation of Vitamin D in Preterm Infants- Monitored Therapy vs Standard Therapy. A Randomized Controlled Trial,COMPLETED,INTERVENTIONAL,NA,109,Vitamin D Deficiency|Osteopenia|Nephrolithiasis|Drug Overdose,DIETARY_SUPPLEMENT:monitored vit D supplementation|DIETARY_SUPPLEMENT:standard vit D supplementation,"Princess Anna Mazowiecka Hospital, Warsaw, Poland",https://clinicaltrials.gov/study/NCT03087149,"Backstrom MC, Maki R, Kuusela AL, Sievanen H, Koivisto AM, Ikonen RS, Kouri T, Maki M. Randomised controlled trial of vitamin D supplementation on bone density and biochemical indices in preterm infants. Arch Dis Child Fetal Neonatal Ed. 1999 May;80(3):F161-6. doi: 10.1136/fn.80.3.f161.",research/searches/B2/clinicaltrials/ctgov_b2_designpilot_20260710/page_001.json,10212074,REC-PUBMED-10212074,,,,,,https://pubmed.ncbi.nlm.nih.gov/10212074/,,false,context_only_no_linkage_decision
LINK-CTGOV-NCT03087149-PMID-10943972,manual_background_reference,BACKGROUND,NCT03087149,REC-CTGOV-NCT03087149,B2,ctgov_b2_designpilot_20260710,Monitored vs Standard Supplementation of Vitamin D in Preterm Infants,Supplementation of Vitamin D in Preterm Infants- Monitored Therapy vs Standard Therapy. A Randomized Controlled Trial,COMPLETED,INTERVENTIONAL,NA,109,Vitamin D Deficiency|Osteopenia|Nephrolithiasis|Drug Overdose,DIETARY_SUPPLEMENT:monitored vit D supplementation|DIETARY_SUPPLEMENT:standard vit D supplementation,"Princess Anna Mazowiecka Hospital, Warsaw, Poland",https://clinicaltrials.gov/study/NCT03087149,"Backstrom MC, Kouri T, Kuusela AL, Sievanen H, Koivisto AM, Ikonen RS, Maki M. Bone isoenzyme of serum alkaline phosphatase and serum inorganic phosphate in metabolic bone disease of prematurity. Acta Paediatr. 2000 Jul;89(7):867-73.",research/searches/B2/clinicaltrials/ctgov_b2_designpilot_20260710/page_001.json,10943972,REC-PUBMED-10943972,,,,,,https://pubmed.ncbi.nlm.nih.gov/10943972/,,false,context_only_no_linkage_decision
LINK-CTGOV-NCT03087149-PMID-11795683,manual_background_reference,BACKGROUND,NCT03087149,REC-CTGOV-NCT03087149,B2,ctgov_b2_designpilot_20260710,Monitored vs Standard Supplementation of Vitamin D in Preterm Infants,Supplementation of Vitamin D in Preterm Infants- Monitored Therapy vs Standard Therapy. A Randomized Controlled Trial,COMPLETED,INTERVENTIONAL,NA,109,Vitamin D Deficiency|Osteopenia|Nephrolithiasis|Drug Overdose,DIETARY_SUPPLEMENT:monitored vit D supplementation|DIETARY_SUPPLEMENT:standard vit D supplementation,"Princess Anna Mazowiecka Hospital, Warsaw, Poland",https://clinicaltrials.gov/study/NCT03087149,"Nemet D, Dolfin T, Wolach B, Eliakim A. Quantitative ultrasound measurements of bone speed of sound in premature infants. Eur J Pediatr. 2001 Dec;160(12):736-40. doi: 10.1007/s004310100849.",research/searches/B2/clinicaltrials/ctgov_b2_designpilot_20260710/page_001.json,11795683,REC-PUBMED-11795683,,,,,,https://pubmed.ncbi.nlm.nih.gov/11795683/,,false,context_only_no_linkage_decision
LINK-CTGOV-NCT03087149-PMID-16399151,manual_background_reference,BACKGROUND,NCT03087149,REC-CTGOV-NCT03087149,B2,ctgov_b2_designpilot_20260710,Monitored vs Standard Supplementation of Vitamin D in Preterm Infants,Supplementation of Vitamin D in Preterm Infants- Monitored Therapy vs Standard Therapy. A Randomized Controlled Trial,COMPLETED,INTERVENTIONAL,NA,109,Vitamin D Deficiency|Osteopenia|Nephrolithiasis|Drug Overdose,DIETARY_SUPPLEMENT:monitored vit D supplementation|DIETARY_SUPPLEMENT:standard vit D supplementation,"Princess Anna Mazowiecka Hospital, Warsaw, Poland",https://clinicaltrials.gov/study/NCT03087149,"Javaid MK, Crozier SR, Harvey NC, Gale CR, Dennison EM, Boucher BJ, Arden NK, Godfrey KM, Cooper C; Princess Anne Hospital Study Group. Maternal vitamin D status during pregnancy and childhood bone mass at age 9 years: a longitudinal study. Lancet. 2006 Jan 7;367(9504):36-43. doi: 10.1016/S0140-6736(06)67922-1.",research/searches/B2/clinicaltrials/ctgov_b2_designpilot_20260710/page_001.json,16399151,REC-PUBMED-16399151,,,,,,https://pubmed.ncbi.nlm.nih.gov/16399151/,,false,context_only_no_linkage_decision
LINK-CTGOV-NCT03087149-PMID-17577338,manual_background_reference,BACKGROUND,NCT03087149,REC-CTGOV-NCT03087149,B2,ctgov_b2_designpilot_20260710,Monitored vs Standard Supplementation of Vitamin D in Preterm Infants,Supplementation of Vitamin D in Preterm Infants- Monitored Therapy vs Standard Therapy. A Randomized Controlled Trial,COMPLETED,INTERVENTIONAL,NA,109,Vitamin D Deficiency|Osteopenia|Nephrolithiasis|Drug Overdose,DIETARY_SUPPLEMENT:monitored vit D supplementation|DIETARY_SUPPLEMENT:standard vit D supplementation,"Princess Anna Mazowiecka Hospital, Warsaw, Poland",https://clinicaltrials.gov/study/NCT03087149,"Rigo J, Pieltain C, Salle B, Senterre J. Enteral calcium, phosphate and vitamin D requirements and bone mineralization in preterm infants. Acta Paediatr. 2007 Jul;96(7):969-74. doi: 10.1111/j.1651-2227.2007.00336.x.",research/searches/B2/clinicaltrials/ctgov_b2_designpilot_20260710/page_001.json,17577338,REC-PUBMED-17577338,,,,,,https://pubmed.ncbi.nlm.nih.gov/17577338/,,false,context_only_no_linkage_decision
LINK-CTGOV-NCT03087149-PMID-19881390,manual_background_reference,BACKGROUND,NCT03087149,REC-CTGOV-NCT03087149,B2,ctgov_b2_designpilot_20260710,Monitored vs Standard Supplementation of Vitamin D in Preterm Infants,Supplementation of Vitamin D in Preterm Infants- Monitored Therapy vs Standard Therapy. A Randomized Controlled Trial,COMPLETED,INTERVENTIONAL,NA,109,Vitamin D Deficiency|Osteopenia|Nephrolithiasis|Drug Overdose,DIETARY_SUPPLEMENT:monitored vit D supplementation|DIETARY_SUPPLEMENT:standard vit D supplementation,"Princess Anna Mazowiecka Hospital, Warsaw, Poland",https://clinicaltrials.gov/study/NCT03087149,"Agostoni C, Buonocore G, Carnielli VP, De Curtis M, Darmaun D, Decsi T, Domellof M, Embleton ND, Fusch C, Genzel-Boroviczeny O, Goulet O, Kalhan SC, Kolacek S, Koletzko B, Lapillonne A, Mihatsch W, Moreno L, Neu J, Poindexter B, Puntis J, Putet G, Rigo J, Riskin A, Salle B, Sauer P, Shamir R, Szajewska H, Thureen P, Turck D, van Goudoever JB, Ziegler EE; ESPGHAN Committee on Nutrition. Enteral nutrient supply for preterm infants: commentary from the European Society of Paediatric Gastroenterology, Hepatology and Nutrition Committee on Nutrition. J Pediatr Gastroenterol Nutr. 2010 Jan;50(1):85-91. doi: 10.1097/MPG.0b013e3181adaee0.",research/searches/B2/clinicaltrials/ctgov_b2_designpilot_20260710/page_001.json,19881390,REC-PUBMED-19881390,,,,,,https://pubmed.ncbi.nlm.nih.gov/19881390/,,false,context_only_no_linkage_decision
LINK-CTGOV-NCT03087149-PMID-21681177,manual_background_reference,BACKGROUND,NCT03087149,REC-CTGOV-NCT03087149,B2,ctgov_b2_designpilot_20260710,Monitored vs Standard Supplementation of Vitamin D in Preterm Infants,Supplementation of Vitamin D in Preterm Infants- Monitored Therapy vs Standard Therapy. A Randomized Controlled Trial,COMPLETED,INTERVENTIONAL,NA,109,Vitamin D Deficiency|Osteopenia|Nephrolithiasis|Drug Overdose,DIETARY_SUPPLEMENT:monitored vit D supplementation|DIETARY_SUPPLEMENT:standard vit D supplementation,"Princess Anna Mazowiecka Hospital, Warsaw, Poland",https://clinicaltrials.gov/study/NCT03087149,"Rack B, Lochmuller EM, Janni W, Lipowsky G, Engelsberger I, Friese K, Kuster H. Ultrasound for the assessment of bone quality in preterm and term infants. J Perinatol. 2012 Mar;32(3):218-26. doi: 10.1038/jp.2011.82. Epub 2011 Jun 16.",research/searches/B2/clinicaltrials/ctgov_b2_designpilot_20260710/page_001.json,21681177,REC-PUBMED-21681177,,,,,,https://pubmed.ncbi.nlm.nih.gov/21681177/,,false,context_only_no_linkage_decision
LINK-CTGOV-NCT03087149-PMID-21706518,manual_background_reference,BACKGROUND,NCT03087149,REC-CTGOV-NCT03087149,B2,ctgov_b2_designpilot_20260710,Monitored vs Standard Supplementation of Vitamin D in Preterm Infants,Supplementation of Vitamin D in Preterm Infants- Monitored Therapy vs Standard Therapy. A Randomized Controlled Trial,COMPLETED,INTERVENTIONAL,NA,109,Vitamin D Deficiency|Osteopenia|Nephrolithiasis|Drug Overdose,DIETARY_SUPPLEMENT:monitored vit D supplementation|DIETARY_SUPPLEMENT:standard vit D supplementation,"Princess Anna Mazowiecka Hospital, Warsaw, Poland",https://clinicaltrials.gov/study/NCT03087149,"Hollis BW, Johnson D, Hulsey TC, Ebeling M, Wagner CL. Vitamin D supplementation during pregnancy: double-blind, randomized clinical trial of safety and effectiveness. J Bone Miner Res. 2011 Oct;26(10):2341-57. doi: 10.1002/jbmr.463.",research/searches/B2/clinicaltrials/ctgov_b2_designpilot_20260710/page_001.json,21706518,REC-PUBMED-21706518,,,,,,https://pubmed.ncbi.nlm.nih.gov/21706518/,,false,context_only_no_linkage_decision
LINK-CTGOV-NCT03087149-PMID-22331333,manual_background_reference,BACKGROUND,NCT03087149,REC-CTGOV-NCT03087149,B2,ctgov_b2_designpilot_20260710,Monitored vs Standard Supplementation of Vitamin D in Preterm Infants,Supplementation of Vitamin D in Preterm Infants- Monitored Therapy vs Standard Therapy. A Randomized Controlled Trial,COMPLETED,INTERVENTIONAL,NA,109,Vitamin D Deficiency|Osteopenia|Nephrolithiasis|Drug Overdose,DIETARY_SUPPLEMENT:monitored vit D supplementation|DIETARY_SUPPLEMENT:standard vit D supplementation,"Princess Anna Mazowiecka Hospital, Warsaw, Poland",https://clinicaltrials.gov/study/NCT03087149,"Whitehouse AJ, Holt BJ, Serralha M, Holt PG, Kusel MM, Hart PH. Maternal serum vitamin D levels during pregnancy and offspring neurocognitive development. Pediatrics. 2012 Mar;129(3):485-93. doi: 10.1542/peds.2011-2644. Epub 2012 Feb 13.",research/searches/B2/clinicaltrials/ctgov_b2_designpilot_20260710/page_001.json,22331333,REC-PUBMED-22331333,,,,,,https://pubmed.ncbi.nlm.nih.gov/22331333/,,false,context_only_no_linkage_decision
LINK-CTGOV-NCT03087149-PMID-23070790,manual_background_reference,BACKGROUND,NCT03087149,REC-CTGOV-NCT03087149,B2,ctgov_b2_designpilot_20260710,Monitored vs Standard Supplementation of Vitamin D in Preterm Infants,Supplementation of Vitamin D in Preterm Infants- Monitored Therapy vs Standard Therapy. A Randomized Controlled Trial,COMPLETED,INTERVENTIONAL,NA,109,Vitamin D Deficiency|Osteopenia|Nephrolithiasis|Drug Overdose,DIETARY_SUPPLEMENT:monitored vit D supplementation|DIETARY_SUPPLEMENT:standard vit D supplementation,"Princess Anna Mazowiecka Hospital, Warsaw, Poland",https://clinicaltrials.gov/study/NCT03087149,"Whitehouse AJ, Holt BJ, Serralha M, Holt PG, Hart PH, Kusel MM. Maternal vitamin D levels and the autism phenotype among offspring. J Autism Dev Disord. 2013 Jul;43(7):1495-504. doi: 10.1007/s10803-012-1676-8.",research/searches/B2/clinicaltrials/ctgov_b2_designpilot_20260710/page_001.json,23070790,REC-PUBMED-23070790,,,,,,https://pubmed.ncbi.nlm.nih.gov/23070790/,,false,context_only_no_linkage_decision
LINK-CTGOV-NCT03087149-PMID-23542507,manual_background_reference,BACKGROUND,NCT03087149,REC-CTGOV-NCT03087149,B2,ctgov_b2_designpilot_20260710,Monitored vs Standard Supplementation of Vitamin D in Preterm Infants,Supplementation of Vitamin D in Preterm Infants- Monitored Therapy vs Standard Therapy. A Randomized Controlled Trial,COMPLETED,INTERVENTIONAL,NA,109,Vitamin D Deficiency|Osteopenia|Nephrolithiasis|Drug Overdose,DIETARY_SUPPLEMENT:monitored vit D supplementation|DIETARY_SUPPLEMENT:standard vit D supplementation,"Princess Anna Mazowiecka Hospital, Warsaw, Poland",https://clinicaltrials.gov/study/NCT03087149,"Pludowski P, Holick MF, Pilz S, Wagner CL, Hollis BW, Grant WB, Shoenfeld Y, Lerchbaum E, Llewellyn DJ, Kienreich K, Soni M. Vitamin D effects on musculoskeletal health, immunity, autoimmunity, cardiovascular disease, cancer, fertility, pregnancy, dementia and mortality-a review of recent evidence. Autoimmun Rev. 2013 Aug;12(10):976-89. doi: 10.1016/j.autrev.2013.02.004. Epub 2013 Mar 28.",research/searches/B2/clinicaltrials/ctgov_b2_designpilot_20260710/page_001.json,23542507,REC-PUBMED-23542507,,,,,,https://pubmed.ncbi.nlm.nih.gov/23542507/,,false,context_only_no_linkage_decision
LINK-CTGOV-NCT03087149-PMID-23629620,manual_background_reference,BACKGROUND,NCT03087149,REC-CTGOV-NCT03087149,B2,ctgov_b2_designpilot_20260710,Monitored vs Standard Supplementation of Vitamin D in Preterm Infants,Supplementation of Vitamin D in Preterm Infants- Monitored Therapy vs Standard Therapy. A Randomized Controlled Trial,COMPLETED,INTERVENTIONAL,NA,109,Vitamin D Deficiency|Osteopenia|Nephrolithiasis|Drug Overdose,DIETARY_SUPPLEMENT:monitored vit D supplementation|DIETARY_SUPPLEMENT:standard vit D supplementation,"Princess Anna Mazowiecka Hospital, Warsaw, Poland",https://clinicaltrials.gov/study/NCT03087149,Abrams SA; Committee on Nutrition. Calcium and vitamin d requirements of enterally fed preterm infants. Pediatrics. 2013 May;131(5):e1676-83. doi: 10.1542/peds.2013-0420. Epub 2013 Apr 29.,research/searches/B2/clinicaltrials/ctgov_b2_designpilot_20260710/page_001.json,23629620,REC-PUBMED-23629620,,,,,,https://pubmed.ncbi.nlm.nih.gov/23629620/,,false,context_only_no_linkage_decision
LINK-CTGOV-NCT03087149-PMID-23852093,manual_background_reference,BACKGROUND,NCT03087149,REC-CTGOV-NCT03087149,B2,ctgov_b2_designpilot_20260710,Monitored vs Standard Supplementation of Vitamin D in Preterm Infants,Supplementation of Vitamin D in Preterm Infants- Monitored Therapy vs Standard Therapy. A Randomized Controlled Trial,COMPLETED,INTERVENTIONAL,NA,109,Vitamin D Deficiency|Osteopenia|Nephrolithiasis|Drug Overdose,DIETARY_SUPPLEMENT:monitored vit D supplementation|DIETARY_SUPPLEMENT:standard vit D supplementation,"Princess Anna Mazowiecka Hospital, Warsaw, Poland",https://clinicaltrials.gov/study/NCT03087149,"Monangi N, Slaughter JL, Dawodu A, Smith C, Akinbi HT. Vitamin D status of early preterm infants and the effects of vitamin D intake during hospital stay. Arch Dis Child Fetal Neonatal Ed. 2014 Mar;99(2):F166-8. doi: 10.1136/archdischild-2013-303999. Epub 2013 Jul 13.",research/searches/B2/clinicaltrials/ctgov_b2_designpilot_20260710/page_001.json,23852093,REC-PUBMED-23852093,,,,,,https://pubmed.ncbi.nlm.nih.gov/23852093/,,false,context_only_no_linkage_decision
LINK-CTGOV-NCT03087149-PMID-24002961,manual_background_reference,BACKGROUND,NCT03087149,REC-CTGOV-NCT03087149,B2,ctgov_b2_designpilot_20260710,Monitored vs Standard Supplementation of Vitamin D in Preterm Infants,Supplementation of Vitamin D in Preterm Infants- Monitored Therapy vs Standard Therapy. A Randomized Controlled Trial,COMPLETED,INTERVENTIONAL,NA,109,Vitamin D Deficiency|Osteopenia|Nephrolithiasis|Drug Overdose,DIETARY_SUPPLEMENT:monitored vit D supplementation|DIETARY_SUPPLEMENT:standard vit D supplementation,"Princess Anna Mazowiecka Hospital, Warsaw, Poland",https://clinicaltrials.gov/study/NCT03087149,"Pludowski P, Karczmarewicz E, Bayer M, Carter G, Chlebna-Sokol D, Czech-Kowalska J, Debski R, Decsi T, Dobrzanska A, Franek E, Gluszko P, Grant WB, Holick MF, Yankovskaya L, Konstantynowicz J, Ksiazyk JB, Ksiezopolska-Orlowska K, Lewinski A, Litwin M, Lohner S, Lorenc RS, Lukaszkiewicz J, Marcinowska-Suchowierska E, Milewicz A, Misiorowski W, Nowicki M, Povoroznyuk V, Rozentryt P, Rudenka E, Shoenfeld Y, Socha P, Solnica B, Szalecki M, Talalaj M, Varbiro S, Zmijewski MA. Practical guidelines for the supplementation of vitamin D and the treatment of deficits in Central Europe - recommended vitamin D intakes in the general population and groups at risk of vitamin D deficiency. Endokrynol Pol. 2013;64(4):319-27. doi: 10.5603/ep.2013.0012.",research/searches/B2/clinicaltrials/ctgov_b2_designpilot_20260710/page_001.json,24002961,REC-PUBMED-24002961,,,,,,https://pubmed.ncbi.nlm.nih.gov/24002961/,,false,context_only_no_linkage_decision
LINK-CTGOV-NCT03087149-PMID-24189972,manual_background_reference,BACKGROUND,NCT03087149,REC-CTGOV-NCT03087149,B2,ctgov_b2_designpilot_20260710,Monitored vs Standard Supplementation of Vitamin D in Preterm Infants,Supplementation of Vitamin D in Preterm Infants- Monitored Therapy vs Standard Therapy. A Randomized Controlled Trial,COMPLETED,INTERVENTIONAL,NA,109,Vitamin D Deficiency|Osteopenia|Nephrolithiasis|Drug Overdose,DIETARY_SUPPLEMENT:monitored vit D supplementation|DIETARY_SUPPLEMENT:standard vit D supplementation,"Princess Anna Mazowiecka Hospital, Warsaw, Poland",https://clinicaltrials.gov/study/NCT03087149,"Zhu K, Whitehouse AJ, Hart PH, Kusel M, Mountain J, Lye S, Pennell C, Walsh JP. Maternal vitamin D status during pregnancy and bone mass in offspring at 20 years of age: a prospective cohort study. J Bone Miner Res. 2014;29(5):1088-95. doi: 10.1002/jbmr.2138.",research/searches/B2/clinicaltrials/ctgov_b2_designpilot_20260710/page_001.json,24189972,REC-PUBMED-24189972,,,,,,https://pubmed.ncbi.nlm.nih.gov/24189972/,,false,context_only_no_linkage_decision
LINK-CTGOV-NCT03087149-PMID-24456284,manual_background_reference,BACKGROUND,NCT03087149,REC-CTGOV-NCT03087149,B2,ctgov_b2_designpilot_20260710,Monitored vs Standard Supplementation of Vitamin D in Preterm Infants,Supplementation of Vitamin D in Preterm Infants- Monitored Therapy vs Standard Therapy. A Randomized Controlled Trial,COMPLETED,INTERVENTIONAL,NA,109,Vitamin D Deficiency|Osteopenia|Nephrolithiasis|Drug Overdose,DIETARY_SUPPLEMENT:monitored vit D supplementation|DIETARY_SUPPLEMENT:standard vit D supplementation,"Princess Anna Mazowiecka Hospital, Warsaw, Poland",https://clinicaltrials.gov/study/NCT03087149,"Vogiatzi MG, Jacobson-Dickman E, DeBoer MD; Drugs, and Therapeutics Committee of The Pediatric Endocrine Society. Vitamin D supplementation and risk of toxicity in pediatrics: a review of current literature. J Clin Endocrinol Metab. 2014 Apr;99(4):1132-41. doi: 10.1210/jc.2013-3655. Epub 2014 Jan 23.",research/searches/B2/clinicaltrials/ctgov_b2_designpilot_20260710/page_001.json,24456284,REC-PUBMED-24456284,Vitamin D supplementation and risk of toxicity in pediatrics: a review of current literature.,Vogiatzi MG,2014,The Journal of clinical endocrinology and metabolism,10.1210/jc.2013-3655,https://pubmed.ncbi.nlm.nih.gov/24456284/,research/searches/B2/pubmed/pubmed_b2_designpilot_20260710/efetch_009.xml,true,context_only_no_linkage_decision
LINK-CTGOV-NCT03087149-PMID-24463662,manual_background_reference,BACKGROUND,NCT03087149,REC-CTGOV-NCT03087149,B2,ctgov_b2_designpilot_20260710,Monitored vs Standard Supplementation of Vitamin D in Preterm Infants,Supplementation of Vitamin D in Preterm Infants- Monitored Therapy vs Standard Therapy. A Randomized Controlled Trial,COMPLETED,INTERVENTIONAL,NA,109,Vitamin D Deficiency|Osteopenia|Nephrolithiasis|Drug Overdose,DIETARY_SUPPLEMENT:monitored vit D supplementation|DIETARY_SUPPLEMENT:standard vit D supplementation,"Princess Anna Mazowiecka Hospital, Warsaw, Poland",https://clinicaltrials.gov/study/NCT03087149,"Gernand AD, Simhan HN, Caritis S, Bodnar LM. Maternal vitamin D status and small-for-gestational-age offspring in women at high risk for preeclampsia. Obstet Gynecol. 2014 Jan;123(1):40-48. doi: 10.1097/AOG.0000000000000049.",research/searches/B2/clinicaltrials/ctgov_b2_designpilot_20260710/page_001.json,24463662,REC-PUBMED-24463662,,,,,,https://pubmed.ncbi.nlm.nih.gov/24463662/,,false,context_only_no_linkage_decision
LINK-CTGOV-NCT03087149-PMID-25283480,manual_background_reference,BACKGROUND,NCT03087149,REC-CTGOV-NCT03087149,B2,ctgov_b2_designpilot_20260710,Monitored vs Standard Supplementation of Vitamin D in Preterm Infants,Supplementation of Vitamin D in Preterm Infants- Monitored Therapy vs Standard Therapy. A Randomized Controlled Trial,COMPLETED,INTERVENTIONAL,NA,109,Vitamin D Deficiency|Osteopenia|Nephrolithiasis|Drug Overdose,DIETARY_SUPPLEMENT:monitored vit D supplementation|DIETARY_SUPPLEMENT:standard vit D supplementation,"Princess Anna Mazowiecka Hospital, Warsaw, Poland",https://clinicaltrials.gov/study/NCT03087149,"Grant CC, Kaur S, Waymouth E, Mitchell EA, Scragg R, Ekeroma A, Stewart A, Crane J, Trenholme A, Camargo CA Jr. Reduced primary care respiratory infection visits following pregnancy and infancy vitamin D supplementation: a randomised controlled trial. Acta Paediatr. 2015 Apr;104(4):396-404. doi: 10.1111/apa.12819. Epub 2014 Oct 21.",research/searches/B2/clinicaltrials/ctgov_b2_designpilot_20260710/page_001.json,25283480,REC-PUBMED-25283480,,,,,,https://pubmed.ncbi.nlm.nih.gov/25283480/,,false,context_only_no_linkage_decision
LINK-CTGOV-NCT03087149-PMID-25504199,manual_background_reference,BACKGROUND,NCT03087149,REC-CTGOV-NCT03087149,B2,ctgov_b2_designpilot_20260710,Monitored vs Standard Supplementation of Vitamin D in Preterm Infants,Supplementation of Vitamin D in Preterm Infants- Monitored Therapy vs Standard Therapy. A Randomized Controlled Trial,COMPLETED,INTERVENTIONAL,NA,109,Vitamin D Deficiency|Osteopenia|Nephrolithiasis|Drug Overdose,DIETARY_SUPPLEMENT:monitored vit D supplementation|DIETARY_SUPPLEMENT:standard vit D supplementation,"Princess Anna Mazowiecka Hospital, Warsaw, Poland",https://clinicaltrials.gov/study/NCT03087149,"Cizmeci MN, Kanburoglu MK, Akelma AZ, Ayyildiz A, Kutukoglu I, Malli DD, Tatli MM. Cord-blood 25-hydroxyvitamin D levels and risk of early-onset neonatal sepsis: a case-control study from a tertiary care center in Turkey. Eur J Pediatr. 2015 Jun;174(6):809-15. doi: 10.1007/s00431-014-2469-1. Epub 2014 Dec 12.",research/searches/B2/clinicaltrials/ctgov_b2_designpilot_20260710/page_001.json,25504199,REC-PUBMED-25504199,,,,,,https://pubmed.ncbi.nlm.nih.gov/25504199/,,false,context_only_no_linkage_decision
LINK-CTGOV-NCT03087149-PMID-25683497,manual_background_reference,BACKGROUND,NCT03087149,REC-CTGOV-NCT03087149,B2,ctgov_b2_designpilot_20260710,Monitored vs Standard Supplementation of Vitamin D in Preterm Infants,Supplementation of Vitamin D in Preterm Infants- Monitored Therapy vs Standard Therapy. A Randomized Controlled Trial,COMPLETED,INTERVENTIONAL,NA,109,Vitamin D Deficiency|Osteopenia|Nephrolithiasis|Drug Overdose,DIETARY_SUPPLEMENT:monitored vit D supplementation|DIETARY_SUPPLEMENT:standard vit D supplementation,"Princess Anna Mazowiecka Hospital, Warsaw, Poland",https://clinicaltrials.gov/study/NCT03087149,"Pinto K, Collins CT, Gibson RA, Andersen CC. Vitamin D in preterm infants: A prospective observational study. J Paediatr Child Health. 2015 Jul;51(7):679-81. doi: 10.1111/jpc.12847. Epub 2015 Feb 12.",research/searches/B2/clinicaltrials/ctgov_b2_designpilot_20260710/page_001.json,25683497,REC-PUBMED-25683497,,,,,,https://pubmed.ncbi.nlm.nih.gov/25683497/,,false,context_only_no_linkage_decision
LINK-CTGOV-NCT03087149-PMID-25786473,manual_background_reference,BACKGROUND,NCT03087149,REC-CTGOV-NCT03087149,B2,ctgov_b2_designpilot_20260710,Monitored vs Standard Supplementation of Vitamin D in Preterm Infants,Supplementation of Vitamin D in Preterm Infants- Monitored Therapy vs Standard Therapy. A Randomized Controlled Trial,COMPLETED,INTERVENTIONAL,NA,109,Vitamin D Deficiency|Osteopenia|Nephrolithiasis|Drug Overdose,DIETARY_SUPPLEMENT:monitored vit D supplementation|DIETARY_SUPPLEMENT:standard vit D supplementation,"Princess Anna Mazowiecka Hospital, Warsaw, Poland",https://clinicaltrials.gov/study/NCT03087149,"Dinlen N, Zenciroglu A, Beken S, Dursun A, Dilli D, Okumus N. Association of vitamin D deficiency with acute lower respiratory tract infections in newborns. J Matern Fetal Neonatal Med. 2016 Mar;29(6):928-32. doi: 10.3109/14767058.2015.1023710. Epub 2015 Mar 19.",research/searches/B2/clinicaltrials/ctgov_b2_designpilot_20260710/page_001.json,25786473,REC-PUBMED-25786473,,,,,,https://pubmed.ncbi.nlm.nih.gov/25786473/,,false,context_only_no_linkage_decision
LINK-CTGOV-NCT03087149-PMID-25850574,manual_background_reference,BACKGROUND,NCT03087149,REC-CTGOV-NCT03087149,B2,ctgov_b2_designpilot_20260710,Monitored vs Standard Supplementation of Vitamin D in Preterm Infants,Supplementation of Vitamin D in Preterm Infants- Monitored Therapy vs Standard Therapy. A Randomized Controlled Trial,COMPLETED,INTERVENTIONAL,NA,109,Vitamin D Deficiency|Osteopenia|Nephrolithiasis|Drug Overdose,DIETARY_SUPPLEMENT:monitored vit D supplementation|DIETARY_SUPPLEMENT:standard vit D supplementation,"Princess Anna Mazowiecka Hospital, Warsaw, Poland",https://clinicaltrials.gov/study/NCT03087149,"Zerofsky M, Ryder M, Bhatia S, Stephensen CB, King J, Fung EB. Effects of early vitamin D deficiency rickets on bone and dental health, growth and immunity. Matern Child Nutr. 2016 Oct;12(4):898-907. doi: 10.1111/mcn.12187. Epub 2015 Apr 7.",research/searches/B2/clinicaltrials/ctgov_b2_designpilot_20260710/page_001.json,25850574,REC-PUBMED-25850574,,,,,,https://pubmed.ncbi.nlm.nih.gov/25850574/,,false,context_only_no_linkage_decision
LINK-CTGOV-NCT03087149-PMID-26226242,manual_background_reference,BACKGROUND,NCT03087149,REC-CTGOV-NCT03087149,B2,ctgov_b2_designpilot_20260710,Monitored vs Standard Supplementation of Vitamin D in Preterm Infants,Supplementation of Vitamin D in Preterm Infants- Monitored Therapy vs Standard Therapy. A Randomized Controlled Trial,COMPLETED,INTERVENTIONAL,NA,109,Vitamin D Deficiency|Osteopenia|Nephrolithiasis|Drug Overdose,DIETARY_SUPPLEMENT:monitored vit D supplementation|DIETARY_SUPPLEMENT:standard vit D supplementation,"Princess Anna Mazowiecka Hospital, Warsaw, Poland",https://clinicaltrials.gov/study/NCT03087149,"Cetinkaya M, Cekmez F, Erener-Ercan T, Buyukkale G, Demirhan A, Aydemir G, Aydin FN. Maternal/neonatal vitamin D deficiency: a risk factor for bronchopulmonary dysplasia in preterms? J Perinatol. 2015 Oct;35(10):813-7. doi: 10.1038/jp.2015.88. Epub 2015 Jul 30.",research/searches/B2/clinicaltrials/ctgov_b2_designpilot_20260710/page_001.json,26226242,REC-PUBMED-26226242,,,,,,https://pubmed.ncbi.nlm.nih.gov/26226242/,,false,context_only_no_linkage_decision
LINK-CTGOV-NCT03087149-PMID-27079965,manual_background_reference,BACKGROUND,NCT03087149,REC-CTGOV-NCT03087149,B2,ctgov_b2_designpilot_20260710,Monitored vs Standard Supplementation of Vitamin D in Preterm Infants,Supplementation of Vitamin D in Preterm Infants- Monitored Therapy vs Standard Therapy. A Randomized Controlled Trial,COMPLETED,INTERVENTIONAL,NA,109,Vitamin D Deficiency|Osteopenia|Nephrolithiasis|Drug Overdose,DIETARY_SUPPLEMENT:monitored vit D supplementation|DIETARY_SUPPLEMENT:standard vit D supplementation,"Princess Anna Mazowiecka Hospital, Warsaw, Poland",https://clinicaltrials.gov/study/NCT03087149,"Fort P, Salas AA, Nicola T, Craig CM, Carlo WA, Ambalavanan N. A Comparison of 3 Vitamin D Dosing Regimens in Extremely Preterm Infants: A Randomized Controlled Trial. J Pediatr. 2016 Jul;174:132-138.e1. doi: 10.1016/j.jpeds.2016.03.028. Epub 2016 Apr 11.",research/searches/B2/clinicaltrials/ctgov_b2_designpilot_20260710/page_001.json,27079965,REC-PUBMED-27079965,,,,,,https://pubmed.ncbi.nlm.nih.gov/27079965/,,false,context_only_no_linkage_decision
LINK-CTGOV-NCT03087149-PMID-28893306,high_derived_reference,DERIVED,NCT03087149,REC-CTGOV-NCT03087149,B2,ctgov_b2_designpilot_20260710,Monitored vs Standard Supplementation of Vitamin D in Preterm Infants,Supplementation of Vitamin D in Preterm Infants- Monitored Therapy vs Standard Therapy. A Randomized Controlled Trial,COMPLETED,INTERVENTIONAL,NA,109,Vitamin D Deficiency|Osteopenia|Nephrolithiasis|Drug Overdose,DIETARY_SUPPLEMENT:monitored vit D supplementation|DIETARY_SUPPLEMENT:standard vit D supplementation,"Princess Anna Mazowiecka Hospital, Warsaw, Poland",https://clinicaltrials.gov/study/NCT03087149,"Kolodziejczyk A, Borszewska-Kornacka MK, Seliga-Siwecka J. MOnitored supplementation of VItamin D in preterm infants (MOSVID trial): study protocol for a randomised controlled trial. Trials. 2017 Sep 11;18(1):424. doi: 10.1186/s13063-017-2141-y.",research/searches/B2/clinicaltrials/ctgov_b2_designpilot_20260710/page_001.json,28893306,REC-PUBMED-28893306,MOnitored supplementation of VItamin D in preterm infants (MOSVID trial): study protocol for a randomised controlled trial.,Kołodziejczyk A,2017,Trials,10.1186/s13063-017-2141-y,https://pubmed.ncbi.nlm.nih.gov/28893306/,research/searches/B2/pubmed/pubmed_b2_designpilot_20260710/efetch_007.xml,true,context_only_no_linkage_decision
LINK-CTGOV-NCT03178864-PMID-37675613,high_derived_reference,DERIVED,NCT03178864,REC-CTGOV-NCT03178864,A1,ctgov_a1_designpilot_20260710,Study of Rivaroxaban for CeREbral Venous Thrombosis,"Multicentre, Prospective Randomized Open Label, Blinded-endpoint (PROBE) Controlled Trial of Early Anticoagulation With Rivaroxaban Versus Standard of Care in Determining Safety at 365 Days in Symptomatic Cerebral Venous Thrombosis",COMPLETED,INTERVENTIONAL,PHASE2,55,Cerebral Venous Thrombosis,DRUG:Rivaroxaban|DRUG:Standard of care,University of British Columbia,https://clinicaltrials.gov/study/NCT03178864,"Field TS, Dizonno V, Almekhlafi MA, Bala F, Alhabli I, Wong H, Norena M, Villaluna MK, King-Azote P, Ratnaweera N, Mancini S, Van Gaal SC, Wilson LK, Graham BR, Sposato LA, Blacquiere D, Dewar BM, Boulos MI, Buck BH, Odier C, Perera KS, Pikula A, Tkach A, Medvedev G, Canfield C, Mortenson WB, Nadeau JO, Alshimemeri S, Benavente OR, Demchuk AM, Dowlatshahi D, Lanthier S, Lee AYY, Mandzia J, Suryanarayan D, Weitz JI, Hill MD; SECRET Investigators. Study of Rivaroxaban for Cerebral Venous Thrombosis: A Randomized Controlled Feasibility Trial Comparing Anticoagulation With Rivaroxaban to Standard-of-Care in Symptomatic Cerebral Venous Thrombosis. Stroke. 2023 Nov;54(11):2724-2736. doi: 10.1161/STROKEAHA.123.044113. Epub 2023 Sep 7.",research/searches/A1/clinicaltrials/ctgov_a1_designpilot_20260710/page_001.json,37675613,REC-PUBMED-37675613,,,,,,https://pubmed.ncbi.nlm.nih.gov/37675613/,,false,context_only_no_linkage_decision
LINK-CTGOV-NCT03232398-PMID-15842354,manual_background_reference,BACKGROUND,NCT03232398,REC-CTGOV-NCT03232398,A1,ctgov_a1_designpilot_20260710,Apixaban Versus Warfarin in Patients With Left Ventricular (LV) Thrombus,Apixaban Versus Warfarin in Patients With Left Ventricular (LV) Thrombus,COMPLETED,INTERVENTIONAL,PHASE3,40,Acute Myocardial Infarction|Left Ventricular Thrombosis|Anticoagulants and Bleeding Disorders,DRUG:Apixaban Oral Tablet [Eliquis]|DRUG:Warfarin,Hadassah Medical Organization,https://clinicaltrials.gov/study/NCT03232398,"Schulman S, Kearon C; Subcommittee on Control of Anticoagulation of the Scientific and Standardization Committee of the International Society on Thrombosis and Haemostasis. Definition of major bleeding in clinical investigations of antihemostatic medicinal products in non-surgical patients. J Thromb Haemost. 2005 Apr;3(4):692-4. doi: 10.1111/j.1538-7836.2005.01204.x.",research/searches/A1/clinicaltrials/ctgov_a1_designpilot_20260710/page_001.json,15842354,REC-PUBMED-15842354,,,,,,https://pubmed.ncbi.nlm.nih.gov/15842354/,,false,context_only_no_linkage_decision
LINK-CTGOV-NCT03232398-PMID-16330789,manual_background_reference,BACKGROUND,NCT03232398,REC-CTGOV-NCT03232398,A1,ctgov_a1_designpilot_20260710,Apixaban Versus Warfarin in Patients With Left Ventricular (LV) Thrombus,Apixaban Versus Warfarin in Patients With Left Ventricular (LV) Thrombus,COMPLETED,INTERVENTIONAL,PHASE3,40,Acute Myocardial Infarction|Left Ventricular Thrombosis|Anticoagulants and Bleeding Disorders,DRUG:Apixaban Oral Tablet [Eliquis]|DRUG:Warfarin,Hadassah Medical Organization,https://clinicaltrials.gov/study/NCT03232398,"Witt BJ, Brown RD Jr, Jacobsen SJ, Weston SA, Yawn BP, Roger VL. A community-based study of stroke incidence after myocardial infarction. Ann Intern Med. 2005 Dec 6;143(11):785-92. doi: 10.7326/0003-4819-143-11-200512060-00006.",research/searches/A1/clinicaltrials/ctgov_a1_designpilot_20260710/page_001.json,16330789,REC-PUBMED-16330789,,,,,,https://pubmed.ncbi.nlm.nih.gov/16330789/,,false,context_only_no_linkage_decision
LINK-CTGOV-NCT03232398-PMID-21870978,manual_background_reference,BACKGROUND,NCT03232398,REC-CTGOV-NCT03232398,A1,ctgov_a1_designpilot_20260710,Apixaban Versus Warfarin in Patients With Left Ventricular (LV) Thrombus,Apixaban Versus Warfarin in Patients With Left Ventricular (LV) Thrombus,COMPLETED,INTERVENTIONAL,PHASE3,40,Acute Myocardial Infarction|Left Ventricular Thrombosis|Anticoagulants and Bleeding Disorders,DRUG:Apixaban Oral Tablet [Eliquis]|DRUG:Warfarin,Hadassah Medical Organization,https://clinicaltrials.gov/study/NCT03232398,"Granger CB, Alexander JH, McMurray JJ, Lopes RD, Hylek EM, Hanna M, Al-Khalidi HR, Ansell J, Atar D, Avezum A, Bahit MC, Diaz R, Easton JD, Ezekowitz JA, Flaker G, Garcia D, Geraldes M, Gersh BJ, Golitsyn S, Goto S, Hermosillo AG, Hohnloser SH, Horowitz J, Mohan P, Jansky P, Lewis BS, Lopez-Sendon JL, Pais P, Parkhomenko A, Verheugt FW, Zhu J, Wallentin L; ARISTOTLE Committees and Investigators. Apixaban versus warfarin in patients with atrial fibrillation. N Engl J Med. 2011 Sep 15;365(11):981-92. doi: 10.1056/NEJMoa1107039. Epub 2011 Aug 27.",research/searches/A1/clinicaltrials/ctgov_a1_designpilot_20260710/page_001.json,21870978,REC-PUBMED-21870978,Apixaban versus warfarin in patients with atrial fibrillation.,Granger CB,2011,The New England journal of medicine,10.1056/nejmoa1107039,https://pubmed.ncbi.nlm.nih.gov/21870978/,research/searches/A1/pubmed/pubmed_a1_designpilot_20260710/efetch_039.xml,true,context_only_no_linkage_decision
LINK-CTGOV-NCT03232398-PMID-2913497,manual_background_reference,BACKGROUND,NCT03232398,REC-CTGOV-NCT03232398,A1,ctgov_a1_designpilot_20260710,Apixaban Versus Warfarin in Patients With Left Ventricular (LV) Thrombus,Apixaban Versus Warfarin in Patients With Left Ventricular (LV) Thrombus,COMPLETED,INTERVENTIONAL,PHASE3,40,Acute Myocardial Infarction|Left Ventricular Thrombosis|Anticoagulants and Bleeding Disorders,DRUG:Apixaban Oral Tablet [Eliquis]|DRUG:Warfarin,Hadassah Medical Organization,https://clinicaltrials.gov/study/NCT03232398,"Fuster V, Halperin JL. Left ventricular thrombi and cerebral embolism. N Engl J Med. 1989 Feb 9;320(6):392-4. doi: 10.1056/NEJM198902093200610. No abstract available.",research/searches/A1/clinicaltrials/ctgov_a1_designpilot_20260710/page_001.json,2913497,REC-PUBMED-2913497,,,,,,https://pubmed.ncbi.nlm.nih.gov/2913497/,,false,context_only_no_linkage_decision
LINK-CTGOV-NCT03232398-PMID-8409034,manual_background_reference,BACKGROUND,NCT03232398,REC-CTGOV-NCT03232398,A1,ctgov_a1_designpilot_20260710,Apixaban Versus Warfarin in Patients With Left Ventricular (LV) Thrombus,Apixaban Versus Warfarin in Patients With Left Ventricular (LV) Thrombus,COMPLETED,INTERVENTIONAL,PHASE3,40,Acute Myocardial Infarction|Left Ventricular Thrombosis|Anticoagulants and Bleeding Disorders,DRUG:Apixaban Oral Tablet [Eliquis]|DRUG:Warfarin,Hadassah Medical Organization,https://clinicaltrials.gov/study/NCT03232398,"Vaitkus PT, Barnathan ES. Embolic potential, prevention and management of mural thrombus complicating anterior myocardial infarction: a meta-analysis. J Am Coll Cardiol. 1993 Oct;22(4):1004-9. doi: 10.1016/0735-1097(93)90409-t.",research/searches/A1/clinicaltrials/ctgov_a1_designpilot_20260710/page_001.json,8409034,REC-PUBMED-8409034,,,,,,https://pubmed.ncbi.nlm.nih.gov/8409034/,,false,context_only_no_linkage_decision
LINK-CTGOV-NCT03254147-PMID-32394292,high_derived_reference,DERIVED,NCT03254147,REC-CTGOV-NCT03254147,A1,ctgov_a1_designpilot_20260710,Medical Need of OAC Reversal,"Medical Need of Oral Anti-coagulant Reversal in Japan: Epidemiological Assessment of Head Trauma, Fracture, and Emergency Surgery Using Large Scale Claims Database (Please Note That This Study Contains no Patients Treated With Idarucizumab Although the Study Number Begins With 1321; the Study Contains Only Patients Treated With OACs, Namely Warfarin, Dabigatran, Edoxaban, Apixaban, Rivaroxaban, Edoxaban)",COMPLETED,OBSERVATIONAL,,53969,Atrial Fibrillation,DRUG:warfarin|DRUG:dabigatran|DRUG:Apixaban|DRUG:Edoxaban|DRUG:Rivaroxaban,Boehringer Ingelheim,https://clinicaltrials.gov/study/NCT03254147,"Yasaka M, Yokota H, Suzuki M, Yamane T, Ono Y. Incidence Rates of Bleeding and Emergency Surgery Due to Trauma or Fracture Among Japanese Patients with Non-valvular Atrial Fibrillation Receiving Oral Anticoagulation Therapy. Cardiol Ther. 2020 Jun;9(1):189-199. doi: 10.1007/s40119-020-00171-w. Epub 2020 May 11.",research/searches/A1/clinicaltrials/ctgov_a1_designpilot_20260710/page_001.json,32394292,REC-PUBMED-32394292,,,,,,https://pubmed.ncbi.nlm.nih.gov/32394292/,,false,context_only_no_linkage_decision
LINK-CTGOV-NCT03359876-PMID-35392744,high_derived_reference,DERIVED,NCT03359876,REC-CTGOV-NCT03359876,A1,ctgov_a1_designpilot_20260710,Clinical Outcomes Among Non-valvular Atrial Fibrillation Patients With Renal Dysfunction,Evaluation of Clinical Outcomes Among Non-valvular Atrial Fibrillation Patients With Renal Dysfunction Treated With Warfarin or Reduced Dose Rivaroxaban,COMPLETED,OBSERVATIONAL,,16000,Atrial Fibrillation,"DRUG:Rivaroxaban (Xarelto, BAY59-7939)|DRUG:Warfarin sodium",Bayer,https://clinicaltrials.gov/study/NCT03359876,"Vaitsiakhovich T, Coleman CI, Kleinjung F, Vardar B, Schaefer B. Worsening of kidney function in patients with atrial fibrillation and chronic kidney disease: evidence from the real-world CALLIPER study. Curr Med Res Opin. 2022 Jun;38(6):937-945. doi: 10.1080/03007995.2022.2061705. Epub 2022 Apr 22.",research/searches/A1/clinicaltrials/ctgov_a1_designpilot_20260710/page_001.json,35392744,REC-PUBMED-35392744,,,,,,https://pubmed.ncbi.nlm.nih.gov/35392744/,,false,context_only_no_linkage_decision
LINK-CTGOV-NCT03365687-PMID-31892662,manual_background_reference,BACKGROUND,NCT03365687,REC-CTGOV-NCT03365687,B2,ctgov_b2_designpilot_20260710,Vitamin D In the Prevention of Viral-induced Asthma in Preschoolers,Vitamin D In the Prevention of Viral-induced Asthma in Preschoolers: a Randomized Controlled Multicenter Trial (DIVA),COMPLETED,INTERVENTIONAL,PHASE3,323,Asthma|Asthma Exacerbations|Preschool Child|Vitamin D|Upper Respiratory Infection|Randomized Controlled Study|Symptoms|Bronchodilator Agents,DIETARY_SUPPLEMENT:Vitamin D|DIETARY_SUPPLEMENT:Placebo,Professor Francine Ducharme,https://clinicaltrials.gov/study/NCT03365687,"Jensen ME, Ducharme FM, Alos N, Mailhot G, Masse B, White JH, Sadatsafavi M, Khamessan A, Tse SM, Alizadehfar R, Bock DE, Daigneault P, Lemire C, Yang C, Radhakrishnan D. Vitamin D in the prevention of exacerbations of asthma in preschoolers (DIVA): protocol for a multicentre randomised placebo-controlled triple-blind trial. BMJ Open. 2019 Dec 30;9(12):e033075. doi: 10.1136/bmjopen-2019-033075.",research/searches/B2/clinicaltrials/ctgov_b2_designpilot_20260710/page_001.json,31892662,REC-PUBMED-31892662,,,,,,https://pubmed.ncbi.nlm.nih.gov/31892662/,,false,context_only_no_linkage_decision
LINK-CTGOV-NCT03365687-PMID-41966354,high_derived_reference,DERIVED,NCT03365687,REC-CTGOV-NCT03365687,B2,ctgov_b2_designpilot_20260710,Vitamin D In the Prevention of Viral-induced Asthma in Preschoolers,Vitamin D In the Prevention of Viral-induced Asthma in Preschoolers: a Randomized Controlled Multicenter Trial (DIVA),COMPLETED,INTERVENTIONAL,PHASE3,323,Asthma|Asthma Exacerbations|Preschool Child|Vitamin D|Upper Respiratory Infection|Randomized Controlled Study|Symptoms|Bronchodilator Agents,DIETARY_SUPPLEMENT:Vitamin D|DIETARY_SUPPLEMENT:Placebo,Professor Francine Ducharme,https://clinicaltrials.gov/study/NCT03365687,"El Abd A, Trottier H, Tse SM, Masse B, Mailhot G, Alos N, Chen BA, Jensen ME, Radhakrishnan D, Yang CL, Ducharme FM. Impact of vitamin D status and supplementation on exploratory inflammatory biomarkers in preschoolers with asthma. Ann Allergy Asthma Immunol. 2026 Jul;137(1):53-63.e4. doi: 10.1016/j.anai.2026.03.022. Epub 2026 Apr 9.",research/searches/B2/clinicaltrials/ctgov_b2_designpilot_20260710/page_001.json,41966354,REC-PUBMED-41966354,,,,,,https://pubmed.ncbi.nlm.nih.gov/41966354/,,false,context_only_no_linkage_decision
LINK-CTGOV-NCT03374540-PMID-30597611,critical_result_reference,RESULT,NCT03374540,REC-CTGOV-NCT03374540,A1,ctgov_a1_designpilot_20260710,Rivaroxaban vs Warfarin for SPAF in Multi-morbid Patients,Comparative Effectiveness of Rivaroxaban and Warfarin for Stroke Prevention in Multi-morbid Patients With Nonvalvular Atrial Fibrillation,COMPLETED,OBSERVATIONAL,,78517,Nonvalvular Atrial Fibrillation,"DRUG:Rivaroxaban (Xarelto, BAY59-7939)|DRUG:Vitamin K antagonist (VKA)",Bayer,https://clinicaltrials.gov/study/NCT03374540,"Martinez BK, Baker WL, Sood NA, Bunz TJ, Meinecke AK, Eriksson D, Coleman CI. Influence of Polypharmacy on the Effectiveness and Safety of Rivaroxaban Versus Warfarin in Patients With Nonvalvular Atrial Fibrillation. Pharmacotherapy. 2019 Feb;39(2):196-203. doi: 10.1002/phar.2213. Epub 2019 Jan 28.",research/searches/A1/clinicaltrials/ctgov_a1_designpilot_20260710/page_001.json,30597611,REC-PUBMED-30597611,,,,,,https://pubmed.ncbi.nlm.nih.gov/30597611/,,false,context_only_no_linkage_decision
LINK-CTGOV-NCT03374540-PMID-31099460,critical_result_reference,RESULT,NCT03374540,REC-CTGOV-NCT03374540,A1,ctgov_a1_designpilot_20260710,Rivaroxaban vs Warfarin for SPAF in Multi-morbid Patients,Comparative Effectiveness of Rivaroxaban and Warfarin for Stroke Prevention in Multi-morbid Patients With Nonvalvular Atrial Fibrillation,COMPLETED,OBSERVATIONAL,,78517,Nonvalvular Atrial Fibrillation,"DRUG:Rivaroxaban (Xarelto, BAY59-7939)|DRUG:Vitamin K antagonist (VKA)",Bayer,https://clinicaltrials.gov/study/NCT03374540,"Baker WL, Beyer-Westendorf J, Bunz TJ, Eriksson D, Meinecke AK, Sood NA, Coleman CI. Effectiveness and safety of rivaroxaban and warfarin for prevention of major adverse cardiovascular or limb events in patients with non-valvular atrial fibrillation and type 2 diabetes. Diabetes Obes Metab. 2019 Sep;21(9):2107-2114. doi: 10.1111/dom.13787. Epub 2019 Jun 11.",research/searches/A1/clinicaltrials/ctgov_a1_designpilot_20260710/page_001.json,31099460,REC-PUBMED-31099460,,,,,,https://pubmed.ncbi.nlm.nih.gov/31099460/,,false,context_only_no_linkage_decision
LINK-CTGOV-NCT03374540-PMID-31392894,critical_result_reference,RESULT,NCT03374540,REC-CTGOV-NCT03374540,A1,ctgov_a1_designpilot_20260710,Rivaroxaban vs Warfarin for SPAF in Multi-morbid Patients,Comparative Effectiveness of Rivaroxaban and Warfarin for Stroke Prevention in Multi-morbid Patients With Nonvalvular Atrial Fibrillation,COMPLETED,OBSERVATIONAL,,78517,Nonvalvular Atrial Fibrillation,"DRUG:Rivaroxaban (Xarelto, BAY59-7939)|DRUG:Vitamin K antagonist (VKA)",Bayer,https://clinicaltrials.gov/study/NCT03374540,"Coleman CI, Kreutz R, Sood N, Bunz TJ, Meinecke AK, Eriksson D, Baker WL. Rivaroxaban's Impact on Renal Decline in Patients With Nonvalvular Atrial Fibrillation: A US MarketScan Claims Database Analysis. Clin Appl Thromb Hemost. 2019 Jan-Dec;25:1076029619868535. doi: 10.1177/1076029619868535.",research/searches/A1/clinicaltrials/ctgov_a1_designpilot_20260710/page_001.json,31392894,REC-PUBMED-31392894,,,,,,https://pubmed.ncbi.nlm.nih.gov/31392894/,,false,context_only_no_linkage_decision
LINK-CTGOV-NCT03374540-PMID-31432074,critical_result_reference,RESULT,NCT03374540,REC-CTGOV-NCT03374540,A1,ctgov_a1_designpilot_20260710,Rivaroxaban vs Warfarin for SPAF in Multi-morbid Patients,Comparative Effectiveness of Rivaroxaban and Warfarin for Stroke Prevention in Multi-morbid Patients With Nonvalvular Atrial Fibrillation,COMPLETED,OBSERVATIONAL,,78517,Nonvalvular Atrial Fibrillation,"DRUG:Rivaroxaban (Xarelto, BAY59-7939)|DRUG:Vitamin K antagonist (VKA)",Bayer,https://clinicaltrials.gov/study/NCT03374540,"Hernandez AV, Bradley G, Khan M, Fratoni A, Gasparini A, Roman YM, Bunz TJ, Eriksson D, Meinecke AK, Coleman CI. Rivaroxaban vs. warfarin and renal outcomes in non-valvular atrial fibrillation patients with diabetes. Eur Heart J Qual Care Clin Outcomes. 2020 Oct 1;6(4):301-307. doi: 10.1093/ehjqcco/qcz047.",research/searches/A1/clinicaltrials/ctgov_a1_designpilot_20260710/page_001.json,31432074,REC-PUBMED-31432074,,,,,,https://pubmed.ncbi.nlm.nih.gov/31432074/,,false,context_only_no_linkage_decision
LINK-CTGOV-NCT03566303-PMID-30293126,high_derived_reference,DERIVED,NCT03566303,REC-CTGOV-NCT03566303,A1,ctgov_a1_designpilot_20260710,Rivaroxaban vs Warfarin in Patients With Metallic Prosthesis,Rivaroxaban vs Warfarin in Patients With Metallic Prosthesis,TERMINATED,INTERVENTIONAL,PHASE2|PHASE3,50,Prostheses and Implants|Stroke|Valve Heart Disease|Anticoagulants and Bleeding Disorders,DRUG:Rivaroxaban 15 mg|DRUG:Warfarin,Hospital Geral Roberto Santos,https://clinicaltrials.gov/study/NCT03566303,"Duraes AR, de Souza Lima Bitar Y, Filho JAL, Schonhofen IS, Camara EJN, Roever L, Cardoso HEDP, Akrami KM. Rivaroxaban versus Warfarin in Patients with Mechanical Heart Valve: Rationale and Design of the RIWA Study. Drugs R D. 2018 Dec;18(4):303-308. doi: 10.1007/s40268-018-0249-5.",research/searches/A1/clinicaltrials/ctgov_a1_designpilot_20260710/page_001.json,30293126,REC-PUBMED-30293126,Rivaroxaban versus Warfarin in Patients with Mechanical Heart Valve: Rationale and Design of the RIWA Study.,Durães AR,2018,Drugs in R&D,10.1007/s40268-018-0249-5,https://pubmed.ncbi.nlm.nih.gov/30293126/,research/searches/A1/pubmed/pubmed_a1_designpilot_20260710/efetch_017.xml,true,context_only_no_linkage_decision
LINK-CTGOV-NCT03566303-PMID-33150497,high_derived_reference,DERIVED,NCT03566303,REC-CTGOV-NCT03566303,A1,ctgov_a1_designpilot_20260710,Rivaroxaban vs Warfarin in Patients With Metallic Prosthesis,Rivaroxaban vs Warfarin in Patients With Metallic Prosthesis,TERMINATED,INTERVENTIONAL,PHASE2|PHASE3,50,Prostheses and Implants|Stroke|Valve Heart Disease|Anticoagulants and Bleeding Disorders,DRUG:Rivaroxaban 15 mg|DRUG:Warfarin,Hospital Geral Roberto Santos,https://clinicaltrials.gov/study/NCT03566303,"Duraes AR, de Souza Lima Bitar Y, Schonhofen IS, Travassos KSO, Pereira LV, Filho JAL, Neto MG, Junior RA, Roever L. Rivaroxaban Versus Warfarin in Patients with Mechanical Heart Valves: Open-Label, Proof-of-Concept trial-The RIWA study. Am J Cardiovasc Drugs. 2021 May;21(3):363-371. doi: 10.1007/s40256-020-00449-3. Epub 2020 Nov 5.",research/searches/A1/clinicaltrials/ctgov_a1_designpilot_20260710/page_001.json,33150497,REC-PUBMED-33150497,"Rivaroxaban Versus Warfarin in Patients with Mechanical Heart Valves: Open-Label, Proof-of-Concept trial-The RIWA study.",Duraes AR,2021,"American journal of cardiovascular drugs : drugs, devices, and other interventions",10.1007/s40256-020-00449-3,https://pubmed.ncbi.nlm.nih.gov/33150497/,research/searches/A1/pubmed/pubmed_a1_designpilot_20260710/efetch_058.xml,true,context_only_no_linkage_decision
LINK-CTGOV-NCT03702582-PMID-19717844,manual_background_reference,BACKGROUND,NCT03702582,REC-CTGOV-NCT03702582,A1,ctgov_a1_designpilot_20260710,Rivaroxaban vs. Warfarin for Post Cardiac Surgery Atrial Fibrillation,Trial of New Oral Anticoagulants vs. Warfarin for Post Cardiac Surgery Atrial Fibrillation,COMPLETED,INTERVENTIONAL,PHASE3,100,Atrial Fibrillation|Stroke|Bleeding,DRUG:Rivaroxaban|DRUG:Warfarin,Massachusetts General Hospital,https://clinicaltrials.gov/study/NCT03702582,"Connolly SJ, Ezekowitz MD, Yusuf S, Eikelboom J, Oldgren J, Parekh A, Pogue J, Reilly PA, Themeles E, Varrone J, Wang S, Alings M, Xavier D, Zhu J, Diaz R, Lewis BS, Darius H, Diener HC, Joyner CD, Wallentin L; RE-LY Steering Committee and Investigators. Dabigatran versus warfarin in patients with atrial fibrillation. N Engl J Med. 2009 Sep 17;361(12):1139-51. doi: 10.1056/NEJMoa0905561. Epub 2009 Aug 30.",research/searches/A1/clinicaltrials/ctgov_a1_designpilot_20260710/page_001.json,19717844,REC-PUBMED-19717844,,,,,,https://pubmed.ncbi.nlm.nih.gov/19717844/,,false,context_only_no_linkage_decision
LINK-CTGOV-NCT03702582-PMID-21830957,manual_background_reference,BACKGROUND,NCT03702582,REC-CTGOV-NCT03702582,A1,ctgov_a1_designpilot_20260710,Rivaroxaban vs. Warfarin for Post Cardiac Surgery Atrial Fibrillation,Trial of New Oral Anticoagulants vs. Warfarin for Post Cardiac Surgery Atrial Fibrillation,COMPLETED,INTERVENTIONAL,PHASE3,100,Atrial Fibrillation|Stroke|Bleeding,DRUG:Rivaroxaban|DRUG:Warfarin,Massachusetts General Hospital,https://clinicaltrials.gov/study/NCT03702582,"Patel MR, Mahaffey KW, Garg J, Pan G, Singer DE, Hacke W, Breithardt G, Halperin JL, Hankey GJ, Piccini JP, Becker RC, Nessel CC, Paolini JF, Berkowitz SD, Fox KA, Califf RM; ROCKET AF Investigators. Rivaroxaban versus warfarin in nonvalvular atrial fibrillation. N Engl J Med. 2011 Sep 8;365(10):883-91. doi: 10.1056/NEJMoa1009638. Epub 2011 Aug 10.",research/searches/A1/clinicaltrials/ctgov_a1_designpilot_20260710/page_001.json,21830957,REC-PUBMED-21830957,,,,,,https://pubmed.ncbi.nlm.nih.gov/21830957/,,false,context_only_no_linkage_decision
LINK-CTGOV-NCT03702582-PMID-21870978,manual_background_reference,BACKGROUND,NCT03702582,REC-CTGOV-NCT03702582,A1,ctgov_a1_designpilot_20260710,Rivaroxaban vs. Warfarin for Post Cardiac Surgery Atrial Fibrillation,Trial of New Oral Anticoagulants vs. Warfarin for Post Cardiac Surgery Atrial Fibrillation,COMPLETED,INTERVENTIONAL,PHASE3,100,Atrial Fibrillation|Stroke|Bleeding,DRUG:Rivaroxaban|DRUG:Warfarin,Massachusetts General Hospital,https://clinicaltrials.gov/study/NCT03702582,"Granger CB, Alexander JH, McMurray JJ, Lopes RD, Hylek EM, Hanna M, Al-Khalidi HR, Ansell J, Atar D, Avezum A, Bahit MC, Diaz R, Easton JD, Ezekowitz JA, Flaker G, Garcia D, Geraldes M, Gersh BJ, Golitsyn S, Goto S, Hermosillo AG, Hohnloser SH, Horowitz J, Mohan P, Jansky P, Lewis BS, Lopez-Sendon JL, Pais P, Parkhomenko A, Verheugt FW, Zhu J, Wallentin L; ARISTOTLE Committees and Investigators. Apixaban versus warfarin in patients with atrial fibrillation. N Engl J Med. 2011 Sep 15;365(11):981-92. doi: 10.1056/NEJMoa1107039. Epub 2011 Aug 27.",research/searches/A1/clinicaltrials/ctgov_a1_designpilot_20260710/page_001.json,21870978,REC-PUBMED-21870978,Apixaban versus warfarin in patients with atrial fibrillation.,Granger CB,2011,The New England journal of medicine,10.1056/nejmoa1107039,https://pubmed.ncbi.nlm.nih.gov/21870978/,research/searches/A1/pubmed/pubmed_a1_designpilot_20260710/efetch_039.xml,true,context_only_no_linkage_decision
LINK-CTGOV-NCT03702582-PMID-24251359,manual_background_reference,BACKGROUND,NCT03702582,REC-CTGOV-NCT03702582,A1,ctgov_a1_designpilot_20260710,Rivaroxaban vs. Warfarin for Post Cardiac Surgery Atrial Fibrillation,Trial of New Oral Anticoagulants vs. Warfarin for Post Cardiac Surgery Atrial Fibrillation,COMPLETED,INTERVENTIONAL,PHASE3,100,Atrial Fibrillation|Stroke|Bleeding,DRUG:Rivaroxaban|DRUG:Warfarin,Massachusetts General Hospital,https://clinicaltrials.gov/study/NCT03702582,"Giugliano RP, Ruff CT, Braunwald E, Murphy SA, Wiviott SD, Halperin JL, Waldo AL, Ezekowitz MD, Weitz JI, Spinar J, Ruzyllo W, Ruda M, Koretsune Y, Betcher J, Shi M, Grip LT, Patel SP, Patel I, Hanyok JJ, Mercuri M, Antman EM; ENGAGE AF-TIMI 48 Investigators. Edoxaban versus warfarin in patients with atrial fibrillation. N Engl J Med. 2013 Nov 28;369(22):2093-104. doi: 10.1056/NEJMoa1310907. Epub 2013 Nov 19.",research/searches/A1/clinicaltrials/ctgov_a1_designpilot_20260710/page_001.json,24251359,REC-PUBMED-24251359,,,,,,https://pubmed.ncbi.nlm.nih.gov/24251359/,,false,context_only_no_linkage_decision
LINK-CTGOV-NCT03702582-PMID-26482512,manual_background_reference,BACKGROUND,NCT03702582,REC-CTGOV-NCT03702582,A1,ctgov_a1_designpilot_20260710,Rivaroxaban vs. Warfarin for Post Cardiac Surgery Atrial Fibrillation,Trial of New Oral Anticoagulants vs. Warfarin for Post Cardiac Surgery Atrial Fibrillation,COMPLETED,INTERVENTIONAL,PHASE3,100,Atrial Fibrillation|Stroke|Bleeding,DRUG:Rivaroxaban|DRUG:Warfarin,Massachusetts General Hospital,https://clinicaltrials.gov/study/NCT03702582,"Anderson E, Johnke K, Leedahl D, Glogoza M, Newman R, Dyke C. Novel oral anticoagulants vs warfarin for the management of postoperative atrial fibrillation: clinical outcomes and cost analysis. Am J Surg. 2015 Dec;210(6):1095-102; discussion 1102-3. doi: 10.1016/j.amjsurg.2015.07.005. Epub 2015 Sep 18.",research/searches/A1/clinicaltrials/ctgov_a1_designpilot_20260710/page_001.json,26482512,REC-PUBMED-26482512,,,,,,https://pubmed.ncbi.nlm.nih.gov/26482512/,,false,context_only_no_linkage_decision
LINK-CTGOV-NCT03702582-PMID-27043047,manual_background_reference,BACKGROUND,NCT03702582,REC-CTGOV-NCT03702582,A1,ctgov_a1_designpilot_20260710,Rivaroxaban vs. Warfarin for Post Cardiac Surgery Atrial Fibrillation,Trial of New Oral Anticoagulants vs. Warfarin for Post Cardiac Surgery Atrial Fibrillation,COMPLETED,INTERVENTIONAL,PHASE3,100,Atrial Fibrillation|Stroke|Bleeding,DRUG:Rivaroxaban|DRUG:Warfarin,Massachusetts General Hospital,https://clinicaltrials.gov/study/NCT03702582,"Gillinov AM, Bagiella E, Moskowitz AJ, Raiten JM, Groh MA, Bowdish ME, Ailawadi G, Kirkwood KA, Perrault LP, Parides MK, Smith RL 2nd, Kern JA, Dussault G, Hackmann AE, Jeffries NO, Miller MA, Taddei-Peters WC, Rose EA, Weisel RD, Williams DL, Mangusan RF, Argenziano M, Moquete EG, O'Sullivan KL, Pellerin M, Shah KJ, Gammie JS, Mayer ML, Voisine P, Gelijns AC, O'Gara PT, Mack MJ; CTSN. Rate Control versus Rhythm Control for Atrial Fibrillation after Cardiac Surgery. N Engl J Med. 2016 May 19;374(20):1911-21. doi: 10.1056/NEJMoa1602002. Epub 2016 Apr 4.",research/searches/A1/clinicaltrials/ctgov_a1_designpilot_20260710/page_001.json,27043047,REC-PUBMED-27043047,,,,,,https://pubmed.ncbi.nlm.nih.gov/27043047/,,false,context_only_no_linkage_decision
LINK-CTGOV-NCT03702582-PMID-27929207,manual_background_reference,BACKGROUND,NCT03702582,REC-CTGOV-NCT03702582,A1,ctgov_a1_designpilot_20260710,Rivaroxaban vs. Warfarin for Post Cardiac Surgery Atrial Fibrillation,Trial of New Oral Anticoagulants vs. Warfarin for Post Cardiac Surgery Atrial Fibrillation,COMPLETED,INTERVENTIONAL,PHASE3,100,Atrial Fibrillation|Stroke|Bleeding,DRUG:Rivaroxaban|DRUG:Warfarin,Massachusetts General Hospital,https://clinicaltrials.gov/study/NCT03702582,"Hawks MK, Bryce C. Rivaroxaban vs. Warfarin for Anticoagulation in Patients with Atrial Fibrillation Undergoing Ablation and Cardioversion. Am Fam Physician. 2016 Oct 1;94(7):Online. No abstract available.",research/searches/A1/clinicaltrials/ctgov_a1_designpilot_20260710/page_001.json,27929207,REC-PUBMED-27929207,,,,,,https://pubmed.ncbi.nlm.nih.gov/27929207/,,false,context_only_no_linkage_decision
LINK-CTGOV-NCT03702582-PMID-29273637,manual_background_reference,BACKGROUND,NCT03702582,REC-CTGOV-NCT03702582,A1,ctgov_a1_designpilot_20260710,Rivaroxaban vs. Warfarin for Post Cardiac Surgery Atrial Fibrillation,Trial of New Oral Anticoagulants vs. Warfarin for Post Cardiac Surgery Atrial Fibrillation,COMPLETED,INTERVENTIONAL,PHASE3,100,Atrial Fibrillation|Stroke|Bleeding,DRUG:Rivaroxaban|DRUG:Warfarin,Massachusetts General Hospital,https://clinicaltrials.gov/study/NCT03702582,"Megens MR, Churilov L, Thijs V. New-Onset Atrial Fibrillation After Coronary Artery Bypass Graft and Long-Term Risk of Stroke: A Meta-Analysis. J Am Heart Assoc. 2017 Dec 22;6(12):e007558. doi: 10.1161/JAHA.117.007558.",research/searches/A1/clinicaltrials/ctgov_a1_designpilot_20260710/page_001.json,29273637,REC-PUBMED-29273637,,,,,,https://pubmed.ncbi.nlm.nih.gov/29273637/,,false,context_only_no_linkage_decision
LINK-CTGOV-NCT03702582-PMID-29590141,manual_background_reference,BACKGROUND,NCT03702582,REC-CTGOV-NCT03702582,A1,ctgov_a1_designpilot_20260710,Rivaroxaban vs. Warfarin for Post Cardiac Surgery Atrial Fibrillation,Trial of New Oral Anticoagulants vs. Warfarin for Post Cardiac Surgery Atrial Fibrillation,COMPLETED,INTERVENTIONAL,PHASE3,100,Atrial Fibrillation|Stroke|Bleeding,DRUG:Rivaroxaban|DRUG:Warfarin,Massachusetts General Hospital,https://clinicaltrials.gov/study/NCT03702582,"Charlton B, Adeboyeje G, Barron JJ, Grady D, Shin J, Redberg RF. Length of hospitalization and mortality for bleeding during treatment with warfarin, dabigatran, or rivaroxaban. PLoS One. 2018 Mar 28;13(3):e0193912. doi: 10.1371/journal.pone.0193912. eCollection 2018.",research/searches/A1/clinicaltrials/ctgov_a1_designpilot_20260710/page_001.json,29590141,REC-PUBMED-29590141,,,,,,https://pubmed.ncbi.nlm.nih.gov/29590141/,,false,context_only_no_linkage_decision
LINK-CTGOV-NCT03702582-PMID-29590304,manual_background_reference,BACKGROUND,NCT03702582,REC-CTGOV-NCT03702582,A1,ctgov_a1_designpilot_20260710,Rivaroxaban vs. Warfarin for Post Cardiac Surgery Atrial Fibrillation,Trial of New Oral Anticoagulants vs. Warfarin for Post Cardiac Surgery Atrial Fibrillation,COMPLETED,INTERVENTIONAL,PHASE3,100,Atrial Fibrillation|Stroke|Bleeding,DRUG:Rivaroxaban|DRUG:Warfarin,Massachusetts General Hospital,https://clinicaltrials.gov/study/NCT03702582,"Butt JH, Xian Y, Peterson ED, Olsen PS, Rorth R, Gundlund A, Olesen JB, Gislason GH, Torp-Pedersen C, Kober L, Fosbol EL. Long-term Thromboembolic Risk in Patients With Postoperative Atrial Fibrillation After Coronary Artery Bypass Graft Surgery and Patients With Nonvalvular Atrial Fibrillation. JAMA Cardiol. 2018 May 1;3(5):417-424. doi: 10.1001/jamacardio.2018.0405.",research/searches/A1/clinicaltrials/ctgov_a1_designpilot_20260710/page_001.json,29590304,REC-PUBMED-29590304,,,,,,https://pubmed.ncbi.nlm.nih.gov/29590304/,,false,context_only_no_linkage_decision
LINK-CTGOV-NCT03702582-PMID-30145946,manual_background_reference,BACKGROUND,NCT03702582,REC-CTGOV-NCT03702582,A1,ctgov_a1_designpilot_20260710,Rivaroxaban vs. Warfarin for Post Cardiac Surgery Atrial Fibrillation,Trial of New Oral Anticoagulants vs. Warfarin for Post Cardiac Surgery Atrial Fibrillation,COMPLETED,INTERVENTIONAL,PHASE3,100,Atrial Fibrillation|Stroke|Bleeding,DRUG:Rivaroxaban|DRUG:Warfarin,Massachusetts General Hospital,https://clinicaltrials.gov/study/NCT03702582,"Spyropoulos AC, Ageno W, Albers GW, Elliott CG, Halperin JL, Hiatt WR, Maynard GA, Steg PG, Weitz JI, Suh E, Spiro TE, Barnathan ES, Raskob GE; MARINER Investigators. Rivaroxaban for Thromboprophylaxis after Hospitalization for Medical Illness. N Engl J Med. 2018 Sep 20;379(12):1118-1127. doi: 10.1056/NEJMoa1805090. Epub 2018 Aug 26.",research/searches/A1/clinicaltrials/ctgov_a1_designpilot_20260710/page_001.json,30145946,REC-PUBMED-30145946,,,,,,https://pubmed.ncbi.nlm.nih.gov/30145946/,,false,context_only_no_linkage_decision
LINK-CTGOV-NCT03702582-PMID-32889881,high_derived_reference,DERIVED,NCT03702582,REC-CTGOV-NCT03702582,A1,ctgov_a1_designpilot_20260710,Rivaroxaban vs. Warfarin for Post Cardiac Surgery Atrial Fibrillation,Trial of New Oral Anticoagulants vs. Warfarin for Post Cardiac Surgery Atrial Fibrillation,COMPLETED,INTERVENTIONAL,PHASE3,100,Atrial Fibrillation|Stroke|Bleeding,DRUG:Rivaroxaban|DRUG:Warfarin,Massachusetts General Hospital,https://clinicaltrials.gov/study/NCT03702582,"Osho AA, Moonsamy P, Ethridge BR, Leya GA, D'Alessandro DA, Jassar AS, Villavicencio MA, Melnitchouk SI, Tolis G, Langer NB, Funamoto M, Li SS, Colon KM, Mohan N, Locascio JJ, Lubitz SA, Akeju O, Sundt TM. Rationale and Design of the Randomized Controlled Trial of New Oral Anticoagulants Versus Warfarin for Post Cardiac Surgery Atrial Fibrillation: The NEW-AF Trial. Ann Surg. 2022 Jul 1;276(1):200-204. doi: 10.1097/SLA.0000000000004459. Epub 2020 Sep 1.",research/searches/A1/clinicaltrials/ctgov_a1_designpilot_20260710/page_001.json,32889881,REC-PUBMED-32889881,,,,,,https://pubmed.ncbi.nlm.nih.gov/32889881/,,false,context_only_no_linkage_decision
LINK-CTGOV-NCT03799822-PMID-33753537,high_derived_reference,DERIVED,NCT03799822,REC-CTGOV-NCT03799822,A1,ctgov_a1_designpilot_20260710,Oral Anticoagulation in Hemodialysis,Safety and Efficacy of Vitamin K Antagonists Versus Rivaroxaban in Hemodialysis Patients With Atrial Fibrillation: a Multicenter Randomized Controlled Trial,COMPLETED,INTERVENTIONAL,PHASE4,132,Atrial Fibrillation,DRUG:Rivaroxaban 10 MG Oral Tablet|DIETARY_SUPPLEMENT:MK-7 2000µg thrice weekly|DRUG:Vitamin K Antagonist - Drug,Onze Lieve Vrouw Hospital,https://clinicaltrials.gov/study/NCT03799822,"De Vriese AS, Caluwe R, Van Der Meersch H, De Boeck K, De Bacquer D. Safety and Efficacy of Vitamin K Antagonists versus Rivaroxaban in Hemodialysis Patients with Atrial Fibrillation: A Multicenter Randomized Controlled Trial. J Am Soc Nephrol. 2021 Jun 1;32(6):1474-1483. doi: 10.1681/ASN.2020111566. Epub 2021 Mar 22.",research/searches/A1/clinicaltrials/ctgov_a1_designpilot_20260710/page_001.json,33753537,REC-PUBMED-33753537,Safety and Efficacy of Vitamin K Antagonists versus Rivaroxaban in Hemodialysis Patients with Atrial Fibrillation: A Multicenter Randomized Controlled Trial.,De Vriese AS,2021,Journal of the American Society of Nephrology : JASN,10.1681/asn.2020111566,https://pubmed.ncbi.nlm.nih.gov/33753537/,research/searches/A1/pubmed/pubmed_a1_designpilot_20260710/efetch_057.xml,true,context_only_no_linkage_decision
LINK-CTGOV-NCT03799822-PMID-38189593,high_derived_reference,DERIVED,NCT03799822,REC-CTGOV-NCT03799822,A1,ctgov_a1_designpilot_20260710,Oral Anticoagulation in Hemodialysis,Safety and Efficacy of Vitamin K Antagonists Versus Rivaroxaban in Hemodialysis Patients With Atrial Fibrillation: a Multicenter Randomized Controlled Trial,COMPLETED,INTERVENTIONAL,PHASE4,132,Atrial Fibrillation,DRUG:Rivaroxaban 10 MG Oral Tablet|DIETARY_SUPPLEMENT:MK-7 2000µg thrice weekly|DRUG:Vitamin K Antagonist - Drug,Onze Lieve Vrouw Hospital,https://clinicaltrials.gov/study/NCT03799822,"Natale P, Palmer SC, Ruospo M, Longmuir H, Dodds B, Prasad R, Batt TJ, Jose MD, Strippoli GF. Anticoagulation for people receiving long-term haemodialysis. Cochrane Database Syst Rev. 2024 Jan 8;1(1):CD011858. doi: 10.1002/14651858.CD011858.pub2.",research/searches/A1/clinicaltrials/ctgov_a1_designpilot_20260710/page_001.json,38189593,REC-PUBMED-38189593,,,,,,https://pubmed.ncbi.nlm.nih.gov/38189593/,,false,context_only_no_linkage_decision
LINK-CTGOV-NCT03968393-PMID-39921772,high_derived_reference,DERIVED,NCT03968393,REC-CTGOV-NCT03968393,A1,ctgov_a1_designpilot_20260710,Anticoagulation for Stroke Prevention In Patients With Recent Episodes of Atrial Fibrillation Occurring Transiently With Stress,Anticoagulation for Stroke Prevention In Patients With Recent Episodes of Atrial Fibrillation Occurring Transiently With Stress - The ASPIRE-AF Trial,RECRUITING,INTERVENTIONAL,PHASE4,2270,Stroke|Atrial Fibrillation,DRUG:Non-vitamin K oral anticoagulant (NOAC),Population Health Research Institute,https://clinicaltrials.gov/study/NCT03968393,"Boriani G, Imberti JF, McIntyre WF, Mei DA, Healey JS, Schnabel RB, Svennberg E, Camm AJ, Freedman B. Detection and management of postoperative atrial fibrillation after coronary artery bypass grafting or non-cardiac surgery: a survey by the AF-SCREEN International Collaboration. Intern Emerg Med. 2025 Apr;20(3):739-749. doi: 10.1007/s11739-025-03861-2. Epub 2025 Feb 8.",research/searches/A1/clinicaltrials/ctgov_a1_designpilot_20260710/page_001.json,39921772,REC-PUBMED-39921772,,,,,,https://pubmed.ncbi.nlm.nih.gov/39921772/,,false,context_only_no_linkage_decision
LINK-CTGOV-NCT03977363-PMID-15842354,manual_background_reference,BACKGROUND,NCT03977363,REC-CTGOV-NCT03977363,A1,ctgov_a1_designpilot_20260710,The Portuguese Survey on Anticoagulated Patients Register (START-Portugal-Register),The Portuguese Survey on Anticoagulated Patients Register (START-Portugal-Register),TERMINATED,OBSERVATIONAL,,25,Atrial Fibrillation|Venous Thromboembolism|Heart Valve Diseases or Prosthesis,DRUG:Anticoagulant drugs,CHAD,https://clinicaltrials.gov/study/NCT03977363,"Schulman S, Kearon C; Subcommittee on Control of Anticoagulation of the Scientific and Standardization Committee of the International Society on Thrombosis and Haemostasis. Definition of major bleeding in clinical investigations of antihemostatic medicinal products in non-surgical patients. J Thromb Haemost. 2005 Apr;3(4):692-4. doi: 10.1111/j.1538-7836.2005.01204.x.",research/searches/A1/clinicaltrials/ctgov_a1_designpilot_20260710/page_001.json,15842354,REC-PUBMED-15842354,,,,,,https://pubmed.ncbi.nlm.nih.gov/15842354/,,false,context_only_no_linkage_decision
LINK-CTGOV-NCT03977363-PMID-19966341,manual_background_reference,BACKGROUND,NCT03977363,REC-CTGOV-NCT03977363,A1,ctgov_a1_designpilot_20260710,The Portuguese Survey on Anticoagulated Patients Register (START-Portugal-Register),The Portuguese Survey on Anticoagulated Patients Register (START-Portugal-Register),TERMINATED,OBSERVATIONAL,,25,Atrial Fibrillation|Venous Thromboembolism|Heart Valve Diseases or Prosthesis,DRUG:Anticoagulant drugs,CHAD,https://clinicaltrials.gov/study/NCT03977363,"Schulman S, Kearon C, Kakkar AK, Mismetti P, Schellong S, Eriksson H, Baanstra D, Schnee J, Goldhaber SZ; RE-COVER Study Group. Dabigatran versus warfarin in the treatment of acute venous thromboembolism. N Engl J Med. 2009 Dec 10;361(24):2342-52. doi: 10.1056/NEJMoa0906598.",research/searches/A1/clinicaltrials/ctgov_a1_designpilot_20260710/page_001.json,19966341,REC-PUBMED-19966341,,,,,,https://pubmed.ncbi.nlm.nih.gov/19966341/,,false,context_only_no_linkage_decision
LINK-CTGOV-NCT03977363-PMID-22449293,manual_background_reference,BACKGROUND,NCT03977363,REC-CTGOV-NCT03977363,A1,ctgov_a1_designpilot_20260710,The Portuguese Survey on Anticoagulated Patients Register (START-Portugal-Register),The Portuguese Survey on Anticoagulated Patients Register (START-Portugal-Register),TERMINATED,OBSERVATIONAL,,25,Atrial Fibrillation|Venous Thromboembolism|Heart Valve Diseases or Prosthesis,DRUG:Anticoagulant drugs,CHAD,https://clinicaltrials.gov/study/NCT03977363,"EINSTEIN-PE Investigators; Buller HR, Prins MH, Lensin AW, Decousus H, Jacobson BF, Minar E, Chlumsky J, Verhamme P, Wells P, Agnelli G, Cohen A, Berkowitz SD, Bounameaux H, Davidson BL, Misselwitz F, Gallus AS, Raskob GE, Schellong S, Segers A. Oral rivaroxaban for the treatment of symptomatic pulmonary embolism. N Engl J Med. 2012 Apr 5;366(14):1287-97. doi: 10.1056/NEJMoa1113572. Epub 2012 Mar 26.",research/searches/A1/clinicaltrials/ctgov_a1_designpilot_20260710/page_001.json,22449293,REC-PUBMED-22449293,Oral rivaroxaban for the treatment of symptomatic pulmonary embolism.,EINSTEIN–PE Investigators,2012,The New England journal of medicine,10.1056/nejmoa1113572,https://pubmed.ncbi.nlm.nih.gov/22449293/,research/searches/A1/pubmed/pubmed_a1_designpilot_20260710/efetch_038.xml,true,context_only_no_linkage_decision
LINK-CTGOV-NCT03977363-PMID-23097696,manual_background_reference,BACKGROUND,NCT03977363,REC-CTGOV-NCT03977363,A1,ctgov_a1_designpilot_20260710,The Portuguese Survey on Anticoagulated Patients Register (START-Portugal-Register),The Portuguese Survey on Anticoagulated Patients Register (START-Portugal-Register),TERMINATED,OBSERVATIONAL,,25,Atrial Fibrillation|Venous Thromboembolism|Heart Valve Diseases or Prosthesis,DRUG:Anticoagulant drugs,CHAD,https://clinicaltrials.gov/study/NCT03977363,"Testa S, Paoletti O, Zimmermann A, Bassi L, Zambelli S, Cancellieri E. The role of anticoagulation clinics in the era of new oral anticoagulants. Thrombosis. 2012;2012:835356. doi: 10.1155/2012/835356. Epub 2012 Oct 14.",research/searches/A1/clinicaltrials/ctgov_a1_designpilot_20260710/page_001.json,23097696,REC-PUBMED-23097696,,,,,,https://pubmed.ncbi.nlm.nih.gov/23097696/,,false,context_only_no_linkage_decision
LINK-CTGOV-NCT03977363-PMID-23216615,manual_background_reference,BACKGROUND,NCT03977363,REC-CTGOV-NCT03977363,A1,ctgov_a1_designpilot_20260710,The Portuguese Survey on Anticoagulated Patients Register (START-Portugal-Register),The Portuguese Survey on Anticoagulated Patients Register (START-Portugal-Register),TERMINATED,OBSERVATIONAL,,25,Atrial Fibrillation|Venous Thromboembolism|Heart Valve Diseases or Prosthesis,DRUG:Anticoagulant drugs,CHAD,https://clinicaltrials.gov/study/NCT03977363,"Agnelli G, Buller HR, Cohen A, Curto M, Gallus AS, Johnson M, Porcari A, Raskob GE, Weitz JI; AMPLIFY-EXT Investigators. Apixaban for extended treatment of venous thromboembolism. N Engl J Med. 2013 Feb 21;368(8):699-708. doi: 10.1056/NEJMoa1207541. Epub 2012 Dec 8.",research/searches/A1/clinicaltrials/ctgov_a1_designpilot_20260710/page_001.json,23216615,REC-PUBMED-23216615,,,,,,https://pubmed.ncbi.nlm.nih.gov/23216615/,,false,context_only_no_linkage_decision
LINK-CTGOV-NCT03977363-PMID-23991658,manual_background_reference,BACKGROUND,NCT03977363,REC-CTGOV-NCT03977363,A1,ctgov_a1_designpilot_20260710,The Portuguese Survey on Anticoagulated Patients Register (START-Portugal-Register),The Portuguese Survey on Anticoagulated Patients Register (START-Portugal-Register),TERMINATED,OBSERVATIONAL,,25,Atrial Fibrillation|Venous Thromboembolism|Heart Valve Diseases or Prosthesis,DRUG:Anticoagulant drugs,CHAD,https://clinicaltrials.gov/study/NCT03977363,"Hokusai-VTE Investigators; Buller HR, Decousus H, Grosso MA, Mercuri M, Middeldorp S, Prins MH, Raskob GE, Schellong SM, Schwocho L, Segers A, Shi M, Verhamme P, Wells P. Edoxaban versus warfarin for the treatment of symptomatic venous thromboembolism. N Engl J Med. 2013 Oct 10;369(15):1406-15. doi: 10.1056/NEJMoa1306638. Epub 2013 Aug 31.",research/searches/A1/clinicaltrials/ctgov_a1_designpilot_20260710/page_001.json,23991658,REC-PUBMED-23991658,,,,,,https://pubmed.ncbi.nlm.nih.gov/23991658/,,false,context_only_no_linkage_decision
LINK-CTGOV-NCT03977363-PMID-24315724,manual_background_reference,BACKGROUND,NCT03977363,REC-CTGOV-NCT03977363,A1,ctgov_a1_designpilot_20260710,The Portuguese Survey on Anticoagulated Patients Register (START-Portugal-Register),The Portuguese Survey on Anticoagulated Patients Register (START-Portugal-Register),TERMINATED,OBSERVATIONAL,,25,Atrial Fibrillation|Venous Thromboembolism|Heart Valve Diseases or Prosthesis,DRUG:Anticoagulant drugs,CHAD,https://clinicaltrials.gov/study/NCT03977363,"Ruff CT, Giugliano RP, Braunwald E, Hoffman EB, Deenadayalu N, Ezekowitz MD, Camm AJ, Weitz JI, Lewis BS, Parkhomenko A, Yamashita T, Antman EM. Comparison of the efficacy and safety of new oral anticoagulants with warfarin in patients with atrial fibrillation: a meta-analysis of randomised trials. Lancet. 2014 Mar 15;383(9921):955-62. doi: 10.1016/S0140-6736(13)62343-0. Epub 2013 Dec 4.",research/searches/A1/clinicaltrials/ctgov_a1_designpilot_20260710/page_001.json,24315724,REC-PUBMED-24315724,,,,,,https://pubmed.ncbi.nlm.nih.gov/24315724/,,false,context_only_no_linkage_decision
LINK-CTGOV-NCT03977363-PMID-26001109,manual_background_reference,BACKGROUND,NCT03977363,REC-CTGOV-NCT03977363,A1,ctgov_a1_designpilot_20260710,The Portuguese Survey on Anticoagulated Patients Register (START-Portugal-Register),The Portuguese Survey on Anticoagulated Patients Register (START-Portugal-Register),TERMINATED,OBSERVATIONAL,,25,Atrial Fibrillation|Venous Thromboembolism|Heart Valve Diseases or Prosthesis,DRUG:Anticoagulant drugs,CHAD,https://clinicaltrials.gov/study/NCT03977363,"Antonucci E, Poli D, Tosetto A, Pengo V, Tripodi A, Magrini N, Marongiu F, Palareti G; START-Register. The Italian START-Register on Anticoagulation with Focus on Atrial Fibrillation. PLoS One. 2015 May 22;10(5):e0124719. doi: 10.1371/journal.pone.0124719. eCollection 2015.",research/searches/A1/clinicaltrials/ctgov_a1_designpilot_20260710/page_001.json,26001109,REC-PUBMED-26001109,The Italian START-Register on Anticoagulation with Focus on Atrial Fibrillation.,Antonucci E,2015,PloS one,10.1371/journal.pone.0124719,https://pubmed.ncbi.nlm.nih.gov/26001109/,research/searches/A1/pubmed/pubmed_a1_designpilot_20260710/efetch_030.xml,true,context_only_no_linkage_decision
LINK-CTGOV-NCT03977363-PMID-26037103,manual_background_reference,BACKGROUND,NCT03977363,REC-CTGOV-NCT03977363,A1,ctgov_a1_designpilot_20260710,The Portuguese Survey on Anticoagulated Patients Register (START-Portugal-Register),The Portuguese Survey on Anticoagulated Patients Register (START-Portugal-Register),TERMINATED,OBSERVATIONAL,,25,Atrial Fibrillation|Venous Thromboembolism|Heart Valve Diseases or Prosthesis,DRUG:Anticoagulant drugs,CHAD,https://clinicaltrials.gov/study/NCT03977363,"Caldeira D, Rodrigues FB, Barra M, Santos AT, de Abreu D, Goncalves N, Pinto FJ, Ferreira JJ, Costa J. Non-vitamin K antagonist oral anticoagulants and major bleeding-related fatality in patients with atrial fibrillation and venous thromboembolism: a systematic review and meta-analysis. Heart. 2015 Aug;101(15):1204-11. doi: 10.1136/heartjnl-2015-307489. Epub 2015 Jun 2.",research/searches/A1/clinicaltrials/ctgov_a1_designpilot_20260710/page_001.json,26037103,REC-PUBMED-26037103,Non-vitamin K antagonist oral anticoagulants and major bleeding-related fatality in patients with atrial fibrillation and venous thromboembolism: a systematic review and meta-analysis.,Caldeira D,2015,Heart (British Cardiac Society),10.1136/heartjnl-2015-307489,https://pubmed.ncbi.nlm.nih.gov/26037103/,research/searches/A1/pubmed/pubmed_a1_designpilot_20260710/efetch_029.xml,true,context_only_no_linkage_decision
LINK-CTGOV-NCT04045665-PMID-33251914,high_derived_reference,DERIVED,NCT04045665,REC-CTGOV-NCT04045665,A1,ctgov_a1_designpilot_20260710,Anticoagulation for New-Onset Post-Operative Atrial Fibrillation After CABG,Anticoagulation for New-Onset Post-Operative Atrial Fibrillation After CABG,RECRUITING,INTERVENTIONAL,PHASE3,3200,Atrial Fibrillation|Stroke|Bleeding,DRUG:Antiplatelet-only strategy|DRUG:Oral Anticoagulant plus background antiplatelet therapy,Icahn School of Medicine at Mount Sinai,https://clinicaltrials.gov/study/NCT04045665,"Taha A, Nielsen SJ, Bergfeldt L, Ahlsson A, Friberg L, Bjorck S, Franzen S, Jeppsson A. New-Onset Atrial Fibrillation After Coronary Artery Bypass Grafting and Long-Term Outcome: A Population-Based Nationwide Study From the SWEDEHEART Registry. J Am Heart Assoc. 2021 Jan 5;10(1):e017966. doi: 10.1161/JAHA.120.017966. Epub 2020 Nov 30.",research/searches/A1/clinicaltrials/ctgov_a1_designpilot_20260710/page_001.json,33251914,REC-PUBMED-33251914,,,,,,https://pubmed.ncbi.nlm.nih.gov/33251914/,,false,context_only_no_linkage_decision
LINK-CTGOV-NCT04045665-PMID-39921772,high_derived_reference,DERIVED,NCT04045665,REC-CTGOV-NCT04045665,A1,ctgov_a1_designpilot_20260710,Anticoagulation for New-Onset Post-Operative Atrial Fibrillation After CABG,Anticoagulation for New-Onset Post-Operative Atrial Fibrillation After CABG,RECRUITING,INTERVENTIONAL,PHASE3,3200,Atrial Fibrillation|Stroke|Bleeding,DRUG:Antiplatelet-only strategy|DRUG:Oral Anticoagulant plus background antiplatelet therapy,Icahn School of Medicine at Mount Sinai,https://clinicaltrials.gov/study/NCT04045665,"Boriani G, Imberti JF, McIntyre WF, Mei DA, Healey JS, Schnabel RB, Svennberg E, Camm AJ, Freedman B. Detection and management of postoperative atrial fibrillation after coronary artery bypass grafting or non-cardiac surgery: a survey by the AF-SCREEN International Collaboration. Intern Emerg Med. 2025 Apr;20(3):739-749. doi: 10.1007/s11739-025-03861-2. Epub 2025 Feb 8.",research/searches/A1/clinicaltrials/ctgov_a1_designpilot_20260710/page_001.json,39921772,REC-PUBMED-39921772,,,,,,https://pubmed.ncbi.nlm.nih.gov/39921772/,,false,context_only_no_linkage_decision
LINK-CTGOV-NCT04045665-PMID-41609362,high_derived_reference,DERIVED,NCT04045665,REC-CTGOV-NCT04045665,A1,ctgov_a1_designpilot_20260710,Anticoagulation for New-Onset Post-Operative Atrial Fibrillation After CABG,Anticoagulation for New-Onset Post-Operative Atrial Fibrillation After CABG,RECRUITING,INTERVENTIONAL,PHASE3,3200,Atrial Fibrillation|Stroke|Bleeding,DRUG:Antiplatelet-only strategy|DRUG:Oral Anticoagulant plus background antiplatelet therapy,Icahn School of Medicine at Mount Sinai,https://clinicaltrials.gov/study/NCT04045665,"Budd AN, Kertai MD, Wyler von Ballmoos MC, Raphael J, Ghadimi K, Levy JH, Shore-Lesserson LJ, Mazzeffi MA, Sniecinski RM, Tanaka KA, Bolliger D, Abdalla M, Ural KG, Upchurch PA, Rozental O, Hunter CB, Seibert AR, Klick JC, Carroll D, Lobner K, Hensley NB. Management of Direct Oral Anticoagulants in Adult Patients Undergoing Cardiac Surgery: A Joint Consensus Statement by the Society of Cardiovascular Anesthesiologists and the Society of Thoracic Surgeons. Anesth Analg. 2026 Apr 1;142(4):668-681. doi: 10.1213/ANE.0000000000007868. Epub 2026 Jan 29.",research/searches/A1/clinicaltrials/ctgov_a1_designpilot_20260710/page_001.json,41609362,REC-PUBMED-41609362,,,,,,https://pubmed.ncbi.nlm.nih.gov/41609362/,,false,context_only_no_linkage_decision
LINK-CTGOV-NCT04066764-PMID-11228276,manual_background_reference,BACKGROUND,NCT04066764,REC-CTGOV-NCT04066764,A1,ctgov_a1_designpilot_20260710,Rivaroxaban and Vitamin K Antagonists for the Anticoagulation for the Implantation of Vena Cava Filters,An Efficacy and Safety Study of New Oral Anticoagulants and Vitamin K Antagonists for the Anticoagulation for the Implantation of Vena Cava Filters: A Prospective Randomized Controlled Trial,UNKNOWN,INTERVENTIONAL,PHASE3,200,Venous Thromboembolism,DRUG:Rivaroxaban|DRUG:Warfarin|DRUG:Nadroparin,"Second Affiliated Hospital, School of Medicine, Zhejiang University",https://clinicaltrials.gov/study/NCT04066764,"Breddin HK, Hach-Wunderle V, Nakov R, Kakkar VV; CORTES Investigators. Clivarin: Assessment of Regression of Thrombosis, Efficacy, and Safety. Effects of a low-molecular-weight heparin on thrombus regression and recurrent thromboembolism in patients with deep-vein thrombosis. N Engl J Med. 2001 Mar 1;344(9):626-31. doi: 10.1056/NEJM200103013440902.",research/searches/A1/clinicaltrials/ctgov_a1_designpilot_20260710/page_001.json,11228276,REC-PUBMED-11228276,,,,,,https://pubmed.ncbi.nlm.nih.gov/11228276/,,false,context_only_no_linkage_decision
LINK-CTGOV-NCT04066764-PMID-18579812,manual_background_reference,BACKGROUND,NCT04066764,REC-CTGOV-NCT04066764,A1,ctgov_a1_designpilot_20260710,Rivaroxaban and Vitamin K Antagonists for the Anticoagulation for the Implantation of Vena Cava Filters,An Efficacy and Safety Study of New Oral Anticoagulants and Vitamin K Antagonists for the Anticoagulation for the Implantation of Vena Cava Filters: A Prospective Randomized Controlled Trial,UNKNOWN,INTERVENTIONAL,PHASE3,200,Venous Thromboembolism,DRUG:Rivaroxaban|DRUG:Warfarin|DRUG:Nadroparin,"Second Affiliated Hospital, School of Medicine, Zhejiang University",https://clinicaltrials.gov/study/NCT04066764,"Lassen MR, Ageno W, Borris LC, Lieberman JR, Rosencher N, Bandel TJ, Misselwitz F, Turpie AG; RECORD3 Investigators. Rivaroxaban versus enoxaparin for thromboprophylaxis after total knee arthroplasty. N Engl J Med. 2008 Jun 26;358(26):2776-86. doi: 10.1056/NEJMoa076016.",research/searches/A1/clinicaltrials/ctgov_a1_designpilot_20260710/page_001.json,18579812,REC-PUBMED-18579812,,,,,,https://pubmed.ncbi.nlm.nih.gov/18579812/,,false,context_only_no_linkage_decision
LINK-CTGOV-NCT04066764-PMID-19411100,manual_background_reference,BACKGROUND,NCT04066764,REC-CTGOV-NCT04066764,A1,ctgov_a1_designpilot_20260710,Rivaroxaban and Vitamin K Antagonists for the Anticoagulation for the Implantation of Vena Cava Filters,An Efficacy and Safety Study of New Oral Anticoagulants and Vitamin K Antagonists for the Anticoagulation for the Implantation of Vena Cava Filters: A Prospective Randomized Controlled Trial,UNKNOWN,INTERVENTIONAL,PHASE3,200,Venous Thromboembolism,DRUG:Rivaroxaban|DRUG:Warfarin|DRUG:Nadroparin,"Second Affiliated Hospital, School of Medicine, Zhejiang University",https://clinicaltrials.gov/study/NCT04066764,"Turpie AG, Lassen MR, Davidson BL, Bauer KA, Gent M, Kwong LM, Cushner FD, Lotke PA, Berkowitz SD, Bandel TJ, Benson A, Misselwitz F, Fisher WD; RECORD4 Investigators. Rivaroxaban versus enoxaparin for thromboprophylaxis after total knee arthroplasty (RECORD4): a randomised trial. Lancet. 2009 May 16;373(9676):1673-80. doi: 10.1016/S0140-6736(09)60734-0. Epub 2009 May 4.",research/searches/A1/clinicaltrials/ctgov_a1_designpilot_20260710/page_001.json,19411100,REC-PUBMED-19411100,,,,,,https://pubmed.ncbi.nlm.nih.gov/19411100/,,false,context_only_no_linkage_decision
LINK-CTGOV-NCT04066764-PMID-21128814,manual_background_reference,BACKGROUND,NCT04066764,REC-CTGOV-NCT04066764,A1,ctgov_a1_designpilot_20260710,Rivaroxaban and Vitamin K Antagonists for the Anticoagulation for the Implantation of Vena Cava Filters,An Efficacy and Safety Study of New Oral Anticoagulants and Vitamin K Antagonists for the Anticoagulation for the Implantation of Vena Cava Filters: A Prospective Randomized Controlled Trial,UNKNOWN,INTERVENTIONAL,PHASE3,200,Venous Thromboembolism,DRUG:Rivaroxaban|DRUG:Warfarin|DRUG:Nadroparin,"Second Affiliated Hospital, School of Medicine, Zhejiang University",https://clinicaltrials.gov/study/NCT04066764,"EINSTEIN Investigators; Bauersachs R, Berkowitz SD, Brenner B, Buller HR, Decousus H, Gallus AS, Lensing AW, Misselwitz F, Prins MH, Raskob GE, Segers A, Verhamme P, Wells P, Agnelli G, Bounameaux H, Cohen A, Davidson BL, Piovella F, Schellong S. Oral rivaroxaban for symptomatic venous thromboembolism. N Engl J Med. 2010 Dec 23;363(26):2499-510. doi: 10.1056/NEJMoa1007903. Epub 2010 Dec 3.",research/searches/A1/clinicaltrials/ctgov_a1_designpilot_20260710/page_001.json,21128814,REC-PUBMED-21128814,Oral rivaroxaban for symptomatic venous thromboembolism.,EINSTEIN Investigators,2010,The New England journal of medicine,10.1056/nejmoa1007903,https://pubmed.ncbi.nlm.nih.gov/21128814/,research/searches/A1/pubmed/pubmed_a1_designpilot_20260710/efetch_040.xml,true,context_only_no_linkage_decision
LINK-CTGOV-NCT04066764-PMID-22449293,manual_background_reference,BACKGROUND,NCT04066764,REC-CTGOV-NCT04066764,A1,ctgov_a1_designpilot_20260710,Rivaroxaban and Vitamin K Antagonists for the Anticoagulation for the Implantation of Vena Cava Filters,An Efficacy and Safety Study of New Oral Anticoagulants and Vitamin K Antagonists for the Anticoagulation for the Implantation of Vena Cava Filters: A Prospective Randomized Controlled Trial,UNKNOWN,INTERVENTIONAL,PHASE3,200,Venous Thromboembolism,DRUG:Rivaroxaban|DRUG:Warfarin|DRUG:Nadroparin,"Second Affiliated Hospital, School of Medicine, Zhejiang University",https://clinicaltrials.gov/study/NCT04066764,"EINSTEIN-PE Investigators; Buller HR, Prins MH, Lensin AW, Decousus H, Jacobson BF, Minar E, Chlumsky J, Verhamme P, Wells P, Agnelli G, Cohen A, Berkowitz SD, Bounameaux H, Davidson BL, Misselwitz F, Gallus AS, Raskob GE, Schellong S, Segers A. Oral rivaroxaban for the treatment of symptomatic pulmonary embolism. N Engl J Med. 2012 Apr 5;366(14):1287-97. doi: 10.1056/NEJMoa1113572. Epub 2012 Mar 26.",research/searches/A1/clinicaltrials/ctgov_a1_designpilot_20260710/page_001.json,22449293,REC-PUBMED-22449293,Oral rivaroxaban for the treatment of symptomatic pulmonary embolism.,EINSTEIN–PE Investigators,2012,The New England journal of medicine,10.1056/nejmoa1113572,https://pubmed.ncbi.nlm.nih.gov/22449293/,research/searches/A1/pubmed/pubmed_a1_designpilot_20260710/efetch_038.xml,true,context_only_no_linkage_decision
LINK-CTGOV-NCT04066764-PMID-25851122,manual_background_reference,BACKGROUND,NCT04066764,REC-CTGOV-NCT04066764,A1,ctgov_a1_designpilot_20260710,Rivaroxaban and Vitamin K Antagonists for the Anticoagulation for the Implantation of Vena Cava Filters,An Efficacy and Safety Study of New Oral Anticoagulants and Vitamin K Antagonists for the Anticoagulation for the Implantation of Vena Cava Filters: A Prospective Randomized Controlled Trial,UNKNOWN,INTERVENTIONAL,PHASE3,200,Venous Thromboembolism,DRUG:Rivaroxaban|DRUG:Warfarin|DRUG:Nadroparin,"Second Affiliated Hospital, School of Medicine, Zhejiang University",https://clinicaltrials.gov/study/NCT04066764,"Schulman S, Zondag M, Linkins L, Pasca S, Cheung YW, de Sancho M, Gallus A, Lecumberri R, Molnar S, Ageno W, Le Gal G, Falanga A, Hulegardh E, Ranta S, Kamphuisen P, Debourdeau P, Rigamonti V, Ortel TL, Lee A. Recurrent venous thromboembolism in anticoagulated patients with cancer: management and short-term prognosis. J Thromb Haemost. 2015 Jun;13(6):1010-8. doi: 10.1111/jth.12955. Epub 2015 May 9.",research/searches/A1/clinicaltrials/ctgov_a1_designpilot_20260710/page_001.json,25851122,REC-PUBMED-25851122,Recurrent venous thromboembolism in anticoagulated patients with cancer: management and short-term prognosis.,Schulman S,2015,Journal of thrombosis and haemostasis : JTH,10.1111/jth.12955,https://pubmed.ncbi.nlm.nih.gov/25851122/,research/searches/A1/pubmed/pubmed_a1_designpilot_20260710/efetch_030.xml,true,context_only_no_linkage_decision
LINK-CTGOV-NCT04066764-PMID-26867832,manual_background_reference,BACKGROUND,NCT04066764,REC-CTGOV-NCT04066764,A1,ctgov_a1_designpilot_20260710,Rivaroxaban and Vitamin K Antagonists for the Anticoagulation for the Implantation of Vena Cava Filters,An Efficacy and Safety Study of New Oral Anticoagulants and Vitamin K Antagonists for the Anticoagulation for the Implantation of Vena Cava Filters: A Prospective Randomized Controlled Trial,UNKNOWN,INTERVENTIONAL,PHASE3,200,Venous Thromboembolism,DRUG:Rivaroxaban|DRUG:Warfarin|DRUG:Nadroparin,"Second Affiliated Hospital, School of Medicine, Zhejiang University",https://clinicaltrials.gov/study/NCT04066764,"Kearon C, Akl EA, Ornelas J, Blaivas A, Jimenez D, Bounameaux H, Huisman M, King CS, Morris TA, Sood N, Stevens SM, Vintch JRE, Wells P, Woller SC, Moores L. Antithrombotic Therapy for VTE Disease: CHEST Guideline and Expert Panel Report. Chest. 2016 Feb;149(2):315-352. doi: 10.1016/j.chest.2015.11.026. Epub 2016 Jan 7.",research/searches/A1/clinicaltrials/ctgov_a1_designpilot_20260710/page_001.json,26867832,REC-PUBMED-26867832,Antithrombotic Therapy for VTE Disease: CHEST Guideline and Expert Panel Report.,Kearon C,2016,Chest,10.1016/j.chest.2015.11.026,https://pubmed.ncbi.nlm.nih.gov/26867832/,research/searches/A1/pubmed/pubmed_a1_designpilot_20260710/efetch_027.xml,true,context_only_no_linkage_decision
LINK-CTGOV-NCT04066764-PMID-27030066,manual_background_reference,BACKGROUND,NCT04066764,REC-CTGOV-NCT04066764,A1,ctgov_a1_designpilot_20260710,Rivaroxaban and Vitamin K Antagonists for the Anticoagulation for the Implantation of Vena Cava Filters,An Efficacy and Safety Study of New Oral Anticoagulants and Vitamin K Antagonists for the Anticoagulation for the Implantation of Vena Cava Filters: A Prospective Randomized Controlled Trial,UNKNOWN,INTERVENTIONAL,PHASE3,200,Venous Thromboembolism,DRUG:Rivaroxaban|DRUG:Warfarin|DRUG:Nadroparin,"Second Affiliated Hospital, School of Medicine, Zhejiang University",https://clinicaltrials.gov/study/NCT04066764,"Prins MH, Lensing AW, Brighton TA, Lyons RM, Rehm J, Trajanovic M, Davidson BL, Beyer-Westendorf J, Pap AF, Berkowitz SD, Cohen AT, Kovacs MJ, Wells PS, Prandoni P. Oral rivaroxaban versus enoxaparin with vitamin K antagonist for the treatment of symptomatic venous thromboembolism in patients with cancer (EINSTEIN-DVT and EINSTEIN-PE): a pooled subgroup analysis of two randomised controlled trials. Lancet Haematol. 2014 Oct;1(1):e37-46. doi: 10.1016/S2352-3026(14)70018-3. Epub 2014 Sep 28.",research/searches/A1/clinicaltrials/ctgov_a1_designpilot_20260710/page_001.json,27030066,REC-PUBMED-27030066,Oral rivaroxaban versus enoxaparin with vitamin K antagonist for the treatment of symptomatic venous thromboembolism in patients with cancer (EINSTEIN-DVT and EINSTEIN-PE): a pooled subgroup analysis of two randomised controlled trials.,Prins MH,2014,The Lancet. Haematology,10.1016/s2352-3026(14)70018-3,https://pubmed.ncbi.nlm.nih.gov/27030066/,research/searches/A1/pubmed/pubmed_a1_designpilot_20260710/efetch_032.xml,true,context_only_no_linkage_decision
LINK-CTGOV-NCT04066764-PMID-28510665,manual_background_reference,BACKGROUND,NCT04066764,REC-CTGOV-NCT04066764,A1,ctgov_a1_designpilot_20260710,Rivaroxaban and Vitamin K Antagonists for the Anticoagulation for the Implantation of Vena Cava Filters,An Efficacy and Safety Study of New Oral Anticoagulants and Vitamin K Antagonists for the Anticoagulation for the Implantation of Vena Cava Filters: A Prospective Randomized Controlled Trial,UNKNOWN,INTERVENTIONAL,PHASE3,200,Venous Thromboembolism,DRUG:Rivaroxaban|DRUG:Warfarin|DRUG:Nadroparin,"Second Affiliated Hospital, School of Medicine, Zhejiang University",https://clinicaltrials.gov/study/NCT04066764,"Jain A, Cifu AS. Antithrombotic Therapy for Venous Thromboembolic Disease. JAMA. 2017 May 16;317(19):2008-2009. doi: 10.1001/jama.2017.1928. No abstract available.",research/searches/A1/clinicaltrials/ctgov_a1_designpilot_20260710/page_001.json,28510665,REC-PUBMED-28510665,,,,,,https://pubmed.ncbi.nlm.nih.gov/28510665/,,false,context_only_no_linkage_decision
LINK-CTGOV-NCT04066764-PMID-34697109,high_derived_reference,DERIVED,NCT04066764,REC-CTGOV-NCT04066764,A1,ctgov_a1_designpilot_20260710,Rivaroxaban and Vitamin K Antagonists for the Anticoagulation for the Implantation of Vena Cava Filters,An Efficacy and Safety Study of New Oral Anticoagulants and Vitamin K Antagonists for the Anticoagulation for the Implantation of Vena Cava Filters: A Prospective Randomized Controlled Trial,UNKNOWN,INTERVENTIONAL,PHASE3,200,Venous Thromboembolism,DRUG:Rivaroxaban|DRUG:Warfarin|DRUG:Nadroparin,"Second Affiliated Hospital, School of Medicine, Zhejiang University",https://clinicaltrials.gov/study/NCT04066764,"Zhang L, Li M, Zhu Y, Shi Z, Zhang W, Gao B, Li L, Fang Z, Yang G, Han W, Wang L, Yin L, Ke X, Yue J, Gu Z, Liu Z. Efficacy and safety of rivaroxaban in patients with inferior vena cava filter placement without anticoagulation contraindications (EPICT): a prospective randomised controlled trial study protocol. BMJ Open. 2021 Oct 25;11(10):e045530. doi: 10.1136/bmjopen-2020-045530.",research/searches/A1/clinicaltrials/ctgov_a1_designpilot_20260710/page_001.json,34697109,REC-PUBMED-34697109,,,,,,https://pubmed.ncbi.nlm.nih.gov/34697109/,,false,context_only_no_linkage_decision
LINK-CTGOV-NCT04284839-PMID-36121587,high_derived_reference,DERIVED,NCT04284839,REC-CTGOV-NCT04284839,A1,ctgov_a1_designpilot_20260710,The Direct Oral Anticoagulation Versus Vitamin K Antagonist After Cardiac Surgery Trial,The Direct Oral Anticoagulation Versus Vitamin K Antagonist After Cardiac Surgery Trial,RECRUITING,INTERVENTIONAL,PHASE3,3500,Bleeding Post Cardiac Surgery|Indication for Anticoagulation,DRUG:DOAC|DRUG:VKA,Population Health Research Institute,https://clinicaltrials.gov/study/NCT04284839,"Eikelboom R, Whitlock RP, Sibilio S, Nguyen F, Perez R, Weitz JI, Belley-Cote E. Direct Oral Anticoagulation Versus Warfarin in Patients with Atrial Fibrillation and Bioprosthetic Heart Valves: a Retrospective, Real-World Cohort Study. Cardiovasc Drugs Ther. 2024 Feb;38(1):109-117. doi: 10.1007/s10557-022-07381-5. Epub 2022 Sep 19.",research/searches/A1/clinicaltrials/ctgov_a1_designpilot_20260710/page_001.json,36121587,REC-PUBMED-36121587,,,,,,https://pubmed.ncbi.nlm.nih.gov/36121587/,,false,context_only_no_linkage_decision
LINK-CTGOV-NCT04344717-PMID-24486858,manual_background_reference,BACKGROUND,NCT04344717,REC-CTGOV-NCT04344717,A1,ctgov_a1_designpilot_20260710,Pharmacokinetics of Apixaban in Patients With Short Bowel Syndrome Requiring Long Term Parenteral Nutrition,Pharmacokinetics of Apixaban in Patients With Short Bowel Syndrome Requiring Long Term Parenteral Nutrition,UNKNOWN,INTERVENTIONAL,PHASE4,84,Short Bowel Syndrome|Anticoagulation,DRUG:Apixaban single dose|DRUG:Apixaban steady-state,Universitaire Ziekenhuizen KU Leuven,https://clinicaltrials.gov/study/NCT04344717,Jeppesen PB. Spectrum of short bowel syndrome in adults: intestinal insufficiency to intestinal failure. JPEN J Parenter Enteral Nutr. 2014 May;38(1 Suppl):8S-13S. doi: 10.1177/0148607114520994. Epub 2014 Jan 31.,research/searches/A1/clinicaltrials/ctgov_a1_designpilot_20260710/page_001.json,24486858,REC-PUBMED-24486858,,,,,,https://pubmed.ncbi.nlm.nih.gov/24486858/,,false,context_only_no_linkage_decision
LINK-CTGOV-NCT04344717-PMID-28355459,manual_background_reference,BACKGROUND,NCT04344717,REC-CTGOV-NCT04344717,A1,ctgov_a1_designpilot_20260710,Pharmacokinetics of Apixaban in Patients With Short Bowel Syndrome Requiring Long Term Parenteral Nutrition,Pharmacokinetics of Apixaban in Patients With Short Bowel Syndrome Requiring Long Term Parenteral Nutrition,UNKNOWN,INTERVENTIONAL,PHASE4,84,Short Bowel Syndrome|Anticoagulation,DRUG:Apixaban single dose|DRUG:Apixaban steady-state,Universitaire Ziekenhuizen KU Leuven,https://clinicaltrials.gov/study/NCT04344717,"Eikelboom JW, Quinlan DJ, Hirsh J, Connolly SJ, Weitz JI. Laboratory Monitoring of Non-Vitamin K Antagonist Oral Anticoagulant Use in Patients With Atrial Fibrillation: A Review. JAMA Cardiol. 2017 May 1;2(5):566-574. doi: 10.1001/jamacardio.2017.0364.",research/searches/A1/clinicaltrials/ctgov_a1_designpilot_20260710/page_001.json,28355459,REC-PUBMED-28355459,Laboratory Monitoring of Non-Vitamin K Antagonist Oral Anticoagulant Use in Patients With Atrial Fibrillation: A Review.,Eikelboom JW,2017,JAMA cardiology,10.1001/jamacardio.2017.0364,https://pubmed.ncbi.nlm.nih.gov/28355459/,research/searches/A1/pubmed/pubmed_a1_designpilot_20260710/efetch_023.xml,true,context_only_no_linkage_decision
LINK-CTGOV-NCT04344717-PMID-30136101,manual_background_reference,BACKGROUND,NCT04344717,REC-CTGOV-NCT04344717,A1,ctgov_a1_designpilot_20260710,Pharmacokinetics of Apixaban in Patients With Short Bowel Syndrome Requiring Long Term Parenteral Nutrition,Pharmacokinetics of Apixaban in Patients With Short Bowel Syndrome Requiring Long Term Parenteral Nutrition,UNKNOWN,INTERVENTIONAL,PHASE4,84,Short Bowel Syndrome|Anticoagulation,DRUG:Apixaban single dose|DRUG:Apixaban steady-state,Universitaire Ziekenhuizen KU Leuven,https://clinicaltrials.gov/study/NCT04344717,"Santamaria MM, Villafranca JJA, Abiles J, Lopez AF, Rodas LV, Goitia BT, Navarro PU. Systematic review of drug bioavailability following gastrointestinal surgery. Eur J Clin Pharmacol. 2018 Dec;74(12):1531-1545. doi: 10.1007/s00228-018-2539-9. Epub 2018 Aug 22.",research/searches/A1/clinicaltrials/ctgov_a1_designpilot_20260710/page_001.json,30136101,REC-PUBMED-30136101,,,,,,https://pubmed.ncbi.nlm.nih.gov/30136101/,,false,context_only_no_linkage_decision
LINK-CTGOV-NCT04364516-PMID-33607060,high_derived_reference,DERIVED,NCT04364516,REC-CTGOV-NCT04364516,A1,ctgov_a1_designpilot_20260710,Retrospective Observational Registry of Patients With Atrial Fibrillation From Vigo´s Health Area,Retrospective Observational Registry of Patients With Atrial Fibrillation From Vigo´s Health Area (Registro Observacional Retrospectivo de Pacientes Con Fibrilación Auricular Del Área de Vigo),UNKNOWN,OBSERVATIONAL,,15000,Atrial Fibrillation,DRUG:Anticoagulation,Hospital Álvaro Cunqueiro,https://clinicaltrials.gov/study/NCT04364516,"Cespon-Fernandez M, Raposeiras-Roubin S, Abu-Assi E, Melendo-Viu M, Garcia-Campo E, Iniguez-Romo A. Renin-Angiotensin System Inhibitors Prognostic Benefit in Older Patients with Atrial Fibrillation. J Am Med Dir Assoc. 2021 Oct;22(10):2190-2195. doi: 10.1016/j.jamda.2021.01.063. Epub 2021 Feb 16.",research/searches/A1/clinicaltrials/ctgov_a1_designpilot_20260710/page_001.json,33607060,REC-PUBMED-33607060,,,,,,https://pubmed.ncbi.nlm.nih.gov/33607060/,,false,context_only_no_linkage_decision
LINK-CTGOV-NCT04364516-PMID-35279417,high_derived_reference,DERIVED,NCT04364516,REC-CTGOV-NCT04364516,A1,ctgov_a1_designpilot_20260710,Retrospective Observational Registry of Patients With Atrial Fibrillation From Vigo´s Health Area,Retrospective Observational Registry of Patients With Atrial Fibrillation From Vigo´s Health Area (Registro Observacional Retrospectivo de Pacientes Con Fibrilación Auricular Del Área de Vigo),UNKNOWN,OBSERVATIONAL,,15000,Atrial Fibrillation,DRUG:Anticoagulation,Hospital Álvaro Cunqueiro,https://clinicaltrials.gov/study/NCT04364516,"Raposeiras-Roubin S, Abu-Assi E, Lizancos Castro A, Barreiro Pardal C, Melendo Viu M, Cespon Fernandez M, Blanco Prieto S, Rossello X, Ibanez B, Filgueiras-Rama D, Iniguez Romo A. Nutrition status, obesity and outcomes in patients with atrial fibrillation. Rev Esp Cardiol (Engl Ed). 2022 Oct;75(10):825-832. doi: 10.1016/j.rec.2022.01.006. Epub 2022 Mar 9. English, Spanish.",research/searches/A1/clinicaltrials/ctgov_a1_designpilot_20260710/page_001.json,35279417,REC-PUBMED-35279417,,,,,,https://pubmed.ncbi.nlm.nih.gov/35279417/,,false,context_only_no_linkage_decision
LINK-CTGOV-NCT04364516-PMID-36175253,high_derived_reference,DERIVED,NCT04364516,REC-CTGOV-NCT04364516,A1,ctgov_a1_designpilot_20260710,Retrospective Observational Registry of Patients With Atrial Fibrillation From Vigo´s Health Area,Retrospective Observational Registry of Patients With Atrial Fibrillation From Vigo´s Health Area (Registro Observacional Retrospectivo de Pacientes Con Fibrilación Auricular Del Área de Vigo),UNKNOWN,OBSERVATIONAL,,15000,Atrial Fibrillation,DRUG:Anticoagulation,Hospital Álvaro Cunqueiro,https://clinicaltrials.gov/study/NCT04364516,"Dominguez-Erquicia P, Raposeiras-Roubin S, Abu-Assi E, Bouzon-Iglesias P, Parada-Barcia JA, Lizancos-Castro A, Gonzalez-Garcia A, Noriega-Caro VA, Ledo-Pineiro A, Iglesias-Otero C, Gonzalez-Bermudez I, Iniguez-Romo A. Comparison of Outcomes in Patients With Atrial Fibrillation Under Oral Anticoagulation Therapy Analyzed by Body Weight (<60, 60 to 100, and >100 kg). Am J Cardiol. 2022 Dec 1;184:41-47. doi: 10.1016/j.amjcard.2022.07.028. Epub 2022 Sep 27.",research/searches/A1/clinicaltrials/ctgov_a1_designpilot_20260710/page_001.json,36175253,REC-PUBMED-36175253,,,,,,https://pubmed.ncbi.nlm.nih.gov/36175253/,,false,context_only_no_linkage_decision
LINK-CTGOV-NCT04364516-PMID-38579940,high_derived_reference,DERIVED,NCT04364516,REC-CTGOV-NCT04364516,A1,ctgov_a1_designpilot_20260710,Retrospective Observational Registry of Patients With Atrial Fibrillation From Vigo´s Health Area,Retrospective Observational Registry of Patients With Atrial Fibrillation From Vigo´s Health Area (Registro Observacional Retrospectivo de Pacientes Con Fibrilación Auricular Del Área de Vigo),UNKNOWN,OBSERVATIONAL,,15000,Atrial Fibrillation,DRUG:Anticoagulation,Hospital Álvaro Cunqueiro,https://clinicaltrials.gov/study/NCT04364516,"Abu-Assi E, Lizancos Castro A, Cespon-Fernandez M, Gonzalez-Bermudez I, Raposeiras Roubin S. Relative performance evaluation of four bleeding risk scores in atrial fibrillation patients. What does the new DOAC score provide? Int J Cardiol. 2024 Jul 15;407:132018. doi: 10.1016/j.ijcard.2024.132018. Epub 2024 Apr 3.",research/searches/A1/clinicaltrials/ctgov_a1_designpilot_20260710/page_001.json,38579940,REC-PUBMED-38579940,Relative performance evaluation of four bleeding risk scores in atrial fibrillation patients. What does the new DOAC score provide?,Abu-Assi E,2024,International journal of cardiology,10.1016/j.ijcard.2024.132018,https://pubmed.ncbi.nlm.nih.gov/38579940/,research/searches/A1/pubmed/pubmed_a1_designpilot_20260710/efetch_047.xml,true,context_only_no_linkage_decision
LINK-CTGOV-NCT04437303-PMID-39216096,high_derived_reference,DERIVED,NCT04437303,REC-CTGOV-NCT04437303,A1,ctgov_a1_designpilot_20260710,Periprocedural Continuation Versus Interruption of Oral Anticoagulant Drugs During Transcatheter Aortic Valve Implantation (POPular PAUSE TAVI),Periprocedural Continuation Versus Interruption of Oral Anticoagulant Drugs During Transcatheter Aortic Valve Implantation (POPular PAUSE TAVI),COMPLETED,INTERVENTIONAL,PHASE4,858,Aortic Valve Disease|Aortic Valve Stenosis|Stroke|Bleeding|Vascular Complications|Myocardial Infarction|Thrombosis Embolism,DRUG:Continuation of oral anticoagulants|DRUG:Interruption of oral anticoagulants,St. Antonius Hospital,https://clinicaltrials.gov/study/NCT04437303,"van Ginkel DJ, Bor WL, Aarts HM, Dubois C, De Backer O, Rooijakkers MJP, Rosseel L, Veenstra L, van der Kley F, van Bergeijk KH, Van Mieghem NM, Agostoni P, Voskuil M, Schotborgh CE, IJsselmuiden AJJ, Van Der Heyden JAS, Hermanides RS, Barbato E, Mylotte D, Fabris E, Frambach P, Dujardin K, Ferdinande B, Peper J, Rensing BJWM, Timmers L, Swaans MJ, Brouwer J, Nijenhuis VJ, Overduin DC, Adriaenssens T, Kobari Y, Vriesendorp PA, Montero-Cabezas JM, El Jattari H, Halim J, Van den Branden BJL, Leonora R, Vanderheyden M, Lauterbach M, Wykrzykowska JJ, van 't Hof AWJ, van Royen N, Tijssen JGP, Delewi R, Ten Berg JM; POPular PAUSE TAVI Investigators.; POPular PAUSE TAVI Investigators. Continuation versus Interruption of Oral Anticoagulation during TAVI. N Engl J Med. 2025 Jan 30;392(5):438-449. doi: 10.1056/NEJMoa2407794. Epub 2024 Aug 31.",research/searches/A1/clinicaltrials/ctgov_a1_designpilot_20260710/page_001.json,39216096,REC-PUBMED-39216096,,,,,,https://pubmed.ncbi.nlm.nih.gov/39216096/,,false,context_only_no_linkage_decision
LINK-CTGOV-NCT04437303-PMID-41128170,high_derived_reference,DERIVED,NCT04437303,REC-CTGOV-NCT04437303,A1,ctgov_a1_designpilot_20260710,Periprocedural Continuation Versus Interruption of Oral Anticoagulant Drugs During Transcatheter Aortic Valve Implantation (POPular PAUSE TAVI),Periprocedural Continuation Versus Interruption of Oral Anticoagulant Drugs During Transcatheter Aortic Valve Implantation (POPular PAUSE TAVI),COMPLETED,INTERVENTIONAL,PHASE4,858,Aortic Valve Disease|Aortic Valve Stenosis|Stroke|Bleeding|Vascular Complications|Myocardial Infarction|Thrombosis Embolism,DRUG:Continuation of oral anticoagulants|DRUG:Interruption of oral anticoagulants,St. Antonius Hospital,https://clinicaltrials.gov/study/NCT04437303,"van Bergeijk KH, Overduin DC, Venema CS, van Ginkel DJ, van der Werf HW, van den Heuvel AFM, Voors AA, Wykrzykowska JJ, Ten Berg JM. Sex Differences in Transcatheter Aortic Valve Implantation Outcomes in Patients on Oral Anticoagulants: A Popular PAUSE TAVI SubAnalysis. J Am Heart Assoc. 2025 Nov 4;14(21):e043448. doi: 10.1161/JAHA.125.043448. Epub 2025 Oct 23.",research/searches/A1/clinicaltrials/ctgov_a1_designpilot_20260710/page_001.json,41128170,REC-PUBMED-41128170,Sex Differences in Transcatheter Aortic Valve Implantation Outcomes in Patients on Oral Anticoagulants: A Popular PAUSE TAVI SubAnalysis.,van Bergeijk KH,2025,Journal of the American Heart Association,10.1161/jaha.125.043448,https://pubmed.ncbi.nlm.nih.gov/41128170/,research/searches/A1/pubmed/pubmed_a1_designpilot_20260710/efetch_043.xml,true,context_only_no_linkage_decision
LINK-CTGOV-NCT04505475-PMID-38580558,high_derived_reference,DERIVED,NCT04505475,REC-CTGOV-NCT04505475,A1,ctgov_a1_designpilot_20260710,Oral Surgery in Patients Taking Direct Oral Anticoagulants,Oral Surgery in Patients Taking Direct Oral Anticoagulants and Vitamin K Antagonists,COMPLETED,OBSERVATIONAL,,82,Anticoagulants and Bleeding Disorders|Surgery|Postoperative Hemorrhage|Dentoalveolar Haemorrhage,PROCEDURE:Oral surgical procedure followed by local hemostatic measures (insertion of gelatine sponge and wound suturing),University of Novi Sad,https://clinicaltrials.gov/study/NCT04505475,"Bajkin BV, Tadic AJ, Komsic JJ, Vuckovic BA. Risk of dentoalveolar surgery postoperative bleeding in patients taking direct oral anticoagulants and vitamin K antagonists: A prospective observational study. J Craniomaxillofac Surg. 2024 Jun;52(6):772-777. doi: 10.1016/j.jcms.2024.03.035. Epub 2024 Apr 1.",research/searches/A1/clinicaltrials/ctgov_a1_designpilot_20260710/page_001.json,38580558,REC-PUBMED-38580558,Risk of dentoalveolar surgery postoperative bleeding in patients taking direct oral anticoagulants and vitamin K antagonists: A prospective observational study.,Bajkin BV,2024,Journal of cranio-maxillo-facial surgery : official publication of the European Association for Cranio-Maxillo-Facial Surgery,10.1016/j.jcms.2024.03.035,https://pubmed.ncbi.nlm.nih.gov/38580558/,research/searches/A1/pubmed/pubmed_a1_designpilot_20260710/efetch_047.xml,true,context_only_no_linkage_decision
LINK-CTGOV-NCT04569279-PMID-12812581,manual_background_reference,BACKGROUND,NCT04569279,REC-CTGOV-NCT04569279,A1,ctgov_a1_designpilot_20260710,Rivaroxaban vs. Warfarin in CVT Treatment,Rivaroxaban Compared to Warfarin for Treatment of Cerebral Venous Thrombosis: a Randomized Controlled Trial,COMPLETED,INTERVENTIONAL,PHASE3,71,Cerebral Vein Thrombosis,DRUG:Rivaroxaban|DRUG:Warfarin,Damascus University,https://clinicaltrials.gov/study/NCT04569279,"Gloth FM 3rd, Scheve AA, Stober CV, Chow S, Prosser J. The Functional Pain Scale: reliability, validity, and responsiveness in an elderly population. J Am Med Dir Assoc. 2001 May-Jun;2(3):110-4.",research/searches/A1/clinicaltrials/ctgov_a1_designpilot_20260710/page_001.json,12812581,REC-PUBMED-12812581,,,,,,https://pubmed.ncbi.nlm.nih.gov/12812581/,,false,context_only_no_linkage_decision
LINK-CTGOV-NCT04569279-PMID-13432835,manual_background_reference,BACKGROUND,NCT04569279,REC-CTGOV-NCT04569279,A1,ctgov_a1_designpilot_20260710,Rivaroxaban vs. Warfarin in CVT Treatment,Rivaroxaban Compared to Warfarin for Treatment of Cerebral Venous Thrombosis: a Randomized Controlled Trial,COMPLETED,INTERVENTIONAL,PHASE3,71,Cerebral Vein Thrombosis,DRUG:Rivaroxaban|DRUG:Warfarin,Damascus University,https://clinicaltrials.gov/study/NCT04569279,RANKIN J. Cerebral vascular accidents in patients over the age of 60. II. Prognosis. Scott Med J. 1957 May;2(5):200-15. doi: 10.1177/003693305700200504. No abstract available.,research/searches/A1/clinicaltrials/ctgov_a1_designpilot_20260710/page_001.json,13432835,REC-PUBMED-13432835,,,,,,https://pubmed.ncbi.nlm.nih.gov/13432835/,,false,context_only_no_linkage_decision
LINK-CTGOV-NCT04569279-PMID-14258950,manual_background_reference,BACKGROUND,NCT04569279,REC-CTGOV-NCT04569279,A1,ctgov_a1_designpilot_20260710,Rivaroxaban vs. Warfarin in CVT Treatment,Rivaroxaban Compared to Warfarin for Treatment of Cerebral Venous Thrombosis: a Randomized Controlled Trial,COMPLETED,INTERVENTIONAL,PHASE3,71,Cerebral Vein Thrombosis,DRUG:Rivaroxaban|DRUG:Warfarin,Damascus University,https://clinicaltrials.gov/study/NCT04569279,"MAHONEY FI, BARTHEL DW. FUNCTIONAL EVALUATION: THE BARTHEL INDEX. Md State Med J. 1965 Feb;14:61-5. No abstract available.",research/searches/A1/clinicaltrials/ctgov_a1_designpilot_20260710/page_001.json,14258950,REC-PUBMED-14258950,,,,,,https://pubmed.ncbi.nlm.nih.gov/14258950/,,false,context_only_no_linkage_decision
LINK-CTGOV-NCT04569279-PMID-14976332,manual_background_reference,BACKGROUND,NCT04569279,REC-CTGOV-NCT04569279,A1,ctgov_a1_designpilot_20260710,Rivaroxaban vs. Warfarin in CVT Treatment,Rivaroxaban Compared to Warfarin for Treatment of Cerebral Venous Thrombosis: a Randomized Controlled Trial,COMPLETED,INTERVENTIONAL,PHASE3,71,Cerebral Vein Thrombosis,DRUG:Rivaroxaban|DRUG:Warfarin,Damascus University,https://clinicaltrials.gov/study/NCT04569279,"Ferro JM, Canhao P, Stam J, Bousser MG, Barinagarrementeria F; ISCVT Investigators. Prognosis of cerebral vein and dural sinus thrombosis: results of the International Study on Cerebral Vein and Dural Sinus Thrombosis (ISCVT). Stroke. 2004 Mar;35(3):664-70. doi: 10.1161/01.STR.0000117571.76197.26. Epub 2004 Feb 19.",research/searches/A1/clinicaltrials/ctgov_a1_designpilot_20260710/page_001.json,14976332,REC-PUBMED-14976332,,,,,,https://pubmed.ncbi.nlm.nih.gov/14976332/,,false,context_only_no_linkage_decision
LINK-CTGOV-NCT04569279-PMID-15273432,manual_background_reference,BACKGROUND,NCT04569279,REC-CTGOV-NCT04569279,A1,ctgov_a1_designpilot_20260710,Rivaroxaban vs. Warfarin in CVT Treatment,Rivaroxaban Compared to Warfarin for Treatment of Cerebral Venous Thrombosis: a Randomized Controlled Trial,COMPLETED,INTERVENTIONAL,PHASE3,71,Cerebral Vein Thrombosis,DRUG:Rivaroxaban|DRUG:Warfarin,Damascus University,https://clinicaltrials.gov/study/NCT04569279,"Schaller B, Graf R. Cerebral venous infarction: the pathophysiological concept. Cerebrovasc Dis. 2004;18(3):179-88. doi: 10.1159/000079939. Epub 2004 Jul 22.",research/searches/A1/clinicaltrials/ctgov_a1_designpilot_20260710/page_001.json,15273432,REC-PUBMED-15273432,,,,,,https://pubmed.ncbi.nlm.nih.gov/15273432/,,false,context_only_no_linkage_decision
LINK-CTGOV-NCT04569279-PMID-15842354,manual_background_reference,BACKGROUND,NCT04569279,REC-CTGOV-NCT04569279,A1,ctgov_a1_designpilot_20260710,Rivaroxaban vs. Warfarin in CVT Treatment,Rivaroxaban Compared to Warfarin for Treatment of Cerebral Venous Thrombosis: a Randomized Controlled Trial,COMPLETED,INTERVENTIONAL,PHASE3,71,Cerebral Vein Thrombosis,DRUG:Rivaroxaban|DRUG:Warfarin,Damascus University,https://clinicaltrials.gov/study/NCT04569279,"Schulman S, Kearon C; Subcommittee on Control of Anticoagulation of the Scientific and Standardization Committee of the International Society on Thrombosis and Haemostasis. Definition of major bleeding in clinical investigations of antihemostatic medicinal products in non-surgical patients. J Thromb Haemost. 2005 Apr;3(4):692-4. doi: 10.1111/j.1538-7836.2005.01204.x.",research/searches/A1/clinicaltrials/ctgov_a1_designpilot_20260710/page_001.json,15842354,REC-PUBMED-15842354,,,,,,https://pubmed.ncbi.nlm.nih.gov/15842354/,,false,context_only_no_linkage_decision
LINK-CTGOV-NCT04569279-PMID-16141966,manual_background_reference,BACKGROUND,NCT04569279,REC-CTGOV-NCT04569279,A1,ctgov_a1_designpilot_20260710,Rivaroxaban vs. Warfarin in CVT Treatment,Rivaroxaban Compared to Warfarin for Treatment of Cerebral Venous Thrombosis: a Randomized Controlled Trial,COMPLETED,INTERVENTIONAL,PHASE3,71,Cerebral Vein Thrombosis,DRUG:Rivaroxaban|DRUG:Warfarin,Damascus University,https://clinicaltrials.gov/study/NCT04569279,"Crassard I, Bousser MG. [Headache in patients with cerebral venous thrombosis]. Rev Neurol (Paris). 2005 Jul;161(6-7):706-8. doi: 10.1016/s0035-3787(05)85124-0. French.",research/searches/A1/clinicaltrials/ctgov_a1_designpilot_20260710/page_001.json,16141966,REC-PUBMED-16141966,,,,,,https://pubmed.ncbi.nlm.nih.gov/16141966/,,false,context_only_no_linkage_decision
LINK-CTGOV-NCT04569279-PMID-1679154,manual_background_reference,BACKGROUND,NCT04569279,REC-CTGOV-NCT04569279,A1,ctgov_a1_designpilot_20260710,Rivaroxaban vs. Warfarin in CVT Treatment,Rivaroxaban Compared to Warfarin for Treatment of Cerebral Venous Thrombosis: a Randomized Controlled Trial,COMPLETED,INTERVENTIONAL,PHASE3,71,Cerebral Vein Thrombosis,DRUG:Rivaroxaban|DRUG:Warfarin,Damascus University,https://clinicaltrials.gov/study/NCT04569279,"Einhaupl KM, Villringer A, Meister W, Mehraein S, Garner C, Pellkofer M, Haberl RL, Pfister HW, Schmiedek P. Heparin treatment in sinus venous thrombosis. Lancet. 1991 Sep 7;338(8767):597-600. doi: 10.1016/0140-6736(91)90607-q.",research/searches/A1/clinicaltrials/ctgov_a1_designpilot_20260710/page_001.json,1679154,REC-PUBMED-1679154,,,,,,https://pubmed.ncbi.nlm.nih.gov/1679154/,,false,context_only_no_linkage_decision
LINK-CTGOV-NCT04569279-PMID-19139080,manual_background_reference,BACKGROUND,NCT04569279,REC-CTGOV-NCT04569279,A1,ctgov_a1_designpilot_20260710,Rivaroxaban vs. Warfarin in CVT Treatment,Rivaroxaban Compared to Warfarin for Treatment of Cerebral Venous Thrombosis: a Randomized Controlled Trial,COMPLETED,INTERVENTIONAL,PHASE3,71,Cerebral Vein Thrombosis,DRUG:Rivaroxaban|DRUG:Warfarin,Damascus University,https://clinicaltrials.gov/study/NCT04569279,"Lijfering WM, Brouwer JL, Veeger NJ, Bank I, Coppens M, Middeldorp S, Hamulyak K, Prins MH, Buller HR, van der Meer J. Selective testing for thrombophilia in patients with first venous thrombosis: results from a retrospective family cohort study on absolute thrombotic risk for currently known thrombophilic defects in 2479 relatives. Blood. 2009 May 21;113(21):5314-22. doi: 10.1182/blood-2008-10-184879. Epub 2009 Jan 12.",research/searches/A1/clinicaltrials/ctgov_a1_designpilot_20260710/page_001.json,19139080,REC-PUBMED-19139080,,,,,,https://pubmed.ncbi.nlm.nih.gov/19139080/,,false,context_only_no_linkage_decision
LINK-CTGOV-NCT04569279-PMID-20547928,manual_background_reference,BACKGROUND,NCT04569279,REC-CTGOV-NCT04569279,A1,ctgov_a1_designpilot_20260710,Rivaroxaban vs. Warfarin in CVT Treatment,Rivaroxaban Compared to Warfarin for Treatment of Cerebral Venous Thrombosis: a Randomized Controlled Trial,COMPLETED,INTERVENTIONAL,PHASE3,71,Cerebral Vein Thrombosis,DRUG:Rivaroxaban|DRUG:Warfarin,Damascus University,https://clinicaltrials.gov/study/NCT04569279,"Martinelli I, Bucciarelli P, Passamonti SM, Battaglioli T, Previtali E, Mannucci PM. Long-term evaluation of the risk of recurrence after cerebral sinus-venous thrombosis. Circulation. 2010 Jun 29;121(25):2740-6. doi: 10.1161/CIRCULATIONAHA.109.927046. Epub 2010 Jun 14.",research/searches/A1/clinicaltrials/ctgov_a1_designpilot_20260710/page_001.json,20547928,REC-PUBMED-20547928,,,,,,https://pubmed.ncbi.nlm.nih.gov/20547928/,,false,context_only_no_linkage_decision
LINK-CTGOV-NCT04569279-PMID-21293023,manual_background_reference,BACKGROUND,NCT04569279,REC-CTGOV-NCT04569279,A1,ctgov_a1_designpilot_20260710,Rivaroxaban vs. Warfarin in CVT Treatment,Rivaroxaban Compared to Warfarin for Treatment of Cerebral Venous Thrombosis: a Randomized Controlled Trial,COMPLETED,INTERVENTIONAL,PHASE3,71,Cerebral Vein Thrombosis,DRUG:Rivaroxaban|DRUG:Warfarin,Damascus University,https://clinicaltrials.gov/study/NCT04569279,"Saposnik G, Barinagarrementeria F, Brown RD Jr, Bushnell CD, Cucchiara B, Cushman M, deVeber G, Ferro JM, Tsai FY; American Heart Association Stroke Council and the Council on Epidemiology and Prevention. Diagnosis and management of cerebral venous thrombosis: a statement for healthcare professionals from the American Heart Association/American Stroke Association. Stroke. 2011 Apr;42(4):1158-92. doi: 10.1161/STR.0b013e31820a8364. Epub 2011 Feb 3.",research/searches/A1/clinicaltrials/ctgov_a1_designpilot_20260710/page_001.json,21293023,REC-PUBMED-21293023,,,,,,https://pubmed.ncbi.nlm.nih.gov/21293023/,,false,context_only_no_linkage_decision
LINK-CTGOV-NCT04569279-PMID-21833941,manual_background_reference,BACKGROUND,NCT04569279,REC-CTGOV-NCT04569279,A1,ctgov_a1_designpilot_20260710,Rivaroxaban vs. Warfarin in CVT Treatment,Rivaroxaban Compared to Warfarin for Treatment of Cerebral Venous Thrombosis: a Randomized Controlled Trial,COMPLETED,INTERVENTIONAL,PHASE3,71,Cerebral Vein Thrombosis,DRUG:Rivaroxaban|DRUG:Warfarin,Damascus University,https://clinicaltrials.gov/study/NCT04569279,"Coutinho J, de Bruijn SF, Deveber G, Stam J. Anticoagulation for cerebral venous sinus thrombosis. Cochrane Database Syst Rev. 2011 Aug 10;2011(8):CD002005. doi: 10.1002/14651858.CD002005.pub2.",research/searches/A1/clinicaltrials/ctgov_a1_designpilot_20260710/page_001.json,21833941,REC-PUBMED-21833941,,,,,,https://pubmed.ncbi.nlm.nih.gov/21833941/,,false,context_only_no_linkage_decision
LINK-CTGOV-NCT04569279-PMID-22315269,manual_background_reference,BACKGROUND,NCT04569279,REC-CTGOV-NCT04569279,A1,ctgov_a1_designpilot_20260710,Rivaroxaban vs. Warfarin in CVT Treatment,Rivaroxaban Compared to Warfarin for Treatment of Cerebral Venous Thrombosis: a Randomized Controlled Trial,COMPLETED,INTERVENTIONAL,PHASE3,71,Cerebral Vein Thrombosis,DRUG:Rivaroxaban|DRUG:Warfarin,Damascus University,https://clinicaltrials.gov/study/NCT04569279,"Ageno W, Gallus AS, Wittkowsky A, Crowther M, Hylek EM, Palareti G. Oral anticoagulant therapy: Antithrombotic Therapy and Prevention of Thrombosis, 9th ed: American College of Chest Physicians Evidence-Based Clinical Practice Guidelines. Chest. 2012 Feb;141(2 Suppl):e44S-e88S. doi: 10.1378/chest.11-2292.",research/searches/A1/clinicaltrials/ctgov_a1_designpilot_20260710/page_001.json,22315269,REC-PUBMED-22315269,"Oral anticoagulant therapy: Antithrombotic Therapy and Prevention of Thrombosis, 9th ed: American College of Chest Physicians Evidence-Based Clinical Practice Guidelines.",Ageno W,2012,Chest,10.1378/chest.11-2292,https://pubmed.ncbi.nlm.nih.gov/22315269/,research/searches/A1/pubmed/pubmed_a1_designpilot_20260710/efetch_038.xml,true,context_only_no_linkage_decision
LINK-CTGOV-NCT04569279-PMID-23701516,manual_background_reference,BACKGROUND,NCT04569279,REC-CTGOV-NCT04569279,A1,ctgov_a1_designpilot_20260710,Rivaroxaban vs. Warfarin in CVT Treatment,Rivaroxaban Compared to Warfarin for Treatment of Cerebral Venous Thrombosis: a Randomized Controlled Trial,COMPLETED,INTERVENTIONAL,PHASE3,71,Cerebral Vein Thrombosis,DRUG:Rivaroxaban|DRUG:Warfarin,Damascus University,https://clinicaltrials.gov/study/NCT04569279,"Sarich TC, Peters G, Berkowitz SD, Misselwitz F, Nessel CC, Burton P, Cook-Bruns N, Lensing AW, Haskell L, Perzborn E, Kubitza D, Moore KT, Jalota S, Weber J, Pan G, Sun X, Westermeier T, Nadel A, Oppenheimer L, DiBattiste PM. Rivaroxaban: a novel oral anticoagulant for the prevention and treatment of several thrombosis-mediated conditions. Ann N Y Acad Sci. 2013 Jul;1291:42-55. doi: 10.1111/nyas.12136. Epub 2013 May 23.",research/searches/A1/clinicaltrials/ctgov_a1_designpilot_20260710/page_001.json,23701516,REC-PUBMED-23701516,Rivaroxaban: a novel oral anticoagulant for the prevention and treatment of several thrombosis-mediated conditions.,Sarich TC,2013,Annals of the New York Academy of Sciences,10.1111/nyas.12136,https://pubmed.ncbi.nlm.nih.gov/23701516/,research/searches/A1/pubmed/pubmed_a1_designpilot_20260710/efetch_035.xml,true,context_only_no_linkage_decision
LINK-CTGOV-NCT04569279-PMID-24699485,manual_background_reference,BACKGROUND,NCT04569279,REC-CTGOV-NCT04569279,A1,ctgov_a1_designpilot_20260710,Rivaroxaban vs. Warfarin in CVT Treatment,Rivaroxaban Compared to Warfarin for Treatment of Cerebral Venous Thrombosis: a Randomized Controlled Trial,COMPLETED,INTERVENTIONAL,PHASE3,71,Cerebral Vein Thrombosis,DRUG:Rivaroxaban|DRUG:Warfarin,Damascus University,https://clinicaltrials.gov/study/NCT04569279,"Bushnell C, Saposnik G. Evaluation and management of cerebral venous thrombosis. Continuum (Minneap Minn). 2014 Apr;20(2 Cerebrovascular Disease):335-51. doi: 10.1212/01.CON.0000446105.67173.a8.",research/searches/A1/clinicaltrials/ctgov_a1_designpilot_20260710/page_001.json,24699485,REC-PUBMED-24699485,,,,,,https://pubmed.ncbi.nlm.nih.gov/24699485/,,false,context_only_no_linkage_decision
LINK-CTGOV-NCT04569279-PMID-25070963,manual_background_reference,BACKGROUND,NCT04569279,REC-CTGOV-NCT04569279,A1,ctgov_a1_designpilot_20260710,Rivaroxaban vs. Warfarin in CVT Treatment,Rivaroxaban Compared to Warfarin for Treatment of Cerebral Venous Thrombosis: a Randomized Controlled Trial,COMPLETED,INTERVENTIONAL,PHASE3,71,Cerebral Vein Thrombosis,DRUG:Rivaroxaban|DRUG:Warfarin,Damascus University,https://clinicaltrials.gov/study/NCT04569279,"Geisbusch C, Richter D, Herweh C, Ringleb PA, Nagel S. Novel factor xa inhibitor for the treatment of cerebral venous and sinus thrombosis: first experience in 7 patients. Stroke. 2014 Aug;45(8):2469-71. doi: 10.1161/STROKEAHA.114.006167. Epub 2014 Jun 24.",research/searches/A1/clinicaltrials/ctgov_a1_designpilot_20260710/page_001.json,25070963,REC-PUBMED-25070963,Novel factor xa inhibitor for the treatment of cerebral venous and sinus thrombosis: first experience in 7 patients.,Geisbüsch C,2014,Stroke,10.1161/strokeaha.114.006167,https://pubmed.ncbi.nlm.nih.gov/25070963/,research/searches/A1/pubmed/pubmed_a1_designpilot_20260710/efetch_032.xml,true,context_only_no_linkage_decision
LINK-CTGOV-NCT04569279-PMID-40376280,high_derived_reference,DERIVED,NCT04569279,REC-CTGOV-NCT04569279,A1,ctgov_a1_designpilot_20260710,Rivaroxaban vs. Warfarin in CVT Treatment,Rivaroxaban Compared to Warfarin for Treatment of Cerebral Venous Thrombosis: a Randomized Controlled Trial,COMPLETED,INTERVENTIONAL,PHASE3,71,Cerebral Vein Thrombosis,DRUG:Rivaroxaban|DRUG:Warfarin,Damascus University,https://clinicaltrials.gov/study/NCT04569279,"Alkhawam A, Okar L, Hanafi I, Murin P, Ibrahim A, Isstaif J, Khashaneh E, Morsi RZ, Kass-Hout T. Rivaroxaban Versus Warfarin for the Treatment of Cerebral Venous Thrombosis (RWCVT): A Randomized Controlled Trial in Resource-Limited Setting. Stroke Res Treat. 2025 May 5;2025:8893742. doi: 10.1155/srat/8893742. eCollection 2025.",research/searches/A1/clinicaltrials/ctgov_a1_designpilot_20260710/page_001.json,40376280,REC-PUBMED-40376280,Rivaroxaban Versus Warfarin for the Treatment of Cerebral Venous Thrombosis (RWCVT): A Randomized Controlled Trial in Resource-Limited Setting.,Alkhawam A,2025,Stroke research and treatment,10.1155/srat/8893742,https://pubmed.ncbi.nlm.nih.gov/40376280/,research/searches/A1/pubmed/pubmed_a1_designpilot_20260710/efetch_044.xml,true,context_only_no_linkage_decision
LINK-CTGOV-NCT04569279-PMID-7062066,manual_background_reference,BACKGROUND,NCT04569279,REC-CTGOV-NCT04569279,A1,ctgov_a1_designpilot_20260710,Rivaroxaban vs. Warfarin in CVT Treatment,Rivaroxaban Compared to Warfarin for Treatment of Cerebral Venous Thrombosis: a Randomized Controlled Trial,COMPLETED,INTERVENTIONAL,PHASE3,71,Cerebral Vein Thrombosis,DRUG:Rivaroxaban|DRUG:Warfarin,Damascus University,https://clinicaltrials.gov/study/NCT04569279,Frisen L. Swelling of the optic nerve head: a staging scheme. J Neurol Neurosurg Psychiatry. 1982 Jan;45(1):13-8. doi: 10.1136/jnnp.45.1.13.,research/searches/A1/clinicaltrials/ctgov_a1_designpilot_20260710/page_001.json,7062066,REC-PUBMED-7062066,,,,,,https://pubmed.ncbi.nlm.nih.gov/7062066/,,false,context_only_no_linkage_decision
LINK-CTGOV-NCT04614090-PMID-29945596,critical_result_reference,RESULT,NCT04614090,REC-CTGOV-NCT04614090,A1,ctgov_a1_designpilot_20260710,Fast Reversal of Warfarin and Early Surgery in Patients With Trochanteric Hip Fracture A Case-control Study,Is Fast Reversal and Early Surgery (Within 24 h) in Patients on Warfarin Medication With Trochanteric Hip Fractures Safe: A Case-control Study,COMPLETED,OBSERVATIONAL,,198,Trochanteric Hip Fractures|Warfarin Medication|Early Surgery,,Karolinska Institutet,https://clinicaltrials.gov/study/NCT04614090,"Mattisson L, Lapidus LJ, Enocson A. Is fast reversal and early surgery (within 24 h) in patients on warfarin medication with trochanteric hip fractures safe? A case-control study. BMC Musculoskelet Disord. 2018 Jun 26;19(1):203. doi: 10.1186/s12891-018-2126-3.",research/searches/A1/clinicaltrials/ctgov_a1_designpilot_20260710/page_001.json,29945596,REC-PUBMED-29945596,Is fast reversal and early surgery (within 24 h) in patients on warfarin medication with trochanteric hip fractures safe? A case-control study.,Mattisson L,2018,BMC musculoskeletal disorders,10.1186/s12891-018-2126-3,https://pubmed.ncbi.nlm.nih.gov/29945596/,research/searches/A1/pubmed/pubmed_a1_designpilot_20260710/efetch_018.xml,true,context_only_no_linkage_decision
LINK-CTGOV-NCT04730037-PMID-31200342,manual_background_reference,BACKGROUND,NCT04730037,REC-CTGOV-NCT04730037,A1,ctgov_a1_designpilot_20260710,Clinical Trial to Investigate Safety and Efficacy of Edoxaban in Patients With CTEPH (KABUKI),"An Investigator-initiated, Multicenter, Phase 3, Randomized, Single-blind, Double-dummy, Parallel-group Study of Evaluate the Efficacy and Safety of Edoxaban Versus Warfarin (Vitamin K Antagonist) in Subjects With Chronic Thromboembolic Pulmonary Hypertension Taking Warfarin (Vitamin K Antagonist) at Baseline: KABUKI",COMPLETED,INTERVENTIONAL,PHASE3,74,CTEPH,DRUG:Edoxaban|DRUG:Warfarin Potassium|DRUG:Warfarin Potassium placebo|DRUG:Edoxaban placebo,Kyushu University,https://clinicaltrials.gov/study/NCT04730037,"Hosokawa K, Abe K, Tsutsui H. Use of direct oral anticoagulants prevents increase in pulmonary vascular resistance and incidence of clinical worsening in patients with chronic thromboembolic pulmonary hypertension. Thromb Res. 2019 Aug;180:43-46. doi: 10.1016/j.thromres.2019.05.018. Epub 2019 May 31. No abstract available.",research/searches/A1/clinicaltrials/ctgov_a1_designpilot_20260710/page_001.json,31200342,REC-PUBMED-31200342,,,,,,https://pubmed.ncbi.nlm.nih.gov/31200342/,,false,context_only_no_linkage_decision
LINK-CTGOV-NCT04730037-PMID-37070473,high_derived_reference,DERIVED,NCT04730037,REC-CTGOV-NCT04730037,A1,ctgov_a1_designpilot_20260710,Clinical Trial to Investigate Safety and Efficacy of Edoxaban in Patients With CTEPH (KABUKI),"An Investigator-initiated, Multicenter, Phase 3, Randomized, Single-blind, Double-dummy, Parallel-group Study of Evaluate the Efficacy and Safety of Edoxaban Versus Warfarin (Vitamin K Antagonist) in Subjects With Chronic Thromboembolic Pulmonary Hypertension Taking Warfarin (Vitamin K Antagonist) at Baseline: KABUKI",COMPLETED,INTERVENTIONAL,PHASE3,74,CTEPH,DRUG:Edoxaban|DRUG:Warfarin Potassium|DRUG:Warfarin Potassium placebo|DRUG:Edoxaban placebo,Kyushu University,https://clinicaltrials.gov/study/NCT04730037,"Hosokawa K, Abe K, Kishimoto J, Kobayakawa Y, Todaka K, Tamura Y, Tatsumi K, Inami T, Ikeda N, Taniguchi Y, Minatsuki S, Murohara T, Yasuda S, Fukuda K, Tsutsui H. Efficacy and safety of edoxaban in patients with chronic thromboembolic pulmonary hypertension: protocol for a multicentre, randomised, warfarin-controlled, parallel group trial - KABUKI trial. BMJ Open. 2022 Jul 19;12(7):e061225. doi: 10.1136/bmjopen-2022-061225.",research/searches/A1/clinicaltrials/ctgov_a1_designpilot_20260710/page_001.json,37070473,REC-PUBMED-37070473,"Efficacy and safety of edoxaban in patients with chronic thromboembolic pulmonary hypertension: protocol for a multicentre, randomised, warfarin-controlled, parallel group trial - KABUKI trial.",Hosokawa K,2022,BMJ open,10.1136/bmjopen-2022-061225,https://pubmed.ncbi.nlm.nih.gov/37070473/,research/searches/A1/pubmed/pubmed_a1_designpilot_20260710/efetch_050.xml,true,context_only_no_linkage_decision
LINK-CTGOV-NCT05229952-PMID-37312251,critical_result_reference,RESULT,NCT05229952,REC-CTGOV-NCT05229952,B1|B3,ctgov_b1_designpilot_20260710|ctgov_b3_designpilot_20260710,Assessment of Endogenous Oxalate Synthesis,Assessment of Endogenous Oxalate Synthesis,COMPLETED,INTERVENTIONAL,NA,23,Healthy|Kidney Stone|Obesity,"DIETARY_SUPPLEMENT:Low-oxalate controlled diet|OTHER:Primed, continuous intravenous infusion of 13C2-oxalate",University of Alabama at Birmingham,https://clinicaltrials.gov/study/NCT05229952,"Fargue S, Wood KD, Crivelli JJ, Assimos DG, Oster RA, Knight J. Endogenous Oxalate Synthesis and Urinary Oxalate Excretion. J Am Soc Nephrol. 2023 Sep 1;34(9):1505-1507. doi: 10.1681/ASN.0000000000000176. Epub 2023 Jun 14. No abstract available.",research/searches/B1/clinicaltrials/ctgov_b1_designpilot_20260710/page_001.json,37312251,REC-PUBMED-37312251,,,,,,https://pubmed.ncbi.nlm.nih.gov/37312251/,,false,context_only_no_linkage_decision
LINK-CTGOV-NCT05609500-PMID-15947090,manual_background_reference,BACKGROUND,NCT05609500,REC-CTGOV-NCT05609500,A1,ctgov_a1_designpilot_20260710,Warfarin Dosage Adjustment Model Analysis Study,Warfarin Dosage Adjustment for Outside Therapeutic Range: a Linear Regression Model Analysis,UNKNOWN,OBSERVATIONAL,,1200,Warfarin,BEHAVIORAL:Warfarin dosage adjustment model,Chinese University of Hong Kong,https://clinicaltrials.gov/study/NCT05609500,"Sconce EA, Khan TI, Wynne HA, Avery P, Monkhouse L, King BP, Wood P, Kesteven P, Daly AK, Kamali F. The impact of CYP2C9 and VKORC1 genetic polymorphism and patient characteristics upon warfarin dose requirements: proposal for a new dosing regimen. Blood. 2005 Oct 1;106(7):2329-33. doi: 10.1182/blood-2005-03-1108. Epub 2005 Jun 9.",research/searches/A1/clinicaltrials/ctgov_a1_designpilot_20260710/page_001.json,15947090,REC-PUBMED-15947090,,,,,,https://pubmed.ncbi.nlm.nih.gov/15947090/,,false,context_only_no_linkage_decision
LINK-CTGOV-NCT05609500-PMID-17989110,manual_background_reference,BACKGROUND,NCT05609500,REC-CTGOV-NCT05609500,A1,ctgov_a1_designpilot_20260710,Warfarin Dosage Adjustment Model Analysis Study,Warfarin Dosage Adjustment for Outside Therapeutic Range: a Linear Regression Model Analysis,UNKNOWN,OBSERVATIONAL,,1200,Warfarin,BEHAVIORAL:Warfarin dosage adjustment model,Chinese University of Hong Kong,https://clinicaltrials.gov/study/NCT05609500,"Anderson JL, Horne BD, Stevens SM, Grove AS, Barton S, Nicholas ZP, Kahn SF, May HT, Samuelson KM, Muhlestein JB, Carlquist JF; Couma-Gen Investigators. Randomized trial of genotype-guided versus standard warfarin dosing in patients initiating oral anticoagulation. Circulation. 2007 Nov 27;116(22):2563-70. doi: 10.1161/CIRCULATIONAHA.107.737312. Epub 2007 Nov 7.",research/searches/A1/clinicaltrials/ctgov_a1_designpilot_20260710/page_001.json,17989110,REC-PUBMED-17989110,,,,,,https://pubmed.ncbi.nlm.nih.gov/17989110/,,false,context_only_no_linkage_decision
LINK-CTGOV-NCT05609500-PMID-18305455,manual_background_reference,BACKGROUND,NCT05609500,REC-CTGOV-NCT05609500,A1,ctgov_a1_designpilot_20260710,Warfarin Dosage Adjustment Model Analysis Study,Warfarin Dosage Adjustment for Outside Therapeutic Range: a Linear Regression Model Analysis,UNKNOWN,OBSERVATIONAL,,1200,Warfarin,BEHAVIORAL:Warfarin dosage adjustment model,Chinese University of Hong Kong,https://clinicaltrials.gov/study/NCT05609500,"Gage BF, Eby C, Johnson JA, Deych E, Rieder MJ, Ridker PM, Milligan PE, Grice G, Lenzini P, Rettie AE, Aquilante CL, Grosso L, Marsh S, Langaee T, Farnett LE, Voora D, Veenstra DL, Glynn RJ, Barrett A, McLeod HL. Use of pharmacogenetic and clinical factors to predict the therapeutic dose of warfarin. Clin Pharmacol Ther. 2008 Sep;84(3):326-31. doi: 10.1038/clpt.2008.10. Epub 2008 Feb 27.",research/searches/A1/clinicaltrials/ctgov_a1_designpilot_20260710/page_001.json,18305455,REC-PUBMED-18305455,,,,,,https://pubmed.ncbi.nlm.nih.gov/18305455/,,false,context_only_no_linkage_decision
LINK-CTGOV-NCT05609500-PMID-19228618,manual_background_reference,BACKGROUND,NCT05609500,REC-CTGOV-NCT05609500,A1,ctgov_a1_designpilot_20260710,Warfarin Dosage Adjustment Model Analysis Study,Warfarin Dosage Adjustment for Outside Therapeutic Range: a Linear Regression Model Analysis,UNKNOWN,OBSERVATIONAL,,1200,Warfarin,BEHAVIORAL:Warfarin dosage adjustment model,Chinese University of Hong Kong,https://clinicaltrials.gov/study/NCT05609500,"International Warfarin Pharmacogenetics Consortium; Klein TE, Altman RB, Eriksson N, Gage BF, Kimmel SE, Lee MT, Limdi NA, Page D, Roden DM, Wagner MJ, Caldwell MD, Johnson JA. Estimation of the warfarin dose with clinical and pharmacogenetic data. N Engl J Med. 2009 Feb 19;360(8):753-64. doi: 10.1056/NEJMoa0809329.",research/searches/A1/clinicaltrials/ctgov_a1_designpilot_20260710/page_001.json,19228618,REC-PUBMED-19228618,,,,,,https://pubmed.ncbi.nlm.nih.gov/19228618/,,false,context_only_no_linkage_decision
LINK-CTGOV-NCT05609500-PMID-20375999,manual_background_reference,BACKGROUND,NCT05609500,REC-CTGOV-NCT05609500,A1,ctgov_a1_designpilot_20260710,Warfarin Dosage Adjustment Model Analysis Study,Warfarin Dosage Adjustment for Outside Therapeutic Range: a Linear Regression Model Analysis,UNKNOWN,OBSERVATIONAL,,1200,Warfarin,BEHAVIORAL:Warfarin dosage adjustment model,Chinese University of Hong Kong,https://clinicaltrials.gov/study/NCT05609500,"Lenzini P, Wadelius M, Kimmel S, Anderson JL, Jorgensen AL, Pirmohamed M, Caldwell MD, Limdi N, Burmester JK, Dowd MB, Angchaisuksiri P, Bass AR, Chen J, Eriksson N, Rane A, Lindh JD, Carlquist JF, Horne BD, Grice G, Milligan PE, Eby C, Shin J, Kim H, Kurnik D, Stein CM, McMillin G, Pendleton RC, Berg RL, Deloukas P, Gage BF. Integration of genetic, clinical, and INR data to refine warfarin dosing. Clin Pharmacol Ther. 2010 May;87(5):572-8. doi: 10.1038/clpt.2010.13. Epub 2010 Apr 7.",research/searches/A1/clinicaltrials/ctgov_a1_designpilot_20260710/page_001.json,20375999,REC-PUBMED-20375999,"Integration of genetic, clinical, and INR data to refine warfarin dosing.",Lenzini P,2010,Clinical pharmacology and therapeutics,10.1038/clpt.2010.13,https://pubmed.ncbi.nlm.nih.gov/20375999/,research/searches/A1/pubmed/pubmed_a1_designpilot_20260710/efetch_041.xml,true,context_only_no_linkage_decision
LINK-CTGOV-NCT05609500-PMID-26093875,manual_background_reference,BACKGROUND,NCT05609500,REC-CTGOV-NCT05609500,A1,ctgov_a1_designpilot_20260710,Warfarin Dosage Adjustment Model Analysis Study,Warfarin Dosage Adjustment for Outside Therapeutic Range: a Linear Regression Model Analysis,UNKNOWN,OBSERVATIONAL,,1200,Warfarin,BEHAVIORAL:Warfarin dosage adjustment model,Chinese University of Hong Kong,https://clinicaltrials.gov/study/NCT05609500,"Pokorney SD, Simon DN, Thomas L, Fonarow GC, Kowey PR, Chang P, Singer DE, Ansell J, Blanco RG, Gersh B, Mahaffey KW, Hylek EM, Go AS, Piccini JP, Peterson ED; Outcomes Registry for Better Informed Treatment of Atrial Fibrillation (ORBIT-AF) Investigators. Patients' time in therapeutic range on warfarin among US patients with atrial fibrillation: Results from ORBIT-AF registry. Am Heart J. 2015 Jul;170(1):141-8, 148.e1. doi: 10.1016/j.ahj.2015.03.017. Epub 2015 Apr 1.",research/searches/A1/clinicaltrials/ctgov_a1_designpilot_20260710/page_001.json,26093875,REC-PUBMED-26093875,,,,,,https://pubmed.ncbi.nlm.nih.gov/26093875/,,false,context_only_no_linkage_decision
LINK-CTGOV-NCT05609500-PMID-28198005,manual_background_reference,BACKGROUND,NCT05609500,REC-CTGOV-NCT05609500,A1,ctgov_a1_designpilot_20260710,Warfarin Dosage Adjustment Model Analysis Study,Warfarin Dosage Adjustment for Outside Therapeutic Range: a Linear Regression Model Analysis,UNKNOWN,OBSERVATIONAL,,1200,Warfarin,BEHAVIORAL:Warfarin dosage adjustment model,Chinese University of Hong Kong,https://clinicaltrials.gov/study/NCT05609500,"Johnson JA, Caudle KE, Gong L, Whirl-Carrillo M, Stein CM, Scott SA, Lee MT, Gage BF, Kimmel SE, Perera MA, Anderson JL, Pirmohamed M, Klein TE, Limdi NA, Cavallari LH, Wadelius M. Clinical Pharmacogenetics Implementation Consortium (CPIC) Guideline for Pharmacogenetics-Guided Warfarin Dosing: 2017 Update. Clin Pharmacol Ther. 2017 Sep;102(3):397-404. doi: 10.1002/cpt.668. Epub 2017 Apr 4.",research/searches/A1/clinicaltrials/ctgov_a1_designpilot_20260710/page_001.json,28198005,REC-PUBMED-28198005,,,,,,https://pubmed.ncbi.nlm.nih.gov/28198005/,,false,context_only_no_linkage_decision
LINK-CTGOV-NCT05825573-PMID-32273033,manual_background_reference,BACKGROUND,NCT05825573,REC-CTGOV-NCT05825573,A1,ctgov_a1_designpilot_20260710,Anticoagulation Therapy in Non-device-related Intra-cardiac Thrombus,Anticoagulant Regimens Given to Achieve Thrombus Regression and Reduce Clinical Outcomes Among Patients With Non Device-related Intra-cardiac Thrombus: a Randomized Assessment Under Direct Oral Anticoagulant and Vitamin-k Antagonist Therapy,ACTIVE_NOT_RECRUITING,INTERVENTIONAL,PHASE3,340,Intracardiac Thrombus|STEMI|Heart Failure,DRUG:Vitamin K antagonist|DRUG:Direct oral anticoagulant,Centre Hospitalier Universitaire de Nīmes,https://clinicaltrials.gov/study/NCT05825573,"Lattuca B, Bouziri N, Kerneis M, Portal JJ, Zhou J, Hauguel-Moreau M, Mameri A, Zeitouni M, Guedeney P, Hammoudi N, Isnard R, Pousset F, Collet JP, Vicaut E, Montalescot G, Silvain J; ACTION Study Group. Antithrombotic Therapy for Patients With Left Ventricular Mural Thrombus. J Am Coll Cardiol. 2020 Apr 14;75(14):1676-1685. doi: 10.1016/j.jacc.2020.01.057.",research/searches/A1/clinicaltrials/ctgov_a1_designpilot_20260710/page_001.json,32273033,REC-PUBMED-32273033,Antithrombotic Therapy for Patients With Left Ventricular Mural Thrombus.,Lattuca B,2020,Journal of the American College of Cardiology,10.1016/j.jacc.2020.01.057,https://pubmed.ncbi.nlm.nih.gov/32273033/,research/searches/A1/pubmed/pubmed_a1_designpilot_20260710/efetch_060.xml,true,context_only_no_linkage_decision
LINK-CTGOV-NCT06199102-PMID-10690569,manual_background_reference,BACKGROUND,NCT06199102,REC-CTGOV-NCT06199102,B2,ctgov_b2_designpilot_20260710,The High Initial Dose of Monitored Vitamin D Supplementation in Preterm Infants.,The High Initial Dose of Monitored Vitamin D Supplementation in Preterm Infants. A Randomized Controlled Study.,NOT_YET_RECRUITING,INTERVENTIONAL,NA,130,Vitamin D Deficiency|Osteopenia of Prematurity|Nephrolithiasis|Metabolic Bone Disease|Late-Onset Neonatal Sepsis,DIETARY_SUPPLEMENT:cholecalciferol/ Devikap|DIETARY_SUPPLEMENT:cholecalciferol/ Devikap,"Princess Anna Mazowiecka Hospital, Warsaw, Poland",https://clinicaltrials.gov/study/NCT06199102,"Rigo J, De Curtis M, Pieltain C, Picaud JC, Salle BL, Senterre J. Bone mineral metabolism in the micropremie. Clin Perinatol. 2000 Mar;27(1):147-70. doi: 10.1016/s0095-5108(05)70011-7.",research/searches/B2/clinicaltrials/ctgov_b2_designpilot_20260710/page_001.json,10690569,REC-PUBMED-10690569,,,,,,https://pubmed.ncbi.nlm.nih.gov/10690569/,,false,context_only_no_linkage_decision
LINK-CTGOV-NCT06199102-PMID-15857558,manual_background_reference,BACKGROUND,NCT06199102,REC-CTGOV-NCT06199102,B2,ctgov_b2_designpilot_20260710,The High Initial Dose of Monitored Vitamin D Supplementation in Preterm Infants.,The High Initial Dose of Monitored Vitamin D Supplementation in Preterm Infants. A Randomized Controlled Study.,NOT_YET_RECRUITING,INTERVENTIONAL,NA,130,Vitamin D Deficiency|Osteopenia of Prematurity|Nephrolithiasis|Metabolic Bone Disease|Late-Onset Neonatal Sepsis,DIETARY_SUPPLEMENT:cholecalciferol/ Devikap|DIETARY_SUPPLEMENT:cholecalciferol/ Devikap,"Princess Anna Mazowiecka Hospital, Warsaw, Poland",https://clinicaltrials.gov/study/NCT06199102,Haque KN. Definitions of bloodstream infection in the newborn. Pediatr Crit Care Med. 2005 May;6(3 Suppl):S45-9. doi: 10.1097/01.PCC.0000161946.73305.0A.,research/searches/B2/clinicaltrials/ctgov_b2_designpilot_20260710/page_001.json,15857558,REC-PUBMED-15857558,,,,,,https://pubmed.ncbi.nlm.nih.gov/15857558/,,false,context_only_no_linkage_decision
LINK-CTGOV-NCT06199102-PMID-16140692,manual_background_reference,BACKGROUND,NCT06199102,REC-CTGOV-NCT06199102,B2,ctgov_b2_designpilot_20260710,The High Initial Dose of Monitored Vitamin D Supplementation in Preterm Infants.,The High Initial Dose of Monitored Vitamin D Supplementation in Preterm Infants. A Randomized Controlled Study.,NOT_YET_RECRUITING,INTERVENTIONAL,NA,130,Vitamin D Deficiency|Osteopenia of Prematurity|Nephrolithiasis|Metabolic Bone Disease|Late-Onset Neonatal Sepsis,DIETARY_SUPPLEMENT:cholecalciferol/ Devikap|DIETARY_SUPPLEMENT:cholecalciferol/ Devikap,"Princess Anna Mazowiecka Hospital, Warsaw, Poland",https://clinicaltrials.gov/study/NCT06199102,"Barrueto F Jr, Wang-Flores HH, Howland MA, Hoffman RS, Nelson LS. Acute vitamin D intoxication in a child. Pediatrics. 2005 Sep;116(3):e453-6. doi: 10.1542/peds.2004-2580.",research/searches/B2/clinicaltrials/ctgov_b2_designpilot_20260710/page_001.json,16140692,REC-PUBMED-16140692,Acute vitamin D intoxication in a child.,Barrueto F,2005,Pediatrics,10.1542/peds.2004-2580,https://pubmed.ncbi.nlm.nih.gov/16140692/,research/searches/B2/pubmed/pubmed_b2_designpilot_20260710/efetch_014.xml,true,context_only_no_linkage_decision
LINK-CTGOV-NCT06199102-PMID-17369280,manual_background_reference,BACKGROUND,NCT06199102,REC-CTGOV-NCT06199102,B2,ctgov_b2_designpilot_20260710,The High Initial Dose of Monitored Vitamin D Supplementation in Preterm Infants.,The High Initial Dose of Monitored Vitamin D Supplementation in Preterm Infants. A Randomized Controlled Study.,NOT_YET_RECRUITING,INTERVENTIONAL,NA,130,Vitamin D Deficiency|Osteopenia of Prematurity|Nephrolithiasis|Metabolic Bone Disease|Late-Onset Neonatal Sepsis,DIETARY_SUPPLEMENT:cholecalciferol/ Devikap|DIETARY_SUPPLEMENT:cholecalciferol/ Devikap,"Princess Anna Mazowiecka Hospital, Warsaw, Poland",https://clinicaltrials.gov/study/NCT06199102,"Mercy J, Dillon B, Morris J, Emmerson AJ, Mughal MZ. Relationship of tibial speed of sound and lower limb length to nutrient intake in preterm infants. Arch Dis Child Fetal Neonatal Ed. 2007 Sep;92(5):F381-5. doi: 10.1136/adc.2006.105742. Epub 2007 Mar 16.",research/searches/B2/clinicaltrials/ctgov_b2_designpilot_20260710/page_001.json,17369280,REC-PUBMED-17369280,,,,,,https://pubmed.ncbi.nlm.nih.gov/17369280/,,false,context_only_no_linkage_decision
LINK-CTGOV-NCT06199102-PMID-17634462,manual_background_reference,BACKGROUND,NCT06199102,REC-CTGOV-NCT06199102,B2,ctgov_b2_designpilot_20260710,The High Initial Dose of Monitored Vitamin D Supplementation in Preterm Infants.,The High Initial Dose of Monitored Vitamin D Supplementation in Preterm Infants. A Randomized Controlled Study.,NOT_YET_RECRUITING,INTERVENTIONAL,NA,130,Vitamin D Deficiency|Osteopenia of Prematurity|Nephrolithiasis|Metabolic Bone Disease|Late-Onset Neonatal Sepsis,DIETARY_SUPPLEMENT:cholecalciferol/ Devikap|DIETARY_SUPPLEMENT:cholecalciferol/ Devikap,"Princess Anna Mazowiecka Hospital, Warsaw, Poland",https://clinicaltrials.gov/study/NCT06199102,Holick MF. Vitamin D deficiency. N Engl J Med. 2007 Jul 19;357(3):266-81. doi: 10.1056/NEJMra070553. No abstract available.,research/searches/B2/clinicaltrials/ctgov_b2_designpilot_20260710/page_001.json,17634462,REC-PUBMED-17634462,,,,,,https://pubmed.ncbi.nlm.nih.gov/17634462/,,false,context_only_no_linkage_decision
LINK-CTGOV-NCT06199102-PMID-18780664,manual_background_reference,BACKGROUND,NCT06199102,REC-CTGOV-NCT06199102,B2,ctgov_b2_designpilot_20260710,The High Initial Dose of Monitored Vitamin D Supplementation in Preterm Infants.,The High Initial Dose of Monitored Vitamin D Supplementation in Preterm Infants. A Randomized Controlled Study.,NOT_YET_RECRUITING,INTERVENTIONAL,NA,130,Vitamin D Deficiency|Osteopenia of Prematurity|Nephrolithiasis|Metabolic Bone Disease|Late-Onset Neonatal Sepsis,DIETARY_SUPPLEMENT:cholecalciferol/ Devikap|DIETARY_SUPPLEMENT:cholecalciferol/ Devikap,"Princess Anna Mazowiecka Hospital, Warsaw, Poland",https://clinicaltrials.gov/study/NCT06199102,"Prinsen JH, Baranski E, Posch H, Tober K, Gerstmeyer A. Interleukin-6 as diagnostic marker for neonatal sepsis: determination of Access IL-6 cutoff for newborns. Clin Lab. 2008;54(5-6):179-83.",research/searches/B2/clinicaltrials/ctgov_b2_designpilot_20260710/page_001.json,18780664,REC-PUBMED-18780664,,,,,,https://pubmed.ncbi.nlm.nih.gov/18780664/,,false,context_only_no_linkage_decision
LINK-CTGOV-NCT06199102-PMID-19155428,manual_background_reference,BACKGROUND,NCT06199102,REC-CTGOV-NCT06199102,B2,ctgov_b2_designpilot_20260710,The High Initial Dose of Monitored Vitamin D Supplementation in Preterm Infants.,The High Initial Dose of Monitored Vitamin D Supplementation in Preterm Infants. A Randomized Controlled Study.,NOT_YET_RECRUITING,INTERVENTIONAL,NA,130,Vitamin D Deficiency|Osteopenia of Prematurity|Nephrolithiasis|Metabolic Bone Disease|Late-Onset Neonatal Sepsis,DIETARY_SUPPLEMENT:cholecalciferol/ Devikap|DIETARY_SUPPLEMENT:cholecalciferol/ Devikap,"Princess Anna Mazowiecka Hospital, Warsaw, Poland",https://clinicaltrials.gov/study/NCT06199102,"Taylor SN, Wagner CL, Hollis BW. Vitamin D supplementation during lactation to support infant and mother. J Am Coll Nutr. 2008 Dec;27(6):690-701. doi: 10.1080/07315724.2008.10719746.",research/searches/B2/clinicaltrials/ctgov_b2_designpilot_20260710/page_001.json,19155428,REC-PUBMED-19155428,,,,,,https://pubmed.ncbi.nlm.nih.gov/19155428/,,false,context_only_no_linkage_decision
LINK-CTGOV-NCT06199102-PMID-19190532,manual_background_reference,BACKGROUND,NCT06199102,REC-CTGOV-NCT06199102,B2,ctgov_b2_designpilot_20260710,The High Initial Dose of Monitored Vitamin D Supplementation in Preterm Infants.,The High Initial Dose of Monitored Vitamin D Supplementation in Preterm Infants. A Randomized Controlled Study.,NOT_YET_RECRUITING,INTERVENTIONAL,NA,130,Vitamin D Deficiency|Osteopenia of Prematurity|Nephrolithiasis|Metabolic Bone Disease|Late-Onset Neonatal Sepsis,DIETARY_SUPPLEMENT:cholecalciferol/ Devikap|DIETARY_SUPPLEMENT:cholecalciferol/ Devikap,"Princess Anna Mazowiecka Hospital, Warsaw, Poland",https://clinicaltrials.gov/study/NCT06199102,"Walker VP, Modlin RL. The vitamin D connection to pediatric infections and immune function. Pediatr Res. 2009 May;65(5 Pt 2):106R-113R. doi: 10.1203/PDR.0b013e31819dba91.",research/searches/B2/clinicaltrials/ctgov_b2_designpilot_20260710/page_001.json,19190532,REC-PUBMED-19190532,,,,,,https://pubmed.ncbi.nlm.nih.gov/19190532/,,false,context_only_no_linkage_decision
LINK-CTGOV-NCT06199102-PMID-21527855,manual_background_reference,BACKGROUND,NCT06199102,REC-CTGOV-NCT06199102,B2,ctgov_b2_designpilot_20260710,The High Initial Dose of Monitored Vitamin D Supplementation in Preterm Infants.,The High Initial Dose of Monitored Vitamin D Supplementation in Preterm Infants. A Randomized Controlled Study.,NOT_YET_RECRUITING,INTERVENTIONAL,NA,130,Vitamin D Deficiency|Osteopenia of Prematurity|Nephrolithiasis|Metabolic Bone Disease|Late-Onset Neonatal Sepsis,DIETARY_SUPPLEMENT:cholecalciferol/ Devikap|DIETARY_SUPPLEMENT:cholecalciferol/ Devikap,"Princess Anna Mazowiecka Hospital, Warsaw, Poland",https://clinicaltrials.gov/study/NCT06199102,Aranow C. Vitamin D and the immune system. J Investig Med. 2011 Aug;59(6):881-6. doi: 10.2310/JIM.0b013e31821b8755.,research/searches/B2/clinicaltrials/ctgov_b2_designpilot_20260710/page_001.json,21527855,REC-PUBMED-21527855,,,,,,https://pubmed.ncbi.nlm.nih.gov/21527855/,,false,context_only_no_linkage_decision
LINK-CTGOV-NCT06199102-PMID-21824193,manual_background_reference,BACKGROUND,NCT06199102,REC-CTGOV-NCT06199102,B2,ctgov_b2_designpilot_20260710,The High Initial Dose of Monitored Vitamin D Supplementation in Preterm Infants.,The High Initial Dose of Monitored Vitamin D Supplementation in Preterm Infants. A Randomized Controlled Study.,NOT_YET_RECRUITING,INTERVENTIONAL,NA,130,Vitamin D Deficiency|Osteopenia of Prematurity|Nephrolithiasis|Metabolic Bone Disease|Late-Onset Neonatal Sepsis,DIETARY_SUPPLEMENT:cholecalciferol/ Devikap|DIETARY_SUPPLEMENT:cholecalciferol/ Devikap,"Princess Anna Mazowiecka Hospital, Warsaw, Poland",https://clinicaltrials.gov/study/NCT06199102,"Bohnhorst B, Lange M, Bartels DB, Bejo L, Hoy L, Peter C. Procalcitonin and valuable clinical symptoms in the early detection of neonatal late-onset bacterial infection. Acta Paediatr. 2012 Jan;101(1):19-25. doi: 10.1111/j.1651-2227.2011.02438.x. Epub 2011 Aug 29.",research/searches/B2/clinicaltrials/ctgov_b2_designpilot_20260710/page_001.json,21824193,REC-PUBMED-21824193,,,,,,https://pubmed.ncbi.nlm.nih.gov/21824193/,,false,context_only_no_linkage_decision
LINK-CTGOV-NCT06199102-PMID-21872800,manual_background_reference,BACKGROUND,NCT06199102,REC-CTGOV-NCT06199102,B2,ctgov_b2_designpilot_20260710,The High Initial Dose of Monitored Vitamin D Supplementation in Preterm Infants.,The High Initial Dose of Monitored Vitamin D Supplementation in Preterm Infants. A Randomized Controlled Study.,NOT_YET_RECRUITING,INTERVENTIONAL,NA,130,Vitamin D Deficiency|Osteopenia of Prematurity|Nephrolithiasis|Metabolic Bone Disease|Late-Onset Neonatal Sepsis,DIETARY_SUPPLEMENT:cholecalciferol/ Devikap|DIETARY_SUPPLEMENT:cholecalciferol/ Devikap,"Princess Anna Mazowiecka Hospital, Warsaw, Poland",https://clinicaltrials.gov/study/NCT06199102,"Lips P, van Schoor NM. The effect of vitamin D on bone and osteoporosis. Best Pract Res Clin Endocrinol Metab. 2011 Aug;25(4):585-91. doi: 10.1016/j.beem.2011.05.002.",research/searches/B2/clinicaltrials/ctgov_b2_designpilot_20260710/page_001.json,21872800,REC-PUBMED-21872800,,,,,,https://pubmed.ncbi.nlm.nih.gov/21872800/,,false,context_only_no_linkage_decision
LINK-CTGOV-NCT06199102-PMID-23056824,manual_background_reference,BACKGROUND,NCT06199102,REC-CTGOV-NCT06199102,B2,ctgov_b2_designpilot_20260710,The High Initial Dose of Monitored Vitamin D Supplementation in Preterm Infants.,The High Initial Dose of Monitored Vitamin D Supplementation in Preterm Infants. A Randomized Controlled Study.,NOT_YET_RECRUITING,INTERVENTIONAL,NA,130,Vitamin D Deficiency|Osteopenia of Prematurity|Nephrolithiasis|Metabolic Bone Disease|Late-Onset Neonatal Sepsis,DIETARY_SUPPLEMENT:cholecalciferol/ Devikap|DIETARY_SUPPLEMENT:cholecalciferol/ Devikap,"Princess Anna Mazowiecka Hospital, Warsaw, Poland",https://clinicaltrials.gov/study/NCT06199102,"Shahkar L, Keshtkar A, Mirfazeli A, Ahani A, Roshandel G. The role of IL-6 for predicting neonatal sepsis: a systematic review and meta-analysis. Iran J Pediatr. 2011 Dec;21(4):411-7.",research/searches/B2/clinicaltrials/ctgov_b2_designpilot_20260710/page_001.json,23056824,REC-PUBMED-23056824,,,,,,https://pubmed.ncbi.nlm.nih.gov/23056824/,,false,context_only_no_linkage_decision
LINK-CTGOV-NCT06199102-PMID-23629620,manual_background_reference,BACKGROUND,NCT06199102,REC-CTGOV-NCT06199102,B2,ctgov_b2_designpilot_20260710,The High Initial Dose of Monitored Vitamin D Supplementation in Preterm Infants.,The High Initial Dose of Monitored Vitamin D Supplementation in Preterm Infants. A Randomized Controlled Study.,NOT_YET_RECRUITING,INTERVENTIONAL,NA,130,Vitamin D Deficiency|Osteopenia of Prematurity|Nephrolithiasis|Metabolic Bone Disease|Late-Onset Neonatal Sepsis,DIETARY_SUPPLEMENT:cholecalciferol/ Devikap|DIETARY_SUPPLEMENT:cholecalciferol/ Devikap,"Princess Anna Mazowiecka Hospital, Warsaw, Poland",https://clinicaltrials.gov/study/NCT06199102,Abrams SA; Committee on Nutrition. Calcium and vitamin d requirements of enterally fed preterm infants. Pediatrics. 2013 May;131(5):e1676-83. doi: 10.1542/peds.2013-0420. Epub 2013 Apr 29.,research/searches/B2/clinicaltrials/ctgov_b2_designpilot_20260710/page_001.json,23629620,REC-PUBMED-23629620,,,,,,https://pubmed.ncbi.nlm.nih.gov/23629620/,,false,context_only_no_linkage_decision
LINK-CTGOV-NCT06199102-PMID-24253368,manual_background_reference,BACKGROUND,NCT06199102,REC-CTGOV-NCT06199102,B2,ctgov_b2_designpilot_20260710,The High Initial Dose of Monitored Vitamin D Supplementation in Preterm Infants.,The High Initial Dose of Monitored Vitamin D Supplementation in Preterm Infants. A Randomized Controlled Study.,NOT_YET_RECRUITING,INTERVENTIONAL,NA,130,Vitamin D Deficiency|Osteopenia of Prematurity|Nephrolithiasis|Metabolic Bone Disease|Late-Onset Neonatal Sepsis,DIETARY_SUPPLEMENT:cholecalciferol/ Devikap|DIETARY_SUPPLEMENT:cholecalciferol/ Devikap,"Princess Anna Mazowiecka Hospital, Warsaw, Poland",https://clinicaltrials.gov/study/NCT06199102,"Staub E, Wiedmer N, Staub LP, Nelle M, von Vigier RO. Monitoring of urinary calcium and phosphorus excretion in preterm infants: comparison of 2 methods. J Pediatr Gastroenterol Nutr. 2014 Apr;58(4):404-8. doi: 10.1097/MPG.0000000000000244.",research/searches/B2/clinicaltrials/ctgov_b2_designpilot_20260710/page_001.json,24253368,REC-PUBMED-24253368,,,,,,https://pubmed.ncbi.nlm.nih.gov/24253368/,,false,context_only_no_linkage_decision
LINK-CTGOV-NCT06199102-PMID-25425653,manual_background_reference,BACKGROUND,NCT06199102,REC-CTGOV-NCT06199102,B2,ctgov_b2_designpilot_20260710,The High Initial Dose of Monitored Vitamin D Supplementation in Preterm Infants.,The High Initial Dose of Monitored Vitamin D Supplementation in Preterm Infants. A Randomized Controlled Study.,NOT_YET_RECRUITING,INTERVENTIONAL,NA,130,Vitamin D Deficiency|Osteopenia of Prematurity|Nephrolithiasis|Metabolic Bone Disease|Late-Onset Neonatal Sepsis,DIETARY_SUPPLEMENT:cholecalciferol/ Devikap|DIETARY_SUPPLEMENT:cholecalciferol/ Devikap,"Princess Anna Mazowiecka Hospital, Warsaw, Poland",https://clinicaltrials.gov/study/NCT06199102,"Dong Y, Speer CP. Late-onset neonatal sepsis: recent developments. Arch Dis Child Fetal Neonatal Ed. 2015 May;100(3):F257-63. doi: 10.1136/archdischild-2014-306213. Epub 2014 Nov 25.",research/searches/B2/clinicaltrials/ctgov_b2_designpilot_20260710/page_001.json,25425653,REC-PUBMED-25425653,,,,,,https://pubmed.ncbi.nlm.nih.gov/25425653/,,false,context_only_no_linkage_decision
LINK-CTGOV-NCT06199102-PMID-25905252,manual_background_reference,BACKGROUND,NCT06199102,REC-CTGOV-NCT06199102,B2,ctgov_b2_designpilot_20260710,The High Initial Dose of Monitored Vitamin D Supplementation in Preterm Infants.,The High Initial Dose of Monitored Vitamin D Supplementation in Preterm Infants. A Randomized Controlled Study.,NOT_YET_RECRUITING,INTERVENTIONAL,NA,130,Vitamin D Deficiency|Osteopenia of Prematurity|Nephrolithiasis|Metabolic Bone Disease|Late-Onset Neonatal Sepsis,DIETARY_SUPPLEMENT:cholecalciferol/ Devikap|DIETARY_SUPPLEMENT:cholecalciferol/ Devikap,"Princess Anna Mazowiecka Hospital, Warsaw, Poland",https://clinicaltrials.gov/study/NCT06199102,"Shaker JL, Deftos L. Calcium and Phosphate Homeostasis. 2023 May 17. In: Feingold KR, Adler RA, Ahmed SF, Anawalt B, Blackman MR, Chrousos G, Corpas E, de Herder WW, Dhatariya K, Dungan K, Hamilton E, Hofland J, Jan de Beur S, Kalra S, Kaltsas G, Kapoor N, Kim M, Koch C, Kopp P, Korbonits M, Kovacs CS, Kuohung W, Laferrere B, Levy M, McGee EA, McLachlan R, Muzumdar R, Purnell J, Rey R, Sahay R, Shah AS, Sperling MA, Stratakis CA, Trence DL, Wilson DP, editors. Endotext [Internet]. South Dartmouth (MA): MDText.com, Inc.; 2000-. Available from http://www.ncbi.nlm.nih.gov/books/NBK279023/",research/searches/B2/clinicaltrials/ctgov_b2_designpilot_20260710/page_001.json,25905252,REC-PUBMED-25905252,,,,,,https://pubmed.ncbi.nlm.nih.gov/25905252/,,false,context_only_no_linkage_decision
LINK-CTGOV-NCT06199102-PMID-27065162,manual_background_reference,BACKGROUND,NCT06199102,REC-CTGOV-NCT06199102,B2,ctgov_b2_designpilot_20260710,The High Initial Dose of Monitored Vitamin D Supplementation in Preterm Infants.,The High Initial Dose of Monitored Vitamin D Supplementation in Preterm Infants. A Randomized Controlled Study.,NOT_YET_RECRUITING,INTERVENTIONAL,NA,130,Vitamin D Deficiency|Osteopenia of Prematurity|Nephrolithiasis|Metabolic Bone Disease|Late-Onset Neonatal Sepsis,DIETARY_SUPPLEMENT:cholecalciferol/ Devikap|DIETARY_SUPPLEMENT:cholecalciferol/ Devikap,"Princess Anna Mazowiecka Hospital, Warsaw, Poland",https://clinicaltrials.gov/study/NCT06199102,"Khundmiri SJ, Murray RD, Lederer E. PTH and Vitamin D. Compr Physiol. 2016 Mar 15;6(2):561-601. doi: 10.1002/cphy.c140071.",research/searches/B2/clinicaltrials/ctgov_b2_designpilot_20260710/page_001.json,27065162,REC-PUBMED-27065162,,,,,,https://pubmed.ncbi.nlm.nih.gov/27065162/,,false,context_only_no_linkage_decision
LINK-CTGOV-NCT06199102-PMID-28383493,manual_background_reference,BACKGROUND,NCT06199102,REC-CTGOV-NCT06199102,B2,ctgov_b2_designpilot_20260710,The High Initial Dose of Monitored Vitamin D Supplementation in Preterm Infants.,The High Initial Dose of Monitored Vitamin D Supplementation in Preterm Infants. A Randomized Controlled Study.,NOT_YET_RECRUITING,INTERVENTIONAL,NA,130,Vitamin D Deficiency|Osteopenia of Prematurity|Nephrolithiasis|Metabolic Bone Disease|Late-Onset Neonatal Sepsis,DIETARY_SUPPLEMENT:cholecalciferol/ Devikap|DIETARY_SUPPLEMENT:cholecalciferol/ Devikap,"Princess Anna Mazowiecka Hospital, Warsaw, Poland",https://clinicaltrials.gov/study/NCT06199102,"Thorsen SU, Pipper CB, Skogstrand K, Pociot F, Svensson J. 25-Hydroxyvitamin D and Peripheral Immune Mediators: Results from Two Nationwide Danish Pediatric Cohorts. Nutrients. 2017 Apr 6;9(4):365. doi: 10.3390/nu9040365.",research/searches/B2/clinicaltrials/ctgov_b2_designpilot_20260710/page_001.json,28383493,REC-PUBMED-28383493,,,,,,https://pubmed.ncbi.nlm.nih.gov/28383493/,,false,context_only_no_linkage_decision
LINK-CTGOV-NCT06199102-PMID-29159088,manual_background_reference,BACKGROUND,NCT06199102,REC-CTGOV-NCT06199102,B2,ctgov_b2_designpilot_20260710,The High Initial Dose of Monitored Vitamin D Supplementation in Preterm Infants.,The High Initial Dose of Monitored Vitamin D Supplementation in Preterm Infants. A Randomized Controlled Study.,NOT_YET_RECRUITING,INTERVENTIONAL,NA,130,Vitamin D Deficiency|Osteopenia of Prematurity|Nephrolithiasis|Metabolic Bone Disease|Late-Onset Neonatal Sepsis,DIETARY_SUPPLEMENT:cholecalciferol/ Devikap|DIETARY_SUPPLEMENT:cholecalciferol/ Devikap,"Princess Anna Mazowiecka Hospital, Warsaw, Poland",https://clinicaltrials.gov/study/NCT06199102,"Rustico SE, Calabria AC, Garber SJ. Metabolic bone disease of prematurity. J Clin Transl Endocrinol. 2014 Jul 4;1(3):85-91. doi: 10.1016/j.jcte.2014.06.004. eCollection 2014 Sep.",research/searches/B2/clinicaltrials/ctgov_b2_designpilot_20260710/page_001.json,29159088,REC-PUBMED-29159088,,,,,,https://pubmed.ncbi.nlm.nih.gov/29159088/,,false,context_only_no_linkage_decision
LINK-CTGOV-NCT06199102-PMID-33473300,manual_background_reference,BACKGROUND,NCT06199102,REC-CTGOV-NCT06199102,B2,ctgov_b2_designpilot_20260710,The High Initial Dose of Monitored Vitamin D Supplementation in Preterm Infants.,The High Initial Dose of Monitored Vitamin D Supplementation in Preterm Infants. A Randomized Controlled Study.,NOT_YET_RECRUITING,INTERVENTIONAL,NA,130,Vitamin D Deficiency|Osteopenia of Prematurity|Nephrolithiasis|Metabolic Bone Disease|Late-Onset Neonatal Sepsis,DIETARY_SUPPLEMENT:cholecalciferol/ Devikap|DIETARY_SUPPLEMENT:cholecalciferol/ Devikap,"Princess Anna Mazowiecka Hospital, Warsaw, Poland",https://clinicaltrials.gov/study/NCT06199102,"Workneh Bitew Z, Worku T, Alemu A. Effects of vitamin D on neonatal sepsis: A systematic review and meta-analysis. Food Sci Nutr. 2020 Nov 10;9(1):375-388. doi: 10.1002/fsn3.2003. eCollection 2021 Jan.",research/searches/B2/clinicaltrials/ctgov_b2_designpilot_20260710/page_001.json,33473300,REC-PUBMED-33473300,,,,,,https://pubmed.ncbi.nlm.nih.gov/33473300/,,false,context_only_no_linkage_decision
LINK-CTGOV-NCT06199102-PMID-34373793,manual_background_reference,BACKGROUND,NCT06199102,REC-CTGOV-NCT06199102,B2,ctgov_b2_designpilot_20260710,The High Initial Dose of Monitored Vitamin D Supplementation in Preterm Infants.,The High Initial Dose of Monitored Vitamin D Supplementation in Preterm Infants. A Randomized Controlled Study.,NOT_YET_RECRUITING,INTERVENTIONAL,NA,130,Vitamin D Deficiency|Osteopenia of Prematurity|Nephrolithiasis|Metabolic Bone Disease|Late-Onset Neonatal Sepsis,DIETARY_SUPPLEMENT:cholecalciferol/ Devikap|DIETARY_SUPPLEMENT:cholecalciferol/ Devikap,"Princess Anna Mazowiecka Hospital, Warsaw, Poland",https://clinicaltrials.gov/study/NCT06199102,"Al-Kandari A, Sadeq H, Alfattal R, AlRashid M, Alsaeid M. Vitamin D Intoxication and Nephrocalcinosis in a Young Breastfed Infant. Case Rep Endocrinol. 2021 Jul 30;2021:3286274. doi: 10.1155/2021/3286274. eCollection 2021.",research/searches/B2/clinicaltrials/ctgov_b2_designpilot_20260710/page_001.json,34373793,REC-PUBMED-34373793,Vitamin D Intoxication and Nephrocalcinosis in a Young Breastfed Infant.,Al-Kandari A,2021,Case reports in endocrinology,10.1155/2021/3286274,https://pubmed.ncbi.nlm.nih.gov/34373793/,research/searches/B2/pubmed/pubmed_b2_designpilot_20260710/efetch_004.xml,true,context_only_no_linkage_decision
LINK-CTGOV-NCT06199102-PMID-34684442,manual_background_reference,BACKGROUND,NCT06199102,REC-CTGOV-NCT06199102,B2,ctgov_b2_designpilot_20260710,The High Initial Dose of Monitored Vitamin D Supplementation in Preterm Infants.,The High Initial Dose of Monitored Vitamin D Supplementation in Preterm Infants. A Randomized Controlled Study.,NOT_YET_RECRUITING,INTERVENTIONAL,NA,130,Vitamin D Deficiency|Osteopenia of Prematurity|Nephrolithiasis|Metabolic Bone Disease|Late-Onset Neonatal Sepsis,DIETARY_SUPPLEMENT:cholecalciferol/ Devikap|DIETARY_SUPPLEMENT:cholecalciferol/ Devikap,"Princess Anna Mazowiecka Hospital, Warsaw, Poland",https://clinicaltrials.gov/study/NCT06199102,"Kolodziejczyk-Nowotarska A, Bokiniec R, Seliga-Siwecka J. Monitored Supplementation of Vitamin D in Preterm Infants: A Randomized Controlled Trial. Nutrients. 2021 Sep 28;13(10):3442. doi: 10.3390/nu13103442.",research/searches/B2/clinicaltrials/ctgov_b2_designpilot_20260710/page_001.json,34684442,REC-PUBMED-34684442,,,,,,https://pubmed.ncbi.nlm.nih.gov/34684442/,,false,context_only_no_linkage_decision
LINK-CTGOV-NCT06199102-PMID-35402358,manual_background_reference,BACKGROUND,NCT06199102,REC-CTGOV-NCT06199102,B2,ctgov_b2_designpilot_20260710,The High Initial Dose of Monitored Vitamin D Supplementation in Preterm Infants.,The High Initial Dose of Monitored Vitamin D Supplementation in Preterm Infants. A Randomized Controlled Study.,NOT_YET_RECRUITING,INTERVENTIONAL,NA,130,Vitamin D Deficiency|Osteopenia of Prematurity|Nephrolithiasis|Metabolic Bone Disease|Late-Onset Neonatal Sepsis,DIETARY_SUPPLEMENT:cholecalciferol/ Devikap|DIETARY_SUPPLEMENT:cholecalciferol/ Devikap,"Princess Anna Mazowiecka Hospital, Warsaw, Poland",https://clinicaltrials.gov/study/NCT06199102,"Eichberger J, Resch B. Reliability of Interleukin-6 Alone and in Combination for Diagnosis of Early Onset Neonatal Sepsis: Systematic Review. Front Pediatr. 2022 Mar 23;10:840778. doi: 10.3389/fped.2022.840778. eCollection 2022.",research/searches/B2/clinicaltrials/ctgov_b2_designpilot_20260710/page_001.json,35402358,REC-PUBMED-35402358,,,,,,https://pubmed.ncbi.nlm.nih.gov/35402358/,,false,context_only_no_linkage_decision
LINK-CTGOV-NCT06199102-PMID-36050673,manual_background_reference,BACKGROUND,NCT06199102,REC-CTGOV-NCT06199102,B2,ctgov_b2_designpilot_20260710,The High Initial Dose of Monitored Vitamin D Supplementation in Preterm Infants.,The High Initial Dose of Monitored Vitamin D Supplementation in Preterm Infants. A Randomized Controlled Study.,NOT_YET_RECRUITING,INTERVENTIONAL,NA,130,Vitamin D Deficiency|Osteopenia of Prematurity|Nephrolithiasis|Metabolic Bone Disease|Late-Onset Neonatal Sepsis,DIETARY_SUPPLEMENT:cholecalciferol/ Devikap|DIETARY_SUPPLEMENT:cholecalciferol/ Devikap,"Princess Anna Mazowiecka Hospital, Warsaw, Poland",https://clinicaltrials.gov/study/NCT06199102,"Pinto MRC, Machado MMT, de Azevedo DV, Correia LL, Leite AJM, Rocha HAL. Osteopenia of prematurity and associated nutritional factors: case-control study. BMC Pediatr. 2022 Sep 1;22(1):519. doi: 10.1186/s12887-022-03581-y.",research/searches/B2/clinicaltrials/ctgov_b2_designpilot_20260710/page_001.json,36050673,REC-PUBMED-36050673,,,,,,https://pubmed.ncbi.nlm.nih.gov/36050673/,,false,context_only_no_linkage_decision
LINK-CTGOV-NCT06199102-PMID-36705703,manual_background_reference,BACKGROUND,NCT06199102,REC-CTGOV-NCT06199102,B2,ctgov_b2_designpilot_20260710,The High Initial Dose of Monitored Vitamin D Supplementation in Preterm Infants.,The High Initial Dose of Monitored Vitamin D Supplementation in Preterm Infants. A Randomized Controlled Study.,NOT_YET_RECRUITING,INTERVENTIONAL,NA,130,Vitamin D Deficiency|Osteopenia of Prematurity|Nephrolithiasis|Metabolic Bone Disease|Late-Onset Neonatal Sepsis,DIETARY_SUPPLEMENT:cholecalciferol/ Devikap|DIETARY_SUPPLEMENT:cholecalciferol/ Devikap,"Princess Anna Mazowiecka Hospital, Warsaw, Poland",https://clinicaltrials.gov/study/NCT06199102,"Embleton ND, Jennifer Moltu S, Lapillonne A, van den Akker CHP, Carnielli V, Fusch C, Gerasimidis K, van Goudoever JB, Haiden N, Iacobelli S, Johnson MJ, Meyer S, Mihatsch W, de Pipaon MS, Rigo J, Zachariassen G, Bronsky J, Indrio F, Koglmeier J, de Koning B, Norsa L, Verduci E, Domellof M. Enteral Nutrition in Preterm Infants (2022): A Position Paper From the ESPGHAN Committee on Nutrition and Invited Experts. J Pediatr Gastroenterol Nutr. 2023 Feb 1;76(2):248-268. doi: 10.1097/MPG.0000000000003642. Epub 2022 Oct 28.",research/searches/B2/clinicaltrials/ctgov_b2_designpilot_20260710/page_001.json,36705703,REC-PUBMED-36705703,,,,,,https://pubmed.ncbi.nlm.nih.gov/36705703/,,false,context_only_no_linkage_decision
LINK-CTGOV-NCT06199102-PMID-36771403,manual_background_reference,BACKGROUND,NCT06199102,REC-CTGOV-NCT06199102,B2,ctgov_b2_designpilot_20260710,The High Initial Dose of Monitored Vitamin D Supplementation in Preterm Infants.,The High Initial Dose of Monitored Vitamin D Supplementation in Preterm Infants. A Randomized Controlled Study.,NOT_YET_RECRUITING,INTERVENTIONAL,NA,130,Vitamin D Deficiency|Osteopenia of Prematurity|Nephrolithiasis|Metabolic Bone Disease|Late-Onset Neonatal Sepsis,DIETARY_SUPPLEMENT:cholecalciferol/ Devikap|DIETARY_SUPPLEMENT:cholecalciferol/ Devikap,"Princess Anna Mazowiecka Hospital, Warsaw, Poland",https://clinicaltrials.gov/study/NCT06199102,"Pludowski P, Kos-Kudla B, Walczak M, Fal A, Zozulinska-Ziolkiewicz D, Sieroszewski P, Peregud-Pogorzelski J, Lauterbach R, Targowski T, Lewinski A, Spaczynski R, Wielgos M, Pinkas J, Jackowska T, Helwich E, Mazur A, Ruchala M, Zygmunt A, Szalecki M, Bossowski A, Czech-Kowalska J, Wojcik M, Pyrzak B, Zmijewski MA, Abramowicz P, Konstantynowicz J, Marcinowska-Suchowierska E, Bleizgys A, Karras SN, Grant WB, Carlberg C, Pilz S, Holick MF, Misiorowski W. Guidelines for Preventing and Treating Vitamin D Deficiency: A 2023 Update in Poland. Nutrients. 2023 Jan 30;15(3):695. doi: 10.3390/nu15030695.",research/searches/B2/clinicaltrials/ctgov_b2_designpilot_20260710/page_001.json,36771403,REC-PUBMED-36771403,,,,,,https://pubmed.ncbi.nlm.nih.gov/36771403/,,false,context_only_no_linkage_decision
LINK-CTGOV-NCT06578754-PMID-16306102,manual_background_reference,BACKGROUND,NCT06578754,REC-CTGOV-NCT06578754,B3,ctgov_b3_designpilot_20260710,"Validation Testing for Plasma Oxalate Levels in the Biochemical Laboratory at the Galilee Medical Center, in Collaboration With the Biochemistry Laboratory at CHARITE Hospital in Berlin, and Testing the Relationship Between Oxalate Levels and Vitamin C Levels in Plasma",Validation Test for Plasma Oxalate Level in a Biochemical Laboratory at the Galilee Medical Center,NOT_YET_RECRUITING,OBSERVATIONAL,,50,Hyperoxaluria,OTHER:This is an non-interventional study,Western Galilee Hospital-Nahariya,https://clinicaltrials.gov/study/NCT06578754,"Ladwig PM, Liedtke RR, Larson TS, Lieske JC. Sensitive spectrophotometric assay for plasma oxalate. Clin Chem. 2005 Dec;51(12):2377-80. doi: 10.1373/clinchem.2005.054353. No abstract available.",research/searches/B3/clinicaltrials/ctgov_b3_designpilot_20260710/page_001.json,16306102,REC-PUBMED-16306102,,,,,,https://pubmed.ncbi.nlm.nih.gov/16306102/,,false,context_only_no_linkage_decision
LINK-CTGOV-NCT06578754-PMID-32472220,manual_background_reference,BACKGROUND,NCT06578754,REC-CTGOV-NCT06578754,B3,ctgov_b3_designpilot_20260710,"Validation Testing for Plasma Oxalate Levels in the Biochemical Laboratory at the Galilee Medical Center, in Collaboration With the Biochemistry Laboratory at CHARITE Hospital in Berlin, and Testing the Relationship Between Oxalate Levels and Vitamin C Levels in Plasma",Validation Test for Plasma Oxalate Level in a Biochemical Laboratory at the Galilee Medical Center,NOT_YET_RECRUITING,OBSERVATIONAL,,50,Hyperoxaluria,OTHER:This is an non-interventional study,Western Galilee Hospital-Nahariya,https://clinicaltrials.gov/study/NCT06578754,"Stokes F, Acquaviva-Bourdain C, Hoppe B, Lieske JC, Lindner E, Toulson G, Vaz FM, Rumsby G. Plasma oxalate: comparison of methodologies. Urolithiasis. 2020 Dec;48(6):473-480. doi: 10.1007/s00240-020-01197-4. Epub 2020 May 29.",research/searches/B3/clinicaltrials/ctgov_b3_designpilot_20260710/page_001.json,32472220,REC-PUBMED-32472220,,,,,,https://pubmed.ncbi.nlm.nih.gov/32472220/,,false,context_only_no_linkage_decision
LINK-CTGOV-NCT06578754-PMID-32829751,manual_background_reference,BACKGROUND,NCT06578754,REC-CTGOV-NCT06578754,B3,ctgov_b3_designpilot_20260710,"Validation Testing for Plasma Oxalate Levels in the Biochemical Laboratory at the Galilee Medical Center, in Collaboration With the Biochemistry Laboratory at CHARITE Hospital in Berlin, and Testing the Relationship Between Oxalate Levels and Vitamin C Levels in Plasma",Validation Test for Plasma Oxalate Level in a Biochemical Laboratory at the Galilee Medical Center,NOT_YET_RECRUITING,OBSERVATIONAL,,50,Hyperoxaluria,OTHER:This is an non-interventional study,Western Galilee Hospital-Nahariya,https://clinicaltrials.gov/study/NCT06578754,"Ikizler TA, Burrowes JD, Byham-Gray LD, Campbell KL, Carrero JJ, Chan W, Fouque D, Friedman AN, Ghaddar S, Goldstein-Fuchs DJ, Kaysen GA, Kopple JD, Teta D, Yee-Moon Wang A, Cuppari L. KDOQI Clinical Practice Guideline for Nutrition in CKD: 2020 Update. Am J Kidney Dis. 2020 Sep;76(3 Suppl 1):S1-S107. doi: 10.1053/j.ajkd.2020.05.006.",research/searches/B3/clinicaltrials/ctgov_b3_designpilot_20260710/page_001.json,32829751,REC-PUBMED-32829751,,,,,,https://pubmed.ncbi.nlm.nih.gov/32829751/,,false,context_only_no_linkage_decision
LINK-CTGOV-NCT06578754-PMID-33912770,manual_background_reference,BACKGROUND,NCT06578754,REC-CTGOV-NCT06578754,B3,ctgov_b3_designpilot_20260710,"Validation Testing for Plasma Oxalate Levels in the Biochemical Laboratory at the Galilee Medical Center, in Collaboration With the Biochemistry Laboratory at CHARITE Hospital in Berlin, and Testing the Relationship Between Oxalate Levels and Vitamin C Levels in Plasma",Validation Test for Plasma Oxalate Level in a Biochemical Laboratory at the Galilee Medical Center,NOT_YET_RECRUITING,OBSERVATIONAL,,50,Hyperoxaluria,OTHER:This is an non-interventional study,Western Galilee Hospital-Nahariya,https://clinicaltrials.gov/study/NCT06578754,"Oka Y, Miyazaki M, Matsuda H. Plasma Oxalate Concentration and Patients With CKD. Kidney Int Rep. 2021 Mar 1;6(4):1194. doi: 10.1016/j.ekir.2020.10.041. eCollection 2021 Apr. No abstract available.",research/searches/B3/clinicaltrials/ctgov_b3_designpilot_20260710/page_001.json,33912770,REC-PUBMED-33912770,,,,,,https://pubmed.ncbi.nlm.nih.gov/33912770/,,false,context_only_no_linkage_decision
LINK-CTGOV-NCT06578754-PMID-34281958,manual_background_reference,BACKGROUND,NCT06578754,REC-CTGOV-NCT06578754,B3,ctgov_b3_designpilot_20260710,"Validation Testing for Plasma Oxalate Levels in the Biochemical Laboratory at the Galilee Medical Center, in Collaboration With the Biochemistry Laboratory at CHARITE Hospital in Berlin, and Testing the Relationship Between Oxalate Levels and Vitamin C Levels in Plasma",Validation Test for Plasma Oxalate Level in a Biochemical Laboratory at the Galilee Medical Center,NOT_YET_RECRUITING,OBSERVATIONAL,,50,Hyperoxaluria,OTHER:This is an non-interventional study,Western Galilee Hospital-Nahariya,https://clinicaltrials.gov/study/NCT06578754,"Pfau A, Ermer T, Coca SG, Tio MC, Genser B, Reichel M, Finkelstein FO, Marz W, Wanner C, Waikar SS, Eckardt KU, Aronson PS, Drechsler C, Knauf F. High Oxalate Concentrations Correlate with Increased Risk for Sudden Cardiac Death in Dialysis Patients. J Am Soc Nephrol. 2021 Sep;32(9):2375-2385. doi: 10.1681/ASN.2020121793. Epub 2021 Jul 19.",research/searches/B3/clinicaltrials/ctgov_b3_designpilot_20260710/page_001.json,34281958,REC-PUBMED-34281958,,,,,,https://pubmed.ncbi.nlm.nih.gov/34281958/,,false,context_only_no_linkage_decision
LINK-CTGOV-NCT06606275-PMID-25040558,critical_result_reference,RESULT,NCT06606275,REC-CTGOV-NCT06606275,A1,ctgov_a1_designpilot_20260710,The Safety and Effectiveness of Warfarin Vs Apixaban in Patients With NVAF/ VTE and ESKD on Dialysis,The Safety and Effectiveness of Warfarin Vs Apixaban in Patients With Non-Valvular Atrial Fibrillation/ Venous Thromboembolism and End-Stage Kidney Disease on Dialysis,COMPLETED,OBSERVATIONAL,,67,End-Stage Kidney Disease (ESKD)|Non-valvular Atrial Fibrillation (NVAF)|Venous Thromboembolism (VTE),DRUG:Apixaban|DRUG:Warfarin,Abu Dhabi Health Services Company,https://clinicaltrials.gov/study/NCT06606275,"Christiansen CF, Schmidt M, Lamberg AL, Horvath-Puho E, Baron JA, Jespersen B, Sorensen HT. Kidney disease and risk of venous thromboembolism: a nationwide population-based case-control study. J Thromb Haemost. 2014 Sep;12(9):1449-54. doi: 10.1111/jth.12652. Epub 2014 Jul 29.",research/searches/A1/clinicaltrials/ctgov_a1_designpilot_20260710/page_001.json,25040558,REC-PUBMED-25040558,,,,,,https://pubmed.ncbi.nlm.nih.gov/25040558/,,false,context_only_no_linkage_decision
LINK-CTGOV-NCT06606275-PMID-32538234,critical_result_reference,RESULT,NCT06606275,REC-CTGOV-NCT06606275,A1,ctgov_a1_designpilot_20260710,The Safety and Effectiveness of Warfarin Vs Apixaban in Patients With NVAF/ VTE and ESKD on Dialysis,The Safety and Effectiveness of Warfarin Vs Apixaban in Patients With Non-Valvular Atrial Fibrillation/ Venous Thromboembolism and End-Stage Kidney Disease on Dialysis,COMPLETED,OBSERVATIONAL,,67,End-Stage Kidney Disease (ESKD)|Non-valvular Atrial Fibrillation (NVAF)|Venous Thromboembolism (VTE),DRUG:Apixaban|DRUG:Warfarin,Abu Dhabi Health Services Company,https://clinicaltrials.gov/study/NCT06606275,"Chen A, Stecker E, A Warden B. Direct Oral Anticoagulant Use: A Practical Guide to Common Clinical Challenges. J Am Heart Assoc. 2020 Jul 7;9(13):e017559. doi: 10.1161/JAHA.120.017559. Epub 2020 Jun 15.",research/searches/A1/clinicaltrials/ctgov_a1_designpilot_20260710/page_001.json,32538234,REC-PUBMED-32538234,Direct Oral Anticoagulant Use: A Practical Guide to Common Clinical Challenges.,Chen A,2020,Journal of the American Heart Association,10.1161/jaha.120.017559,https://pubmed.ncbi.nlm.nih.gov/32538234/,research/searches/A1/pubmed/pubmed_a1_designpilot_20260710/efetch_060.xml,true,context_only_no_linkage_decision
LINK-CTGOV-NCT06606275-PMID-33073581,critical_result_reference,RESULT,NCT06606275,REC-CTGOV-NCT06606275,A1,ctgov_a1_designpilot_20260710,The Safety and Effectiveness of Warfarin Vs Apixaban in Patients With NVAF/ VTE and ESKD on Dialysis,The Safety and Effectiveness of Warfarin Vs Apixaban in Patients With Non-Valvular Atrial Fibrillation/ Venous Thromboembolism and End-Stage Kidney Disease on Dialysis,COMPLETED,OBSERVATIONAL,,67,End-Stage Kidney Disease (ESKD)|Non-valvular Atrial Fibrillation (NVAF)|Venous Thromboembolism (VTE),DRUG:Apixaban|DRUG:Warfarin,Abu Dhabi Health Services Company,https://clinicaltrials.gov/study/NCT06606275,"Cheung CYS, Parikh J, Farrell A, Lefebvre M, Summa-Sorgini C, Battistella M. Direct Oral Anticoagulant Use in Chronic Kidney Disease and Dialysis Patients With Venous Thromboembolism: A Systematic Review of Thrombosis and Bleeding Outcomes. Ann Pharmacother. 2021 Jun;55(6):711-722. doi: 10.1177/1060028020967635. Epub 2020 Oct 19.",research/searches/A1/clinicaltrials/ctgov_a1_designpilot_20260710/page_001.json,33073581,REC-PUBMED-33073581,,,,,,https://pubmed.ncbi.nlm.nih.gov/33073581/,,false,context_only_no_linkage_decision
LINK-CTGOV-NCT06606275-PMID-33709339,critical_result_reference,RESULT,NCT06606275,REC-CTGOV-NCT06606275,A1,ctgov_a1_designpilot_20260710,The Safety and Effectiveness of Warfarin Vs Apixaban in Patients With NVAF/ VTE and ESKD on Dialysis,The Safety and Effectiveness of Warfarin Vs Apixaban in Patients With Non-Valvular Atrial Fibrillation/ Venous Thromboembolism and End-Stage Kidney Disease on Dialysis,COMPLETED,OBSERVATIONAL,,67,End-Stage Kidney Disease (ESKD)|Non-valvular Atrial Fibrillation (NVAF)|Venous Thromboembolism (VTE),DRUG:Apixaban|DRUG:Warfarin,Abu Dhabi Health Services Company,https://clinicaltrials.gov/study/NCT06606275,"Chen HY, Ou SH, Huang CW, Lee PT, Chou KJ, Lin PC, Su YC. Efficacy and Safety of Direct Oral Anticoagulants vs Warfarin in Patients with Chronic Kidney Disease and Dialysis Patients: A Systematic Review and Meta-Analysis. Clin Drug Investig. 2021 Apr;41(4):341-351. doi: 10.1007/s40261-021-01016-7. Epub 2021 Mar 11.",research/searches/A1/clinicaltrials/ctgov_a1_designpilot_20260710/page_001.json,33709339,REC-PUBMED-33709339,,,,,,https://pubmed.ncbi.nlm.nih.gov/33709339/,,false,context_only_no_linkage_decision
LINK-CTGOV-NCT06606275-PMID-34078109,critical_result_reference,RESULT,NCT06606275,REC-CTGOV-NCT06606275,A1,ctgov_a1_designpilot_20260710,The Safety and Effectiveness of Warfarin Vs Apixaban in Patients With NVAF/ VTE and ESKD on Dialysis,The Safety and Effectiveness of Warfarin Vs Apixaban in Patients With Non-Valvular Atrial Fibrillation/ Venous Thromboembolism and End-Stage Kidney Disease on Dialysis,COMPLETED,OBSERVATIONAL,,67,End-Stage Kidney Disease (ESKD)|Non-valvular Atrial Fibrillation (NVAF)|Venous Thromboembolism (VTE),DRUG:Apixaban|DRUG:Warfarin,Abu Dhabi Health Services Company,https://clinicaltrials.gov/study/NCT06606275,"Kelly DM, Ademi Z, Doehner W, Lip GYH, Mark P, Toyoda K, Wong CX, Sarnak M, Cheung M, Herzog CA, Johansen KL, Reinecke H, Sood MM. Chronic Kidney Disease and Cerebrovascular Disease: Consensus and Guidance From a KDIGO Controversies Conference. Stroke. 2021 Jul;52(7):e328-e346. doi: 10.1161/STROKEAHA.120.029680. Epub 2021 Jun 3.",research/searches/A1/clinicaltrials/ctgov_a1_designpilot_20260710/page_001.json,34078109,REC-PUBMED-34078109,,,,,,https://pubmed.ncbi.nlm.nih.gov/34078109/,,false,context_only_no_linkage_decision
LINK-CTGOV-NCT06823466-PMID-41758563,high_derived_reference,DERIVED,NCT06823466,REC-CTGOV-NCT06823466,A1,ctgov_a1_designpilot_20260710,Advancing Knowledge in Ischemic Stroke Patients on Oral Anticoagulants,Advancing Knowledge in Ischemic Stroke Patients on Oral Anticoagulants - The ASPERA International Registry,RECRUITING,OBSERVATIONAL,,200,Ischemic Stroke|Oral Anticoagulation|Atrial Fibrillation (AF)|Outcome Assessment|Clinical Presentations,,University of L'Aquila,https://clinicaltrials.gov/study/NCT06823466,"Foschi M, De Santis F, Gabriele F, D'Anna L, Zini A, Paolucci M, Forlivesi S, Migliaccio L, Viola MM, Rizzo AC, Sessa M, Schwarz G, Tortorella R, Banerjee S, Desai G, Jaffar M, Prandin G, Pantoni L, Mele F, Scopelliti G, Cova I, Valente M, Maisano D, Antonelli L, Bagnato MR, Di Mauro G, Bernocchi F, Di Donna MG, Casolla B, Mazloum MP, Kacani K, Djeghlal NA, Gonzalez-Martin L, Rigual R, Fuentes B, Hervas C, Candelaresi P, Andreone V, De Mase A, Spina E, de Sousa DA, Souza MA, Fior A, Serodio M, Caliandro P, Zauli A, Reale G, Abdelalim A, Ahmed S, Soliman NM, Zhang L, Latimer T, Elboghday M, Elbassiouny AA, Roushdy T, Shokri H, Ferrari F, Loizzo ND, Mazzacane F, Guarino M, Barone V, Forti P, Rinaldi G, Rossi MV, Laterza V, Frisullo G, Rizzo PA, Broccolini A, Mannino M, Terruso V, Caggiula M, Rizzo A, Fonseca AC, Antunes B, Barbosa AM, Budincevic H, Crnac P, Viticchi G, Silvestrini M, Barba L, Otto M, Lochner P, Landau B, Buddha S, Khalil R, Piscaglia MG, Minguzzi E, Zedde M, Nasreldein A, Vinciguerra L, Costa L, Elsayed AE, AlBanna M, Tudisco L, Mosconi MG, Merlino G, Polymeris A, Ornello R, Sacco S. Impact of cancer on outcomes following breakthrough ischaemic stroke on oral anticoagulants for atrial fibrillation: insights from the ASPERA-R study. Eur Stroke J. 2026 Feb 9;11(2):aakag015. doi: 10.1093/esj/aakag015.",research/searches/A1/clinicaltrials/ctgov_a1_designpilot_20260710/page_001.json,41758563,REC-PUBMED-41758563,,,,,,https://pubmed.ncbi.nlm.nih.gov/41758563/,,false,context_only_no_linkage_decision
LINK-CTGOV-NCT06823466-PMID-41974022,high_derived_reference,DERIVED,NCT06823466,REC-CTGOV-NCT06823466,A1,ctgov_a1_designpilot_20260710,Advancing Knowledge in Ischemic Stroke Patients on Oral Anticoagulants,Advancing Knowledge in Ischemic Stroke Patients on Oral Anticoagulants - The ASPERA International Registry,RECRUITING,OBSERVATIONAL,,200,Ischemic Stroke|Oral Anticoagulation|Atrial Fibrillation (AF)|Outcome Assessment|Clinical Presentations,,University of L'Aquila,https://clinicaltrials.gov/study/NCT06823466,"Foschi M, De Santis F, Gabriele F, Ornello R, D'Anna L, Zini A, Paolucci M, Forlivesi S, Migliaccio L, Viola MM, Cascio Rizzo A, Sessa M, Schwarz G, Tortorella R, Banerjee S, Desai G, Ahmed KF, Prandin G, Pantoni L, Mele F, Scopelliti G, Cova I, Valente M, Maisano D, Antonelli L, Bagnato MR, Di Mauro G, Bernocchi F, Di Donna MG, Casolla B, Mazloum P, Campisi C, Caraux A, Gonzalez-Martin L, Rigual R, Fuentes B, Hervas-Testal C, Candelaresi P, Andreone V, De Mase A, Spina E, Aguiar De Sousa D, Souza MA, Fior A, Serodio M, Caliandro P, Zauli A, Reale G, Abdelalim A, Ahmed S, Ismail SA, Zhang L, Latimer T, Elboghdady M, Elbassiouny A, Roushdy T, Shokri H, Ferrari F, Loizzo ND, Mazzacane F, Guarino M, Barone V, Forti P, Rinaldi G, Rossi MV, Laterza V, Frisullo G, Rizzo PA, Broccolini A, Mannino M, Terruso V, Caggiula M, Rizzo A, Fonseca AC, Antunes B, Barbosa AM, Budincevic H, Crnac P, Viticchi G, Silvestrini M, Barba L, Musienko V, Otto M, Lochner P, Landau B, Buddha S, Khalil R, Piscaglia MG, Minguzzi E, Zedde M, Nasreldein A, Vinciguerra L, Costa LR, Elsayed AE, AlBanna M, Tudisco L, Mosconi MG, Polymeris AA, Merlino G, Sacco S. Competing Stroke Etiologies and Outcomes After Breakthrough Ischemic Stroke on Oral Anticoagulants in Patients With Atrial Fibrillation. Neurology. 2026 May 12;106(9):e214758. doi: 10.1212/WNL.0000000000214758. Epub 2026 Apr 13.",research/searches/A1/clinicaltrials/ctgov_a1_designpilot_20260710/page_001.json,41974022,REC-PUBMED-41974022,,,,,,https://pubmed.ncbi.nlm.nih.gov/41974022/,,false,context_only_no_linkage_decision
LINK-CTGOV-NCT07185295-PMID-41916623,high_derived_reference,DERIVED,NCT07185295,REC-CTGOV-NCT07185295,A1,ctgov_a1_designpilot_20260710,Short-term Interruption Versus Continuous Anticoagulation in Colorectal Polypectomy,"Short-term Interruption Versus Continuous Anticoagulation in Colorectal Polypectomy, a Randomized Multicenter Investigator-initiated Non-inferiority Clinical Trial",ACTIVE_NOT_RECRUITING,INTERVENTIONAL,PHASE4,481,Anticoagulated Patients,PROCEDURE:To maintain anticoagulant therapy during the polypectomy of colorectal lesions,Outcomes'10,https://clinicaltrials.gov/study/NCT07185295,"Majano Diaz L, Rodriguez de Santiago E, Nunez Rodriguez H, Corte DP, de Jorge Turrion MA, Pellise M, Ocon JM, Pons FR, Santiago Garcia J, Alonso EB, Escaja CR, Santos Rodriguez A, Canete Ruiz A, Muriel A, Zamora J, Garcia BP, Carbonell SP, Garcia Garcia de Paredes A, Garrido Gomez E, Lopez Cardona J, Duran SL, Aicart-Ramos M, Lalastra CS, Angel Rodriguez Gandia M, Garcia de la Filia I, Aldehuelo RS, Hernandez ET, Martinez Sanchez A, Mateos Munoz B, Martinez Gonzalez J, Ortega JD, de la Fuente Briongos E, Redondo PD, Cano CC, Alvarez LP, Pieter CEC, Remizova MO, Gonzalez Silva I, Ferrer Blanco A, Claros LS, Tejedor-Tejada J, Jimenez Jurado A, Mazzola VKC, Cabal IB, Leoz D, Rivas E, Calvo A, Herreros-de-Tejada A, de Frutos Rosa D, Gomez FV, Gutierrez Landaluce P, Colomet RM, Diez PF, Blanco Garcia L, Castano Fernandez O, Ruiz Zorrilla Lopez R, Lorenzo MEM, Lopez Fernandez E, Sierra Morales M, Garcia Centeno P, Maestro Prada I, Vazquez-Sequeiros E, Albillos Martinez A; Mucosal Resection and Third-Space Endoscopy SEED Working Group. Temporary interruption versus maintenance of anticoagulation in polypectomy of colorectal lesions: study protocol for a multicentre randomised non-inferiority clinical trial POLYPHEM. BMJ Open. 2026 Mar 30;16(3):e111695. doi: 10.1136/bmjopen-2025-111695.",research/searches/A1/clinicaltrials/ctgov_a1_designpilot_20260710/page_001.json,41916623,REC-PUBMED-41916623,Temporary interruption versus maintenance of anticoagulation in polypectomy of colorectal lesions: study protocol for a multicentre randomised non-inferiority clinical trial POLYPHEM.,Majano Díaz L,2026,BMJ open,10.1136/bmjopen-2025-111695,https://pubmed.ncbi.nlm.nih.gov/41916623/,research/searches/A1/pubmed/pubmed_a1_designpilot_20260710/efetch_042.xml,true,context_only_no_linkage_decision
LINK-CTGOV-NCT07330869-PMID-10647757,critical_result_reference,RESULT,NCT07330869,REC-CTGOV-NCT07330869,A1,ctgov_a1_designpilot_20260710,Warfarin Effects on Male Fertility After Cardiac Surgery,"Effects of Warfarin Therapy on Semen Quality, DNA Integrity, Hormonal Profile and Molecular Alterations in Male Patients Undergoing Cardiac Surgery: A Prospective Comparative Pilot Study",NOT_YET_RECRUITING,OBSERVATIONAL,,90,Male Infertility|Heart Valve Disease,"OTHER:Semen analysis, sperm DNA fragmentation and hormonal evaluation","Città di Lecce Hospital, GVM Care & Research",https://clinicaltrials.gov/study/NCT07330869,"Chan WS, Anand S, Ginsberg JS. Anticoagulation of pregnant women with mechanical heart valves: a systematic review of the literature. Arch Intern Med. 2000 Jan 24;160(2):191-6. doi: 10.1001/archinte.160.2.191.",research/searches/A1/clinicaltrials/ctgov_a1_designpilot_20260710/page_001.json,10647757,REC-PUBMED-10647757,,,,,,https://pubmed.ncbi.nlm.nih.gov/10647757/,,false,context_only_no_linkage_decision
LINK-CTGOV-NCT07330869-PMID-16844298,critical_result_reference,RESULT,NCT07330869,REC-CTGOV-NCT07330869,A1,ctgov_a1_designpilot_20260710,Warfarin Effects on Male Fertility After Cardiac Surgery,"Effects of Warfarin Therapy on Semen Quality, DNA Integrity, Hormonal Profile and Molecular Alterations in Male Patients Undergoing Cardiac Surgery: A Prospective Comparative Pilot Study",NOT_YET_RECRUITING,OBSERVATIONAL,,90,Male Infertility|Heart Valve Disease,"OTHER:Semen analysis, sperm DNA fragmentation and hormonal evaluation","Città di Lecce Hospital, GVM Care & Research",https://clinicaltrials.gov/study/NCT07330869,"Shirakawa H, Ohsaki Y, Minegishi Y, Takumi N, Ohinata K, Furukawa Y, Mizutani T, Komai M. Vitamin K deficiency reduces testosterone production in the testis through down-regulation of the Cyp11a a cholesterol side chain cleavage enzyme in rats. Biochim Biophys Acta. 2006 Oct;1760(10):1482-8. doi: 10.1016/j.bbagen.2006.05.008. Epub 2006 Jun 6.",research/searches/A1/clinicaltrials/ctgov_a1_designpilot_20260710/page_001.json,16844298,REC-PUBMED-16844298,,,,,,https://pubmed.ncbi.nlm.nih.gov/16844298/,,false,context_only_no_linkage_decision
LINK-CTGOV-NCT07330869-PMID-22793260,critical_result_reference,RESULT,NCT07330869,REC-CTGOV-NCT07330869,A1,ctgov_a1_designpilot_20260710,Warfarin Effects on Male Fertility After Cardiac Surgery,"Effects of Warfarin Therapy on Semen Quality, DNA Integrity, Hormonal Profile and Molecular Alterations in Male Patients Undergoing Cardiac Surgery: A Prospective Comparative Pilot Study",NOT_YET_RECRUITING,OBSERVATIONAL,,90,Male Infertility|Heart Valve Disease,"OTHER:Semen analysis, sperm DNA fragmentation and hormonal evaluation","Città di Lecce Hospital, GVM Care & Research",https://clinicaltrials.gov/study/NCT07330869,"Popov A, Belij S, Subota V, Zolotarevski L, Mirkov I, Kataranovski D, Kataranovski M. Oral warfarin affects peripheral blood leukocyte IL-6 and TNFalpha production in rats. J Immunotoxicol. 2013 Jan-Mar;10(1):17-24. doi: 10.3109/1547691X.2012.684159. Epub 2012 Jul 13.",research/searches/A1/clinicaltrials/ctgov_a1_designpilot_20260710/page_001.json,22793260,REC-PUBMED-22793260,Oral warfarin affects peripheral blood leukocyte IL-6 and TNFα production in rats.,Popov A,2013,Journal of immunotoxicology,10.3109/1547691x.2012.684159,https://pubmed.ncbi.nlm.nih.gov/22793260/,research/searches/A1/pubmed/pubmed_a1_designpilot_20260710/efetch_037.xml,true,context_only_no_linkage_decision
LINK-CTGOV-NCT07330869-PMID-26913230,critical_result_reference,RESULT,NCT07330869,REC-CTGOV-NCT07330869,A1,ctgov_a1_designpilot_20260710,Warfarin Effects on Male Fertility After Cardiac Surgery,"Effects of Warfarin Therapy on Semen Quality, DNA Integrity, Hormonal Profile and Molecular Alterations in Male Patients Undergoing Cardiac Surgery: A Prospective Comparative Pilot Study",NOT_YET_RECRUITING,OBSERVATIONAL,,90,Male Infertility|Heart Valve Disease,"OTHER:Semen analysis, sperm DNA fragmentation and hormonal evaluation","Città di Lecce Hospital, GVM Care & Research",https://clinicaltrials.gov/study/NCT07330869,"Azenabor A, Ekun AO, Akinloye O. Impact of Inflammation on Male Reproductive Tract. J Reprod Infertil. 2015 Jul-Sep;16(3):123-9.",research/searches/A1/clinicaltrials/ctgov_a1_designpilot_20260710/page_001.json,26913230,REC-PUBMED-26913230,,,,,,https://pubmed.ncbi.nlm.nih.gov/26913230/,,false,context_only_no_linkage_decision
LINK-CTGOV-NCT07330869-PMID-30165544,critical_result_reference,RESULT,NCT07330869,REC-CTGOV-NCT07330869,A1,ctgov_a1_designpilot_20260710,Warfarin Effects on Male Fertility After Cardiac Surgery,"Effects of Warfarin Therapy on Semen Quality, DNA Integrity, Hormonal Profile and Molecular Alterations in Male Patients Undergoing Cardiac Surgery: A Prospective Comparative Pilot Study",NOT_YET_RECRUITING,OBSERVATIONAL,,90,Male Infertility|Heart Valve Disease,"OTHER:Semen analysis, sperm DNA fragmentation and hormonal evaluation","Città di Lecce Hospital, GVM Care & Research",https://clinicaltrials.gov/study/NCT07330869,"Regitz-Zagrosek V, Roos-Hesselink JW, Bauersachs J, Blomstrom-Lundqvist C, Cifkova R, De Bonis M, Iung B, Johnson MR, Kintscher U, Kranke P, Lang IM, Morais J, Pieper PG, Presbitero P, Price S, Rosano GMC, Seeland U, Simoncini T, Swan L, Warnes CA; ESC Scientific Document Group. 2018 ESC Guidelines for the management of cardiovascular diseases during pregnancy. Eur Heart J. 2018 Sep 7;39(34):3165-3241. doi: 10.1093/eurheartj/ehy340. No abstract available.",research/searches/A1/clinicaltrials/ctgov_a1_designpilot_20260710/page_001.json,30165544,REC-PUBMED-30165544,,,,,,https://pubmed.ncbi.nlm.nih.gov/30165544/,,false,context_only_no_linkage_decision
LINK-CTGOV-NCT07330869-PMID-30929729,critical_result_reference,RESULT,NCT07330869,REC-CTGOV-NCT07330869,A1,ctgov_a1_designpilot_20260710,Warfarin Effects on Male Fertility After Cardiac Surgery,"Effects of Warfarin Therapy on Semen Quality, DNA Integrity, Hormonal Profile and Molecular Alterations in Male Patients Undergoing Cardiac Surgery: A Prospective Comparative Pilot Study",NOT_YET_RECRUITING,OBSERVATIONAL,,90,Male Infertility|Heart Valve Disease,"OTHER:Semen analysis, sperm DNA fragmentation and hormonal evaluation","Città di Lecce Hospital, GVM Care & Research",https://clinicaltrials.gov/study/NCT07330869,"Alfano M, Pederzoli F, Locatelli I, Ippolito S, Longhi E, Zerbi P, Ferrari M, Brendolan A, Montorsi F, Drago D, Andolfo A, Nebuloni M, Salonia A. Impaired testicular signaling of vitamin A and vitamin K contributes to the aberrant composition of the extracellular matrix in idiopathic germ cell aplasia. Fertil Steril. 2019 Apr;111(4):687-698. doi: 10.1016/j.fertnstert.2018.12.002.",research/searches/A1/clinicaltrials/ctgov_a1_designpilot_20260710/page_001.json,30929729,REC-PUBMED-30929729,,,,,,https://pubmed.ncbi.nlm.nih.gov/30929729/,,false,context_only_no_linkage_decision
LINK-CTGOV-NCT07330869-PMID-30981116,critical_result_reference,RESULT,NCT07330869,REC-CTGOV-NCT07330869,A1,ctgov_a1_designpilot_20260710,Warfarin Effects on Male Fertility After Cardiac Surgery,"Effects of Warfarin Therapy on Semen Quality, DNA Integrity, Hormonal Profile and Molecular Alterations in Male Patients Undergoing Cardiac Surgery: A Prospective Comparative Pilot Study",NOT_YET_RECRUITING,OBSERVATIONAL,,90,Male Infertility|Heart Valve Disease,"OTHER:Semen analysis, sperm DNA fragmentation and hormonal evaluation","Città di Lecce Hospital, GVM Care & Research",https://clinicaltrials.gov/study/NCT07330869,"Ma H, Zhang BL, Liu BY, Shi S, Gao DY, Zhang TC, Shi HJ, Li Z, Shum WW. Vitamin K2-Dependent GGCX and MGP Are Required for Homeostatic Calcium Regulation of Sperm Maturation. iScience. 2019 Apr 26;14:210-225. doi: 10.1016/j.isci.2019.03.030. Epub 2019 Mar 29.",research/searches/A1/clinicaltrials/ctgov_a1_designpilot_20260710/page_001.json,30981116,REC-PUBMED-30981116,Vitamin K2-Dependent GGCX and MGP Are Required for Homeostatic Calcium Regulation of Sperm Maturation.,Ma H,2019,iScience,10.1016/j.isci.2019.03.030,https://pubmed.ncbi.nlm.nih.gov/30981116/,research/searches/A1/pubmed/pubmed_a1_designpilot_20260710/efetch_015.xml,true,context_only_no_linkage_decision
LINK-CTGOV-NCT07330869-PMID-31576592,critical_result_reference,RESULT,NCT07330869,REC-CTGOV-NCT07330869,A1,ctgov_a1_designpilot_20260710,Warfarin Effects on Male Fertility After Cardiac Surgery,"Effects of Warfarin Therapy on Semen Quality, DNA Integrity, Hormonal Profile and Molecular Alterations in Male Patients Undergoing Cardiac Surgery: A Prospective Comparative Pilot Study",NOT_YET_RECRUITING,OBSERVATIONAL,,90,Male Infertility|Heart Valve Disease,"OTHER:Semen analysis, sperm DNA fragmentation and hormonal evaluation","Città di Lecce Hospital, GVM Care & Research",https://clinicaltrials.gov/study/NCT07330869,"Sanyaolu AO, Oremosu AA, Osinubi AA, Vermeer C, Daramola AO. Warfarin-induced vitamin K deficiency affects spermatogenesis in Sprague-Dawley rats. Andrologia. 2019 Nov;51(10):e13416. doi: 10.1111/and.13416. Epub 2019 Oct 1.",research/searches/A1/clinicaltrials/ctgov_a1_designpilot_20260710/page_001.json,31576592,REC-PUBMED-31576592,Warfarin-induced vitamin K deficiency affects spermatogenesis in Sprague-Dawley rats.,Sanyaolu AO,2019,Andrologia,10.1111/and.13416,https://pubmed.ncbi.nlm.nih.gov/31576592/,research/searches/A1/pubmed/pubmed_a1_designpilot_20260710/efetch_013.xml,true,context_only_no_linkage_decision
LINK-CTGOV-NCT07330869-PMID-33526452,critical_result_reference,RESULT,NCT07330869,REC-CTGOV-NCT07330869,A1,ctgov_a1_designpilot_20260710,Warfarin Effects on Male Fertility After Cardiac Surgery,"Effects of Warfarin Therapy on Semen Quality, DNA Integrity, Hormonal Profile and Molecular Alterations in Male Patients Undergoing Cardiac Surgery: A Prospective Comparative Pilot Study",NOT_YET_RECRUITING,OBSERVATIONAL,,90,Male Infertility|Heart Valve Disease,"OTHER:Semen analysis, sperm DNA fragmentation and hormonal evaluation","Città di Lecce Hospital, GVM Care & Research",https://clinicaltrials.gov/study/NCT07330869,"Shiba S, Ikeda K, Horie-Inoue K, Azuma K, Hasegawa T, Amizuka N, Tanaka T, Takeiwa T, Shibata Y, Koji T, Inoue S. Vitamin K-Dependent gamma-Glutamyl Carboxylase in Sertoli Cells Is Essential for Male Fertility in Mice. Mol Cell Biol. 2021 Mar 24;41(4):e00404-20. doi: 10.1128/MCB.00404-20. Print 2021 Mar 24.",research/searches/A1/clinicaltrials/ctgov_a1_designpilot_20260710/page_001.json,33526452,REC-PUBMED-33526452,Vitamin K-Dependent γ-Glutamyl Carboxylase in Sertoli Cells Is Essential for Male Fertility in Mice.,Shiba S,2021,Molecular and cellular biology,10.1128/mcb.00404-20,https://pubmed.ncbi.nlm.nih.gov/33526452/,research/searches/A1/pubmed/pubmed_a1_designpilot_20260710/efetch_057.xml,true,context_only_no_linkage_decision
LINK-CTGOV-NCT07330869-PMID-6985765,critical_result_reference,RESULT,NCT07330869,REC-CTGOV-NCT07330869,A1,ctgov_a1_designpilot_20260710,Warfarin Effects on Male Fertility After Cardiac Surgery,"Effects of Warfarin Therapy on Semen Quality, DNA Integrity, Hormonal Profile and Molecular Alterations in Male Patients Undergoing Cardiac Surgery: A Prospective Comparative Pilot Study",NOT_YET_RECRUITING,OBSERVATIONAL,,90,Male Infertility|Heart Valve Disease,"OTHER:Semen analysis, sperm DNA fragmentation and hormonal evaluation","Città di Lecce Hospital, GVM Care & Research",https://clinicaltrials.gov/study/NCT07330869,"Hall JG, Pauli RM, Wilson KM. Maternal and fetal sequelae of anticoagulation during pregnancy. Am J Med. 1980 Jan;68(1):122-40. doi: 10.1016/0002-9343(80)90181-3.",research/searches/A1/clinicaltrials/ctgov_a1_designpilot_20260710/page_001.json,6985765,REC-PUBMED-6985765,,,,,,https://pubmed.ncbi.nlm.nih.gov/6985765/,,false,context_only_no_linkage_decision
LINK-CTGOV-NCT07408076-PMID-10608521,manual_background_reference,BACKGROUND,NCT07408076,REC-CTGOV-NCT07408076,B1,ctgov_b1_designpilot_20260710,Sodium Bicarbonate as an Alternative to Potassium Citrate for Kidney Stones,Sodium Bicarbonate as an Alternative to Potassium Citrate for Kidney Stones,NOT_YET_RECRUITING,INTERVENTIONAL,PHASE1|PHASE2,30,"Kidney Stones, Urolithiasis, Hypocitraturia|Nephrolithiasis",DRUG:Potassium Citrate|DRUG:Sodium Bicarbonate,"University of California, Los Angeles",https://clinicaltrials.gov/study/NCT07408076,"Pearle MS, Roehrborn CG, Pak CY. Meta-analysis of randomized trials for medical prevention of calcium oxalate nephrolithiasis. J Endourol. 1999 Nov;13(9):679-85. doi: 10.1089/end.1999.13.679.",research/searches/B1/clinicaltrials/ctgov_b1_designpilot_20260710/page_001.json,10608521,REC-PUBMED-10608521,,,,,,https://pubmed.ncbi.nlm.nih.gov/10608521/,,false,context_only_no_linkage_decision
LINK-CTGOV-NCT07408076-PMID-22498635,manual_background_reference,BACKGROUND,NCT07408076,REC-CTGOV-NCT07408076,B1,ctgov_b1_designpilot_20260710,Sodium Bicarbonate as an Alternative to Potassium Citrate for Kidney Stones,Sodium Bicarbonate as an Alternative to Potassium Citrate for Kidney Stones,NOT_YET_RECRUITING,INTERVENTIONAL,PHASE1|PHASE2,30,"Kidney Stones, Urolithiasis, Hypocitraturia|Nephrolithiasis",DRUG:Potassium Citrate|DRUG:Sodium Bicarbonate,"University of California, Los Angeles",https://clinicaltrials.gov/study/NCT07408076,"Scales CD Jr, Smith AC, Hanley JM, Saigal CS; Urologic Diseases in America Project. Prevalence of kidney stones in the United States. Eur Urol. 2012 Jul;62(1):160-5. doi: 10.1016/j.eururo.2012.03.052. Epub 2012 Mar 31.",research/searches/B1/clinicaltrials/ctgov_b1_designpilot_20260710/page_001.json,22498635,REC-PUBMED-22498635,,,,,,https://pubmed.ncbi.nlm.nih.gov/22498635/,,false,context_only_no_linkage_decision
LINK-CTGOV-NCT07408076-PMID-23602798,manual_background_reference,BACKGROUND,NCT07408076,REC-CTGOV-NCT07408076,B1,ctgov_b1_designpilot_20260710,Sodium Bicarbonate as an Alternative to Potassium Citrate for Kidney Stones,Sodium Bicarbonate as an Alternative to Potassium Citrate for Kidney Stones,NOT_YET_RECRUITING,INTERVENTIONAL,PHASE1|PHASE2,30,"Kidney Stones, Urolithiasis, Hypocitraturia|Nephrolithiasis",DRUG:Potassium Citrate|DRUG:Sodium Bicarbonate,"University of California, Los Angeles",https://clinicaltrials.gov/study/NCT07408076,"Pinheiro VB, Baxmann AC, Tiselius HG, Heilberg IP. The effect of sodium bicarbonate upon urinary citrate excretion in calcium stone formers. Urology. 2013 Jul;82(1):33-7. doi: 10.1016/j.urology.2013.03.002. Epub 2013 Apr 18.",research/searches/B1/clinicaltrials/ctgov_b1_designpilot_20260710/page_001.json,23602798,REC-PUBMED-23602798,,,,,,https://pubmed.ncbi.nlm.nih.gov/23602798/,,false,context_only_no_linkage_decision
LINK-CTGOV-NCT07408076-PMID-24857648,manual_background_reference,BACKGROUND,NCT07408076,REC-CTGOV-NCT07408076,B1,ctgov_b1_designpilot_20260710,Sodium Bicarbonate as an Alternative to Potassium Citrate for Kidney Stones,Sodium Bicarbonate as an Alternative to Potassium Citrate for Kidney Stones,NOT_YET_RECRUITING,INTERVENTIONAL,PHASE1|PHASE2,30,"Kidney Stones, Urolithiasis, Hypocitraturia|Nephrolithiasis",DRUG:Potassium Citrate|DRUG:Sodium Bicarbonate,"University of California, Los Angeles",https://clinicaltrials.gov/study/NCT07408076,"Pearle MS, Goldfarb DS, Assimos DG, Curhan G, Denu-Ciocca CJ, Matlaga BR, Monga M, Penniston KL, Preminger GM, Turk TM, White JR; American Urological Assocation. Medical management of kidney stones: AUA guideline. J Urol. 2014 Aug;192(2):316-24. doi: 10.1016/j.juro.2014.05.006. Epub 2014 May 20.",research/searches/B1/clinicaltrials/ctgov_b1_designpilot_20260710/page_001.json,24857648,REC-PUBMED-24857648,,,,,,https://pubmed.ncbi.nlm.nih.gov/24857648/,,false,context_only_no_linkage_decision
LINK-CTGOV-NCT07408076-PMID-2688503,manual_background_reference,BACKGROUND,NCT07408076,REC-CTGOV-NCT07408076,B1,ctgov_b1_designpilot_20260710,Sodium Bicarbonate as an Alternative to Potassium Citrate for Kidney Stones,Sodium Bicarbonate as an Alternative to Potassium Citrate for Kidney Stones,NOT_YET_RECRUITING,INTERVENTIONAL,PHASE1|PHASE2,30,"Kidney Stones, Urolithiasis, Hypocitraturia|Nephrolithiasis",DRUG:Potassium Citrate|DRUG:Sodium Bicarbonate,"University of California, Los Angeles",https://clinicaltrials.gov/study/NCT07408076,"Uribarri J, Oh MS, Carroll HJ. The first kidney stone. Ann Intern Med. 1989 Dec 15;111(12):1006-9. doi: 10.7326/0003-4819-111-12-1006.",research/searches/B1/clinicaltrials/ctgov_b1_designpilot_20260710/page_001.json,2688503,REC-PUBMED-2688503,,,,,,https://pubmed.ncbi.nlm.nih.gov/2688503/,,false,context_only_no_linkage_decision
LINK-CTGOV-NCT07408076-PMID-27041472,manual_background_reference,BACKGROUND,NCT07408076,REC-CTGOV-NCT07408076,B1,ctgov_b1_designpilot_20260710,Sodium Bicarbonate as an Alternative to Potassium Citrate for Kidney Stones,Sodium Bicarbonate as an Alternative to Potassium Citrate for Kidney Stones,NOT_YET_RECRUITING,INTERVENTIONAL,PHASE1|PHASE2,30,"Kidney Stones, Urolithiasis, Hypocitraturia|Nephrolithiasis",DRUG:Potassium Citrate|DRUG:Sodium Bicarbonate,"University of California, Los Angeles",https://clinicaltrials.gov/study/NCT07408076,"Dauw CA, Yi Y, Bierlein MJ, Yan P, Alruwaily AF, Ghani KR, Wolf JS Jr, Hollenbeck BK, Hollingsworth JM. Factors Associated With Preventive Pharmacological Therapy Adherence Among Patients With Kidney Stones. Urology. 2016 Jul;93:45-9. doi: 10.1016/j.urology.2016.03.030. Epub 2016 Mar 31.",research/searches/B1/clinicaltrials/ctgov_b1_designpilot_20260710/page_001.json,27041472,REC-PUBMED-27041472,,,,,,https://pubmed.ncbi.nlm.nih.gov/27041472/,,false,context_only_no_linkage_decision
LINK-CTGOV-NCT07408076-PMID-36261757,manual_background_reference,BACKGROUND,NCT07408076,REC-CTGOV-NCT07408076,B1,ctgov_b1_designpilot_20260710,Sodium Bicarbonate as an Alternative to Potassium Citrate for Kidney Stones,Sodium Bicarbonate as an Alternative to Potassium Citrate for Kidney Stones,NOT_YET_RECRUITING,INTERVENTIONAL,PHASE1|PHASE2,30,"Kidney Stones, Urolithiasis, Hypocitraturia|Nephrolithiasis",DRUG:Potassium Citrate|DRUG:Sodium Bicarbonate,"University of California, Los Angeles",https://clinicaltrials.gov/study/NCT07408076,"Xue W, Cheng J, Zhao J, Wang L, Peng A, Liu X. Comparison potassium sodium hydrogen citrate with sodium bicarbonate in urine alkalization: a prospective crossover-controlled trial. Int Urol Nephrol. 2023 Jan;55(1):61-68. doi: 10.1007/s11255-022-03387-y. Epub 2022 Oct 19.",research/searches/B1/clinicaltrials/ctgov_b1_designpilot_20260710/page_001.json,36261757,REC-PUBMED-36261757,,,,,,https://pubmed.ncbi.nlm.nih.gov/36261757/,,false,context_only_no_linkage_decision
LINK-CTGOV-NCT07408076-PMID-8230497,manual_background_reference,BACKGROUND,NCT07408076,REC-CTGOV-NCT07408076,B1,ctgov_b1_designpilot_20260710,Sodium Bicarbonate as an Alternative to Potassium Citrate for Kidney Stones,Sodium Bicarbonate as an Alternative to Potassium Citrate for Kidney Stones,NOT_YET_RECRUITING,INTERVENTIONAL,PHASE1|PHASE2,30,"Kidney Stones, Urolithiasis, Hypocitraturia|Nephrolithiasis",DRUG:Potassium Citrate|DRUG:Sodium Bicarbonate,"University of California, Los Angeles",https://clinicaltrials.gov/study/NCT07408076,"Barcelo P, Wuhl O, Servitge E, Rousaud A, Pak CY. Randomized double-blind study of potassium citrate in idiopathic hypocitraturic calcium nephrolithiasis. J Urol. 1993 Dec;150(6):1761-4. doi: 10.1016/s0022-5347(17)35888-3.",research/searches/B1/clinicaltrials/ctgov_b1_designpilot_20260710/page_001.json,8230497,REC-PUBMED-8230497,,,,,,https://pubmed.ncbi.nlm.nih.gov/8230497/,,false,context_only_no_linkage_decision
LINK-CTGOV-NCT07408076-PMID-9366314,manual_background_reference,BACKGROUND,NCT07408076,REC-CTGOV-NCT07408076,B1,ctgov_b1_designpilot_20260710,Sodium Bicarbonate as an Alternative to Potassium Citrate for Kidney Stones,Sodium Bicarbonate as an Alternative to Potassium Citrate for Kidney Stones,NOT_YET_RECRUITING,INTERVENTIONAL,PHASE1|PHASE2,30,"Kidney Stones, Urolithiasis, Hypocitraturia|Nephrolithiasis",DRUG:Potassium Citrate|DRUG:Sodium Bicarbonate,"University of California, Los Angeles",https://clinicaltrials.gov/study/NCT07408076,"Ettinger B, Pak CY, Citron JT, Thomas C, Adams-Huet B, Vangessel A. Potassium-magnesium citrate is an effective prophylaxis against recurrent calcium oxalate nephrolithiasis. J Urol. 1997 Dec;158(6):2069-73. doi: 10.1016/s0022-5347(01)68155-2.",research/searches/B1/clinicaltrials/ctgov_b1_designpilot_20260710/page_001.json,9366314,REC-PUBMED-9366314,,,,,,https://pubmed.ncbi.nlm.nih.gov/9366314/,,false,context_only_no_linkage_decision
LINK-CTGOV-NCT07571460-PMID-36858157,manual_background_reference,BACKGROUND,NCT07571460,REC-CTGOV-NCT07571460,A1,ctgov_a1_designpilot_20260710,Clinical Application of Simcyp-Guided Warfarin Initiation Doses in Cirrhotic Patients With Portal Vein Thrombosis,Dose Prediction for Statins and Anticoagulant Medications in Cirrhotic Patients Using Simcyp Program: Applications in Clinical Practice,COMPLETED,INTERVENTIONAL,PHASE4,21,Liver Cirrhosis|Portal Vein Thrombosis,DRUG:Warfarin 3 mg|DRUG:Warfarin 2 mg,Kafrelsheikh University,https://clinicaltrials.gov/study/NCT07571460,"Guerrero A, Campo LD, Piscaglia F, Scheiner B, Han G, Violi F, Ferreira CN, Tellez L, Reiberger T, Basili S, Zamora J, Albillos A; Baveno Cooperation: an EASL consortium. Anticoagulation improves survival in patients with cirrhosis and portal vein thrombosis: The IMPORTAL competing-risk meta-analysis. J Hepatol. 2023 Jul;79(1):69-78. doi: 10.1016/j.jhep.2023.02.023. Epub 2023 Feb 28.",research/searches/A1/clinicaltrials/ctgov_a1_designpilot_20260710/page_001.json,36858157,REC-PUBMED-36858157,,,,,,https://pubmed.ncbi.nlm.nih.gov/36858157/,,false,context_only_no_linkage_decision
LINK-CTGOV-NCT07571460-PMID-39708000,manual_background_reference,BACKGROUND,NCT07571460,REC-CTGOV-NCT07571460,A1,ctgov_a1_designpilot_20260710,Clinical Application of Simcyp-Guided Warfarin Initiation Doses in Cirrhotic Patients With Portal Vein Thrombosis,Dose Prediction for Statins and Anticoagulant Medications in Cirrhotic Patients Using Simcyp Program: Applications in Clinical Practice,COMPLETED,INTERVENTIONAL,PHASE4,21,Liver Cirrhosis|Portal Vein Thrombosis,DRUG:Warfarin 3 mg|DRUG:Warfarin 2 mg,Kafrelsheikh University,https://clinicaltrials.gov/study/NCT07571460,"Davis JPE, Lim JK, Francis FF, Ahn J. AGA Clinical Practice Update on Management of Portal Vein Thrombosis in Patients With Cirrhosis: Expert Review. Gastroenterology. 2025 Feb;168(2):396-404.e1. doi: 10.1053/j.gastro.2024.10.038. Epub 2024 Dec 20.",research/searches/A1/clinicaltrials/ctgov_a1_designpilot_20260710/page_001.json,39708000,REC-PUBMED-39708000,AGA Clinical Practice Update on Management of Portal Vein Thrombosis in Patients With Cirrhosis: Expert Review.,Davis JPE,2025,Gastroenterology,10.1053/j.gastro.2024.10.038,https://pubmed.ncbi.nlm.nih.gov/39708000/,research/searches/A1/pubmed/pubmed_a1_designpilot_20260710/efetch_045.xml,true,context_only_no_linkage_decision
