question_id,record_id,source,provider_id,title,abstract,authors,year,venue,publication_types,doi,url,screening_decision,regex_passed,source_scope,locator,locator_text,dose,outcome,key_finding,population,priority_score,raw_source_path,raw_source_sha256,extracted_effect_value,extracted_effect_status,status
HRS1_PERIOPERATIVE,pubmed:41114550,pubmed,41114550,"Evaluation of TU-100 (Daikenchuto), a Traditional Japanese Kampo Medicine, as an Adjunct to Enhanced Recovery After Surgery, for Acceleration of Gastrointestinal Recovery After Bowel Resection: Results of a Proof-of-Concept, Phase 2, Randomized, Double-Blinded, Placebo-Controlled Trial.","BACKGROUND: A transient inhibition of GI motility (postoperative ileus) can occur after colorectal surgery and may lead to complications and prolonged hospitalization. OBJECTIVE: To examine the effect of TU-100, a Japanese herbal medicine, on the acceleration of GI recovery after bowel resection. DESIGN: Proof-of-concept, randomized, double-blinded, placebo-controlled phase 2 trial (NCT04742907). SETTINGS: Thirty-six US hospital sites. PATIENTS: Patients undergoing elective bowel resection. INTERVENTIONS: Placebo, TU-100 7.5 g/d, or TU-100 15 g/d given orally from postoperative day 1 for 10 days or less while hospitalized. MAIN OUTCOME MEASURES: The primary end point was time to GI recovery, a composite representing upper (first toleration of clear liquids) and lower (first bowel movement or absence of distention and presence of bowel sounds and flatus) GI motility. Multiple GI- and discharge-related outcomes were also evaluated. RESULTS: A total of 392 patients received at least 1 dose. TU-100 7.5 g/d was not associated with a statistically significant difference for GI recovery (HR 1.17 [95% CI, 0.91-1.50]). However, a higher proportion of patients in the 7.5 g/d group achieved GI recovery by postoperative day 2 versus the placebo group (78.1% vs 66.9%, p = 0.047). Median length of stay was significantly shorter in the 7.5 g/d (2 days) vs placebo (3 days [ p = 0.03]) group. Patient-reported nausea and abdominal bloating bothersomeness were lower in the early postoperative period for 7.5 g/d versus placebo group. Overall, no significant differences between 15 g/d and placebo were noted. LIMITATIONS: Limited dosing and short evaluation window (short hospital stay). CONCLUSIONS: Compared with the placebo, TU-100 7.5 g/d was associated with consistent, encouraging trends in efficacy outcomes, including more patients achieving GI recovery by postoperative day 2, with fewer bothersome GI symptoms. A statistically significant difference in hospital stay was noted for patients receiving 7.5 g/d versus placebo, despite relatively short stays, with drug administration not begun until postoperative day 1, and used in conjunction with enhanced recovery after surgery pathways. Further studies are warranted. See Video Abstract . EVALUACIN DEL TU DAIKENCHUTO, UN MEDICAMENTO TRADICIONAL JAPONS KAMPO, COMO COMPLEMENTO PARA MEJORAR LA RECUPERACIN TRAS LA CIRUGA, CON EL FIN DE ACELERAR LA RECUPERACIN GASTROINTESTINAL TRAS UNA RESECCIN INTESTINAL RESULTADOS DE UN ENSAYO DE PRUEBA DE CONCEPTO, FASE II, ALEATORIZADO, DOBLE CIEGO Y CONTROLADO CON PLACEBO: ANTECEDENTES:Tras una cirugía colorrectal puede producirse una inhibición transitoria de la motilidad gastrointestinal (íleo posoperatorio) que puede dar lugar a complicaciones y prolongar la hospitalización.OBJETIVO:Examinar el efecto del TU-100, un medicamento a base de hierbas japonesas, en la aceleración de la recuperación gastrointestinal tras una resección intestinal.DISEÑO:Ensayo de fase II de prueba de concepto, aleatorizado, doble ciego y controlado con placebo (NCT04742907).ENTORNO:Treinta y seis centros hospitalarios de Estados Unidos.PACIENTES:Pacientes sometidos a resección intestinal electiva.INTERVENCIONES:Placebo, TU-100 7,5 g/día o TU-100 15 g/día por vía oral desde el primer día postoperatorio durante ≤10 días mientras permanecieran hospitalizados.PRINCIPALES MEDIDAS DE RESULTADO:El criterio de valoración principal fue el tiempo hasta la recuperación gastrointestinal, un compuesto que representa la motilidad gastrointestinal superior (primera tolerancia de líquidos claros) e inferior ([primera evacuación intestinal] o [ausencia de distensión y presencia de ruidos intestinales y flatulencia]). También se evaluaron múltiples resultados relacionados con el tracto gastrointestinal y el alta hospitalaria.RESULTADOS:Un total de 392 pacientes recibieron ≥1 dosis. TU-100 7,5 g/día no se asoció con una diferencia estadísticamente significativa en la recuperación gastrointestinal (razón de riesgo = 1,17 [IC del 95 %: 0,91, 1,50]). Sin embargo, una mayor proporción de pacientes del grupo de 7,5 g/día logró la recuperación gastrointestinal al segundo día después de la operación en comparación con el placebo (78,1 % frente a 66,9 %, p = 0,047). La duración media de la estancia fue significativamente más corta en el grupo de 7,5 g/día (2 días) que en el de placebo (3 días [ p = 0,03]). Las molestias por náuseas y distensión abdominal notificadas por los pacientes fueron menores en el periodo postoperatorio temprano con 7,5 g/día en comparación con el placebo. En general, no se observaron diferencias significativas entre 15 g/día y el placebo.LIMITACIONES:Dosificación limitada y ventana de evaluación corta (estancia hospitalaria corta).CONCLUSIONES:En comparación con el placebo, 7,5 g/día de TU-100 se asoció con tendencias consistentes y alentadoras en los resultados de eficacia, incluyendo un mayor número de pacientes que lograron la recuperación gastrointestinal al segundo día postoperatorio con síntomas gastrointestinales menos molestos. Se observó una diferencia estadísticamente significativa en la estancia hospitalaria para 7,5 g/día frente al placebo, a pesar de las estancias relativamente cortas, de que la administración del fármaco no se iniciara hasta el primer día postoperatorio y del uso con vías de recuperación mejorada después de la cirugía. Se justifican más estudios. ( AI-generated translations ).",,2026,Diseases of the colon and rectum,"Journal Article|Clinical Trial, Phase II|Randomized Controlled Trial|Multicenter Study",10.1097/dcr.0000000000003990,https://pubmed.ncbi.nlm.nih.gov/41114550/,retain,true,abstract_only,ABSTRACT_SENTENCE_16,"CONCLUSIONS: Compared with the placebo, TU-100 7.5 g/d was associated with consistent, encouraging trends in efficacy outcomes, including more patients achieving GI recovery by postoperative day 2, with fewer bothersome GI symptoms.","7.5 g/d | 15 g/d | 7,5 g/d",BACKGROUND: A transient inhibition of GI motility (postoperative ileus) can occur after colorectal surgery and may lead to complications and prolonged hospitalization.,"CONCLUSIONS: Compared with the placebo, TU-100 7.5 g/d was associated with consistent, encouraging trends in efficacy outcomes, including more patients achieving GI recovery by postoperative day 2, with fewer bothersome GI symptoms.","BACKGROUND: A transient inhibition of GI motility (postoperative ileus) can occur after colorectal surgery and may lead to complications and prolonged hospitalization. | INTERVENTIONS: Placebo, TU-100 7.5 g/d, or TU-100 15 g/d given orally from postoperative day 1 for 10 days or less while hospitalized. | However, a higher proportion of patients in the 7.5 g/d group achieved GI recovery by postoperative day 2 versus the placebo group (78.1% vs 66.9%, p = 0.047).",3469,,,,not_observed,ai_screened_regex_confirmed
HRS1_PERIOPERATIVE,pubmed:37897197,pubmed,37897197,Pre-rehabilitation interventions for patients with head and neck cancers: A systematic review and meta-analysis.,"OBJECTIVE: To investigate the effect of pre-rehabilitation interventions such as nutrition and exercise for patients with head and neck cancer (HNC). METHODS: Web of Science, PubMed, Scopus, Google Scholar, and Cochrane databases were searched up to December 2022. Quality of life, length of hospital stay, postoperative complications, change in body mass index or muscle mass, and functional assessments were the primary outcomes. PRISMA guidelines were adhered to, and the study was registered on PROSPERO. The Cochrane Collaboration tool and Newcastle Ottawa scale assessed the quality of included studies. Pooled data are presented as odds ratios (OR) and 95% confidence intervals (CI). Analysis was conducted using RevMan5.4. RESULTS: A total of 31 articles were included for quantitative analysis and 15 for qualitative synthesis. Nutrition alone resulted in significant weight retention (2.60; 2.32, 2.88, p < 0.00001), length of stay (-4.00; -6.87, -1.13), p = 0.0006) and complications (0.64; 0.49, 0.83, p = 0.0009). Nutrition and psychoeducation resulted in a significant reduction in mortality rate (0.70; 0.49, 1.00, p = 0.05 and 0.60; 0.48, 0.74, p < 0.00001), and exercise resulted in a significant reduction in dysphagia (0.55; 0.35, 0.87, p = 0.01). Exercise with nutrition resulted in significant improvements in weight loss, length of stay, complications, and dysphagia. Randomized controlled trials (RCTs) had a moderate risk of bias and cohort studies were of fair to good quality. CONCLUSION: Prehabilitation programs based on exercise, nutrition, or psychoeducation demonstrated improved post-interventional outcomes in HNC, such as quality of life, and mortality and morbidity. Studies with longer follow-ups and larger sample sizes, and investigations comparing nutritional supplements with exercise programs are needed.",,2024,Head & neck,"Meta-Analysis|Systematic Review|Journal Article|Research Support, Non-U.S. Gov't",10.1002/hed.27561,https://pubmed.ncbi.nlm.nih.gov/37897197/,retain,true,abstract_only,ABSTRACT_SENTENCE_9,"Nutrition alone resulted in significant weight retention (2.60; 2.32, 2.88, p < 0.00001), length of stay (-4.00; -6.87, -1.13), p = 0.0006) and complications (0.64; 0.49, 0.83, p = 0.0009).",,"Quality of life, length of hospital stay, postoperative complications, change in body mass index or muscle mass, and functional assessments were the primary outcomes. | Nutrition alone resulted in significant weight retention (2.60; 2.32, 2.88, p < 0.00001), length of stay (-4.00; -6.87, -1.13), p = 0.0006) and complications (0.64; 0.49, 0.83, p = 0.0009). | Nutrition and psychoeducation resulted in a significant reduction in mortality rate (0.70; 0.49, 1.00, p = 0.05 and 0.60; 0.48, 0.74, p < 0.00001), and exercise resulted in a significant reduction in dysphagia (0.55; 0.35, 0.87, p = 0.01).","Nutrition alone resulted in significant weight retention (2.60; 2.32, 2.88, p < 0.00001), length of stay (-4.00; -6.87, -1.13), p = 0.0006) and complications (0.64; 0.49, 0.83, p = 0.0009).","Quality of life, length of hospital stay, postoperative complications, change in body mass index or muscle mass, and functional assessments were the primary outcomes.",3293,,,,not_observed,ai_screened_regex_confirmed
HRS1_PERIOPERATIVE,pubmed:38299639,pubmed,38299639,Non-immunosuppressive treatment for IgA nephropathy.,"BACKGROUND: IgA nephropathy (IgAN) is the most common primary glomerular disease, with approximately 20% to 40% of patients progressing to kidney failure within 25 years. Non-immunosuppressive treatment has become a mainstay in the management of IgAN by improving blood pressure (BP) management, decreasing proteinuria, and avoiding the risks of long-term immunosuppressive management. Due to the slowly progressive nature of the disease, clinical trials are often underpowered, and conflicting information about management with non-immunosuppressive treatment is common. This is an update of a Cochrane review, first published in 2011. OBJECTIVES: To assess the benefits and harms of non-immunosuppressive treatment for treating IgAN in adults and children. We aimed to examine all non-immunosuppressive therapies (e.g. anticoagulants, antihypertensives, dietary restriction and supplementation, tonsillectomy, and herbal medicines) in the management of IgAN. SEARCH METHODS: We searched the Cochrane Kidney and Transplant Register of Studies up to December 2023 through contact with the Information Specialist using search terms relevant to this review. Studies in the Register are identified through searches of CENTRAL, MEDLINE, EMBASE, conference proceedings, the International Clinical Trials Registry Platform (ICTRP) Search Portal and ClinicalTrials.gov. SELECTION CRITERIA: Randomised controlled trials (RCTs) and quasi-RCTs of non-immunosuppressive agents in adults and children with biopsy-proven IgAN were included. DATA COLLECTION AND ANALYSIS: Two authors independently reviewed search results, extracted data and assessed study quality. Results were expressed as mean differences (MD) for continuous outcomes and risk ratios (RR) for dichotomous outcomes with 95% confidence intervals (CI) using random-effects meta-analysis. Confidence in the evidence was assessed using the Grading of Recommendations Assessment, Development and Evaluation (GRADE) approach. MAIN RESULTS: This review includes 80 studies (4856 participants), of which 24 new studies (2018 participants) were included in this review update. The risk of bias within the included studies was mostly high or unclear for many of the assessed methodological domains, with poor reporting of important key clinical trial methods in most studies. Antihypertensive therapies were the most examined non-immunosuppressive therapy (37 studies, 1799 participants). Compared to placebo or no treatment, renin-angiotensin system (RAS) inhibition probably decreases proteinuria (3 studies, 199 participants: MD - 0.71 g/24 h, 95% CI -1.04 to -0.39; moderate certainty evidence) but may result in little or no difference to kidney failure or doubling of serum creatinine (SCr), or complete remission of proteinuria (low certainty evidence). Death, remission of haematuria, relapse of proteinuria or > 50% increase in SCr were not reported. Compared to symptomatic treatment, RAS inhibition (3 studies, 168 participants) probably decreases proteinuria (MD -1.16 g/24 h, 95% CI -1.52 to -0.81) and SCr (MD -9.37 µmol/L, 95% CI -71.95 to -6.80) and probably increases creatinine clearance (2 studies, 127 participants: MD 23.26 mL/min, 95% CI 10.40 to 36.12) (all moderate certainty evidence); however, the risk of kidney failure is uncertain (1 study, 34 participants: RR 0.20, 95% CI 0.01 to 3.88; very low certainty evidence). Death, remission of proteinuria or haematuria, or relapse of proteinuria were not reported. The risk of adverse events may be no different with RAS inhibition compared to either placebo or symptomatic treatment (low certainty evidence). In low certainty evidence, tonsillectomy in people with IgAN in addition to standard care may increase remission of proteinuria compared to standard care alone (2 studies, 143 participants: RR 1.90, 95% CI 1.45 to 2.47) and remission of microscopic haematuria (2 studies, 143 participants: RR 1.93, 95% CI 1.47 to 2.53) and may decrease relapse of proteinuria (1 study, 73 participants: RR 0.70, 95% CI 0.57 to 0.85) and relapse of haematuria (1 study, 72 participants: RR 0.70, 95% CI 0.51 to 0.98). Death, kidney failure and a > 50% increase in SCr were not reported. These trials have only been conducted in Japanese people with IgAN, and the findings' generalisability is unclear. Anticoagulant therapy, fish oil, and traditional Chinese medicines exhibited small benefits to kidney function in patients with IgAN when compared to placebo or no treatment. However, compared to standard care, the kidney function benefits are no longer evident. Antimalarial therapy compared to placebo in one study reported an increase in a > 50% reduction of proteinuria (53 participants: RR 3.13 g/24 h, 95% CI 1.17 to 8.36; low certainty evidence). Although, there was uncertainty regarding adverse events from this study due to very few events. AUTHORS' CONCLUSIONS: Available RCTs focused on a diverse range of interventions. They were few, small, and of insufficient duration to determine potential long-term benefits on important kidney and cardiovascular outcomes and harms of treatment. Antihypertensive agents appear to be the most beneficial non-immunosuppressive intervention for IgAN. The antihypertensives examined were predominantly angiotensin-converting enzyme inhibitors or angiotensin receptor blockers. The benefits of RAS inhibition appear to outweigh the harms in patients with IgAN. The certainty of the evidence of RCTs demonstrating a benefit of tonsillectomy to patients with Japanese patients with IgAN was low. In addition, these findings are inconsistent across observational studies in people with IgAN of other ethnicities; hence, tonsillectomy is not widely recommended, given the potential harm of therapy. The RCT evidence is insufficiently robust to demonstrate efficacy for the other non-immunosuppressive treatments evaluated here.",,2024,The Cochrane database of systematic reviews,Journal Article|Meta-Analysis|Systematic Review,10.1002/14651858.cd003962,https://pubmed.ncbi.nlm.nih.gov/38299639/,retain,true,abstract_only,ABSTRACT_SENTENCE_16,"Compared to placebo or no treatment, renin-angiotensin system (RAS) inhibition probably decreases proteinuria (3 studies, 199 participants: MD - 0.71 g/24 h, 95% CI -1.04 to -0.39; moderate certainty evidence) but may result in little or no difference to kidney failure or doubling of serum creatinine (SCr), or complete remission of proteinuria (low certainty evidence).",0.71 g | 1.16 g | 23.26 mL | 3.13 g,"We aimed to examine all non-immunosuppressive therapies (e.g. anticoagulants, antihypertensives, dietary restriction and supplementation, tonsillectomy, and herbal medicines) in the management of IgAN. | The risk of adverse events may be no different with RAS inhibition compared to either placebo or symptomatic treatment (low certainty evidence). | Anticoagulant therapy, fish oil, and traditional Chinese medicines exhibited small benefits to kidney function in patients with IgAN when compared to placebo or no treatment.","Compared to placebo or no treatment, renin-angiotensin system (RAS) inhibition probably decreases proteinuria (3 studies, 199 participants: MD - 0.71 g/24 h, 95% CI -1.04 to -0.39; moderate certainty evidence) but may result in little or no difference to kidney failure or doubling of serum creatinine (SCr), or complete remission of proteinuria (low certainty evidence).",SEARCH METHODS: We searched the Cochrane Kidney and Transplant Register of Studies up to December 2023 through contact with the Information Specialist using search terms relevant to this review.,3196,,,,not_observed,ai_screened_regex_confirmed
HRS1_PERIOPERATIVE,pubmed:41754168,pubmed,41754168,Effect of Perioperative Supplementation with Arginine and Omega-3 on Postoperative Complications in Patients Undergoing Gastrointestinal Cancer Surgery: A Pilot Open-Label Randomized Controlled Trial.,"BACKGROUND: Perioperative immunonutrition, including arginine and omega-3 fatty acids, has been proposed to support postoperative recovery by modulating immune function. AIM: To evaluate the effects of perioperative arginine and omega-3 supplementation on postoperative infectious complications, mortality, hospital length of stay, intensive care unit duration, and inflammatory markers in patients undergoing gastrointestinal cancer surgery. METHODS: In this Pilot Open-Label randomized trial, 35 adult patients scheduled for elective gastrointestinal cancer surgery at Salah Azaiez Institute were randomly assigned to receive either perioperative immunonutrition (n = 18; three daily capsules of omega-3 and one sachet of Arginine+ for 7 days preoperatively and 7 days postoperatively) or standard care (n = 17). Primary endpoints were postoperative infectious complications and 1-month mortality. Secondary endpoints included hospital length of stay, ICU duration, and postoperative biochemical markers. RESULTS: No statistically significant differences were observed between groups in 1-month mortality (p = 0.324), hospital length of stay (median 7 vs. 7 days, p = 0.392), or ICU duration (median 5 vs. 6 days, p = 0.601). Urinary tract infection (5.9% vs. 11.1%, p = 0.939) and wound infection rates (5.9% vs. 11.1%, p = 0.581) were comparable. Importantly, postoperative C-reactive protein and other inflammatory markers did not differ significantly between groups (CRP: 165 vs. 175 mg/L; intergroup p = 0.798). CONCLUSIONS: In this trial, perioperative immunonutrition with arginine and omega-3 fatty acids did not improve postoperative clinical outcomes or inflammatory markers in patients undergoing gastrointestinal cancer surgery. At the administered dose and within a small, heterogeneous cohort, immunonutrition did not provide additional benefit beyond standard care. Larger, adequately powered multicenter trials with optimized dosing are required to clarify its role in gastrointestinal oncology.",,2026,Nutrients,Journal Article|Randomized Controlled Trial,10.1097/md.0000000000039757,https://pubmed.ncbi.nlm.nih.gov/41754168/,retain,true,abstract_only,ABSTRACT_SENTENCE_6,"RESULTS: No statistically significant differences were observed between groups in 1-month mortality (p = 0.324), hospital length of stay (median 7 vs.",175 mg,"AIM: To evaluate the effects of perioperative arginine and omega-3 supplementation on postoperative infectious complications, mortality, hospital length of stay, intensive care unit duration, and inflammatory markers in patients undergoing gastrointestinal cancer surgery. | Primary endpoints were postoperative infectious complications and 1-month mortality. | RESULTS: No statistically significant differences were observed between groups in 1-month mortality (p = 0.324), hospital length of stay (median 7 vs.","RESULTS: No statistically significant differences were observed between groups in 1-month mortality (p = 0.324), hospital length of stay (median 7 vs.","BACKGROUND: Perioperative immunonutrition, including arginine and omega-3 fatty acids, has been proposed to support postoperative recovery by modulating immune function. | AIM: To evaluate the effects of perioperative arginine and omega-3 supplementation on postoperative infectious complications, mortality, hospital length of stay, intensive care unit duration, and inflammatory markers in patients undergoing gastrointestinal cancer surgery. | METHODS: In this Pilot Open-Label randomized trial, 35 adult patients scheduled for elective gastrointestinal cancer surgery at Salah Azaiez Institute were randomly assigned to receive either perioperative immunonutrition (n = 18; three daily capsules of omega-3 and one sachet of Arginine+ for 7 days preoperatively and 7 days postoperatively) or standard care (n = 17).",3165,,,,not_observed,ai_screened_regex_confirmed
HRS1_PERIOPERATIVE,pubmed:42242853,pubmed,42242853,Dietary inflammatory index and unfavorable dietary patterns associated with ischemic stroke in China.,"BACKGROUND AND OBJECTIVES: This study aimed to evaluate the safety and efficacy of a fish oil-enriched food for special medical purposes (FSMP, ProSure) compared to an oncology-specific enteral nutrition product (TPF-T). METHODS AND STUDY DESIGN: This multicenter, randomized, open-label, non-inferiority phase III trial (NCT05301556) included patients with gastrointestinal tumors scheduled for surgery and at high risk for malnutrition. Participants were randomized 1:1 to receive either FSMP or TPF-T as a sole nutritional source from 4±2 days before surgery to 9±3 days postoperatively. The primary endpoint was the change in serum pre-albumin levels from baseline to 9±3 days post-surgery (non-inferiority margin: 20.807 mg/L). RESULTS: Of the 325 patients randomized (FSMP: n = 162; TPF-T: n = 163), FSMP demonstrated non-inferiority to TPF-T in maintaining serum pre-albumin levels in the perioperative patients (least square [LS] mean differ-ence: 6.9 mg/L, 95% CI: -5.0 to 18.8). FSMP showed a greater reduction in serum triglycerides (LS mean difference: -0.133 mmol/L, 95% CI: -0.239 to -0.027, p = 0.014), while comparable changes in other lipid parameters, serum albumin, body weight, or grip strength from baseline to 9±3 days post-surgery, and the length of hospital stay were observed between groups (all p >0.05). The most common treatment-emergent adverse events were gastrointestinal disorders, including abdominal distension (FSMP: 17.3% vs. TPF-T: 18.4%), di-arrhea (21.0% vs. 11.0%), and nausea (6.8% vs. 5.5%). CONCLUSIONS: ProSure, an FSMP, when used as a sole nutritional source, is not inferior to TPF-T in maintaining perioperative nutritional status in patients with gastrointestinal tumors, demonstrating comparable efficacy and safety.",,2026,Asia Pacific journal of clinical nutrition,"Journal Article|Randomized Controlled Trial|Multicenter Study|Clinical Trial, Phase III|Equivalence Trial",10.31557/apjcp.2022.23.2.485,https://pubmed.ncbi.nlm.nih.gov/42242853/,retain,true,abstract_only,ABSTRACT_SENTENCE_7,"The most common treatment-emergent adverse events were gastrointestinal disorders, including abdominal distension (FSMP: 17.3% vs.",20.807 mg | 6.9 mg | 0.133 mmol,"The most common treatment-emergent adverse events were gastrointestinal disorders, including abdominal distension (FSMP: 17.3% vs.","The most common treatment-emergent adverse events were gastrointestinal disorders, including abdominal distension (FSMP: 17.3% vs.","METHODS AND STUDY DESIGN: This multicenter, randomized, open-label, non-inferiority phase III trial (NCT05301556) included patients with gastrointestinal tumors scheduled for surgery and at high risk for malnutrition. | Participants were randomized 1:1 to receive either FSMP or TPF-T as a sole nutritional source from 4±2 days before surgery to 9±3 days postoperatively. | The primary endpoint was the change in serum pre-albumin levels from baseline to 9±3 days post-surgery (non-inferiority margin: 20.807 mg/L).",3165,,,,not_observed,ai_screened_regex_confirmed
HRS1_PERIOPERATIVE,pubmed:40598717,pubmed,40598717,"Efficacy and Safety of SmofKabiven® Versus Hospital-Compounded All-in-One Parenteral Nutrition in Chinese Patients Undergoing Gastrointestinal Surgery: A Multicenter, Randomized, Active-Controlled, Phase III Trial.","This multicenter, randomized, non-inferiority phase III trial (NCT03792100) aimed to evaluate the efficacy and safety of SmofKabiven®, a three-chamber parenteral nutrition (PN) emulsion in adult patients undergoing gastrointestinal surgery. Eligible participants were randomized to either SmofKabiven® group (SEG) (n = 135) or hospital-compounded PN group (HCG) (n = 134) for five consecutive postoperative days. The primary endpoint was the change in serum prealbumin levels from baseline to day 6, with a non-inferiority margin of -2.75 mg/dL. By day 6, change of serum prealbumin levels from baseline was 3.22 mg/dl in the SEG and 2.74 mg/dl in the HCG, with a difference of 0.48 mg/dl (95% confidence interval: -0.80 to 1.77), indicating comparable improvement in nutritional status. Linoleic acid decreased more with SEG than that with HCG (between-group difference: -7.84 mg/l, P = 0.0128), while arachidonic acid decreased more with HCG (between-group difference: 0.38 mg/l, P = 0.0025). Eicosapentaenoic acid (EPA) and docosahexaenoic acid (DHA) were significantly higher with SEG (between-group difference: EPA, 0.48 mg/l, P < 0.0001; DHA, 0.64 mg/l, P < 0.0001, respectively), and taurine levels also increased significantly (between-group difference: 14.77 µM, P = 0.0217). Treatment-related adverse events were comparable in the two groups. SmofKabiven® was comparable to hospital-compounded PN in improving postoperative nutritional status and safety profile and its enrichment with omega-3 fatty acids and taurine may provide additional benefits.",,2025,Nutrition and cancer,"Clinical Trial, Phase III|Equivalence Trial|Journal Article|Multicenter Study|Randomized Controlled Trial|Research Support, Non-U.S. Gov't",10.1080/01635581.2025.2523034,https://pubmed.ncbi.nlm.nih.gov/40598717/,retain,true,abstract_only,ABSTRACT_SENTENCE_7,Treatment-related adverse events were comparable in the two groups.,2.75 mg/d | 3.22 mg/d | 2.74 mg/d | 0.48 mg/d | 7.84 mg | 0.38 mg | 0.48 mg | 0.64 mg,Treatment-related adverse events were comparable in the two groups.,Treatment-related adverse events were comparable in the two groups.,"This multicenter, randomized, non-inferiority phase III trial (NCT03792100) aimed to evaluate the efficacy and safety of SmofKabiven®, a three-chamber parenteral nutrition (PN) emulsion in adult patients undergoing gastrointestinal surgery. | Eligible participants were randomized to either SmofKabiven® group (SEG) (n = 135) or hospital-compounded PN group (HCG) (n = 134) for five consecutive postoperative days. | SmofKabiven® was comparable to hospital-compounded PN in improving postoperative nutritional status and safety profile and its enrichment with omega-3 fatty acids and taurine may provide additional benefits.",3133,,,,not_observed,ai_screened_regex_confirmed
HRS1_PERIOPERATIVE,pubmed:39626189,pubmed,39626189,Phase II Randomized Controlled Trial to Evaluate the Supportive Effect of Koujin (TJ-3020) Powder in Gemcitabine and Nab-Paclitaxel-Treated Unresectable or Recurrent Pancreatic Cancer.,"OBJECTIVES: Gemcitabine and nab-paclitaxel combination therapy (GnP) is a standard treatment for unresectable or recurrent pancreatic cancer. However, fatigue and malaise are frequent adverse effects. Recently, Kampo medicine containing ginsenoside has been reported to relieve cancer-related fatigue. Therefore, in this randomized trial, we used red ginseng powder (Koujin, TJ-3020), which contains ginsenoside, to evaluate its effect on unresectable or recurrent pancreatic cancer treatment. MATERIALS AND METHODS: From December 2017 to December 2020, we enrolled 40 pancreatic cancer patients. The patients underwent 2 cycles of GnP for unresectable cancer or postoperative recurrence. The patients were randomized into group A (red ginseng powder administration) or group B (no red ginseng). In group A, 0.67 g of red ginseng powder was taken orally 3 times a day before each meal for 56 days of the planned chemotherapy period. The Cancer Fatigue Scale evaluated physical, mental, cognitive, and comprehensive fatigue over time. RESULTS: The patients' backgrounds, including age, sex, pancreatic cancer status, and relative dose intensity of the GnP chemotherapy, did not differ between groups A and B. Cases with abnormal CA19-9 were frequently assigned to group A. None of the Cancer Fatigue Scale fatigue scores differed significantly between the groups. Mental fatigue score was significantly higher in patients aged ≥70 years (odds ratio: 4.57; P  = 0.033), and recurrent pancreatic cancer status tended to influence all fatigue scores. However, no other critical factor significantly affected each score. CONCLUSIONS: In this phase II randomized trial, oral administration of red ginseng powder at 2.0 g per day did not reduce pancreatic cancer patients' fatigue or malaise induced by GnP combination chemotherapy.",,2025,Pancreas,"Journal Article|Randomized Controlled Trial|Clinical Trial, Phase II",10.1097/mpa.0000000000002446,https://pubmed.ncbi.nlm.nih.gov/39626189/,retain,true,abstract_only,ABSTRACT_SENTENCE_2,"However, fatigue and malaise are frequent adverse effects.",0.67 g | 2.0 g,"However, fatigue and malaise are frequent adverse effects.","However, fatigue and malaise are frequent adverse effects.",The patients underwent 2 cycles of GnP for unresectable cancer or postoperative recurrence.,3130,,,,not_observed,ai_screened_regex_confirmed
HRS1_PERIOPERATIVE,pubmed:39509846,pubmed,39509846,Chinese herbal medicine (JianPi-BuShen) and completion rate of adjuvant chemotherapy for patients with stage II and III colon cancer: A randomized clinical trial.,"PURPOSE: Many cancer patients express interest in using herbal medicine during chemotherapy, but little is known about its benefits and risks. This study aimed to evaluate the effects of the Chinese herbal medicine JianPi-BuShen formula (JPBS) on adjuvant chemotherapy completion in colon cancer patients. PATIENTS AND METHODS: This multi-center, phase III, randomized, placebo-controlled trial included patients with stage II (high risk for recurrence) and stage III colon cancer following surgery, planning to receive CAPOX (capecitabine and oxaliplatin) chemotherapy. Patients were randomized 1:1 to receive either JPBS or a placebo. The primary outcome was the completion rate of planned chemotherapy cycles. Secondary outcomes included relative dose intensity (RDI), chemotherapy-induced toxicities, quality of life (measured by the Edmonton Symptom Assessment System - ESAS), adverse events (AEs), and serious AEs (SAEs). Predefined subgroup analyses were performed by age (>65/≤65) and TNM stage (II/III). RESULTS: A total of 376 participants were analyzed, with a median age of 60.3 years; 56.9 % were male, and 67.6 % had stage III disease. Chemotherapy completion was significantly higher in the JPBS group than in the placebo group (63.0 % vs. 47.6 %, P = 0.003). Oxaliplatin RDI was also higher in the JPBS group (P = 0.049). Subgroup analyses showed JPBS significantly improved completion rates for stage II patients (73.0 % vs. 42.4 %, P = 0.001) and younger patients (66.9 % vs. 48.8 %, P = 0.004). JPBS reduced grade ≥ 2 vomiting (3.8 % vs. 6.4 %, P = 0.007) but increased grade ≥ 2 thrombocytopenia (16.2 % vs. 12.4 %, P = 0.012). Quality of life improved in stage II and younger patients. CONCLUSION: JPBS improved chemotherapy completion rates in stage II and younger colon cancer patients without compromising tolerability. Further research is needed to explore its mechanisms and long-term effects.",,2024,"European journal of cancer (Oxford, England : 1990)","Journal Article|Randomized Controlled Trial|Multicenter Study|Clinical Trial, Phase III",10.1016/j.ejca.2024.115109,https://pubmed.ncbi.nlm.nih.gov/39509846/,retain,true,abstract_only,ABSTRACT_SENTENCE_6,"Secondary outcomes included relative dose intensity (RDI), chemotherapy-induced toxicities, quality of life (measured by the Edmonton Symptom Assessment System - ESAS), adverse events (AEs), and serious AEs (SAEs).",,"Secondary outcomes included relative dose intensity (RDI), chemotherapy-induced toxicities, quality of life (measured by the Edmonton Symptom Assessment System - ESAS), adverse events (AEs), and serious AEs (SAEs).","Secondary outcomes included relative dose intensity (RDI), chemotherapy-induced toxicities, quality of life (measured by the Edmonton Symptom Assessment System - ESAS), adverse events (AEs), and serious AEs (SAEs).","PATIENTS AND METHODS: This multi-center, phase III, randomized, placebo-controlled trial included patients with stage II (high risk for recurrence) and stage III colon cancer following surgery, planning to receive CAPOX (capecitabine and oxaliplatin) chemotherapy.",3095,,,,not_observed,ai_screened_regex_confirmed
HRS1_PERIOPERATIVE,pubmed:33495257,pubmed,33495257,Effectiveness and safety of oral sedation in adult patients undergoing dental procedures: a systematic review.,"OBJECTIVES: It can be challenging to manage patients who are anxious during dental procedures. There is a lack of evidence regarding the effectiveness and safety of oral sedation in adults. This study evaluated the effectiveness and safety of oral sedation in patients undergoing dental procedures. DESIGN: Systematic review. METHODS: Randomised clinical trials (RCTs) compared the oral use of benzodiazepines and other medications with a placebo or other oral agents in adult patients. A search of the Cochrane (CENTRAL), MEDLINE (via Ovid), EMBASE (via Ovid) and Cumulative Index to Nursing and Allied Health Literature (via Ovid) databases was conducted, without any restrictions on language or date of publication. The primary outcomes included the adverse effects and anxiety level. The secondary outcomes included sedation, satisfaction with the treatment, heart rate, respiratory rate, blood pressure and oxygen saturation. Reviewers, independently and in pairs, assessed each citation for eligibility, performed the data extraction and assessed the risk of bias. A narrative synthesis of the data was provided. RESULTS: A number of RCTs (n=327 patients) assessed the use of benzodiazepines (n=9) and herbal medicines (n=3). We found good satisfaction with treatment after the use of midazolam 7.5 mg or clonidine 150 µg and reduced anxiety with alprazolam (0.5 and 0.75 mg). Midazolam 15 mg promoted greater anxiety reduction than Passiflora incarnata L. 260 mg, while Valeriana officinalis 100 mg and Erythrina mulungu 500 mg were more effective than a placebo. More patients reported adverse effects with midazolam 15 mg. Diazepam 15 mg and V. officinalis 100 mg promoted less change in the heart rate and blood pressure than a placebo. CONCLUSIONS: Given the limitations of the findings due to the quality of the included studies and the different comparisons made between interventions, further RCTs are required to confirm the effectiveness and safety of oral sedation in dentistry. PROSPERO REGISTRATION NUMBER: CRD42017057142.",,2021,BMJ open,Journal Article|Systematic Review,10.12968/denu.2016.43.1.83,https://pubmed.ncbi.nlm.nih.gov/33495257/,retain,true,abstract_only,ABSTRACT_SENTENCE_15,More patients reported adverse effects with midazolam 15 mg.,7.5 mg | 150 µg | 0.75 mg | 15 mg | 260 mg | 100 mg | 500 mg,The primary outcomes included the adverse effects and anxiety level. | More patients reported adverse effects with midazolam 15 mg.,More patients reported adverse effects with midazolam 15 mg.,OBJECTIVES: It can be challenging to manage patients who are anxious during dental procedures. | This study evaluated the effectiveness and safety of oral sedation in patients undergoing dental procedures.,3089,,,,not_observed,ai_screened_regex_confirmed
HRS1_PERIOPERATIVE,pubmed:28252474,pubmed,28252474,Physical and Nutritional Prehabilitation in Older Patients With Colorectal Carcinoma: A Systematic Review.,"BACKGROUND AND PURPOSE: Sarcopenia and malnourishment are highly prevalent in older patients with colorectal cancer (CRC), who form a growing group of patients at risk of adverse outcome after surgery. Intervention on physical function and/or nutritional status may decrease the risk of postoperative complications. However, the overall effect of preoperative physical and nutritional interventions (better known as prehabilitation) in older patients with CRC remains unknown. The objective was to review the literature on physical and nutritional prehabilitation performed as observational cohort studies or randomized controlled trials in patients 60 years and older undergoing elective CRC surgery. METHODS: We searched PubMed, Embase.com, CINAHL, and the Cochrane Library from inception to July 16, 2015, for relevant literature. Search terms included colorectal cancer, aged, pre- and perioperative period, surgery, physical activity, and nutrition. RESULTS: A total of 6 studies were included: 1 study applied a physical intervention, 3 studies applied a nutritional intervention, and 2 studies applied a combination of both interventions. None of the preoperative interventions significantly reduced length of stay, mortality, or readmission rates. CONCLUSIONS: Physical and nutritional prehabilitation in older patients with CRC has not shown a significant reduction in postoperative complications or length of stay. One study that examined the effect of a perioperative nutritional supplement reported a reduction in postoperative complications. Future research should explore targeted combined interventions, taking into account physical and nutritional patient requirements.",,2018,Journal of geriatric physical therapy (2001),Journal Article|Systematic Review,10.1519/jpt.0000000000000125,https://pubmed.ncbi.nlm.nih.gov/28252474/,retain,true,abstract_only,ABSTRACT_SENTENCE_9,CONCLUSIONS: Physical and nutritional prehabilitation in older patients with CRC has not shown a significant reduction in postoperative complications or length of stay.,,"BACKGROUND AND PURPOSE: Sarcopenia and malnourishment are highly prevalent in older patients with colorectal cancer (CRC), who form a growing group of patients at risk of adverse outcome after surgery. | Intervention on physical function and/or nutritional status may decrease the risk of postoperative complications. | None of the preoperative interventions significantly reduced length of stay, mortality, or readmission rates.",CONCLUSIONS: Physical and nutritional prehabilitation in older patients with CRC has not shown a significant reduction in postoperative complications or length of stay.,"BACKGROUND AND PURPOSE: Sarcopenia and malnourishment are highly prevalent in older patients with colorectal cancer (CRC), who form a growing group of patients at risk of adverse outcome after surgery. | Intervention on physical function and/or nutritional status may decrease the risk of postoperative complications. | However, the overall effect of preoperative physical and nutritional interventions (better known as prehabilitation) in older patients with CRC remains unknown.",3085,,,,not_observed,ai_screened_regex_confirmed
HRS1_PERIOPERATIVE,pubmed:37225860,pubmed,37225860,Phase II trial of delta-tocotrienol in neoadjuvant breast cancer with evaluation of treatment response using ctDNA.,"Neoadjuvant treatment of breast cancer is applied to an increasing extent, but treatment response varies and side effects pose a challenge. The vitamin E isoform delta-tocotrienol might enhance the efficacy of chemotherapy and reduce the risk of side effects. The aim of this study was to investigate the clinical effect of delta-tocotrienol combined with standard neoadjuvant treatment and the possible association between detectable circulating tumor DNA (ctDNA) during and after neoadjuvant treatment with pathological treatment response. This open-label, randomized phase II trial included 80 women with newly diagnosed, histologically verified breast cancer randomized to standard neoadjuvant treatment alone or in combination with delta-tocotrienol. There was no difference in the response rate or frequency of serious adverse events between the two arms. We developed a multiplex digital droplet polymerase chain reaction (ddPCR) assay for the detection of ctDNA in breast cancer patients that targets a combination of two methylations specific for breast tissue (LMX1B and ZNF296) and one cancer specific methylation (HOXA9). The sensitivity of the assay increased when the cancer specific marker was combined with the ones specific to breast tissue (p < 0.001). The results did not show any association between ctDNA status and pathological treatment response, neither at midterm nor before surgery.",,2023,Scientific reports,"Clinical Trial, Phase II|Randomized Controlled Trial|Journal Article|Research Support, Non-U.S. Gov't",10.1016/j.cca.2021.08.020,https://pubmed.ncbi.nlm.nih.gov/37225860/,retain,true,abstract_only,ABSTRACT_SENTENCE_5,There was no difference in the response rate or frequency of serious adverse events between the two arms.,,There was no difference in the response rate or frequency of serious adverse events between the two arms.,There was no difference in the response rate or frequency of serious adverse events between the two arms.,"The results did not show any association between ctDNA status and pathological treatment response, neither at midterm nor before surgery.",3060,,,,not_observed,ai_screened_regex_confirmed
HRS1_PERIOPERATIVE,pubmed:37068377,pubmed,37068377,Phase III Study of Pemetrexed in Combination With Cisplatin Versus Cisplatin Alone in Patients With Malignant Pleural Mesothelioma.,"PURPOSE: Patients with malignant pleural mesothelioma, a rapidly progressing malignancy with a median survival time of 6 to 9 months, have previously responded poorly to chemotherapy. We conducted a phase III trial to determine whether treatment with pemetrexed and cisplatin results in survival time superior to that achieved with cisplatin alone. PATIENTS AND METHODS: Chemotherapy-naive patients who were not eligible for curative surgery were randomly assigned to receive pemetrexed 500 mg/m2 and cisplatin 75 mg/m2 on day 1, or cisplatin 75 mg/m2 on day 1. Both regimens were given intravenously every 21 days. RESULTS: A total of 456 patients were assigned: 226 received pemetrexed and cisplatin, 222 received cisplatin alone, and eight never received therapy. Median survival time in the pemetrexed/cisplatin arm was 12.1 months versus 9.3 months in the control arm (P = .020, two-sided log-rank test). The hazard ratio for death of patients in the pemetrexed/cisplatin arm versus those in the control arm was 0.77. Median time to progression was significantly longer in the pemetrexed/cisplatin arm: 5.7 months versus 3.9 months (P = .001). Response rates were 41.3% in the pemetrexed/cisplatin arm versus 16.7% in the control arm (P < .0001). After 117 patients had enrolled, folic acid and vitamin B12 were added to reduce toxicity, resulting in a significant reduction in toxicities in the pemetrexed/cisplatin arm. CONCLUSION: Treatment with pemetrexed plus cisplatin and vitamin supplementation resulted in superior survival time, time to progression, and response rates compared with treatment with cisplatin alone in patients with malignant pleural mesothelioma. Addition of folic acid and vitamin B12 significantly reduced toxicity without adversely affecting survival time.",,2023,Journal of clinical oncology : official journal of the American Society of Clinical Oncology,"Journal Article|Research Support, Non-U.S. Gov't|Multicenter Study|Clinical Trial, Phase III|Randomized Controlled Trial|Clinical Trial|Comparative Study",10.1200/jco.22.02542,https://pubmed.ncbi.nlm.nih.gov/37068377/,retain,true,abstract_only,ABSTRACT_SENTENCE_12,Addition of folic acid and vitamin B12 significantly reduced toxicity without adversely affecting survival time.,500 mg | 75 mg,Addition of folic acid and vitamin B12 significantly reduced toxicity without adversely affecting survival time.,Addition of folic acid and vitamin B12 significantly reduced toxicity without adversely affecting survival time.,"PATIENTS AND METHODS: Chemotherapy-naive patients who were not eligible for curative surgery were randomly assigned to receive pemetrexed 500 mg/m2 and cisplatin 75 mg/m2 on day 1, or cisplatin 75 mg/m2 on day 1.",3058,,,,not_observed,ai_screened_regex_confirmed
HRS1_PERIOPERATIVE,pubmed:35439754,pubmed,35439754,Postoperative Vitamin Profile after Receiving a Novel Peripheral Parenteral Nutrition Solution: Multicenter Randomized Controlled Phase III Trial.,"INTRODUCTION: We assessed the efficacy and safety of OPF-105, a novel all-in-one peripheral parenteral nutrition (PPN) solution containing multivitamins by the U.S. Food and Drug Administration in 2000 (FDA2000 recommendation). METHODS: We conducted a phase III trial administering OPF-105 or BFL (combination of a commercially available PPN solution and fat emulsion) to patients after gastrointestinal (GI) tract surgery from postoperative day (POD) 1 up to POD14. Until POD7, nutrients were provided only with OPF-105 or BFL. After blood sampling on POD8, oral food intake was permitted. PPN was administered according to the amount of food intake. RESULTS: Efficacy endpoints were assessed in 99 subjects (OPF group: 52; BFL group: 47). The levels of blood proteins and fatty acids in the two groups were similar on POD8. The transition of these mean levels was similar in both groups from POD1 or 2 to POD9 to 15. The mean preoperative blood vitamin levels were within reference intervals (RIs). On POD1 (before administration), the mean levels of most blood vitamins decreased compared to those of the preoperative levels. In the BFL group, the mean blood levels of vitamin B2, B6, pantothenic acid (PA), folic acid (FA), biotin, and C decreased below or near the lower limit of RIs on POD8, and the mean blood levels of vitamin B6 and C remained low from POD9 to 15. In the OPF group, the mean blood levels of vitamins, excluding vitamin K, were within RIs on POD8 and POD9 to 15. The mean levels of blood vitamin K increased over the upper limit of RIs on POD8 but within RIs from POD9 to 15. There was no obvious difference in the incidence of adverse events between the two groups, which is common after GI tract surgeries. CONCLUSION: Blood vitamin levels decreased when patients were administered PPN without vitamin supplementation during the first week after surgery. The novel PPN formula containing multivitamins recommended by FDA2000 can be safely administered to postoperative patients to maintain blood vitamin levels.",,2022,Annals of nutrition & metabolism,"Clinical Trial, Phase III|Journal Article|Multicenter Study|Randomized Controlled Trial|Research Support, Non-U.S. Gov't",10.1159/000524625,https://pubmed.ncbi.nlm.nih.gov/35439754/,retain,true,abstract_only,ABSTRACT_SENTENCE_15,"There was no obvious difference in the incidence of adverse events between the two groups, which is common after GI tract surgeries.",,"There was no obvious difference in the incidence of adverse events between the two groups, which is common after GI tract surgeries.","There was no obvious difference in the incidence of adverse events between the two groups, which is common after GI tract surgeries.","METHODS: We conducted a phase III trial administering OPF-105 or BFL (combination of a commercially available PPN solution and fat emulsion) to patients after gastrointestinal (GI) tract surgery from postoperative day (POD) 1 up to POD14. | The mean preoperative blood vitamin levels were within reference intervals (RIs). | On POD1 (before administration), the mean levels of most blood vitamins decreased compared to those of the preoperative levels.",3029,,,,not_observed,ai_screened_regex_confirmed
HRS1_PERIOPERATIVE,pubmed:27178770,pubmed,27178770,Quality of life after hip fracture in the elderly: A systematic literature review.,"BACKGROUND: With an increasing ageing population, hip fractures have become a major public health issue in the elderly. It is important to examine the health status (HS) and health-related quality of life (HRQOL) of the elderly faced with the epidemic of hip fractures. OBJECTIVE: To provide an overview of reported HS and HRQOL in elderly patients with a hip fracture. DESIGN: A systematic literature search was performed in Embase, Medline, Web of Science, Scopus, CINAHL, Cochrane, PsycINFO, Pubmed, and Google Scholar in July 2014. Studies which reported the HS or HRQOL based on standardised questionnaires in patients older than 65 years with a hip fracture were considered eligible for inclusion. RESULTS: After inspecting the 2725 potentially eligible studies, 49 fulfilled the inclusion criteria. All included studies were randomised controlled trials or prospective cohort studies. The methodological quality of the studies was moderate. Patients' functioning on the physical, social, and emotional domains were affected after a hip fracture. The HS and HRQOL of the majority of patients recovered in the first 6 months after fracture. However, their HS did not return to prefracture level. Mental state, prefracture functioning on physical and psychosocial domains, comorbidity, female gender, nutritional status, postoperative pain, length of hospital stay, and complications were factors associated with HS or HRQOL. Treatment with total hip arthroplasty or hemi-arthroplasty provided better HS than treatment with internal fixation with displaced femoral neck fractures. Supportive psychotherapy in ""low-functioning"" patients, (home) rehabilitation programmes and nutritional supplementation appeared to have beneficial effects on HS. CONCLUSIONS: Optimizing nutrition intake, (home) rehabilitation programmes, and the possibility for psychological counselling in patients with difficulties in the psychosocial dimensions would be recommended after hip fracture surgery. Besides HS questionnaires like EQ-5D and SF-36, adequate measurements like the WHOQOL-Bref or ICECAP-O are warranted in future studies regarding hip fracture surgery and postoperative treatment options.",,2016,Injury,Journal Article|Systematic Review,10.1016/j.injury.2016.04.018,https://pubmed.ncbi.nlm.nih.gov/27178770/,retain,true,abstract_only,ABSTRACT_SENTENCE_12,"Mental state, prefracture functioning on physical and psychosocial domains, comorbidity, female gender, nutritional status, postoperative pain, length of hospital stay, and complications were factors associated with HS or HRQOL.",,"Mental state, prefracture functioning on physical and psychosocial domains, comorbidity, female gender, nutritional status, postoperative pain, length of hospital stay, and complications were factors associated with HS or HRQOL.","Mental state, prefracture functioning on physical and psychosocial domains, comorbidity, female gender, nutritional status, postoperative pain, length of hospital stay, and complications were factors associated with HS or HRQOL.","Mental state, prefracture functioning on physical and psychosocial domains, comorbidity, female gender, nutritional status, postoperative pain, length of hospital stay, and complications were factors associated with HS or HRQOL. | CONCLUSIONS: Optimizing nutrition intake, (home) rehabilitation programmes, and the possibility for psychological counselling in patients with difficulties in the psychosocial dimensions would be recommended after hip fracture surgery. | Besides HS questionnaires like EQ-5D and SF-36, adequate measurements like the WHOQOL-Bref or ICECAP-O are warranted in future studies regarding hip fracture surgery and postoperative treatment options.",3014,,,,not_observed,ai_screened_regex_confirmed
HRS1_PERIOPERATIVE,pubmed:26123475,pubmed,26123475,A systematic review of the cost and cost effectiveness of using standard oral nutritional supplements in the hospital setting.,"BACKGROUND & AIMS: There is limited information about the economic impact of nutritional support despite its known clinical benefits. This systematic review examined the cost and cost effectiveness of using standard (non-disease specific) oral nutritional supplements (ONS) administered in the hospital setting only. METHODS: A systematic literature search of multiple databases, data synthesis and analysis were undertaken according to recommended procedures. RESULTS: Nine publications comprising four full text papers, two abstracts and three reports, one of which contained 11 cost analyses of controlled cohort studies, were identified. Most of these were based on retrospective analyses of randomised controlled trials designed to assess clinically relevant outcomes. The sample sizes of patients with surgical, orthopaedic and medical problems and combinations of these varied from 40 to 1.16 million. Of 14 cost analyses comparing ONS with no ONS (or routine care), 12 favoured the ONS group, and among those with quantitative data (12 studies) the mean cost saving was 12.2%. In a meta-analysis of five abdominal surgical studies in the UK, the mean net cost saving was £746 per patient (se £338; P = 0.027). Cost savings were typically associated with significantly improved outcomes, demonstrated through the following meta-analyses: reduced mortality (Risk ratio 0.650, P < 0.05; N = 5 studies), reduced complications (by 35% of the total; P < 0.001, N = 7 studies) and reduced length of hospital stay (by ∼2 days, P < 0.05; N = 5 surgical studies) corresponding to ∼13.0% reduction in hospital stay. Two studies also found ONS to be cost effective, one by avoiding development of pressure ulcers and releasing hospital beds, and the other by gaining quality adjusted life years. CONCLUSION: This review suggests that standard ONS in the hospital setting produce a cost saving and are cost effective. The evidence base could be further strengthened by prospective studies in which the primary outcome measures are economic.",,2016,"Clinical nutrition (Edinburgh, Scotland)",Journal Article|Meta-Analysis|Systematic Review,10.1016/j.clnu.2015.05.010,https://pubmed.ncbi.nlm.nih.gov/26123475/,retain,true,abstract_only,ABSTRACT_SENTENCE_9,"Cost savings were typically associated with significantly improved outcomes, demonstrated through the following meta-analyses: reduced mortality (Risk ratio 0.650, P < 0.05; N = 5 studies), reduced complications (by 35% of the total; P < 0.001, N = 7 studies) and reduced length of hospital stay (by ∼2 days, P < 0.05; N = 5 surgical studies) corresponding to ∼13.0% reduction in hospital stay.",,"Cost savings were typically associated with significantly improved outcomes, demonstrated through the following meta-analyses: reduced mortality (Risk ratio 0.650, P < 0.05; N = 5 studies), reduced complications (by 35% of the total; P < 0.001, N = 7 studies) and reduced length of hospital stay (by ∼2 days, P < 0.05; N = 5 surgical studies) corresponding to ∼13.0% reduction in hospital stay.","Cost savings were typically associated with significantly improved outcomes, demonstrated through the following meta-analyses: reduced mortality (Risk ratio 0.650, P < 0.05; N = 5 studies), reduced complications (by 35% of the total; P < 0.001, N = 7 studies) and reduced length of hospital stay (by ∼2 days, P < 0.05; N = 5 surgical studies) corresponding to ∼13.0% reduction in hospital stay.","METHODS: A systematic literature search of multiple databases, data synthesis and analysis were undertaken according to recommended procedures. | The sample sizes of patients with surgical, orthopaedic and medical problems and combinations of these varied from 40 to 1.16 million. | In a meta-analysis of five abdominal surgical studies in the UK, the mean net cost saving was £746 per patient (se £338; P = 0.027).",3013,,,,not_observed,ai_screened_regex_confirmed
HRS2_KIDNEY_DISEASE,pubmed:40589511,pubmed,40589511,Chinese herbal medicine (Tangshen Formula) formula treatment of patients with diabetic kidney disease: a systematic review and meta-analysis.,"BACKGROUND/OBJECTIVE: Diabetic Kidney Disease (DKD) is a severe complication of diabetes mellitus and is one of the main causes of end-stage renal disease globally. Tangshen Formula (TSF) plays an important role in the treatment of DKD. The purpose of this study was to evaluate the efficacy and safety of TSF compound therapy in treating DKD patients with macroalbuminuria through systematic review and meta-analysis methods. METHODS: Multiple databases, including PubMed, Embase, Cochrane Library and Web of Science, were searched to find eligible RCTs. The main outcome indicators included renal Primary Outcomes(UAER, 24h UP), Secondary Outcomes(eGFR and TCM system scores) and adverse events. Statistical analysis was conducted using RevMan 5.3 software, and the fixed-effect model or random-effect model was selected based on the heterogeneity among the studies. RESULTS: From 637 retrieved articles, 4 RCTs were finally included, involving 639 participants. The methodological quality of the included studies was generally good. The results indicate that, compared to the sole conventional placebo treatment, the use of TSF treatment after 24 weeks shows significant improvement in the experimental group over the control group, with UAER (MD=-15.94(95% CI: -30.67-1.22); P=0.03) and 24h UP (MD=-0.20(95% CI:-0.36-0.05);P=0.01); assessment of eGFR and scores showed no significant changes in the levels of these two indicators in patients, e GFR (MD=-4.95(95% CI: -11.52-1.62); P=0.47) and scores (MD=0.35(95% CI: -1.29-1.98);P=0.92). Microalbuminuria TSF group and placebo group UAER baselines were similar, with no statistical significance (OR= -4.32, 95% CI (-14.10, 5.48), P=0.29). Macroalbuminuria TSF group and placebo group UAER baselines were similar, with no statistical significance (OR =6.51, 95% CI (-6.27, 19.27), P=0.17). In the TMC compound therapy for DKD patients with massive proteinuria, the results show that the probability of adverse experiments in the intervention group was significantly lower than that in the control group (OR= 0.55 95% CI 0.30-1.03), P=0.79). There was no significant difference between the two groups. CONCLUSION: In summary, the findings of this meta-analysis suggest that TSF can provide effective assistance in reducing urinary protein and improving eGFR in DKD patients compared to conventional treatment. These benefits are consistently observed across both microalbuminuric and macroalbuminuric patient cohorts. Due to the limitations in the number and quality of the included studies, the preliminary findings necessitate further validation through high-quality, randomized controlled trials with larger sample sizes and longer follow-up periods to robustly confirm the efficacy of TSF and elucidate its precise mechanisms of action in DKD management.",,2025,Frontiers in endocrinology,Journal Article|Systematic Review|Meta-Analysis,10.1016/j.biopha.2024.116405,https://pubmed.ncbi.nlm.nih.gov/40589511/,retain,true,abstract_only,ABSTRACT_SENTENCE_12,"In the TMC compound therapy for DKD patients with massive proteinuria, the results show that the probability of adverse experiments in the intervention group was significantly lower than that in the control group (OR= 0.55 95% CI 0.30-1.03), P=0.79).",,"The main outcome indicators included renal Primary Outcomes(UAER, 24h UP), Secondary Outcomes(eGFR and TCM system scores) and adverse events. | In the TMC compound therapy for DKD patients with massive proteinuria, the results show that the probability of adverse experiments in the intervention group was significantly lower than that in the control group (OR= 0.55 95% CI 0.30-1.03), P=0.79).","In the TMC compound therapy for DKD patients with massive proteinuria, the results show that the probability of adverse experiments in the intervention group was significantly lower than that in the control group (OR= 0.55 95% CI 0.30-1.03), P=0.79).","BACKGROUND/OBJECTIVE: Diabetic Kidney Disease (DKD) is a severe complication of diabetes mellitus and is one of the main causes of end-stage renal disease globally. | The main outcome indicators included renal Primary Outcomes(UAER, 24h UP), Secondary Outcomes(eGFR and TCM system scores) and adverse events.",3332,,,,not_observed,ai_screened_regex_confirmed
HRS2_KIDNEY_DISEASE,pubmed:41377821,pubmed,41377821,Meta-analysis of Niaoduqing Granules for uremic pruritus in Chinese hemodialysis patients: efficacy and safety evidence from RCTs.,"BACKGROUND: Uremic pruritus, a common complication in hemodialysis populations, adversely affects quality of life owing to multifactorial etiology. Emerging evidence from traditional Chinese medicine highlights Niaoduqing Granules as a candidate intervention for symptom mitigation. To assess its therapeutic potential, a retrospective meta-analysis was performed to evaluate efficacy and safety profiles in hemodialysis cohorts. These findings aim to inform evidence-based decisions regarding its clinical applicability. METHODS: A systematic literature search was conducted across four international biomedical databases (e.g., PubMed, Embase, Web of Science, ClinicalTrials.gov) and three Chinese scholarly platforms (CNKI, Wanfang, CQVIP), with the search window extending through March 2025. We systematically reviewed all available randomized controlled trials (RCTs) investigating the effects of Niaoduqing Granules on uremic pruritus in hemodialysis populations. RESULTS: The final analysis incorporated 14 qualifying studies involving 1,232 participants. Hemodialysis patients receiving Niaoduqing Granules demonstrated a significant reduction in pruritus scores compared to the control group (Visual Analogue Scale: WMD = -2.151; 95% CIs = -2.372 to -1.930; p < 0.001. 5D-itch Scale: WMD = -7.642; 95% CIs = -14.042 to -1.243; p = 0.019). Demonstrates high therapeutic efficacy with a favorable safety profile. This meta-analysis demonstrated clinically meaningful efficacy favoring the Niaoduqing Granule group (RR = 1.249; 95% CIs = 1.169-1.335; p < 0.001), with safety analyses across three trials revealing comparable adverse event rates (R = 1.303; 95% CIs = 0.589-2.884; p = 0.514; I 2 = 0.0%). In addition, in the Niaoduqing Granules group, significant intergroup differences were observed in serum levels of parathyroid hormone, phosphorus, creatinine, blood urea nitrogen, β2-microglobulin, high-sensitivity C-reactive protein, tumor necrosis factor-α, and interleukin-6, all demonstrating statistical significance. CONCLUSION: Niaoduqing Granules demonstrated efficacy in reducing pruritus severity among hemodialysis patients without increasing drug-related adverse events, while also showing concomitant reductions in inflammatory biomarkers. However, limitations in sample size necessitate further large-scale studies to validate these preliminary findings.",,2025,Frontiers in medicine,Journal Article|Systematic Review,10.1016/j.jpainsymman.2019.06.010,https://pubmed.ncbi.nlm.nih.gov/41377821/,retain,true,abstract_only,ABSTRACT_SENTENCE_11,"This meta-analysis demonstrated clinically meaningful efficacy favoring the Niaoduqing Granule group (RR = 1.249; 95% CIs = 1.169-1.335; p < 0.001), with safety analyses across three trials revealing comparable adverse event rates (R = 1.303; 95% CIs = 0.589-2.884; p = 0.514; I 2 = 0.0%).",,"BACKGROUND: Uremic pruritus, a common complication in hemodialysis populations, adversely affects quality of life owing to multifactorial etiology. | This meta-analysis demonstrated clinically meaningful efficacy favoring the Niaoduqing Granule group (RR = 1.249; 95% CIs = 1.169-1.335; p < 0.001), with safety analyses across three trials revealing comparable adverse event rates (R = 1.303; 95% CIs = 0.589-2.884; p = 0.514; I 2 = 0.0%). | CONCLUSION: Niaoduqing Granules demonstrated efficacy in reducing pruritus severity among hemodialysis patients without increasing drug-related adverse events, while also showing concomitant reductions in inflammatory biomarkers.","This meta-analysis demonstrated clinically meaningful efficacy favoring the Niaoduqing Granule group (RR = 1.249; 95% CIs = 1.169-1.335; p < 0.001), with safety analyses across three trials revealing comparable adverse event rates (R = 1.303; 95% CIs = 0.589-2.884; p = 0.514; I 2 = 0.0%).","BACKGROUND: Uremic pruritus, a common complication in hemodialysis populations, adversely affects quality of life owing to multifactorial etiology. | To assess its therapeutic potential, a retrospective meta-analysis was performed to evaluate efficacy and safety profiles in hemodialysis cohorts. | We systematically reviewed all available randomized controlled trials (RCTs) investigating the effects of Niaoduqing Granules on uremic pruritus in hemodialysis populations.",3329,,,,not_observed,ai_screened_regex_confirmed
HRS2_KIDNEY_DISEASE,pubmed:40906605,pubmed,40906605,Vitamin Profile of the Patients with Chronic Kidney Disease Receiving a Novel Total Parenteral Nutrition Formula: Multicenter Randomized Controlled Phase III Trial.,"UNLABELLED: <p>Introduction: Efficacy and safety of a novel total parenteral nutrition formula for chronic kidney disease patients, OPF-109, containing multivitamins based on the FDA2000 recommendation were investigated. METHODS: We conducted a phase III clinical trial administering OPF-109 (n = 63) or the control solutions (combination of marketed products including multivitamin based on American Medical Association 1975 guidelines) (n = 61) to the chronic kidney disease patients for 8 days. Blood concentrations of proteins and vitamins and safety were evaluated. The primary efficacy endpoint was protein concentration (serum T-P, ALB, pre-ALB, transferrin) on day 8. Safety endpoints were hematological data, blood biochemistry data, vital signs, and adverse events. RESULTS: Values of blood protein until day 8 were similar in 2 groups although those of vitamins B1, B6, C, and folic acid (contained more in OPF-109) were higher in the OPF-109 group. For both groups, vitamin C concentration of day 1 was below the normal range, which restored to within the range in the OPF-109 group but decreased in the control group on day 8. Vitamin K concentration (contained less in OPF-109) was over the normal range on day 1 in both groups and decreased to slightly higher than the normal range in the OPF-109 group while increased to higher than day 1 value in the control group on day 8. Safety was similar in 2 groups. CONCLUSION: Efficacy and safety of OPF-109 and usefulness of multivitamins based on the FDA2000 recommendation formula were confirmed in chronic kidney disease patients. </p>.",,2026,Annals of nutrition & metabolism,"Journal Article|Clinical Trial, Phase III|Multicenter Study|Randomized Controlled Trial",10.1159/000547656,https://pubmed.ncbi.nlm.nih.gov/40906605/,retain,true,abstract_only,ABSTRACT_SENTENCE_5,"Safety endpoints were hematological data, blood biochemistry data, vital signs, and adverse events.",,"Safety endpoints were hematological data, blood biochemistry data, vital signs, and adverse events.","Safety endpoints were hematological data, blood biochemistry data, vital signs, and adverse events.","UNLABELLED: <p>Introduction: Efficacy and safety of a novel total parenteral nutrition formula for chronic kidney disease patients, OPF-109, containing multivitamins based on the FDA2000 recommendation were investigated. | METHODS: We conducted a phase III clinical trial administering OPF-109 (n = 63) or the control solutions (combination of marketed products including multivitamin based on American Medical Association 1975 guidelines) (n = 61) to the chronic kidney disease patients for 8 days. | CONCLUSION: Efficacy and safety of OPF-109 and usefulness of multivitamins based on the FDA2000 recommendation formula were confirmed in chronic kidney disease patients. </p>.",3167,,,,not_observed,ai_screened_regex_confirmed
HRS2_KIDNEY_DISEASE,pubmed:30992658,pubmed,30992658,Efficacy and safety of paricalcitol in patients undergoing hemodialysis: a meta-analysis.,"BACKGROUND: The elevated calcium and phosphorus levels in patients undergoing hemodialysis may increase the risk of all-cause mortality. Paricalcitol, as a new vitamin D receptor activator (VDRA), seemed to be effective in reducing the calcium and phosphorus levels. OBJECTIVES: The aim of this study was to compare the efficacy and safety of paricalcitol with other VDRAs in patients undergoing hemodialysis. METHODS: PubMed, Embase, and Web of Science database were systematically reviewed. SELECTION CRITERIA: Studies that focused on the use of paricalcitol for hemodialysis patients were eligible for inclusion. DATA COLLECTION AND ANALYSIS: Two independent investigators performed the literature search, data extraction, and assessment of methodological quality. The outcomes were expressed with standard mean difference (SMD), HR, or risk ratio (RR) with 95% CI. RESULTS: Thirteen studies involving 112,695 patients were included in this meta-analysis. Among these studies, four studies were cohort studies and nine studies were randomized controlled trials (RCTs). For cohort studies, they were regarded as being of high quality; for RCTs, only one was classified as being at low risk of bias; and the remaining eight studies were at being unclear risk of bias. Compared with other VDRAs, paricalcitol significantly improved the overall survival (HR =0.86, 95% CI: 0.80, 0.92; P<0.001) and reduced the intact parathyroid hormone (iPTH) (SMD =-0.53, 95% CI: -0.90, -0.17; P=0.004). Paricalcitol offered similar effect with other VDRAs in the control of calcium (SMD =0.32, 95% CI: -0.04, 0.67; P=0.078) and phosphorus (SMD =0.06, 95% CI: -0.26, 0.37; P=0.727) levels. However, the serum change in calcium phosphate product was greater in the paricalcitol group than in the other VDRA group (SMD =2.13, 95% CI: 0.19, 4.07; P=0.031). There was no significant difference in the incidence of adverse events between the two groups (RR =1.02, 95% CI: 0.93, 1.12; P=0.674). CONCLUSION: Paricalcitol was crucial in reducing the mortality in patients undergoing hemodialysis. Moreover, both paricalcitol and other VDRAs were effective in control of the serum iPTH, calcium, and phosphorus levels. Given the potential limitations in this study, more prospective large-scale, well-conducted RCTs are needed to confirm these findings.",,2019,"Drug design, development and therapy",Journal Article|Meta-Analysis,10.2147/dddt.s176257,https://pubmed.ncbi.nlm.nih.gov/30992658/,retain,true,abstract_only,ABSTRACT_SENTENCE_14,"There was no significant difference in the incidence of adverse events between the two groups (RR =1.02, 95% CI: 0.93, 1.12; P=0.674).",,"BACKGROUND: The elevated calcium and phosphorus levels in patients undergoing hemodialysis may increase the risk of all-cause mortality. | There was no significant difference in the incidence of adverse events between the two groups (RR =1.02, 95% CI: 0.93, 1.12; P=0.674). | CONCLUSION: Paricalcitol was crucial in reducing the mortality in patients undergoing hemodialysis.","There was no significant difference in the incidence of adverse events between the two groups (RR =1.02, 95% CI: 0.93, 1.12; P=0.674).",BACKGROUND: The elevated calcium and phosphorus levels in patients undergoing hemodialysis may increase the risk of all-cause mortality. | OBJECTIVES: The aim of this study was to compare the efficacy and safety of paricalcitol with other VDRAs in patients undergoing hemodialysis. | SELECTION CRITERIA: Studies that focused on the use of paricalcitol for hemodialysis patients were eligible for inclusion.,3122,,,,not_observed,ai_screened_regex_confirmed
HRS2_KIDNEY_DISEASE,pubmed:29481620,pubmed,29481620,Vitamin D status and mortality risk among patients on dialysis: a systematic review and meta-analysis of observational studies.,"BACKGROUND: Vitamin D deficiency is highly prevalent in patients on dialysis. Although vitamin D deficiency is closely associated with cardiovascular disease (CVD) and high mortality in the general population, the relationship between serum 25-hydroxyvitamin D [25(OH)D] and all-cause and cardiovascular mortality in dialysis patients is uncertain. We aim to explore the relationship between serum 25(OH)D levels and all-cause and cardiovascular mortality in dialysis patients. METHODS: This is a systematic review and meta-analysis of clinical studies among patients receiving maintenance dialysis. We did a systematic literature search in PubMed and Embase to identify studies reporting the relationship between serum 25(OH)D levels and all-cause and cardiovascular mortality in patients on dialysis. The search was last updated on 10 February 2017. RESULTS: The study included 18 moderate to high-quality cohort studies with an overall sample of 14 154 patients on dialysis. The relative risk of all-cause mortality per 10 ng/mL increase in serum 25(OH)D level was 0.78 [95% confidence interval (CI) 0.71-0.86], although there was marked heterogeneity (I2=96%, P < 0.01) that was partly explained by differences in CVD prevalence, baseline parathyroid hormone level and dialysis duration among included studies. The relative risk of cardiovascular mortality per 10 ng/mL increase in serum 25(OH)D level was 0.71 (95% CI 0.63-0.79), with substantial heterogeneity (I2=74%, P=0.004) that was largely explained by differences in study type and serum 25(OH)D measurement method. CONCLUSIONS: In the present study, increased serum 25(OH)D level was significantly associated with lower all-cause mortality and lower cardiovascular mortality in dialysis patients.",,2018,"Nephrology, dialysis, transplantation : official publication of the European Dialysis and Transplant Association - European Renal Association","Journal Article|Meta-Analysis|Research Support, Non-U.S. Gov't|Systematic Review",10.1093/ndt/gfy016,https://pubmed.ncbi.nlm.nih.gov/29481620/,retain,true,abstract_only,ABSTRACT_SENTENCE_10,"CONCLUSIONS: In the present study, increased serum 25(OH)D level was significantly associated with lower all-cause mortality and lower cardiovascular mortality in dialysis patients.",,"Although vitamin D deficiency is closely associated with cardiovascular disease (CVD) and high mortality in the general population, the relationship between serum 25-hydroxyvitamin D [25(OH)D] and all-cause and cardiovascular mortality in dialysis patients is uncertain. | We aim to explore the relationship between serum 25(OH)D levels and all-cause and cardiovascular mortality in dialysis patients. | We did a systematic literature search in PubMed and Embase to identify studies reporting the relationship between serum 25(OH)D levels and all-cause and cardiovascular mortality in patients on dialysis.","CONCLUSIONS: In the present study, increased serum 25(OH)D level was significantly associated with lower all-cause mortality and lower cardiovascular mortality in dialysis patients.","BACKGROUND: Vitamin D deficiency is highly prevalent in patients on dialysis. | Although vitamin D deficiency is closely associated with cardiovascular disease (CVD) and high mortality in the general population, the relationship between serum 25-hydroxyvitamin D [25(OH)D] and all-cause and cardiovascular mortality in dialysis patients is uncertain. | We aim to explore the relationship between serum 25(OH)D levels and all-cause and cardiovascular mortality in dialysis patients.",3085,,,,not_observed,ai_screened_regex_confirmed
HRS2_KIDNEY_DISEASE,pubmed:29566839,pubmed,29566839,Cost-Effectiveness of First-Line Sevelamer and Lanthanum versus Calcium-Based Binders for Hyperphosphatemia of Chronic Kidney Disease.,"BACKGROUND: Phosphate binders are used to treat hyperphosphatemia among patients with chronic kidney disease (CKD). OBJECTIVES: To conduct an economic evaluation comparing calcium-free binders sevelamer and lanthanum with calcium-based binders for patients with CKD. METHODS: Effectiveness data were obtained from a recent meta-analysis of randomized trials. Effectiveness was measured as life-years gained and translated to quality-adjusted life-years (QALYs) using utility weights from the literature. A Markov model consisting of non-dialysis-dependent (NDD)-CKD, dialysis-dependent (DD)-CKD, and death was developed to estimate the incremental costs and effects of sevelamer and lanthanum versus those of calcium-based binders. A lifetime horizon was used and both costs and effects were discounted at 1.5%. All costs are presented in 2015 Canadian dollars from the Canadian public payer perspective. Results of probabilistic sensitivity analysis were presented using cost-effectiveness acceptability curves. Sensitivity analyses were conducted for risk pooling methods, omission of dialysis costs, and persistence of drug effects on mortality. RESULTS: Sevelamer resulted in an incremental cost-effectiveness ratio of $106,522/QALY for NDD-CKD and $133,847/QALY for DD-CKD cohorts. Excluding dialysis costs, sevelamer was cost-effective in the NDD-CKD cohort ($5,847/QALY) and the DD-CKD cohort ($11,178/QALY). Lanthanum was dominated regardless of whether dialysis costs were included. CONCLUSIONS: Existing evidence does not clearly support the cost-effectiveness of non-calcium-containing phosphate binders (sevelamer and lanthanum) relative to calcium-containing phosphate binders in DD-CKD patients. Our study suggests that sevelamer may be cost-effective before dialysis onset. Because of the remaining uncertainty in several clinically relevant outcomes over time in DD-CKD and NDD-CKD patients, further research is encouraged.",,2018,Value in health : the journal of the International Society for Pharmacoeconomics and Outcomes Research,Comparative Study|Journal Article|Meta-Analysis,10.1016/j.jval.2017.08.3020,https://pubmed.ncbi.nlm.nih.gov/29566839/,retain,true,abstract_only,ABSTRACT_SENTENCE_9,"Sensitivity analyses were conducted for risk pooling methods, omission of dialysis costs, and persistence of drug effects on mortality.",,"Sensitivity analyses were conducted for risk pooling methods, omission of dialysis costs, and persistence of drug effects on mortality.","Sensitivity analyses were conducted for risk pooling methods, omission of dialysis costs, and persistence of drug effects on mortality.","BACKGROUND: Phosphate binders are used to treat hyperphosphatemia among patients with chronic kidney disease (CKD). | OBJECTIVES: To conduct an economic evaluation comparing calcium-free binders sevelamer and lanthanum with calcium-based binders for patients with CKD. | A Markov model consisting of non-dialysis-dependent (NDD)-CKD, dialysis-dependent (DD)-CKD, and death was developed to estimate the incremental costs and effects of sevelamer and lanthanum versus those of calcium-based binders.",3085,,,,not_observed,ai_screened_regex_confirmed
HRS2_KIDNEY_DISEASE,pubmed:26175145,pubmed,26175145,Ferric pyrophosphate citrate (Triferic™) administration via the dialysate maintains hemoglobin and iron balance in chronic hemodialysis patients.,"BACKGROUND: Administration of ferric pyrophosphate citrate (FPC, Triferic™) via hemodialysate may allow replacement of ongoing uremic and hemodialysis-related iron losses. FPC donates iron directly to transferrin, bypassing the reticuloendothelial system and avoiding iron sequestration. METHODS: Two identical Phase 3, randomized, placebo-controlled trials (CRUISE 1 and 2) were conducted in 599 iron-replete chronic hemodialysis patients. Patients were dialyzed with dialysate containing 2 µM FPC-iron or standard dialysate (placebo) for up to 48 weeks. Oral or intravenous iron supplementation was prohibited, and doses of erythropoiesis-stimulating agents were held constant. The primary efficacy end point was the change in hemoglobin (Hgb) concentration from baseline to end of treatment (EoT). Secondary end points included reticulocyte hemoglobin content (CHr) and serum ferritin. RESULTS: In both trials, Hgb concentration was maintained from baseline to EoT in the FPC group but decreased by 0.4 g/dL in the placebo group (P < 0.001, combined results; 95% confidence interval [CI] 0.2-0.6). Placebo treatment resulted in significantly larger mean decreases from baseline in CHr (-0.9 pg versus -0.4 pg, P < 0.001) and serum ferritin (-133.1 µg/L versus -69.7 µg/L, P < 0.001) than FPC treatment. The proportions of patients with adverse and serious adverse events were similar in both treatment groups. CONCLUSIONS: FPC delivered via dialysate during hemodialysis replaces iron losses, maintains Hgb concentrations, does not increase iron stores and exhibits a safety profile similar to placebo. FPC administered by hemodialysis via dialysate represents a paradigm shift in delivering maintenance iron therapy to hemodialysis patients.",,2015,"Nephrology, dialysis, transplantation : official publication of the European Dialysis and Transplant Association - European Renal Association","Clinical Trial, Phase III|Journal Article|Multicenter Study|Randomized Controlled Trial|Research Support, Non-U.S. Gov't",10.1093/ndt/gfv277,https://pubmed.ncbi.nlm.nih.gov/26175145/,retain,true,abstract_only,ABSTRACT_SENTENCE_8,"RESULTS: In both trials, Hgb concentration was maintained from baseline to EoT in the FPC group but decreased by 0.4 g/dL in the placebo group (P < 0.001, combined results; 95% confidence interval [CI] 0.2-0.6).",0.4 g/d | 133.1 µg | 69.7 µg,The proportions of patients with adverse and serious adverse events were similar in both treatment groups.,"RESULTS: In both trials, Hgb concentration was maintained from baseline to EoT in the FPC group but decreased by 0.4 g/dL in the placebo group (P < 0.001, combined results; 95% confidence interval [CI] 0.2-0.6).","BACKGROUND: Administration of ferric pyrophosphate citrate (FPC, Triferic™) via hemodialysate may allow replacement of ongoing uremic and hemodialysis-related iron losses. | METHODS: Two identical Phase 3, randomized, placebo-controlled trials (CRUISE 1 and 2) were conducted in 599 iron-replete chronic hemodialysis patients. | CONCLUSIONS: FPC delivered via dialysate during hemodialysis replaces iron losses, maintains Hgb concentrations, does not increase iron stores and exhibits a safety profile similar to placebo.",3080,,,,not_observed,ai_screened_regex_confirmed
HRS2_KIDNEY_DISEASE,pubmed:41933167,pubmed,41933167,Effect of active vitamin D supplementation on muscle mass and function in peritoneal dialysis patients with sarcopenia: a randomized controlled trial.,"The data regarding the influence of active vitamin D supplementation on muscle mass and function in end-stage renal disease (ESRD) patients have been inconclusive. Our study aimed to determine the effectiveness of vitamin D supplementation on the alterations in muscle mass and function in peritoneal dialysis (PD) patients with sarcopenia. This single-center, randomized, open-label, parallel-controlled clinical trial was conducted at the Ningbo No.2 Hospital, which serves as a tertiary care center in the Ningbo region of Zhejiang Province, China. ESRD patients with sarcopenia and vitamin D insufficiency or deficiency (serum 25(OH)D levels < 30 ng/mL) who were undergoing PD were recruited for the study. Participants were randomly allocated in a 1:1 ratio to either the intervention group (n = 25) or the control group (n = 25). Participants within the intervention group were prescribed alfacalcidol soft capsules at a daily dosage of 0.5 µg. By contrast, participants assigned to the control group were explicitly prohibited from using alfacalcidol or any other pharmaceutical formulations that contained active vitamin D components. The primary endpoint was the improvement in skeletal muscle mass or function (a composite endpoint) from the baseline assessment to Week 48. Primary efficacy analyses were based on the intention-to-treat (ITT) population who completed randomization. Sensitivity analyses of the per-protocol (PP) population and the population adjusted for potential confounders were performed. Safety and tolerability were monitored. This trial was registered at the Chinese Clinical Trial Registry, ChiCTR2400084107. Participants had a good adherence to treatment. During the 48-week outpatient follow-up, 30.0% (15/50) of participants achieved improvement in muscle mass or function. Specifically, 48.0% (12/25) of participants in the alfacalcidol group and 12.0% (3/25) in the control group achieved improvement in muscle mass or function, yielding an absolute difference of 36.0% (95% CI 12.6% – 59.4%; P = 0.005), with a relative risk (RR) of 1.69 (95% CI 1.13–2.53). For the PP population, the results showed an absolute difference of 38.6% (95% CI 13.7% – 63.5%; P = 0.006), with a RR of 1.81 (95% CI 1.14–2.86), between the two groups. For the population adjusted for baseline age and serum 25(OH)D in the multivariate model, vitamin D supplementation was still significantly correlated with the improvement in muscle mass and function (odds ratio (OR) 11.89, 95% CI 1.92–73.5; P = 0.008). The incidence of adverse events did not differ between the two groups, and the daily administration of 0.5 µg of alfacalcidol was well-tolerated. These results indicate that the administration of active vitamin D has the potential to improve muscle mass and function in ESRD patients with sarcopenia and vitamin D insufficiency or deficiency who were undergoing PD. Nevertheless, due to the risk of biases stemming from study limitations, these findings should be interpreted as exploratory, and the generalizability (external validity) of the results warrants further investigation.Registration and Protocol Availability: The trial has been registered with the Chinese Clinical Trial Registry ( http://www.chictr.org.cn ) under registration number ChiCTR2400084107, and the registration date is May 10, 2024. The detailed protocol can be accessed directly from the website.",,2026,Scientific reports,Journal Article|Randomized Controlled Trial,10.1159/000536582,https://pubmed.ncbi.nlm.nih.gov/41933167/,retain,true,abstract_only,ABSTRACT_SENTENCE_18,"The incidence of adverse events did not differ between the two groups, and the daily administration of 0.5 µg of alfacalcidol was well-tolerated.",0.5 µg,"This single-center, randomized, open-label, parallel-controlled clinical trial was conducted at the Ningbo No.2 Hospital, which serves as a tertiary care center in the Ningbo region of Zhejiang Province, China. | The incidence of adverse events did not differ between the two groups, and the daily administration of 0.5 µg of alfacalcidol was well-tolerated.","The incidence of adverse events did not differ between the two groups, and the daily administration of 0.5 µg of alfacalcidol was well-tolerated.",The data regarding the influence of active vitamin D supplementation on muscle mass and function in end-stage renal disease (ESRD) patients have been inconclusive. | Our study aimed to determine the effectiveness of vitamin D supplementation on the alterations in muscle mass and function in peritoneal dialysis (PD) patients with sarcopenia. | ESRD patients with sarcopenia and vitamin D insufficiency or deficiency (serum 25(OH)D levels < 30 ng/mL) who were undergoing PD were recruited for the study.,3067,,,,not_observed,ai_screened_regex_confirmed
HRS2_KIDNEY_DISEASE,pubmed:37812931,pubmed,37812931,Efficacy and Safety of Ferric Citrate on Hyperphosphatemia among Chinese Patients with Chronic Kidney Disease Undergoing Hemodialysis: A Phase III Multicenter Randomized Open-Label Active-Drug-Controlled Study.,"INTRODUCTION: Hyperphosphatemia in chronic kidney disease (CKD) patients is positively associated with mortality. Ferric citrate is a potent phosphorus binder that lowers serum phosphorus level and improves iron metabolism. We compared its efficacy and safety with active drugs in Chinese CKD patients with hemodialysis. METHODS: Chinese patients undergoing hemodialysis were randomized into two treatment groups in a 1:1 ratio, receiving either ferric citrate or sevelamer carbonate, respectively, for 12 weeks. Serum phosphorus levels, calcium concentration, and iron metabolism parameters were evaluated every 2 weeks. Frequency and severity of adverse events were recorded. RESULTS: 217 (90.4%) patients completed the study with balanced demographic and baseline characteristics between two groups. Ferric citrate decreased the serum phosphorus level to 0.59 ± 0.54 mmol/L, comparable to 0.56 ± 0.62 mmol/L by sevelamer carbonate. There was no significant difference between two groups (p &gt; 0.05) in the proportion of patients with serum phosphorus levels reaching the target range, the response rate to the study drug, and the changes of corrected serum calcium concentrations, and intact-PTH levels at the end of treatment. The change of iron metabolism indicators in the ferric citrate group was significantly higher than those in the sevelamer carbonate group. There are 47 (40.5%) patients in the ferric citrate group, and 26 (21.3%) patients in the sevelamer carbonate group experienced drug-related treatment emergent adverse events (TEAEs); most were mild and tolerable. Common drug-related TEAEs were gastrointestinal disorders, including diarrhea (12.9 vs. 2.5%), fecal discoloration (14.7 vs. 0%), and constipation (1.7 vs. 7.4%) in ferric citrate and sevelamer carbonate group. CONCLUSION: Ferric citrate capsules have good efficacy and safety in the control of hyperphosphatemia in adult patients with CKD undergoing hemodialysis. Efficacy is not inferior to sevelamer carbonate. The TEAEs were mostly mild and tolerated by the patients.",,2023,American journal of nephrology,"Randomized Controlled Trial|Multicenter Study|Clinical Trial, Phase III|Journal Article|Research Support, Non-U.S. Gov't",10.1159/000534484,https://pubmed.ncbi.nlm.nih.gov/37812931/,retain,true,abstract_only,ABSTRACT_SENTENCE_11,"There are 47 (40.5%) patients in the ferric citrate group, and 26 (21.3%) patients in the sevelamer carbonate group experienced drug-related treatment emergent adverse events (TEAEs); most were mild and tolerable.",0.54 mmol | 0.62 mmol,"INTRODUCTION: Hyperphosphatemia in chronic kidney disease (CKD) patients is positively associated with mortality. | Frequency and severity of adverse events were recorded. | There are 47 (40.5%) patients in the ferric citrate group, and 26 (21.3%) patients in the sevelamer carbonate group experienced drug-related treatment emergent adverse events (TEAEs); most were mild and tolerable.","There are 47 (40.5%) patients in the ferric citrate group, and 26 (21.3%) patients in the sevelamer carbonate group experienced drug-related treatment emergent adverse events (TEAEs); most were mild and tolerable.","INTRODUCTION: Hyperphosphatemia in chronic kidney disease (CKD) patients is positively associated with mortality. | We compared its efficacy and safety with active drugs in Chinese CKD patients with hemodialysis. | METHODS: Chinese patients undergoing hemodialysis were randomized into two treatment groups in a 1:1 ratio, receiving either ferric citrate or sevelamer carbonate, respectively, for 12 weeks.",3060,,,,not_observed,ai_screened_regex_confirmed
HRS2_KIDNEY_DISEASE,pubmed:37696667,pubmed,37696667,Efficacy and Safety of Upacicalcet in Hemodialysis Patients with Secondary Hyperparathyroidism: A Randomized Placebo-Controlled Trial.,"BACKGROUND: Secondary hyperparathyroidism is a major complication of patients undergoing hemodialysis (HD). Upacicalcet, a new injectable calcimimetic, acts on calcium-sensing receptors to suppress parathyroid hormone (PTH) secretion. We examined the efficacy and safety of upacicalcet in patients with secondary hyperparathyroidism receiving HD. METHODS: In this phase 3, double-blind, placebo-controlled study, we randomized Japanese patients undergoing HD with serum intact PTH (iPTH) concentrations >240 pg/ml and corrected calcium concentrations ≥8.4 mg/dl. Either upacicalcet or placebo was administered after each HD session for 24 weeks. The primary outcome was the percentage of participants achieving the target mean serum iPTH concentration (60-240 pg/ml) at weeks 22-24. RESULTS: A total of 103 participants received upacicalcet, and 50 participants received the placebo. The percentage of participants achieving mean serum iPTH concentrations of 60-240 pg/ml during the evaluation period was 67% (69/103) in the upacicalcet group and 8% (4/50) in the placebo group. The difference between the two groups was 59% (95% confidence interval, 48% to 71%). Upacicalcet also decreased serum fibroblast growth factor-23, bone-specific alkaline phosphatase, total type 1 procollagen-N-propeptide, and tartrate-resistant acid phosphatase-5b concentrations. Adverse events were reported in 85% (88/103) and 72% (36/50) participants in the upacicalcet and placebo groups, respectively. The incidence of upper gastrointestinal adverse events, such as nausea and vomiting, was similar between the two groups. Serum corrected calcium concentrations <7.5 mg/dl were observed in 2% of participants in the upacicalcet group and no participants in the placebo group. CONCLUSIONS: Upacicalcet, a novel injectable calcimimetic, is effective and safe for secondary hyperparathyroidism patients receiving HD. CLINICAL TRIAL REGISTRY NAME AND REGISTRATION NUMBER: Phase 3 Study of SK-1403, NCT03801980 .",,2023,Clinical journal of the American Society of Nephrology : CJASN,"Randomized Controlled Trial|Clinical Trial, Phase III|Journal Article|Research Support, Non-U.S. Gov't",10.1016/j.ekir.2016.04.002,https://pubmed.ncbi.nlm.nih.gov/37696667/,retain,true,abstract_only,ABSTRACT_SENTENCE_11,"Adverse events were reported in 85% (88/103) and 72% (36/50) participants in the upacicalcet and placebo groups, respectively.",8.4 mg/d | 7.5 mg/d,"Adverse events were reported in 85% (88/103) and 72% (36/50) participants in the upacicalcet and placebo groups, respectively. | The incidence of upper gastrointestinal adverse events, such as nausea and vomiting, was similar between the two groups.","Adverse events were reported in 85% (88/103) and 72% (36/50) participants in the upacicalcet and placebo groups, respectively.",BACKGROUND: Secondary hyperparathyroidism is a major complication of patients undergoing hemodialysis (HD).,3058,,,,not_observed,ai_screened_regex_confirmed
HRS2_KIDNEY_DISEASE,pubmed:38810556,pubmed,38810556,"Add-on astragalus in type 2 diabetes and chronic kidney disease: A multi-center, assessor-blind, randomized controlled trial.","BACKGROUND: Diabetes leads to chronic kidney disease (CKD) and kidney failure, requiring dialysis or transplantation. Astragalus, a common herbal medicine and US pharmacopeia-registered food ingredient, is shown kidney protective by retrospective and preclinical data but with limited long-term prospective clinical evidence. This trial aimed to assess the effectiveness of astragalus on kidney function decline in macroalbuminuric diabetic CKD patients. METHODS: This randomized, assessor-blind, standard care-controlled, multi-center clinical trial randomly assigned 118 patients with estimated glomerular filtration rate (eGFR) of 30-90 ml/min/1.73m2 and urinary albumin-to-creatinine ratio (UACR) of 300-5000 mg/g from 7 public outpatient clinics and the community in Hong Kong between July 2018 and April 2022 to add-on oral astragalus granules (15 gs of raw herbs daily equivalent) or to continue standard care alone as control for 48 weeks. Primary outcomes were the slope of change of eGFR (used for sample size calculation) and UACR of the intention-to-treat population. Secondary outcomes included endpoint blood pressures, biochemistry, biomarkers, concomitant drug change and adverse events. (ClinicalTrials.gov: NCT03535935) RESULTS: During the 48-week period, the estimated difference in the slope of eGFR decline was 4.6 ml/min/1.73m2 per year (95 %CI: 1.5 to 7.6, p = 0.003) slower with astragalus. For UACR, the estimated inter-group proportional difference in the slope of change was insignificant (1.14, 95 %CI: 0.85 to 1.52, p = 0.392). 117 adverse events from 31 astragalus-treated patients and 41 standard care-controlled patients were documented. The 48-week endpoint systolic blood pressure was 7.9 mmHg lower (95 %CI: -12.9 to -2.8, p = 0.003) in the astragalus-treated patients. 113 (96 %) and 107 (91 %) patients had post-randomization and endpoint primary outcome measures, respectively. CONCLUSION: In patients with type 2 diabetes, stage 2 to 3 CKD and macroalbuminuria, add-on astragalus for 48 weeks further stabilized kidney function on top of standard care.",,2024,Phytomedicine : international journal of phytotherapy and phytopharmacology,Journal Article|Randomized Controlled Trial|Multicenter Study,10.1016/j.phymed.2024.155457,https://pubmed.ncbi.nlm.nih.gov/38810556/,retain,true,abstract_only,ABSTRACT_SENTENCE_6,"Secondary outcomes included endpoint blood pressures, biochemistry, biomarkers, concomitant drug change and adverse events. (ClinicalTrials.gov: NCT03535935) RESULTS: During the 48-week period, the estimated difference in the slope of eGFR decline was 4.6 ml/min/1.73m2 per year (95 %CI: 1.5 to 7.6, p = 0.003) slower with astragalus.",30-90 ml | 300-5000 mg | 4.6 ml | 95 %,"Secondary outcomes included endpoint blood pressures, biochemistry, biomarkers, concomitant drug change and adverse events. (ClinicalTrials.gov: NCT03535935) RESULTS: During the 48-week period, the estimated difference in the slope of eGFR decline was 4.6 ml/min/1.73m2 per year (95 %CI: 1.5 to 7.6, p = 0.003) slower with astragalus. | 117 adverse events from 31 astragalus-treated patients and 41 standard care-controlled patients were documented.","Secondary outcomes included endpoint blood pressures, biochemistry, biomarkers, concomitant drug change and adverse events. (ClinicalTrials.gov: NCT03535935) RESULTS: During the 48-week period, the estimated difference in the slope of eGFR decline was 4.6 ml/min/1.73m2 per year (95 %CI: 1.5 to 7.6, p = 0.003) slower with astragalus.","BACKGROUND: Diabetes leads to chronic kidney disease (CKD) and kidney failure, requiring dialysis or transplantation. | Astragalus, a common herbal medicine and US pharmacopeia-registered food ingredient, is shown kidney protective by retrospective and preclinical data but with limited long-term prospective clinical evidence. | This trial aimed to assess the effectiveness of astragalus on kidney function decline in macroalbuminuric diabetic CKD patients.",2999,,,,not_observed,ai_screened_regex_confirmed
HRS2_KIDNEY_DISEASE,pubmed:39225105,pubmed,39225105,Vitamin D status and intermediate vascular and bone outcomes in chronic kidney disease: a secondary post hoc analysis of IMPROVE-CKD.,"BACKGROUND AND AIMS: Cardiovascular disease is the leading cause of death in patients with chronic kidney disease (CKD) and has been associated with abnormalities of mineral metabolism and vascular calcification. Vitamin D influences parathyroid hormone values and calcium and phosphate metabolism, and may play a role in vascular function and bone health. We aimed to test our hypothesis that vitamin D deficiency is associated with arterial stiffness, aortic calcification and lower bone mineral density (BMD) in patients with CKD. METHODS: A cross-sectional analysis was performed using baseline data from the IMpact of Phosphate Reduction On Vascular Endpoints in CKD (IMPROVE-CKD) study cohort. Clinical and laboratory parameters were compared between those with and without vitamin D deficiency, defined as 25-hydroxyvitamin D (25(OH)D) <50 nmol/L. Univariable and multivariable linear regression analyses were performed to assess associations between serum 25(OH)D levels and pulse wave velocity (PWV), augmentation index (AIx), abdominal aortic calcification (measured by the Agatston score) and lumbar spine BMD. RESULTS: Baseline 25(OHD) values were available in 208 out of 278 IMPROVE-CKD study participants, with a mean value of 70.1 ± 30.7 nmol/L. Of these, 57 (27%) patients had vitamin D deficiency. Those with 25(OH)D deficiency were more likely to have diabetes (56% vs 38%), cardiovascular disease (54% vs 36%) and lower serum calcium (2.29 ± 0.13 vs 2.34 ± 0.13 mmol/L). On univariable and multivariable regression analyses, baseline 25(OH)D values were not associated with PWV, the AIx, Agatston score or BMD. CONCLUSION: Baseline 25(OH)D levels were not associated with intermediate markers of vascular function and BMD in patients with CKD stages 3b and 4.",,2024,Internal medicine journal,Journal Article|Multicenter Study|Randomized Controlled Trial,10.1111/imj.16516,https://pubmed.ncbi.nlm.nih.gov/39225105/,retain,true,abstract_only,ABSTRACT_SENTENCE_9,"Those with 25(OH)D deficiency were more likely to have diabetes (56% vs 38%), cardiovascular disease (54% vs 36%) and lower serum calcium (2.29 ± 0.13 vs 2.34 ± 0.13 mmol/L).",0.13 mmol,"BACKGROUND AND AIMS: Cardiovascular disease is the leading cause of death in patients with chronic kidney disease (CKD) and has been associated with abnormalities of mineral metabolism and vascular calcification. | Those with 25(OH)D deficiency were more likely to have diabetes (56% vs 38%), cardiovascular disease (54% vs 36%) and lower serum calcium (2.29 ± 0.13 vs 2.34 ± 0.13 mmol/L).","Those with 25(OH)D deficiency were more likely to have diabetes (56% vs 38%), cardiovascular disease (54% vs 36%) and lower serum calcium (2.29 ± 0.13 vs 2.34 ± 0.13 mmol/L).","BACKGROUND AND AIMS: Cardiovascular disease is the leading cause of death in patients with chronic kidney disease (CKD) and has been associated with abnormalities of mineral metabolism and vascular calcification. | We aimed to test our hypothesis that vitamin D deficiency is associated with arterial stiffness, aortic calcification and lower bone mineral density (BMD) in patients with CKD. | METHODS: A cross-sectional analysis was performed using baseline data from the IMpact of Phosphate Reduction On Vascular Endpoints in CKD (IMPROVE-CKD) study cohort.",2998,,,,not_observed,ai_screened_regex_confirmed
HRS2_KIDNEY_DISEASE,pubmed:42047771,pubmed,42047771,Effects of turmeric and curcumin in patients on dialysis or using immunosuppressive agents: a systematic review.,"There is an increased risk of oxidative stress and inflammation in hemodialysis (HD) patients, as well as nephrotoxicity in individuals receiving immunosuppressive drugs. Turmeric (Curcuma longa) and its active compound, curcumin, demonstrate nephroprotective effects through their antioxidant, anti-inflammatory, and anti-apoptotic properties. This article evaluates the effects of turmeric and curcumin as interventions to reduce oxidative stress and inflammation in HD patients and as nephroprotective agents in patients undergoing immunosuppressive therapy. We conducted this systematic review following the PRISMA guidelines. We searched Web of Science, PubMed, and Scopus up to April 9, 2025, using combinations of terms related to turmeric, curcumin, chronic kidney disease, dialysis, and immunosuppressive agents. Only randomized controlled trials (RCTs) and case reports involving human subjects were included. Four colleagues independently screened the studies and extracted the data. Twenty-one studies were included in our analysis, evaluating interventions involving turmeric or curcumin as monotherapy or in combination with other compounds such as quercetin, piperine, and resveratrol. According to high-quality studies, turmeric and curcumin demonstrated antioxidant and anti-inflammatory benefits in HD patients; however, these compounds did not exhibit a lipid-lowering effect. Additionally, they showed a nephroprotective role in users of immunosuppressive drugs. Conversely, a food-drug interaction between immunosuppressive drugs and high doses of turmeric caused nephrotoxicity. Turmeric and curcumin may serve as supportive therapeutic strategies for HD patients and individuals using immunosuppressive drugs. However, larger sample sizes and high-quality trials with longer follow-up periods are necessary to confirm their efficacy.",,2026,Naunyn-Schmiedeberg's archives of pharmacology,Systematic Review|Journal Article,10.1186/1471-2210-5-15,https://pubmed.ncbi.nlm.nih.gov/42047771/,retain,true,abstract_only,ABSTRACT_SENTENCE_1,"There is an increased risk of oxidative stress and inflammation in hemodialysis (HD) patients, as well as nephrotoxicity in individuals receiving immunosuppressive drugs.",,"There is an increased risk of oxidative stress and inflammation in hemodialysis (HD) patients, as well as nephrotoxicity in individuals receiving immunosuppressive drugs. | Conversely, a food-drug interaction between immunosuppressive drugs and high doses of turmeric caused nephrotoxicity.","There is an increased risk of oxidative stress and inflammation in hemodialysis (HD) patients, as well as nephrotoxicity in individuals receiving immunosuppressive drugs.","There is an increased risk of oxidative stress and inflammation in hemodialysis (HD) patients, as well as nephrotoxicity in individuals receiving immunosuppressive drugs. | Turmeric (Curcuma longa) and its active compound, curcumin, demonstrate nephroprotective effects through their antioxidant, anti-inflammatory, and anti-apoptotic properties. | This article evaluates the effects of turmeric and curcumin as interventions to reduce oxidative stress and inflammation in HD patients and as nephroprotective agents in patients undergoing immunosuppressive therapy.",2969,,,,not_observed,ai_screened_regex_confirmed
HRS2_KIDNEY_DISEASE,pubmed:42293210,pubmed,42293210,The role of nutritional vitamin D on microinflammation and nutritional status in maintenance hemodialysis patients: a meta-analysis of randomized controlled trials.,"BACKGROUND: Microinflammation is widespread in Maintenance hemodialysis (MHD) patients. The continuous interaction of microinflammation and malnutrition is an independent risk factor for the clinical prognosis of MHD patients. Nutritional vitamin D deficiency is closely related to chronic kidney disease inflammation, but whether correcting this deficiency can improve microinflammation in the MHD population remains unclear. METHODS: Studies published up to March 1, 2025 were included. Risk of bias was assessed using the Cochrane tool. RevMan 5.4 and Stata 17 were used for analyses, with heterogeneity assessed and random-effects models applied. Key outcomes included CRP, serum albumin, TNF-α, IL-1β, immunoreactive Parathyroid Hormone (iPTH), adverse events, hypercalcemia, and hyperphosphatemia. RESULTS: A total of 617 patients in eight randomized controlled trials were included. The experimental group interventions were nutritional vitamin D, while those of the control group were placebo. The meta-analysis showed that the decrease in CRP in the nutritional vitamin D intervention group was significantly higher than that in the control group [MD -3.15, 95% confidence interval (CI; -4.46, -1.84), P < 0.05]. Subgroup analysis demonstrated that nutritional vitamin D supplementation not only reduced CRP in MHD patients with baseline vitamin D deficiency, but also in those with normal vitamin D baseline levels [MD -2.64, 95% CI (-4.47, -0.81), P < 0.05; MD -3.97, 95% CI (-5.78, -2.17), P < 0.05]. The increase in serum albumin in the vitamin D group was more significant than in the control group [MD 0.55, 95% CI (0.10, 1.01), P < 0.05]. iPTH decreased more significantly in the vitamin D group than in the control group [SMD -0.56, 95% CI (-1.07, -0.05), P < 0.05]. In terms of safety, the overall incidence of adverse reactions in the nutritional vitamin D group was similar to that in the control group (P = 0.09). Moreover, no significant differences were found in the incidence of hypercalcemia and hyperphosphatemia between the two groups (P = 0.15, P = 0.32). CONCLUSION: Nutritional vitamin D supplementation may improve microinflammation and nutritional status in MHD patients, with potential benefits for bone metabolism and no apparent increase in the risk of hypercalcemia or hyperphosphatemia.",,2026,Frontiers in nutrition,Journal Article|Systematic Review,10.1093/ndt/gfad063c_2918,https://pubmed.ncbi.nlm.nih.gov/42293210/,retain,true,abstract_only,ABSTRACT_SENTENCE_7,"Key outcomes included CRP, serum albumin, TNF-α, IL-1β, immunoreactive Parathyroid Hormone (iPTH), adverse events, hypercalcemia, and hyperphosphatemia.",,"Key outcomes included CRP, serum albumin, TNF-α, IL-1β, immunoreactive Parathyroid Hormone (iPTH), adverse events, hypercalcemia, and hyperphosphatemia. | In terms of safety, the overall incidence of adverse reactions in the nutritional vitamin D group was similar to that in the control group (P = 0.09). | Moreover, no significant differences were found in the incidence of hypercalcemia and hyperphosphatemia between the two groups (P = 0.15, P = 0.32).","Key outcomes included CRP, serum albumin, TNF-α, IL-1β, immunoreactive Parathyroid Hormone (iPTH), adverse events, hypercalcemia, and hyperphosphatemia.","BACKGROUND: Microinflammation is widespread in Maintenance hemodialysis (MHD) patients. | Nutritional vitamin D deficiency is closely related to chronic kidney disease inflammation, but whether correcting this deficiency can improve microinflammation in the MHD population remains unclear.",2967,,,,not_observed,ai_screened_regex_confirmed
HRS2_KIDNEY_DISEASE,pubmed:42246040,pubmed,42246040,Efficacy and safety of pharmacological treatments for restless legs syndrome in hemodialysis patients: a systematic review and meta-analysis.,"BACKGROUND: Restless Legs Syndrome (RLS) is highly prevalent among adults receiving maintenance hemodialysis and significantly impairs sleep, psychological well-being, and quality of life. While Western pharmacological treatments such as dopaminergic agents, gabapentinoids, and iron therapy are commonly studied, Traditional Chinese Medicine (TCM) is also widely used in clinical practice-particularly for syndromes corresponding to RLS such as blood deficiency (Xue Xu), liver-kidney yin deficiency (Gan Shen Bu Zu), and blood stasis (Xue Yu). However, the evidence base for TCM pharmacologic interventions in hemodialysis-related RLS remains unclear. This systematic review and meta-analysis evaluated the efficacy and safety of pharmacological therapies, including any available TCM-related pharmacologic treatments, in adults undergoing hemodialysis. METHODS: A comprehensive search of PubMed, EMBASE, CENTRAL, Scopus, Web of Science, ClinicalTrials.gov, and Chinese-language databases was conducted from inception to January 2025. Eligible studies included randomized, quasi-experimental, and observational studies of pharmacologic therapies-Western medications or TCM-derived pharmaceutical preparations-administered for RLS in adults on hemodialysis. The primary outcome was change in International Restless Legs Scale (IRLS) scores; secondary outcomes included sleep quality, quality of life, dialysis adequacy, and adverse events. Random-effects meta-analyses, subgroup analyses, and GRADE assessments were performed. RESULTS: Sixteen studies (n = 1,324) met inclusion criteria, with nine included in the quantitative analysis. Pharmacologic therapy significantly improved IRLS scores (MD -7.84), sleep quality (SMD -0.82), and quality of life (SMD 0.48). Gabapentinoids produced the largest symptom reductions, followed by dopaminergic agents and iron therapy. No treatment affected dialysis adequacy. Adverse events increased modestly (RR 1.28), highest with dopaminergic agents. Although the search identified several TCM-related clinical studies, none met criteria for inclusion in the meta-analysis due to lack of standardized RLS diagnosis, inconsistent outcome reporting, or mixed non-pharmacologic interventions. Thus, TCM pharmacologic treatments could not be quantitatively evaluated. Subgroup analyses by drug class demonstrated that gabapentinoids produced the largest reductions in RLS symptom severity, followed by dopaminergic agents and iron therapy. Bar plots illustrate these comparative effects on RLS severity, sleep quality, and quality of life. A heatmap further revealed that dopaminergic agents were associated with the highest frequency of adverse events, particularly nausea, hypotension, and augmentation. CONCLUSION: Western pharmacologic agents-particularly gabapentinoids-are effective for managing RLS in hemodialysis patients. Dopaminergic agents are beneficial but limited by higher adverse event risks, while iron therapy offers moderate benefits with good tolerability. Although TCM is widely used for symptom patterns associated with RLS and shows theoretical promise, high-quality, hemodialysis-specific pharmacologic TCM trials are lacking. To support integrated Chinese-Western clinical practice, rigorous future RCTs of standardized TCM formulations are urgently needed. This study provides evidence to guide clinical decision-making and emphasizes the importance of individualizing treatment approaches to balance efficacy and safety for patients undergoing hemodialysis.",,2026,Frontiers in neurology,Journal Article|Systematic Review,10.1186/s12882-020-01931-z,https://pubmed.ncbi.nlm.nih.gov/42246040/,retain,true,abstract_only,ABSTRACT_SENTENCE_13,"Adverse events increased modestly (RR 1.28), highest with dopaminergic agents.",,"The primary outcome was change in International Restless Legs Scale (IRLS) scores; secondary outcomes included sleep quality, quality of life, dialysis adequacy, and adverse events. | Adverse events increased modestly (RR 1.28), highest with dopaminergic agents. | A heatmap further revealed that dopaminergic agents were associated with the highest frequency of adverse events, particularly nausea, hypotension, and augmentation.","Adverse events increased modestly (RR 1.28), highest with dopaminergic agents.","BACKGROUND: Restless Legs Syndrome (RLS) is highly prevalent among adults receiving maintenance hemodialysis and significantly impairs sleep, psychological well-being, and quality of life. | While Western pharmacological treatments such as dopaminergic agents, gabapentinoids, and iron therapy are commonly studied, Traditional Chinese Medicine (TCM) is also widely used in clinical practice-particularly for syndromes corresponding to RLS such as blood deficiency (Xue Xu), liver-kidney yin deficiency (Gan Shen Bu Zu), and blood stasis (Xue Yu). | However, the evidence base for TCM pharmacologic interventions in hemodialysis-related RLS remains unclear.",2965,,,,not_observed,ai_screened_regex_confirmed
HRS3_PREGNANCY,pubmed:40869296,pubmed,40869296,Folic Acid Supplementation and Risk of Gestational Diabetes Mellitus: A Systematic Review of the Literature.,"Gestational diabetes mellitus (GDM) affects approximately 14% of pregnancies globally and has been hypothesized to be influenced by periconceptional and early pregnancy folic acid (FA) supplementation, a practice recommended to prevent neural tube defects. To evaluate this association, we conducted a systematic review of studies published between 2015 and 2024 examining FA use and GDM risk. Twelve studies met the inclusion criteria, including ten cohort studies and two case-control studies. While findings were mixed, several prospective studies suggested that high daily FA intake (≥800 μg) or prolonged use (>3-6 months) may be associated with increased odds of GDM, especially when initiated preconceptionally. Conversely, standard-dose supplementation (≈400 μg) appeared neutral or potentially protective in some populations. Notably, high folate status combined with low vitamin B12 was linked to increased GDM risk, suggesting metabolic interaction. Overall, most studies were of moderate to high methodological quality. Although current evidence is inconclusive, these results support cautious use of high-dose FA supplementation and the importance of individualized prenatal nutrition, particularly considering B12 status. Further research is needed to clarify biological mechanisms.",,2025,International journal of molecular sciences,Journal Article|Systematic Review,10.1016/j.cca.2024.119825,https://pubmed.ncbi.nlm.nih.gov/40869296/,retain,true,abstract_only,ABSTRACT_SENTENCE_4,"While findings were mixed, several prospective studies suggested that high daily FA intake (≥800 μg) or prolonged use (>3-6 months) may be associated with increased odds of GDM, especially when initiated preconceptionally.",800 μg | 400 μg,,"While findings were mixed, several prospective studies suggested that high daily FA intake (≥800 μg) or prolonged use (>3-6 months) may be associated with increased odds of GDM, especially when initiated preconceptionally.","Gestational diabetes mellitus (GDM) affects approximately 14% of pregnancies globally and has been hypothesized to be influenced by periconceptional and early pregnancy folic acid (FA) supplementation, a practice recommended to prevent neural tube defects. | Although current evidence is inconclusive, these results support cautious use of high-dose FA supplementation and the importance of individualized prenatal nutrition, particularly considering B12 status.",3634,,,,not_observed,ai_screened_regex_confirmed
HRS3_PREGNANCY,pubmed:38870315,pubmed,38870315,Associations of Gestational Exposure to Air Pollution With Maternal Vitamin D Levels: A Meta-Analysis.,"CONTEXT: Maternal vitamin D level is an important determinant of pregnancy and child health outcomes. Exposure to air pollution is suspected to increase the risk of vitamin D deficiency, but the evidence is scarce. OBJECTIVE: We investigated the association between air pollution during pregnancy and maternal vitamin D levels. METHODS: A total of 15 935 pregnant women from 5 birth cohorts in Europe and the United States were included. Averaged concentrations of nitrogen oxides, fine and coarse particles, and composition of fine particles from conception until vitamin D measurement were estimated at participants' residential addresses using land-use regression or other spatiotemporal models. Cohorts measured vitamin D as 25(OH)D or 25(OH)D3 levels in serum or plasma at early or mid-pregnancy. We defined suboptimal vitamin D levels as levels below 20 ng/mL. We performed logistic regression models for each cohort to estimate the association between air pollution exposure and suboptimal vitamin D levels and pooled cohort-specific estimates in a random-effect meta-analysis. Models were adjusted for sociodemographic and lifestyle characteristics and month of conception. RESULTS: We found an association between particulate matter (PM)2.5 and higher odds of suboptimal vitamin D levels (ie, below 20 ng/mL) (odds ratio per 5 μg/m3 increase in PM2.5, 1.43; 95% CI: 1.02, 1.99). There was no association between other air pollutant exposure and vitamin D levels. CONCLUSION: PM2.5 exposure might contribute to suboptimal levels of vitamin D in pregnancy. Reducing air pollution exposure should be a priority because vitamin D deficiency may adversely influence offspring development.",,2025,The Journal of clinical endocrinology and metabolism,Journal Article|Meta-Analysis,10.1210/clinem/dgae395,https://pubmed.ncbi.nlm.nih.gov/38870315/,retain,true,abstract_only,ABSTRACT_SENTENCE_10,"RESULTS: We found an association between particulate matter (PM)2.5 and higher odds of suboptimal vitamin D levels (ie, below 20 ng/mL) (odds ratio per 5 μg/m3 increase in PM2.5, 1.43; 95% CI: 1.02, 1.99).",5 μg,Reducing air pollution exposure should be a priority because vitamin D deficiency may adversely influence offspring development.,"RESULTS: We found an association between particulate matter (PM)2.5 and higher odds of suboptimal vitamin D levels (ie, below 20 ng/mL) (odds ratio per 5 μg/m3 increase in PM2.5, 1.43; 95% CI: 1.02, 1.99).",CONTEXT: Maternal vitamin D level is an important determinant of pregnancy and child health outcomes. | OBJECTIVE: We investigated the association between air pollution during pregnancy and maternal vitamin D levels. | METHODS: A total of 15 935 pregnant women from 5 birth cohorts in Europe and the United States were included.,3632,,,,not_observed,ai_screened_regex_confirmed
HRS3_PREGNANCY,pubmed:38568994,pubmed,38568994,Dietary fat intake with risk of gestational diabetes mellitus and preeclampsia: a systematic review and meta-analysis of prospective cohort studies.,"CONTEXT: Gestational diabetes mellitus (GDM) and preeclampsia (PE) are commonly observed medical complications in pregnancy. Dietary total fat and fatty acids associated with GDM and PE risk have been examined in several epidemiological studies. In some instances, systematic reviews and meta-analyses might provide more accurate dietary recommendations. OBJECTIVES: This systematic review and dose-response meta-analysis was conducted to investigate the association between dietary total fat and fatty acids and the risk of GDM and PE. DATA SOURCES: Research on dietary fat intake and the risk of GDM and PE was conducted through systematic searches of the PubMed, Scopus, and Web of Science databases for articles published up to August 19, 2023. An investigation of associations between dietary intake of total fat and fatty acids and the risk of GDM and PE was performed using prospective cohort study designs. RESULTS: Twenty-one prospective cohort studies were considered eligible. Findings indicated that higher intakes of total fat (relative risk [RR], 1.08; 95% confidence interval [CI], 1.02-1.14), animal fat (RR, 1.56; 95%CI, 1.34-1.89), vegetable fat (RR, 1.23; 95%CI, 1.05-1.45), dietary cholesterol (RR, 1.48; 95%CI, 1.10-2.00), and omega-3 fatty acid (RR, 1.11; 95%CI, 1.02-1.20) are associated with a greater risk of GDM. However, no significant association was found between dietary total fat and fatty acids and the risk of PE. Dose-response meta-analyses suggested every 10% increment in total energy intake from total fat, 5% from animal fat, 5% from vegetable fat, and 100 mg from cholesterol was related to 15%, 12%, 7%, 14%, and 20% higher GDM risk, respectively. CONCLUSIONS: Overall, total fat, animal fat, vegetable fat, dietary cholesterol, and omega-3 fatty acid consumption are associated with a small but statistically significant increase in GDM risk. PROTOCOL REGISTRATION: PROSPERO (CRD42023466844).",,2025,Nutrition reviews,Journal Article|Systematic Review|Meta-Analysis,10.1093/nutrit/nuae033,https://pubmed.ncbi.nlm.nih.gov/38568994/,retain,true,abstract_only,ABSTRACT_SENTENCE_8,"Findings indicated that higher intakes of total fat (relative risk [RR], 1.08; 95% confidence interval [CI], 1.02-1.14), animal fat (RR, 1.56; 95%CI, 1.34-1.89), vegetable fat (RR, 1.23; 95%CI, 1.05-1.45), dietary cholesterol (RR, 1.48; 95%CI, 1.10-2.00), and omega-3 fatty acid (RR, 1.11; 95%CI, 1.02-1.20) are associated with a greater risk of GDM.",95% | 100 mg,CONTEXT: Gestational diabetes mellitus (GDM) and preeclampsia (PE) are commonly observed medical complications in pregnancy.,"Findings indicated that higher intakes of total fat (relative risk [RR], 1.08; 95% confidence interval [CI], 1.02-1.14), animal fat (RR, 1.56; 95%CI, 1.34-1.89), vegetable fat (RR, 1.23; 95%CI, 1.05-1.45), dietary cholesterol (RR, 1.48; 95%CI, 1.10-2.00), and omega-3 fatty acid (RR, 1.11; 95%CI, 1.02-1.20) are associated with a greater risk of GDM.",CONTEXT: Gestational diabetes mellitus (GDM) and preeclampsia (PE) are commonly observed medical complications in pregnancy.,3630,,,,not_observed,ai_screened_regex_confirmed
HRS3_PREGNANCY,pubmed:33842522,pubmed,33842522,Systematic Literature Review and Meta-Analysis of the Relationship Between Polyunsaturated and Trans Fatty Acids During Pregnancy and Offspring Weight Development.,"Eicosapentaenoic acid (EPA), docosahexaenoic acid (DHA), and trans fatty acids (TFAs) may have an impact on offspring weight development. We conducted a systematic review and meta-analysis according to PRISMA guidelines to evaluate whether levels of these fatty acids during pregnancy influenced offspring weight development. Randomized controlled trials (RCTs) with DHA and/or EPA supplementation or cohort studies, which examined levels of DHA, EPA, or TFAs in maternal or neonatal blood samples and recorded offspring weight, were included. Overall, 27 RCTs and 14 observational studies were identified. The results showed that DHA and/or EPA supplementation doses >650 mg/day resulted in slightly higher birth weight (MD 87.5 g, 95% CI 52.3-122.6, n = 3,831) and combined BMI and BMI z score at 5-10 years (SMD 0.11, 95% CI 0.04-0.18, n = 3,220). These results were rated as moderate quality. Results from the observational studies were generally inconsistent. High TFA levels during pregnancy seemed to be associated with lower birth weight. Finally, this review and meta-analysis supports a relationship between high maternal or neonatal DHA and/or EPA levels and higher offspring birth weight and weight in childhood. More high-quality long-term studies are still needed.",,2021,Frontiers in nutrition,Systematic Review|Journal Article,10.1111/ijpo.242,https://pubmed.ncbi.nlm.nih.gov/33842522/,retain,true,abstract_only,ABSTRACT_SENTENCE_5,"The results showed that DHA and/or EPA supplementation doses >650 mg/day resulted in slightly higher birth weight (MD 87.5 g, 95% CI 52.3-122.6, n = 3,831) and combined BMI and BMI z score at 5-10 years (SMD 0.11, 95% CI 0.04-0.18, n = 3,220).",650 mg/d | 87.5 g,,"The results showed that DHA and/or EPA supplementation doses >650 mg/day resulted in slightly higher birth weight (MD 87.5 g, 95% CI 52.3-122.6, n = 3,831) and combined BMI and BMI z score at 5-10 years (SMD 0.11, 95% CI 0.04-0.18, n = 3,220).","We conducted a systematic review and meta-analysis according to PRISMA guidelines to evaluate whether levels of these fatty acids during pregnancy influenced offspring weight development. | Randomized controlled trials (RCTs) with DHA and/or EPA supplementation or cohort studies, which examined levels of DHA, EPA, or TFAs in maternal or neonatal blood samples and recorded offspring weight, were included. | The results showed that DHA and/or EPA supplementation doses >650 mg/day resulted in slightly higher birth weight (MD 87.5 g, 95% CI 52.3-122.6, n = 3,831) and combined BMI and BMI z score at 5-10 years (SMD 0.11, 95% CI 0.04-0.18, n = 3,220).",3492,,,,not_observed,ai_screened_regex_confirmed
HRS3_PREGNANCY,pubmed:34128867,pubmed,34128867,Systematic review and meta-analysis of vitamin D deficiency in different pregnancy on preterm birth: Deficiency in middle pregnancy might be at risk.,"BACKGROUND: Current studies suggest that vitamin D deficiency during pregnancy can produce a certain effect for preterm birth (PTB), but there is no research showing whether vitamin D deficiency has a consistent effect in different pregnancies; thus, we conducted a systematic review and meta-analysis of 24 observational studies, grouping them according to the gestational age at the time of serum sampling, to investigate whether vitamin D deficiency in different periods of gestation has different effects on PTB and to provide an evidence-based basis for pregnant women to measure and supplement vitamin D. METHODS: The databases PubMed-Medline, EMBASE, the Cochrane Library, Web of Science, EBSCO, CBM, and CNKI were searched until February 2020. Two researchers independently assessed the eligibility and quality of studies, and STATA 12.0 software was used for meta-analysis. RESULT: Seven cohort studies, 13 case-control studies, and 4 cross-sectional studies were included from 2500 articles by inclusion and exclusion criteria. After adjusting for age, race, and other confounding factors, meta-analysis results showed that vitamin D deficiency in the first trimester, the second trimester, and the third trimester did not increase the risk of PTB (odds ratio (OR) = 1.01, 95% confidence interval (CI) (0.88, 1.16), P = .867; OR = 1.12, 95%CI (0.92, 1.37), P = .249; OR = 1.05, 95%CI (0.87, 1.27), P = .602). However, there was moderate heterogeneity in the study of vitamin D deficiency in the second trimester, and subgroup analysis suggested that vitamin D deficiency in the second trimester may increase the risk of PTB (OR = 1.33, 95%CI (1.15, 1.54), P = .000). A sensitivity analysis of the second trimester showed that excluding any 1 study did not significantly change the results. CONCLUSIONS: Vitamin D deficiency in early and late pregnancy may not be associated with PTB, while vitamin D deficiency in middle pregnancy is likely to have an important effect on PTB. Vitamin D levels should be measured in the second trimester of pregnancy, and vitamin D supplements should be provided if necessary.",,2021,Medicine,Journal Article|Meta-Analysis|Systematic Review,10.1097/md.0000000000026303,https://pubmed.ncbi.nlm.nih.gov/34128867/,retain,true,abstract_only,ABSTRACT_SENTENCE_5,"After adjusting for age, race, and other confounding factors, meta-analysis results showed that vitamin D deficiency in the first trimester, the second trimester, and the third trimester did not increase the risk of PTB (odds ratio (OR) = 1.01, 95% confidence interval (CI) (0.88, 1.16), P = .867; OR = 1.12, 95%CI (0.92, 1.37), P = .249; OR = 1.05, 95%CI (0.87, 1.27), P = .602).",95%,"BACKGROUND: Current studies suggest that vitamin D deficiency during pregnancy can produce a certain effect for preterm birth (PTB), but there is no research showing whether vitamin D deficiency has a consistent effect in different pregnancies; thus, we conducted a systematic review and meta-analysis of 24 observational studies, grouping them according to the gestational age at the time of serum sampling, to investigate whether vitamin D deficiency in different periods of gestation has different effects on PTB and to provide an evidence-based basis for pregnant women to measure and supplement vitamin D.","After adjusting for age, race, and other confounding factors, meta-analysis results showed that vitamin D deficiency in the first trimester, the second trimester, and the third trimester did not increase the risk of PTB (odds ratio (OR) = 1.01, 95% confidence interval (CI) (0.88, 1.16), P = .867; OR = 1.12, 95%CI (0.92, 1.37), P = .249; OR = 1.05, 95%CI (0.87, 1.27), P = .602).","BACKGROUND: Current studies suggest that vitamin D deficiency during pregnancy can produce a certain effect for preterm birth (PTB), but there is no research showing whether vitamin D deficiency has a consistent effect in different pregnancies; thus, we conducted a systematic review and meta-analysis of 24 observational studies, grouping them according to the gestational age at the time of serum sampling, to investigate whether vitamin D deficiency in different periods of gestation has different effects on PTB and to provide an evidence-based basis for pregnant women to measure and supplement vitamin D. | CONCLUSIONS: Vitamin D deficiency in early and late pregnancy may not be associated with PTB, while vitamin D deficiency in middle pregnancy is likely to have an important effect on PTB. | Vitamin D levels should be measured in the second trimester of pregnancy, and vitamin D supplements should be provided if necessary.",3492,,,,not_observed,ai_screened_regex_confirmed
HRS3_PREGNANCY,pubmed:41519415,pubmed,41519415,Benefits and risks of herbal medicine use during pregnancy on offspring outcomes: A systematic review and meta-analysis of randomized controlled trials and observational studies.,"PURPOSE: Herbal medicines are widely used during pregnancy, yet their potential effects on offspring remain uncertain. This systematic review aimed to comprehensively evaluate both the potential benefits and risks of prenatal herbal medicine use on offspring outcomes by synthesizing evidence from randomized controlled trials (RCTs) and observational studies. METHODS: We searched PubMed, Embase, and the Cochrane Central Register of Controlled Trials from inception to November 9, 2024. Eligible studies reported maternal use of herbal medicines during pregnancy and assessed offspring-related outcomes. RESULTS: A total of 111 studies met the inclusion criteria, comprising 39 RCTs, 36 cohort studies, 18 case-control studies, and 18 cross-sectional surveys. In RCTs, prenatal use of certain herbal medicines was associated the live birth rate (RR=1.14, 95 % CI: 1.05-1.24) and a lower risk of birth defects (RR=0.46, 95 % CI: 0.22-0.94), primarily among women undergoing assisted reproduction; reductions in miscarriage were observed among those with threatened or recurrent miscarriage. At the overall level, observational studies adjusted for confounding did not show significant associations between prenatal herbal medicine use and major adverse offspring outcomes (including birth defects, miscarriage, stillbirth, or preterm birth). Exploratory analyses of individual herbal products suggested that some specific herbs-such as almond oil and Glycyrrhiza (with preterm birth), betel quid (with low birth weight), An-Tai-Yin (with musculoskeletal malformations), khat (with nervous system malformations), and Coptidis Rhizoma (with nervous system and genital organ malformations)-may be linked to increased risks. However, these signals were based on a limited number of studies and should be interpreted with caution given variability in exposure definitions, study quality, and potential residual confounding. CONCLUSIONS: For women undergoing assisted reproduction or those at increased risk of miscarriage, certain herbal medicines may offer potential benefits during pregnancy. Overall, evidence from RCTs and adjusted observational studies does not indicate a clear increase in adverse offspring outcomes associated with prenatal herbal medicine use. Nonetheless, a few herbs have been linked to potential safety concerns, although the supporting evidence remains limited and heterogeneous. Cautious use is advised, particularly for products without robust data on fetal and long-term postnatal safety.",,2026,Pharmacological research,Journal Article|Systematic Review|Meta-Analysis,10.1016/j.phrs.2026.108092,https://pubmed.ncbi.nlm.nih.gov/41519415/,retain,true,abstract_only,ABSTRACT_SENTENCE_6,"In RCTs, prenatal use of certain herbal medicines was associated the live birth rate (RR=1.14, 95 % CI: 1.05-1.24) and a lower risk of birth defects (RR=0.46, 95 % CI: 0.22-0.94), primarily among women undergoing assisted reproduction; reductions in miscarriage were observed among those with threatened or recurrent miscarriage.",,"In RCTs, prenatal use of certain herbal medicines was associated the live birth rate (RR=1.14, 95 % CI: 1.05-1.24) and a lower risk of birth defects (RR=0.46, 95 % CI: 0.22-0.94), primarily among women undergoing assisted reproduction; reductions in miscarriage were observed among those with threatened or recurrent miscarriage. | At the overall level, observational studies adjusted for confounding did not show significant associations between prenatal herbal medicine use and major adverse offspring outcomes (including birth defects, miscarriage, stillbirth, or preterm birth). | Exploratory analyses of individual herbal products suggested that some specific herbs-such as almond oil and Glycyrrhiza (with preterm birth), betel quid (with low birth weight), An-Tai-Yin (with musculoskeletal malformations), khat (with nervous system malformations), and Coptidis Rhizoma (with nervous system and genital organ malformations)-may be linked to increased risks.","In RCTs, prenatal use of certain herbal medicines was associated the live birth rate (RR=1.14, 95 % CI: 1.05-1.24) and a lower risk of birth defects (RR=0.46, 95 % CI: 0.22-0.94), primarily among women undergoing assisted reproduction; reductions in miscarriage were observed among those with threatened or recurrent miscarriage.","PURPOSE: Herbal medicines are widely used during pregnancy, yet their potential effects on offspring remain uncertain. | This systematic review aimed to comprehensively evaluate both the potential benefits and risks of prenatal herbal medicine use on offspring outcomes by synthesizing evidence from randomized controlled trials (RCTs) and observational studies. | Eligible studies reported maternal use of herbal medicines during pregnancy and assessed offspring-related outcomes.",3367,,,,not_observed,ai_screened_regex_confirmed
HRS3_PREGNANCY,pubmed:42261719,pubmed,42261719,Vitamin D deficiency in pregnant women: obstetric implications and clinical management.,"BACKGROUND: Vitamin D deficiency in pregnant women constitutes a significant obstetric concern, affecting 40-98% of gravid populations worldwide. Adequate vitamin D status is essential for successful pregnancy outcomes, fetal development, and maternal health. OBJECTIVE: This review analyzes current evidence regarding vitamin D deficiency during pregnancy from an obstetric perspective, focusing on pregnancy complications, fetal outcomes, and evidence-based supplementation strategies for clinical practice. METHODS: A systematic review of PubMed, Scopus, and Cochrane databases was conducted, encompassing publications from 2020-2025. Randomized controlled trials, meta-analyses, and prospective cohort studies examining vitamin D status and pregnancy outcomes were included. RESULTS: Analysis demonstrated significant associations between vitamin D deficiency (< 50 nmol/L) and elevated risk of preeclampsia (OR 0.65), gestational diabetes mellitus (OR 1.61), preterm birth (RR 0.67), and small-for-gestational-age neonates (RR 0.61). Supplementation with 2000-4000 IU/day appears safe and efficacious in achieving optimal concentrations. CONCLUSIONS: Vitamin D assessment and individualized supplementation should be integrated into routine prenatal care. Obstetricians should implement screening protocols particularly for high-risk pregnant women.",,2026,Ginekologia polska,Journal Article|Systematic Review,10.5603/gpl.110273,https://pubmed.ncbi.nlm.nih.gov/42261719/,retain,true,abstract_only,ABSTRACT_SENTENCE_6,"RESULTS: Analysis demonstrated significant associations between vitamin D deficiency (< 50 nmol/L) and elevated risk of preeclampsia (OR 0.65), gestational diabetes mellitus (OR 1.61), preterm birth (RR 0.67), and small-for-gestational-age neonates (RR 0.61).",2000-4000 IU/d,"OBJECTIVE: This review analyzes current evidence regarding vitamin D deficiency during pregnancy from an obstetric perspective, focusing on pregnancy complications, fetal outcomes, and evidence-based supplementation strategies for clinical practice. | RESULTS: Analysis demonstrated significant associations between vitamin D deficiency (< 50 nmol/L) and elevated risk of preeclampsia (OR 0.65), gestational diabetes mellitus (OR 1.61), preterm birth (RR 0.67), and small-for-gestational-age neonates (RR 0.61).","RESULTS: Analysis demonstrated significant associations between vitamin D deficiency (< 50 nmol/L) and elevated risk of preeclampsia (OR 0.65), gestational diabetes mellitus (OR 1.61), preterm birth (RR 0.67), and small-for-gestational-age neonates (RR 0.61).","BACKGROUND: Vitamin D deficiency in pregnant women constitutes a significant obstetric concern, affecting 40-98% of gravid populations worldwide. | Adequate vitamin D status is essential for successful pregnancy outcomes, fetal development, and maternal health. | OBJECTIVE: This review analyzes current evidence regarding vitamin D deficiency during pregnancy from an obstetric perspective, focusing on pregnancy complications, fetal outcomes, and evidence-based supplementation strategies for clinical practice.",3367,,,,not_observed,ai_screened_regex_confirmed
HRS3_PREGNANCY,pubmed:35953431,pubmed,35953431,DHA Supplementation During Pregnancy Enhances Maternal Vagally Mediated Cardiac Autonomic Control in Humans.,"BACKGROUND: DHA is an essential omega-3 (ω-3; n-3) fatty acid that has well-established benefits for the fetus. DHA also has the potential to influence the health of the mother, but this area is understudied. OBJECTIVES: The objective of this secondary analysis was to determine if DHA was related to maternal heart rate (HR) and heart rate variability (HRV) metrics in a large cohort of pregnant women. METHODS: In the parent trial (1R01HD086001) eligible participants (≥18 y old, English speaking, carrying a singleton pregnancy, 12-20 wk of gestation) were randomly assigned to consume 200 mg/d or 800 mg/d DHA for the duration of their pregnancy (n = 300). Weight, blood pressure, and magnetocardiograms (MCGs) were collected at 32 wk and 36 wk of gestation (n = 221). Measures of HR and HRV in time-, frequency-, and nonlinear-domains were determined from the isolated maternal MCG. Treatment group and timepoint were examined as predictors in association with HR and HRV metrics using random-intercept mixed-effects ANOVA unadjusted and adjusted models accounting for weight and dietary DHA intake. RESULTS: Women receiving the higher dose of DHA (800 mg/d) during pregnancy had lower HR, lower sympathetic index, higher vagally mediated HRV indices, and greater HRV complexity when compared with the women who received the lower dose (200 mg/d; all P < 0.05). All the dose relations remained significant even after controlling for the effect of time, maternal weight, and dietary DHA intake. CONCLUSIONS: DHA supplementation increases vagal tone in pregnant women. Longitudinal studies examining the potential link between DHA, enhanced vagal tone, and reported reduction in early preterm birth are warranted.",,2023,The Journal of nutrition,"Randomized Controlled Trial|Journal Article|Research Support, N.I.H., Extramural",10.1093/jn/nxac178,https://pubmed.ncbi.nlm.nih.gov/35953431/,retain,true,abstract_only,ABSTRACT_SENTENCE_8,"RESULTS: Women receiving the higher dose of DHA (800 mg/d) during pregnancy had lower HR, lower sympathetic index, higher vagally mediated HRV indices, and greater HRV complexity when compared with the women who received the lower dose (200 mg/d; all P < 0.05).",200 mg/d | 800 mg/d,"Longitudinal studies examining the potential link between DHA, enhanced vagal tone, and reported reduction in early preterm birth are warranted.","RESULTS: Women receiving the higher dose of DHA (800 mg/d) during pregnancy had lower HR, lower sympathetic index, higher vagally mediated HRV indices, and greater HRV complexity when compared with the women who received the lower dose (200 mg/d; all P < 0.05).","OBJECTIVES: The objective of this secondary analysis was to determine if DHA was related to maternal heart rate (HR) and heart rate variability (HRV) metrics in a large cohort of pregnant women. | METHODS: In the parent trial (1R01HD086001) eligible participants (≥18 y old, English speaking, carrying a singleton pregnancy, 12-20 wk of gestation) were randomly assigned to consume 200 mg/d or 800 mg/d DHA for the duration of their pregnancy (n = 300). | Weight, blood pressure, and magnetocardiograms (MCGs) were collected at 32 wk and 36 wk of gestation (n = 221).",3362,,,,not_observed,ai_screened_regex_confirmed
HRS3_PREGNANCY,pubmed:27633659,pubmed,27633659,Elevated homocysteine levels in mothers with neural tube defects: a systematic review and meta-analysis.,"PURPOSE: To find the real relationship between maternal total homocysteine (tHcy) level and risk of neural tube defects (NTDs). MATERIALS AND METHODS: A systematic review and meta-analysis were conducted. The literature search was conducted with the use of PubMed and EMBASE databases and weighted mean difference (WMD) with 95% confidence interval (CI) was applied to measure the difference in tHcy level between case and control group. Seventeen articles involving 3237 subjects were included according to the inclusion criteria. RESULTS: Pooled result showed that mothers with NTDs offspring demonstrated significantly a higher mean log plasma tHcy level than mothers with normal offspring (log WMD: 0.06; 95%CI: 0.02-0.09, p = 0.001), corresponding to an increase of 6% (2-9%) in the geometric mean. Subgroup analyses also displayed this difference in subjects who were detected during pregnancy or without folate supplementation before sampling. However, in the mandatory folate fortification countries, we did not find this association. CONCLUSIONS: A slightly higher tHcy level in mothers with NTDs was indicated, but potential confounders could not be ruled out completely. Further larger or cohort studies are needed to confirm this association.",,2017,"The journal of maternal-fetal & neonatal medicine : the official journal of the European Association of Perinatal Medicine, the Federation of Asia and Oceania Perinatal Societies, the International Society of Perinatal Obstetricians",Journal Article|Meta-Analysis|Systematic Review,10.1080/14767058.2016.1236248,https://pubmed.ncbi.nlm.nih.gov/27633659/,retain,true,abstract_only,ABSTRACT_SENTENCE_5,"RESULTS: Pooled result showed that mothers with NTDs offspring demonstrated significantly a higher mean log plasma tHcy level than mothers with normal offspring (log WMD: 0.06; 95%CI: 0.02-0.09, p = 0.001), corresponding to an increase of 6% (2-9%) in the geometric mean.",95%,The literature search was conducted with the use of PubMed and EMBASE databases and weighted mean difference (WMD) with 95% confidence interval (CI) was applied to measure the difference in tHcy level between case and control group.,"RESULTS: Pooled result showed that mothers with NTDs offspring demonstrated significantly a higher mean log plasma tHcy level than mothers with normal offspring (log WMD: 0.06; 95%CI: 0.02-0.09, p = 0.001), corresponding to an increase of 6% (2-9%) in the geometric mean.",PURPOSE: To find the real relationship between maternal total homocysteine (tHcy) level and risk of neural tube defects (NTDs). | Subgroup analyses also displayed this difference in subjects who were detected during pregnancy or without folate supplementation before sampling.,3350,,,,not_observed,ai_screened_regex_confirmed
HRS3_PREGNANCY,pubmed:40174967,pubmed,40174967,Nutrition and reproductive potential of women in low- and middle-income countries: a systematic review and meta-analysis.,"INTRODUCTION: Nutrition plays a critical role in key physiological processes related to reproduction. However, there is limited understanding of the impact of nutritional factors and interventions on the reproductive outcomes of women in low- and middle-income countries (LMICs). METHODS: This systematic review and meta-analysis aimed to synthesise evidence regarding the impact of nutritional factors and interventions on the reproductive outcomes of women in LMICs. Outcomes of interest included fertility and fecundity, menarche and menstrual disorders, miscarriage, stillbirth and live birth. Randomised controlled trials (RCTs) and non-randomised intervention studies with nutritional interventions, and observational cohort studies with nutritional factors, were included. Study selection, data extraction and risk of bias assessment were independently completed by two reviewers. A narrative synthesis of included studies was conducted, and meta-analyses were conducted when feasible. RESULTS: Systematic search identified 180 studies, including 47 intervention studies and 133 observational cohort studies. From RCTs, there was no clear evidence for an effect of prenatal multiple micronutrient supplementation on the risk of miscarriage (8 RCTs; risk ratio (RR): 0.87; 95% CI 0.75, 1.02; moderate certainty of evidence) or stillbirth (15 RCTs; RR: 0.86; 95% CI 0.73, 1.02; low certainty of evidence). From observational cohort studies, preconceptional obesity was associated with a greater risk of miscarriage (12 studies; RR: 1.27; 95% CI 1.10, 1.47; very low certainty of evidence) and stillbirth (4 studies; RR: 1.66; 95% CI 1.28, 2.14; very low certainty of evidence). Any anaemia during pregnancy was associated with a greater risk of stillbirth (10 studies; RR: 1.26; 95% CI 1.01, 1.58; very low certainty of evidence). CONCLUSION: This review highlights the importance of ensuring preconceptional nutrition and preventing anaemia during pregnancy for favourable reproductive outcomes. This review calls for randomised controlled trials to evaluate the effectiveness of preconceptional and prenatal interventions on these outcomes. PROSPERO REGISTRATION NUMBER: CRD42023395937.",,2025,BMJ global health,Journal Article|Systematic Review|Meta-Analysis,10.1016/j.fertnstert.2018.05.025,https://pubmed.ncbi.nlm.nih.gov/40174967/,retain,true,abstract_only,ABSTRACT_SENTENCE_9,"From RCTs, there was no clear evidence for an effect of prenatal multiple micronutrient supplementation on the risk of miscarriage (8 RCTs; risk ratio (RR): 0.87; 95% CI 0.75, 1.02; moderate certainty of evidence) or stillbirth (15 RCTs; RR: 0.86; 95% CI 0.73, 1.02; low certainty of evidence).",,"Outcomes of interest included fertility and fecundity, menarche and menstrual disorders, miscarriage, stillbirth and live birth. | From RCTs, there was no clear evidence for an effect of prenatal multiple micronutrient supplementation on the risk of miscarriage (8 RCTs; risk ratio (RR): 0.87; 95% CI 0.75, 1.02; moderate certainty of evidence) or stillbirth (15 RCTs; RR: 0.86; 95% CI 0.73, 1.02; low certainty of evidence). | From observational cohort studies, preconceptional obesity was associated with a greater risk of miscarriage (12 studies; RR: 1.27; 95% CI 1.10, 1.47; very low certainty of evidence) and stillbirth (4 studies; RR: 1.66; 95% CI 1.28, 2.14; very low certainty of evidence).","From RCTs, there was no clear evidence for an effect of prenatal multiple micronutrient supplementation on the risk of miscarriage (8 RCTs; risk ratio (RR): 0.87; 95% CI 0.75, 1.02; moderate certainty of evidence) or stillbirth (15 RCTs; RR: 0.86; 95% CI 0.73, 1.02; low certainty of evidence).","Outcomes of interest included fertility and fecundity, menarche and menstrual disorders, miscarriage, stillbirth and live birth. | From RCTs, there was no clear evidence for an effect of prenatal multiple micronutrient supplementation on the risk of miscarriage (8 RCTs; risk ratio (RR): 0.87; 95% CI 0.75, 1.02; moderate certainty of evidence) or stillbirth (15 RCTs; RR: 0.86; 95% CI 0.73, 1.02; low certainty of evidence). | From observational cohort studies, preconceptional obesity was associated with a greater risk of miscarriage (12 studies; RR: 1.27; 95% CI 1.10, 1.47; very low certainty of evidence) and stillbirth (4 studies; RR: 1.66; 95% CI 1.28, 2.14; very low certainty of evidence).",3334,,,,not_observed,ai_screened_regex_confirmed
HRS3_PREGNANCY,pubmed:40362647,pubmed,40362647,"Modifiable Nutritional Biomarkers in Autism Spectrum Disorder: A Systematic Review and Meta-Analysis of Vitamin D, B12, and Homocysteine Exposure Spanning Prenatal Development Through Late Adolescence.","Autism Spectrum Disorder (ASD) has been associated with disruptions in one-carbon metabolism and vitamin D pathways. Nutritional exposures-particularly vitamin D, vitamin B12, and homocysteine-may influence neurodevelopmental outcomes. However, a comprehensive, lifespan-spanning synthesis of these modifiable nutritional biomarkers has not been conducted. This systematic review and stratified meta-analysis critically synthesized data on vitamin D, vitamin B12, and homocysteine to elucidate their relationships with ASD risk and symptomatology. Our central question was: How do levels of vitamin D, vitamin B12, and homocysteine-measured before and after birth-affect the risk, severity, and potential treatment outcomes for ASD? We conducted a PRISMA (Preferred Reporting Items for Systematic Reviews and Meta-Analyses) compliant systematic review and stratified meta-analysis (2015-2025) of 35 studies (11 randomized controlled trials, 24 observational), examining prenatal, neonatal, and postnatal biomarker levels. Eligibility criteria were defined using the PICOS (Population, Intervention, Comparator, Outcome, and Study Design) framework to ensure scientific rigor and clinical relevance, including studies involving human participants aged 0-18 years with a formal Autism Spectrum Disorder (ASD) diagnosis or prenatal exposures potentially linked to later ASD onset, while excluding animal studies, adult-only ASD populations, and studies lacking ASD cohorts or biomarker data. The search strategy, developed according to PRISMA, and Cochrane best practices, encompassed five major databases (PubMed/MEDLINE, Cochrane Library, Google Scholar, ClinicalTrials.gov, and ProQuest) alongside manual searches of key references, grey literature, and clinical trial registries to ensure comprehensive retrieval of both published and unpublished studies. Study quality was assessed using version 2 of the Cochrane risk-of-bias tool for RCTs (RoB2) and the Newcastle-Ottawa Scale (NOS) for observational studies; certainty of evidence was graded via GRADE (Grading of Recommendations Assessment, Development and Evaluation). Random-effects meta-analyses were stratified by biomarker and study design. Heterogeneity, small-study effects, and publication bias were evaluated using Cochran's Q, I2, Egger's test, and trim-and-fill. Prenatal vitamin D deficiency was associated with approximately two-fold increased odds of Autism Spectrum Disorder (ASD) in offspring (pooled OR ≈ 2.0; p < 0.05), while excessively elevated maternal B12 concentrations, often co-occurring with folate excess, were similarly linked to increased ASD risk. Meta-analytic comparisons revealed significantly lower circulating vitamin D (SMD ≈ -1.0; p < 0.001) and B12 levels (SMD ≈ -0.7; p < 0.001), alongside elevated homocysteine (SMD ≈ 0.7; p < 0.001), in children with ASD versus neurotypical controls. Early-life vitamin D/B12 insufficiency and elevated homocysteine are important, modifiable correlates of ASD risk and severity. Adequate maternal and child nutritional status could have risk-reducing and symptom-mitigating effects, although causality remains to be confirmed. This evidence supports tailored nutritional interventions as a component of ASD risk reduction and management strategies, within the bounds of overall developmental healthcare. The article processing charges (APC) were supported by ""Dunărea de Jos"" University of Galati, Romania. No external funding was received for the execution of the research. The review was not prospectively registered in PROSPERO or any other systematic review registry.",,2025,International journal of molecular sciences,Journal Article|Systematic Review|Meta-Analysis,10.13129/2282-1619/mjcp-3951,https://pubmed.ncbi.nlm.nih.gov/40362647/,retain,true,abstract_only,ABSTRACT_SENTENCE_4,"This systematic review and stratified meta-analysis critically synthesized data on vitamin D, vitamin B12, and homocysteine to elucidate their relationships with ASD risk and symptomatology.",,"The search strategy, developed according to PRISMA, and Cochrane best practices, encompassed five major databases (PubMed/MEDLINE, Cochrane Library, Google Scholar, ClinicalTrials.gov, and ProQuest) alongside manual searches of key references, grey literature, and clinical trial registries to ensure comprehensive retrieval of both published and unpublished studies.","This systematic review and stratified meta-analysis critically synthesized data on vitamin D, vitamin B12, and homocysteine to elucidate their relationships with ASD risk and symptomatology.","Our central question was: How do levels of vitamin D, vitamin B12, and homocysteine-measured before and after birth-affect the risk, severity, and potential treatment outcomes for ASD? | We conducted a PRISMA (Preferred Reporting Items for Systematic Reviews and Meta-Analyses) compliant systematic review and stratified meta-analysis (2015-2025) of 35 studies (11 randomized controlled trials, 24 observational), examining prenatal, neonatal, and postnatal biomarker levels. | Eligibility criteria were defined using the PICOS (Population, Intervention, Comparator, Outcome, and Study Design) framework to ensure scientific rigor and clinical relevance, including studies involving human participants aged 0-18 years with a formal Autism Spectrum Disorder (ASD) diagnosis or prenatal exposures potentially linked to later ASD onset, while excluding animal studies, adult-only ASD populations, and studies lacking ASD cohorts or biomarker data.",3334,,,,not_observed,ai_screened_regex_confirmed
HRS3_PREGNANCY,pubmed:40284182,pubmed,40284182,Influence of Vitamin D on Developmental Defects of Enamel (DDE) in Children and Adolescents: A Systematic Review.,"Background/Objectives: This systematic review aims to investigate the potential association between vitamin D levels and the occurrence of developmental enamel defects (DDE) in children, including conditions like molar-incisor hypomineralization (MIH) and hypomineralized second primary molars (HSPMs). DDEs, which occur during tooth development, can result in significant aesthetic and functional issues, and their exact etiology remains unclear, with both genetic and environmental factors contributing. Among environmental factors, vitamin D deficiency has been proposed as a possible risk factor, given its role in enamel mineralization. Methods: A thorough literature search was conducted in PubMed, Scopus, and Embase. The search strategy included terms such as ""vitamin D"", ""vitamin D deficiency"", ""developmental defects of enamel"", ""enamel hypoplasia"", ""molar-incisor hypomineralization"", and ""hypomineralized second primary molars"". Studies were included if they were original human observational research (cohort, case-control, or cross-sectional) conducted in children under 18 years of age or involving maternal-child cohorts. Ten studies were included in the analysis, with a total of 15,891 participants. The primary data extracted from the selected studies included the following: study design, participants' age, sample size, vitamin D status in relation to developmental defects of enamel, and statistical significance Results: The findings were mixed, with only a few studies suggesting a significant association between low vitamin D levels and the presence of DDEs. Specifically, one study found a link between insufficient maternal vitamin D levels during pregnancy and an increased number of teeth affected by MIH in children. However, the majority of the studies did not report a significant association. Conclusions: This review concludes that while there is some evidence to suggest a possible relationship between vitamin D and DDEs, more research is needed to confirm these findings and better understand the underlying mechanisms.",,2025,Nutrients,Journal Article|Systematic Review,10.1016/j.adaj.2015.12.013,https://pubmed.ncbi.nlm.nih.gov/40284182/,retain,true,abstract_only,ABSTRACT_SENTENCE_8,"The primary data extracted from the selected studies included the following: study design, participants' age, sample size, vitamin D status in relation to developmental defects of enamel, and statistical significance Results: The findings were mixed, with only a few studies suggesting a significant association between low vitamin D levels and the presence of DDEs.",,"Methods: A thorough literature search was conducted in PubMed, Scopus, and Embase.","The primary data extracted from the selected studies included the following: study design, participants' age, sample size, vitamin D status in relation to developmental defects of enamel, and statistical significance Results: The findings were mixed, with only a few studies suggesting a significant association between low vitamin D levels and the presence of DDEs.","Studies were included if they were original human observational research (cohort, case-control, or cross-sectional) conducted in children under 18 years of age or involving maternal-child cohorts. | Specifically, one study found a link between insufficient maternal vitamin D levels during pregnancy and an increased number of teeth affected by MIH in children.",3332,,,,not_observed,ai_screened_regex_confirmed
HRS3_PREGNANCY,pubmed:40433851,pubmed,40433851,Selected laboratory-based biomarkers for assessing vitamin A deficiency in at-risk individuals.,"BACKGROUND: Vitamin A deficiency is a highly detrimental micronutrient deficiency associated with poor growth, impaired immune responses, increased incidence of disease, ocular impairments, and maternal and child mortality. Reliable diagnostic assessment of vitamin A status is crucial to inform its clinical management. Currently, direct index measures and dose response biomarkers have been developed to provide assessments of vitamin A status. OBJECTIVES: To determine the accuracy of index tests routinely used as markers of subclinical vitamin A deficiency in individuals at risk for vitamin A deficiency. Secondary objectives are to assess covariates as sources of heterogeneity for the accuracy of index tests routinely used as markers of subclinical vitamin A deficiency. SEARCH METHODS: We searched CENTRAL, MEDLINE, Embase, and six other databases up to 18 August 2022, without restriction (any sex, age, pregnancy status, breastfeeding status, physiological condition, living in any country). SELECTION CRITERIA: We included any studies implementing concurrent measurement of at least one reference standard and one index test to measure vitamin A status. Eligible studies included cross-sectional or cohort-accuracy studies; longitudinal studies; and direct, indirect, and random comparison studies, in which multiple index tests with a reference standard were evaluated. Interventional studies measuring vitamin A status following supplementation or intervention were also included, while case-control studies defining cases by vitamin A status were excluded. DATA COLLECTION AND ANALYSIS: Two review authors independently screened studies and extracted data. We evaluated the methodological quality, that is, risk of bias of included studies and their applicability by using the Quality Assessment of Diagnostic Accuracy Studies (QUADAS-2) tool. When meta-analysis was appropriate, we used random-effects bivariate models to obtain pooled estimates of sensitivity and specificity. We stratified all analyses by the reference standard and cutoff used, and assessed the certainty of the evidence using GRADE. MAIN RESULTS: We included 40 studies reporting 65 records. None of the studies was designed as a diagnostic test accuracy (DTA) study, limiting our analyses and assessments. Index test performance was described by 25 studies for serum or plasma retinol (SR) versus retinol isotope dilution (RID), 16 studies for SR versus liver vitamin A, eight studies for retinol-binding protein (RBP) versus retinol isotope dilution (RID), three studies for RBP versus liver vitamin A, one study for breast milk vitamin A versus RID, three studies for relative dose response (RDR) versus RID, and four studies for RDR versus liver vitamin A. No studies evaluating modified RDR were eligible for inclusion. Specificity data were available from all studies; sensitivity was often estimable from only a portion of studies due to some studies having no condition-positive cases according to the reference standard (zero true positive and false negative cases). One comparison, RDR versus RID, yielded no sensitivity data, therefore we could evaluate only pooled specificity data. We generally judged risk of bias as 'unclear' across studies. Serum or plasma retinol for diagnosing vitamin A deficiency SR pooled sensitivity against RID at the 0.1 μmol/g cutoff was 10% (95% confidence interval (CI) 2 to 38; 23 studies, 385 participants; very low-certainty evidence), and specificity was 92% (95% CI 85 to 96; 23 studies, 1110 participants; low-certainty evidence). SR pooled sensitivity against RID at the 0.07 μmol/g cutoff was 13% (95% CI 4 to 34; 24 studies, 246 participants; very low-certainty evidence), and specificity was 94% (95% CI 87 to 97, 24 studies, 1295 participants; low-certainty evidence). SR pooled sensitivity against liver vitamin A at the 0.1 μmol/g cutoff was 53% (95% CI 30 to 75; 16 studies, 192 participants; very low-certainty evidence) and specificity was 83% (95% CI 63 to 93; 16 studies, 370 participants; moderate-certainty evidence). SR pooled sensitivity against liver vitamin A at the 0.07 μmol/g cutoff was 54% (95% CI 33 to 74; 16 studies, 137 participants; very low-certainty evidence) and specificity was 79% (95% CI 57 to 91; 16 studies, 348 participants; moderate-certainty evidence). Retinol-binding protein for diagnosing vitamin A deficiency RBP pooled sensitivity against RID at the 0.1 μmol/g cutoff was 50% (95% CI 33 to 67; 8 studies, 30 participants; low-certainty evidence) and specificity was 76% (95% CI 72 to 81; 8 studies, 730 participants; moderate-certainty evidence). RBP pooled sensitivity against RID at the 0.07 μmol/g cutoff was 45% (95% CI 31 to 59; 8 studies, 47 participants; low-certainty evidence) and specificity was 77% (95% CI 71 to 82; 8 studies, 711 participants; moderate-certainty evidence). RBP pooled sensitivity against liver vitamin A at the 0.1 μmol/g cutoff was 0% (95% CI 0 to 100; 3 studies, 12 participants; very low-certainty evidence) and specificity was 98% (95% CI 84 to 100; 3 studies, 40 participants; very low-certainty evidence). RBP pooled sensitivity against liver vitamin A at the 0.07 μmol/g cutoff was 0% (95% CI 0 to 100; 3 studies, 9 participants; very low-certainty evidence) and specificity was 98% (95% CI 85 to 100; 3 studies, 43 participants; very low-certainty evidence) Relative dose response for diagnosing vitamin A deficiency RDR pooled sensitivity against RID at the 0.1 μmol/g and 0.07 μmol/g cutoffs were not estimable due to lack of true-positive and false-negative cases from three studies. RDR pooled specificity against RID at the 0.1 μmol/g cutoff was 89% (95% CI 26 to 99; 3 studies, 34 participants; low-certainty evidence), and RDR pooled specificity against RID at the 0.07 μmol/g cutoff was 91% (95% CI 54 to 99; 3 studies, 34 participants; low-certainty evidence). AUTHORS' CONCLUSIONS: Available data indicate that methods to determine vitamin A deficiency had generally low sensitivity, when estimable (0% to 54%), and generally high specificity (74% to 94%) in individuals at risk for vitamin A deficiency. Estimates should be interpreted with caution because no included studies were designed or conducted as DTA studies. Data assessing the accuracy of the breast milk vitamin A, RDR, and MRDR compared to reference standards, particularly in patients with vitamin A deficiency, are limited.",,2025,The Cochrane database of systematic reviews,Journal Article|Meta-Analysis|Systematic Review,10.1002/14651858.cd013742,https://pubmed.ncbi.nlm.nih.gov/40433851/,retain,true,abstract_only,ABSTRACT_SENTENCE_1,"BACKGROUND: Vitamin A deficiency is a highly detrimental micronutrient deficiency associated with poor growth, impaired immune responses, increased incidence of disease, ocular impairments, and maternal and child mortality.",,"BACKGROUND: Vitamin A deficiency is a highly detrimental micronutrient deficiency associated with poor growth, impaired immune responses, increased incidence of disease, ocular impairments, and maternal and child mortality.","BACKGROUND: Vitamin A deficiency is a highly detrimental micronutrient deficiency associated with poor growth, impaired immune responses, increased incidence of disease, ocular impairments, and maternal and child mortality.","BACKGROUND: Vitamin A deficiency is a highly detrimental micronutrient deficiency associated with poor growth, impaired immune responses, increased incidence of disease, ocular impairments, and maternal and child mortality. | SEARCH METHODS: We searched CENTRAL, MEDLINE, Embase, and six other databases up to 18 August 2022, without restriction (any sex, age, pregnancy status, breastfeeding status, physiological condition, living in any country).",3332,,,,not_observed,ai_screened_regex_confirmed
HRS3_PREGNANCY,pubmed:40636854,pubmed,40636854,Risk factors of neuroblastoma: a systematic review and meta-analysis.,"INTRODUCTION: Neuroblastoma (NB) is the most common extracranial tumor in children. Synthesizing and elucidating modifiable risk factors is fundamental to inform primary prevention of NB. The objective is to review literature and synthesize risk factors for NB. METHODS: PubMed, Web of Science, and Embase databases were searched using lists of key words and MeSH terms related to exposures and risk of NB. Studies were included if they were case-control or cohort studies of children under the age of 20 years at diagnosis and reported Relative Risks (RRs) with 95% confidence intervals (CIs). Pooled effect sizes (ES) and 95% CIs for risk factors associated with NB were estimated using random-effects models. RESULTS: We included 50 eligible studies from Asia, Europe, and North America, and Oceania on cases of NB diagnosed between 1964 and 2016. We observed associations for maternal occupational exposure to pesticides during preconception/pregnancy (ES 1.62, CI 1.04-2.54), high birthweight [(>4,000 g) ES 1.21, CI 1.02-1.42], and Cesarean section (ES 1.14, CI 1.00-1.30) and the risk of NB. Parental smoking showed a weak association, while breastfeeding ≥6 months (ES 0.50, CI 0.30-0.84) was inversely associated with NB. Birth characteristics such as low birthweight (<2,500 g), small and large-for-gestational age, gestation age <37 weeks and gestation age >40 weeks, and assisted reproductive technology were not associated with NB. Similarly, no associations were suggested for parental age, gestational diabetes, and pre-eclampsia. Maternal alcohol consumption during preconception/pregnancy, maternal intake of vitamin and folic acid during pregnancy, paternal occupational exposure to extremely low-frequency magnetic fields (ELF-MF), and maternal X-ray exposure during pregnancy were also not associated with the risk of NB. Paternal occupational and child's postnatal exposure to pesticides were also not associated with NB. DISCUSSION: This systematic review and meta-analysis suggest that maternal occupational exposure to pesticides during preconception/pregnancy, high birthweight, Cesarean section, and breastfeeding (beneficial) were associated with the risk of NB, but all associations were rather modest in strength. Synthesizing of these risk factors are needed to inform whether there are avenues for primary prevention of NB.",,2025,Frontiers in public health,Journal Article|Systematic Review|Meta-Analysis,10.1002/1097-0142(19880601)61:11<2202::aid-cncr2820611113>3.0.co;2-7,https://pubmed.ncbi.nlm.nih.gov/40636854/,retain,true,abstract_only,ABSTRACT_SENTENCE_3,The objective is to review literature and synthesize risk factors for NB.,"4,000 g | 2,500 g",The objective is to review literature and synthesize risk factors for NB.,The objective is to review literature and synthesize risk factors for NB.,"We observed associations for maternal occupational exposure to pesticides during preconception/pregnancy (ES 1.62, CI 1.04-2.54), high birthweight [(>4,000 g) ES 1.21, CI 1.02-1.42], and Cesarean section (ES 1.14, CI 1.00-1.30) and the risk of NB. | Birth characteristics such as low birthweight (<2,500 g), small and large-for-gestational age, gestation age <37 weeks and gestation age >40 weeks, and assisted reproductive technology were not associated with NB. | Similarly, no associations were suggested for parental age, gestational diabetes, and pre-eclampsia.",3332,,,,not_observed,ai_screened_regex_confirmed
HRS3_PREGNANCY,pubmed:38369772,pubmed,38369772,Maternal exposure to folate antagonists and susceptibility to congenital heart disease in offspring: A systematic review and meta-analysis.,"AIMS: The objective of this meta-analysis was to determine whether maternal exposure to folate antagonists is associated with increased rates of congenital heart disease in offspring. METHODS: A comprehensive search for articles in the MEDLINE (PubMed) and EMBASE databases published up to 21 August 2023 was performed. The search strategy was not limited by study design but only for articles in the English language. RESULTS: Analysis of 6 cohort studies and 5 cross-sectional studies, published between 1976 and 2020, showed significant increase in rate of congenital heart disease (odds ratio 1.55, 95% confidence interval, 1.28-1.87) when exposed to folate antagonists compared with the control. Further subgroup analysis showed the increased rate for exposure to both dihydrofolate reductase inhibitors and antiepileptic drugs separately. No differences were observed when analyses were stratified by timing of study. CONCLUSION: Administration of folate antagonists within the 12-week period preceding conception and throughout the second and third months of gestation exhibited a statistically significant elevation in the susceptibility to congenital heart diseases. Notably, the protective effect of folic acid supplementation was reported in cases of congenital heart disease linked to dihydrofolate reductase inhibitors but not that associated with antiepileptic drugs.",,2024,British journal of clinical pharmacology,Journal Article|Meta-Analysis|Systematic Review,10.1111/bcp.16021,https://pubmed.ncbi.nlm.nih.gov/38369772/,retain,true,abstract_only,ABSTRACT_SENTENCE_4,"RESULTS: Analysis of 6 cohort studies and 5 cross-sectional studies, published between 1976 and 2020, showed significant increase in rate of congenital heart disease (odds ratio 1.55, 95% confidence interval, 1.28-1.87) when exposed to folate antagonists compared with the control.",,"AIMS: The objective of this meta-analysis was to determine whether maternal exposure to folate antagonists is associated with increased rates of congenital heart disease in offspring. | RESULTS: Analysis of 6 cohort studies and 5 cross-sectional studies, published between 1976 and 2020, showed significant increase in rate of congenital heart disease (odds ratio 1.55, 95% confidence interval, 1.28-1.87) when exposed to folate antagonists compared with the control. | CONCLUSION: Administration of folate antagonists within the 12-week period preceding conception and throughout the second and third months of gestation exhibited a statistically significant elevation in the susceptibility to congenital heart diseases.","RESULTS: Analysis of 6 cohort studies and 5 cross-sectional studies, published between 1976 and 2020, showed significant increase in rate of congenital heart disease (odds ratio 1.55, 95% confidence interval, 1.28-1.87) when exposed to folate antagonists compared with the control.",AIMS: The objective of this meta-analysis was to determine whether maternal exposure to folate antagonists is associated with increased rates of congenital heart disease in offspring. | CONCLUSION: Administration of folate antagonists within the 12-week period preceding conception and throughout the second and third months of gestation exhibited a statistically significant elevation in the susceptibility to congenital heart diseases.,3299,,,,not_observed,ai_screened_regex_confirmed
HRS4_LIVER_DISEASE,pubmed:34491307,pubmed,34491307,The Role of Micronutrients in the Pathogenesis of Alcohol-Related Liver Disease.,"AIMS: Chronic alcohol consumption may result in liver injury and chronic liver disease, but other factors are likely to influence disease progression. Malnutrition, specifically micronutrient deficiency, is frequently associated with both alcohol use disorder and chronic liver disease. We hypothesize that micronutrient deficiencies may affect the progression of liver disease in this population. METHODS: Systematic integrative review of the medical literature; electronic search of MEDLINE 1950-2021; studies investigating role of any micronutrient in the acceleration of alcohol-related liver injury in humans or animals. Studies which specifically related to alcoholic hepatitis were excluded. Outcomes were extracted and recorded in tabulated form and discussed narratively. RESULTS: We identified 46 studies investigating the role of micronutrient deficiencies in the pathogenesis of alcohol-related liver disease. Specific micronutrients which were identified included folic acid or related B vitamins (n = 9 studies), Vitamin D (n = 9 studies), magnesium (n = 8 studies), zinc (n = 8 studies) and selenium (n = 12 including one systematic review). Observational evidence suggests a potential role of magnesium deficiency in accelerating alcohol-related liver injury with weak or negative evidence for other micronutrients. CONCLUSIONS: Magnesium deficiency may increase the risk of alcohol-related liver injury and adverse liver outcomes. However, currently, there is insufficient evidence to support magnesium supplementation except for clinically relevant magnesium deficiency. Long-term prospective cohort studies assessing the impact of micronutrients on liver disease progression in patients with alcohol use disorder are lacking and may help determine whether there is a causal role for micronutrient deficiencies in alcohol-related liver injury.",,2022,"Alcohol and alcoholism (Oxford, Oxfordshire)",Journal Article|Systematic Review,10.1093/alcalc/agab060,https://pubmed.ncbi.nlm.nih.gov/34491307/,retain,true,abstract_only,ABSTRACT_SENTENCE_10,CONCLUSIONS: Magnesium deficiency may increase the risk of alcohol-related liver injury and adverse liver outcomes.,,"AIMS: Chronic alcohol consumption may result in liver injury and chronic liver disease, but other factors are likely to influence disease progression. | METHODS: Systematic integrative review of the medical literature; electronic search of MEDLINE 1950-2021; studies investigating role of any micronutrient in the acceleration of alcohol-related liver injury in humans or animals. | Observational evidence suggests a potential role of magnesium deficiency in accelerating alcohol-related liver injury with weak or negative evidence for other micronutrients.",CONCLUSIONS: Magnesium deficiency may increase the risk of alcohol-related liver injury and adverse liver outcomes.,"AIMS: Chronic alcohol consumption may result in liver injury and chronic liver disease, but other factors are likely to influence disease progression. | Malnutrition, specifically micronutrient deficiency, is frequently associated with both alcohol use disorder and chronic liver disease. | We hypothesize that micronutrient deficiencies may affect the progression of liver disease in this population.",3227,,,,not_observed,ai_screened_regex_confirmed
HRS4_LIVER_DISEASE,pubmed:34864457,pubmed,34864457,The effects of different parenteral nutrition lipid formulations on clinical and laboratory endpoints in patients receiving home parenteral nutrition: A systematic review.,"BACKGROUND: Home parenteral nutrition (HPN) is a life-sustaining therapy for individuals with intestinal failure in a community setting. It refers to the intravenous infusion of macronutrients, micronutrients, fluids and electrolytes. Routinely used HPN solutions contain different quantities of these components. Consequently, each HPN solution may have different impacts on metabolism, inflammation and oxidative stress. Long-term use of HPN can lead to a number of adverse health outcomes including the development of metabolic bone disease, intestinal failure associated liver disease and poor quality of life but whether, and how, the composition of HPN solutions contributes to these health sequelae is poorly understood. The aim of this study is to systematically review and evaluate the evidence for the differential effects of HPN solutions and to understand what features are associated with differences in clinical endpoints. METHODS: A systematic literature search was conducted between September and December 2020, and updated in July 2021 using the MEDLINE (Ovid), EMBASE, Scopus, and Web of Science databases. Studies were selected according to the following criteria (a) adult participants (>18 years old) dependent on HPN; (b) randomised controlled trials, prospective cohort and cross-sectional study designs; (c) primary research comparing two or more HPN solutions and (d) published in English language. Data were extracted and study quality assessed using Cochrane Collaboration's tools: Risk of Bias for Randomised Controlled Trials (RCTs); Risk of Bias in Non-Randomised Studies of Interventions; and the Newcastle Ottawa Scale for cross-sectional studies. RESULTS: Of the 5148 articles identified, seven RCTs, two prospective cohort and one cross-sectional study were included with a total of 295 participants. Studies varied in terms of duration (one to 60 months) and sample size (n = 5 to 88). Ten studies compared lipid emulsions (LE) and one study also compared LE with lipid-free HPN. No studies were found that compared the amino acid, vitamin, trace element or electrolyte components of HPN. In general, LE were well tolerated with no significant adverse effects. LE containing olive +/or fish oil were associated with a lower ω-6:ω-3 fatty acid ratio, positive reductions in markers of liver function, and changes in blood and cell fatty acid profiles. CONCLUSIONS: Despite the increasing use of HPN, there is surprisingly little evidence available to guide the provision of macro and micronutrients in the adult population requiring this therapy. Although LE containing olive +/or fish oil show promise with regards to liver function and blood and cell fatty acid profiles, further studies are needed before drawing definitive conclusions on the clinical value of these emulsions. It is likely that one type of HPN solution alone cannot be uniformly applied to patient care, and each patient should be assessed on an individual basis.",,2022,"Clinical nutrition (Edinburgh, Scotland)",Journal Article|Systematic Review,10.1016/j.clnu.2021.11.009,https://pubmed.ncbi.nlm.nih.gov/34864457/,retain,true,abstract_only,ABSTRACT_SENTENCE_5,"Long-term use of HPN can lead to a number of adverse health outcomes including the development of metabolic bone disease, intestinal failure associated liver disease and poor quality of life but whether, and how, the composition of HPN solutions contributes to these health sequelae is poorly understood.",,"BACKGROUND: Home parenteral nutrition (HPN) is a life-sustaining therapy for individuals with intestinal failure in a community setting. | Long-term use of HPN can lead to a number of adverse health outcomes including the development of metabolic bone disease, intestinal failure associated liver disease and poor quality of life but whether, and how, the composition of HPN solutions contributes to these health sequelae is poorly understood. | In general, LE were well tolerated with no significant adverse effects.","Long-term use of HPN can lead to a number of adverse health outcomes including the development of metabolic bone disease, intestinal failure associated liver disease and poor quality of life but whether, and how, the composition of HPN solutions contributes to these health sequelae is poorly understood.","Long-term use of HPN can lead to a number of adverse health outcomes including the development of metabolic bone disease, intestinal failure associated liver disease and poor quality of life but whether, and how, the composition of HPN solutions contributes to these health sequelae is poorly understood. | LE containing olive +/or fish oil were associated with a lower ω-6:ω-3 fatty acid ratio, positive reductions in markers of liver function, and changes in blood and cell fatty acid profiles. | Although LE containing olive +/or fish oil show promise with regards to liver function and blood and cell fatty acid profiles, further studies are needed before drawing definitive conclusions on the clinical value of these emulsions.",3223,,,,not_observed,ai_screened_regex_confirmed
HRS4_LIVER_DISEASE,pubmed:37550264,pubmed,37550264,The impact of gut microbiome-targeted therapy on liver enzymes in patients with nonalcoholic fatty liver disease: an umbrella meta-analysis.,"CONTEXT: Nonalcoholic fatty liver disease (NAFLD) is considered the leading cause of chronic liver disease worldwide. To date, no confirmed medication is available for the treatment of NAFLD. Previous studies showed the promising effects of gut microbiome-targeted therapies; however, the results were controversial and the strength of the evidence and their clinical significance remained unclear. OBJECTIVES: This umbrella study summarizes the results of meta-analyses investigating the effects of probiotics, prebiotics, and synbiotics on liver enzymes in the NAFLD population. DATA SOURCE: A comprehensive search of the PubMed, Scopus, Web of Science, and Cochrane Library databases was done up to December 20, 2022, to find meta-analyses on randomized control trials reporting the effects of gut microbial therapy on patients with NAFLD. DATA EXTRACTION: Two independent investigators extracted data on the characteristics of meta-analyses, and any discrepancies were resolved by a third researcher. The AMSTAR2 checklist was used for evaluating the quality of studies. DATA ANALYSIS: A final total of 15 studies were included in the analysis. Results showed that microbiome-targeted therapies could significantly reduce levels of alanine aminotransferase (ALT; effect size [ES], -10.21; 95% confidence interval [CI], -13.29, -7.14; P < 0.001), aspartate aminotransferase (AST; ES, -8.86; 95%CI, -11.39, -6.32; P < 0.001), and γ-glutamyltransferase (ES, -5.56; 95%CI, -7.92, -3.31; P < 0.001) in patients with NAFLD. Results of subgroup analysis based on intervention showed probiotics could significantly reduce levels of AST (ES, -8.69; 95%CI, -11.01, -6.37; P < 0.001) and ALT (ES, -9.82; 95%CI, -11.59, -8.05; P < 0.001). Synbiotics could significantly reduce levels of AST (ES, -11.40; 95%CI, -13.91, -8.88; P < 0.001) and ALT (ES, -11.87; 95%CI, -13.80, -9.95; P < 0.001). Prebiotics had no significant effects on AST and ALT levels (ES, -2.96; 95%CI, -8.12, 2.18, P = 0.259; and ES, -4.69; 95%CI, -13.53, 4.15, P = 0.299, respectively). CONCLUSION: Gut microbiome-targeted therapies could be a promising therapeutic approach in the improvement of hepatic damage in patients with NAFLD. However, more studies are needed to better determine the best bacterial strains, duration of treatment, and optimum dosage of gut microbiome-targeted therapies in the treatment of the NAFLD population. SYSTEMATIC REVIEW REGISTRATION: PROSPERO registration no. CRD42022346998.",,2024,Nutrition reviews,"Journal Article|Meta-Analysis|Research Support, Non-U.S. Gov't|Systematic Review",10.1093/nutrit/nuad086,https://pubmed.ncbi.nlm.nih.gov/37550264/,retain,true,abstract_only,ABSTRACT_SENTENCE_9,"Results showed that microbiome-targeted therapies could significantly reduce levels of alanine aminotransferase (ALT; effect size [ES], -10.21; 95% confidence interval [CI], -13.29, -7.14; P < 0.001), aspartate aminotransferase (AST; ES, -8.86; 95%CI, -11.39, -6.32; P < 0.001), and γ-glutamyltransferase (ES, -5.56; 95%CI, -7.92, -3.31; P < 0.001) in patients with NAFLD.",95%,"Results showed that microbiome-targeted therapies could significantly reduce levels of alanine aminotransferase (ALT; effect size [ES], -10.21; 95% confidence interval [CI], -13.29, -7.14; P < 0.001), aspartate aminotransferase (AST; ES, -8.86; 95%CI, -11.39, -6.32; P < 0.001), and γ-glutamyltransferase (ES, -5.56; 95%CI, -7.92, -3.31; P < 0.001) in patients with NAFLD.","Results showed that microbiome-targeted therapies could significantly reduce levels of alanine aminotransferase (ALT; effect size [ES], -10.21; 95% confidence interval [CI], -13.29, -7.14; P < 0.001), aspartate aminotransferase (AST; ES, -8.86; 95%CI, -11.39, -6.32; P < 0.001), and γ-glutamyltransferase (ES, -5.56; 95%CI, -7.92, -3.31; P < 0.001) in patients with NAFLD.","CONTEXT: Nonalcoholic fatty liver disease (NAFLD) is considered the leading cause of chronic liver disease worldwide. | OBJECTIVES: This umbrella study summarizes the results of meta-analyses investigating the effects of probiotics, prebiotics, and synbiotics on liver enzymes in the NAFLD population. | CONCLUSION: Gut microbiome-targeted therapies could be a promising therapeutic approach in the improvement of hepatic damage in patients with NAFLD.",3199,,,,not_observed,ai_screened_regex_confirmed
HRS4_LIVER_DISEASE,pubmed:38232906,pubmed,38232906,"Curcumin effects on glycaemic indices, lipid profile, blood pressure, inflammatory markers and anthropometric measurements of non-alcoholic fatty liver disease patients: A systematic review and meta-analysis of randomized clinical trials.","OBJECTIVES: Curcumin has antioxidant properties and has been proposed as a potential treatment for NAFLD. The aim of current systematic review and meta-analysis was to evaluate previous findings for the effect of curcumin supplementation on glycaemic indices, lipid profile, blood pressure, inflammatory markers, and anthropometric measurements of NAFLD patients. METHODS: Relevant studies published up to January 2024 were searched systematically using the following databases: PubMed, SCOPUS, WOS, Science Direct, Ovid and Cochrane. The systematic review and meta-analysis were conducted according to the 2020 PRISMA guidelines. The quality of the papers was assessed the using the Joanna Briggs Institute (JBI) Critical Appraisal Checklist. Pooled effect sizes were calculated using a random-effects model and reported as the WMD and 95% CI. Also, subgroup analyses were done to find probable sources of heterogeneity among studies. RESULTS: Out of 21010 records initially identified, 21 eligible RCTs were selected for inclusion in a meta-analysis. Overall, 1191 participants of both genders, 600 in the intervention and 591 in the control group with NAFLD were included. There are several limitations in the studies that were included, for instance, the results are weakened substantially by potential bias or failure to account for potential adulteration (with pharmaceuticals) or contamination (with other herbs) of the curcumin supplements that were tested. However, previous studies have reported curcumin to be a safe complementary therapy for several conditions. Our study indicated that curcumin supplementation in doses of 50-3000 mg/day was associated with significant change in FBG [WMD: -2.83; 95% CI: -4.61, -1.06), I2 = 51.3%], HOMA-IR [WMD: -0.52; 95% CI: -0.84, -0.20), I2= 82.8%], TG [WMD: -10.31; 95% CI: -20.00, -0.61), I2 = 84.5%], TC [WMD: -11.81; 95% CI: -19.65, -3.96), I2 = 94.6%], LDL [WMD: -8.01; 95% CI: -15.79, -0.24), I2 = 96.1%], weight [WMD: -0.81; 95% CI: -1.28, -0.35), I2= 0.0%] and BMI [WMD: -0.35; 95% CI: -0.57, -0.13), I2= 0.0%] in adults with NAFLD. There was no significant change in HbA1C, plasma insulin, QUICKI, HDL, SBP, DBP, CRP, TNF-α and WC after curcumin therapy. Subgroup analysis suggested a significant changes in serum FBG, TG, SBP, WC in RCTs for intervention durations of ≥ 8 weeks, and SBP, TG, LDL, HDL, BMI, WC in RCTs with sample size > 55 participants. CONCLUSION: Curcumin supplementation in doses of 50-3000 mg/day over 8-12 weeks was associated with significant reductions in levels of FBG, HOMA-IR, TG, TC, LDL, weight and BMI in patients with NAFLD. Previous studies have reported curcumin as a safe complementary therapy for several diseases. We would suggest that should curcumin supplements be used clinically in specific conditions, it should be used with caution. Also, difference in grades of NAFLD may effect the evaluated outcomes, so it is suggested that future studies be conducted with an analyses on subgroups according to their NAFLD grade. Furthermore, because of the failure to conduct independent biochemical assessment of the turmeric/curcumin product used in most studies as well as potential sources of bias, results should be interpreted with caution.",,2024,Complementary therapies in medicine,Journal Article|Meta-Analysis|Systematic Review,10.1016/j.ctim.2024.103025,https://pubmed.ncbi.nlm.nih.gov/38232906/,retain,true,abstract_only,ABSTRACT_SENTENCE_15,"CONCLUSION: Curcumin supplementation in doses of 50-3000 mg/day over 8-12 weeks was associated with significant reductions in levels of FBG, HOMA-IR, TG, TC, LDL, weight and BMI in patients with NAFLD.",50-3000 mg/d | 50-3000 mg/d,"There are several limitations in the studies that were included, for instance, the results are weakened substantially by potential bias or failure to account for potential adulteration (with pharmaceuticals) or contamination (with other herbs) of the curcumin supplements that were tested. | Furthermore, because of the failure to conduct independent biochemical assessment of the turmeric/curcumin product used in most studies as well as potential sources of bias, results should be interpreted with caution.","CONCLUSION: Curcumin supplementation in doses of 50-3000 mg/day over 8-12 weeks was associated with significant reductions in levels of FBG, HOMA-IR, TG, TC, LDL, weight and BMI in patients with NAFLD.",,3197,,,,not_observed,ai_screened_regex_confirmed
HRS4_LIVER_DISEASE,pubmed:34280304,pubmed,34280304,Nutritional supplementation for nonalcohol-related fatty liver disease: a network meta-analysis.,"BACKGROUND: The prevalence of non-alcohol-related fatty liver disease (NAFLD) varies between 19% and 33% in different populations. NAFLD decreases life expectancy and increases risks of liver cirrhosis, hepatocellular carcinoma, and the requirement for liver transplantation. Uncertainty surrounds relative benefits and harms of various nutritional supplements in NAFLD. Currently no nutritional supplement is recommended for people with NAFLD. OBJECTIVES: • To assess the benefits and harms of different nutritional supplements for treatment of NAFLD through a network meta-analysis • To generate rankings of different nutritional supplements according to their safety and efficacy SEARCH METHODS: We searched the Cochrane Central Register of Controlled Trials, MEDLINE, Embase, Science Citation Index Expanded, Conference Proceedings Citation Index-Science, the World Health Organization International Clinical Trials Registry Platform, and trials registers until February 2021 to identify randomised clinical trials in people with NAFLD. SELECTION CRITERIA: We included only randomised clinical trials (irrespective of language, blinding, or status) for people with NAFLD, irrespective of method of diagnosis, age and diabetic status of participants, or presence of non-alcoholic steatohepatitis (NASH). We excluded randomised clinical trials in which participants had previously undergone liver transplantation. DATA COLLECTION AND ANALYSIS: We performed a network meta-analysis with OpenBUGS using Bayesian methods whenever possible and calculated differences in treatments using hazard ratios (HRs), odds ratios (ORs), and rate ratios with 95% credible intervals (CrIs) based on an available-case analysis, according to National Institute of Health and Care Excellence Decision Support Unit guidance. MAIN RESULTS: We included in the review a total of 202 randomised clinical trials (14,200 participants). Nineteen trials were at low risk of bias. A total of 32 different interventions were compared in these trials. A total of 115 trials (7732 participants) were included in one or more comparisons. The remaining trials did not report any of the outcomes of interest for this review. Follow-up ranged from 1 month to 28 months. The follow-up period in trials that reported clinical outcomes was 2 months to 28 months. During this follow-up period, clinical events related to NAFLD such as mortality, liver cirrhosis, liver decompensation, liver transplantation, hepatocellular carcinoma, and liver-related mortality were sparse. We did not calculate effect estimates for mortality because of sparse data (zero events for at least one of the groups in the trial). None of the trials reported that they measured overall health-related quality of life using a validated scale. The evidence is very uncertain about effects of interventions on serious adverse events (number of people or number of events). We are very uncertain about effects on adverse events of most of the supplements that we investigated, as the evidence is of very low certainty. However, people taking PUFA (polyunsaturated fatty acid) may be more likely to experience an adverse event than those not receiving an active intervention (network meta-analysis results: OR 4.44, 95% CrI 2.40 to 8.48; low-certainty evidence; 4 trials, 203 participants; direct evidence: OR 4.43, 95% CrI 2.43 to 8.42). People who take other supplements (a category that includes nutritional supplements other than vitamins, fatty acids, phospholipids, and antioxidants) had higher numbers of adverse events than those not receiving an active intervention (network meta-analysis: rate ratio 1.73, 95% CrI 1.26 to 2.41; 6 trials, 291 participants; direct evidence: rate ratio 1.72, 95% CrI 1.25 to 2.40; low-certainty evidence). Data were sparse (zero events in all groups in the trial) for liver transplantation, liver decompensation, and hepatocellular carcinoma. So, we did not perform formal analysis for these outcomes. The evidence is very uncertain about effects of other antioxidants (antioxidants other than vitamins) compared to no active intervention on liver cirrhosis (HR 1.68, 95% CrI 0.23 to 15.10; 1 trial, 99 participants; very low-certainty evidence). The evidence is very uncertain about effects of interventions in any of the remaining comparisons, or data were sparse (with zero events in at least one of the groups), precluding formal calculations of effect estimates. Data were probably because of the very short follow-up period (2 months to 28 months). It takes follow-up of 8 to 28 years to detect differences in mortality between people with NAFLD and the general population. Therefore, it is unlikely that differences in clinical outcomes are noted in trials providing less than 5 to 10 years of follow-up. AUTHORS' CONCLUSIONS: The evidence indicates considerable uncertainty about effects of nutritional supplementation compared to no additional intervention on all clinical outcomes for people with non-alcohol-related fatty liver disease. Accordingly, high-quality randomised comparative clinical trials with adequate follow-up are needed. We propose registry-based randomised clinical trials or cohort multiple randomised clinical trials (study design in which multiple interventions are trialed within large longitudinal cohorts of patients to gain efficiencies and align trials more closely to standard clinical practice) comparing interventions such as vitamin E, prebiotics/probiotics/synbiotics, PUFAs, and no nutritional supplementation. The reason for the choice of interventions is the impact of these interventions on indirect outcomes, which may translate to clinical benefit. Outcomes in such trials should be mortality, health-related quality of life, decompensated liver cirrhosis, liver transplantation, and resource utilisation measures including costs of intervention and decreased healthcare utilisation after minimum follow-up of 8 years (to find meaningful differences in clinically important outcomes).",,2021,The Cochrane database of systematic reviews,"Journal Article|Research Support, Non-U.S. Gov't|Systematic Review|Network Meta-Analysis",10.1002/14651858.cd013157,https://pubmed.ncbi.nlm.nih.gov/34280304/,retain,true,abstract_only,ABSTRACT_SENTENCE_21,"However, people taking PUFA (polyunsaturated fatty acid) may be more likely to experience an adverse event than those not receiving an active intervention (network meta-analysis results: OR 4.44, 95% CrI 2.40 to 8.48; low-certainty evidence; 4 trials, 203 participants; direct evidence: OR 4.43, 95% CrI 2.43 to 8.42).",,"NAFLD decreases life expectancy and increases risks of liver cirrhosis, hepatocellular carcinoma, and the requirement for liver transplantation. | We excluded randomised clinical trials in which participants had previously undergone liver transplantation. | During this follow-up period, clinical events related to NAFLD such as mortality, liver cirrhosis, liver decompensation, liver transplantation, hepatocellular carcinoma, and liver-related mortality were sparse.","However, people taking PUFA (polyunsaturated fatty acid) may be more likely to experience an adverse event than those not receiving an active intervention (network meta-analysis results: OR 4.44, 95% CrI 2.40 to 8.48; low-certainty evidence; 4 trials, 203 participants; direct evidence: OR 4.43, 95% CrI 2.43 to 8.42).","BACKGROUND: The prevalence of non-alcohol-related fatty liver disease (NAFLD) varies between 19% and 33% in different populations. | NAFLD decreases life expectancy and increases risks of liver cirrhosis, hepatocellular carcinoma, and the requirement for liver transplantation. | SELECTION CRITERIA: We included only randomised clinical trials (irrespective of language, blinding, or status) for people with NAFLD, irrespective of method of diagnosis, age and diabetic status of participants, or presence of non-alcoholic steatohepatitis (NASH).",3194,,,,not_observed,ai_screened_regex_confirmed
HRS4_LIVER_DISEASE,pubmed:36866059,pubmed,36866059,Functional foods and dietary supplements in the management of non-alcoholic fatty liver disease: A systematic review and meta-analysis.,"OBJECTIVE: In this systematic review and meta-analysis, we aimed to clarify the overall effects of functional foods and dietary supplements in non-alcoholic fatty liver disease (NAFLD) patients. METHODS: Randomized controlled trials (RCTs) published in PubMed, ISI Web of Science, Cochrane library, and Embase from January 1, 2000 to January 31, 2022 were systematically searched to assess the effects of functional foods and dietary supplements in patients with NAFLD. The primary outcomes were liver-related measures, such as alanine aminotransferase (ALT), aspartate aminotransferase (AST), and hepatic fibrosis and steatosis, while the secondary outcomes included body mass index (BMI), waist circumference (WC), triacylglyceride (TG), total cholesterol (TC), low-density lipoprotein cholesterol (LDL-C), and high-density lipoprotein cholesterol (HDL-C). These indexes were all continuous variables, so the mean difference (MD) was used for calculating the effect size. Random-effects or fixed-effects models were used to estimate the mean difference (MD). The risk of bias in all studies was assessed with guidance provided in the Cochrane Handbook for Systematic Reviews of Interventions. RESULTS: Twenty-nine articles investigating functional foods and dietary supplements [antioxidants (phytonutrients and coenzyme Q10) = 18, probiotics/symbiotic/prebiotic = 6, fatty acids = 3, vitamin D = 1, and whole grain = 1] met the eligibility criteria. Our results showed that antioxidants could significantly reduce WC (MD: -1.28 cm; 95% CI: -1.58, -0.99, P < 0.05), ALT (MD: -7.65 IU/L; 95% CI: -11.14, -4.16, P < 0.001), AST (MD: -4.26 IU/L; 95% CI: -5.76, -2.76, P < 0.001), and LDL-C (MD: -0.24 mg/dL; 95% CI: -0.46, -0.02, P < 0.05) increased in patients with NAFLD but had no effect on BMI, TG, and TC. Probiotic/symbiotic/prebiotic supplementation could decrease BMI (MD: -0.57 kg/m2; 95% CI: -0.72, -0.42, P < 0.05), ALT (MD: -3.96 IU/L; 95% CI: -5.24, -2.69, P < 0.001), and AST (MD: -2.76; 95% CI: -3.97, -1.56, P < 0.0001) levels but did not have beneficial effects on serum lipid levels compared to the control group. Moreover, the efficacy of fatty acids for treating NAFLD was full of discrepancies. Additionally, vitamin D had no significant effect on BMI, liver transaminase, and serum lipids, while whole grain could reduce ALT and AST but did not affect serum lipid levels. CONCLUSION: The current study suggests that antioxidant and probiotic/symbiotic/prebiotic supplements may be a promising regimen for NAFLD patients. However, the usage of fatty acids, vitamin D, and whole grain in clinical treatment is uncertain. Further exploration of the efficacy ranks of functional foods and dietary supplements is needed to provide a reliable basis for clinical application. SYSTEMATIC REVIEW REGISTRATION: https://www.crd.york.ac.uk/prospero, identifier: CRD42022351763.",,2023,Frontiers in nutrition,Systematic Review|Journal Article,10.1007/s12020-014-0336-5,https://pubmed.ncbi.nlm.nih.gov/36866059/,retain,true,abstract_only,ABSTRACT_SENTENCE_8,"Our results showed that antioxidants could significantly reduce WC (MD: -1.28 cm; 95% CI: -1.58, -0.99, P < 0.05), ALT (MD: -7.65 IU/L; 95% CI: -11.14, -4.16, P < 0.001), AST (MD: -4.26 IU/L; 95% CI: -5.76, -2.76, P < 0.001), and LDL-C (MD: -0.24 mg/dL; 95% CI: -0.46, -0.02, P < 0.05) increased in patients with NAFLD but had no effect on BMI, TG, and TC.",7.65 IU | 4.26 IU | 0.24 mg/d | 3.96 IU,"The primary outcomes were liver-related measures, such as alanine aminotransferase (ALT), aspartate aminotransferase (AST), and hepatic fibrosis and steatosis, while the secondary outcomes included body mass index (BMI), waist circumference (WC), triacylglyceride (TG), total cholesterol (TC), low-density lipoprotein cholesterol (LDL-C), and high-density lipoprotein cholesterol (HDL-C).","Our results showed that antioxidants could significantly reduce WC (MD: -1.28 cm; 95% CI: -1.58, -0.99, P < 0.05), ALT (MD: -7.65 IU/L; 95% CI: -11.14, -4.16, P < 0.001), AST (MD: -4.26 IU/L; 95% CI: -5.76, -2.76, P < 0.001), and LDL-C (MD: -0.24 mg/dL; 95% CI: -0.46, -0.02, P < 0.05) increased in patients with NAFLD but had no effect on BMI, TG, and TC.","OBJECTIVE: In this systematic review and meta-analysis, we aimed to clarify the overall effects of functional foods and dietary supplements in non-alcoholic fatty liver disease (NAFLD) patients. | The primary outcomes were liver-related measures, such as alanine aminotransferase (ALT), aspartate aminotransferase (AST), and hepatic fibrosis and steatosis, while the secondary outcomes included body mass index (BMI), waist circumference (WC), triacylglyceride (TG), total cholesterol (TC), low-density lipoprotein cholesterol (LDL-C), and high-density lipoprotein cholesterol (HDL-C). | Additionally, vitamin D had no significant effect on BMI, liver transaminase, and serum lipids, while whole grain could reduce ALT and AST but did not affect serum lipid levels.",3164,,,,not_observed,ai_screened_regex_confirmed
HRS4_LIVER_DISEASE,pubmed:39110237,pubmed,39110237,Evaluation of oral silymarin formulation efficacy in prevention of doxorubicin induced hepatotoxicity in patients with non-metastatic breast cancer.,"IntroductionChemotherapy-induced hepatotoxicity is a common complication in breast cancer patients, especially with doxorubicin-containing regimens. Liver enzyme abnormality is reported in 34.8% of patients undergoing AC-T regimen and fatty liver is reported in 30% to 50% of cases. Antioxidant and anti-inflammatory properties of silymarin, a polyphenolic flavonoid extract derived from Silybum marianum, may be useful in preventing chemotherapy-induced hepatotoxicity. This study evaluated the effect of oral silymarin for preventing doxorubicin induced hepatotoxicity in non-metastatic breast cancer patients.MethodsIn this triple-blind, placebo-controlled clinical trial, 50 patients with non-metastatic breast cancer were assigned to receive either 140 mg silymarin tablets or the placebo three times daily for 63 days and were evaluated for liver function test before the study and at the end of each chemotherapy cycle (every 3 weeks) for 4 cycles. In addition, an ultrasonography assessment was performed upon entry and the end of the study.ResultsBased on ultrasonography, the fatty liver grade was significantly higher in the placebo group at the end of the study. Moreover, the serum levels of aspartate aminotransferase (p = 0.015) and alkaline phosphatase (p = 0.004) at 6-week intervals, and the serum level of alkaline phosphatase (p = 0.002) at 9-week intervals were significantly lower in the silymarin group.ConclusionOral formulation of silymarin 420 mg/day for 63 days significantly prevented hepatotoxicity caused by doxorubicin in patients with non-metastatic breast cancer mostly based on liver ultrasonography but not laboratory parameters. Further investigations are suggested on different doses, durations and formulations of silymarin, particularly nano-formulations for increasing its oral bioavailability.",,2025,Journal of oncology pharmacy practice : official publication of the International Society of Oncology Pharmacy Practitioners,Journal Article|Randomized Controlled Trial,10.1177/10781552241268778,https://pubmed.ncbi.nlm.nih.gov/39110237/,retain,true,abstract_only,ABSTRACT_SENTENCE_6,"Moreover, the serum levels of aspartate aminotransferase (p = 0.015) and alkaline phosphatase (p = 0.004) at 6-week intervals, and the serum level of alkaline phosphatase (p = 0.002) at 9-week intervals were significantly lower in the silymarin group.ConclusionOral formulation of silymarin 420 mg/day for 63 days significantly prevented hepatotoxicity caused by doxorubicin in patients with non-metastatic breast cancer mostly based on liver ultrasonography but not laboratory parameters.",140 mg | 420 mg/d,"IntroductionChemotherapy-induced hepatotoxicity is a common complication in breast cancer patients, especially with doxorubicin-containing regimens. | Antioxidant and anti-inflammatory properties of silymarin, a polyphenolic flavonoid extract derived from Silybum marianum, may be useful in preventing chemotherapy-induced hepatotoxicity. | This study evaluated the effect of oral silymarin for preventing doxorubicin induced hepatotoxicity in non-metastatic breast cancer patients.MethodsIn this triple-blind, placebo-controlled clinical trial, 50 patients with non-metastatic breast cancer were assigned to receive either 140 mg silymarin tablets or the placebo three times daily for 63 days and were evaluated for liver function test before the study and at the end of each chemotherapy cycle (every 3 weeks) for 4 cycles.","Moreover, the serum levels of aspartate aminotransferase (p = 0.015) and alkaline phosphatase (p = 0.004) at 6-week intervals, and the serum level of alkaline phosphatase (p = 0.002) at 9-week intervals were significantly lower in the silymarin group.ConclusionOral formulation of silymarin 420 mg/day for 63 days significantly prevented hepatotoxicity caused by doxorubicin in patients with non-metastatic breast cancer mostly based on liver ultrasonography but not laboratory parameters.","Liver enzyme abnormality is reported in 34.8% of patients undergoing AC-T regimen and fatty liver is reported in 30% to 50% of cases. | This study evaluated the effect of oral silymarin for preventing doxorubicin induced hepatotoxicity in non-metastatic breast cancer patients.MethodsIn this triple-blind, placebo-controlled clinical trial, 50 patients with non-metastatic breast cancer were assigned to receive either 140 mg silymarin tablets or the placebo three times daily for 63 days and were evaluated for liver function test before the study and at the end of each chemotherapy cycle (every 3 weeks) for 4 cycles. | In addition, an ultrasonography assessment was performed upon entry and the end of the study.ResultsBased on ultrasonography, the fatty liver grade was significantly higher in the placebo group at the end of the study.",3030,,,,not_observed,ai_screened_regex_confirmed
HRS4_LIVER_DISEASE,pubmed:31124558,pubmed,31124558,"Gut microbiome-targeted therapies in nonalcoholic fatty liver disease: a systematic review, meta-analysis, and meta-regression.","BACKGROUND: Preclinical evidence suggests that modulation of the gut microbiome could represent a new therapeutic target in nonalcoholic fatty liver disease (NAFLD). OBJECTIVES: The aim of this study was to evaluate the most current evidence for liver-specific and metabolic effects of microbiome-targeted therapies (MTTs) in persons with NAFLD. METHODS: We searched multiple electronic databases for randomized controlled trials (RCTs) published from January 1, 2005 to December 1, 2018 that enrolled persons with NAFLD who received MTT rather than placebo or usual care. MTT was defined as antibiotics, probiotics, synbiotics, or fecal microbiota transplantation (FMT). Clinical outcomes were pooled with the use of random-effects models and heterogeneity was assessed with the I2 statistic. A random-effects meta-regression was performed to determine sources of heterogeneity in prevalence estimates between studies. RESULTS: Twenty-one RCTs (1252 participants) were included; 9 evaluated probiotics and 12 evaluated synbiotics, with treatment duration ranging from 8 to 28 wk. No RCTs examined the efficacy of antibiotics or FMT. Probiotics/synbiotics were associated with a significant reduction in alanine aminotransferase activity [ALT, weighted mean difference (WMD): -11.23 IU/L; 95% CI: -15.02, -7.44 IU/L] and liver stiffness measurement (LSM) by elastography (reflecting inflammation and fibrosis) (WMD: -0.70 kPa; 95% CI: -1.00, -0.40 kPa), although analyses showed heterogeneity (I2 = 90.6% and I2 = 93.4%, respectively). Probiotics/synbiotics were also associated with increased odds of improvement in hepatic steatosis, as graded by ultrasound (OR: 2.40; 95% CI: 1.50, 3.84; I2 = 22.4%). No RCTs examined sequential liver biopsy findings. Probiotics (WMD: -1.84; 95% CI: -3.30, -0.38; I2 = 23.6%), but not synbiotics (WMD: -0.85; 95% CI: -2.17, 0.47; I2 = 96.6%), were associated with a significant reduction in body mass index. CONCLUSIONS: The use of probiotics/synbiotics was associated with improvement in liver-specific markers of hepatic inflammation, LSM, and steatosis in persons with NAFLD. Although promising, given the heterogeneity in pooled analyses, additional well-designed RCTs are needed to define the efficacy of probiotics/synbiotics for treatment of NAFLD. This study was registered with PROSPERO as CRD42018091455.",,2019,The American journal of clinical nutrition,"Journal Article|Meta-Analysis|Research Support, N.I.H., Extramural|Systematic Review",10.1093/ajcn/nqz042,https://pubmed.ncbi.nlm.nih.gov/31124558/,retain,true,abstract_only,ABSTRACT_SENTENCE_9,"Probiotics/synbiotics were associated with a significant reduction in alanine aminotransferase activity [ALT, weighted mean difference (WMD): -11.23 IU/L; 95% CI: -15.02, -7.44 IU/L] and liver stiffness measurement (LSM) by elastography (reflecting inflammation and fibrosis) (WMD: -0.70 kPa; 95% CI: -1.00, -0.40 kPa), although analyses showed heterogeneity (I2 = 90.6% and I2 = 93.4%, respectively).",11.23 IU | 7.44 IU,"MTT was defined as antibiotics, probiotics, synbiotics, or fecal microbiota transplantation (FMT). | Probiotics/synbiotics were associated with a significant reduction in alanine aminotransferase activity [ALT, weighted mean difference (WMD): -11.23 IU/L; 95% CI: -15.02, -7.44 IU/L] and liver stiffness measurement (LSM) by elastography (reflecting inflammation and fibrosis) (WMD: -0.70 kPa; 95% CI: -1.00, -0.40 kPa), although analyses showed heterogeneity (I2 = 90.6% and I2 = 93.4%, respectively).","Probiotics/synbiotics were associated with a significant reduction in alanine aminotransferase activity [ALT, weighted mean difference (WMD): -11.23 IU/L; 95% CI: -15.02, -7.44 IU/L] and liver stiffness measurement (LSM) by elastography (reflecting inflammation and fibrosis) (WMD: -0.70 kPa; 95% CI: -1.00, -0.40 kPa), although analyses showed heterogeneity (I2 = 90.6% and I2 = 93.4%, respectively).","BACKGROUND: Preclinical evidence suggests that modulation of the gut microbiome could represent a new therapeutic target in nonalcoholic fatty liver disease (NAFLD). | OBJECTIVES: The aim of this study was to evaluate the most current evidence for liver-specific and metabolic effects of microbiome-targeted therapies (MTTs) in persons with NAFLD. | Probiotics/synbiotics were associated with a significant reduction in alanine aminotransferase activity [ALT, weighted mean difference (WMD): -11.23 IU/L; 95% CI: -15.02, -7.44 IU/L] and liver stiffness measurement (LSM) by elastography (reflecting inflammation and fibrosis) (WMD: -0.70 kPa; 95% CI: -1.00, -0.40 kPa), although analyses showed heterogeneity (I2 = 90.6% and I2 = 93.4%, respectively).",3022,,,,not_observed,ai_screened_regex_confirmed
HRS4_LIVER_DISEASE,pubmed:39620369,pubmed,39620369,"Impaired postprandial GLP-2 response enhances endotoxemia, systemic inflammation, and kidney injury in metabolic dysfunction-associated steatohepatitis (MASH): effect of phospholipid curcumin meriva.","We investigate the role of homeostatic mechanisms involved in acute, postprandial nutrient metabolism and nutrient-induced systemic inflammation in CKD presence and progression in Metabolic dysfunction-associated steatohepatitis (MASH). We assessed postprandial incretins (GLP-1 and GIP), intestinotropic hormone GLP-2, endotoxin LPS, Zonulin (a marker of intestinal permeability), hepatokines, adipokines and NF-kB activation in circulating MNCs during a meal tolerance test in 52 biopsy proven MASH patients randomized to curcumin Meriva or placebo and 26 matched controls. At baseline, MASH-CKD had a lower GLP-2 response and a 2-fold higher postprandial LPS and NF-kB activation in MNCs than MASH patients without CKD, but similar remaining postprandial or fasting parameters. Postprandial IAUC GLP-2 predicted the presence of CKD in MASH (OR = 0.43, 95%CI:0.32-0.80, p = 0.008) independently of liver histology and traditional risk factors. After 72 weeks, changes in IAUC GLP-2 independently predicted the presence of CKD (OR = 0.49, 95%CI:0.21-0.73, p = 0.010) and eGFR changes [β(SE) = 0.510(0.007, p = 0.006] at end-of-treatment, In MASH, an impaired GLP-2 response to meals is associated with intestinal barrier dysfunction, endotoxemia and NF-kB-mediated systemic inflammation and may promote renal dysfunction and CKD. These data provide the rationale for evaluating GLP-2 analogues in MASH-related CKD.",,2024,Gut microbes,"Journal Article|Randomized Controlled Trial|Research Support, Non-U.S. Gov't",10.1159/000363025,https://pubmed.ncbi.nlm.nih.gov/39620369/,retain,true,abstract_only,ABSTRACT_SENTENCE_5,"After 72 weeks, changes in IAUC GLP-2 independently predicted the presence of CKD (OR = 0.49, 95%CI:0.21-0.73, p = 0.010) and eGFR changes [β(SE) = 0.510(0.007, p = 0.006] at end-of-treatment, In MASH, an impaired GLP-2 response to meals is associated with intestinal barrier dysfunction, endotoxemia and NF-kB-mediated systemic inflammation and may promote renal dysfunction and CKD.",95%,,"After 72 weeks, changes in IAUC GLP-2 independently predicted the presence of CKD (OR = 0.49, 95%CI:0.21-0.73, p = 0.010) and eGFR changes [β(SE) = 0.510(0.007, p = 0.006] at end-of-treatment, In MASH, an impaired GLP-2 response to meals is associated with intestinal barrier dysfunction, endotoxemia and NF-kB-mediated systemic inflammation and may promote renal dysfunction and CKD.","We investigate the role of homeostatic mechanisms involved in acute, postprandial nutrient metabolism and nutrient-induced systemic inflammation in CKD presence and progression in Metabolic dysfunction-associated steatohepatitis (MASH). | Postprandial IAUC GLP-2 predicted the presence of CKD in MASH (OR = 0.43, 95%CI:0.32-0.80, p = 0.008) independently of liver histology and traditional risk factors.",2994,,,,not_observed,ai_screened_regex_confirmed
HRS4_LIVER_DISEASE,pubmed:30113661,pubmed,30113661,Prebiotic and probiotic treatment of nonalcoholic fatty liver disease: a systematic review and meta-analysis.,"CONTEXT: Nonalcoholic fatty liver disease (NAFLD) is a highly prevalent and underdiagnosed comorbidity of many chronic diseases that is associated with altered intestinal bacterial communities. This association has prompted research into alternative treatments aimed at modulating intestinal microbiota. Given the novelty of these treatments, scarce evidence regarding their effectiveness in clinical populations exists. OBJECTIVE: This meta-analysis sought to systemically review and quantitatively synthesize evidence on prebiotic, probiotic, and synbiotic therapies for patients with NAFLD in randomized controlled trials. DATA SOURCES: PRISMA guidelines ensured transparent reporting of evidence. PICOS criteria defined the research question for the systematic review. A systematic keyword search in PubMed and EMBASE identified 25 studies: 9 assessed prebiotic, 11 assessed probiotic, and 7 assessed symbiotic therapies for a total of 1309 patients. DATA EXTRACTION: Basic population characteristics, the primary variables of aspartate aminotransferase (AST) and alanine aminotransferase (ALT) (utilized for NAFLD diagnosis), and the secondary variables of body mass index (BMI), gamma-glutamyl transferase (γ-GT), tumor necrosis factor alpha (TNF-α), C-reactive protein (CRP), total cholesterol, high-density lipoprotein cholesterol (HDL-c), low-density lipoprotein cholesterol (LDL-c), and triglyceridges (TAG) were extracted. Pooled effect sizes of these variables were calculated by meta-analysis. No publication bias was identified using Begg's and Egger's tests or Cochrane bias assessment tool. RESULTS: Meta-analysis indicated that microbial therapies significantly reduced BMI (-0.37 kg/m2; 95% confidence interval [CI], -0.46 to -0.28; P < 0.001), hepatic enzymes (ALT, -6.9 U/L [95%CI, -9.4 to -4.3]; AST, -4.6 U/L [95%CI, -6.6 to -2.7]; γ-GT, -7.9 U/L [95%CI, -11.4 to -4.4]; P < 0.001), serum cholesterol (-10.1 mg/dL 95%CI, -13.6 to -6.6; P < 0.001), LDL-c (-4.5 mg/dL; 95%CI, -8.9 to -0.17; P < 0.001), and TAG (-10.1 mg/dL; 95%CI, -18.0 to -2.3; P < 0.001), but not inflammation (TNF-α, -2.0 ng/mL; [95%CI, -4.7 to 0.61]; CRP, -0.74 mg/L [95%CI, -1.9 to 0.37]). Subgroup analysis by treatment category indicated similar effects of prebiotics and probiotics on BMI and liver enzymes but not total cholesterol, HDL-c, and LDL-c. CONCLUSION: This meta-analysis supports the potential use of microbial therapies in the treatment of NAFLD and sheds light on their potential mode of action. Further research into these treatments should consider the limitations of biomarkers currently used for the diagnosis and progression of NAFLD, in addition to the inherent challenges of personalized microbial-based therapies.",,2018,Nutrition reviews,"Journal Article|Meta-Analysis|Research Support, U.S. Gov't, Non-P.H.S.|Systematic Review",10.1093/nutrit/nuy031,https://pubmed.ncbi.nlm.nih.gov/30113661/,retain,true,abstract_only,ABSTRACT_SENTENCE_11,"RESULTS: Meta-analysis indicated that microbial therapies significantly reduced BMI (-0.37 kg/m2; 95% confidence interval [CI], -0.46 to -0.28; P < 0.001), hepatic enzymes (ALT, -6.9 U/L [95%CI, -9.4 to -4.3]; AST, -4.6 U/L [95%CI, -6.6 to -2.7]; γ-GT, -7.9 U/L [95%CI, -11.4 to -4.4]; P < 0.001), serum cholesterol (-10.1 mg/dL 95%CI, -13.6 to -6.6; P < 0.001), LDL-c (-4.5 mg/dL; 95%CI, -8.9 to -0.17; P < 0.001), and TAG (-10.1 mg/dL; 95%CI, -18.0 to -2.3; P < 0.001), but not inflammation (TNF-α, -2.0 ng/mL; [95%CI, -4.7 to 0.61]; CRP, -0.74 mg/L [95%CI, -1.9 to 0.37]).",95% | 10.1 mg/d | 4.5 mg/d | 0.74 mg,"DATA EXTRACTION: Basic population characteristics, the primary variables of aspartate aminotransferase (AST) and alanine aminotransferase (ALT) (utilized for NAFLD diagnosis), and the secondary variables of body mass index (BMI), gamma-glutamyl transferase (γ-GT), tumor necrosis factor alpha (TNF-α), C-reactive protein (CRP), total cholesterol, high-density lipoprotein cholesterol (HDL-c), low-density lipoprotein cholesterol (LDL-c), and triglyceridges (TAG) were extracted.","RESULTS: Meta-analysis indicated that microbial therapies significantly reduced BMI (-0.37 kg/m2; 95% confidence interval [CI], -0.46 to -0.28; P < 0.001), hepatic enzymes (ALT, -6.9 U/L [95%CI, -9.4 to -4.3]; AST, -4.6 U/L [95%CI, -6.6 to -2.7]; γ-GT, -7.9 U/L [95%CI, -11.4 to -4.4]; P < 0.001), serum cholesterol (-10.1 mg/dL 95%CI, -13.6 to -6.6; P < 0.001), LDL-c (-4.5 mg/dL; 95%CI, -8.9 to -0.17; P < 0.001), and TAG (-10.1 mg/dL; 95%CI, -18.0 to -2.3; P < 0.001), but not inflammation (TNF-α, -2.0 ng/mL; [95%CI, -4.7 to 0.61]; CRP, -0.74 mg/L [95%CI, -1.9 to 0.37]).","CONTEXT: Nonalcoholic fatty liver disease (NAFLD) is a highly prevalent and underdiagnosed comorbidity of many chronic diseases that is associated with altered intestinal bacterial communities. | RESULTS: Meta-analysis indicated that microbial therapies significantly reduced BMI (-0.37 kg/m2; 95% confidence interval [CI], -0.46 to -0.28; P < 0.001), hepatic enzymes (ALT, -6.9 U/L [95%CI, -9.4 to -4.3]; AST, -4.6 U/L [95%CI, -6.6 to -2.7]; γ-GT, -7.9 U/L [95%CI, -11.4 to -4.4]; P < 0.001), serum cholesterol (-10.1 mg/dL 95%CI, -13.6 to -6.6; P < 0.001), LDL-c (-4.5 mg/dL; 95%CI, -8.9 to -0.17; P < 0.001), and TAG (-10.1 mg/dL; 95%CI, -18.0 to -2.3; P < 0.001), but not inflammation (TNF-α, -2.0 ng/mL; [95%CI, -4.7 to 0.61]; CRP, -0.74 mg/L [95%CI, -1.9 to 0.37]). | Subgroup analysis by treatment category indicated similar effects of prebiotics and probiotics on BMI and liver enzymes but not total cholesterol, HDL-c, and LDL-c.",2987,,,,not_observed,ai_screened_regex_confirmed
HRS4_LIVER_DISEASE,pubmed:33933848,pubmed,33933848,Significant immunomodulatory and hepatoprotective impacts of Silymarin in MS patients: A double-blind placebo-controlled clinicaltrial.,"Interferon beta (IFN-β) has successfully been experimented with to treat multiple sclerosis (MS). However, patients sometimes do not respond effectively to treatment, and ‌adverse effects, including liver toxicity, accompany this therapy. ‌Accordingly, we decided to treat MS patients simultaneously with Silymarin (SM) as an immunomodulatory and hepatoprotective agent and IFN-β in a clinical trial study. Complete blood count (CBC), liver enzyme levels, and the serum concentration of inflammatory and anti-inflammatory cytokines were measured. Also, the frequency of immune cells was determined by flow cytometry. Liver enzyme levels were significantly lower in the intervention group (p < 0.05). The percentage of Th17 cells in the intervention group was significantly reduced compared to the placebo group (P < 0.001). Also, the frequency of Treg cells after treatment with SM plus IFN-β was significantly increased compared to the placebo group (p < 0.05). Furthermore, the IL-17 and IFNγ cytokine levels were significantly reduced in the intervention group (p < 0.05). Moreover, the levels of anti-inflammatory cytokines IL-10 and TGFβ were significantly increased in the intervention group (P < 0.05).Overall, the results provide novel and supplementary information on SM's notable immunoregulatory effects on inflammatory response and liver function in MS patients. Clinical Trial Identifier Number: IRCTID: IRCT20171220037977N1.",,2021,International immunopharmacology,"Clinical Trial, Phase III|Journal Article|Randomized Controlled Trial",10.1016/j.intimp.2021.107715,https://pubmed.ncbi.nlm.nih.gov/33933848/,retain,true,abstract_only,ABSTRACT_SENTENCE_2,"However, patients sometimes do not respond effectively to treatment, and ‌adverse effects, including liver toxicity, accompany this therapy. ‌Accordingly, we decided to treat MS patients simultaneously with Silymarin (SM) as an immunomodulatory and hepatoprotective agent and IFN-β in a clinical trial study.",,"However, patients sometimes do not respond effectively to treatment, and ‌adverse effects, including liver toxicity, accompany this therapy. ‌Accordingly, we decided to treat MS patients simultaneously with Silymarin (SM) as an immunomodulatory and hepatoprotective agent and IFN-β in a clinical trial study.","However, patients sometimes do not respond effectively to treatment, and ‌adverse effects, including liver toxicity, accompany this therapy. ‌Accordingly, we decided to treat MS patients simultaneously with Silymarin (SM) as an immunomodulatory and hepatoprotective agent and IFN-β in a clinical trial study.","However, patients sometimes do not respond effectively to treatment, and ‌adverse effects, including liver toxicity, accompany this therapy. ‌Accordingly, we decided to treat MS patients simultaneously with Silymarin (SM) as an immunomodulatory and hepatoprotective agent and IFN-β in a clinical trial study. | Complete blood count (CBC), liver enzyme levels, and the serum concentration of inflammatory and anti-inflammatory cytokines were measured. | Liver enzyme levels were significantly lower in the intervention group (p < 0.05).",2987,,,,not_observed,ai_screened_regex_confirmed
HRS4_LIVER_DISEASE,pubmed:42038464,pubmed,42038464,The efficacy of gut microbiota-regulating drugs on metabolic dysfunction-associated steatotic liver disease: a systematic review and network meta-analysis.,"OBJECTIVE: Currently, effective drugs for metabolic dysfunction-associated steatotic liver disease (MASLD) are limited, with treatment primarily focusing on diet and exercise. Recent studies suggest that gut microbiota-regulating drugs may offer therapeutic benefits. Therefore, our aim is to evaluate the efficacy of these medications in MASLD patients. METHODS: This systematic review and network meta-analysis involved a search of PubMed, Web of Science, Embase, Cochrane Library, and ClinicalTrials.gov for randomized controlled trials (RCTs) published from January 1, 2012, to January 28, 2026. The intervention measures encompassed probiotics, prebiotics, synbiotics, antibiotics, postbiotics, and a combination of antibiotics and gut microbiota-regulating drugs. The control group received a placebo or usual care. The risk of bias in the included research was evaluated utilizing the revised Cochrane risk of bias tool for randomised trials. The confidence of evidence will be evaluated through the CINeMA (Confidence in Network Meta-Analysis) web application. Liver enzymes and hepatic steatosis were taken as the primary outcome and were analyzed by random-effects, Bayesian network meta-analyses. A two stage network meta-analysis harnessing the surface under the cumulative ranking curve (SUCRA) was performed for assessing the comparative efficacy of medications classes and particular gut microbiota-regulating drugs. The study was registered on PROSPERO: CRD42024606333. RESULTS: A total of 27 studies comprising 1,511 participants were included in this meta-analysis. Relative to placebo, reductions in alanine aminotransferase (ALT) levels were observed with probiotics (Mean Difference (MD): -7.51, 95% credible intervals (CI) [-12.36 to -2.66]), prebiotics (MD: -13.64, 95% CI [-27.07 to -0.22]) and antibiotics (MD: -24.30, 95% CI [-47.02 to -1.58]). Probiotics (MD: -6.42, 95% CI [-11.91 to -0.92]) and synbiotics (MD: -13.13, 95% CI [-20.82 to -5.45]) were both associated with a reduction in aspartate aminotransferase (AST) levels compared to placebo. Declines in gamma-glutamyl transferase (GGT) levels (MD: -12.40, 95% CI [-23.13 to -1.68]) were observed with synbiotics compared to the placebo. Additionally, synbiotics significantly reduced controlled attenuation parameter (CAP) levels compared with placebo (MD: -45.69, 95% CI [-56.39 to -34.99]). However, no statistically significant differences were observed between probiotics and synbiotics with respect to lipid markers total cholesterol (TC), triglycerides (TG), high-density lipoprotein cholesterol (HDL-C), or inflammatory cytokines tumor necrosis factor alpha (TNF-α) and interleukin 6 (IL-6). CONCLUSIONS: Probiotics and synbiotics significantly improve liver enzymes and hepatic steatosis in patients with MASLD.",,2026,PeerJ,Journal Article|Systematic Review|Network Meta-Analysis,10.1038/nrgastro.2017.109,https://pubmed.ncbi.nlm.nih.gov/42038464/,retain,true,abstract_only,ABSTRACT_SENTENCE_14,"Probiotics (MD: -6.42, 95% CI [-11.91 to -0.92]) and synbiotics (MD: -13.13, 95% CI [-20.82 to -5.45]) were both associated with a reduction in aspartate aminotransferase (AST) levels compared to placebo.",,"Relative to placebo, reductions in alanine aminotransferase (ALT) levels were observed with probiotics (Mean Difference (MD): -7.51, 95% credible intervals (CI) [-12.36 to -2.66]), prebiotics (MD: -13.64, 95% CI [-27.07 to -0.22]) and antibiotics (MD: -24.30, 95% CI [-47.02 to -1.58]). | Probiotics (MD: -6.42, 95% CI [-11.91 to -0.92]) and synbiotics (MD: -13.13, 95% CI [-20.82 to -5.45]) were both associated with a reduction in aspartate aminotransferase (AST) levels compared to placebo.","Probiotics (MD: -6.42, 95% CI [-11.91 to -0.92]) and synbiotics (MD: -13.13, 95% CI [-20.82 to -5.45]) were both associated with a reduction in aspartate aminotransferase (AST) levels compared to placebo.","OBJECTIVE: Currently, effective drugs for metabolic dysfunction-associated steatotic liver disease (MASLD) are limited, with treatment primarily focusing on diet and exercise. | Liver enzymes and hepatic steatosis were taken as the primary outcome and were analyzed by random-effects, Bayesian network meta-analyses. | CONCLUSIONS: Probiotics and synbiotics significantly improve liver enzymes and hepatic steatosis in patients with MASLD.",2969,,,,not_observed,ai_screened_regex_confirmed
HRS4_LIVER_DISEASE,pubmed:41852476,pubmed,41852476,Traditional Chinese medicine for type 2 diabetes with metabolic-associated steatotic liver disease: unified effects and design thresholds.,"OBJECTIVE: This study aims to reorganize randomized controlled trials (RCTs) of traditional Chinese medicine (TCM) for adults with type 2 diabetes mellitus (T2DM) and metabolic-associated steatotic liver disease (MASLD; including legacy NAFLD) into a clinical evidence-anchored knowledge graph (KG) and harmonize effect semantics (""unified effects"") to support endpoint- and design-aware evidence navigation. METHODS: We systematically reviewed RCTs (2015-2025). Effect direction and scale were unified using a prespecified rule (treatment effect [TE] >0 indicates improvement). The prespecified primary endpoints maximizing cross-trial comparability were alanine aminotransferase (ALT), triglycerides (TG), Homeostatic Model Assessment of Insulin resistance (HOMA-IR), and controlled attenuation parameter (CAP); aspartate aminotransferase (AST) was retained for robustness. Metabolic endpoints were synthesized at the 12-week timepoint, while imaging endpoints (CAP and liver stiffness measurement [LSM]) were synthesized within a prespecified 8- to 24-week window. Trials were stratified as add-on versus mixed, with primary efficacy inferences based on add-on trials with balanced background Western medicine. Evidence was synthesized using REML-based random-effects meta-analysis (reporting prediction intervals) and weighted meta-regression. Risk of bias was assessed using RoB 2 and certainty of evidence using GRADE. RESULTS: A total of 95 trials were included (n = 8,813; follow-up 2-48 weeks; predominantly add-on). The KG linked intervention categories (classic formulas, custom formulas, and Chinese patent medicines) to recurrent syndrome/symptom patterns; Salvia miltiorrhiza emerged as a central herb-layer hub. In add-on trials, pooled effects for ALT, AST, HOMA-IR, and TG were directionally favorable, but heterogeneity was substantial and prediction intervals for biochemical endpoints were often wide and crossed the null. CAP showed a comparatively more reproducible short-term imaging signal than LSM. Meta-regression suggested hypothesis-generating design patterns in which estimate stability tended to improve with larger per-arm sample sizes (≈≥40-50) and longer follow-up (≈≥12-16 weeks). RoB 2 ratings were predominantly ""some concerns,"" and GRADE certainty was commonly downgraded for inconsistency and/or imprecision. CONCLUSION: In adults with T2DM and MASLD, add-on trials show directionally favorable pooled biochemical/metabolic changes after unified effect harmonization, but uncertainty remains substantial. CAP may be a more reproducible short-term imaging endpoint than LSM. Evidence-derived design patterns should be interpreted as hypothesis-generating rather than causal thresholds. SYSTEMATIC REVIEW REGISTRATION: https://www.crd.york.ac.uk/prospero/, identifier CRD420251167450.",,2026,Frontiers in endocrinology,Journal Article|Systematic Review,10.3389/fmed.2024.1397900,https://pubmed.ncbi.nlm.nih.gov/41852476/,retain,true,abstract_only,ABSTRACT_SENTENCE_1,"OBJECTIVE: This study aims to reorganize randomized controlled trials (RCTs) of traditional Chinese medicine (TCM) for adults with type 2 diabetes mellitus (T2DM) and metabolic-associated steatotic liver disease (MASLD; including legacy NAFLD) into a clinical evidence-anchored knowledge graph (KG) and harmonize effect semantics (""unified effects"") to support endpoint- and design-aware evidence navigation.",,"The prespecified primary endpoints maximizing cross-trial comparability were alanine aminotransferase (ALT), triglycerides (TG), Homeostatic Model Assessment of Insulin resistance (HOMA-IR), and controlled attenuation parameter (CAP); aspartate aminotransferase (AST) was retained for robustness.","OBJECTIVE: This study aims to reorganize randomized controlled trials (RCTs) of traditional Chinese medicine (TCM) for adults with type 2 diabetes mellitus (T2DM) and metabolic-associated steatotic liver disease (MASLD; including legacy NAFLD) into a clinical evidence-anchored knowledge graph (KG) and harmonize effect semantics (""unified effects"") to support endpoint- and design-aware evidence navigation.","OBJECTIVE: This study aims to reorganize randomized controlled trials (RCTs) of traditional Chinese medicine (TCM) for adults with type 2 diabetes mellitus (T2DM) and metabolic-associated steatotic liver disease (MASLD; including legacy NAFLD) into a clinical evidence-anchored knowledge graph (KG) and harmonize effect semantics (""unified effects"") to support endpoint- and design-aware evidence navigation. | Metabolic endpoints were synthesized at the 12-week timepoint, while imaging endpoints (CAP and liver stiffness measurement [LSM]) were synthesized within a prespecified 8- to 24-week window.",2967,,,,not_observed,ai_screened_regex_confirmed
HRS4_LIVER_DISEASE,pubmed:42381151,pubmed,42381151,Traditional Chinese Medicines for Metabolic Dysfunction-Associated Steatotic Liver Disease: A Mixed-Method Systematic Review.,"OBJECTIVE: This mixed-method systematic review evaluated the efficacy and safety of Traditional Chinese Medicine (TCM) for metabolic dysfunction-associated steatotic liver disease (MASLD) and identified core TCM herbs/compatibility regimens. METHODS: Six databases were searched (inception to December 31, 2025) for randomized controlled trials (RCTs) of TCM combinations for adult MASLD, with placebo/treatment-as-usual (TAU) as controls. Two independent teams performed screening, data extraction and quality assessment. Quantitative synthesis included meta-analysis with subgroup/meta-regression analyses, publication bias assessment and sensitivity analysis; qualitative synthesis used TCM data mining to identify core herbs and compatibility patterns. RESULTS: A total of 56 RCTs were included. TCM significantly improved TCM Symptom Score, clinical effective rate, liver controlled attenuation parameter (CAP), liver function (ALT, AST, GGT), lipid metabolism (TC, TG, LDL-C) and reduced BMI, with no benefit for HDL-C. Male proportion had no moderating effect on outcomes. TCM-related adverse events (mainly diarrhea and gastrointestinal discomfort) were mild and rare; 63.2% of studies reported no adverse events. Included RCTs had suboptimal methodological quality (high unclear bias in allocation concealment and blinding). Qualitative analysis of 39 studies identified 78 TCM herbs, with Crataegus pinnatifida (Shan Zha) the most frequent. Six core herbs were identified, with Salvia miltiorrhiza (Dan Shen) and Crataegus pinnatifida (Shan Zha) as the core of the compatibility regimens. CONCLUSIONS: TCM formulations may provide symptomatic and metabolic benefits for MASLD with acceptable safety and identifiable core herbs; however, evidence certainty is very low due to pervasive poor methodological quality of included RCTs, which severely undermines confidence in findings. High-quality RCTs and mechanistic research are warranted.",,2026,Journal of evidence-based medicine,Journal Article|Systematic Review|Meta-Analysis,10.1111/jebm.70149,https://pubmed.ncbi.nlm.nih.gov/42381151/,retain,true,abstract_only,ABSTRACT_SENTENCE_8,TCM-related adverse events (mainly diarrhea and gastrointestinal discomfort) were mild and rare; 63.2% of studies reported no adverse events.,,TCM-related adverse events (mainly diarrhea and gastrointestinal discomfort) were mild and rare; 63.2% of studies reported no adverse events.,TCM-related adverse events (mainly diarrhea and gastrointestinal discomfort) were mild and rare; 63.2% of studies reported no adverse events.,"OBJECTIVE: This mixed-method systematic review evaluated the efficacy and safety of Traditional Chinese Medicine (TCM) for metabolic dysfunction-associated steatotic liver disease (MASLD) and identified core TCM herbs/compatibility regimens. | TCM significantly improved TCM Symptom Score, clinical effective rate, liver controlled attenuation parameter (CAP), liver function (ALT, AST, GGT), lipid metabolism (TC, TG, LDL-C) and reduced BMI, with no benefit for HDL-C.",2967,,,,not_observed,ai_screened_regex_confirmed
HRS4_LIVER_DISEASE,pubmed:41517800,pubmed,41517800,The effectiveness and safety of Yi Guan Jian decoction in the treatment of primary liver cancer: A systematic review and meta-analysis of randomized controlled trials.,"BACKGROUND: Yi Guan Jian decoction (YGJ) is a well-known traditional Chinese medicine (TCM) formula that has been widely used in the clinical treatment of primary liver cancer (PLC). The primary objective of this study is to systematically evaluate the clinical efficacy and safety of YGJ decoction in the treatment of PLC. METHODS: We searched China National Knowledge Infrastructure, Wanfang Data, Chinese Science and Technology Journal Database (VIP), PubMed, Sinomed, Web of Science, and Cochrane Library from inception to March 2025. Randomized controlled trials involving YGJ or its modified formulations for PLC treatment were included. Study quality was assessed using RevMan 5.4. Count data were analyzed using relative risk and odds ratio; continuous data were analyzed using mean difference (MD) and standardized MD. All statistical indicators were calculated with 95% confidence intervals (CI) and P values. Data were grouped and analyzed based on intervention duration and control group treatment methods. RESULTS: A total of 10 randomized controlled trials were included, involving 745 patients. Meta-analysis showed that YGJ or its modified versions, combined with Western medical supportive treatments, significantly increased treatment effectiveness (OR = 1.84, 95% CI: 1.32-2.58), improved Karnofsky performance status score (MD = 7.00, 95% CI: 4.80-9.21), decreased serum alpha-fetoprotein (AFP) (SMD = -0.36, 95% CI: -0.58 to -0.14), improved TCM syndrome scores (MD = -3.10, 95% CI: -3.78 to -2.42), reduced total bilirubin (MD = -1.52, 95% CI: -2.25 to -0.78), and lowered gastrointestinal adverse reactions (OR = 0.53, 95% CI: 0.33-0.84). CONCLUSION: The combination of YGJ or its modified versions with modern medical therapies significantly enhances treatment effectiveness, Karnofsky performance status scores, and TCM syndrome scores, reduces AFP levels, and decreases gastrointestinal adverse reactions compared to modern medical therapies alone. These results suggest that YGJ may be a valuable addition to clinical treatment strategies. However, the included studies had small sample sizes, were geographically limited, and mostly lacked blinding. Future research should involve larger, more diverse samples and rigorous study designs to confirm these findings.",,2026,Medicine,Journal Article|Systematic Review|Meta-Analysis,10.1097/md.0000000000047153,https://pubmed.ncbi.nlm.nih.gov/41517800/,retain,true,abstract_only,ABSTRACT_SENTENCE_10,"Meta-analysis showed that YGJ or its modified versions, combined with Western medical supportive treatments, significantly increased treatment effectiveness (OR = 1.84, 95% CI: 1.32-2.58), improved Karnofsky performance status score (MD = 7.00, 95% CI: 4.80-9.21), decreased serum alpha-fetoprotein (AFP) (SMD = -0.36, 95% CI: -0.58 to -0.14), improved TCM syndrome scores (MD = -3.10, 95% CI: -3.78 to -2.42), reduced total bilirubin (MD = -1.52, 95% CI: -2.25 to -0.78), and lowered gastrointestinal adverse reactions (OR = 0.53, 95% CI: 0.33-0.84).",,"Meta-analysis showed that YGJ or its modified versions, combined with Western medical supportive treatments, significantly increased treatment effectiveness (OR = 1.84, 95% CI: 1.32-2.58), improved Karnofsky performance status score (MD = 7.00, 95% CI: 4.80-9.21), decreased serum alpha-fetoprotein (AFP) (SMD = -0.36, 95% CI: -0.58 to -0.14), improved TCM syndrome scores (MD = -3.10, 95% CI: -3.78 to -2.42), reduced total bilirubin (MD = -1.52, 95% CI: -2.25 to -0.78), and lowered gastrointestinal adverse reactions (OR = 0.53, 95% CI: 0.33-0.84). | CONCLUSION: The combination of YGJ or its modified versions with modern medical therapies significantly enhances treatment effectiveness, Karnofsky performance status scores, and TCM syndrome scores, reduces AFP levels, and decreases gastrointestinal adverse reactions compared to modern medical therapies alone.","Meta-analysis showed that YGJ or its modified versions, combined with Western medical supportive treatments, significantly increased treatment effectiveness (OR = 1.84, 95% CI: 1.32-2.58), improved Karnofsky performance status score (MD = 7.00, 95% CI: 4.80-9.21), decreased serum alpha-fetoprotein (AFP) (SMD = -0.36, 95% CI: -0.58 to -0.14), improved TCM syndrome scores (MD = -3.10, 95% CI: -3.78 to -2.42), reduced total bilirubin (MD = -1.52, 95% CI: -2.25 to -0.78), and lowered gastrointestinal adverse reactions (OR = 0.53, 95% CI: 0.33-0.84).",BACKGROUND: Yi Guan Jian decoction (YGJ) is a well-known traditional Chinese medicine (TCM) formula that has been widely used in the clinical treatment of primary liver cancer (PLC).,2964,,,,not_observed,ai_screened_regex_confirmed
HRS5_ANTICOAGULATION,pubmed:38353592,pubmed,38353592,Fixed- Versus Variable-Dose Prothrombin Complex Concentrate for the Emergent Reversal of Vitamin K Antagonists: A Systematic Review and Meta-Analysis.,"OBJECTIVES: Four-factor prothrombin complex concentrate (4-PCC) is recommended for rapid reversal of vitamin K antagonists (VKAs) such as warfarin, yet optimal dosing remains uncertain. DATA SOURCES: A systematic review was conducted of PubMed, Embase, and Ovid MEDLINE (Wolters Kluwer) databases from January 2000 to August 2023 for clinical studies comparing fixed- vs. variable-dose 4-PCC for emergent VKA reversal with at least one reported clinical outcome. STUDY SELECTION: Abstracts and full texts were assessed independently and in duplicate by two reviewers. DATA EXTRACTION: Data were extracted independently and in duplicate by two reviewers using predefined extraction forms. DATA SYNTHESIS: The analysis comprised three randomized trials and 16 cohort studies comprising a total of 323 participants in randomized trials (161 in fixed dosage and 162 in variable dosage) and 1912 patients in cohort studies (858 in fixed-dose and 1054 in variable dose). Extracranial bleeding was the predominant indication, while intracranial hemorrhage varied. Overall, a fixed-dose regimen may be associated with a lower dose of 4-PCC and results in a reduction in 4-PCC administration time compared with a variable-dose regimen. A fixed-dose regimen also likely results in increased clinical hemostasis. While there is no clear difference between the two regimens in terms of achieving a goal international normalized ratio (INR) less than 2, a fixed-dose regimen is less likely to achieve a goal INR less than 1.5. High certainty evidence indicates that the fixed-dose regimen reduces both mortality and the occurrence of thromboembolic events. Additional subgroup analyses provides exploratory data to guide future studies. CONCLUSIONS: A fixed-dose regimen for 4-PCC administration provides benefits over a variable-dose regimen in terms of dose reduction, faster administration time, improved clinical hemostasis, and reduced mortality and thromboembolic events. Further studies are warranted to better refine the optimal fixed-dose regimen.",,2024,Critical care medicine,Meta-Analysis|Systematic Review|Journal Article,10.1097/ccm.0000000000006212,https://pubmed.ncbi.nlm.nih.gov/38353592/,retain,true,abstract_only,ABSTRACT_SENTENCE_12,"CONCLUSIONS: A fixed-dose regimen for 4-PCC administration provides benefits over a variable-dose regimen in terms of dose reduction, faster administration time, improved clinical hemostasis, and reduced mortality and thromboembolic events.",,"OBJECTIVES: Four-factor prothrombin complex concentrate (4-PCC) is recommended for rapid reversal of vitamin K antagonists (VKAs) such as warfarin, yet optimal dosing remains uncertain. | Extracranial bleeding was the predominant indication, while intracranial hemorrhage varied. | While there is no clear difference between the two regimens in terms of achieving a goal international normalized ratio (INR) less than 2, a fixed-dose regimen is less likely to achieve a goal INR less than 1.5.","CONCLUSIONS: A fixed-dose regimen for 4-PCC administration provides benefits over a variable-dose regimen in terms of dose reduction, faster administration time, improved clinical hemostasis, and reduced mortality and thromboembolic events.","OBJECTIVES: Four-factor prothrombin complex concentrate (4-PCC) is recommended for rapid reversal of vitamin K antagonists (VKAs) such as warfarin, yet optimal dosing remains uncertain.",3297,,,,not_observed,ai_screened_regex_confirmed
HRS5_ANTICOAGULATION,pubmed:39082575,pubmed,39082575,Direct Oral Anticoagulants versus Vitamin K Antagonists for Left Ventricular Thrombus: A Meta-Analysis with Trial Sequential Analysis.,"BACKGROUND: Vitamin K antagonists (VKAs) are the recommended first-line treatment for left ventricular thrombus (LVT); however, direct oral anticoagulants (DOACs) have been considered an alternative therapy. OBJECTIVES: To evaluate the efficacy and safety of DOACs compared with VKAs therapy in patients with LVT. METHODS: PubMed, Embase, and Cochrane were systematically searched for randomized clinical trials or cohort studies that compared DOACs versus VKAs for LVT. Risk ratios (RRs) were computed for binary endpoints, with 95% confidence intervals (95% CIs). Statistical significance was defined as p value < 0.05. RESULTS: A total of 4 randomized clinical trials and 29 cohort studies were included, with 4,450 patients assigned to either DOACs or VKAs. There was no significant difference between groups for stroke or systemic embolic (SSE) events (RR 0.84; 95% CI 0.65 to 1.07; p = 0.157), stroke (RR 0.73; 95% CI 0.48 to 1.11; p = 0.140), systemic embolic (SE) events (RR 0.69; 95% CI 0.40 to 1.17; p = 0.166), thrombus resolution (RR 1.05; 95% CI 0.99 to 1.11; p = 0.077), any bleeding (RR 0.78; 95% CI 0.60 to 1.00; p = 0.054), clinically relevant bleeding (RR 0.69; 95% CI 0.46 to 1.03; p = 0.066), minor bleeding (RR 0.73; 95% CI 0.43 to 1.23; p = 0.234), major bleeding (RR 0.87; 95% CI 0.42 to 1.80; p = 0.705), and all-cause mortality (RR 1.05; 95% CI 0.79 to 1.39; p = 0.752). Compared with VKAs, rivaroxaban significantly reduced SSE events (RR 0.35; 95% CI 0.16 to 0.91; p = 0.029) and SE events (RR 0.39; 95% CI 0.16 to 0.95; p = 0.037). CONCLUSIONS: DOACs had a similar rate of thromboembolic and hemorrhagic events, as well as thrombus resolution, compared to VKAs in the treatment of LVTs. Rivaroxaban therapy had a significant reduction in thromboembolic events, compared to VKAs.",,2024,Arquivos brasileiros de cardiologia,Journal Article|Meta-Analysis|Systematic Review,10.1371/journal.pone.0252549,https://pubmed.ncbi.nlm.nih.gov/39082575/,retain,true,abstract_only,ABSTRACT_SENTENCE_7,"There was no significant difference between groups for stroke or systemic embolic (SSE) events (RR 0.84; 95% CI 0.65 to 1.07; p = 0.157), stroke (RR 0.73; 95% CI 0.48 to 1.11; p = 0.140), systemic embolic (SE) events (RR 0.69; 95% CI 0.40 to 1.17; p = 0.166), thrombus resolution (RR 1.05; 95% CI 0.99 to 1.11; p = 0.077), any bleeding (RR 0.78; 95% CI 0.60 to 1.00; p = 0.054), clinically relevant bleeding (RR 0.69; 95% CI 0.46 to 1.03; p = 0.066), minor bleeding (RR 0.73; 95% CI 0.43 to 1.23; p = 0.234), major bleeding (RR 0.87; 95% CI 0.42 to 1.80; p = 0.705), and all-cause mortality (RR 1.05; 95% CI 0.79 to 1.39; p = 0.752).",,"BACKGROUND: Vitamin K antagonists (VKAs) are the recommended first-line treatment for left ventricular thrombus (LVT); however, direct oral anticoagulants (DOACs) have been considered an alternative therapy. | There was no significant difference between groups for stroke or systemic embolic (SSE) events (RR 0.84; 95% CI 0.65 to 1.07; p = 0.157), stroke (RR 0.73; 95% CI 0.48 to 1.11; p = 0.140), systemic embolic (SE) events (RR 0.69; 95% CI 0.40 to 1.17; p = 0.166), thrombus resolution (RR 1.05; 95% CI 0.99 to 1.11; p = 0.077), any bleeding (RR 0.78; 95% CI 0.60 to 1.00; p = 0.054), clinically relevant bleeding (RR 0.69; 95% CI 0.46 to 1.03; p = 0.066), minor bleeding (RR 0.73; 95% CI 0.43 to 1.23; p = 0.234), major bleeding (RR 0.87; 95% CI 0.42 to 1.80; p = 0.705), and all-cause mortality (RR 1.05; 95% CI 0.79 to 1.39; p = 0.752). | CONCLUSIONS: DOACs had a similar rate of thromboembolic and hemorrhagic events, as well as thrombus resolution, compared to VKAs in the treatment of LVTs.","There was no significant difference between groups for stroke or systemic embolic (SSE) events (RR 0.84; 95% CI 0.65 to 1.07; p = 0.157), stroke (RR 0.73; 95% CI 0.48 to 1.11; p = 0.140), systemic embolic (SE) events (RR 0.69; 95% CI 0.40 to 1.17; p = 0.166), thrombus resolution (RR 1.05; 95% CI 0.99 to 1.11; p = 0.077), any bleeding (RR 0.78; 95% CI 0.60 to 1.00; p = 0.054), clinically relevant bleeding (RR 0.69; 95% CI 0.46 to 1.03; p = 0.066), minor bleeding (RR 0.73; 95% CI 0.43 to 1.23; p = 0.234), major bleeding (RR 0.87; 95% CI 0.42 to 1.80; p = 0.705), and all-cause mortality (RR 1.05; 95% CI 0.79 to 1.39; p = 0.752).","BACKGROUND: Vitamin K antagonists (VKAs) are the recommended first-line treatment for left ventricular thrombus (LVT); however, direct oral anticoagulants (DOACs) have been considered an alternative therapy. | Compared with VKAs, rivaroxaban significantly reduced SSE events (RR 0.35; 95% CI 0.16 to 0.91; p = 0.029) and SE events (RR 0.39; 95% CI 0.16 to 0.95; p = 0.037). | Rivaroxaban therapy had a significant reduction in thromboembolic events, compared to VKAs.",3297,,,,not_observed,ai_screened_regex_confirmed
HRS5_ANTICOAGULATION,pubmed:40634145,pubmed,40634145,Deterioration of renal function is delayed in patients with atrial fibrillation treated with direct oral anticoagulants compared to vitamin K antagonists: systematic review and meta-analysis.,"BACKGROUND: The use of anticoagulants has been linked to anticoagulant-related nephropathy, a condition initially reported in patients treated with warfarin. However, cases have also been documented in patients receiving direct oral anticoagulants (DOACs). We conducted a systematic review and meta-analysis to assess the comparative effect of DOACs versus Vitamin K antagonists (VKAs) in renal function deterioration in atrial fibrillation (AF) population. METHODS: According to the PRISMA reporting guidelines for systematic reviews and meta-analyses, we performed a comprehensive search in PubMed/MEDLINE and EMBASE (via Scopus), focusing on studies in AF patients treated with DOACs or VKAs and assessing their renal function over time. The studied outcomes were ≥30 % eGFR decline, progression to stage five chronic kidney disease (CKD) and doubling of serum creatinine. RESULTS: Among 4566 records, 13 studies with 302,071 patients were included with an overall follow-up period of 701,421.5 patient-years (mean:2.3 years per patient). DOACs were associated with a lower risk of ≥30 % eGFR decline (HR:0.72, 95 %CI:0.59-0.88), progression to stage five CKD (HR:0.49,95 %CI:0.37-0.64) and doubling of serum creatinine (HR:0.50, 95 %CI:0.42-0.61). ≥30 % eGFR decline was also lower when apixaban, dabigatran and rivaroxaban were compared separately to VKAs, (HR:0.81, 95 %CI:0.69-0.95), (HR:0.61, 95 %CI:0.48-0.78) and (HR:0.80, 95 %CI:0.70-0.92) respectively. There was no effect in progression to stage five CKD and doubling of serum creatinine, when apixaban was compared to VKAs. CONCLUSIONS: This systematic review and metanalysis of 13 studies and >300,000 patients with AF followed for an overall period of >700,000 patient-years showed that eGFR decline, progression to stage five CKD and doubling of serum creatinine are delayed in patients treated with DOACs compared to VKAs.",,2025,European journal of internal medicine,Journal Article|Systematic Review|Meta-Analysis,10.1016/j.ejim.2025.07.003,https://pubmed.ncbi.nlm.nih.gov/40634145/,retain,true,abstract_only,ABSTRACT_SENTENCE_7,"DOACs were associated with a lower risk of ≥30 % eGFR decline (HR:0.72, 95 %CI:0.59-0.88), progression to stage five CKD (HR:0.49,95 %CI:0.37-0.64) and doubling of serum creatinine (HR:0.50, 95 %CI:0.42-0.61). ≥30 % eGFR decline was also lower when apixaban, dabigatran and rivaroxaban were compared separately to VKAs, (HR:0.81, 95 %CI:0.69-0.95), (HR:0.61, 95 %CI:0.48-0.78) and (HR:0.80, 95 %CI:0.70-0.92) respectively.","95 % | 49,95 %","BACKGROUND: The use of anticoagulants has been linked to anticoagulant-related nephropathy, a condition initially reported in patients treated with warfarin. | However, cases have also been documented in patients receiving direct oral anticoagulants (DOACs).","DOACs were associated with a lower risk of ≥30 % eGFR decline (HR:0.72, 95 %CI:0.59-0.88), progression to stage five CKD (HR:0.49,95 %CI:0.37-0.64) and doubling of serum creatinine (HR:0.50, 95 %CI:0.42-0.61). ≥30 % eGFR decline was also lower when apixaban, dabigatran and rivaroxaban were compared separately to VKAs, (HR:0.81, 95 %CI:0.69-0.95), (HR:0.61, 95 %CI:0.48-0.78) and (HR:0.80, 95 %CI:0.70-0.92) respectively.","BACKGROUND: The use of anticoagulants has been linked to anticoagulant-related nephropathy, a condition initially reported in patients treated with warfarin. | However, cases have also been documented in patients receiving direct oral anticoagulants (DOACs). | DOACs were associated with a lower risk of ≥30 % eGFR decline (HR:0.72, 95 %CI:0.59-0.88), progression to stage five CKD (HR:0.49,95 %CI:0.37-0.64) and doubling of serum creatinine (HR:0.50, 95 %CI:0.42-0.61). ≥30 % eGFR decline was also lower when apixaban, dabigatran and rivaroxaban were compared separately to VKAs, (HR:0.81, 95 %CI:0.69-0.95), (HR:0.61, 95 %CI:0.48-0.78) and (HR:0.80, 95 %CI:0.70-0.92) respectively.",3232,,,,not_observed,ai_screened_regex_confirmed
HRS5_ANTICOAGULATION,pubmed:34986908,pubmed,34986908,A systematic review of the evidence supporting post-operative antithrombotic use following cardiopulmonary bypass in children with CHD.,"OBJECTIVES: To determine the optimal antithrombotic agent choice, timing of initiation, dosing and duration of therapy for paediatric patients undergoing cardiac surgery with cardiopulmonary bypass. METHODS: We used PubMed and EMBASE to systematically review the existing literature of clinical trials involving antithrombotics following cardiac surgery from 2000 to 2020 in children 0-18 years. Studies were assessed by two reviewers to ensure they met eligibility criteria. RESULTS: We identified 10 studies in 1929 children across three medications classes: vitamin K antagonists, cyclooxygenase inhibitors and indirect thrombin inhibitors. Four studies were retrospective, five were prospective observational cohorts (one of which used historical controls) and one was a prospective, randomised, placebo-controlled, double-blind trial. All included were single-centre studies. Eight studies used surrogate biomarkers and two used clinical endpoints as the primary endpoint. There was substantive variability in response to antithrombotics in the immediate post-operative period. Studies of warfarin and aspirin showed that laboratory monitoring levels were frequently out of therapeutic range (variably defined), and findings were mixed on the association of these derangements with bleeding or thrombotic events. Heparin was found to be safe at low doses, but breakthrough thromboembolic events were common. CONCLUSION: There are few paediatric prospective randomised clinical trials evaluating antithrombotic therapeutics post-cardiac surgery; most studies have been observational and seldom employed clinical endpoints. Standardised, validated endpoints and pragmatic trial designs may allow investigators to determine the optimal drug, timing of initiation, dosing and duration to improve outcomes by limiting post-operative morbidity and mortality related to bleeding or thrombotic events.",,2022,Cardiology in the young,Journal Article|Systematic Review,10.1017/s1047951121005205,https://pubmed.ncbi.nlm.nih.gov/34986908/,retain,true,abstract_only,ABSTRACT_SENTENCE_9,"Studies of warfarin and aspirin showed that laboratory monitoring levels were frequently out of therapeutic range (variably defined), and findings were mixed on the association of these derangements with bleeding or thrombotic events.",,"OBJECTIVES: To determine the optimal antithrombotic agent choice, timing of initiation, dosing and duration of therapy for paediatric patients undergoing cardiac surgery with cardiopulmonary bypass. | METHODS: We used PubMed and EMBASE to systematically review the existing literature of clinical trials involving antithrombotics following cardiac surgery from 2000 to 2020 in children 0-18 years. | RESULTS: We identified 10 studies in 1929 children across three medications classes: vitamin K antagonists, cyclooxygenase inhibitors and indirect thrombin inhibitors.","Studies of warfarin and aspirin showed that laboratory monitoring levels were frequently out of therapeutic range (variably defined), and findings were mixed on the association of these derangements with bleeding or thrombotic events.","Studies of warfarin and aspirin showed that laboratory monitoring levels were frequently out of therapeutic range (variably defined), and findings were mixed on the association of these derangements with bleeding or thrombotic events. | Heparin was found to be safe at low doses, but breakthrough thromboembolic events were common.",3227,,,,not_observed,ai_screened_regex_confirmed
HRS5_ANTICOAGULATION,pubmed:35244208,pubmed,35244208,Anticoagulants for people hospitalised with COVID-19: a rapid review.,"BACKGROUND: The primary manifestation of coronavirus disease 2019 (COVID-19) is respiratory insufficiency that can also be related to diffuse pulmonary microthrombosis and thromboembolic events, such as pulmonary embolism, deep vein thrombosis, or arterial thrombosis. People with COVID-19 who develop thromboembolism have a worse prognosis. Anticoagulants such as heparinoids (heparins or pentasaccharides), vitamin K antagonists and direct anticoagulants are used for the prevention and treatment of venous or arterial thromboembolism. Besides their anticoagulant properties, heparinoids have an additional anti-inflammatory potential. However, the benefit of anticoagulants for people with COVID-19 is still under debate. OBJECTIVES: To assess the benefits and harms of anticoagulants versus active comparator, placebo or no intervention in people hospitalised with COVID-19. SEARCH METHODS: We searched the CENTRAL, MEDLINE, Embase, LILACS and IBECS databases, the Cochrane COVID-19 Study Register and medRxiv preprint database from their inception to 14 April 2021. We also checked the reference lists of any relevant systematic reviews identified, and contacted specialists in the field for additional references to trials. SELECTION CRITERIA: Eligible studies were randomised controlled trials (RCTs), quasi-RCTs, cluster-RCTs and cohort studies that compared prophylactic anticoagulants versus active comparator, placebo or no intervention for the management of people hospitalised with COVID-19. We excluded studies without a comparator group and with a retrospective design (all previously included studies) as we were able to include better study designs. Primary outcomes were all-cause mortality and necessity for additional respiratory support. Secondary outcomes were mortality related to COVID-19, deep vein thrombosis, pulmonary embolism, major bleeding, adverse events, length of hospital stay and quality of life. DATA COLLECTION AND ANALYSIS: We used standard Cochrane methodological procedures. We used Cochrane RoB 1 to assess the risk of bias for RCTs, ROBINS-I to assess risk of bias for non-randomised studies (NRS) and GRADE to assess the certainty of evidence. We meta-analysed data when appropriate. MAIN RESULTS: We included seven studies (16,185 participants) with participants hospitalised with COVID-19, in either intensive care units, hospital wards or emergency departments. Studies were from Brazil (2), Iran (1), Italy (1), and the USA (1), and two involved more than country. The mean age of participants was 55 to 68 years and the follow-up period ranged from 15 to 90 days. The studies assessed the effects of heparinoids, direct anticoagulants or vitamin K antagonists, and reported sparse data or did not report some of our outcomes of interest: necessity for additional respiratory support, mortality related to COVID-19, and quality of life. Higher-dose versus lower-dose anticoagulants (4 RCTs, 4647 participants) Higher-dose anticoagulants result in little or no difference in all-cause mortality (risk ratio (RR) 1.03, 95% CI 0.92 to 1.16, 4489 participants; 4 RCTs) and increase minor bleeding (RR 3.28, 95% CI 1.75 to 6.14, 1196 participants; 3 RCTs) compared to lower-dose anticoagulants up to 30 days (high-certainty evidence). Higher-dose anticoagulants probably reduce pulmonary embolism (RR 0.46, 95% CI 0.31 to 0.70, 4360 participants; 4 RCTs), and slightly increase major bleeding (RR 1.78, 95% CI 1.13 to 2.80, 4400 participants; 4 RCTs) compared to lower-dose anticoagulants up to 30 days (moderate-certainty evidence). Higher-dose anticoagulants may result in little or no difference in deep vein thrombosis (RR 1.08, 95% CI 0.57 to 2.03, 3422 participants; 4 RCTs), stroke (RR 0.91, 95% CI 0.40 to 2.03, 4349 participants; 3 RCTs), major adverse limb events (RR 0.33, 95% CI 0.01 to 7.99, 1176 participants; 2 RCTs), myocardial infarction (RR 0.86, 95% CI 0.48 to 1.55, 4349 participants; 3 RCTs), atrial fibrillation (RR 0.35, 95% CI 0.07 to 1.70, 562 participants; 1 study), or thrombocytopenia (RR 0.94, 95% CI 0.71 to 1.24, 2789 participants; 2 RCTs) compared to lower-dose anticoagulants up to 30 days (low-certainty evidence). It is unclear whether higher-dose anticoagulants have any effect on necessity for additional respiratory support, mortality related to COVID-19, and quality of life (very low-certainty evidence or no data). Anticoagulants versus no treatment (3 prospective NRS, 11,538 participants) Anticoagulants may reduce all-cause mortality but the evidence is very uncertain due to two study results being at critical and serious risk of bias (RR 0.64, 95% CI 0.55 to 0.74, 8395 participants; 3 NRS; very low-certainty evidence). It is uncertain if anticoagulants have any effect on necessity for additional respiratory support, mortality related to COVID-19, deep vein thrombosis, pulmonary embolism, major bleeding, stroke, myocardial infarction and quality of life (very low-certainty evidence or no data). Ongoing studies We found 62 ongoing studies in hospital settings (60 RCTs, 35,470 participants; 2 prospective NRS, 120 participants) in 20 different countries. Thirty-five ongoing studies plan to report mortality and 26 plan to report necessity for additional respiratory support. We expect 58 studies to be completed in December 2021, and four in July 2022. From 60 RCTs, 28 are comparing different doses of anticoagulants, 24 are comparing anticoagulants versus no anticoagulants, seven are comparing different types of anticoagulants, and one did not report detail of the comparator group. AUTHORS' CONCLUSIONS: When compared to a lower-dose regimen, higher-dose anticoagulants result in little to no difference in all-cause mortality and increase minor bleeding in people hospitalised with COVID-19 up to 30 days. Higher-dose anticoagulants possibly reduce pulmonary embolism, slightly increase major bleeding, may result in little to no difference in hospitalisation time, and may result in little to no difference in deep vein thrombosis, stroke, major adverse limb events, myocardial infarction, atrial fibrillation, or thrombocytopenia.  Compared with no treatment, anticoagulants may reduce all-cause mortality but the evidence comes from non-randomised studies and is very uncertain. It is unclear whether anticoagulants have any effect on the remaining outcomes compared to no anticoagulants (very low-certainty evidence or no data). Although we are very confident that new RCTs will not change the effects of different doses of anticoagulants on mortality and minor bleeding, high-quality RCTs are still needed, mainly for the other primary outcome (necessity for additional respiratory support), the comparison with no anticoagulation, when comparing the types of anticoagulants and giving anticoagulants for a prolonged period of time.",,2022,The Cochrane database of systematic reviews,"Journal Article|Research Support, Non-U.S. Gov't|Systematic Review",10.1093/bjs/znab197,https://pubmed.ncbi.nlm.nih.gov/35244208/,retain,true,abstract_only,ABSTRACT_SENTENCE_20,"Higher-dose versus lower-dose anticoagulants (4 RCTs, 4647 participants) Higher-dose anticoagulants result in little or no difference in all-cause mortality (risk ratio (RR) 1.03, 95% CI 0.92 to 1.16, 4489 participants; 4 RCTs) and increase minor bleeding (RR 3.28, 95% CI 1.75 to 6.14, 1196 participants; 3 RCTs) compared to lower-dose anticoagulants up to 30 days (high-certainty evidence).",,"BACKGROUND: The primary manifestation of coronavirus disease 2019 (COVID-19) is respiratory insufficiency that can also be related to diffuse pulmonary microthrombosis and thromboembolic events, such as pulmonary embolism, deep vein thrombosis, or arterial thrombosis. | People with COVID-19 who develop thromboembolism have a worse prognosis. | Anticoagulants such as heparinoids (heparins or pentasaccharides), vitamin K antagonists and direct anticoagulants are used for the prevention and treatment of venous or arterial thromboembolism.","Higher-dose versus lower-dose anticoagulants (4 RCTs, 4647 participants) Higher-dose anticoagulants result in little or no difference in all-cause mortality (risk ratio (RR) 1.03, 95% CI 0.92 to 1.16, 4489 participants; 4 RCTs) and increase minor bleeding (RR 3.28, 95% CI 1.75 to 6.14, 1196 participants; 3 RCTs) compared to lower-dose anticoagulants up to 30 days (high-certainty evidence).","Anticoagulants such as heparinoids (heparins or pentasaccharides), vitamin K antagonists and direct anticoagulants are used for the prevention and treatment of venous or arterial thromboembolism. | Besides their anticoagulant properties, heparinoids have an additional anti-inflammatory potential. | However, the benefit of anticoagulants for people with COVID-19 is still under debate.",3227,,,,not_observed,ai_screened_regex_confirmed
HRS5_ANTICOAGULATION,pubmed:38772568,pubmed,38772568,Efficacy and Safety of Direct Oral Anticoagulants in Cerebral Venous Thrombosis: Meta-Analysis of Randomized Clinical Trials.,"Current guidelines recommend the standard-of-care anticoagulation (vitamin K antagonists or low-molecular-weight heparin) in patients with cerebral venous thrombosis (CVT). Herein, we performed a meta-analysis of randomized clinical trials (RCTs) to assess the efficacy and safety of direct oral anticoagulants (DOACs) compared with the current standard of care in patients with CVT. We systematically searched the PubMed and Embase databases up to December 2023 to identify clinical trials on the effect of DOACs in patients with CVT. A Mantel-Haenszel fixed effects model was applied, and the effect measures were expressed as the absolute risk differences (RDs) and 95% confidence intervals (CIs). A total of 4 RCTs involving 270 participants were included. In the pooled analysis, DOACs and standard of care had low incidence rates of recurrent VTE and all-cause death, and similar rates of any recanalization (78.2% vs 83.2%; RD = -4%, 95%CI:-14% to 5%) and complete recanalization (60.9% vs 69.4%; RD = -7%, 95%CI:-24% to 10%). Compared with the standard of care, DOACs had non-significant reductions in the rates of major bleeding (1.2% vs 2.4%; RD = -1%, 95%CI: -6% to 3%), intracranial hemorrhage (1.9% vs 3.6%; RD = -2%, 95%CI:-7% to 3%), clinically relevant non-major bleeding (3.8% vs 7.4%; RD = -4%, 95%CI:-9% to 2%), and any bleeding (17.3% vs 21.4%; RD = -4%, 95%CI:-16% to 8%) in patients with CVT. DOACs and standard of care showed similar efficacy and safety profiles for the treatment of CVT. DOACs might be safe and a convenient alternative to vitamin K antagonists for thromboprophylaxis in patients with CVT.",,2024,Clinical and applied thrombosis/hemostasis : official journal of the International Academy of Clinical and Applied Thrombosis/Hemostasis,Journal Article|Meta-Analysis|Systematic Review,10.1177/10760296241256360,https://pubmed.ncbi.nlm.nih.gov/38772568/,retain,true,abstract_only,ABSTRACT_SENTENCE_7,"Compared with the standard of care, DOACs had non-significant reductions in the rates of major bleeding (1.2% vs 2.4%; RD = -1%, 95%CI: -6% to 3%), intracranial hemorrhage (1.9% vs 3.6%; RD = -2%, 95%CI:-7% to 3%), clinically relevant non-major bleeding (3.8% vs 7.4%; RD = -4%, 95%CI:-9% to 2%), and any bleeding (17.3% vs 21.4%; RD = -4%, 95%CI:-16% to 8%) in patients with CVT.",95%,"Current guidelines recommend the standard-of-care anticoagulation (vitamin K antagonists or low-molecular-weight heparin) in patients with cerebral venous thrombosis (CVT). | Herein, we performed a meta-analysis of randomized clinical trials (RCTs) to assess the efficacy and safety of direct oral anticoagulants (DOACs) compared with the current standard of care in patients with CVT. | Compared with the standard of care, DOACs had non-significant reductions in the rates of major bleeding (1.2% vs 2.4%; RD = -1%, 95%CI: -6% to 3%), intracranial hemorrhage (1.9% vs 3.6%; RD = -2%, 95%CI:-7% to 3%), clinically relevant non-major bleeding (3.8% vs 7.4%; RD = -4%, 95%CI:-9% to 2%), and any bleeding (17.3% vs 21.4%; RD = -4%, 95%CI:-16% to 8%) in patients with CVT.","Compared with the standard of care, DOACs had non-significant reductions in the rates of major bleeding (1.2% vs 2.4%; RD = -1%, 95%CI: -6% to 3%), intracranial hemorrhage (1.9% vs 3.6%; RD = -2%, 95%CI:-7% to 3%), clinically relevant non-major bleeding (3.8% vs 7.4%; RD = -4%, 95%CI:-9% to 2%), and any bleeding (17.3% vs 21.4%; RD = -4%, 95%CI:-16% to 8%) in patients with CVT.","Current guidelines recommend the standard-of-care anticoagulation (vitamin K antagonists or low-molecular-weight heparin) in patients with cerebral venous thrombosis (CVT). | Herein, we performed a meta-analysis of randomized clinical trials (RCTs) to assess the efficacy and safety of direct oral anticoagulants (DOACs) compared with the current standard of care in patients with CVT.",3197,,,,not_observed,ai_screened_regex_confirmed
HRS5_ANTICOAGULATION,pubmed:38299639,pubmed,38299639,Non-immunosuppressive treatment for IgA nephropathy.,"BACKGROUND: IgA nephropathy (IgAN) is the most common primary glomerular disease, with approximately 20% to 40% of patients progressing to kidney failure within 25 years. Non-immunosuppressive treatment has become a mainstay in the management of IgAN by improving blood pressure (BP) management, decreasing proteinuria, and avoiding the risks of long-term immunosuppressive management. Due to the slowly progressive nature of the disease, clinical trials are often underpowered, and conflicting information about management with non-immunosuppressive treatment is common. This is an update of a Cochrane review, first published in 2011. OBJECTIVES: To assess the benefits and harms of non-immunosuppressive treatment for treating IgAN in adults and children. We aimed to examine all non-immunosuppressive therapies (e.g. anticoagulants, antihypertensives, dietary restriction and supplementation, tonsillectomy, and herbal medicines) in the management of IgAN. SEARCH METHODS: We searched the Cochrane Kidney and Transplant Register of Studies up to December 2023 through contact with the Information Specialist using search terms relevant to this review. Studies in the Register are identified through searches of CENTRAL, MEDLINE, EMBASE, conference proceedings, the International Clinical Trials Registry Platform (ICTRP) Search Portal and ClinicalTrials.gov. SELECTION CRITERIA: Randomised controlled trials (RCTs) and quasi-RCTs of non-immunosuppressive agents in adults and children with biopsy-proven IgAN were included. DATA COLLECTION AND ANALYSIS: Two authors independently reviewed search results, extracted data and assessed study quality. Results were expressed as mean differences (MD) for continuous outcomes and risk ratios (RR) for dichotomous outcomes with 95% confidence intervals (CI) using random-effects meta-analysis. Confidence in the evidence was assessed using the Grading of Recommendations Assessment, Development and Evaluation (GRADE) approach. MAIN RESULTS: This review includes 80 studies (4856 participants), of which 24 new studies (2018 participants) were included in this review update. The risk of bias within the included studies was mostly high or unclear for many of the assessed methodological domains, with poor reporting of important key clinical trial methods in most studies. Antihypertensive therapies were the most examined non-immunosuppressive therapy (37 studies, 1799 participants). Compared to placebo or no treatment, renin-angiotensin system (RAS) inhibition probably decreases proteinuria (3 studies, 199 participants: MD - 0.71 g/24 h, 95% CI -1.04 to -0.39; moderate certainty evidence) but may result in little or no difference to kidney failure or doubling of serum creatinine (SCr), or complete remission of proteinuria (low certainty evidence). Death, remission of haematuria, relapse of proteinuria or > 50% increase in SCr were not reported. Compared to symptomatic treatment, RAS inhibition (3 studies, 168 participants) probably decreases proteinuria (MD -1.16 g/24 h, 95% CI -1.52 to -0.81) and SCr (MD -9.37 µmol/L, 95% CI -71.95 to -6.80) and probably increases creatinine clearance (2 studies, 127 participants: MD 23.26 mL/min, 95% CI 10.40 to 36.12) (all moderate certainty evidence); however, the risk of kidney failure is uncertain (1 study, 34 participants: RR 0.20, 95% CI 0.01 to 3.88; very low certainty evidence). Death, remission of proteinuria or haematuria, or relapse of proteinuria were not reported. The risk of adverse events may be no different with RAS inhibition compared to either placebo or symptomatic treatment (low certainty evidence). In low certainty evidence, tonsillectomy in people with IgAN in addition to standard care may increase remission of proteinuria compared to standard care alone (2 studies, 143 participants: RR 1.90, 95% CI 1.45 to 2.47) and remission of microscopic haematuria (2 studies, 143 participants: RR 1.93, 95% CI 1.47 to 2.53) and may decrease relapse of proteinuria (1 study, 73 participants: RR 0.70, 95% CI 0.57 to 0.85) and relapse of haematuria (1 study, 72 participants: RR 0.70, 95% CI 0.51 to 0.98). Death, kidney failure and a > 50% increase in SCr were not reported. These trials have only been conducted in Japanese people with IgAN, and the findings' generalisability is unclear. Anticoagulant therapy, fish oil, and traditional Chinese medicines exhibited small benefits to kidney function in patients with IgAN when compared to placebo or no treatment. However, compared to standard care, the kidney function benefits are no longer evident. Antimalarial therapy compared to placebo in one study reported an increase in a > 50% reduction of proteinuria (53 participants: RR 3.13 g/24 h, 95% CI 1.17 to 8.36; low certainty evidence). Although, there was uncertainty regarding adverse events from this study due to very few events. AUTHORS' CONCLUSIONS: Available RCTs focused on a diverse range of interventions. They were few, small, and of insufficient duration to determine potential long-term benefits on important kidney and cardiovascular outcomes and harms of treatment. Antihypertensive agents appear to be the most beneficial non-immunosuppressive intervention for IgAN. The antihypertensives examined were predominantly angiotensin-converting enzyme inhibitors or angiotensin receptor blockers. The benefits of RAS inhibition appear to outweigh the harms in patients with IgAN. The certainty of the evidence of RCTs demonstrating a benefit of tonsillectomy to patients with Japanese patients with IgAN was low. In addition, these findings are inconsistent across observational studies in people with IgAN of other ethnicities; hence, tonsillectomy is not widely recommended, given the potential harm of therapy. The RCT evidence is insufficiently robust to demonstrate efficacy for the other non-immunosuppressive treatments evaluated here.",,2024,The Cochrane database of systematic reviews,Journal Article|Meta-Analysis|Systematic Review,10.1002/14651858.cd003962,https://pubmed.ncbi.nlm.nih.gov/38299639/,retain,true,abstract_only,ABSTRACT_SENTENCE_16,"Compared to placebo or no treatment, renin-angiotensin system (RAS) inhibition probably decreases proteinuria (3 studies, 199 participants: MD - 0.71 g/24 h, 95% CI -1.04 to -0.39; moderate certainty evidence) but may result in little or no difference to kidney failure or doubling of serum creatinine (SCr), or complete remission of proteinuria (low certainty evidence).",0.71 g | 1.16 g | 23.26 mL | 3.13 g,"We aimed to examine all non-immunosuppressive therapies (e.g. anticoagulants, antihypertensives, dietary restriction and supplementation, tonsillectomy, and herbal medicines) in the management of IgAN. | The risk of adverse events may be no different with RAS inhibition compared to either placebo or symptomatic treatment (low certainty evidence). | Anticoagulant therapy, fish oil, and traditional Chinese medicines exhibited small benefits to kidney function in patients with IgAN when compared to placebo or no treatment.","Compared to placebo or no treatment, renin-angiotensin system (RAS) inhibition probably decreases proteinuria (3 studies, 199 participants: MD - 0.71 g/24 h, 95% CI -1.04 to -0.39; moderate certainty evidence) but may result in little or no difference to kidney failure or doubling of serum creatinine (SCr), or complete remission of proteinuria (low certainty evidence).","We aimed to examine all non-immunosuppressive therapies (e.g. anticoagulants, antihypertensives, dietary restriction and supplementation, tonsillectomy, and herbal medicines) in the management of IgAN. | Anticoagulant therapy, fish oil, and traditional Chinese medicines exhibited small benefits to kidney function in patients with IgAN when compared to placebo or no treatment.",3196,,,,not_observed,ai_screened_regex_confirmed
HRS5_ANTICOAGULATION,pubmed:33813916,pubmed,33813916,Safety and Efficacy of Non-Vitamin K Oral Anticoagulant Use Early After Cardiac Surgery: A Systematic Review.,"OBJECTIVE: To determine the safety and efficacy of non-vitamin K oral anticoagulants (NOACs) initiated early after cardiac surgery. DATA SOURCES: Cochrane Central Register of Controlled Trials, EMBASE, and MEDLINE (database inception to January 20, 2021), www.clinicaltrials.gov, www.who.int/ictrp/search/en/, NOAC trial registries, and bibliographies of relevant guidelines and other reviews were used. STUDY SELECTION AND DATA EXTRACTION: Observational studies and randomized controlled trials (RCTs) that initiated NOACs within the index hospitalization and that reported bleeding for the primary outcome were included. DATA SYNTHESIS: A total of 6 cohort studies, 1 RCT, and 3 ongoing RCTs were included. Most studies were single-centered, limited to postoperative atrial fibrillation after coronary artery bypass grafting, and with 30-day follow-up; few studies included patients with isolated bioprosthetic valve replacement or valve repair. Bleeding risk varied (0%-28.6%), and all but one study showed no significantly higher risk with NOAC compared with warfarin. RELEVANCE TO PATIENT CARE AND CLINICAL PRACTICE: Overall, NOACs were used in 26% to 37.5% of patients early after cardiac surgery. Starting a NOAC on postoperative day 4 appeared to have similar bleeding rates compared with warfarin, but clinical application is limited by heterogeneity of outcome definitions, confounding, and bias. Compared with warfarin, NOACs may have similar thromboembolism risk, reduced length of stay, and cost. CONCLUSIONS: There is limited evidence to guide NOAC use early after cardiac surgery. Three ongoing randomized trials will add to the literature and provide guidance for clinicians on whether, in whom, when, and how to use NOACs safely early after cardiac surgery.",,2021,The Annals of pharmacotherapy,Journal Article|Systematic Review,10.1177/10600280211006830,https://pubmed.ncbi.nlm.nih.gov/33813916/,retain,true,abstract_only,ABSTRACT_SENTENCE_8,"Starting a NOAC on postoperative day 4 appeared to have similar bleeding rates compared with warfarin, but clinical application is limited by heterogeneity of outcome definitions, confounding, and bias.",,"OBJECTIVE: To determine the safety and efficacy of non-vitamin K oral anticoagulants (NOACs) initiated early after cardiac surgery. | STUDY SELECTION AND DATA EXTRACTION: Observational studies and randomized controlled trials (RCTs) that initiated NOACs within the index hospitalization and that reported bleeding for the primary outcome were included. | Bleeding risk varied (0%-28.6%), and all but one study showed no significantly higher risk with NOAC compared with warfarin.","Starting a NOAC on postoperative day 4 appeared to have similar bleeding rates compared with warfarin, but clinical application is limited by heterogeneity of outcome definitions, confounding, and bias.","OBJECTIVE: To determine the safety and efficacy of non-vitamin K oral anticoagulants (NOACs) initiated early after cardiac surgery. | Bleeding risk varied (0%-28.6%), and all but one study showed no significantly higher risk with NOAC compared with warfarin. | Starting a NOAC on postoperative day 4 appeared to have similar bleeding rates compared with warfarin, but clinical application is limited by heterogeneity of outcome definitions, confounding, and bias.",3192,,,,not_observed,ai_screened_regex_confirmed
HRS5_ANTICOAGULATION,pubmed:32333493,pubmed,32333493,Fatal intracranial haemorrhage occurring after oral anticoagulant treatment initiation for secondary stroke prevention in patients with atrial fibrillation.,"BACKGROUND AND PURPOSE: In this pooled analysis of seven multicentre cohorts potential differences were investigated in the incidence, characteristics and outcomes between intracranial haemorrhages (ICHs) associated with the use of non-vitamin K antagonist oral anticoagulants (NOAC-ICH) or with vitamin K antagonists (VKA-ICH) in ischaemic stroke patients after oral anticoagulant treatment initiation for atrial fibrillation (AF). METHODS: Data from 4912 eligible AF patients who were admitted in a stroke unit with ischaemic stroke or transient ischaemic attack and who were treated with either VKAs or NOACs within 3 months post-stroke were included. Fatal ICH was defined as death occurring during the first 30 days after ICH onset. A meta-analysis of available observational studies reporting 30-day mortality rates from NOAC-ICH or VKA-ICH onset was additionally performed. RESULTS: During 5970 patient-years of follow-up 71 participants had an ICH, of whom 20 were NOAC-ICH and 51 VKA-ICH. Patients in the two groups had comparable baseline characteristics, except for the higher prevalence of kidney disease in VKA-ICH patients. There was a non-significant higher number of fatal ICH in patients with VKAs (11 events per 3385 patient-years) than in those with NOACs (three events per 2623 patient-years; hazard ratio 0.32, 95% confidence interval 0.09-1.14). Three-month functional outcomes were similar (P > 0.2) in the two groups. The meta-analysis showed a lower 30-day mortality risk for patients with NOAC-ICH compared to VKA-ICH (relative risk 0.70, 95% confidence interval 0.51-0.95). CONCLUSIONS: Non-vitamin K oral anticoagulants for intracranial haemorrhages and VKA-ICH occurring during secondary stroke prevention of AF patients have comparable baseline characteristics and outcomes except for the risk of fatal ICH within 30 days, which might be greater in VKA-ICH.",,2020,European journal of neurology,Journal Article|Meta-Analysis,10.1111/ene.14280,https://pubmed.ncbi.nlm.nih.gov/32333493/,retain,true,abstract_only,ABSTRACT_SENTENCE_10,"CONCLUSIONS: Non-vitamin K oral anticoagulants for intracranial haemorrhages and VKA-ICH occurring during secondary stroke prevention of AF patients have comparable baseline characteristics and outcomes except for the risk of fatal ICH within 30 days, which might be greater in VKA-ICH.",,"BACKGROUND AND PURPOSE: In this pooled analysis of seven multicentre cohorts potential differences were investigated in the incidence, characteristics and outcomes between intracranial haemorrhages (ICHs) associated with the use of non-vitamin K antagonist oral anticoagulants (NOAC-ICH) or with vitamin K antagonists (VKA-ICH) in ischaemic stroke patients after oral anticoagulant treatment initiation for atrial fibrillation (AF). | CONCLUSIONS: Non-vitamin K oral anticoagulants for intracranial haemorrhages and VKA-ICH occurring during secondary stroke prevention of AF patients have comparable baseline characteristics and outcomes except for the risk of fatal ICH within 30 days, which might be greater in VKA-ICH.","CONCLUSIONS: Non-vitamin K oral anticoagulants for intracranial haemorrhages and VKA-ICH occurring during secondary stroke prevention of AF patients have comparable baseline characteristics and outcomes except for the risk of fatal ICH within 30 days, which might be greater in VKA-ICH.","BACKGROUND AND PURPOSE: In this pooled analysis of seven multicentre cohorts potential differences were investigated in the incidence, characteristics and outcomes between intracranial haemorrhages (ICHs) associated with the use of non-vitamin K antagonist oral anticoagulants (NOAC-ICH) or with vitamin K antagonists (VKA-ICH) in ischaemic stroke patients after oral anticoagulant treatment initiation for atrial fibrillation (AF). | CONCLUSIONS: Non-vitamin K oral anticoagulants for intracranial haemorrhages and VKA-ICH occurring during secondary stroke prevention of AF patients have comparable baseline characteristics and outcomes except for the risk of fatal ICH within 30 days, which might be greater in VKA-ICH.",3157,,,,not_observed,ai_screened_regex_confirmed
HRS5_ANTICOAGULATION,pubmed:28151543,pubmed,28151543,Prediction of major and clinically relevant bleeding in patients with VTE treated with edoxaban or vitamin K antagonists.,"Better understanding of risk factors for major bleeding events during anticoagulant treatment for venous thromboembolism (VTE) may help physicians when deciding on intensity and duration of treatment. The primary aim of this study was to identify risk factors for major and clinically relevant bleeding in patients receiving the oral factor Xa inhibitor edoxaban or warfarin for the treatment of acute VTE. We analysed data from 8240 patients who received ≥1 dose of study drug in the Hokusai-VTE study. Bleeding risk factors were evaluated in 4118 patients who received edoxaban and significant variables were combined in a prediction model. We used the C-statistic to estimate model discrimination and bootstrap techniques for internal validation. Major bleeding occurred in 56/4118 (1.4 %) patients given edoxaban and in 66/4122 (1.6 %) patients given warfarin. Clinically relevant bleeding occurred in 349 (8.5 %) and 423 (10.3 %), respectively. Significant risk factors for major bleeding during edoxaban treatment were female sex, concomitant antiplatelet therapy, haemoglobin ≤10 g/dl, history of arterial hypertension, and systolic blood pressure >160 mmHg. The discrimination of the model was high (C-statistic: 0.71) for major bleeding, lower for clinically relevant bleeding (C-statistic: 0.62) and when the model was applied to patients receiving warfarin (C-statistic 0.60). In conclusion, we identified five main predictors of major bleeding in patients receiving edoxaban for the treatment of acute VTE. A risk model based on these factors predicted an increased risk of bleeding with good discrimination.",,2017,Thrombosis and haemostasis,"Clinical Trial, Phase III|Comparative Study|Journal Article|Multicenter Study|Randomized Controlled Trial|Research Support, Non-U.S. Gov't",10.1160/th16-11-0830,https://pubmed.ncbi.nlm.nih.gov/28151543/,retain,true,abstract_only,ABSTRACT_SENTENCE_8,"Significant risk factors for major bleeding during edoxaban treatment were female sex, concomitant antiplatelet therapy, haemoglobin ≤10 g/dl, history of arterial hypertension, and systolic blood pressure >160 mmHg.",10 g/d,Better understanding of risk factors for major bleeding events during anticoagulant treatment for venous thromboembolism (VTE) may help physicians when deciding on intensity and duration of treatment. | The primary aim of this study was to identify risk factors for major and clinically relevant bleeding in patients receiving the oral factor Xa inhibitor edoxaban or warfarin for the treatment of acute VTE. | Bleeding risk factors were evaluated in 4118 patients who received edoxaban and significant variables were combined in a prediction model.,"Significant risk factors for major bleeding during edoxaban treatment were female sex, concomitant antiplatelet therapy, haemoglobin ≤10 g/dl, history of arterial hypertension, and systolic blood pressure >160 mmHg.",Better understanding of risk factors for major bleeding events during anticoagulant treatment for venous thromboembolism (VTE) may help physicians when deciding on intensity and duration of treatment. | The primary aim of this study was to identify risk factors for major and clinically relevant bleeding in patients receiving the oral factor Xa inhibitor edoxaban or warfarin for the treatment of acute VTE. | Major bleeding occurred in 56/4118 (1.4 %) patients given edoxaban and in 66/4122 (1.6 %) patients given warfarin.,3152,,,,not_observed,ai_screened_regex_confirmed
HRS5_ANTICOAGULATION,pubmed:33759649,pubmed,33759649,Efficacy and safety of non-vitamin K antagonist oral anticoagulants combined with antiplatelet drugs for patients with peripheral artery disease: A systematic review and meta-analysis of randomized controlled trials.,"BACKGROUND: The efficacy and safety of non-vitamin K antagonist oral anticoagulants (NOACs) combined with antiplatelet drugs in patients with peripheral artery disease remain largely unknown. OBJECTIVE: The aim of this meta-analysis was to explore the effects of NOACs combined with antiplatelet drugs versus antiplatelet drugs alone in this population. METHODS: A comprehensive search of randomized controlled trials published in PubMed, EMBASE, Web of Science, and the Cochrane Library in 30 September 2020 and before. According to the I2 statistic, a random or fixed-effect model was used to analyze the safety and effectiveness of NOACs combined with antiplatelet drugs in peripheral artery disease patients. RESULTS: Three RCTs met the inclusion criteria, with a total sample size of 11,761 participants. Compared with antiplatelet drugs alone, NOACs combined with antiplatelet drugs resulted in lower risk of ischemic stroke events (OR = 0.75, 95%CI 0.57-0.98, p = 0.03), while other treatment effects were not worse than those of single antiplatelet drugs (p ≥ 0.05). In addition, although compared with single antiplatelet drugs alone, NOACs combined with antiplatelet drugs had a higher risk of major bleeding and clinically related nonmajor bleeding, their risk was not higher for intracranial hemorrhage, which may endanger the life of patients, or for fatal bleeding. CONCLUSIONS: In summary, for peripheral artery disease patients, a combination of NOACs plus antiplatelet drugs may offer additional benefit in reducing ischemic stroke outcome, yet it may increase the risk of bleeding.",,2022,Vascular,Journal Article|Meta-Analysis|Systematic Review,10.1177/17085381211003694,https://pubmed.ncbi.nlm.nih.gov/33759649/,retain,true,abstract_only,ABSTRACT_SENTENCE_6,"Compared with antiplatelet drugs alone, NOACs combined with antiplatelet drugs resulted in lower risk of ischemic stroke events (OR = 0.75, 95%CI 0.57-0.98, p = 0.03), while other treatment effects were not worse than those of single antiplatelet drugs (p ≥ 0.05).",95%,"BACKGROUND: The efficacy and safety of non-vitamin K antagonist oral anticoagulants (NOACs) combined with antiplatelet drugs in patients with peripheral artery disease remain largely unknown. | OBJECTIVE: The aim of this meta-analysis was to explore the effects of NOACs combined with antiplatelet drugs versus antiplatelet drugs alone in this population. | According to the I2 statistic, a random or fixed-effect model was used to analyze the safety and effectiveness of NOACs combined with antiplatelet drugs in peripheral artery disease patients.","Compared with antiplatelet drugs alone, NOACs combined with antiplatelet drugs resulted in lower risk of ischemic stroke events (OR = 0.75, 95%CI 0.57-0.98, p = 0.03), while other treatment effects were not worse than those of single antiplatelet drugs (p ≥ 0.05).",BACKGROUND: The efficacy and safety of non-vitamin K antagonist oral anticoagulants (NOACs) combined with antiplatelet drugs in patients with peripheral artery disease remain largely unknown.,3127,,,,not_observed,ai_screened_regex_confirmed
HRS5_ANTICOAGULATION,pubmed:35783817,pubmed,35783817,An Updated Meta-Analysis of DOACs vs. VKAs in Atrial Fibrillation Patients With Bioprosthetic Heart Valve.,"BACKGROUND: Current guidelines recommend the utilization of direct-acting oral anticoagulants (DOACs) in patients with non-valvular atrial fibrillation (AF). However, the optimal anticoagulation strategy for AF patients with bioprosthetic heart valves (BPHV) remains controversial. Therefore, we conducted this meta-analysis to explore the effect of DOACs versus vitamin K antagonists (VKAs) in this population. METHODS: We systematically searched the PubMed and Embase databases until November 2021 for studies reporting the effect of DOACs versus VKAs in AF patients with BPHV. Adjusted risk ratios (RRs) and 95% confidence intervals (CIs) were pooled using the random-effects model with an inverse variance method. RESULTS: We selected four randomized clinical trials and seven observational studies (2236 DOAC- and 6403 VKAs-users). Regarding the effectiveness outcomes, there were no significant differences between DOACs and VKAs in stroke or systemic embolism (RR = 0.74, 95%CI: 0.50-1.08), ischemic stroke (RR = 1.08, 95%CI: 0.76-1.55), all-cause death (RR = 0.98, 95%CI: 0.86-1.12), and cardiovascular death (RR = 0.85, 95%CI: 0.40-1.80). In terms of the safety outcomes, DOACs was associated with lower risks of major bleeding (RR = 0.70, 95%CI: 0.59-0.82) and intracranial bleeding (RR = 0.42, 95%CI: 0.26-0.70), but the risks of any bleeding (RR = 0.85, 95%CI: 0.65-1.13) and gastrointestinal bleeding (RR = 0.92, 95%CI: 0.73-1.17) are not significantly different when compared with VKAs. The subgroup analysis with follow-up as a covariate revealed that the DOACs had lower risks of SSE (RR = 0.59, 95%CI: 0.37-0.94) and major bleeding (RR = 0.69, 95%CI: 0.58-0.81) in patients with a mean follow-up of more than 24 months, but no statistical differences were found in patients with the follow-up less than 24 months (SSE: RR = 1.10, 95%CI: 0.92-1.32; major bleeding: RR = 0.91, 95%CI: 0.42-2.01). CONCLUSIONS: In AF with BPHV, patients on DOACs experienced a reduced risk of major bleeding and intracranial bleeding compared with VKAs, while the risks of stroke, cardiovascular death, and all-cause mortality were similar.",,2022,Frontiers in cardiovascular medicine,Systematic Review|Journal Article,10.1016/j.jtcvs.2021.07.034,https://pubmed.ncbi.nlm.nih.gov/35783817/,retain,true,abstract_only,ABSTRACT_SENTENCE_8,"In terms of the safety outcomes, DOACs was associated with lower risks of major bleeding (RR = 0.70, 95%CI: 0.59-0.82) and intracranial bleeding (RR = 0.42, 95%CI: 0.26-0.70), but the risks of any bleeding (RR = 0.85, 95%CI: 0.65-1.13) and gastrointestinal bleeding (RR = 0.92, 95%CI: 0.73-1.17) are not significantly different when compared with VKAs.",95%,"BACKGROUND: Current guidelines recommend the utilization of direct-acting oral anticoagulants (DOACs) in patients with non-valvular atrial fibrillation (AF). | However, the optimal anticoagulation strategy for AF patients with bioprosthetic heart valves (BPHV) remains controversial. | In terms of the safety outcomes, DOACs was associated with lower risks of major bleeding (RR = 0.70, 95%CI: 0.59-0.82) and intracranial bleeding (RR = 0.42, 95%CI: 0.26-0.70), but the risks of any bleeding (RR = 0.85, 95%CI: 0.65-1.13) and gastrointestinal bleeding (RR = 0.92, 95%CI: 0.73-1.17) are not significantly different when compared with VKAs.","In terms of the safety outcomes, DOACs was associated with lower risks of major bleeding (RR = 0.70, 95%CI: 0.59-0.82) and intracranial bleeding (RR = 0.42, 95%CI: 0.26-0.70), but the risks of any bleeding (RR = 0.85, 95%CI: 0.65-1.13) and gastrointestinal bleeding (RR = 0.92, 95%CI: 0.73-1.17) are not significantly different when compared with VKAs.","BACKGROUND: Current guidelines recommend the utilization of direct-acting oral anticoagulants (DOACs) in patients with non-valvular atrial fibrillation (AF). | However, the optimal anticoagulation strategy for AF patients with bioprosthetic heart valves (BPHV) remains controversial.",3127,,,,not_observed,ai_screened_regex_confirmed
HRS5_ANTICOAGULATION,pubmed:31168416,pubmed,31168416,Management of thrombotic and obstetric antiphospholipid syndrome: a systematic literature review informing the EULAR recommendations for the management of antiphospholipid syndrome in adults.,"OBJECTIVE: To perform a systematic literature review (SLR) informing the European Lmmendations for the management of antiphospholipid syndrome (APS) in adults. METHODS: A SLR through January 2018 was performed. Research questions were constructed using the Patient, Intervention, Comparator, Outcome (PICO) format. We included data from articles that reported on each relevant intervention. Summary effect estimates were calculated for direct comparison studies that matched the PICO question exactly, and for studies with the relevant intervention and comparator. When meta-analyses were available, we used these estimates. RESULTS: From 7534 retrieved articles (+15 from hand searches), 188 articles were included in the review. In individuals with high-risk antiphospholipid antibody (aPL) profile without prior thrombotic or obstetric APS, two meta-analyses showed a protective effect of low-dose aspirin (LDA) against thrombosis. Two randomised controlled trials (RCTs) and three cohort studies showed no additional benefit of treatment with vitamin K antagonists at target international normalised ratio (INR) 3-4 versus INR 2-3 in patients with venous thrombosis. In patients with arterial thrombosis, two RCTs and two cohort studies showed no difference in risk of recurrent thrombosis between the two target INR groups. One open-label trial showed higher rates of thrombosis recurrences in triple aPL-positive patients treated with rivaroxaban than those treated with warfarin. RCTs and cohort studies showed that combination treatment with LDA and heparin was more effective than LDA alone in several types of obstetric APS. SLR results were limited by the indirect evidence and the heterogeneity of patient groups for some treatments, and only a few high-quality RCTs. CONCLUSION: Well-designed studies of homogeneous APS patient populations are needed.",,2019,RMD open,"Journal Article|Meta-Analysis|Research Support, N.I.H., Intramural|Research Support, Non-U.S. Gov't|Systematic Review",10.1136/annrheumdis-2016-209770,https://pubmed.ncbi.nlm.nih.gov/31168416/,retain,true,abstract_only,ABSTRACT_SENTENCE_8,"In individuals with high-risk antiphospholipid antibody (aPL) profile without prior thrombotic or obstetric APS, two meta-analyses showed a protective effect of low-dose aspirin (LDA) against thrombosis.",,"In individuals with high-risk antiphospholipid antibody (aPL) profile without prior thrombotic or obstetric APS, two meta-analyses showed a protective effect of low-dose aspirin (LDA) against thrombosis. | Two randomised controlled trials (RCTs) and three cohort studies showed no additional benefit of treatment with vitamin K antagonists at target international normalised ratio (INR) 3-4 versus INR 2-3 in patients with venous thrombosis. | In patients with arterial thrombosis, two RCTs and two cohort studies showed no difference in risk of recurrent thrombosis between the two target INR groups.","In individuals with high-risk antiphospholipid antibody (aPL) profile without prior thrombotic or obstetric APS, two meta-analyses showed a protective effect of low-dose aspirin (LDA) against thrombosis.",One open-label trial showed higher rates of thrombosis recurrences in triple aPL-positive patients treated with rivaroxaban than those treated with warfarin. | RCTs and cohort studies showed that combination treatment with LDA and heparin was more effective than LDA alone in several types of obstetric APS.,3122,,,,not_observed,ai_screened_regex_confirmed
HRS5_ANTICOAGULATION,pubmed:25700621,pubmed,25700621,"Clinical safety, tolerability, pharmacokinetics and pharmacodynamics of the novel factor Xa inhibitor DY-807f in healthy volunteers.","INTRODUCTION: Since Vitamin K antagonists are associated with various limitations such as narrow therapeutic window, slow onset and offset of effect, and numerous interactions with food and drugs, new oral anticoagulants targeted to inhibit thrombin or factor Xa (FXa) have been developed. DY-807f is a highly selective, reversible and orally bioavailable FXa inhibitor. OBJECTIVES: This article describes a first-in-human study to evaluate the safety, tolerability, pharmacokinetics and pharmacodynamics of single ascending oral doses of the novel direct FXa inhibitor DY-807f in healthy males. METHODS: a placebo-controlled, single-blinded, randomized, single ascending dose study with 84 subjects (10, 30, 60, 120, 240, and 360 mg). Effects of food and formulation (tablet vs solution) on bioavailability of 60 mg were also assessed as a crossover design. RESULTS: DY-807f doses were safe and well-tolerated with no dose-dependent increase in adverse events up to 360 mg. Pharmacokinetics profiles were consistent across doses with rapid absorption, biphasic elimination, and terminal elimination half-life of 10.5 to 12.4 hours. Coagulation parameters (Activated Partial Thromboplastin Time (aPTT) and Prothrombin Time (PT)) were linearly correlated with plasma DY-807 (free base of DY-807f) concentrations (correlation coefficient: 0.786 for aPTT, 0.945 for PT). CONCLUSIONS: Single doses of DY-807f are safe and well-tolerated up to 360 mg with predictable pharmacokinetic and pharmacodynamic profiles.",,2015,Thrombosis research,"Clinical Trial, Phase I|Journal Article|Randomized Controlled Trial|Research Support, Non-U.S. Gov't",10.1016/j.thromres.2014.12.028,https://pubmed.ncbi.nlm.nih.gov/25700621/,retain,true,abstract_only,ABSTRACT_SENTENCE_6,RESULTS: DY-807f doses were safe and well-tolerated with no dose-dependent increase in adverse events up to 360 mg.,360 mg | 60 mg,"INTRODUCTION: Since Vitamin K antagonists are associated with various limitations such as narrow therapeutic window, slow onset and offset of effect, and numerous interactions with food and drugs, new oral anticoagulants targeted to inhibit thrombin or factor Xa (FXa) have been developed. | RESULTS: DY-807f doses were safe and well-tolerated with no dose-dependent increase in adverse events up to 360 mg. | Coagulation parameters (Activated Partial Thromboplastin Time (aPTT) and Prothrombin Time (PT)) were linearly correlated with plasma DY-807 (free base of DY-807f) concentrations (correlation coefficient: 0.786 for aPTT, 0.945 for PT).",RESULTS: DY-807f doses were safe and well-tolerated with no dose-dependent increase in adverse events up to 360 mg.,"INTRODUCTION: Since Vitamin K antagonists are associated with various limitations such as narrow therapeutic window, slow onset and offset of effect, and numerous interactions with food and drugs, new oral anticoagulants targeted to inhibit thrombin or factor Xa (FXa) have been developed.",3082,,,,not_observed,ai_screened_regex_confirmed
HRS5_ANTICOAGULATION,pubmed:24760401,pubmed,24760401,Phase 1 study of the effect of icosapent ethyl on warfarin pharmacokinetic and anticoagulation parameters.,"BACKGROUND AND OBJECTIVE: Icosapent ethyl (IPE) is a high-purity prescription form of eicosapentaenoic acid (EPA) ethyl ester approved to reduce triglyceride levels in patients with severe (≥5.65 mmol/L) hypertriglyceridemia. EPA, the active metabolite of IPE, is mainly metabolized via β-oxidation, and studies suggest that omega-3 fatty acids such as EPA may have antithrombotic effects. The objective of this study was to evaluate the effect of IPE on the pharmacokinetic and anticoagulation pharmacodynamics of warfarin, a substrate of cytochrome P450 2C9-mediated metabolism. METHODS: Healthy adults received oral warfarin (25 mg) on day 1, oral IPE (4 g/day) on days 8-35, and co-administration on Day 29. Primary pharmacokinetic end points were area under the concentration-versus-time curve from zero to infinity (AUC(0-∞)) and maximum plasma concentration (C(max)) for R- and S-warfarin; pharmacodynamic end points were area under the international normalized ratio (INR) effect-time curve after the warfarin dose (AUC(INR)) and maximum INR (INR(max)). RESULTS: Twenty-five subjects completed the study. AUC(0-∞) and C max ratios of geometric means for both R- and S-warfarin following co-administration of warfarin with versus without IPE were within the 90 % confidence intervals of 0.80-1.25. AUC(INR), INR(max), and ratios were also similar. CONCLUSIONS: IPE 4 g/day did not significantly change the single-dose AUC(0-∞) or C(max) of R- and S-warfarin or the anticoagulation pharmacodynamics of warfarin when co-administered as racemic warfarin at 25 mg. Co-administration of these drugs was safe and well tolerated in this study of healthy adult subjects.",,2014,Clinical drug investigation,"Clinical Trial, Phase I|Journal Article|Randomized Controlled Trial|Research Support, Non-U.S. Gov't",10.1007/s40261-014-0194-1,https://pubmed.ncbi.nlm.nih.gov/24760401/,retain,true,abstract_only,ABSTRACT_SENTENCE_9,CONCLUSIONS: IPE 4 g/day did not significantly change the single-dose AUC(0-∞) or C(max) of R- and S-warfarin or the anticoagulation pharmacodynamics of warfarin when co-administered as racemic warfarin at 25 mg.,5.65 mmol | 25 mg | 4 g/d,"EPA, the active metabolite of IPE, is mainly metabolized via β-oxidation, and studies suggest that omega-3 fatty acids such as EPA may have antithrombotic effects. | The objective of this study was to evaluate the effect of IPE on the pharmacokinetic and anticoagulation pharmacodynamics of warfarin, a substrate of cytochrome P450 2C9-mediated metabolism. | Primary pharmacokinetic end points were area under the concentration-versus-time curve from zero to infinity (AUC(0-∞)) and maximum plasma concentration (C(max)) for R- and S-warfarin; pharmacodynamic end points were area under the international normalized ratio (INR) effect-time curve after the warfarin dose (AUC(INR)) and maximum INR (INR(max)).",CONCLUSIONS: IPE 4 g/day did not significantly change the single-dose AUC(0-∞) or C(max) of R- and S-warfarin or the anticoagulation pharmacodynamics of warfarin when co-administered as racemic warfarin at 25 mg.,"The objective of this study was to evaluate the effect of IPE on the pharmacokinetic and anticoagulation pharmacodynamics of warfarin, a substrate of cytochrome P450 2C9-mediated metabolism. | METHODS: Healthy adults received oral warfarin (25 mg) on day 1, oral IPE (4 g/day) on days 8-35, and co-administration on Day 29. | Primary pharmacokinetic end points were area under the concentration-versus-time curve from zero to infinity (AUC(0-∞)) and maximum plasma concentration (C(max)) for R- and S-warfarin; pharmacodynamic end points were area under the international normalized ratio (INR) effect-time curve after the warfarin dose (AUC(INR)) and maximum INR (INR(max)).",3047,,,,not_observed,ai_screened_regex_confirmed
