sample_id,record_id,question_id,title,abstract,source,evidence_basis,P,I,C,O,S
v3ref-0001,pubmed:31994568,HRS3_PREGNANCY,A pregnancy complication-dependent change in SIgA-targeted microbiota during third trimester.,"Gut microbiota play a crucial role in metabolic dysfunction during gestation, which might be prevented by using probiotics. This study compared the composition of the gut microbiota in healthy and complicated pregnancies, for screening and isolating healthy pregnancy-derived probiotics. According to the principal component analysis of secretory immunoglobulin A (SIgA)-coated microbiota in the gut, third-trimester volunteers can be divided into three groups: AHd (n = 29), GDMd (n = 37), and GHd (n = 25), dominated by asymptomatic healthy donors (62.07%), gestational diabetes mellitus (GDM) donors (40.54%), and gestational hypertension (GH) donors (40%), respectively. There was a significant difference in β-diversity (p < 0.01) and α-diversity (p < 0.05) among the three groups. At the phylum level, the Firmicutes of the GHd group were significantly lower than those of the AHd group (p = 0.039), while Bacteroidetes (p = 0.005) and Proteobacteria (p = 0.002) of the GHd group were more dominant than those of the AHd group. At the genus level, the linear discriminant analysis effect size showed that SIgA-targeted Enterococcus was the dominant taxonomic biomarker of the AHd group, and the GHd group was enriched with Escherichia and Streptococcus. The GDMd and GHd groups had higher faecal calprotectin, serum lipopolysaccharide, zonulin, and GLYCAM-1 levels. We conclude that the occurrence of complications in the third trimester may be related to intestinal barrier injury associated with disorders of the intestinal SIgA-targeted microbiota; gut barrier injury triggers inflammation in pregnant women. SIgA-targeted L. reuteri showed a significant correlation with low inflammatory response and may be a potential probiotic candidate for preventing pregnancy complications.",pubmed,abstract,임신부와 태아 또는 신생아,임신 중 식이보충제 또는 허브 보충제 노출,"비노출, 위약 또는 통상 산전관리","산모 독성, 임신 합병증, 선천성 이상, 태아·신생아 이상반응","무작위시험, 임신 코호트, 환자-대조군, 등록자료 연구, 증례군, 체계적 고찰"
v3ref-0002,pubmed:30149482,HRS3_PREGNANCY,"Natural drugs, not so natural effects: Neonatal abstinence syndrome secondary to 'kratom'.","BACKGROUND: Mitragyna speciosa, also known as kratom, is obtained from the coffee plant family 'Rubiaceae.' Kratom is available in the form of capsules, whole, processed and powdered leaves, and as liquids. Secondary to its 'natural herb' status and opioid effects, it is misconceived to be a safe alternative for the treatment of chronic pain. The use of kratom has increased by tenfold in the United States since 2010.
METHODS AND RESULTS: We report a term neonate who was born to a chronic kratom user and required treatment with opiates for neonatal drug withdrawal.
CONCLUSION: Physicians should be aware of these herbal supplements and its potential withdrawal effects in newborn which cannot be picked up by the standard toxicology screen.",pubmed,abstract,임신부와 태아 또는 신생아,임신 중 식이보충제 또는 허브 보충제 노출,"비노출, 위약 또는 통상 산전관리","산모 독성, 임신 합병증, 선천성 이상, 태아·신생아 이상반응","무작위시험, 임신 코호트, 환자-대조군, 등록자료 연구, 증례군, 체계적 고찰"
v3ref-0003,pubmed:37706365,HRS4_LIVER_DISEASE,A food product as a potential serious cause of liver injury.,"INTRODUCTION: Drug-induced liver injury can be challenging to diagnose, as it can develop following the use of many prescription and nonprescription medications, herbals, and dietary supplements. Food products may not be routinely considered as a potential cause of hepatotoxicity. We describe the clinical features of two cases of acute liver injury following consumption of a smoothie product.
CASE PRESENTATIONS: Two patients independently presented to the hospital with epigastric pain and acute liver injury. Both patients had consumed a new smoothie product in the same month that they presented to the hospital, with a recurrence of acute liver injury with further consumption. A diagnosis of drug-induced liver injury was established after the evaluation excluded other causes of liver injury. It was thought that a natural ingredient in the smoothie, tara flour, was the cause of hepatotoxicity based on prior news reports. Both patients stopped drinking the smoothie product with subsequent normalization of liver enzyme activities and no further recurrence of epigastric pain.
CONCLUSION: The diagnosis of drug-induced liver injury largely relies on a compatible history and exclusion of other causes of liver injury. We demonstrate the importance of considering new food products in the differential diagnosis of acute liver injury.",pubmed,abstract,기존 간질환이 있는 성인 또는 소아 환자,식이보충제 또는 허브 보충제 노출,비노출 또는 통상 관리,"약인성 간손상, 간기능 악화, 간부전, 입원","코호트, 환자-대조군, 약물감시 연구, 증례군, 체계적 고찰"
v3ref-0004,pubmed:22943726,HRS3_PREGNANCY,Severe liver dysfunction during nausea and vomiting of pregnancy: folic acid supplement as a suggested culprit.,,pubmed,title_only,임신부와 태아 또는 신생아,임신 중 식이보충제 또는 허브 보충제 노출,"비노출, 위약 또는 통상 산전관리","산모 독성, 임신 합병증, 선천성 이상, 태아·신생아 이상반응","무작위시험, 임신 코호트, 환자-대조군, 등록자료 연구, 증례군, 체계적 고찰"
v3ref-0005,pubmed:40381110,HRS2_KIDNEY_DISEASE,Anti-sarcopenic effect of leucine-enriched branched-chain amino acid supplementation among elderly chronic kidney disease patients: a double-blinded randomized controlled trial.,"BACKGROUND: Leucine, a branched-chain amino acid (BCAA), is an effective nutritional strategy to enhance skeletal muscle mass in aging populations. This study aimed to evaluate the effects of oral leucine-enriched BCAA supplementation on muscle mass, muscle synthesis biomarkers, and physical performance in elderly patients with chronic kidney disease (CKD).
METHODS: A randomized controlled trial was conducted among CKD patients aged over 65 years. The participants were randomly assigned to receive either oral mixed BCAA supplementation (60% leucine, 4.5 g/day; 20% valine, 1.5 g/day; 20% isoleucine, 1.5 g/day) (N = 29) or a placebo (N = 26) for 12 weeks. Muscle mass, serum insulin-like growth factor 1 (IGF-1), and myostatin levels were measured at baseline and after 12 weeks. A 3-day food record was reviewed by a dietitian, and functional capacity was assessed using handgrip and 6-min walk tests.
RESULTS: Fifty-five patients (mean age 75.4 ± 5.2 years) were enrolled. Daily protein and calorie intake were comparable between groups. At study conclusion, lean muscle mass significantly increased in the leucine group compared to placebo (0.4 kg [95% CI 0.1-0.7] vs. - 0.2 kg [95% CI - 0.6-0.2], P = 0.010). A significant difference in the percentage change in muscle mass was also observed (1.0 ± 1.8% vs. - 0.5 ± 2.6%, P = 0.014). No significant differences were found in muscle strength, serum myostatin, IGF-1, or adverse events.
CONCLUSIONS: Leucine-enriched BCAA supplementation for 12 weeks significantly increased muscle mass but did not impact biomarkers of muscle activity or functional capacity in elderly CKD patients.
CLINICAL TRIAL REGISTRATION: TCTR20200314003.",pubmed,abstract,만성콩팥병 또는 투석 환자,"비처방 비타민, 무기질 또는 허브 보충제 노출","비노출, 위약 또는 통상 관리","고칼륨혈증, 고칼슘혈증, 신독성, 심혈관 이상반응","무작위시험, 코호트, 환자-대조군, 약물감시 연구, 증례군, 체계적 고찰"
v3ref-0006,pubmed:40555541,HRS4_LIVER_DISEASE,Rare association between hepatotoxicity and sideroblastic anaemia after taking Garcinia cambogia-based dietary supplement.,"We report a rare case of lead poisoning after taking a dietary supplement which was bought online. A woman in her 60s presented with symptomatic anaemia and hepatitis for 2 weeks. Bone marrow examination showed sideroblastic anaemia and subsequent blood tests confirmed lead poisoning. She was successfully treated with a course of the chelating agent succimer. Further history and investigations showed that she had taken a Garcinia cambogia (GC)-based multi-ingredients dietary supplement in the form of capsules for weight reduction and that the lead content within the capsules was very high. Our case illustrates that hepatotoxicity can be associated with the use of dietary supplements. Moreover, blood lead levels should be checked when there is associated sideroblastic anaemia.",pubmed,abstract,기존 간질환이 있는 성인 또는 소아 환자,식이보충제 또는 허브 보충제 노출,비노출 또는 통상 관리,"약인성 간손상, 간기능 악화, 간부전, 입원","코호트, 환자-대조군, 약물감시 연구, 증례군, 체계적 고찰"
v3ref-0007,pubmed:33731638,HRS1_PERIOPERATIVE,Antithrombin Supplementation May Not Decrease Heparin Requirements nor Diminish the Prevalence of Bleeding and/or Thrombosis in Adult Patients on Venovenous Extracorporeal Membrane Oxygenation: Enough Evidence for a Definitive Banning Order?,,pubmed,title_only,수술 또는 침습적 시술을 받는 성인,수술 전 식이보충제 또는 허브 보충제 노출,"비노출, 중단, 또는 통상 수술주위 관리","출혈, 수혈, 마취 상호작용, 수술주위 합병증","무작위시험, 코호트, 환자-대조군, 단면연구, 증례군, 체계적 고찰"
v3ref-0008,pubmed:16187178,HRS4_LIVER_DISEASE,Herbal medicines for liver diseases.,"Herbal medicines have been used in the treatment of liver diseases for a long time. A number of herbal preparations are available in the market. This article reviews four commonly used herbal preparations: (1) Phyllanthus, (2) Silybum marianum (milk thistle), (3) glycyrrhizin (licorice root extract), and (4) Liv 52 (mixture of herbs). Phyllanthus has a positive effect on clearance of HBV markers and there are no major adverse effects; there are no data from randomized controlled trials on clinically relevant outcomes, such as progression of chronic hepatitis to cirrhosis and/or liver cancer, and on survival. Silymarin does not reduce mortality and does not improve biochemistry and histology among patients with chronic liver disease; however, it appears to be safe and well tolerated. Stronger neominophagen C (SNMC) is a Japanese preparation that contains 0.2% glycyrrhizin, 0.1% cysteine, and 2% glyceine. SNMC does not have antiviral properties; it primarily acts as an anti-inflammatory or cytoprotective drug. It improves mortality in patients with subacute liver failure and improves liver functions in patients with subacute hepatic failure, chronic hepatitis, and cirrhosis with activity. SNMC does not reduce mortality among patients with cirrhosis with activity. SNMC may prevent the development of hepatocellular carcinoma in patients with chronic hepatitis C, however, prospective data are lacking. Liv 52, an Ayurvedic hepatoprotective agent, is not useful in the management of alcohol-induced liver disease. Standardization of herbal medicines has been a problem and prospective, randomized, placebo-controlled clinical trials are lacking to support their efficacy. The methodological qualities of clinical trials of treatment with herbal preparations are poor. The efficacy of these herbal preparations need to be evaluated in rigorously designed, larger randomized, double-blind, placebo-controlled multicenter trials.",pubmed,abstract,기존 간질환이 있는 성인 또는 소아 환자,식이보충제 또는 허브 보충제 노출,비노출 또는 통상 관리,"약인성 간손상, 간기능 악화, 간부전, 입원","코호트, 환자-대조군, 약물감시 연구, 증례군, 체계적 고찰"
v3ref-0009,pubmed:11902035,HRS4_LIVER_DISEASE,Dietary supplement. Is kava safe?,,pubmed,title_only,기존 간질환이 있는 성인 또는 소아 환자,식이보충제 또는 허브 보충제 노출,비노출 또는 통상 관리,"약인성 간손상, 간기능 악화, 간부전, 입원","코호트, 환자-대조군, 약물감시 연구, 증례군, 체계적 고찰"
v3ref-0010,pubmed:9089914,HRS3_PREGNANCY,Isihlambezo: utilization patterns and potential health effects of pregnancy-related traditional herbal medicine.,"Isihlambezo is a herbal decoction used by many Zulu women in South Africa as a preventative health tonic during pregnancy. Though the practice is cited by ethnographers and medical practitioners, few studies have focused on specific elements of isihlambezo use and preparation. Moreover, though some evidence exists suggesting negative effects of its ingestion, the maternal-fetal health impact and toxicity of isihlambezo have not been adequately studied. We examined two aspects of this traditional antenatal health practice: (1) the potential impact of urbanization and access to Western clinic-based care on popularity and utilization patterns of isihlambezo, and (2) the potential maternal-fetal health effects of its use. Interviews were conducted among rural and urban women in clinic and non-clinic settings regarding socio-behavioral aspects of isihlambezo use. The pharmacology of certain plant ingredients of isihlambezo was investigated through laboratory assays, literature review, and interviews with traditional healers. There were significant differences by area of interview in nearly all aspects of isihlambezo use examined. Though isihlambezo was most popular among urbanites and clinic non-attenders, it was considered an important antenatal health care alternative by the majority of women surveyed. Mixing traditional and clinic-based antenatal care was also strongly advocated. Pharmacological analysis suggested the possibility of both therapeutic and harmful consequences of isihlambezo. It was suggested that the following factors might contribute the popularity of isihlambezo among urban women: high cost and inferior quality of clinic care, use of isihlambezo as a means of adapting to urbanization-related stress, and socio-cultural transition.",pubmed,abstract,임신부와 태아 또는 신생아,임신 중 식이보충제 또는 허브 보충제 노출,"비노출, 위약 또는 통상 산전관리","산모 독성, 임신 합병증, 선천성 이상, 태아·신생아 이상반응","무작위시험, 임신 코호트, 환자-대조군, 등록자료 연구, 증례군, 체계적 고찰"
v3ref-0011,pubmed:23262963,HRS3_PREGNANCY,ACOG Committee opinion no. 549: obesity in pregnancy.,"In the United States, more than one third of women are obese, more than one half of pregnant women are overweight or obese, and 8% of reproductive-aged women are extremely obese, putting them at a greater risk of pregnancy complications. Therefore, preconception assessment and counseling are strongly encouraged for obese women and should include the provision of specific information concerning the maternal and fetal risks of obesity in pregnancy, as well as encouragement to undertake a weight-reduction program. At the initial prenatal visit, height and weight should be recorded for all women to allow calculation of body mass index (calculated as weight in kilograms divided by height in meters squared), and recommendations for appropriate weight gain should be reviewed at the initial visit and periodically throughout pregnancy. Nutrition consultation should be offered to all overweight or obese women, and they should be encouraged to follow an exercise program. Pregnant women who have undergone bariatric surgery should be evaluated for nutritional deficiencies and the need for vitamin supplementation when indicated. Obese patients undergoing cesarean delivery may require thromboprophylaxis with pneumatic compression devices and unfractionated heparin or low molecular weight heparin. For all obese patients, anesthesiology consultation early in labor should be considered, and consultation with weight-reduction specialists before attempting another pregnancy should be encouraged.",pubmed,abstract,임신부와 태아 또는 신생아,임신 중 식이보충제 또는 허브 보충제 노출,"비노출, 위약 또는 통상 산전관리","산모 독성, 임신 합병증, 선천성 이상, 태아·신생아 이상반응","무작위시험, 임신 코호트, 환자-대조군, 등록자료 연구, 증례군, 체계적 고찰"
v3ref-0012,pubmed:29779028,HRS2_KIDNEY_DISEASE,Dietary Changes Involving Bifidobacterium longum and Other Nutrients Delays Chronic Kidney Disease Progression.,"BACKGROUND: Recent studies suggest that prebiotic and/or probiotic treatments ameliorate kidney function in humans and animals by improving the gut environment. However, the gut microbiota and kidney disease interactions remain to be determined. This study investigated whether synbiotics modulate the gut microbiota and ameliorate kidney function using a rat model of chronic kidney disease (CKD). As uremic toxins are associated with CKD-related mineral and bone disorder, the secondary aim was to evaluate the relationship between synbiotics and secondary hyperparathyroidism (SHPT).
METHODS: 5/6 nephrectomy (Nx) rats were developed as the CKD model. Sham-operated (sham) rats were used as the control. To investigate the effectiveness of prebiotics (glutamine, dietary fiber, and oligosaccharide) and probiotics (Bifidobacterium longum strain; GFOB diet), rats were randomly assigned to 4 groups: Nx group fed the GFOB diet (n = 10); Nx group fed the control (CON) diet (n = 10); sham group fed the GFOB diet (n = 5); and sham group fed the control diet (n = 5). Blood, feces, and kidney samples were collected and analyzed.
RESULTS: Serum creatinine (Cre) and blood urea nitrogen in the Nx GFOB group were significantly lower than those in the Nx CON group. Serum indoxyl sulfate in the Nx GFOB group was lower than that in the Nx CON group, and significantly correlated with serum Cre. Inorganic phosphorus and intact parathyroid hormone in the Nx GFOB group were significantly lower than those in the Nx CON group.
CONCLUSION: Improving the gut environment using synbiotics ameliorated kidney function and might be a pharmacological treatment for SHPT without any serious adverse events.",pubmed,abstract,만성콩팥병 또는 투석 환자,"비처방 비타민, 무기질 또는 허브 보충제 노출","비노출, 위약 또는 통상 관리","고칼륨혈증, 고칼슘혈증, 신독성, 심혈관 이상반응","무작위시험, 코호트, 환자-대조군, 약물감시 연구, 증례군, 체계적 고찰"
v3ref-0013,pubmed:29749323,HRS4_LIVER_DISEASE,"Effects of Delta-tocotrienol Supplementation on Liver Enzymes, Inflammation, Oxidative stress and Hepatic Steatosis in Patients with Nonalcoholic Fatty Liver Disease.","BACKGROUND/AIMS: Non-alcoholic fatty liver disease (NAFLD) is a growing public health problem worldwide and is associated with increased morbidity and mortality. Currently, there is no definitive treatment for this disease. δ-Tocotrienol has potent anti-inflammatory and antioxidant properties and may reduce liver injury in NAFLD. The present study aims to evaluate the efficacy and safety of δ-tocotrienol in the treatment of NAFLD.
MATERIALS AND METHODS: The present study was a randomized, double-blind, placebo-controlled pilot study conducted in patients aged > 20 years, belonging to both sexes, having ultrasound-proven fatty liver disease, having a fatty liver index (FLI) of ≥ 60, and persistent elevation of alanine transaminase. A total of 71 patients were assigned to receive either oral δ-tocotrienol (n=35, 300 mg twice daily) or placebo (n=36) for 12 weeks. At the baseline and at the end of the study, clinical and biochemical parameters, including lipid profile, liver function tests, high-sensitivity C-reactive protein (hs-CRP), and malondialdehyde (MDA) were measured. Body mass index and FLI were calculated, and ultrasound grading of hepatic steatosis was performed.
RESULTS: Out of 71 enrolled patients, 64 patients, 31 in the δ-tocotrienol group and 33 in the placebo group, completed the study. After 12 weeks of supplementation, δ-tocotrienol showed greater efficacy than placebo by decreasing serum aminotransferases, hs-CRP, MDA, and FLI score (p<0.001). However, it did not improve hepatic steatosis on ultrasound examination. No adverse effects were reported.
CONCLUSION: δ-Tocotrienol was safe, and it effectively improved aminotransferase levels and inflammatory and oxidative stress markers in patients with NAFLD. Large-scale randomized clinical trials are warranted to further support these findings.",pubmed,abstract,기존 간질환이 있는 성인 또는 소아 환자,식이보충제 또는 허브 보충제 노출,비노출 또는 통상 관리,"약인성 간손상, 간기능 악화, 간부전, 입원","코호트, 환자-대조군, 약물감시 연구, 증례군, 체계적 고찰"
v3ref-0014,pubmed:37208493,HRS4_LIVER_DISEASE,Clinical characteristics and prognosis of non-APAP drug-induced acute liver failure: a large multicenter cohort study.,"BACKGROUND: There is growing recognition of natural history, complications, and outcomes of patients who develop non-acetaminophen (APAP) drug-induced acute liver failure (ALF). To clarify high-risk factors and develop a nomogram model to predict transplant-free survival (TFS) in patients with non-APAP drug-induced ALF.
METHODS: Patients with non-APAP drug-induced ALF from 5 participating centers were retrospectively analyzed. The primary endpoint was 21-day TFS. Total sample size was 482 patients.
RESULTS: Regarding causative agents, the most common implicated drugs were herbal and dietary supplements (HDS) (57.0%). The hepatocellular type (R ≥ 5) was the main liver injury pattern (69.0%). International normalized ratio, hepatic encephalopathy grades, the use of vasopressor, N-acetylcysteine, or artificial liver support system were associated with TFS and incorporated to construct a nomogram model (drug-induced acute liver failure-5, DIALF-5). The AUROC of DIALF-5 for 7-day, 21-day, 60-day, and 90-day TFS in the internal cohort were 0.886, 0.915, 0.920, and 0.912, respectively. Moreover, the AUROC of DIALF-5 for 21-day TFS had the highest AUROC, which was significantly higher than 0.725 of MELD and 0.519 of KCC (p < 0.05), numerically higher than 0.905 of ALFSG-PI but without statistical difference (p > 0.05). These results were successfully validated in the external cohort (147 patients).
CONCLUSIONS: Based on easily identifiable clinical data, the novel DIALF-5 model was developed to predict transplant-free survival in non-APAP drug-induced ALF, which was superior to KCC, MELD and had a similar prediction performance to ALFSG-PI but is more convenient, which can directly calculate TFS at multiple time points.",pubmed,abstract,기존 간질환이 있는 성인 또는 소아 환자,식이보충제 또는 허브 보충제 노출,비노출 또는 통상 관리,"약인성 간손상, 간기능 악화, 간부전, 입원","코호트, 환자-대조군, 약물감시 연구, 증례군, 체계적 고찰"
v3ref-0015,pubmed:19032721,HRS4_LIVER_DISEASE,Causality assessment in hepatotoxicity by drugs and dietary supplements.,"Structured causality assessment of hepatotoxicity by drugs and dietary supplements (DDS) is a major clinical challenge, since temporal associations as the sole criteria for a valid evaluation are not acceptable. Initially, a clear intuition for an ad hoc evaluation is necessary, but only provisional, and must be followed by a diagnostic algorithm using a pretest, main test and post test. The evaluation is based on a variety of items such as latency period, course of alanine aminotransferase and alkaline phosphatase after DDS discontinuation, risk factors, co-medication, previous information on hepatotoxicity of the DDS, response to rechallenge, and exclusion of other diseases. It is essential that practising and hospital physicians as well as other key health professionals, such as pharmacists, gather all information required for a sound causality assessment, obviating major discussions by expert panels, manufacturers and health agencies in face of scanty and fragmentary data. Because pharmacogenetic alterations may trigger metabolic hepatotoxicity by a few DDS, levels in plasma and urine should be measured and may be helpful for diagnosis. Concomitant genotyping of cytochrome P450 and other enzymes may also be useful in future to minimize the risk of unwanted side-effects, including toxic liver disease elicited by DDS.",pubmed,abstract,기존 간질환이 있는 성인 또는 소아 환자,식이보충제 또는 허브 보충제 노출,비노출 또는 통상 관리,"약인성 간손상, 간기능 악화, 간부전, 입원","코호트, 환자-대조군, 약물감시 연구, 증례군, 체계적 고찰"
v3ref-0016,pubmed:39077939,HRS3_PREGNANCY,Vitamin D supplementation for women during pregnancy.,"BACKGROUND: Vitamin D supplementation during pregnancy may help improve maternal and neonatal health outcomes (such as fewer preterm birth and low birthweight babies) and reduce the risk of adverse pregnancy outcomes (such as severe postpartum haemorrhage).
OBJECTIVES: To examine whether vitamin D supplementation alone or in combination with calcium or other vitamins and minerals given to women during pregnancy can safely improve certain maternal and neonatal outcomes.
SEARCH METHODS: We searched the Cochrane Pregnancy and Childbirth Trials Register (which includes results of comprehensive searches of CENTRAL, MEDLINE, Embase, CINAHL, ClinicalTrials.gov, the WHO International Clinical Trials Registry Platform, and relevant conference proceedings) (3 December 2022). We also searched the reference lists of retrieved studies.
SELECTION CRITERIA: Randomised and quasi-randomised trials evaluating the effect of supplementation with vitamin D alone or in combination with other micronutrients for women during pregnancy in comparison to placebo or no intervention.
DATA COLLECTION AND ANALYSIS: Two review authors independently i) assessed the eligibility of studies against the inclusion criteria, ii) assessed trustworthiness based on pre-defined criteria of scientific integrity, iii) extracted data from included studies, and iv) assessed the risk of bias of the included studies. We assessed the certainty of the evidence using the GRADE approach.
MAIN RESULTS: The previous version of this review included 30 studies; in this update, we have removed 20 of these studies to 'awaiting classification' following assessments of trustworthiness, one study has been excluded, and one new study included. This current review has a total of 10 included studies, 117 excluded studies, 34 studies in awaiting assessment, and seven ongoing studies. We used the GRADE approach to assess the certainty of the evidence. This removal of the studies resulted in evidence that was downgraded to low-certainty or very low-certainty due to study design limitations, inconsistency between studies, and imprecision. Supplementation with vitamin D compared to no intervention or a placebo A total of eight studies involving 2313 pregnant women were included in this comparison. We assessed four studies as having a low risk of bias for most domains and four studies as having high risk or unclear risk of bias for most domains. The evidence is very uncertain about the effect of supplementation with vitamin D during pregnancy compared to placebo or no intervention on pre-eclampsia (risk ratio (RR) 0.53, 95% confidence interval (CI) 0.21 to 1.33; 1 study, 165 women), gestational diabetes (RR 0.53, 95% CI 0.03 to 8.28; 1 study, 165 women), preterm birth (< 37 weeks) (RR 0.76, 95% CI 0.25 to 2.33; 3 studies, 1368 women), nephritic syndrome (RR 0.17, 95% CI 0.01 to 4.06; 1 study, 135 women), or hypercalcaemia (1 study; no cases reported). Supplementation with vitamin D during pregnancy may reduce the risk of severe postpartum haemorrhage; however, only one study reported this outcome (RR 0.68, 95% CI 0.51 to 0.91; 1 study, 1134 women; low-certainty evidence) and may reduce the risk of low birthweight; however, the upper CI suggests that an increase in risk cannot be ruled out (RR 0.69, 95% CI 0.44 to 1.08; 3 studies, 371 infants; low-certainty evidence). Supplementation with vitamin D + calcium compared to no intervention or a placebo One study involving 84 pregnant women was included in this comparison. Overall, this study was at moderate to high risk of bias. Pre-eclampsia, gestational diabetes, and maternal adverse events were not reported. The evidence is very uncertain about the effect of supplementation with vitamin D and calcium on preterm birth (RR not estimable; very low-certainty evidence) or for low birthweight (RR 1.45, 95% CI 0.14 to 14.94; very low-certainty evidence) compared to women who received placebo or no intervention. Supplementation with vitamin D + calcium + other vitamins and minerals versus calcium + other vitamins and minerals (but no vitamin D) One study involving 1298 pregnant women was included in this comparison. We assessed this study as having a low risk of bias in all domains. Pre-eclampsia was not reported. The evidence is very uncertain about the effect of supplementation with vitamin D, calcium, and other vitamins and minerals during pregnancy compared to no vitamin D on gestational diabetes (RR 0.42, 95% CI 0.10 to 1.73; very low-certainty evidence), maternal adverse events (hypercalcaemia no events and hypercalciuria RR 0.25, 95% CI 0.02 to 3.97; very low-certainty evidence), preterm birth (RR 1.04, 95% CI 0.68 to 1.59; low-certainty evidence), or low birthweight (RR 1.12, 95% CI 0.82 to 1.51; low-certainty evidence).
AUTHORS' CONCLUSIONS: This updated review using the trustworthy assessment tool removed 21 studies from the previous update and added one new study for a total of 10 included studies. In this setting, supplementation with vitamin D alone compared to no intervention or a placebo resulted in very uncertain evidence on pre-eclampsia, gestational diabetes, preterm birth, or nephritic syndrome. It may reduce the risk of severe postpartum haemorrhage; however, only one study reported this outcome. It may also reduce the risk of low birthweight; however, the upper CI suggests that an increase in risk cannot be ruled out. Supplementation with vitamin D and calcium versus placebo or no intervention resulted in very uncertain evidence on preterm birth and low birthweight. Pre-eclampsia, gestational diabetes, and maternal adverse events were not reported in the only study included in this comparison. Supplementation with vitamin D + calcium + other vitamins and minerals versus calcium + other vitamins and minerals (but no vitamin D) resulted in very uncertain evidence on gestational diabetes and maternal adverse events (hypercalciuria) and uncertain evidence on preterm birth and low birthweight. Pre-eclampsia was not reported in the only study included in this comparison. All findings warrant further research. Additional rigorous, high-quality, and larger randomised trials are required to evaluate the effects of vitamin D supplementation in pregnancy, particularly in relation to the risk of maternal adverse events.",pubmed,abstract,임신부와 태아 또는 신생아,임신 중 식이보충제 또는 허브 보충제 노출,"비노출, 위약 또는 통상 산전관리","산모 독성, 임신 합병증, 선천성 이상, 태아·신생아 이상반응","무작위시험, 임신 코호트, 환자-대조군, 등록자료 연구, 증례군, 체계적 고찰"
v3ref-0017,pubmed:24725925,HRS5_ANTICOAGULATION,Garlic in health and disease.,"The present article reviews the historical and popular uses of garlic, its antioxidant, haematological, antimicrobial, hepatoprotective and antineoplastic properties and its potential toxicity (from sulfoxide). Garlic has been suggested to affect several cardiovascular risk factors. It has also been shown that garlic and its organic allyl sulfur components are effective inhibitors of the cancer process. Since garlic and its constituents can suppress carcinogen formation, bioactivation and tumour proliferation, it is imperative that biomarkers be established to identify which individuals might benefit most. Garlic powder, aged garlic and garlic oil have demonstrated antiplatelet and anticoagulant effects by interfering with cyclo-oxygenase-mediated thromboxane synthesis. Garlic has also been found to have synergistic effects against Helicobacter pylori with a proton pump inhibitor. The active compound allicin may affect atherosclerosis not only by acting as an antioxidant, but also by other mechanisms, such as lipoprotein modification and inhibition of LDL uptake and degradation by macrophages. Freshly prepared garlic homogenate protects against isoniazid+rifampicin-induced liver injury in experimental animal models. Several mechanisms are likely to account for this protection.",pubmed,abstract,"비타민 K 길항제, 직접경구항응고제 또는 헤파린을 사용하는 환자",식이보충제 또는 허브 보충제 병용,보충제 비병용 또는 기준 기간,"주요·경미 출혈, 혈전색전증, 응고검사 변화, 약물 상호작용","무작위시험, 코호트, 환자-대조군, 자기대조 연구, 증례군, 체계적 고찰"
v3ref-0018,pubmed:25167337,HRS4_LIVER_DISEASE,Hypericum perforatum-induced hepatotoxicity with possible association with copaiba (Copaifera langsdorffii Desf):case report.,"We report a case of liver damage in an elderly patient after the use of herbal products of Hypericum perforatum and copaiba (Copaifera langsdorffii Desf). Hepatotoxicity related to Hypericum perforatum is anecdotally known, but for copaiba, widely used as anti-inflammatory, there is just experimental data in the national literature. This report aimed to draw attention to the possible toxic effects of this association as well as to the clinical recovery of the patient after discontinuing their use. There is a tendency to suspect of the action of drugs to justify a non-viral acute liver injury, because of the large number of drugs responsible for hepatotoxicity. There are experiments and clinical reports in the literature describing some herbal products, including Hypericum perforatum, as the causative agents of this aggression, and are considered innocuous and used with no restrictions. We must remember that adverse reactions also occur with these substances; hence, they should be investigated when collecting the patient´s history, for leading to severe liver failure.",pubmed,abstract,기존 간질환이 있는 성인 또는 소아 환자,식이보충제 또는 허브 보충제 노출,비노출 또는 통상 관리,"약인성 간손상, 간기능 악화, 간부전, 입원","코호트, 환자-대조군, 약물감시 연구, 증례군, 체계적 고찰"
v3ref-0019,pubmed:33783077,HRS3_PREGNANCY,The impact of micronutrient deficiency on pregnancy complications and development origin of health and disease.,"Due to the spread of the western style diet, which is characterized by high intake of processed food, micronutrients (vitamins and minerals) deficiency is increasing in the Japanese population of all ages and genders. During pregnancy, the elevated demand for micronutrients put pregnant women at even higher risk of micronutrients deficiency. Some micronutrients are relatively famous such that women with reproductive age are recommended to take folic acid supplementation for the prevention of neural tube defect. However, it is not generally known that folate is also important for fetal growth throughout the pregnancy course and for prevention of pregnancy complications, and that pregnant women should continue to take supplementation during pregnancy and lactation. The types of micronutrients and the duration of supplementation are both important factors to maintain normal pregnancies. This review focused on four micronutrients that are commonly deficient in Japanese pregnant women, folate, vitamin B12, vitamin D, calcium, and magnesium. The detrimental effects of homocysteine accumulation associated with the above micronutrient defects and its link to catechol-o-methyltransferase insufficiency are described. We also discussed possible molecular mechanisms of pregnancy complications and the development origin of health and disease (DOHaD) regarding micronutrient deficiencies from the point of view of one carbon metabolism.",pubmed,abstract,임신부와 태아 또는 신생아,임신 중 식이보충제 또는 허브 보충제 노출,"비노출, 위약 또는 통상 산전관리","산모 독성, 임신 합병증, 선천성 이상, 태아·신생아 이상반응","무작위시험, 임신 코호트, 환자-대조군, 등록자료 연구, 증례군, 체계적 고찰"
v3ref-0020,pubmed:8125230,HRS4_LIVER_DISEASE,[Chronic active hepatitis and cirrhosis induced by wild germander. 3 cases].,"We report 3 cases of chronic liver injury that were observed after prolonged treatment with wild germander, a herbal medicine recently prohibited by French Ministry of Health, following several reports suggesting its hepatotoxicity. Chronic active hepatitis was found in 2 cases, and active cirrhosis in 1 case. The onset of hepatitis occurred after 6 to 7 months of treatment. Serum anti-nuclear and anti-smooth muscle antibodies were present in 2 patients. In 2 cases, wild-germander involvement was recognized several months after appearance of liver injury. Following treatment discontinuation, outcome was favorable in the 3 patients. These observations suggest that diagnosis of acute or chronic liver injury of unknown origin should always include the search for herbal medicine treatment.",pubmed,abstract,기존 간질환이 있는 성인 또는 소아 환자,식이보충제 또는 허브 보충제 노출,비노출 또는 통상 관리,"약인성 간손상, 간기능 악화, 간부전, 입원","코호트, 환자-대조군, 약물감시 연구, 증례군, 체계적 고찰"
v3ref-0021,pubmed:30431563,HRS1_PERIOPERATIVE,"Comprehensive preoperative regime of selective gut decontamination in combination with probiotics, and smectite for reducing endotoxemia and cytokine activation during cardiopulmonary bypass: A pilot randomized, controlled trial.","BACKGROUND: Both selective digestive decontamination (SDD) and probiotics have been reported to reduce endotoxemia. However, the available results are conflicting and few studies have investigated the combined effect of SDD and probiotics. This study aimed to examine the effectiveness of a comprehensive preoperative regimen of SDD in combination with probiotics and smectite on perioperative endotoxemia and cytokine activation in patients who underwent elective cardiac surgery with cardiopulmonary bypass (CPB) in a pilot, prospective, randomized, controlled trial.
METHODS: Patients who underwent elective Aortic Valve Replacement or Mitral Valve Replacement surgery from July 2010 to March 2015 were included. In total, 30 eligible patients were randomly assigned to receive either the comprehensive preoperative regimen (n = 15) (a combination of preoperative SDD, probiotics, and smectite) or the control group (n = 15) who did not receive this treatment. The levels of endotoxin, IL-6, and procalcitonin were measured at the time before anesthesia induction, immediately after cardiopulmonary bypass (CPB), 24 hours after CPB, and 48 hours after CPB. The primary outcomes were changes in endotoxin, IL-6, and procalcitonin concentrations after CPB.
RESULTS: The mean levels of change in endotoxin levels after CPB in patients receiving the comprehensive preoperative regimen was marginally significantly lower than those in control group (F = 4.0, P = .0552) but was not significantly different for procalcitonin (F = .14, P = .7134). An interaction between group and time for IL-6 was identified (F = 4.35, P = .0231). The increase in IL-6 concentration immediately after CPB in the comprehensive preoperative group was significantly lower than that in the control group (P = .0112). The changes in IL-6 concentration at 24 hours and 48 hours after CPB were not significant between the comprehensive preoperative group and control group.
CONCLUSION: The present pilot, prospective, randomized, controlled study in patients undergoing cardiac surgery with CPB demonstrated that 3 days of a comprehensive preoperative regime of SDD in combination with probiotics and smectite may reduce the endotoxin and IL-6 levels after CPB compared with the control group.",pubmed,abstract,수술 또는 침습적 시술을 받는 성인,수술 전 식이보충제 또는 허브 보충제 노출,"비노출, 중단, 또는 통상 수술주위 관리","출혈, 수혈, 마취 상호작용, 수술주위 합병증","무작위시험, 코호트, 환자-대조군, 단면연구, 증례군, 체계적 고찰"
v3ref-0022,pubmed:30480773,HRS3_PREGNANCY,Omega-3 fatty acid addition during pregnancy.,"BACKGROUND: Higher intakes of foods containing omega-3 long-chain polyunsaturated fatty acids (LCPUFA), such as fish, during pregnancy have been associated with longer gestations and improved perinatal outcomes. This is an update of a review that was first published in 2006.
OBJECTIVES: To assess the effects of omega-3 LCPUFA, as supplements or as dietary additions, during pregnancy on maternal, perinatal, and neonatal outcomes and longer-term outcomes for mother and child.
SEARCH METHODS: For this update, we searched Cochrane Pregnancy and Childbirth's Trials Register, ClinicalTrials.gov, the WHO International Clinical Trials Registry Platform (ICTRP) (16 August 2018), and reference lists of retrieved studies.
SELECTION CRITERIA: Randomised controlled trials (RCTs) comparing omega-3 fatty acids (as supplements or as foods, stand-alone interventions, or with a co-intervention) during pregnancy with placebo or no omega-3, and studies or study arms directly comparing omega-3 LCPUFA doses or types. Trials published in abstract form were eligible for inclusion.
DATA COLLECTION AND ANALYSIS: Two review authors independently assessed study eligibility, extracted data, assessed risk of bias in trials and assessed quality of evidence for prespecified birth/infant, maternal, child/adult and health service outcomes using the GRADE approach.
MAIN RESULTS: In this update, we included 70 RCTs (involving 19,927 women at low, mixed or high risk of poor pregnancy outcomes) which compared omega-3 LCPUFA interventions (supplements and food) compared with placebo or no omega-3. Overall study-level risk of bias was mixed, with selection and performance bias mostly at low risk, but there was high risk of attrition bias in some trials. Most trials were conducted in upper-middle or high-income countries; and nearly half the trials included women at increased/high risk for factors which might increase the risk of adverse maternal and birth outcomes.Preterm birth < 37 weeks (13.4% versus 11.9%; risk ratio (RR) 0.89, 95% confidence interval (CI) 0.81 to 0.97; 26 RCTs, 10,304 participants; high-quality evidence) and early preterm birth < 34 weeks (4.6% versus 2.7%; RR 0.58, 95% CI 0.44 to 0.77; 9 RCTs, 5204 participants; high-quality evidence) were both lower in women who received omega-3 LCPUFA compared with no omega-3. Prolonged gestation > 42 weeks was probably increased from 1.6% to 2.6% in women who received omega-3 LCPUFA compared with no omega-3 (RR 1.61 95% CI 1.11 to 2.33; 5141 participants; 6 RCTs; moderate-quality evidence).For infants, there was a possibly reduced risk of perinatal death (RR 0.75, 95% CI 0.54 to 1.03; 10 RCTs, 7416 participants; moderate-quality evidence: 62/3715 versus 83/3701 infants) and possibly fewer neonatal care admissions (RR 0.92, 95% CI 0.83 to 1.03; 9 RCTs, 6920 participants; moderate-quality evidence - 483/3475 infants versus 519/3445 infants). There was a reduced risk of low birthweight (LBW) babies (15.6% versus 14%; RR 0.90, 95% CI 0.82 to 0.99; 15 trials, 8449 participants; high-quality evidence); but a possible small increase in large-for-gestational age (LGA) babies (RR 1.15, 95% CI 0.97 to 1.36; 6 RCTs, 3722 participants; moderate-quality evidence, for omega-3 LCPUFA compared with no omega-3. Little or no difference in small-for-gestational age or intrauterine growth restriction (RR 1.01, 95% CI 0.90 to 1.13; 8 RCTs, 6907 participants; moderate-quality evidence) was seen.For the maternal outcomes, there is insufficient evidence to determine the effects of omega-3 on induction post-term (average RR 0.82, 95% CI 0.22 to 2.98; 3 trials, 2900 participants; low-quality evidence), maternal serious adverse events (RR 1.04, 95% CI 0.40 to 2.72; 2 trials, 2690 participants; low-quality evidence), maternal admission to intensive care (RR 0.56, 95% CI 0.12 to 2.63; 2 trials, 2458 participants; low-quality evidence), or postnatal depression (average RR 0.99, 95% CI 0.56 to 1.77; 2 trials, 2431 participants; low-quality evidence). Mean gestational length was greater in women who received omega-3 LCPUFA (mean difference (MD) 1.67 days, 95% CI 0.95 to 2.39; 41 trials, 12,517 participants; moderate-quality evidence), and pre-eclampsia may possibly be reduced with omega-3 LCPUFA (RR 0.84, 95% CI 0.69 to 1.01; 20 trials, 8306 participants; low-quality evidence).For the child/adult outcomes, very few differences between antenatal omega-3 LCPUFA supplementation and no omega-3 were observed in cognition, IQ, vision, other neurodevelopment and growth outcomes, language and behaviour (mostly low-quality to very low-quality evidence). The effect of omega-3 LCPUFA on body mass index at 19 years (MD 0, 95% CI -0.83 to 0.83; 1 trial, 243 participants; very low-quality evidence) was uncertain. No data were reported for development of diabetes in the children of study participants.
AUTHORS' CONCLUSIONS: In the overall analysis, preterm birth < 37 weeks and early preterm birth < 34 weeks were reduced in women receiving omega-3 LCPUFA compared with no omega-3. There was a possibly reduced risk of perinatal death and of neonatal care admission, a reduced risk of LBW babies; and possibly a small increased risk of LGA babies with omega-3 LCPUFA.For our GRADE quality assessments, we assessed most of the important perinatal outcomes as high-quality (e.g. preterm birth) or moderate-quality evidence (e.g. perinatal death). For the other outcome domains (maternal, child/adult and health service outcomes) GRADE ratings ranged from moderate to very low, with over half rated as low. Reasons for downgrading across the domain were mostly due to design limitations and imprecision.Omega-3 LCPUFA supplementation during pregnancy is an effective strategy for reducing the incidence of preterm birth, although it probably increases the incidence of post-term pregnancies. More studies comparing omega-3 LCPUFA and placebo (to establish causality in relation to preterm birth) are not needed at this stage. A further 23 ongoing trials are still to report on over 5000 women, so no more RCTs are needed that compare omega-3 LCPUFA against placebo or no intervention. However, further follow-up of completed trials is needed to assess longer-term outcomes for mother and child, to improve understanding of metabolic, growth and neurodevelopment pathways in particular, and to establish if, and how, outcomes vary by different types of omega-3 LCPUFA, timing and doses; or by characteristics of women.",pubmed,abstract,임신부와 태아 또는 신생아,임신 중 식이보충제 또는 허브 보충제 노출,"비노출, 위약 또는 통상 산전관리","산모 독성, 임신 합병증, 선천성 이상, 태아·신생아 이상반응","무작위시험, 임신 코호트, 환자-대조군, 등록자료 연구, 증례군, 체계적 고찰"
v3ref-0023,pubmed:22878995,HRS4_LIVER_DISEASE,Ban Tu Wan hepatotoxicity.,"Medications are thought to contribute to approximately 50% of the cases of acute liver failure in the USA. This number includes some herbal medications and supplements. However, little regulatory oversight of these later substances occurs. This report describes a case of fulminant hepatic failure secondary to Ban Tu Wan (a Chinese herb). We discuss the use of this herbal supplement and the relationship to drug-induced hepatitis.",pubmed,abstract,기존 간질환이 있는 성인 또는 소아 환자,식이보충제 또는 허브 보충제 노출,비노출 또는 통상 관리,"약인성 간손상, 간기능 악화, 간부전, 입원","코호트, 환자-대조군, 약물감시 연구, 증례군, 체계적 고찰"
v3ref-0024,pubmed:37544344,HRS4_LIVER_DISEASE,"A systematic review of traditional uses, phytochemistry, pharmacology and toxicity of Epimedium koreanum Nakai.","ETHNOPHARMACOLOGICAL RELEVANCE: Epimedium koreanum Nakai (E. koreanum), a member of the genus Epimedium in the family Berberidaceae, is a well-known and well-liked traditional herb used as a ""kidney tonic"". For thousands of years, it has been utilized for renal yang deficiency, impotence, spermatorrhea, impotence, weakness of tendons and bones, rheumatic paralysis and discomfort, numbness, and constriction.
AIM OF THE STUDY: The paper aims to comprehensively in-depth, and methodically review the most recent research on the traditional uses, phytochemistry, pharmacology, and toxicity of E. koreanum.
MATERIALS AND METHODS: Scientific databases including Web of Science, PubMed, Google Scholar, Elsevier, Springer, ScienceDirect, Baidu Scholar, and CNKI and medicine books in China were searched for relevant information on E. koreanum.
RESULTS: In traditional uses, E. koreanum is frequently used to treat various diseases like erectile dysfunction, infertility, rheumatoid arthritis, osteoporosis, asthma, kidney-yang deficiency syndrome, etc. To date, more than 379 compounds have been discovered from various parts of E. koreanum, including flavonoids, lignans, organic acids, terpenoids, hydrocarbons, dihydrophenanthrene derivatives, alkaloids, and others. Research has revealed that the compounds and crude extracts have a wide range of pharmacological effects on the reproductive, cardiovascular, and nervous systems, as well as anti-osteoporosis, anti-tumor, antioxidant, anti-inflammatory, immunomodulatory, hepatoprotective, and antiviral properties. Besides, the crude extracts show potential hepatotoxicity.
CONCLUSION: Based on recent domestic and international research investigations, E. koreanum contains a wealth of chemical components with pronounced pharmacological activities. Its traditional uses are numerous, and the majority of these traditional uses have been supported by contemporary pharmacological investigations. Crude extracts, on the other hand, can result in hepatotoxicity. Therefore, additional in vivo and in vitro experimental research on the pharmacology and toxicology of E. koreanum are required in the future to assess its safety and efficacy. This will give a firmer scientific foundation for its safe application and the development of new drugs in the future.",pubmed,abstract,기존 간질환이 있는 성인 또는 소아 환자,식이보충제 또는 허브 보충제 노출,비노출 또는 통상 관리,"약인성 간손상, 간기능 악화, 간부전, 입원","코호트, 환자-대조군, 약물감시 연구, 증례군, 체계적 고찰"
v3ref-0025,pubmed:20883870,HRS1_PERIOPERATIVE,An alternative hemostatic method for early GI bleeding caused by anastomotic ulcer.,,pubmed,title_only,수술 또는 침습적 시술을 받는 성인,수술 전 식이보충제 또는 허브 보충제 노출,"비노출, 중단, 또는 통상 수술주위 관리","출혈, 수혈, 마취 상호작용, 수술주위 합병증","무작위시험, 코호트, 환자-대조군, 단면연구, 증례군, 체계적 고찰"
v3ref-0026,pubmed:34411017,HRS1_PERIOPERATIVE,Craniosynostosis With Preoperative Iron Supplementation Exposure: A Retrospective Cohort Study Examining Preoperative Iron Supplementation and Transfusion Practice in a National Paediatric Craniofacial Centre.,"BACKGROUND: Blood loss and subsequent transfusion are key concerns in the surgical management of craniosynostosis, and have been associated with increased morbidity, requirement for intensive care admission and increased length of hospital stay. Patient blood management guidelines advocate treatment of anemia before elective surgical procedures where significant blood loss is anticipated. At present there is little evidence in the literature investigating the clinical value of this practice in pediatric craniofacial surgery.
AIMS: The authors examined the effect of preoperative oral iron supplementation on blood loss and transfusion rates in a national pediatric craniofacial unit.
METHODS: A total of 157 patients were included in a retrospective and prospective observational cohort study conducted between July 2011 and November 2016. Eighty-five (85) patients included in the preoperative iron supplementation group were prescribed oral ferrous fumarate before total cranial vault reconstruction, frontal-orbital advancement or extended strip cranial vault remodeling procedures. This cohort was retrospectively compared to seventy-two (72) consecutive patients who did not receive iron supplementation.
RESULTS: Calculated blood loss was 51.3 mL/kg in the intervention group, and 56.65 mL/kg in the control group. Transfusion rate and mean volumes for the intervention group were 85.9% and 25 mL/kg. The control group had transfusion rate of 86.1% with mean transfused volume of 24.7 mL/kg. These differences were not statistically significant. Intraoperative tranexamic acid was associated with significantly reduced transfusion volumes overall.
CONCLUSIONS: This study did not show a statistically significant benefit to preoperative iron supplementation. Secondary outcomes of this study showed a statistically significant difference in estimated versus calculated intraoperative blood loss. Further research in to specific iron supplementation protocols is indicated.",pubmed,abstract,수술 또는 침습적 시술을 받는 성인,수술 전 식이보충제 또는 허브 보충제 노출,"비노출, 중단, 또는 통상 수술주위 관리","출혈, 수혈, 마취 상호작용, 수술주위 합병증","무작위시험, 코호트, 환자-대조군, 단면연구, 증례군, 체계적 고찰"
v3ref-0027,pubmed:39755576,HRS3_PREGNANCY,"Micronutrient dose response (MiNDR) study among women of reproductive age and pregnant women in rural Bangladesh: study protocol for double-blind, randomised, controlled trials.","INTRODUCTION: Optimising the micronutrient status of women before and during reproduction confers benefits to them and their offspring. Antenatal multiple micronutrient supplements (MMS), given as a daily tablet with nutrients at ~1 recommended dietary allowance (RDA) or adequate intake (AI) reduces adverse birth outcomes. However, at this dosage, MMS may not fully address micronutrient deficiencies in settings with chronically inadequate diets and infection. A bioefficacy study to determine amounts required to attain nutrient adequacy among women of reproductive age (WRA) and pregnant women (PW) aims to address this gap.
METHODS AND ANALYSIS: Two, four-arm, dose-response trials (n=240 participants/trial) with a double-blind, individually randomised, controlled design are underway in 18-35 year-old WRA and PW in rural northern Bangladesh. The trials will test dose response to four levels of 19 micronutrients from 1 RDA/AI up to ~75% of the tolerable upper intake level (UL), where applicable. These levels of micronutrients are delivered in the form of a reconstituted (in water) powdered drink, daily, including a placebo drink in the control arm, plus a fortified, balanced energy and protein (BEP) food product containing each micronutrient at ~1 RDA per serving. The supplement duration is 3 months in WRA and~6 months (until birth) in PW, who are enrolled at 12-16 weeks of pregnancy; women are randomised to one of the four arms at enrolment. Supplement consumption is directly observed by study staff and weekly side effects and adverse events are monitored. Blood and urine are collected at baseline, a midpoint, and at/near the end of supplementation, with a birth visit and postpartum biospecimen collection (post supplementation) for PW. Outcomes are biomarkers of nutrient status. Pharmacokinetic modelling will estimate micronutrient intakes at which sufficiency for each nutrient without excess is achieved. Enrolment was initiated on 22 October 2023.
ETHICS AND DISSEMINATION: The study was approved by the Institutional Review Board of Johns Hopkins Bloomberg School of Public Health and the research and ethical review committees of icddr,b, Bangladesh. A data safety and monitoring board is in place for the study. Findings will be disseminated in peer-reviewed papers and in-country meetings.
TRIAL REGISTRATION NUMBER: NCT06081114Cite Now.",pubmed,abstract,임신부와 태아 또는 신생아,임신 중 식이보충제 또는 허브 보충제 노출,"비노출, 위약 또는 통상 산전관리","산모 독성, 임신 합병증, 선천성 이상, 태아·신생아 이상반응","무작위시험, 임신 코호트, 환자-대조군, 등록자료 연구, 증례군, 체계적 고찰"
v3ref-0028,pubmed:40338652,HRS4_LIVER_DISEASE,Drug-Induced Liver Injury with Novel Fat Burner AlbutarexV2 in an Active Duty Sailor.,"Drug-induced liver injury ranges from asymptomatic to liver failure with supplements becoming an increasingly recognized cause. This case highlights the unique supplement, AlbutarexV2, and the severe cholestatic liver injury it induced with resolution occurring in six months. With steadily increasing obesity rates and supplement use, weight-loss supplements are gaining popularity with various claims of increasing energy expenditure or metabolic rate. Recognition of adverse effects from these therapies is critical to aid in identification and cessation of the agent and helping ban harmful supplements. This case demonstrates the danger of ""fat-burners"" and delineates the protracted and prolonged liver injury of AlbutarexV2.",pubmed,abstract,기존 간질환이 있는 성인 또는 소아 환자,식이보충제 또는 허브 보충제 노출,비노출 또는 통상 관리,"약인성 간손상, 간기능 악화, 간부전, 입원","코호트, 환자-대조군, 약물감시 연구, 증례군, 체계적 고찰"
v3ref-0029,pubmed:33121637,HRS2_KIDNEY_DISEASE,Renal Repercussions of Medications.,"Medications are a common cause of acute kidney injury and chronic kidney disease. Older patients with multiple comorbidities and polypharmacy are at increased risk and require extra diligence. Antimicrobials, antihypertensives, and nonsteroidal anti-inflammatory drugs are common offenders of drug-induced kidney injury. Other drug classes that can cause kidney damage include immunosuppressive medications, statins, proton pump inhibitors, and herbal supplements. Awareness of such medications and their mechanisms of nephrotoxicity helps decrease morbidity and mortality. If nephrotoxic agents cannot be avoided, hydration, avoiding concomitant nephrotoxic medications, and using the lowest effective dose for the shortest duration are strategies that can decrease risk of kidney damage.",pubmed,abstract,만성콩팥병 또는 투석 환자,"비처방 비타민, 무기질 또는 허브 보충제 노출","비노출, 위약 또는 통상 관리","고칼륨혈증, 고칼슘혈증, 신독성, 심혈관 이상반응","무작위시험, 코호트, 환자-대조군, 약물감시 연구, 증례군, 체계적 고찰"
v3ref-0030,pubmed:24032278,HRS3_PREGNANCY,[Metafolin--alternative for folate deficiency supplementation in pregnant women].,"Proper folate supplementation is required in order to ensure proper folate concentration in the organism, and consequently to prevent the development of numerous complications in general population and pregnant women. Metafolin (stable calcium salt of L-5-methyltetrahydrofolate acid, L-5-MTHF) is the most active form of reduced folate circulating in plasma, which directly enters the metabolic process of folate. After administration metafolin shows optimum absorption, comparable or higher bioavailability as well as physiological activity when compared to folic acid. Metafolin supplementation is effective in decreasing plasma homocysteine, as well as increasing folate in plasma and erythrocytes, in pregnant and breastfeeding women or those who wish to conceive. In addition, metafolin administration omits the multistage process of reduction before entering the folate cell cycle, as well as a possible deficiency of activity of enzymes participating in the reduction of folate process in the intestine epithelium (DHFR and MTHFR enzymes). So far no potential adverse and toxic effects of metafolin management have been reported. The published findings require confirmation in larger groups of patients and an additional analysis of the presence of particular genotypes of 677C > T polymorphism of the MTHFR gene. Analysis of the recent literature reposts suggests that metafolin could be an effective and safe alternative to folic acid supplementation and could effectively prevent complications in pregnancy and series birth defects in fetuses and newborns.",pubmed,abstract,임신부와 태아 또는 신생아,임신 중 식이보충제 또는 허브 보충제 노출,"비노출, 위약 또는 통상 산전관리","산모 독성, 임신 합병증, 선천성 이상, 태아·신생아 이상반응","무작위시험, 임신 코호트, 환자-대조군, 등록자료 연구, 증례군, 체계적 고찰"
v3ref-0031,pubmed:24054765,HRS3_PREGNANCY,[Vitamin D and pregnancy].,"Vitamin D insufficiency is characterized, since 2005, by 25(OH)D concentration less than 75 nmol/L (or 30 ng/mL). Vitamin D could interfere with many mechanisms involved in preeclampsia's pathogenesis including trophoblastic invasion and immunomodulation as well as blood pressure control and proteinuria. Occurrence of preeclampsia and gestational diabetes seems to be linked to vitamin D deficiency but recent data in the literature are contradictory. Vitamin D supplementation during pregnancy is controversial. Some societies consider it unnecessary and others recommend up to 2000 UI/d. There is no reported case of teratogenicity linked with vitamin D intake.",pubmed,abstract,임신부와 태아 또는 신생아,임신 중 식이보충제 또는 허브 보충제 노출,"비노출, 위약 또는 통상 산전관리","산모 독성, 임신 합병증, 선천성 이상, 태아·신생아 이상반응","무작위시험, 임신 코호트, 환자-대조군, 등록자료 연구, 증례군, 체계적 고찰"
v3ref-0032,pubmed:16206505,HRS4_LIVER_DISEASE,Effects of oral branched-chain amino acid granules on event-free survival in patients with liver cirrhosis.,"BACKGROUND & AIMS: Nutritional intervention with branched-chain amino acid (BCAA) is reported to increase serum albumin concentration in patients with decompensated cirrhosis. However, a definite conclusion on whether it can improve patients' survival has not yet been reached. The present study aimed to test possibilities of improving survival of patients with decompensated cirrhosis by using a BCAA preparation that is suitable for long-term oral administration.
METHODS: A multicenter, randomized, and nutrient intake-controlled trial on the comparative effects of BCAA orally administered at 12 g/day for 2 years versus diet therapy with defined daily food intake (1.0-1.4 g protein kg(-1) day(-1) including BCAA preparation and 25-35 kcal kg(-1) day(-1)) was conducted in 646 patients with decompensated cirrhosis. The primary end point was a composite of death by any cause, development of liver cancer, rupture of esophageal varices, or progress of hepatic failure (event-free survival). The secondary end points were serum albumin concentration and health-related quality of life (QOL) measured by Short Form-36 questionnaire.
RESULTS: The incidence of events comprising the primary end point significantly decreased in the BCAA group as compared with the diet group (hazard ratio, 0.67; 95% confidence interval, 0.49-0.93; P = .015; median observation period, 445 days). Serum albumin concentration increased significantly in the BCAA group as compared with the diet group (P = .018). The ""general health perception"" domain in Short Form-36 measures was also improved (P = .003). Patients' adherence to the prescription was favorable.
CONCLUSIONS: Oral supplementation with a BCAA preparation that can be administered for a long period improves event-free survival, serum albumin concentration, and QOL in patients with decompensated cirrhosis with an adequate daily food intake.",pubmed,abstract,기존 간질환이 있는 성인 또는 소아 환자,식이보충제 또는 허브 보충제 노출,비노출 또는 통상 관리,"약인성 간손상, 간기능 악화, 간부전, 입원","코호트, 환자-대조군, 약물감시 연구, 증례군, 체계적 고찰"
v3ref-0033,pubmed:31720699,HRS4_LIVER_DISEASE,The landscape of hepatobiliary adverse reactions across 53 herbal and dietary supplements reveals immune-mediated injury as a common cause of hepatitis.,"Recent evidence suggests herbal-induced liver injury (HILI) to account for 20% of cases among the U.S. Drug-Induced-Liver-Injury-Network. To define injury patterns of HILI, we reviewed the clinical data of 413 patients exposed to 53 HDS products by considering the evidence for HILI and its grades of severity. Outstandingly, females developed HILI more rapidly (p = 0.018) and the time to recovery was significantly increased (p = 0.0153). > 90% of reported cases were severe and half of HDS products caused acute liver failure (ALF) requiring liver transplantation or resulted in fatal outcomes. Liver biopsies of 243 patients defined 13 histological features; two-thirds of products elicited immune-mediated hepatitis and included 154 Hy's law positive cases. The histological injury patterns were confirmed among unrelated patients, while accidental re-challenges evidenced culprits as causative. Furthermore, one-fifth of patients presented elevated autoantibody titres indicative of autoimmune-like HILI, and one-third of the products were linked to chronic hepatitis and cholestatic injuries not resolving within 6 months. Lastly, INR and TBL are critical laboratory parameters to predict progression of severe HILI to ALF. Our study highlights the need for a regulatory framework to minimize the risk for HILI. Better education of the public and a physician-supervised self-medication plan will be important measures to abate risk of HILI.",pubmed,abstract,기존 간질환이 있는 성인 또는 소아 환자,식이보충제 또는 허브 보충제 노출,비노출 또는 통상 관리,"약인성 간손상, 간기능 악화, 간부전, 입원","코호트, 환자-대조군, 약물감시 연구, 증례군, 체계적 고찰"
v3ref-0034,pubmed:12806613,HRS4_LIVER_DISEASE,"Nutritional supplementation with branched-chain amino acids in advanced cirrhosis: a double-blind, randomized trial.","BACKGROUND & AIMS: The role of oral supplementation with branched-chain amino acids (BCAA) in advanced cirrhosis is far from settled. A nutritional approach might prevent progressive liver failure and improve nutritional parameters and quality of life.
METHODS: A multicenter, randomized study comparing 1-year nutritional supplementation with BCAA against lactoalbumin or maltodextrins was performed in 174 patients with advanced cirrhosis. Primary outcomes were the prevention of a combined end point (death and deterioration to exclusion criteria), the need for hospital admission, and the duration of hospital stay. Secondary outcomes were nutritional parameters, laboratory data and Child-Pugh score, anorexia, health-related quality of life, and need for therapy.
RESULTS: Treatment with BCAA significantly reduced the combined event rates compared with lactoalbumin (odds ratio, 0.43; 95% confidence interval, 0.19-0.96; P = 0.039) and nonsignificantly compared with maltodextrins (odds ratio, 0.51; 95% confidence interval, 0.23-1.17; P = 0.108). The average hospital admission rate was lower in the BCAA arm compared with control treatments (P = 0.006 and P = 0.003, respectively). In patients who remained in the study, nutritional parameters and liver function tests were, on average, stable or improved during treatment with BCAA and the Child-Pugh score decreased (P = 0.013). Also, anorexia and health-related quality of life (SF-36 questionnaire) improved. Long-term compliance with BCAA was poor.
CONCLUSIONS: In advanced cirrhosis, long-term nutritional supplementation with oral BCAA is useful to prevent progressive hepatic failure and to improve surrogate markers and perceived health status. New formulas are needed to increase compliance.",pubmed,abstract,기존 간질환이 있는 성인 또는 소아 환자,식이보충제 또는 허브 보충제 노출,비노출 또는 통상 관리,"약인성 간손상, 간기능 악화, 간부전, 입원","코호트, 환자-대조군, 약물감시 연구, 증례군, 체계적 고찰"
v3ref-0035,pubmed:30334261,HRS1_PERIOPERATIVE,Preoperative Oral Branched-Chain Amino Acid Supplementation Suppresses Intraoperative and Postoperative Blood Lactate Levels in Patients Undergoing Major Hepatectomy.,"BACKGROUND: Lactate production is exacerbated by surgical stress. We sought to determine whether branched-chain amino acid (BCAA) supplementation could decrease blood lactate levels in patients undergoing hepatectomy.
METHODS: A total of 275 consecutive patients who underwent hepatectomy of ≥2 segments were retrospectively reviewed. Blood lactate levels in patients treated with BCAA supplementation before hepatectomy (December 2011 to December 2016) were compared with levels in patients who were not pretreated (January 2008 to November 2011).
RESULTS: Postoperative lactate levels were significantly lower in patients who received preoperative BCAA supplementation than in those who did not (2.6 vs 3.4 mmol/L; P < .001). Intraoperative blood lactate levels, which were evaluated after induction of general anesthesia, were also lower in those who received BCAA supplementation than in those who did not (1.1 vs 1.5 mmol/L, respectively; P < .001). A multiple regression analysis revealed that preoperative BCAA supplementation was independently associated with decreased postoperative and intraoperative lactate levels (P = .030 and P < .001, respectively).
CONCLUSION: Preoperative BCAA supplementation decreased intraoperative and postoperative blood lactate levels in patients undergoing major hepatectomy.",pubmed,abstract,수술 또는 침습적 시술을 받는 성인,수술 전 식이보충제 또는 허브 보충제 노출,"비노출, 중단, 또는 통상 수술주위 관리","출혈, 수혈, 마취 상호작용, 수술주위 합병증","무작위시험, 코호트, 환자-대조군, 단면연구, 증례군, 체계적 고찰"
v3ref-0036,pubmed:25089364,HRS4_LIVER_DISEASE,New insights into the effects of formulation type and compositional mixtures on the antioxidant and cytotoxic activities of dietary supplements based-on hepatoprotective plants.,"Artichoke (A), borututu (B) and milk thistle (M) are included in several supplements to provide beneficial effects. Different formulations (infusions, pills and syrups), with different proportions of A, B and M (1 : 1 : 1, 2 : 1 : 1, 1 : 2: 1, 1 : 1 : 2) within each formulation, were assayed to optimize the desired benefits. The antioxidant activity, anti-hepatocellular carcinoma activity, hepatotoxicity and bioactive compound contents were evaluated. Syrups tended to be the formulation with highest antioxidant activity and total phenolic and flavonoid content; otherwise, pills were the worst formulation. In what concerns A : B : M ratios, the results did not reveal so pronounced differences. None of the assayed mixtures resulted to be toxic (up to the maximum assayed dose) for liver primary cells (PLP2), but some samples, especially infusions, showed toxicity for the hepatocellular carcinoma cell line (HepG2). With no exception, the mixtures for all formulations showed synergistic effects on antioxidant activity, when compared to the activity of single plants.",pubmed,abstract,기존 간질환이 있는 성인 또는 소아 환자,식이보충제 또는 허브 보충제 노출,비노출 또는 통상 관리,"약인성 간손상, 간기능 악화, 간부전, 입원","코호트, 환자-대조군, 약물감시 연구, 증례군, 체계적 고찰"
v3ref-0037,pubmed:21334992,HRS4_LIVER_DISEASE,Gotu Kola induced hepatotoxicity in a child - need for caution with alternative remedies.,,pubmed,title_only,기존 간질환이 있는 성인 또는 소아 환자,식이보충제 또는 허브 보충제 노출,비노출 또는 통상 관리,"약인성 간손상, 간기능 악화, 간부전, 입원","코호트, 환자-대조군, 약물감시 연구, 증례군, 체계적 고찰"
v3ref-0038,pubmed:32496340,HRS4_LIVER_DISEASE,Management of Digestive Disorders and Procedures Associated With COVID-19.,,pubmed,title_only,기존 간질환이 있는 성인 또는 소아 환자,식이보충제 또는 허브 보충제 노출,비노출 또는 통상 관리,"약인성 간손상, 간기능 악화, 간부전, 입원","코호트, 환자-대조군, 약물감시 연구, 증례군, 체계적 고찰"
v3ref-0039,pubmed:27286046,HRS1_PERIOPERATIVE,Hypovitaminosis D in Patients Undergoing Shoulder Arthroplasty: A Single-Center Analysis.,"Vitamin D is recognized as an essential component in bone health, muscle function, and immune system regulation. This study sought to characterize the prevalence of hypovitaminosis D in patients undergoing total shoulder arthroplasty (TSA), reverse total shoulder arthroplasty (RSA), and shoulder hemiarthroplasty (HA). Between September 2013 and December 2014, a total of 218 patients undergoing TSA, RSA, and HA by a single surgeon were screened for hypovitaminosis D and retrospectively reviewed. Demographic variables and risk factors were recorded. Overall, 93 shoulder arthroplasty patients (43%) were vitamin D insufficient (<30 ng/mL) and 24 patients (11%) were vitamin D deficient (<20 ng/mL). Body mass index (BMI) had a significant effect on vitamin D levels; BMI of 30 kg/m(2) or greater was associated with lower vitamin D levels (31.5±12.1 ng/mL) compared with patients with a BMI of less than 30 kg/m(2) (36.2±15.7 ng/mL, P ≤.01). The absence of supplementation with vitamin D and calcium prior to serum testing was the most significant risk factor for hypovitaminosis D (odds ratio [OR], 8.234, P<.001). Age, gender, race, smoking status, American Society of Anesthesiologists (ASA) score, procedure, and surgical indication were not significant. This is the largest cohort of shoulder arthroplasty patients screened for hypovitaminosis D. Almost half (43%) of the study population was insufficient, and both the absence of supplementation prior to serum testing and BMI of 30 kg/m(2) or greater were found to be predictive of lower serum 25-hydroxyvitamin D levels. Given the extent of vitamin D involvement in normal musculoskeletal physiology, routine preoperative evaluation is merited. [Orthopedics. 2016; 39(4):e651-e656.].",pubmed,abstract,수술 또는 침습적 시술을 받는 성인,수술 전 식이보충제 또는 허브 보충제 노출,"비노출, 중단, 또는 통상 수술주위 관리","출혈, 수혈, 마취 상호작용, 수술주위 합병증","무작위시험, 코호트, 환자-대조군, 단면연구, 증례군, 체계적 고찰"
v3ref-0040,pubmed:35417778,HRS4_LIVER_DISEASE,"Four-week omega-3 polyunsaturated fatty acids supplementation for liver left lateral section volume reduction in individuals with morbid obesity undergoing bariatric surgery: A double blind, multicenter, randomized placebo-controlled trial.","BACKGROUND: Liver steatosis in morbidly obese individuals undergoing bariatric surgery increases liver volume and may complicate the surgical procedure. This study aimed to assess whether a 4-week supplementation with omega-3 polyunsaturated fatty acids (PUFA) is effective in reducing liver left lateral section (LLLS) volume.
PATIENTS AND METHODS: This randomized controlled trial included morbidly obese individuals with metabolic syndrome undergoing bariatric surgery at 3 French bariatric centers between 2017 and 2020. The experimental group had a 4-week preoperative supplementation with omega-3 PUFA, whereas the control group had only placebo. The primary outcome was the reduction of the LLLS volume measured with Magnetic Resonance Imaging (MRI).
RESULTS: 42 patients were randomized and 37 completed the study (19 in the experimental group and 18 in the placebo group). The mean LLLS volume decreased of 3.3% (±9.6) in the experimental group vs 1.0% (±18.3) in the placebo group, indicating that omega-3 PUFA were not effective in reducing the LLLS volume compared to the placebo (p = 0.3741). Omega-3 PUFA supplementation was not effective in reducing total liver volume, liver steatosis, rate of liver injuries during surgery and operative time.
CONCLUSION: A 4-week preoperative supplementation with omega-3 PUFA was not effective in reducing LLLS volume in morbidly obese individuals undergoing bariatric surgery.",pubmed,abstract,기존 간질환이 있는 성인 또는 소아 환자,식이보충제 또는 허브 보충제 노출,비노출 또는 통상 관리,"약인성 간손상, 간기능 악화, 간부전, 입원","코호트, 환자-대조군, 약물감시 연구, 증례군, 체계적 고찰"
v3ref-0041,pubmed:35182530,HRS3_PREGNANCY,Exposure to arsenolipids and inorganic arsenic from marine-sourced dietary supplements.,"Dietary supplements sourced from marine environments, such as fish oils and seaweed-based supplements, are widely consumed to boost nutrient intakes, including by vulnerable populations such as pregnant women. Like other marine foods, these supplements are also a potential source of exposure to arsenic, including the known toxic species, inorganic arsenic, and the cytotoxic, lipid-soluble arsenic compounds, arsenic hydrocarbons. A study of 32 marine-sourced supplements found higher total arsenic concentrations (>1000 ng g-1) in supplements made from seaweed, krill and calanus oil, and in fish and fish liver products marketed as ""unprocessed"". Inorganic arsenic was only detectable in the seaweed samples, and was elevated (8900 ng g-1) in one product. Arsenic hydrocarbons were not detected in krill oil samples but were present at concentrations from 169 to 2048 ng g-1 in ""unprocessed"" fish and fish liver oil, and calanus oil. Survey data from the New Hampshire Birth Cohort Study (NHBCS) found 13.5% of pregnant women (n = 1997) reported taking fish oil supplements; and of those, most did so daily (75.6%, 6 or more times per week). Only a small percentage (9%) of those who reported consuming fish oil used products associated with higher arsenic levels. Higher urinary arsenic concentrations were found among women who consumed fish oil compared with those who did not, and specifically higher arsenobetaine and dimethyl arsenic concentrations. Dietary supplements are becoming common components of modern diets, and some marine-sourced dietary supplements are a source of inorganic arsenic and arsenic hydrocarbons.",pubmed,abstract,임신부와 태아 또는 신생아,임신 중 식이보충제 또는 허브 보충제 노출,"비노출, 위약 또는 통상 산전관리","산모 독성, 임신 합병증, 선천성 이상, 태아·신생아 이상반응","무작위시험, 임신 코호트, 환자-대조군, 등록자료 연구, 증례군, 체계적 고찰"
v3ref-0042,pubmed:16511885,HRS3_PREGNANCY,Prevalence of periconceptional folic acid use and perceived barriers to the postgestation continuance of supplemental folic acid: survey results from a Teratogen Information Service.,"BACKGROUND: Fewer than 40% of U.S. women are taking folic acid supplements periconceptionally at a time when the risk of neural tube defects (NTDs) can be reduced by supplementation. A better understanding of the vitamin-taking habits of childbearing-age women and effective methods for improving periconceptional supplement use are needed.
METHODS: A telephone survey conducted through the California Teratogen Information Service (TIS) between August 2003 and January 2004 assessed the prevalence and characteristics of pregnant callers who did not use folic acid supplements in the periconceptional period, and explored attitudes toward advice to continue vitamin use following pregnancy in order to be protected in a future pregnancy.
RESULTS: A total of 327 pregnant women who called the TIS for information agreed to participate in the survey. More than half (53.2%) were not taking folic acid-containing supplements in the periconceptional period. Predictors of lack of use included a higher prepregnancy body mass index, younger maternal age, non-white race/ethnicity, lower education level, and unplanned pregnancy. One-quarter of the women said they would be willing to continue taking vitamins after the pregnancy if advised to do so by a physician. The remainder identified obstacles to following that advice--notably, not planning to become pregnant again and the belief that enough folate is derived from diet alone.
CONCLUSIONS: More than half of the callers to the TIS were not compliant with recommendations regarding periconceptional folic acid supplementation. This represents an opportunity for TIS specialists and physicians to intervene in a current pregnancy to encourage maintenance of supplement use in the subsequent interpregnancy interval.",pubmed,abstract,임신부와 태아 또는 신생아,임신 중 식이보충제 또는 허브 보충제 노출,"비노출, 위약 또는 통상 산전관리","산모 독성, 임신 합병증, 선천성 이상, 태아·신생아 이상반응","무작위시험, 임신 코호트, 환자-대조군, 등록자료 연구, 증례군, 체계적 고찰"
v3ref-0043,pubmed:41754125,HRS4_LIVER_DISEASE,Efficacy of Probiotic Treatment in Alcoholic Liver Disease: A Systematic Review of Animal Studies.,"BACKGROUND/OBJECTIVES: Alcohol-associated liver disease (ALD) is a major cause of chronic liver injury, in which disruption of the gut-liver axis plays a key pathogenic role. Probiotics have been proposed as a potential therapeutic strategy to mitigate alcohol-induced liver damage; however, the preclinical evidence has not been systematically synthesised. This systematic review aimed to evaluate and summarise the hepatoprotective effects of probiotic supplementation in experimental animal models of ALD.
METHODS: The review protocol was pre-registered in PROSPERO (CRD420250653666) and followed PRISMA guidelines. A systematic search was conducted across PubMed, EMBASE and AGRICOLA databases using relevant keywords from inception to 30 April 2025. We included preclinical randomised controlled trials evaluating single-strain probiotic interventions against placebo or untreated controls in animal models of ALD. Risk of bias was assessed using SYRCLE's tool, and the certainty of evidence for critical outcomes was evaluated using the GRADE framework. A narrative synthesis was performed, as a quantitative meta-analysis was precluded by incomplete numerical outcome reporting.
RESULTS: From initial 628 records, 36 studies were included in the final synthesis. Probiotic supplementation consistently attenuated alcohol-induced liver injury, as evidenced by marked reductions in serum ALT and AST levels and improved liver histology. Mechanistically, probiotics restored gut barrier integrity, reduced systemic endotoxemia, and suppressed pro-inflammatory pathways. Furthermore, probiotic treatment effectively counteracted alcohol-induced gut dysbiosis by increasing microbial diversity and restoring taxonomic balance, notably by reversing the alcohol-induced expansion of Proteobacteria. Despite these consistent directional effects, the overall certainty of evidence for the critical outcomes was rated as very low.
CONCLUSIONS: Although the preclinical literature suggests hepatoprotective effects of probiotics in experimental ALD, these findings should be interpreted with caution due to the very low certainty of evidence. The observed benefits are limited by methodological shortcomings, indirectness inherent to animal models, and incomplete outcome reporting. This review provides a structured preclinical framework to inform the design of future translational studies and well-controlled clinical trials evaluating probiotics as potential adjunctive therapies in human ALD.",pubmed,abstract,기존 간질환이 있는 성인 또는 소아 환자,식이보충제 또는 허브 보충제 노출,비노출 또는 통상 관리,"약인성 간손상, 간기능 악화, 간부전, 입원","코호트, 환자-대조군, 약물감시 연구, 증례군, 체계적 고찰"
v3ref-0044,pubmed:22940254,HRS4_LIVER_DISEASE,"A prospective study on the safety of herbal medicines, used alone or with conventional medicines.","ETHNOPHARMACOLOGICAL RELEVANCE: Along with increase of herbal medicine use worldwide, the safety of traditional herbal medicines frequently becomes a medical issue.
AIM OF THE STUDY: This study aimed to investigate the incidence of herbal medicine-induced adverse effects on liver functions.
SUBJECTS AND METHODS: A prospective study was performed with 313 inpatients (87 male and 226 female) receiving herbal prescriptions during hospitalization. The patients were classified into two groups based on their treatments: one group received herbal medicines only (57 patients), and another received herbal and conventional medicines concurrently (256 patients). All patients were given liver and renal function tests at the start of hospitalization (baseline) and at approximately 2-week intervals thereafter, until discharge.
RESULTS: Six of the 313 patients showed abnormal liver function without related clinical symptoms (1.9%, 95% CI 0.38-3.41); none of the patients in the herbal group had abnormal result in liver function tests (0% of 57 patients) while all six had received a combination of herbal and conventional medicines (2.3% of 256 patients, 95% CI 0.46-4.14).
CONCLUSION: Our findings indicate that herbal drugs used alone are relatively safe, but the risk for adverse reactions may increase when herbal and conventional drugs are taken concurrently.",pubmed,abstract,기존 간질환이 있는 성인 또는 소아 환자,식이보충제 또는 허브 보충제 노출,비노출 또는 통상 관리,"약인성 간손상, 간기능 악화, 간부전, 입원","코호트, 환자-대조군, 약물감시 연구, 증례군, 체계적 고찰"
v3ref-0045,pubmed:32842823,HRS5_ANTICOAGULATION,Optimized calcium supplementation approach in post-dilution CVVHDF using regional citrate anticoagulation.,"BACKGROUND: Regional citrate anticoagulation has been recommended as first choice for anticoagulation of continuous renal replacement therapy. Precise calcium supplementation is important for the safety of regional citrate anticoagulation. In this study we aimed to provide an optimized calcium supplementation approach for regional citrate anticoagulation in post-dilution continuous venous-venous hemodiafiltration.
METHODS: Twenty-seven patients receiving post-dilution continuous venous-venous hemodiafiltration anticoagulated by citrate were included in this study. The ionized calcium levels were monitored and maintained in the targeted range. After linear regression analysis of the clearance of non-protein bound calcium and calculating the ratio of the non-protein bound calcium concentration to total calcium concentration, we concluded the mathematical model for calcium supplementation.
RESULTS: Positive correlations were found between the clearance of non-protein bound calcium and both dialysate flow rates (r = 0.647, p < 0.001) and ultrafiltration plus substitution fluid flow rates (r = 0.525, p = 0.005). The ratio of the non-protein bound calcium concentration to total calcium concentration values at the pre-filter point after infusion of citrate were constant about 0.83. Based on the clearance and the calcium ratio, the amount of extracorporeal calcium removal can be estimated with a simplified equation.
CONCLUSIONS: We provided an optimized calcium supplementation approach for post-dilution continuous venous-venous hemodiafiltration anticoagulated by citrate which may help to estimate the amount of extracorporeal circuit removal of calcium with regard to different dosages of regional citrate anticoagulation.",pubmed,abstract,"비타민 K 길항제, 직접경구항응고제 또는 헤파린을 사용하는 환자",식이보충제 또는 허브 보충제 병용,보충제 비병용 또는 기준 기간,"주요·경미 출혈, 혈전색전증, 응고검사 변화, 약물 상호작용","무작위시험, 코호트, 환자-대조군, 자기대조 연구, 증례군, 체계적 고찰"
v3ref-0046,pubmed:16538237,HRS3_PREGNANCY,Vitamin-mineral supplement use by low-income Brazilian pregnant adolescents and non-adolescents and the predictors for non-use.,"OBJECTIVES: To determine (1) the intake of vitamin-mineral supplements by 855 low-income Brazilian pregnant adolescents and non-adolescents in three interviews (gestational ages < or =16, 20-26 and 30-36 weeks), (2) the relationship between vitamin-mineral supplementation and toxic exposure, and nutritional, psychological, socio-economic, demographic and obstetric characteristics of the women.
DESIGN: Longitudinal cohort study.
SETTING: Jundiaí city, São Paulo, Brazil.
SUBJECTS: A total of 855 pregnant adolescents and non-adolescents who attended antenatal care from September 1997 to August 2000.
METHODS: A general questionnaire was utilized three times in pregnancy (gestational ages < or =16, 20-26 and 30-36 weeks) to investigate the vitamin-mineral supplements ingested by the women, their smoking habit and alcohol intake, anthropometric measurements (pre-pregnancy and actual weight, height, mid-upper arm circumference) and psychological (anxiety, stress and distress), socio-economic (per capita income), demographic (education, age, marital status) and obstetric (gravidity) characteristics. The associations between vitamin-mineral supplementation and maternal characteristics were assessed in 12 multiple logistic regression models, stratifying the women by age and per capita income.
RESULTS: Iron and vitamin C were the most ingested supplements by adolescents and non-adolescents, in the three interviews. Logistic regression analysis revealed that the maternal predictors for non-use of vitamin-mineral supplementation were acute anxiety and alcohol intake for adolescents, and low education, single without partner, distress (anxiety, depression, etc.) and stress for non-adolescents.
CONCLUSIONS: These are important data to identify groups of low-income pregnant women in need of supplementation guidance and nutrition education. Stress/distress was a predictor for non-use of vitamin-mineral supplements for both adolescents and non-adolescents pregnant women.",pubmed,abstract,임신부와 태아 또는 신생아,임신 중 식이보충제 또는 허브 보충제 노출,"비노출, 위약 또는 통상 산전관리","산모 독성, 임신 합병증, 선천성 이상, 태아·신생아 이상반응","무작위시험, 임신 코호트, 환자-대조군, 등록자료 연구, 증례군, 체계적 고찰"
v3ref-0047,pubmed:15075963,HRS4_LIVER_DISEASE,Drug-induced liver injury: what you need to know.,,pubmed,title_only,기존 간질환이 있는 성인 또는 소아 환자,식이보충제 또는 허브 보충제 노출,비노출 또는 통상 관리,"약인성 간손상, 간기능 악화, 간부전, 입원","코호트, 환자-대조군, 약물감시 연구, 증례군, 체계적 고찰"
v3ref-0048,pubmed:34272737,HRS4_LIVER_DISEASE,"Drug-induced liver injury in Australia, 2009-2020: the increasing proportion of non-paracetamol cases linked with herbal and dietary supplements.","OBJECTIVE: To compare the characteristics and outcomes of drug-induced liver injury (DILI) caused by paracetamol and non-paracetamol medications, particularly herbal and dietary supplements.
DESIGN: Retrospective electronic medical record data analysis.
SETTING, PARTICIPANTS: Adults admitted with DILI to the Gastroenterology and Liver Centre at the Royal Prince Alfred Hospital, Sydney (a quaternary referral liver transplantation centre), 2009-2020.
MAIN OUTCOME MEASURES: 90-day transplant-free survival; drugs implicated as causal agents in DILI.
RESULTS: A total of 115 patients with paracetamol-related DILI and 69 with non-paracetamol DILI were admitted to our centre. The most frequently implicated non-paracetamol medications were antibiotics (19, 28%), herbal and dietary supplements (15, 22%), anti-tuberculosis medications (six, 9%), and anti-cancer medications (five, 7%). The number of non-paracetamol DILI admissions was similar across the study period, but the proportion linked with herbal and dietary supplements increased from 2 of 13 (15%) during 2009-11 to 9 of 19 (47%) during 2018-20 (linear trend: P = 0.011). Despite higher median baseline model for end-stage liver disease (MELD) scores, 90-day transplant-free survival for patients with paracetamol-related DILI was higher than for patients with non-paracetamol DILI (86%; 95% CI, 79-93% v 71%; 95% CI, 60-82%) and herbal and dietary supplement-related cases (59%; 95% CI, 34-85%). MELD score was an independent predictor of poorer 90-day transplant-free survival in both paracetamol-related (per point increase: adjusted hazard ratio [aHR], 1.19; 95% CI, 1.09-3.74) and non-paracetamol DILI (aHR, 1.24; 95% CI, 1.14-1.36).
CONCLUSION: In our single centre study, the proportion of cases of people hospitalised with DILI linked with herbal and dietary supplements has increased since 2009. Ninety-day transplant-free survival for patients with non-paracetamol DILI, especially those with supplement-related DILI, is poorer than for those with paracetamol-related DILI.",pubmed,abstract,기존 간질환이 있는 성인 또는 소아 환자,식이보충제 또는 허브 보충제 노출,비노출 또는 통상 관리,"약인성 간손상, 간기능 악화, 간부전, 입원","코호트, 환자-대조군, 약물감시 연구, 증례군, 체계적 고찰"
v3ref-0049,pubmed:33846832,HRS4_LIVER_DISEASE,An Approach to Drug-Induced Liver Injury from the Geriatric Perspective.,"PURPOSE OF REVIEW: With its high variability in both presentation and severity, drug-induced liver injury (DILI) is a complex condition increasingly confronting all providers. DILI has an even more muddled presentation among the geriatric population due to age-related changes in liver physiology and biochemistry as well as polypharmacy common in the geriatric population.
RECENT FINDINGS: Most cases of DILI are idiosyncratic and unpredictable. DILI, especially related to herbal and dietary supplement (HDS) use, is increasingly recognized as a leading cause of acute liver failure and need for liver transplantation. Unfortunately, liver transplantation is a limited option for the elderly, a population that exhibits significant HDS use. One recent study suggests that early use of N-acetylcysteine may be useful in preventing progression to acute liver failure in non-acetaminophen DILI. In the future, a personalized medicine approach using genomic signatures may be feasible to prevent DILI. This review serves to raise recognition of the unique aspects of DILI in the geriatric population to promote rapid diagnosis and early intervention to prevent progression to liver failure and death. For now, DILI remains a diagnosis of exclusion, and care providers for the elderly must focus on obtaining a thorough history that includes HDS use and intervening early in suspected DILI cases.",pubmed,abstract,기존 간질환이 있는 성인 또는 소아 환자,식이보충제 또는 허브 보충제 노출,비노출 또는 통상 관리,"약인성 간손상, 간기능 악화, 간부전, 입원","코호트, 환자-대조군, 약물감시 연구, 증례군, 체계적 고찰"
v3ref-0050,pubmed:25680499,HRS4_LIVER_DISEASE,Hepatotoxicity of herbal and dietary supplements: an update.,"Herbal and dietary supplements (HDS) have been used for health-related purposes since more than 5000 years, and their application is firmly anchored in all societies worldwide. Over last decades, a remarkable renaissance in the use of HDS can be noticed in affluent societies for manifold reasons. HDS are forms of complementary and alternative medicines commonly used to prevent or treat diseases, or simply as a health tonic. Another growing indication for HDS is their alleged benefit for weight loss or to increase physical fitness. Access is easy via internet and mail-order pharmacies, and their turnover reaches billions of dollars in the USA and Europe alone. However, HDS are generally not categorized as drugs and thus less strictly regulated in most countries. As a result, scientific evidence proving their beneficial effects is mostly lacking, although some HDS may have purported benefits. However, the majority lacks such proof of value, and their use is predominantly based on belief and hope. In addition to missing scientific evidence supporting their use, HDS are typically prone to batch-to-batch variability in composition and concentration, contamination, and purposeful adulteration. Moreover, numerous examples of preparations emerged which have been linked to significant liver injury. These include single ingredients, such as kava, germander, and several Chinese herbals. Other HDS products associated with liver toxicity consist of multiple, often ill-defined ingredients, such as Hydroxycut and Herbalife. Affirmative diagnostic tests are not available, and the assessment of liver injury ascribed to HDS depends on a thorough and proactive medical history, careful exclusion of other causes, and a search for available reports on similar events linked to the intake of the suspected preparation or ingredients contained therein.",pubmed,abstract,기존 간질환이 있는 성인 또는 소아 환자,식이보충제 또는 허브 보충제 노출,비노출 또는 통상 관리,"약인성 간손상, 간기능 악화, 간부전, 입원","코호트, 환자-대조군, 약물감시 연구, 증례군, 체계적 고찰"
v3ref-0051,pubmed:37858617,HRS1_PERIOPERATIVE,Effects of aromatherapy on patient satisfaction with procedural abortion at less than 10 weeks' gestation: A randomized controlled trial.,"OBJECTIVES: This study aimed to compare satisfaction with procedural abortion prior to 10 weeks' gestation in patients randomized to lavender essential oil aromatherapy vs placebo (jojoba oil).
STUDY DESIGN: This randomized trial compared lavender aromatherapy vs placebo in patients undergoing procedural abortion <10 weeks' gestation. Participants self-administered and inhaled oil during their procedures. Our primary outcome was composite mean score on the Iowa Satisfaction with Anesthesia Scale. Participants completed the State-Trait Anxiety Inventory, a visual analog scale reporting maximum procedural pain, and reported postprocedure aromatherapy acceptability.
RESULTS: We analyzed 112 participants randomized to aromatherapy (n = 57) vs placebo (n = 55). Baseline characteristics were similar between groups. We found no difference in overall satisfaction (mean Iowa Satisfaction with Anesthesia Scale scores aromatherapy: 0.72 ± 0.96 vs placebo: 0.46 ± 0.98, p = 0.17) or maximum procedural pain (median visual analog scale score aromatherapy: 65 [range: 4-95] vs placebo: 63 [range: 7-97], p = 0.91). Independent predictors of satisfaction included the use of oral sedation (B: 0.36; 95% CI: 0.04-0.69), state anxiety (B: -0.45; 95% CI: -0.79 to -0.10), and maximum procedural pain (B: -0.17; 95% CI: -0.25 to -0.09). The aromatherapy participants were significantly more likely to have found inhaling scented oil helpful during their procedure (71.9% vs 45.5%; p = 0.005) and would recommend it to a friend who needed a procedural abortion (86.0% vs 56.4%; p = 0.0005) compared to those in the placebo group. Additionally, patients in the aromatherapy group were significantly more likely to agree with the statement, ""If I need another procedural abortion, I would want to inhale scented oil during my procedure"" (87.7% vs 70.9%; p = 0.03).
CONCLUSIONS: The adjunctive use of lavender aromatherapy during first-trimester procedural abortion does not improve satisfaction with anesthesia but is highly valued by patients.
IMPLICATIONS: Oral opioids as an adjunct to standard analgesics during procedural abortion (ibuprofen and paracervical block) do not decrease pain, and nonopioid options are lacking. Given current limited anesthesia options, aromatherapy could serve as an affordable and acceptable nonopioid adjunct to current standard of care during procedural abortion.
GOV IDENTIFIER: NCT04969900.",pubmed,abstract,수술 또는 침습적 시술을 받는 성인,수술 전 식이보충제 또는 허브 보충제 노출,"비노출, 중단, 또는 통상 수술주위 관리","출혈, 수혈, 마취 상호작용, 수술주위 합병증","무작위시험, 코호트, 환자-대조군, 단면연구, 증례군, 체계적 고찰"
v3ref-0052,pubmed:27718306,HRS3_PREGNANCY,Common congenital anomalies: Environmental causes and prevention with folic acid containing multivitamins.,"Congenital anomalies, congenital defects, or birth defects are significant causes of death in infants. The most common congenital defects are congenital heart defects (CHDs) and neural tube defects (NTDs). Defects induced by genetic mutations, environmental exposure to toxins, or a combination of these effects can result in congenital malformations, leading to infant death or long-term disabilities. These defects produce significant mortality and morbidity in the affected individuals, and families are affected emotional and financially. Also, society is impacted on many levels. Congenital anomalies may be reduced by dietary supplements of folic acid and other vitamins. Here, we review the evidence for specific roles of toxins (alcohol, cigarette smoke) in causing common severe congenital anomalies like CHDs, NTDs, and ocular defects. We also review the evidence for beneficial effects for dietary supplementation, and highlight gaps in our knowledge, where research may contribute to additional benefits of intervention that can reduce birth defects. Extensive discussion of common severe congenital anomalies (CHDs, NTDs, and ocular defects) illustrates the effects of diet on the frequency and severity of these defects. Birth Defects Research (Part C) 108:274-286, 2016. © 2016 Wiley Periodicals, Inc.",pubmed,abstract,임신부와 태아 또는 신생아,임신 중 식이보충제 또는 허브 보충제 노출,"비노출, 위약 또는 통상 산전관리","산모 독성, 임신 합병증, 선천성 이상, 태아·신생아 이상반응","무작위시험, 임신 코호트, 환자-대조군, 등록자료 연구, 증례군, 체계적 고찰"
v3ref-0053,pubmed:15543329,HRS5_ANTICOAGULATION,"Over-the-counter vitamin K1-containing multivitamin supplements disrupt warfarin anticoagulation in vitamin K1-depleted patients. A prospective, controlled trial.","Most multivitamin supplements contain far less vitamin K(1) than thought to affect warfarin anticoagulation. Having described 3 patients with multivitamin-warfarin interactions, we hypothesized that vitamin K(1)-depleted patients are sensitive to even small increments. Therefore, we compared the effect of a vitamin K(1)-containing multivitamin on warfarin anticoagulation between patients with low versus normal vitamin K(1) status. We screened 102 warfarin-treated patients and recruited nine with ""low"" (< 1.5 mcg/L, 10(th) percentile) (group 1) and 7 with ""normal"" (>4.5 mcg/L, median) (group 2) total vitamin K(1) plasma levels (vitamin K(1) + vitamin K(1) 2,3-epoxide). Patients received one multivitamin tablet containing 25 mcg of vitamin K(1) daily, for 4 weeks (period 1). A predefined algorithm was used to adjust warfarin doses if the INR was outside the therapeutic range. Patients requiring warfarin increments were then switched to 4 weeks of a vitamin K(1)-free multivitamin supplement (period 2). During period 1, subtherapeutic INRs occurred in 9/9 and 1/7 patients in group 1 and 2, respectively (p <0.001). In group 1, INR decreased by a median of 0.51 (p <0.01), and warfarin dose had to be raised by 5.3% (p <0.01), whereas INR and warfarin dose did not change significantly in group 2. During period 2 (7 patients), there were trends towards decreased total vitamin K(1) and rising INRs associated with significantly lower warfarin doses. We conclude that vitamin K(1)-containing multivitamins reduce INR in patients with low vitamin K(1) status. Our study suggests that vitamin K-depleted patients are sensitive to even small changes in vitamin K(1) intake.",pubmed,abstract,"비타민 K 길항제, 직접경구항응고제 또는 헤파린을 사용하는 환자",식이보충제 또는 허브 보충제 병용,보충제 비병용 또는 기준 기간,"주요·경미 출혈, 혈전색전증, 응고검사 변화, 약물 상호작용","무작위시험, 코호트, 환자-대조군, 자기대조 연구, 증례군, 체계적 고찰"
v3ref-0054,pubmed:21481821,HRS3_PREGNANCY,[Influence of neonatal and maternal factors on the prevalence of vernix caseosa].,"At birth, vernix caseosa can cover the whole body surface or accumulate only on the back and in the skin folds. Interest in its composition and function and its possible applications in adults has increased in recent years. The objective of this study was to determine the prevalence of vernix caseosa in newborn infants in the health care area of Ferrol, Spain, and to assess its relationship with neonatal and maternal factors. We performed a prospective study of 1000 newborns seen within the first 3 days of life in our hospital. Vernix caseosa was observed in 42.9% of cases. The clinical profile associated with the presence of vernix caseosa was the following: healthy newborn girl with a high birth weight, born at term by normal vaginal delivery to a multiparous mother who had received medication and dietary supplements during pregnancy. The absence of vernix caseosa was associated with the presence of physiological scaling of the newborn and erythema toxicum neonatorum.",pubmed,abstract,임신부와 태아 또는 신생아,임신 중 식이보충제 또는 허브 보충제 노출,"비노출, 위약 또는 통상 산전관리","산모 독성, 임신 합병증, 선천성 이상, 태아·신생아 이상반응","무작위시험, 임신 코호트, 환자-대조군, 등록자료 연구, 증례군, 체계적 고찰"
v3ref-0055,pubmed:243856,HRS1_PERIOPERATIVE,NM goes to China:4.,,pubmed,title_only,수술 또는 침습적 시술을 받는 성인,수술 전 식이보충제 또는 허브 보충제 노출,"비노출, 중단, 또는 통상 수술주위 관리","출혈, 수혈, 마취 상호작용, 수술주위 합병증","무작위시험, 코호트, 환자-대조군, 단면연구, 증례군, 체계적 고찰"
v3ref-0056,pubmed:27608014,HRS4_LIVER_DISEASE,"Drug, Herb, and Dietary Supplement Hepatotoxicity.","The past decade has witnessed drugs, herbs, and dietary supplements share the common feature of potential liver injury in a few susceptible individuals.[...].",pubmed,abstract,기존 간질환이 있는 성인 또는 소아 환자,식이보충제 또는 허브 보충제 노출,비노출 또는 통상 관리,"약인성 간손상, 간기능 악화, 간부전, 입원","코호트, 환자-대조군, 약물감시 연구, 증례군, 체계적 고찰"
v3ref-0057,pubmed:29870727,HRS4_LIVER_DISEASE,Herbal assault: liver toxicity of herbal and dietary supplements.,,pubmed,title_only,기존 간질환이 있는 성인 또는 소아 환자,식이보충제 또는 허브 보충제 노출,비노출 또는 통상 관리,"약인성 간손상, 간기능 악화, 간부전, 입원","코호트, 환자-대조군, 약물감시 연구, 증례군, 체계적 고찰"
v3ref-0058,pubmed:20099994,HRS3_PREGNANCY,Role of omega-3 Fatty acids for prevention or treatment of perinatal depression.,"Perinatal depression is a complex mental health disorder that can manifest during pregnancy or after childbirth. Women with perinatal depression may not receive proper medical treatment because of concerns over teratogenic effects related to drug therapy. Evidence suggests that low levels of omega-3 fatty acids are correlated with depressive symptoms during pregnancy and after delivery. Omega-3 fatty acids may produce antidepressant effects due to their role in serotonin functioning. A literature search identified seven clinical trials of omega-3 fatty acids for the prevention or treatment of perinatal depression. Depression rating scale scores used in the studies improved, but results were statistically significant in only three trials. Four studies were randomized and placebo controlled, and three were open label. One study evaluating the prevention of postpartum depression in women with a history of depression was discontinued early due to relapse of depressive symptoms. In the trials we evaluated, the most common adverse effects were foul breath and/or unpleasant taste, and gastrointestinal complaints; no serious adverse events were reported. The seven studies were limited by small sample sizes and variable dosing and study durations. In the studies that demonstrated statistical significance, improvement in depression rating scale scores for omega-3 fatty acids was comparable to placebo. Overall, results have been inconclusive, but further investigation of omega-3 fatty acids is warranted because they did improve depression scores and appeared to be safe during pregnancy.",pubmed,abstract,임신부와 태아 또는 신생아,임신 중 식이보충제 또는 허브 보충제 노출,"비노출, 위약 또는 통상 산전관리","산모 독성, 임신 합병증, 선천성 이상, 태아·신생아 이상반응","무작위시험, 임신 코호트, 환자-대조군, 등록자료 연구, 증례군, 체계적 고찰"
v3ref-0059,pubmed:20213948,HRS5_ANTICOAGULATION,"Ask the doctor. I have been taking ginkgo pills for my memory for several years. I was just diagnosed with atrial fibrillation, and my doctor put me on Coumadin. Is it okay to keep taking ginkgo?",,pubmed,title_only,"비타민 K 길항제, 직접경구항응고제 또는 헤파린을 사용하는 환자",식이보충제 또는 허브 보충제 병용,보충제 비병용 또는 기준 기간,"주요·경미 출혈, 혈전색전증, 응고검사 변화, 약물 상호작용","무작위시험, 코호트, 환자-대조군, 자기대조 연구, 증례군, 체계적 고찰"
v3ref-0060,pubmed:13891485,HRS1_PERIOPERATIVE,[An anesthesia supplement to the Prema bronchoscope].,,pubmed,title_only,수술 또는 침습적 시술을 받는 성인,수술 전 식이보충제 또는 허브 보충제 노출,"비노출, 중단, 또는 통상 수술주위 관리","출혈, 수혈, 마취 상호작용, 수술주위 합병증","무작위시험, 코호트, 환자-대조군, 단면연구, 증례군, 체계적 고찰"
v3ref-0061,pubmed:825361,HRS1_PERIOPERATIVE,Traditional Chinese medicine balanced anesthesia for open heart surgery. A preliminary report of 50 cases.,,pubmed,title_only,수술 또는 침습적 시술을 받는 성인,수술 전 식이보충제 또는 허브 보충제 노출,"비노출, 중단, 또는 통상 수술주위 관리","출혈, 수혈, 마취 상호작용, 수술주위 합병증","무작위시험, 코호트, 환자-대조군, 단면연구, 증례군, 체계적 고찰"
v3ref-0062,pubmed:35318201,HRS4_LIVER_DISEASE,Toxic hepatitis-associated aplastic anaemia after dual homeopathic remedies and Gymnema sylvestre use.,"Hepatitis-associated aplastic anaemia (HAAA) is a rare condition characterised by onset of acute hepatitis which is followed by development of severe pancytopenia due to bone marrow failure within 6 months. This syndrome can be precipitated by acute viral infections, but the aetiology remains unknown in the majority. Drug-induced HAAA is extremely rare and has been reported with nutritional and dietary supplements in current literature. We report the first cases of ayurvedic herbal and homeopathic remedies-associated HAAA in two patients which proved fatal in both. Evaluation of patients with acute hepatitis and severe pancytopenia must include a detailed evaluation for complementary and alternative medicine use.",pubmed,abstract,기존 간질환이 있는 성인 또는 소아 환자,식이보충제 또는 허브 보충제 노출,비노출 또는 통상 관리,"약인성 간손상, 간기능 악화, 간부전, 입원","코호트, 환자-대조군, 약물감시 연구, 증례군, 체계적 고찰"
v3ref-0063,pubmed:29969892,HRS4_LIVER_DISEASE,Protective Effect and Mechanism of Theanine on Lipopolysaccharide-Induced Inflammation and Acute Liver Injury in Mice.,"Theanine, a unique bioactive constituent from tea ( Camellia sinensis) leaves, is widely used as a functional ingredient and dietary supplement. To evaluate the anti-inflammatory and hepatoprotective effects of theanine and its molecular mechanism, the lipopolysaccharide (LPS)-induced inflammation mouse model was employed in this study. The survival rate of mice in the theanine-treated group increased significantly compared with that of LPS-only group mice. Furthermore, ICR male mice were randomly divided into three or four groups: control, LPS (LPS treatment only), LPS + theanine (20 mg/kg/day), and theanine (theanine treatment only). The results showed that compared with the LPS group, the liver damage and oxidative stress of the theanine-treated group decreased significantly, based on plasma alanine aminotransferase (ALT) and aspartate aminotransferase (AST) concentrations, hepatic total superoxide dismutase (T-SOD), and malondialdehyde (MDA) levels, and histological scores and apoptosis [terminal deoxynucleotide transferase-mediated deoxyuridine triphosphate nick end-labeling (TUNEL) staining and caspase-3 activity] in the liver tissues. Furthermore, compared with no treatment, pretreatment with theanine significantly decreased the release of interleukin (IL)-1β and tumor necrosis factor (TNF)-α, inhibited the expression of several inflammatory factors (including IL-1β, TNF-α, and IL-6), and increased the IL-10/interferon (IFN)-γ ratio in the hepatic tissues. In the LPS-induced inflammation model, theanine inhibited the expression of proinflammatory mediators involved in the nuclear factor-kappa B (NF-κB) pathway, such as inducible nitric oxide synthase (iNOS) and matrix metalloproteinase-3 (MMP-3), and attenuated the phosphorylation of NF-κB in the hepatic tissues. Moreover, theanine suppressed the acute-phase response (elevated nitric oxide and C-reactive protein levels). Furthermore, theanine suppressed the LPS-induced inflammatory state by normalizing hypothalamic-pituitary-adrenal (HPA) axis hyperactivity. Taken together, the results suggest that theanine potentially ameliorates LPS-induced inflammation and acute liver injury; molecular mechanism of action may involve normalization of HPA axis hyperactivity and inactivation of the NF-κB signaling pathway.",pubmed,abstract,기존 간질환이 있는 성인 또는 소아 환자,식이보충제 또는 허브 보충제 노출,비노출 또는 통상 관리,"약인성 간손상, 간기능 악화, 간부전, 입원","코호트, 환자-대조군, 약물감시 연구, 증례군, 체계적 고찰"
v3ref-0064,pubmed:23716465,HRS3_PREGNANCY,"Prenatal exposure to nitrosatable drugs, vitamin C, and risk of selected birth defects.","UNLABELLED: Nitrosatable drugs, such as secondary or tertiary amines and amides react with nitrite in an acidic environment to form N-nitroso compounds, teratogens in animal models. Vitamin C is a known nitrosation inhibitor.
METHODS: Using data from the National Birth Defects Prevention Study, we assessed nitrosatable drug exposure and vitamin C intake during the first trimester among 11,606 case-mothers of infants with oral clefts, limb deficiencies (LDs), or congenital heart defects and 6807 control-mothers of infants without major birth defects during 1997-2005. Daily intake of vitamin C was estimated from maternal interviews that elicited information about supplement use and dietary intake.
RESULTS: With no reported use of nitrosatable drugs as the referent group, a lower odds ratio (OR) was observed for transverse LDs among births to mothers exposed to secondary amine drugs and daily vitamin C supplementation (adjusted odds ratio [aOR] 1.2, 95% confidence interval [CI] 0.83-1.8) compared with women taking these drugs and no supplementation (aOR 2.7, 95% CI 1.5-4.6). The OR for longitudinal LDs associated with secondary amine exposure was lower with daily dietary vitamin C intake ≥85 mg (aOR 1.2, 95% CI 0.68-2.0) compared with <85 mg (aOR 1.9, 95% CI 1.2-3.1). Daily vitamin C supplementation in combination with higher dietary vitamin C intake reduced associations between nitrosatable drug exposures and limb deficiencies and atrial septal defects not otherwise specified.
CONCLUSION: Prenatal dietary and vitamin C supplement intake may diminish the association between nitrosatable drug exposure during pregnancy and selected birth defects.",pubmed,abstract,임신부와 태아 또는 신생아,임신 중 식이보충제 또는 허브 보충제 노출,"비노출, 위약 또는 통상 산전관리","산모 독성, 임신 합병증, 선천성 이상, 태아·신생아 이상반응","무작위시험, 임신 코호트, 환자-대조군, 등록자료 연구, 증례군, 체계적 고찰"
v3ref-0065,pubmed:32403449,HRS3_PREGNANCY,Prenatal Nutrition Containing Bisphenol A Affects Placenta Glucose Transfer: Evidence in Rats and Human Trophoblast.,"This work aims to clarify the effect of dietary supplementation with Bisphenol A (BPA), a chemical widely present in beverage and food containers, on placental glucose transfer and pregnancy outcome. The study was performed on female Sprague Dawley rats fed with a diet containing BPA (2.5, 25 or 250 μg/Kg/day) for a period of a month (virgin state) plus 20 days during pregnancy. Western blot analysis and immunohistochemistry were performed in placental tissues for glucose type 1 transporter (GLUT1). Furthermore, human trophoblast, HTR8-SV/neo cells, were used to evaluate the effect of BPA on glucose transport and uptake. Studies in rats showed that food supplementation with BPA, produces a higher fetal weight (FW) to placenta weight (PW) ratio at the lowest BPA concentration. Such low concentrations also reduced maternal weight gain in late pregnancy and up-regulated placental expression of GLUT1. Treatment of HTR8-SV/neo with the non-toxic dose of 1 nM BPA confirmed up-regulation of GLUT1 expression and revealed higher activity of the transporter with an increase in glucose uptake and GLUT1 membrane translocation. Overall, these results indicate that prenatal exposure to BPA affects pregnancy and fetal growth producing changes in the placental nutrients-glucose transfer.",pubmed,abstract,임신부와 태아 또는 신생아,임신 중 식이보충제 또는 허브 보충제 노출,"비노출, 위약 또는 통상 산전관리","산모 독성, 임신 합병증, 선천성 이상, 태아·신생아 이상반응","무작위시험, 임신 코호트, 환자-대조군, 등록자료 연구, 증례군, 체계적 고찰"
v3ref-0066,pubmed:30873598,HRS3_PREGNANCY,Multiple-micronutrient supplementation for women during pregnancy.,"BACKGROUND: Multiple-micronutrient (MMN) deficiencies often coexist among women of reproductive age in low- and middle-income countries. They are exacerbated in pregnancy due to the increased demands of the developing fetus, leading to potentially adverse effects on the mother and baby. A consensus is yet to be reached regarding the replacement of iron and folic acid supplementation with MMNs. Since the last update of this Cochrane Review in 2017, evidence from several trials has become available. The findings of this review will be critical to inform policy on micronutrient supplementation in pregnancy.
OBJECTIVES: To evaluate the benefits of oral multiple-micronutrient supplementation during pregnancy on maternal, fetal and infant health outcomes.
SEARCH METHODS: For this 2018 update, on 23 February 2018 we searched Cochrane Pregnancy and Childbirth's Trials Register, ClinicalTrials.gov, the WHO International Clinical Trials Registry Platform (ICTRP), and reference lists of retrieved studies. We also contacted experts in the field for additional and ongoing trials.
SELECTION CRITERIA: All prospective randomised controlled trials evaluating MMN supplementation with iron and folic acid during pregnancy and its effects on pregnancy outcomes were eligible, irrespective of language or the publication status of the trials. We included cluster-randomised trials, but excluded quasi-randomised trials. Trial reports that were published as abstracts were eligible.
DATA COLLECTION AND ANALYSIS: Two review authors independently assessed trials for inclusion and risk of bias, extracted data and checked them for accuracy. We assessed the quality of the evidence using the GRADE approach.
MAIN RESULTS: We identified 21 trials (involving 142,496 women) as eligible for inclusion in this review, but only 20 trials (involving 141,849 women) contributed data. Of these 20 trials, 19 were conducted in low- and middle-income countries and compared MMN supplements with iron and folic acid to iron, with or without folic acid. One trial conducted in the UK compared MMN supplementation with placebo. In total, eight trials were cluster-randomised.MMN with iron and folic acid versus iron, with or without folic acid (19 trials)MMN supplementation probably led to a slight reduction in preterm births (average risk ratio (RR) 0.95, 95% confidence interval (CI) 0.90 to 1.01; 18 trials, 91,425 participants; moderate-quality evidence), and babies considered small-for-gestational age (SGA) (average RR 0.92, 95% CI 0.88 to 0.97; 17 trials; 57,348 participants; moderate-quality evidence), though the CI for the pooled effect for preterm births just crossed the line of no effect. MMN reduced the number of newborn infants identified as low birthweight (LBW) (average RR 0.88, 95% CI 0.85 to 0.91; 18 trials, 68,801 participants; high-quality evidence). We did not observe any differences between groups for perinatal mortality (average RR 1.00, 95% CI 0.90 to 1.11; 15 trials, 63,922 participants; high-quality evidence). MMN supplementation led to slightly fewer stillbirths (average RR 0.95, 95% CI 0.86 to 1.04; 17 trials, 97,927 participants; high-quality evidence) but, again, the CI for the pooled effect just crossed the line of no effect. MMN supplementation did not have an important effect on neonatal mortality (average RR 1.00, 95% CI 0.89 to 1.12; 14 trials, 80,964 participants; high-quality evidence). We observed little or no difference between groups for the other maternal and pregnancy outcomes: maternal anaemia in the third trimester (average RR 1.04, 95% CI 0.94 to 1.15; 9 trials, 5912 participants), maternal mortality (average RR 1.06, 95% CI 0.72 to 1.54; 6 trials, 106,275 participants), miscarriage (average RR 0.99, 95% CI 0.94 to 1.04; 12 trials, 100,565 participants), delivery via a caesarean section (average RR 1.13, 95% CI 0.99 to 1.29; 5 trials, 12,836 participants), and congenital anomalies (average RR 1.34, 95% CI 0.25 to 7.12; 2 trials, 1958 participants). However, MMN supplementation probably led to a reduction in very preterm births (average RR 0.81, 95% CI 0.71 to 0.93; 4 trials, 37,701 participants). We were unable to assess a number of prespecified, clinically important outcomes due to insufficient or non-available data.When we assessed primary outcomes according to GRADE criteria, the quality of evidence for the review overall was moderate to high. We graded the following outcomes as high quality: LBW, perinatal mortality, stillbirth, and neonatal mortality. The outcomes of preterm birth and SGA we graded as moderate quality; both were downgraded for funnel plot asymmetry, indicating possible publication bias.We carried out sensitivity analyses excluding trials with high levels of sample attrition (> 20%). We found that results were consistent with the main analyses for all outcomes. We explored heterogeneity through subgroup analyses by maternal height, maternal body mass index (BMI), timing of supplementation, dose of iron, and MMN supplement formulation (UNIMMAP versus non-UNIMMAP). There was a greater reduction in preterm births for women with low BMI and among those who took non-UNIMMAP supplements. We also observed subgroup differences for maternal BMI and maternal height for SGA, indicating greater impact among women with greater BMI and height. Though we found that MMN supplementation made little or no difference to perinatal mortality, the analysis demonstrated substantial statistical heterogeneity. We explored this heterogeneity using subgroup analysis and found differences for timing of supplementation, whereby higher impact was observed with later initiation of supplementation. For all other subgroup analyses, the findings were inconclusive.MMN versus placebo (1 trial)A single trial in the UK found little or no important effect of MMN supplementation on preterm births, SGA, or LBW but did find a reduction in maternal anaemia in the third trimester (RR 0.66, 95% CI 0.51 to 0.85), when compared to placebo. This trial did not measure our other outcomes.
AUTHORS' CONCLUSIONS: Our findings suggest a positive impact of MMN supplementation with iron and folic acid on several birth outcomes. MMN supplementation in pregnancy led to a reduction in babies considered LBW, and probably led to a reduction in babies considered SGA. In addition, MMN probably reduced preterm births. No important benefits or harms of MMN supplementation were found for mortality outcomes (stillbirths, perinatal and neonatal mortality). These findings may provide some basis to guide the replacement of iron and folic acid supplements with MMN supplements for pregnant women residing in low- and middle-income countries.",pubmed,abstract,임신부와 태아 또는 신생아,임신 중 식이보충제 또는 허브 보충제 노출,"비노출, 위약 또는 통상 산전관리","산모 독성, 임신 합병증, 선천성 이상, 태아·신생아 이상반응","무작위시험, 임신 코호트, 환자-대조군, 등록자료 연구, 증례군, 체계적 고찰"
v3ref-0067,pubmed:41343054,HRS5_ANTICOAGULATION,Implementation of an integrative safety consultation service for the use of dietary and herbal supplements among patients with hematological diseases.,"INTRODUCTION: Dietary and herbal supplements (DHS) are used by 30% of hematological patients despite safety concerns. A service of integrative safety consultations was implemented in the Hematological Institute of Bnai Zion Medical Center. This study examines the effect of such consultation on DHS safety in hematologic patients.
METHODS: Patients from the Hematological Institute were referred to the ""integrative safety consultation team."" The naturopath recommended DHS according to symptoms disclosed, and safety analysis was performed by the clinical pharmacist. Symptom and side effect assessment was repeated in each follow-up visit to evaluate DHS safety.
RESULTS: Between 2021 and 2024, 42 patients were included. Twenty-eight (67%) used DHS before the consultation. Employed patients were more likely to use DHS (p = 0.02). A total of 176 potential interactions were described in 30 patients. Most interactions were theoretical (45%), with a pharmacodynamic additive mechanism (59%), involving herbs (82%) and antihypertensives (26%) or anticoagulants (23%). One side effect was disclosed following Hericium prescription to a patient that developed leg edema and neuropathic pain exacerbation (probable causality according to the Naranjo scale and FDA algorithm). Patients' concerns improved from the first to the second visit. In 21% of the patients who used DHS before the consultation, DHS was documented in the medical chart by the time of first consultation, all of them pertaining to vitamins or minerals.
CONCLUSION: Consideration of DHS in the management of patients with hematological conditions requires a systematic and comprehensive process to ensure patient safety and wellbeing. An integrative safety naturopathic-pharmacologic consultation can address such needs.",pubmed,abstract,"비타민 K 길항제, 직접경구항응고제 또는 헤파린을 사용하는 환자",식이보충제 또는 허브 보충제 병용,보충제 비병용 또는 기준 기간,"주요·경미 출혈, 혈전색전증, 응고검사 변화, 약물 상호작용","무작위시험, 코호트, 환자-대조군, 자기대조 연구, 증례군, 체계적 고찰"
v3ref-0068,pubmed:28188842,HRS3_PREGNANCY,Vitamin D supplementation during pregnancy: Improvements in birth outcomes and complications through direct genomic alteration.,"Pregnancy represents a time of rapid change, including dramatic shifts in vitamin D metabolism. Circulating concentrations of the active form of vitamin D-1,25(OH)2D skyrocket early in pregnancy to levels that would be toxic to a nonpregnant adult, signaling a decoupling of vitamin D from the classic endocrine calcium metabolic pathway, likely serving an immunomodulatory function in the mother and her developing fetus. In this review, we summarize the unique aspects of vitamin D metabolism and the data surrounding vitamin D requirements during this important period. Both observational and clinical trials are reviewed in the context of vitamin D's health effects during pregnancy that include preeclampsia, preterm birth, and later disease states such as asthma and multiple sclerosis. With enhanced knowledge about vitamin D's role as a preprohormone, it is clear that recommendations about supplementation must mirror what is clinically relevant and evidence-based. Future research that focuses on the critical period(s) leading up to conception and during pregnancy to correct deficiency or maintain optimal vitamin D status remains to be studied. In addition, what effects vitamin D has on genetic signatures that minimize the risk to the mother and her developing fetus have not been elucidated. Clearly, while there is much more research that needs to be performed, our understanding of vitamin D requirements during pregnancy has advanced significantly during the last few decades.",pubmed,abstract,임신부와 태아 또는 신생아,임신 중 식이보충제 또는 허브 보충제 노출,"비노출, 위약 또는 통상 산전관리","산모 독성, 임신 합병증, 선천성 이상, 태아·신생아 이상반응","무작위시험, 임신 코호트, 환자-대조군, 등록자료 연구, 증례군, 체계적 고찰"
v3ref-0069,pubmed:22831551,HRS4_LIVER_DISEASE,Herbal hepatotoxicity: a critical review.,"This review deals with herbal hepatotoxicity, identical to herb induced liver injury (HILI), and critically summarizes the pitfalls associated with the evaluation of assumed HILI cases. Analysis of the relevant publications reveals that several dozens of different herbs and herbal products have been implicated to cause toxic liver disease, but major quality issues limit the validity of causality attribution. In most of these reports, discussions around quality specifications regarding herbal products, case data presentations and causality assessment methods prevail. Though the production of herbal drugs is under regulatory surveillance and quality aspects are normally not a matter of concern, low quality of the less regulated herbal supplements may be a critical issue considering product batch variability, impurities, adulterants and herb misidentifications. Regarding case data presentation, essential diagnostic information is often lacking, as is the use of valid and liver specific causality assessment methods that also consider alternative diseases. At present, causality is best assessed by using the Council for International Organizations of Medical Sciences scale ( CIOMS) in its original or updated form, which should primarily be applied prospectively by the treating physician when evaluating a patient rather than retrospectively by regulatory agencies. To cope with these problems, a common quality approach by manufacturers, physicians and regulatory agencies should strive for the best quality. We propose steps for improvements with impact on future cases of liver injury by herbs, herbal drugs and herbal supplements.",pubmed,abstract,기존 간질환이 있는 성인 또는 소아 환자,식이보충제 또는 허브 보충제 노출,비노출 또는 통상 관리,"약인성 간손상, 간기능 악화, 간부전, 입원","코호트, 환자-대조군, 약물감시 연구, 증례군, 체계적 고찰"
v3ref-0070,pubmed:35023227,HRS3_PREGNANCY,Potential benefits versus hazards of herbal therapy during pregnancy; a systematic review of available literature.,"The use of herbal medicine has considerably grown worldwide in the past two decades. Studies have shown that the prevalence of herbal diet therapy in pregnancy ranged from 1% to 60% in different societies. Many clinical reports have shown that some herbal medicines may have toxic effects on pregnant women and their fetuses because active ingredients of some medicinal plants can readily pass through the biological barriers (e.g., placental barrier). In the present study, we aimed to systematically review the literature to discover potential benefits versus the hazards of herbal therapy during pregnancy. For this purpose, a comprehensive literature review was performed, and after the literature search and selection of the appropriate documents, the desired data were extracted and reported. From 35 articles with a total of 39,950 study population, the results showed that some medicinal plants could cause severe toxicity on mothers and fetuses, in addition to abortion during pregnancy. It was also shown that some plants may lead to developmental abnormalities or fetal death. Findings of this survey showed that some herbal medicines have toxic, teratogenic, and abortive potential, particularly in the first trimester of pregnancy because active ingredients of some medicinal plants are able to pass through the placental barrier and reach the fetus.",pubmed,abstract,임신부와 태아 또는 신생아,임신 중 식이보충제 또는 허브 보충제 노출,"비노출, 위약 또는 통상 산전관리","산모 독성, 임신 합병증, 선천성 이상, 태아·신생아 이상반응","무작위시험, 임신 코호트, 환자-대조군, 등록자료 연구, 증례군, 체계적 고찰"
v3ref-0071,pubmed:34985089,HRS4_LIVER_DISEASE,Clinical correlation between serum cytokines and the susceptibility to Polygonum multiflorum-induced liver injury and an experimental study.,"Polygonum multiflorum (PM), a popular functional food, and a herbal and dietary supplement, is widely used as a tonic in China and East Asia. In recent years, it has attracted great concern for its ability to cause idiosyncratic drug-induced liver injury (IDILI). However, identifying individuals susceptible to IDILI remains challenging. This is a prospective study. For 6 patients whose serum alanine aminotransferase (ALT) levels after consuming PM were abnormally elevated (susceptible group), 15 patients with normal levels of liver injury markers were matched (tolerant group) based on similar baseline characteristics. ProcartaPlex immunoassays were adopted to quantitatively detect 33 serum cytokines in the two groups of patients before consuming PM, to characterize the cytokine profile and screen differential cytokines. Subsequently, the susceptibility of a potential biomarker to regulate PM-induced liver injury was validated in animal models. There were significant differences in the cytokine profiles between the susceptible and tolerant groups, wherein the susceptible patients showed immune perturbation characterized by high expression of multiple inflammatory cytokines, especially the proinflammatory cytokine TNF-α (P = 0.006). Among them, the cytokine TNF-α had the strongest correlation with ALT, where the correlation coefficient was greater than 0.6, and the area under the receiver operating characteristic curve was more than 0.8. Animal experiments revealed that both PM water extract and its susceptibility component of liver injury, cis-stilbene glucoside, could cause liver injury in the mice pre-stimulated using TNF-α. Conversely, administration of the same dose of drugs on control mice did not show any hepatotoxicity. In conclusion, immune perturbation mainly mediated by TNF-α may regulate the susceptibility to PM-induced liver injury. This provides a new perspective for the study of susceptibility to IDILI.",pubmed,abstract,기존 간질환이 있는 성인 또는 소아 환자,식이보충제 또는 허브 보충제 노출,비노출 또는 통상 관리,"약인성 간손상, 간기능 악화, 간부전, 입원","코호트, 환자-대조군, 약물감시 연구, 증례군, 체계적 고찰"
v3ref-0072,pubmed:11940341,HRS1_PERIOPERATIVE,Complication of cesarean section: pregnancy on the cicatrix of a previous cesarean section.,"OBJECTIVE: To probe into the clinical manifestation, diagnosis, as well as treatment of pregnancy on the cicatrix of a previous cesarean section at the uterine isthmus in the first trimester.
METHODS: Analysis of 14 patients with pregnancy on the cicatrix of a previous cesarean section at the uterine isthmus in the first trimester was made after conservative treatment by drugs from January 1996 to December 1999.
RESULTS: The 14 patients with a pregnancy on the cicatrix of a previous cesarean section at the uterine isthmus in the first trimester were painless, had slight vaginal bleeding, and concurrently had increased serum beta-subunit human chorionic gonadotropin (beta-HCG). Doppler ultrasonic examination revealed an obvious enlargement of the previous cesarean section cicatrix in the uterine isthmus, and found a gestational sac or mixed mass attached to the cicatrice, with a very thin myometrium between the gestational sac and bladder walls. Among the 14 patients, 12 patients had crystalline trichosanthes injected into the cervix, mifepristone taken orally, or methotrexate in the form of intramuscular injection. Following this procedure, their serum beta-HCG dropped to normal. The other 2 patients had a total hysterectomy.
CONCLUSIONS: Pregnancy on the cicatrix of a previous cesarean section at the uterine isthmus in the first trimester is a complication of cesarean section. Early diagnosis and effective conservative treatment by drugs are instrumental in decreasing the potential occurrence of uterine rupture, which is also conducive to preserving the patient's future fertility.",pubmed,abstract,수술 또는 침습적 시술을 받는 성인,수술 전 식이보충제 또는 허브 보충제 노출,"비노출, 중단, 또는 통상 수술주위 관리","출혈, 수혈, 마취 상호작용, 수술주위 합병증","무작위시험, 코호트, 환자-대조군, 단면연구, 증례군, 체계적 고찰"
v3ref-0073,pubmed:29433390,HRS4_LIVER_DISEASE,"Ethnomedicine, Phytochemistry and Pharmacology of Smilax glabra: An Important Traditional Chinese Medicine.","Smilax glabra (SG) Roxb., a well-known traditional Chinese medicine, has been extensively used worldwide for its marked pharmacological activities for treating syphilitic poisoned sores, limb hypertonicity, morbid leucorrhea, eczema pruritus, strangury due to heat, carbuncle toxin, and many other human ailments. Approximately 200 chemical compounds have been isolated from SG Roxb., and the major components have been determined to be flavonoids and flavonoid glycosides, phenolic acids, and steroids. Among these active compounds, the effects of astilbin, which is used as a quality control marker to determine the quality of SG Roxb., have been widely investigated. Based on in vivo and in vitro studies, the primary active components of SG Roxb. possess various pharmacological activities, such as cytotoxic, anti-inflammatory and immune-modulatory effects, anti-oxidant, hepatoprotective, antiviral, antibacterial, and cardiovascular system protective activities. However, an extensive study to determine the relationship between the chemical compositions and pharmacological effects of SG Roxb. has not been conducted and is worth of our study. Improving the means of utilizing the effects of SG is crucial. The present paper reviews the ethnopharmacology, phytochemistry, and pharmacology of SG Roxb. and assesses its ethnopharmacological use in order to explore its therapeutic potential for future research.",pubmed,abstract,기존 간질환이 있는 성인 또는 소아 환자,식이보충제 또는 허브 보충제 노출,비노출 또는 통상 관리,"약인성 간손상, 간기능 악화, 간부전, 입원","코호트, 환자-대조군, 약물감시 연구, 증례군, 체계적 고찰"
v3ref-0074,pubmed:38886787,HRS1_PERIOPERATIVE,"Understanding maternal Ethnomedical Folklore in Central Uganda: a cross-sectional study of herbal remedies for managing Postpartum hemorrhage, inducing uterine contractions and abortion in Najjembe sub-county, Buikwe district.","UNLABELLED: Pregnant women in rural Uganda largely rely on medicinal plants for inducing labor, treating postpartum hemorrhage (PPH), and inducing abortion. 90% of the women in both rural and urban Uganda use plants to manage pregnancy symptoms like constipation, heartburn, morning sickness, body aches, nausea, and vomiting. After delivery women continue using plants to manage postpartum complications and for infant care especially herbal baths. This study documented how ethnomedical folklore has been used to aid childbirth, manage postpartum hemorrhage, and induce abortion.
METHODS: A cross-sectional ethnobotanical survey was conducted from May - December 2023 in Najjemebe sub-county, Buikwe district. 206 respondents from 12 villages were selected using snowball sampling. Key informants included Traditional Birth Attendants (TBAs) and herbalists. Data was collected using semi-structured questionnaires and focus group discussions. Voucher specimens of the plants were identified and authenticated at Makerere University Herbarium. Data were analyzed using descriptive statistics, Informant Consensus factor (ICF), Use Reports (URs), paired comparisons, and GraphPad Prism® version 9.0.0 software.
RESULTS: All respondents (N = 206, 100%), used plants to induce labour, treat PPH, and induce abortion. One hundred four plant species were documented: most cited or preferred were: Hoslundia opposita (N = 109, 53%), Phytolacca dodecandra (N = 72, 35%), and Commelina erecta (N = 47, 23%). The plants belonged to 49 families, Lamiaceae (16.3%) and Fabaceae (14.3%) having the majority of the species. Herbs were 42 (40%) and trees 23 (22%). Oral administration 95(72%) was the commonest, then topical 19 (14.4%) and vaginal 14(10.6%).
CONCLUSION: Health surveys revealed that about 27% of deliveries in Uganda take place outside a health facility. Due to the oxytocic effects of plant species reported in this study, they play a triple role of being uterotonics, abortifacients, and treating postpartum haemmorhage. The dilemma lies in the unknown dosages and toxicity levels that could endanger both the mother's and the unborn child's lives. Due to Uganda's high rates of population growth, overall fertility, maternal mortality, and morbidity, policies, and programmes on gendered health provision need to be reevaluated. Integrating herbal medicine into health care systems appears to be a feasible solution.",pubmed,abstract,수술 또는 침습적 시술을 받는 성인,수술 전 식이보충제 또는 허브 보충제 노출,"비노출, 중단, 또는 통상 수술주위 관리","출혈, 수혈, 마취 상호작용, 수술주위 합병증","무작위시험, 코호트, 환자-대조군, 단면연구, 증례군, 체계적 고찰"
v3ref-0075,pubmed:16115136,HRS5_ANTICOAGULATION,Complimentary and alternative medicine use among patients starting warfarin.,"The use of complimentary and alternative medicines (CAM) among the UK population is on the increase. For patients requiring warfarin therapy, it is important to maintain an adequate and safe level of anticoagulation. As some forms of CAM can interact with warfarin, it is imperative that any patient considered for warfarin, is asked about their use of CAM. Our report describes the incidence and type of CAM usage among patients about to start or recently commenced on warfarin therapy attending our outpatient anticoagulant clinic. All patients attending clinic for the first time were seen by a pharmacist. A retrospective analysis of the pharmaceutical care plans for all patients seen during 2003 were analysed regarding the degree of CAM usage. Of 631 care plans reviewed, 170 (26.9%) patients were taking some form of CAM. Ninety-nine (58% of all CAM users) were taking a CAM that could interact with warfarin; the commonest forms were cod-liver oil capsules and garlic capsules. We conclude that many patients new to warfarin therapy were significant users of CAM, many of which had the potential to interact with warfarin. By taking a full drug history, potential CAM/warfarin interactions could be avoided.",pubmed,abstract,"비타민 K 길항제, 직접경구항응고제 또는 헤파린을 사용하는 환자",식이보충제 또는 허브 보충제 병용,보충제 비병용 또는 기준 기간,"주요·경미 출혈, 혈전색전증, 응고검사 변화, 약물 상호작용","무작위시험, 코호트, 환자-대조군, 자기대조 연구, 증례군, 체계적 고찰"
v3ref-0076,pubmed:17055186,HRS4_LIVER_DISEASE,Ginkgo biloba extract: as a novel agent in prevention of valproic acid hepatotoxicity.,,pubmed,title_only,기존 간질환이 있는 성인 또는 소아 환자,식이보충제 또는 허브 보충제 노출,비노출 또는 통상 관리,"약인성 간손상, 간기능 악화, 간부전, 입원","코호트, 환자-대조군, 약물감시 연구, 증례군, 체계적 고찰"
v3ref-0077,pubmed:20821822,HRS4_LIVER_DISEASE,Pinus massoniana bark extract protects against oxidative damage in L-02 hepatic cells and mice.,"The hepatoprotective activity of Pinus massoniana bark extract (PMBE) against hydrogen peroxide (H2O2)-induced damage in normal human liver L-02 cells and carbon tetrachloride (CCl4)-induced acute hepatotoxicity in mice was investigated. The L-02 cells were pre-treated with PMBE for 24 hours prior to exposure to 0.5 mM H2O2 for 3 or 24 hours. The cell viability, level of malondialdehyde (MDA) and glutathione (GSH), and the catalase (CAT) activity were evaluated. For in vivo experiments, mice were divided into groups and PMBE administered orally, after which each group was assigned a further treatment. Histopathological examination, the serum levels of alanine aminotransferase (ALT), aspartate aminotransferase (AST), alkaline phosphatase (ALP), and GSH, the liver tissue levels of MDA and GSH, the activities of CAT and glutathione peroxidase (GSH-Px), were evaluated. PMBE treatment decreased the level of MDA and increased the cell viability, GSH content and CAT activity in H2O2 treated L-02 cells treated for 3 hours. PMBE obviously decreased serum ALT, AST, ALP, and liver tissue MDA, while increasing serum GSH, and liver tissue CAT and GSH-Px activities. In conclusion, PMBE treatment prevents H2O2 and CCl4-induced liver damage, and therefore could have a potential clinical usage.",pubmed,abstract,기존 간질환이 있는 성인 또는 소아 환자,식이보충제 또는 허브 보충제 노출,비노출 또는 통상 관리,"약인성 간손상, 간기능 악화, 간부전, 입원","코호트, 환자-대조군, 약물감시 연구, 증례군, 체계적 고찰"
v3ref-0078,pubmed:12807347,HRS4_LIVER_DISEASE,"Toxicity of kava pyrones, drug safety and precautions--a case study.","Kava pyrones have been sold in Germany as OTC anxiolytics until June 2002, when all preparations with a kava pyrone content of more than 10(-4) of a homeopathic stock solution were withdrawn. Other countries in which kava pyrones have been used as anxiolytics, namely GB and the USA, have not followed suit. Kava pyrone anxiolytics have been positively reviewed by the Cochrane Collaboration; also newer German clinical studies have indicated pharmacological anxiolysis at the recommended doses. To use the first choice of treatment, psychotherapy, for all uncomplicated cases of pathological fear does not appear to be realistic. Current data about kava pyrone toxicity are unclear. Judging from the few well documented cases of kava pyrone hepatotoxicity (appr. 2 out of 36) in Germany and Switzerland, an immunologically mediated idiosyncratic mechanism appears to be most likely, especially at higher doses, whereas a direct toxic mechanism is much less likely. No direct results are available for the incidence of kava pyrone-related adverse drug effects. From spontaneously reported cases the incidences of adverse drug reactions cannot be obtained, a rough estimation indicates the incidence of hepatotoxicity to be comparable to those of benzodiazepines. Taken together, the withdrawal of kava pyrone-based anxiolytics appears to be an ill founded over-reaction given the lack of superior therapeutic alternatives. Neither the case evaluations presented by the BfArM (Bundesamt für Arzneimittel und Medizinprodukte = Federal Office for Drugs and Medical Products) nor the complete rejection of proof for therapeutic efficacy of kava pyrone anxiolytics are scientifically well founded.",pubmed,abstract,기존 간질환이 있는 성인 또는 소아 환자,식이보충제 또는 허브 보충제 노출,비노출 또는 통상 관리,"약인성 간손상, 간기능 악화, 간부전, 입원","코호트, 환자-대조군, 약물감시 연구, 증례군, 체계적 고찰"
v3ref-0079,pubmed:35685517,HRS3_PREGNANCY,Effects of Pro/Prebiotics Alone over Pro/Prebiotics Combined with Conventional Antibiotic Therapy to Treat Bacterial Vaginosis: A Systematic Review.,"BACKGROUND: Bacterial vaginosis (BV), caused by an imbalance in the vaginal microbiota, can be treated and prevented by probiotics. Pregnant women with BV can experience premature labor and spontaneous abortions. Probiotics and prebiotics promote the proliferation of beneficial microorganisms, alter the composition of the vaginal microbiota, and prevent intravaginal infections in postmenopausal women. In addition to reducing infection symptoms, pre/probiotics can also help prevent vaginal infections.
MATERIALS AND METHODS: A systematic review was conducted on studies from 2010 to 2020 to determine the efficacy of pre/probiotics on the treatment of BV in pregnant and nonpregnant women. The databases Medline, Scopus, Embase, and Google Scholar were systematically searched using the following keywords: ""bacterial vaginosis,"" ""probiotics,"" ""prebiotics,"" and ""synbiotics.""
RESULTS: A total of 1,871 articles were found in the initial search, and 24 clinical trials were considered eligible. In studies comparing the effects of pre/probiotics and placebos with or without antibiotic therapy in patients with BV, significant differences in clinical outcomes were observed. Probiotics reduced the levels of IL-1β and IL-6, as well as the overall Nugent score and Amsel's criteria for restitution of a balanced vaginal microbiota. In addition, probiotics can reduce the vaginal colonization of Group B streptococci among pregnant women. In subjects treated with probiotics, BV cure rates were higher than those in subjects treated with antibiotics. There were no additional adverse events.
CONCLUSION: Pre/probiotic regimens, when used for BV treatment, are usually safe and can exhibit long-term and short-term benefits. In order to prove the benefits of pre/probiotics in BV treatment, additional high-quality research is required.",pubmed,abstract,임신부와 태아 또는 신생아,임신 중 식이보충제 또는 허브 보충제 노출,"비노출, 위약 또는 통상 산전관리","산모 독성, 임신 합병증, 선천성 이상, 태아·신생아 이상반응","무작위시험, 임신 코호트, 환자-대조군, 등록자료 연구, 증례군, 체계적 고찰"
v3ref-0080,pubmed:11246572,HRS3_PREGNANCY,Is the jury still out on folic acid and congenital anomalies?,,pubmed,title_only,임신부와 태아 또는 신생아,임신 중 식이보충제 또는 허브 보충제 노출,"비노출, 위약 또는 통상 산전관리","산모 독성, 임신 합병증, 선천성 이상, 태아·신생아 이상반응","무작위시험, 임신 코호트, 환자-대조군, 등록자료 연구, 증례군, 체계적 고찰"
v3ref-0081,pubmed:31996592,HRS2_KIDNEY_DISEASE,Vitamin D in chronic kidney disease: is there a role outside of PTH control?,"PURPOSE OF REVIEW: Vitamin D deficiency is common in patients with kidney disease and many patients receive vitamin D supplementation. Several large, well-designed clinical trials have been published in the last few years evaluating the effects of vitamin D supplementation on important outcomes for patients with kidney disease including effects on cardiovascular disease, secondary hyperparathyroidism, and kidney disease progression.
RECENT FINDINGS: Several negative trials have been published showing no effect of cholecalciferol supplementation on cardiovascular events, kidney disease progression, and albuminuria. Long-term supplementation does not appear to be associated with kidney stone disease. Vitamin D supplementation decreases parathyroid hormone (PTH) levels and high levels of 25-hydroxyvitamin D may be required for maximal suppression.
SUMMARY: There appear to be no effects of vitamin D supplementation on noncalcemic outcomes including progression of kidney disease, albuminuria, or cardiovascular disease. The primary reason to use vitamin D in kidney disease remains to lower PTH levels.",pubmed,abstract,만성콩팥병 또는 투석 환자,"비처방 비타민, 무기질 또는 허브 보충제 노출","비노출, 위약 또는 통상 관리","고칼륨혈증, 고칼슘혈증, 신독성, 심혈관 이상반응","무작위시험, 코호트, 환자-대조군, 약물감시 연구, 증례군, 체계적 고찰"
v3ref-0082,pubmed:19476472,HRS3_PREGNANCY,Can we prevent diabetic birth defects with micronutrients?,"Congenital malformations are more common in infants of diabetic women than in children of non-diabetic women. The mechanisms behind diabetes-induced congenital anomalies are not known. Disturbed micronutrient metabolism, in concert with oxidative stress, has been suggested as a cause of diabetes-induced malformations by several studies. In experimental work, administration of inositol, arachidonic acid and several antioxidative compounds, as well as folic acid, to the embryo, has proven to attenuate the teratogenic effects of a diabetic environment. Future therapeutic efforts may include supplementation with antioxidants or micronutrients, such as folic acid, to the pregnant diabetic woman, although exact compounds and doses need to be determined.",pubmed,abstract,임신부와 태아 또는 신생아,임신 중 식이보충제 또는 허브 보충제 노출,"비노출, 위약 또는 통상 산전관리","산모 독성, 임신 합병증, 선천성 이상, 태아·신생아 이상반응","무작위시험, 임신 코호트, 환자-대조군, 등록자료 연구, 증례군, 체계적 고찰"
v3ref-0083,pubmed:11909887,HRS5_ANTICOAGULATION,Complementary and alternative medicine (CAM) use by older adults: a comparison of self-report and physician chart documentation.,"BACKGROUND: Older adults are increasingly using complementary and alternative medicine (CAM) dietary supplements and herbal remedies, but may not discuss this with their physicians. When patients do report using CAM, their physicians may not record this information in patient charts.
METHODS: This cross-sectional analysis compared results of a convenience sample survey with medical charts. Participants were older than 65 and from an urban academic hospital's ambulatory geriatrics practice. We measured (i) prevalence of CAM use; (ii) proportion of CAM supplements and herbs (CAMsh) reported by patients and documented in patients' charts; (iii) percentage of patients reporting taking CAMsh with anticoagulant activity (ginger, ginkgo, garlic, and vitamin E) while concomitantly taking prescribed anticoagulant medications, as per chart; and (iv) percentages of those patients for whom the CAM anticoagulant was or was not documented in the chart.
RESULTS: We surveyed 212 patients; of those, 182 had available charts. Prevalence of CAM use was 64%. Only 35% of all self-reported supplements were documented in the charts. Of 182 patients, 84 (46%) reported taking CAM with anticoagulant properties: of these, 52% took a prescribed anticoagulant (per chart), while 48% took CAM but not prescribed anticoagulants.
CONCLUSION: CAM use is highly prevalent among older adults. Physicians do not consistently record the use of CAMsh on patients' charts. This may lead to unrecognized, potentially harmful drug-herb/drug-supplement interactions. Physicians should elicit and document information on CAM use from older adult patients, both to provide sound medical care and to advance knowledge about drug-herb/drug-supplement interactions.",pubmed,abstract,"비타민 K 길항제, 직접경구항응고제 또는 헤파린을 사용하는 환자",식이보충제 또는 허브 보충제 병용,보충제 비병용 또는 기준 기간,"주요·경미 출혈, 혈전색전증, 응고검사 변화, 약물 상호작용","무작위시험, 코호트, 환자-대조군, 자기대조 연구, 증례군, 체계적 고찰"
v3ref-0084,pubmed:39400653,HRS1_PERIOPERATIVE,Aromatherapy Using Lavender Oil Effectiveness on Pain and Anxiety After C-Section: A Randomized Controlled Trial.,"BACKGROUND: Managing postoperative setting, regarding pain and anxiety after cesarean delivery is crucial for the mother's recovery, her emotional well-being, mother-infant bonding and initiating breastfeeding. Although some research have suggested that aromatherapy with lavender essential oil can be effective in reducing pain and anxiety in various medical settings, the efficacy of lavender aromatherapy in the postoperative setting after cesarean delivery is less well-studied. We aimed to assess the effectiveness of lavender essential oil therapy in the management of pain and anxiety after cesarean delivery.
METHODS: This was a monocentric randomized controlled double-blind trial conducted over a period of five months during 2023. A hundred women undergoing c-sections under spinal anesthesia were enrolled and randomly assigned; using block randomization of 4 items per block with allocation ratio 1:1, into two groups: The aromatherapy group (receiving inhaled Lavender essential oil) versus the placebo group (receiving distilled water instead). The primary outcomes were pain (at rest and after mobilization) and anxiety levels and after the intervention. This trial was registered on clinical-trials.org (NCT06387849).
RESULTS: A total of 100 women were included (50 women in each group aromatherapy and the placebo group). The two groups were comparable regarding baseline characteristics and pre-intervention parameters with no statistically significant difference. After the intervention, the pain at rest (38,76 ± 22,9 vs. 23,84 ± 18,01; p < 0.001), the pain after mobilization (60,28 ± 23,72 vs. 40,12 ± 22,18; p < 0.001), and degree of anxiety (46,76 ± 6,59 vs. 44,3 ± 5,17; p = 0.03) were all significantly lower in the aromatherapy group. No adverse effects were reported by participants in both groups.
CONCLUSION: Aromatherapy using Lavender essential oil is effective in reducing pain and anxiety after cesarean delivery without adverse effects.",pubmed,abstract,수술 또는 침습적 시술을 받는 성인,수술 전 식이보충제 또는 허브 보충제 노출,"비노출, 중단, 또는 통상 수술주위 관리","출혈, 수혈, 마취 상호작용, 수술주위 합병증","무작위시험, 코호트, 환자-대조군, 단면연구, 증례군, 체계적 고찰"
v3ref-0085,pubmed:19590205,HRS1_PERIOPERATIVE,A comprehensive review of evidence-based strategies to prevent and treat postoperative ileus.,"BACKGROUND: Postoperative ileus (POI) is a common complication of abdominal and several other surgeries leading to increased hospital stay and healthcare costs. POI also contributes towards numerous postsurgical comorbidities including deep vein thrombosis and pneumonia. POI is characterized by bowel distention and lack of bowel sounds, flatus and bowel movements. The causative mechanism is not fully understood and may be multifactorial including disorganized electrical activity, activation of inflammatory mediators and the use of opioid analgesics.
METHODS: A selective review of the literature pertaining to the prevention and treatment of adynamic ileus and POI was completed. More specifically we sought to evaluate RCTs, meta-analyses, consensus statements and articles providing graded evidence-based data on POI prevention and treatment.
RESULTS: Perioperative strategies employed to prevent or limit the duration of POI include avoidance of preoperative fasting and mechanical bowel preparation, use of epidural-local anesthetics, implementation of minimally-invasive surgical techniques, and modification of pain management strategies to limit opioid administration among others.
CONCLUSION: Though many of these strategies have proven beneficial, no single approach has demonstrated the ability to prevent or treat POI. However, when these strategies are used in combination as part of a fast-track multimodal treatment plan, there is a significant decrease in time to return of normal bowel function and a shortened hospital stay. Additional studies are needed to make specific recommendations regarding which components of fast-track protocols are most beneficial.",pubmed,abstract,수술 또는 침습적 시술을 받는 성인,수술 전 식이보충제 또는 허브 보충제 노출,"비노출, 중단, 또는 통상 수술주위 관리","출혈, 수혈, 마취 상호작용, 수술주위 합병증","무작위시험, 코호트, 환자-대조군, 단면연구, 증례군, 체계적 고찰"
v3ref-0086,pubmed:27471014,HRS4_LIVER_DISEASE,[Hepatotoxicity associated with herbal and dietary supplements].,,pubmed,title_only,기존 간질환이 있는 성인 또는 소아 환자,식이보충제 또는 허브 보충제 노출,비노출 또는 통상 관리,"약인성 간손상, 간기능 악화, 간부전, 입원","코호트, 환자-대조군, 약물감시 연구, 증례군, 체계적 고찰"
v3ref-0087,pubmed:36868489,HRS4_LIVER_DISEASE,The Evolving Profile of Idiosyncratic Drug-Induced Liver Injury.,"Idiosyncratic drug-induced liver injury (DILI) is an infrequent but important cause of liver disease. Newly identified causes of DILI include the COVID vaccines, turmeric, green tea extract, and immune checkpoint inhibitors. DILI is largely a clinical diagnosis of exclusion that requires evaluation for more common causes of liver injury and a compatible temporal association with the suspect drug. Recent progress in DILI causality assessment includes the development of the semi-automated revised electronic causality assessment method (RECAM) instrument. In addition, several drug-specific HLA associations have been identified that can help with the confirmation or exclusion of DILI in individual patients. Various prognostic models can help identify the 5%-10% of patients at highest risk of death. Following suspect drug cessation, 80% of patients with DILI fully recover, whereas 10%-15% have persistently abnormal laboratory studies at 6 months of follow-up. Hospitalized patients with DILI with an elevated international normalized ratio or mental status changes should be considered for N-acetylcysteine therapy and urgent liver transplant evaluation. Selected patients with moderate to severe drug reaction with eosinophilia and systemic symptoms or autoimmune features on liver biopsy may benefit from short-term corticosteroids. However, prospective studies are needed to determine the optimal patients and dose and duration of steroids to use. LiverTox is a comprehensive, freely accessible Web site with important information regarding the hepatotoxicity profile of more than 1000 approved medications and 60 herbal and dietary supplement products. It is hoped that ongoing ""omics"" studies will lead to additional insight into DILI pathogenesis, improved diagnostic and prognostic biomarkers, and mechanism-based treatments.",pubmed,abstract,기존 간질환이 있는 성인 또는 소아 환자,식이보충제 또는 허브 보충제 노출,비노출 또는 통상 관리,"약인성 간손상, 간기능 악화, 간부전, 입원","코호트, 환자-대조군, 약물감시 연구, 증례군, 체계적 고찰"
v3ref-0088,pubmed:18482454,HRS3_PREGNANCY,Effect of iron content on the tolerability of prenatal multivitamins in pregnancy.,"BACKGROUND: Gastrointestinal irritability can deter pregnant women from starting or continuing prenatal multivitamin supplementation. In a previous study, suboptimal tolerability was observed among pregnant women taking a large tablet (18 mm x 8 mm x 8 mm) multivitamin with high elemental iron content (60 mg as ferrous fumarate). The objective of the present study was to compare rates of adherence and reported adverse events among pregnant women who were randomized to commence supplementation with a small-tablet prenatal multivitamin, containing either low or high iron content.
METHODS: Pregnant women who called the Motherisk Program (Hospital for Sick Children, Toronto) and had not started taking or had discontinued any multivitamin due to adverse events were included in this prospective, randomized, open-label, 2-arm study. Women were randomized to take a small-size (16 mm x 9 mm x 4 mm), low elemental iron content (35 mg as ferrous fumarate) multivitamin ('35 mg' group); or a small-size (5 mm radius, 5 mm thickness), high elemental iron content (60 mg as ferrous sulphate) multivitamin ('60 mg' group). Follow-up interviews documented pill intake and adverse events. Rates of adherence and adverse events were compared between groups using chi-squared tests and Kaplan-Meier survival curves.
RESULTS: Of 167 randomized women, 92 in the '35 mg' group and 75 in the '60 mg' group were included in the analysis. Despite ideal conditions and regular follow-ups, mean adherence based on pill intake recall, in both groups was approximately 50%. No statistically significant difference was detected in proportions of women who actually started taking either multivitamin. Among those who started, no difference was detected in rates of adherence or reported adverse events.
CONCLUSION: The present results suggest that iron content is not a major determinant of adherence to prenatal multivitamins. Combined with our previous study, tablet size may be the more definitive factor affecting adherence.",pubmed,abstract,임신부와 태아 또는 신생아,임신 중 식이보충제 또는 허브 보충제 노출,"비노출, 위약 또는 통상 산전관리","산모 독성, 임신 합병증, 선천성 이상, 태아·신생아 이상반응","무작위시험, 임신 코호트, 환자-대조군, 등록자료 연구, 증례군, 체계적 고찰"
v3ref-0089,pubmed:28162128,HRS3_PREGNANCY,Haemoconcentration risk at the end of pregnancy: effects on neonatal behaviour.,"OBJECTIVE: To determine the associations between haemoconcentration at the end of pregnancy (third trimester and delivery) and neonatal behaviour in healthy pregnant women supplemented with moderate doses of Fe.
DESIGN: A prospective longitudinal study in which obstetric and clinical history, maternal toxic habits, maternal anxiety and Hb levels were recorded at the third trimester and delivery. Neonatal behaviour was assessed at 48-72 h of age using the Neonatal Behavioral Assessment Scale.
SETTING: Unit of Obstetrics and Gynaecology of the Sant Joan University Hospital in Reus, Tarragona (Spain).
SUBJECTS: A total of 210 healthy and well-nourished pregnant women and their full-term, normal-weight newborns.
RESULTS: The results showed that, after adjusting for confounders, in the third trimester the risk of haemoconcentration (6·2 % of pregnant women) was related to decreased neonatal state regulation (B=-1·273, P=0·006) and alertness (B=-1·848, P=0·006) scores. In addition, the risk of haemoconcentration at delivery (12·0 % of pregnant women) was also related to decreased neonatal state regulation (B=-0·796, P=0·021) and poor robustness and endurance (B=-0·921, P=0·005) scores.
CONCLUSIONS: Our results show that the risk of haemoconcentration at the end of pregnancy is related to the neonate's neurodevelopment (and self-regulation capabilities), suggesting that Fe supplementation patterns and maternal Fe status during pregnancy are important factors for neurodevelopment which may be carefully controlled.",pubmed,abstract,임신부와 태아 또는 신생아,임신 중 식이보충제 또는 허브 보충제 노출,"비노출, 위약 또는 통상 산전관리","산모 독성, 임신 합병증, 선천성 이상, 태아·신생아 이상반응","무작위시험, 임신 코호트, 환자-대조군, 등록자료 연구, 증례군, 체계적 고찰"
v3ref-0090,pubmed:36747270,HRS4_LIVER_DISEASE,The effect of vitamin D and magnesium supplementation on clinical symptoms and serum inflammatory and oxidative stress markers in patients with COVID-19: a structured summary of a study protocol for a randomized controlled trial.,"OBJECTIVES: This study aims to evaluate the effect of vitamin D and magnesium supplementation on clinical symptoms and serum inflammatory and oxidative stress markers in patients with COVID-19.
TRIAL DESIGN: This study is a 4-arm randomized, double-blind, placebo-controlled clinical trial with a factorial design and the intervention period is 3 weeks.
PARTICIPANTS: This study is conducted on COVID-19 patients admitted to the Shahid Mohammadi hospital in Bandar Abbas, Iran, who are eligible for inclusion in the study. Patients are included only if they meet all of the following criteria: (1) aged from 18 to 65 years old; (2) confirmation of COVID-19 by RT-PCR test; (3) completing informed consent; (4) passing less than 48 h since the patient's hospitalization; (5) no skin or gastrointestinal allergies due to taking multivitamin supplements, vitamin D, and magnesium; and (6) having more than 30 breaths per minute and less than 93% oxygen saturation in room air and sea level. Patients are excluded if they have any of the following conditions: (1) pregnancy or lactation; (2) taking a daily multivitamin or take a vitamin D or magnesium supplement in the last month; (3) participating in other clinical trials; (4) renal failure or dialysis, severe liver disease or cirrhosis; (5) known diagnosis of hypercalcemia; (6) discharging from the hospital less than 24 h after the start of the intervention; (7) history of kidney stones in the last year; (8) transfer the patient to the ICU; (9) baseline vitamin D levels above 80 ng/ml; (10) baseline magnesium levels above 2.6 mg/dl; and (11) unwillingness of the patient to continue the study.
INTERVENTION AND COMPARATOR: Participants will be randomly allocated to one of the four following groups: (A) vitamin D (two 50,000 IU capsules at the beginning of the study, two 50,000 IU capsules on the 4th day, one 50,000 IU capsule on the 11th day, and one 50,000 IU capsule on the 17th day) and magnesium supplement (300 mg/day); (B) vitamin D capsule and magnesium placebo; (C) magnesium supplement and vitamin D placebo; and (D) vitamin D placebo and magnesium placebo.
MAIN OUTCOMES: The resolution of clinical symptoms (fever, dry cough, shortness of breath, headache, myalgia, oxygen saturation, and mortality rate) and interpretation of laboratory assays (CRP, MDA, TAC, WBC, neutrophils count, lymphocytes count, ratio of neutrophils to lymphocytes, levels of 25 hydroxyvitamin D and magnesium) will be assessed in the study groups.
RANDOMIZATION: A computer-generated block randomization list is used for randomization.
BLINDING (MASKING): Investigators and patients are blinded to group allocation and treatment. A double-blind design is achieved using matched placebos.
NUMBERS TO BE RANDOMIZED (SAMPLE SIZE): A total of 104 eligible patients are randomized into four groups of 26 subjects (1:1:1:1 allocation ratio).
DISCUSSION: With the rapid prevalence of COVID-19 in recent years, more attention has been paid to effective dietary supplementation to improve clinical symptoms and biochemical parameters in these patients. To our knowledge, this is the first study to evaluate the effects of vitamin D supplementation in combination with magnesium or alone with respect to this infectious disease. The findings of the current RCT will provide evidence regarding the effectiveness of dietary supplementation strategies to improve COVID-19 outcomes.
TRIAL STATUS: Ethical approval of the first version of the study protocol was obtained from the medical ethics committee of Hormozgan University of Medical Sciences, Bandar Abbas, Iran on May 30, 2021 (IR.HUMS.REC.1400.085). Currently, the recruitment phase is ongoing since August 23, 2021, and is anticipated to be complete by the end of August 2022.
TRIAL REGISTRATION: The study protocol was registered in the Iranian Registry of Clinical Trials ( https://www.irct.ir ; IRCT20210702051763N1) on August 14, 2021. https://www.irct.ir/trial/57413 FULL PROTOCOL: The full protocol is attached as an additional file, accessible from the Trials website (Additional file 1). In the interest in expediting dissemination of this material, the familiar formatting has been eliminated; this letter serves as a summary of the key elements of the full protocol.",pubmed,abstract,기존 간질환이 있는 성인 또는 소아 환자,식이보충제 또는 허브 보충제 노출,비노출 또는 통상 관리,"약인성 간손상, 간기능 악화, 간부전, 입원","코호트, 환자-대조군, 약물감시 연구, 증례군, 체계적 고찰"
v3ref-0091,pubmed:39639196,HRS2_KIDNEY_DISEASE,Fanconi syndrome with acute proximal tubular injury induced by a dietary supplement containing beni-koji: a case series report.,"BACKGROUND: Fanconi syndrome is a disorder of the proximal tubule that leads to malabsorption of various electrolytes and substances and is a common consequence of drug-induced nephrotoxicity. However, cases of dietary supplement-induced Fanconi syndrome are rare, and detailed reports on the evaluation of renal histology in patients with this syndrome are lacking.
CASE PRESENTATION: We present two cases of dietary supplement-induced Fanconi syndrome that was confirmed by kidney biopsy. Based on their medical history and laboratory and histological findings, both cases were diagnosed as acute proximal tubular injury caused by ingestion of a lipid-lowering dietary supplement containing beni-koji leading to Fanconi syndrome. After discontinuation of the dietary supplement and correction of dehydration and electrolyte imbalance, renal function completely recovered in one case but progressed to chronic kidney disease in the other.
CONCLUSIONS: Clinicians should consider dietary supplement-induced Fanconi syndrome as a differential diagnosis in patients who become ill while taking a dietary supplement. Kidney biopsy is useful for diagnosing acute tubular injury with Fanconi syndrome and investigating its pathogenesis. Patients who have developed dietary supplement-induced Fanconi syndrome require long-term monitoring to detect and prevent progression to chronic kidney disease.",pubmed,abstract,만성콩팥병 또는 투석 환자,"비처방 비타민, 무기질 또는 허브 보충제 노출","비노출, 위약 또는 통상 관리","고칼륨혈증, 고칼슘혈증, 신독성, 심혈관 이상반응","무작위시험, 코호트, 환자-대조군, 약물감시 연구, 증례군, 체계적 고찰"
v3ref-0092,pubmed:16093231,HRS1_PERIOPERATIVE,Safety assurances for dietary supplements policy issues and new research paradigms.,"Herbal therapies are used by more than 12% of the U.S. population each year, resulting in annual out-of-pocket expenses above $5 billion. Utilization rates are particularly high among patients with chronic diseases, and in patients frequently seen in clinic by physicians and nurse practitioners. Most physicians do not receive formal education regarding the safety of these therapies, and there is growing concern in the medical community about the potential risks to patients and the paucity of reliable information. Numerous adverse effects and interactions have been attributed to dietary supplements, based on variable levels of evidence ranging from historical use or anecdotes to pre-clinical research or high-quality clinical trials. Significant potential morbidity and costs have been indirectly associated with herb/supplement-drug interactions, including increased emergency room visits, outpatient clinic visits, and perioperative complications. However, most research has focused on efficacy rather than safety. Post-market surveillance is complicated by the uneven standardization of products between manufacturers, and in some cases between batches produced by the same manufacturer. To assure public safety around the use of dietary supplements within the framework of existing legislation and market realities, schema must evolve to more systematically monitor the safety of agents in the post-market environment; identify potentially dangerous supplements (and/or constituents); study the mechanism and potential hazards of these identified products; and clarify the process by which products may be considered for removal from the market. We discuss research and educational paradigms within this context which make use of existing surveillance mechanisms to more efficiently identify agents of particular concern. Specific examples are given.",pubmed,abstract,수술 또는 침습적 시술을 받는 성인,수술 전 식이보충제 또는 허브 보충제 노출,"비노출, 중단, 또는 통상 수술주위 관리","출혈, 수혈, 마취 상호작용, 수술주위 합병증","무작위시험, 코호트, 환자-대조군, 단면연구, 증례군, 체계적 고찰"
v3ref-0093,pubmed:10876447,HRS1_PERIOPERATIVE,Use of complementary and alternative medicines by surgical patients.,"This study examined the frequency of surgical patient use of complementary and alternative medicines prior to surgery. After conducting a literature review on the known effects of alternative medicines, we evaluated their potential interactions with anesthetics. At the University of Colorado Health Sciences Center, Denver, Colo, we surveyed 500 elective surgical outpatients about alternative medicines taken during the 2 weeks prior to surgery. Of the 500 patients surveyed, 51% preoperatively took herbs, vitamins, dietary supplements, or homeopathic medicines (range, 1-22 per patient). Substances from 2 or more categories of alternative medicines (herbs, vitamins, dietary supplements, or homeopathic medicines) were consumed by 24% of patients. Twenty-four percent of surveyed patients consumed 50 different herbs, 41% took 9 types of vitamins, 44% took 31 types of dietary supplements, and 1% of patients took the homeopathic arnica. Classification by potential adverse effects revealed that 27% of surgical patients consumed alternative medicines that may inhibit coagulation, affect blood pressure (12%), cause sedation (9%), have cardiac effects (5%), or alter electrolytes (4%). Greater communication, knowledge, and scientific research are needed to safely integrate complementary and alternative medicines in the future management of the surgical patient.",pubmed,abstract,수술 또는 침습적 시술을 받는 성인,수술 전 식이보충제 또는 허브 보충제 노출,"비노출, 중단, 또는 통상 수술주위 관리","출혈, 수혈, 마취 상호작용, 수술주위 합병증","무작위시험, 코호트, 환자-대조군, 단면연구, 증례군, 체계적 고찰"
v3ref-0094,pubmed:30626086,HRS4_LIVER_DISEASE,Bamboo Stems (Phyllostachys nigra variety henosis) Containing Polyphenol Mixtures Activate Nrf2 and Attenuate Phenylhydrazine-Induced Oxidative Stress and Liver Injury.,"This study was designed to investigate the hepatoprotective effect of bamboo stems using in vitro and in vivo experimental liver damage models. Ethyl acetate fraction of 80% ethanol extract of Phyllostachys nigra stem (PN3) containing polyphenols had a higher NQO1-ARE reporter gene activity as monitored by the activity of the NF-E2-related factor (Nrf2) antioxidant pathway in cells in comparison to extracts from other species and under other conditions. The Nrf2 was translocated from the cytosol to the nucleus in response to PN3, followed by induction of the Nrf2 target gene expression, including HO-1, GCL, and NQO-1 in HepG2 cells. Phosphorylation of Nrf2 in HepG2 cells was enhanced in PN3, which was mediated by PKCδ, ERK, and p38 MAPK. Consequently, PN3 inhibited arachidonic acid (AA) + iron-induced reactive oxygen species generation and glutathione depletion, and, thus, highlighted their role in cytotoxicity. Treatment with major polyphenols of PN3, including catechin, chlorogenic acid, caffeic acid, and p-coumaric acid, also improved AA + iron-mediated oxidative stress and, thus, improved cell viability. Treatment with phenylhydrazine in mice, i.e., the iron overload liver injury model, increased plasma alanine aminotransferase and aspartate aminotransferase levels and changed histological features in mice-a response that was almost completely blocked by PN3 administration. Moreover, PN3 extract mitigated phenylhydrazine-induced oxidative stress and inflammatory responses. Conclusively, PN3 can exert a hepatoprotective effect against iron overload-induced acute liver damage due to its antioxidant properties.",pubmed,abstract,기존 간질환이 있는 성인 또는 소아 환자,식이보충제 또는 허브 보충제 노출,비노출 또는 통상 관리,"약인성 간손상, 간기능 악화, 간부전, 입원","코호트, 환자-대조군, 약물감시 연구, 증례군, 체계적 고찰"
v3ref-0095,pubmed:15340879,HRS5_ANTICOAGULATION,Functional food: a growing and not clearly controlled market with a risk potential ranging from a food to a drug.,,pubmed,title_only,"비타민 K 길항제, 직접경구항응고제 또는 헤파린을 사용하는 환자",식이보충제 또는 허브 보충제 병용,보충제 비병용 또는 기준 기간,"주요·경미 출혈, 혈전색전증, 응고검사 변화, 약물 상호작용","무작위시험, 코호트, 환자-대조군, 자기대조 연구, 증례군, 체계적 고찰"
v3ref-0096,pubmed:16037648,HRS3_PREGNANCY,[Pilot study for the surveillance of adverse reactions to herbal preparations and dietary supplements].,"Use of herbal medicine is increasing in Italy. Herbal preparations are generally used as self-medication, often in the wrong belief that ""natural"" can be equated with ""harmless"". Whereas use of these products has been associated with serious adverse events, due to the quality of the raw materials used, to interactions with synthetic drugs or to their use in particular conditions, such as pregnancy or lactation. To monitor herbal preparation use in the population is necessary in order to point out possible adverse reactions. This was the objective of this pilot study, together with the urgency to inform health personnel and patients on the correct use of these products. After this experience we strongly believe that a system to assess the safety of herbal preparations is needed.",pubmed,abstract,임신부와 태아 또는 신생아,임신 중 식이보충제 또는 허브 보충제 노출,"비노출, 위약 또는 통상 산전관리","산모 독성, 임신 합병증, 선천성 이상, 태아·신생아 이상반응","무작위시험, 임신 코호트, 환자-대조군, 등록자료 연구, 증례군, 체계적 고찰"
v3ref-0097,pubmed:15114493,HRS4_LIVER_DISEASE,Kava Hepatotoxicity: Are we any closer to the truth?,"In recent years, kava kava ( Piper methysticum, Forst. f., Piperaceae) has been implicated in a number of liver failure cases. Ever since this has kept the scientific world busy. Even though, on closer inspection, the majority of the case reports are probably not connected to kava intake, hepatotoxic effects of kava cannot generally be ruled out. In this article the major theories as to the mechanism of kava hepatotoxicity are summarized. But in spite of all these hypotheses, there is still no satisfactory answer. In any case, further studies, that might hopefully restore the reputation of kava, are required.",pubmed,abstract,기존 간질환이 있는 성인 또는 소아 환자,식이보충제 또는 허브 보충제 노출,비노출 또는 통상 관리,"약인성 간손상, 간기능 악화, 간부전, 입원","코호트, 환자-대조군, 약물감시 연구, 증례군, 체계적 고찰"
v3ref-0098,pubmed:12500906,HRS4_LIVER_DISEASE,"Hepatic toxicity possibly associated with kava-containing products--United States, Germany, and Switzerland, 1999-2002.","Since 1999, health-care professionals in Germany, Switzerland, and the United States have reported the occurrence of severe hepatic toxicity possibly associated with the consumption of products containing kava (i.e., kava kava or Piper methysticum). A total of 11 patients who used kava products had liver failure and underwent subsequent liver transplantation. On March 25, 2002, in response to five such case reports (four in Europe and one in the United States), the Food and Drug Administration (FDA) issued a consumer advisory and subsequently completed an investigation already underway of a similar U.S. case. This report presents the investigation of the two U.S. cases of liver failure associated with kava-containing dietary supplement products and summarizes the European cases. FDA continues to advise consumers and health-care providers about the potential risk associated with the use of kava-containing products.",pubmed,abstract,기존 간질환이 있는 성인 또는 소아 환자,식이보충제 또는 허브 보충제 노출,비노출 또는 통상 관리,"약인성 간손상, 간기능 악화, 간부전, 입원","코호트, 환자-대조군, 약물감시 연구, 증례군, 체계적 고찰"
v3ref-0099,pubmed:10589261,HRS4_LIVER_DISEASE,[Phytotherapy and hepatitis].,,pubmed,title_only,기존 간질환이 있는 성인 또는 소아 환자,식이보충제 또는 허브 보충제 노출,비노출 또는 통상 관리,"약인성 간손상, 간기능 악화, 간부전, 입원","코호트, 환자-대조군, 약물감시 연구, 증례군, 체계적 고찰"
v3ref-0100,pubmed:12163142,HRS4_LIVER_DISEASE,Role of S-adenosyl-L-methionine in the treatment of alcoholic liver disease: introduction and summary of the symposium.,"The National Institute on Alcohol Abuse and Alcoholism and the Office of Dietary Supplements, National Institutes of Health, sponsored a symposium on ""Role of S-Adenosyl-L-Methionine (SAMe) in the Treatment of Alcoholic Liver Disease"" in Bethesda, Maryland, September 2001. Alcoholic liver disease (ALD) is a major cause of illness and death in the United States. Oxidant stress plays a key role in pathogenesis of liver disease. S-Adenosyl-L-methionine, a dietary supplement, is the methyl donor for biochemical methylation reactions and a precursor of glutathione, the main hepatocellular antioxidant. S-Adenosyl-L-methionine has been shown to attenuate liver injury caused by alcohol and other hepatotoxins in some animal models. Understanding the mechanisms by which SAMe attenuates liver injury caused by alcohol may provide useful information for full-scale human clinical trials. For this symposium, seven speakers were invited to address the following issues: (1) impaired methionine metabolism in alcoholic liver injury; (2) regulation of liver function by SAMe; (3) folate deficiency, methionine metabolism, and alcoholic liver injury; (4) attenuating effect of SAMe on ALD in experimental animals; (5) SAMe and mitochondrial glutathione depletion in ALD; (6) SAMe and cytokine production in liver injury; and (7) role of SAMe in the prevention of hepatocarcinogenesis. The presentations of this symposium support the suggestion that SAMe may have potential to treat ALD by (1) acting as a precursor of antioxidant glutathione, (2) repairing mitochondrial glutathione transport system, (3) attenuating toxic effects of proinflammatory cytokines, and (4) increasing DNA methylation. Further studies are required to evaluate the safety and effectiveness of SAMe treatment.",pubmed,abstract,기존 간질환이 있는 성인 또는 소아 환자,식이보충제 또는 허브 보충제 노출,비노출 또는 통상 관리,"약인성 간손상, 간기능 악화, 간부전, 입원","코호트, 환자-대조군, 약물감시 연구, 증례군, 체계적 고찰"
v3ref-0101,pubmed:10994537,HRS5_ANTICOAGULATION,Herbs and the brain: friend or foe? The effects of ginkgo and garlic on warfarin use.,"In the quest for longevity and as an alternative to Western medicine, there has been a resurgence in traditional remedies. However, several concerns have been raised about the increased use of herbal remedies, including potential interactions with ""Western"" medicines, the lack of quality control, the assessment of herbal clinical trials, and the adulteration of herbal remedies by traditional prescribers. Taking an herbal history is not usually a part of medical/nursing practice, and patients usually do not readily volunteer such information. In the cerebrovascular and cardiac settings, it is particularly important to gain such a history and to educate patients and family members about the potential interactions of herbal remedies with anticoagulants. Two herbal supplements in particular, ginkgo biloba and garlic, have demonstrated effects on warfarin.",pubmed,abstract,"비타민 K 길항제, 직접경구항응고제 또는 헤파린을 사용하는 환자",식이보충제 또는 허브 보충제 병용,보충제 비병용 또는 기준 기간,"주요·경미 출혈, 혈전색전증, 응고검사 변화, 약물 상호작용","무작위시험, 코호트, 환자-대조군, 자기대조 연구, 증례군, 체계적 고찰"
v3ref-0102,pubmed:36361738,HRS3_PREGNANCY,Review: Influence of 25(OH)D Blood Concentration and Supplementation during Pregnancy on Preeclampsia Development and Neonatal Outcomes.,"Briefly, 25-hydroxyvitamin D (25(OH)D) plays an essential role in embryogenesis and the course of intra- and postnatal periods and is crucially involved in the functioning of the mother-placenta-fetus system. The low quantity of 25(OH)D during pregnancy can lead to an elevated risk for preeclampsia occurrence. Despite the numerous studies on the association of 25(OH)D deficiency and preeclampsia development, the current research on this theme is contradictory. In this review, we summarize and analyze study data on the effects of 25(OH)D deficiency and supplementation on pregnancy, labor, and fetal and neonatal outcomes.",pubmed,abstract,임신부와 태아 또는 신생아,임신 중 식이보충제 또는 허브 보충제 노출,"비노출, 위약 또는 통상 산전관리","산모 독성, 임신 합병증, 선천성 이상, 태아·신생아 이상반응","무작위시험, 임신 코호트, 환자-대조군, 등록자료 연구, 증례군, 체계적 고찰"
v3ref-0103,pubmed:17562348,HRS4_LIVER_DISEASE,Serious adverse liver reactions associated with herbal weight-loss supplements.,,pubmed,title_only,기존 간질환이 있는 성인 또는 소아 환자,식이보충제 또는 허브 보충제 노출,비노출 또는 통상 관리,"약인성 간손상, 간기능 악화, 간부전, 입원","코호트, 환자-대조군, 약물감시 연구, 증례군, 체계적 고찰"
v3ref-0104,pubmed:9857270,HRS3_PREGNANCY,Safety of vitamin A: recent results.,"A still unresolved public health concern is that excessive vitamin A intake, like vitamin A deficiency, possibly causes birth defects not only in animals but also in man. Due to the low incidence of possibly vitamin A-related malformations in man, available data cannot convincingly define the upper safe limit of periconceptional vitamin A intake. Direct human intervention studies are not feasible for ethical reasons. Therefore, a novel approach in addressing this issue was chosen by combining teratogenicity data from a validated animal model with data on systemic exposure to vitamin A and its major metabolites in female volunteers. In a study in pregnant women endogenous plasma concentrations of vitamin A metabolites during early pregnancy ranged from 0.26 to 7.72 ng/ml. Since they did not cause any foetal malformations, retinoid plasma levels in this range can be considered non-teratogenic. Results of a trial in non-pregnant women document that daily oral vitamin A supplements of 4000, 10,000 and 30,000 IU given for 3 weeks were in the range or slightly above the range of endogenous plasma levels seen in early pregnancy. Even after a 3-week treatment with 30,000 IU/day, peak plasma levels of retinoic acid and isotretinoin were within or just slightly above the range of their physiological levels. In cynomolgus monkeys (average weight: 3-4 kg), a NOAEL (no observed adverse effect level) of 7500 IU per kg body weight and a LOAEL (lowest observed adverse effect level) for developmental toxicity of 20,000 IU/kg was found. Considering these results in the cynomolgus monkey, a dose of 30,000 IU/day should also be considered as non-teratogenic in man.",pubmed,abstract,임신부와 태아 또는 신생아,임신 중 식이보충제 또는 허브 보충제 노출,"비노출, 위약 또는 통상 산전관리","산모 독성, 임신 합병증, 선천성 이상, 태아·신생아 이상반응","무작위시험, 임신 코호트, 환자-대조군, 등록자료 연구, 증례군, 체계적 고찰"
v3ref-0105,pubmed:15891270,HRS4_LIVER_DISEASE,"Important role of proinflammatory cytokines/other endogenous substances in drug-induced hepatotoxicity: depression of drug metabolism during infections/inflammation states, and genetic polymorphisms of drug-metabolizing enzymes/cytokines may markedly contribute to this pathology.","Analysis of literature data on drug-induced hepatotoxicity reveals that often upper respiratory febrile illnesses and/or inflammation states precede liver injury/diseases related to administration of drugs or hepatotoxicity associated with administration of therapeutic doses of acetaminophen in some genetically predisposed subjects. The goals of this paper are to review the potential role of alterations in the balance between TH1 cells producing cytokines associated with a cell-mediated response and TH2 cells associated with an antibody response, as well as other endogenous substances, eg, growth factors, leading to a shift in immune response to one that may participate in the liver cells injury during administration of certain drugs, especially in subjects with genetic polymorphisms in drug-metabolizing enzymes. The papers cited in this review were selected to illustrate specific issue related to how profuse and dysregulated production of cytokines, growth factors, and/or other endogenous substances during viral/bacterial infections and inflammation states play a role in the development of drug-induced liver injury. Several cases of liver injury related to administration of drugs appear to be initiated or intensified by upper respiratory febrile illnesses and/or inflammation states, which stimulate sometimes dysregulated production of interferon gamma and/or other proinflammatory cytokines/growth factors. This, in turn, results in down-regulation of various induced and constitutive isoforms of cytochromes P-450, and other enzymes involved in the metabolism of several exogenous (eg, drugs) and endogenous lipophilic (eg, steroids) substances, thus having an important impact on the alterations in bioactivation and detoxication processes in the body and on the balance between production, utilization, and elimination of endogenous bioproducts of these reactions. Activation of systemic host defense mechanisms results in down-regulation of various enzymes involved in drug metabolism and elimination, as well as in production, utilization, and excretion of many endogenous substances that have beneficial effects on vital processes in the body. It seems that treatment of acute and chronic infections and/or inflammations with, for example, antibacterials not metabolized in the liver, and use of medications that decrease proinflammatory cytokine levels (eg, pentoxifylline, a TNF-alpha synthesis inhibitor, directed against TNF-alpha-induced priming of human neutrophils, immunotherapy with IL-4, IL-1 receptor antagonists or factors inducing IL-1ra, dietary supplementation with long-chain n-3 fatty acids, and other antioxidant agents) may perhaps, in some cases, be helpful in the prevention and management of drug-induced hepatotoxicity. Drug-mediated injuries may eventually be prevented by screening methods that can identify genetic polymorphism of drug-metabolizing enzymes and gene polymorphisms or RNA-expression profiles of some proinflammatory cytokines before a patient uses a drug.",pubmed,abstract,기존 간질환이 있는 성인 또는 소아 환자,식이보충제 또는 허브 보충제 노출,비노출 또는 통상 관리,"약인성 간손상, 간기능 악화, 간부전, 입원","코호트, 환자-대조군, 약물감시 연구, 증례군, 체계적 고찰"
v3ref-0106,pubmed:18602145,HRS5_ANTICOAGULATION,Prostasol and venous thromboembolism.,"OBJECTIVES: To create physician awareness of complementary and alternative medicine therapy use in patients with prostate cancer so that physicians can monitor for adverse events. Approximately one fourth to one third of patients diagnosed with prostate cancer reported complementary and alternative medicine use, and many of these patients are taking a supplement called ""Dr. Donsbach's Prostasol.""
METHODS: We discuss the cases of 2 patients with prostate cancer who were taking Dr. Donsbach's Prostasol and developed venous thromboembolic events while taking this supplement, in the absence of other obvious risk factors. We review these 2 cases and the time-line for the development of the venous thromboembolic events and use of Dr. Donsbach's Prostasol. We compared Prostasol with PC-SPES, a similar supplement that was associated with thrombosis and was ultimately taken off the market because of patient safety concerns.
RESULTS: Prostasol contains phytoestrogens that could result in both the suppression of testosterone and the predisposition to thrombosis. Both patients had suppression of their testosterone to castrate levels with an associated decrease in prostate-specific antigen at the time of their thrombotic event.
CONCLUSIONS: These cases are suggestive of an association between Prostasol use and venous thromboembolic events. Physicians should be aware of the use of this agent in their patients, although it is not known whether it would be appropriate to prescribe prophylactic low-dose warfarin therapy. If possible, additional study of complementary and alternative medicine therapies for safety and efficacy are indicated.",pubmed,abstract,"비타민 K 길항제, 직접경구항응고제 또는 헤파린을 사용하는 환자",식이보충제 또는 허브 보충제 병용,보충제 비병용 또는 기준 기간,"주요·경미 출혈, 혈전색전증, 응고검사 변화, 약물 상호작용","무작위시험, 코호트, 환자-대조군, 자기대조 연구, 증례군, 체계적 고찰"
v3ref-0107,pubmed:38613937,HRS1_PERIOPERATIVE,Use of herbal medication in the perioperative period: Potential adverse drug interactions.,"Use of herbal medications and supplements has experienced immense growth over the last two decades, with retail sales in the USA exceeding $13 billion in 2021. Since the Dietary Supplement Health and Education Act (DSHEA) of 1994 reduced FDA oversight, these products have become less regulated. Data from 2012 shows 18% of U.S. adults used non-vitamin, non-mineral natural products. Prevalence varies regionally, with higher use in Western states. Among preoperative patients, the most commonly used herbal medications included garlic, ginseng, ginkgo, St. John's wort, and echinacea. However, 50-70% of surgical patients fail to disclose their use of herbal medications to their physicians, and most fail to discontinue them preoperatively. Since herbal medications can interact with anesthetic medications administered during surgery, the American Society of Anesthesiologists (ASA) and the American Association of Nurse Anesthetists (AANA) recommend stopping herbal medications 1-2 weeks before elective surgical procedures. Potential adverse drug effects related to preoperative use of herbal medications involve the coagulation system (e.g., increasing the risk of perioperative bleeding), the cardiovascular system (e.g., arrhythmias, hypotension, hypertension), the central nervous system (e.g., sedation, confusion, seizures), pulmonary (e.g., coughing, bronchospasm), renal (e.g., diuresis) and endocrine-metabolic (e.g., hepatic dysfunction, altered metabolism of anesthetic drugs). During the preoperative evaluation, anesthesiologists should inquire about the use of herbal medications to anticipate potential adverse drug interactions during the perioperative period.",pubmed,abstract,수술 또는 침습적 시술을 받는 성인,수술 전 식이보충제 또는 허브 보충제 노출,"비노출, 중단, 또는 통상 수술주위 관리","출혈, 수혈, 마취 상호작용, 수술주위 합병증","무작위시험, 코호트, 환자-대조군, 단면연구, 증례군, 체계적 고찰"
v3ref-0108,pubmed:34825768,HRS4_LIVER_DISEASE,Speaking of the (Barely Legal) Elephant in the Room: Herbal or Dietary Supplement-Related Acute Liver Failure.,,pubmed,title_only,기존 간질환이 있는 성인 또는 소아 환자,식이보충제 또는 허브 보충제 노출,비노출 또는 통상 관리,"약인성 간손상, 간기능 악화, 간부전, 입원","코호트, 환자-대조군, 약물감시 연구, 증례군, 체계적 고찰"
v3ref-0109,pubmed:32252936,HRS1_PERIOPERATIVE,A 55-Year-Old Man With Cough and Hematochezia.,"A 55-year-old man presented to the ED with a 3-week history of worsening cough and shortness of breath. He had blood-tinged sputum, fever, night sweats, and a 2.7 kg weight loss within the same period. For the past few days, he had taken amoxicillin-clavulanate for presumed sinusitis. Despite this, his symptoms persisted, prompting him to seek further evaluation. His medical history was significant for ulcerative colitis and he had some bloody diarrhea for the past few weeks. Medications included aspirin, mesalamine, multivitamins, folic acid, and herbal supplements including gingko biloba, ginseng, and turmeric-ginger. He never smoked and drank alcohol occasionally. Family history was notable for stroke and myocardial infarction.",pubmed,abstract,수술 또는 침습적 시술을 받는 성인,수술 전 식이보충제 또는 허브 보충제 노출,"비노출, 중단, 또는 통상 수술주위 관리","출혈, 수혈, 마취 상호작용, 수술주위 합병증","무작위시험, 코호트, 환자-대조군, 단면연구, 증례군, 체계적 고찰"
v3ref-0110,pubmed:23065568,HRS4_LIVER_DISEASE,Current issues and perspectives in herbal hepatotoxicity: a hidden epidemic.,,pubmed,title_only,기존 간질환이 있는 성인 또는 소아 환자,식이보충제 또는 허브 보충제 노출,비노출 또는 통상 관리,"약인성 간손상, 간기능 악화, 간부전, 입원","코호트, 환자-대조군, 약물감시 연구, 증례군, 체계적 고찰"
v3ref-0111,pubmed:27716105,HRS3_PREGNANCY,"Prevalence and factors associated with use of herbal medicines during pregnancy among women attending postnatal clinics in Gulu district, Northern Uganda.","BACKGROUND: According to World Health Organization (WHO) estimates, 80 % of the population living in rural areas in developing countries depends on traditional medicine for their health needs, including use during pregnancy. Despite the fact that knowledge of potential side effects of many herbal medicines in pregnancy is limited and that some herbal products may be teratogenic, data on the extent of use of herbal medicines by women during pregnancy in the study setting is largely unknown. We determined the prevalence and factors associated with herbal medicine use during pregnancy among women attending postnatal clinics in Gulu district, Northern Uganda.
METHODS: This was a descriptive cross-sectional study which involved 383 women attending postnatal care across four sites in Gulu district using quantitative and qualitative methods of data collection. A structured questionnaire was used to collect quantitative data while qualitative data were obtained using focus group discussions and key informant interviews. The selection of the study participants was by systematic sampling and the main outcome variable was the proportion of mothers who used herbal medicine. Quantitative data was coded and entered into a computerized database using Epidata 3.1. Analysis was done using Statistical Package for Social Scientists version 13, while thematic analysis was used for qualitative data.
RESULTS: The prevalence of herbal medicines use during the current pregnancy was 20 % (78/383), and was commonly used in the second 23 % (18/78) and third 21 % (16/78) trimesters. The factors significantly associated with use of herbal medicines during pregnancy were perception (OR 2.18, CI 1.02-4.66), and having ever used herbal medicines during previous pregnancy (OR 2.51, CI 1.21-5.19) and for other reasons (OR 3.87, CI 1.46-10.25).
CONCLUSIONS: The use of herbal medicines during pregnancy among women in Gulu district is common, which may be an indicator for poor access to conventional western healthcare. Perception that herbal medicines are effective and having ever used herbal medicines during previous pregnancy were associated with use of herbal medicines during current pregnancy. This therefore calls for community sensitization drives on the dangers of indiscriminate use of herbal medicine in pregnancy, as well as integration of trained traditional herbalists and all those community persons who influence the process in addressing the varied health needs of pregnant women.",pubmed,abstract,임신부와 태아 또는 신생아,임신 중 식이보충제 또는 허브 보충제 노출,"비노출, 위약 또는 통상 산전관리","산모 독성, 임신 합병증, 선천성 이상, 태아·신생아 이상반응","무작위시험, 임신 코호트, 환자-대조군, 등록자료 연구, 증례군, 체계적 고찰"
v3ref-0112,pubmed:31604354,HRS5_ANTICOAGULATION,United States Pharmacopeia Safety Review of Willow Bark.,"Willow bark (Salix spp.) is an ingredient in some dietary supplements. No serious adverse effects were reported from trials of willow bark extracts delivering 120 - 240 mg salicin (the purported active constituent) daily for up to 8 weeks. All studies involved adults only; none involved special subpopulations such as pregnant or breastfeeding women, or children. The most common adverse effects associated with willow bark are gastrointestinal; a few allergic reactions were also reported. Some publications advise caution when taking willow bark. There is a risk of increased bleeding in vulnerable individuals, salicylates cross the placenta and are eliminated slowly in newborns, some persons are sensitive or allergic to aspirin, and children are at risk of Reye syndrome. Concurrent use with other salicylate-containing medicines increases these risks. Metabolism of 240 mg salicin from willow bark could yield 113 mg of salicylic acid, yet dietary supplement products are not required to be labeled with warnings. In contrast, over-the-counter low-dose aspirin (81 mg strength), which delivers 62 mg salicylic acid, is required by law to include cautions, warnings, and contraindications related to its use in pregnant and nursing women, children, and other vulnerable subpopulations, e.g., those using anticoagulants. In the interest of protecting public health, the United States Pharmacopeia has included a cautionary labeling statement in the United States Pharmacopeia Salix Species monograph as follows: ""Dosage forms prepared with this article should bear the following statement: 'Not for use in children, women who are pregnant or nursing, or by persons with known sensitivity to aspirin.'"".",pubmed,abstract,"비타민 K 길항제, 직접경구항응고제 또는 헤파린을 사용하는 환자",식이보충제 또는 허브 보충제 병용,보충제 비병용 또는 기준 기간,"주요·경미 출혈, 혈전색전증, 응고검사 변화, 약물 상호작용","무작위시험, 코호트, 환자-대조군, 자기대조 연구, 증례군, 체계적 고찰"
v3ref-0113,pubmed:32442096,HRS1_PERIOPERATIVE,"Knowledge Assessment of Military Personnel, Veterans, and Family Taking Dietary Supplements.","Dietary supplements (DS) pose many side effects and multiple interactions with perioperative medications, which may increase surgical morbidity and mortality. Descriptive empirical data are essentially nonexistent related to DS consumption and patient knowledge of DS. The aims of this study were to investigate the prevalence of use, type of supplements used, and the knowledge base among military beneficiaries and veterans consuming DS during the preoperative period. This descriptive cross-sectional study solicited data from 2,623 volunteer, preoperative patients at 6 different military medical centers throughout the United States. Of the 2,623 participants, 847 (32.3%) reported taking at least 1 DS. Relevant to the surgical population, 154 (18.1%) of participants reported consuming DS that are associated with an increased risk of bleeding. Importantly, we found that 89.7% of patients taking DS were not aware of any potential side effects, and 97.1% lacked knowledge regarding any potential medication interactions between the supplement consumed and their prescribed medications. This vast knowledge gap could have deleterious effects on surgical outcomes. An increase in DS research is needed, and patient education should be incorporated routinely during preoperative assessments provided by military and Veterans Affairs healthcare facilities.",pubmed,abstract,수술 또는 침습적 시술을 받는 성인,수술 전 식이보충제 또는 허브 보충제 노출,"비노출, 중단, 또는 통상 수술주위 관리","출혈, 수혈, 마취 상호작용, 수술주위 합병증","무작위시험, 코호트, 환자-대조군, 단면연구, 증례군, 체계적 고찰"
v3ref-0114,pubmed:25044451,HRS3_PREGNANCY,The microbiome in early life: self-completion and microbiota protection as health priorities.,"This minireview considers the benefits of refocusing attention away from treating the patient as a mammalian human to managing the complete patient: a majority microbial superorganism. Under the ""completed self"" model for formation of the human-microbial superorganism, the single, most pivotal sign in distinguishing a life course of health versus that filled with disease is self-completion (i.e., seeding of the minority mammalian human by the majority microbial portion of the symbiont). From a disease prevention perspective, microbial seeding at birth and subsequent nurturing of the microbiota are significant steps to reduce the risk of both noncommunicable diseases (e.g., type 1 diabetes) and certain infectious diseases. Management of the microbiome during pregnancy, birth, and shortly thereafter appears to be the most significant critical window for healthy superorganism formation. However, the bolus for microbiota seeding at birth and the nurturing process are subject to environmental influences and disruption, such as exposure to toxic chemicals and drugs, infections, and other physical and psychological stressors. Additionally, childhood and adult corrective measures, such as fecal transplantation and administration of prebiotics and probiotics, while potentially useful, may have limitations that are yet to be fully defined. This minireview considers (1) basic features of management of the microbiome to facilitate self-completion, (2) protection of the microbiota from environmental hazards, and (3) the benefits of using a superorganism focus for health management beginning with pregnancy and extending throughout childhood and adult life.",pubmed,abstract,임신부와 태아 또는 신생아,임신 중 식이보충제 또는 허브 보충제 노출,"비노출, 위약 또는 통상 산전관리","산모 독성, 임신 합병증, 선천성 이상, 태아·신생아 이상반응","무작위시험, 임신 코호트, 환자-대조군, 등록자료 연구, 증례군, 체계적 고찰"
v3ref-0115,pubmed:41192763,HRS1_PERIOPERATIVE,"Using a Combination Amino Acid, Carbohydrate, and Micronutrient Beverage for Preoperative Nutrition Allows Safe Gastric Emptying for Anesthesia Provision in a Prospective, Single-Group Intervention.","BACKGROUND: Appropriate preoperative nutrition is a critical element of positive surgical outcomes and enhanced recovery. Immediately preoperatively, gastric clearance of nutritional intake must be considered for safely providing anesthesia. Despite updates in preoperative fasting guidelines regarding clear liquids, practical implementation of multinutrient preoperative supplements has been hampered by aspiration concerns.
OBJECTIVE: The study aim was to provide an objective measurement of gastric clearance times using a multinutrient supplement to confirm an appropriate immediate preoperative window for nutrient provision beyond simple carbohydrates and noncaloric fluids.
DESIGN: This is a prospective, single-group intervention, gastric ultrasound study.
PARTICIPANTS/SETTING: Fifty-six individuals participated, with 52 adults from the community in the clinic procedure room and 4 patients undergoing spine surgery in the surgical center preoperative area.
INTERVENTION: Following an overnight fast, participants consumed a 250 mL exemplar amino acid, micronutrient, and carbohydrate-containing supplement and were followed for gastric emptying time.
MAIN OUTCOME MEASURE: Ultrasound measurements were taken before and after consuming the multinutrient supplement to determine gastric emptying time both qualitatively and quantitatively.
STATISTICAL ANALYSIS: Analysis included descriptive statistics, a 1-sample t test for gastric emptying, and ordinal and linear regression analysis for participant characteristic relationships.
KEY RESULTS: Ultrasound cross-sectional area determined 57% of subjects were safe for surgery with residuals <1.5 mL/kg by 30 minutes postconsumption, 93% by 60 minutes, and 96% by 75 minutes, including participants taking glucagon-like peptide-1 receptor agonists or having surgery that day (P < .0001 for mean time <120 minutes).
CONCLUSIONS: All participants consuming a 250 mL preoperative exemplar supplement containing 12 g amino acids, select micronutrients, and 45 g carbohydrates had gastric clearance within 2 hours, with a majority safe for surgery within 1 hour, demonstrating effective emptying of amino acids in addition to the standard carbohydrates typically utilized preoperatively and an opportunity to provide more effective preoperative nutrition.",pubmed,abstract,수술 또는 침습적 시술을 받는 성인,수술 전 식이보충제 또는 허브 보충제 노출,"비노출, 중단, 또는 통상 수술주위 관리","출혈, 수혈, 마취 상호작용, 수술주위 합병증","무작위시험, 코호트, 환자-대조군, 단면연구, 증례군, 체계적 고찰"
v3ref-0116,pubmed:17692989,HRS4_LIVER_DISEASE,Herbal does not mean innocuous: ten cases of severe hepatotoxicity associated with dietary supplements from Herbalife products.,"BACKGROUND/AIMS: Herbal agents are popular and perceived as safe because they are supposedly 'natural'. We report 10 cases of toxic hepatitis implicating Herbalife products.
METHODS: To determine the prevalence and outcome of hepatotoxicity due to Herbalife products. A questionnaire was sent to all public Swiss hospitals. Reported cases were subjected to causality assessment using the CIOMS criteria.
RESULTS: Twelve cases of toxic hepatitis implicating Herbalife preparations (1998-2004) were retrieved, 10 sufficiently documented to permit causality analysis. Median age of patients was 51 years (range 30-69) and latency to onset was 5 months (0.5-144). Liver biopsy (7/10) showed hepatic necrosis, marked lymphocytic/eosinophilic infiltration and cholestasis in five patients. One patient with fulminant liver failure was successfully transplanted; the explant showed giant cell hepatitis. Sinusoidal obstruction syndrome was observed in one case. Three patients without liver biopsy presented with hepatocellular (2) or mixed (1) liver injury. Causality assessment of adverse drug reaction was classified as certain in two, probable in seven and possible in one case(s), respectively.
CONCLUSIONS: We present a case series of toxic hepatitis implicating Herbalife products. Liver toxicity may be severe. A more detailed declaration of components and pro-active role of regulatory agencies would be desirable.",pubmed,abstract,기존 간질환이 있는 성인 또는 소아 환자,식이보충제 또는 허브 보충제 노출,비노출 또는 통상 관리,"약인성 간손상, 간기능 악화, 간부전, 입원","코호트, 환자-대조군, 약물감시 연구, 증례군, 체계적 고찰"
v3ref-0117,pubmed:33274511,HRS4_LIVER_DISEASE,Clinical Pharmacology at the Intersection of Women's Health and Regulation: Drug Development Considerations for Uterine Fibroids.,,pubmed,title_only,기존 간질환이 있는 성인 또는 소아 환자,식이보충제 또는 허브 보충제 노출,비노출 또는 통상 관리,"약인성 간손상, 간기능 악화, 간부전, 입원","코호트, 환자-대조군, 약물감시 연구, 증례군, 체계적 고찰"
v3ref-0118,pubmed:30570133,HRS3_PREGNANCY,Inositol for subfertile women with polycystic ovary syndrome.,"BACKGROUND: Subfertile women are highly motivated to try different adjunctive therapies to have a baby, and the widespread perception is that dietary supplements such as myo-inositol (MI) and D-chiro-insoitol (DCI) are associated with only benefit, and not with harm. Many fertility clinicians currently prescribe MI for subfertile women with polycystic ovary syndrome (PCOS) as pre-treatment to in vitro fertilisation (IVF) or for ovulation induction; however no high-quality evidence is available to support this practice. This review assessed the evidence for the effectiveness of inositol in subfertile women with a diagnosis of PCOS.
OBJECTIVES: To evaluate the effectiveness and safety of oral supplementation of inositol for reproductive outcomes among subfertile women with PCOS who are trying to conceive.
SEARCH METHODS: We searched the following databases (to July 2018): Cochrane Gynaecology and Fertility Group (CGFG) Specialised Register, CENTRAL, MEDLINE, Embase, PsycINFO, CINAHL, and AMED. We also checked reference lists and searched the clinical trials registries.
SELECTION CRITERIA: We included randomised controlled trials (RCTs) that compared any type, dose, or combination of oral inositol versus placebo, no treatment/standard treatment, or treatment with another antioxidant, or with a fertility agent, or with another type of inositol, among subfertile women with PCOS.
DATA COLLECTION AND ANALYSIS: Two review authors independently selected eligible studies, extracted data, and assessed risk of bias. The primary outcomes were live birth and adverse effects; secondary outcomes included clinical pregnancy rates and ovulation rates. We pooled studies using a fixed-effect model, and we calculated odds ratios (ORs) with 95% confidence intervals (CIs). We assessed the overall quality of the evidence by applying GRADE criteria.
MAIN RESULTS: We included 13 trials involving 1472 subfertile women with PCOS who were receiving myo-inositol as pre-treatment to IVF (11 trials), or during ovulation induction (two trials). These studies compared MI versus placebo, no treatment/standard, melatonin, metformin, clomiphene citrate, or DCI. The evidence was of 'low' to 'very low' quality. The main limitations were serious risk of bias due to poor reporting of methods, inconsistency, and lack of reporting of clinically relevant outcomes such as live birth and adverse events.We are uncertain whether MI improves live birth rates when compared to standard treatment among women undergoing IVF (OR 2.42, 95% CI 0.75 to 7.83; P = 0.14; 2 RCTs; 84 women; I² = 0%). Very low-quality evidence suggests that for subfertile women with PCOS undergoing pre-treatment to IVF who have an expected live birth rate of 12%, the rate among women using MI would be between 9% and 51%.We are uncertain whether MI may be associated with a decrease in miscarriage rate when compared to standard treatment (OR 0.40, 95% CI 0.19 to 0.86; P = 0.02; 4 RCTs; 535 women; I² = 66%; very low-quality evidence). This suggests that among subfertile women with PCOS with an expected miscarriage rate of 9% who are undergoing pre-treatment to IVF, the rate among women using MI would be between 2% and 8%; however this meta-analysis is based primarily on one study, which reported an unusually high miscarriage rate in the control group, and this has resulted in very high heterogeneity. When we removed this trial from the sensitivity analysis, we no longer saw the effect, and we noted no conclusive differences between MI and standard treatment.Low-quality evidence suggests that MI may be associated with little or no difference in multiple pregnancy rates when compared with standard treatment (OR 1.04, 95% CI 0.63 to 1.71; P = 0.89; 2 RCTs; 425 women). This suggests that among subfertile women with PCOS who are undergoing pre-treatment to IVF, with an expected multiple pregnancy rate of 18%, the rate among women using inositol would be between 12% and 27%.We are uncertain whether MI may be associated with an increased clinical pregnancy rate when compared to standard treatment (OR 1.27, 95% CI 0.87 to 1.85; P = 0.22; 4 RCTs; 535 women; I² = 0%; very low-quality evidence). This suggests that among subfertile women with PCOS who are undergoing pre-treatment to IVF, with an expected clinical pregnancy rate of 26%, the rate among women using MI would be between 24% and 40%. Ovulation rates were not reported for this comparison.Other comparisons included only one trial in each, so for the comparisons MI versus antioxidant, MI versus an insulin-sensitising agent, MI versus an ovulation induction agent, and MI versus another DCI, meta-analysis was not possible.No pooled evidence was available for women with PCOS undergoing ovulation induction, as only single trials performed comparison of the insulin-sensitising agent and the ovulation induction agent.
AUTHORS' CONCLUSIONS: In light of available evidence of very low quality, we are uncertain whether MI improves live birth rate or clinical pregnancy rate in subfertile women with PCOS undergoing IVF pre-treatment taking MI compared to standard treatment. We are also uncertain whether MI decreases miscarriage rates or multiple pregnancy rates for these same women taking MI compared to standard treatment. No pooled evidence is available for use of MI versus placebo, another antioxidant, insulin-sensitising agents, ovulation induction agents, or another type of inositol for women with PCOS undergoing pre-treatment to IVF. No pooled evidence is available for use of MI in women undergoing ovulation induction.",pubmed,abstract,임신부와 태아 또는 신생아,임신 중 식이보충제 또는 허브 보충제 노출,"비노출, 위약 또는 통상 산전관리","산모 독성, 임신 합병증, 선천성 이상, 태아·신생아 이상반응","무작위시험, 임신 코호트, 환자-대조군, 등록자료 연구, 증례군, 체계적 고찰"
v3ref-0119,pubmed:11111530,HRS1_PERIOPERATIVE,Notes from the American Society of Anesthesiologists annual meeting.,,pubmed,title_only,수술 또는 침습적 시술을 받는 성인,수술 전 식이보충제 또는 허브 보충제 노출,"비노출, 중단, 또는 통상 수술주위 관리","출혈, 수혈, 마취 상호작용, 수술주위 합병증","무작위시험, 코호트, 환자-대조군, 단면연구, 증례군, 체계적 고찰"
v3ref-0120,pubmed:29019855,HRS3_PREGNANCY,Bovine Colostrum for Preterm Infants in the First Days of Life: A Randomized Controlled Pilot Trial.,"OBJECTIVES: Mother's own milk (MM) is the best nutrition for newborn preterm infants, but is often limited in supply just after birth. Pasteurized human donor milk (DM), and especially preterm infant formula (IF) are less optimal diets than MM. We hypothesized that it is feasible to use bovine colostrum (BC), the first milk from cows, as a supplement to MM, during the first weeks after preterm birth.
METHODS: In an open-label, randomized, controlled pilot safety trial, supplementation of MM with BC was compared with DM supplementation (Danish unit) or IF supplementation (Chinese unit). If MM was limited or lacking, BC, DM or IF were given according to local feeding guidelines during the first 14 days of life.
RESULTS: Forty infants were included and randomized in Denmark and in China, with gestational ages 29.9 ± 0.4 and 31.1 ± 0.2 weeks, respectively. Infants supplemented with BC received more enteral protein (P < 0.05) and tended to reach full enteral feeding earlier (China only). Eight infants fed BC showed a temporary elevation in plasma tyrosine on day 7, versus 2 infants in the DM/IF groups. There were no differences between diet groups in feeding intolerance or clinical adverse events.
CONCLUSIONS: Our results indicate that it is feasible to use BC as a supplement to MM during the first weeks of life to increase enteral protein intake in preterm infants. Plasma tyrosine levels may be a good marker for excessive protein intake. A larger randomized trial is required to test the safety and possible short- and long-term clinical benefits of BC supplementation during the first weeks of life for preterm infants.",pubmed,abstract,임신부와 태아 또는 신생아,임신 중 식이보충제 또는 허브 보충제 노출,"비노출, 위약 또는 통상 산전관리","산모 독성, 임신 합병증, 선천성 이상, 태아·신생아 이상반응","무작위시험, 임신 코호트, 환자-대조군, 등록자료 연구, 증례군, 체계적 고찰"
v3ref-0121,pubmed:16763902,HRS3_PREGNANCY,Impact of diets and nutrients/drugs on early epigenetic programming.,"Specific, often unbalanced diets are used to circumvent the metabolic defects of patients with monogenic inborn errors of metabolism. Human epidemiological studies and appropriately designed dietary interventions in animal models have provided considerable evidence to suggest that nutritional imbalance and metabolic disturbances, during critical time windows of developmental programming, may have a persistent effect on the health of the child and later in adulthood. Thus patients with monogenic inborn errors of metabolism may also suffer additional types of alterations due to the lack or excess of key nutrients. Interactions of nutrients with the epigenetic machinery lead to epigenetic changes associated with chromatin remodelling and regulation of gene expression that underlie the developmental programming of pathological consequences in adulthood. Today, with the explosion of new technologies, we can explore on a large scale the effects of nutrients on the level of expression of thousands of expressed genes (nutritional genomics and epigenomics), the corresponding protein products and their posttranslationally modified derivatives (proteomics), and the host of metabolites (metabolomics) generated from endogenous metabolic processes or exogenous dietary nutrients and can establish the relationship between these biological entities and diet, health or disease. The combination of these various lines of research on epigenetic programming processes should highlight new strategies for the prevention and treatment of inborn errors of metabolism.",pubmed,abstract,임신부와 태아 또는 신생아,임신 중 식이보충제 또는 허브 보충제 노출,"비노출, 위약 또는 통상 산전관리","산모 독성, 임신 합병증, 선천성 이상, 태아·신생아 이상반응","무작위시험, 임신 코호트, 환자-대조군, 등록자료 연구, 증례군, 체계적 고찰"
v3ref-0122,pubmed:40675653,HRS4_LIVER_DISEASE,Hepatotoxicity induced by MK-677.,"MK-677, a growth hormone secretagogue, is gaining popularity among performance-enhancing supplements. While its side effects include oedema, increased appetite and muscle pain, reports of hepatotoxicity are scarce. Here we present the case of an otherwise healthy man in his early 30s, who developed transaminitis after consuming MK-677 for 2 months before presentation. Liver function tests eventually returned to normal limits after stopping the supplement.",pubmed,abstract,기존 간질환이 있는 성인 또는 소아 환자,식이보충제 또는 허브 보충제 노출,비노출 또는 통상 관리,"약인성 간손상, 간기능 악화, 간부전, 입원","코호트, 환자-대조군, 약물감시 연구, 증례군, 체계적 고찰"
v3ref-0123,pubmed:11144706,HRS5_ANTICOAGULATION,"Interactions of warfarin with garlic, ginger, ginkgo, or ginseng: nature of the evidence.","OBJECTIVE: To review and characterize the evidence describing potential interactions between warfarin and garlic, ginger, ginkgo, or ginseng.
DATA SOURCES: Searches of MEDLINE (1966-1999), other bibliographic databases, several abstracting services, and tertiary references were conducted.
STUDY SELECTION AND DATA EXTRACTION: Articles were examined by each author, and additional citations were obtained from the references of these articles. Preference was given to Englishlanguage articles of human studies.
DATA SYNTHESIS: Evidence is lacking for an interaction of warfarin wth galic or ginger. One case report associates ginseng use with decreased warfarin-maintained anticoagulation effect. Another case report links concomitant use of ginkgo and warfarin with the development of intracerebral hemorrhage. Hemorrhage and tendencies were noted in four cases with ginkgo use and in three cases with garlic; in none of these cases were patients receiving warfarin.
CONCLUSIONS: The true risks of these interactions and effects are difficult to characterize due to the limited number and nature of existing reports.",pubmed,abstract,"비타민 K 길항제, 직접경구항응고제 또는 헤파린을 사용하는 환자",식이보충제 또는 허브 보충제 병용,보충제 비병용 또는 기준 기간,"주요·경미 출혈, 혈전색전증, 응고검사 변화, 약물 상호작용","무작위시험, 코호트, 환자-대조군, 자기대조 연구, 증례군, 체계적 고찰"
v3ref-0124,pubmed:24761695,HRS4_LIVER_DISEASE,Irvingia gabonensis (African mango): innocent magic formula?,,pubmed,title_only,기존 간질환이 있는 성인 또는 소아 환자,식이보충제 또는 허브 보충제 노출,비노출 또는 통상 관리,"약인성 간손상, 간기능 악화, 간부전, 입원","코호트, 환자-대조군, 약물감시 연구, 증례군, 체계적 고찰"
v3ref-0125,pubmed:26302024,HRS4_LIVER_DISEASE,Effects of probiotics (cultured Lactobacillus subtilis/Streptococcus faecium) in the treatment of alcoholic hepatitis: randomized-controlled multicenter study.,"BACKGROUND: Probiotics might reduce gut-derived microbial lipopolysaccharide (LPS) by restoring bowel flora in patients with alcoholic hepatitis (AH). We evaluated the therapeutic effects of probiotics in patients with AH.
PATIENTS AND METHODS: Between September 2010 and April 2012, 117 patients (probiotics 60 and placebo 57) were prospectively randomized to receive the 7 days of cultured Lactobacillus subtilis/Streptococcus faecium (1500 mg/day) or placebo. All patients were hospitalized and were not permitted to consume alcohol for the 7 days of the study. Liver function test, proinflammatory cytokines, LPS, and colony-forming units by stool culture were examined and compared after therapy.
RESULTS: In both groups, the mean levels of aspartate aminotransferase/alanine aminotransferase, alkaline phosphatase, γ-glutamyl transpeptidase, bilirubin, and prothrombin time were significantly improved after 7 days of abstinence. In the probiotics group (baseline and after), albumin (3.5 ± 0.7 and 3.7 ± 0.6 g/dl, P=0.038) and tumor necrosis factor-α (121 ± 244 and 71 ± 123 pg/ml, P=0.047) showed differences. In addition, the number of colony-forming units of Escherichia coli was significantly reduced (435 ± 287 and 168 ± 210, P=0.002). In the placebo group, the level of LPS (1.7 ± 2.8 and 2.0 ± 2.7 EU/ml) was significantly increased. In the intergroup comparison, significant differences in the levels of tumor necrosis factor-α (P=0.042) and LPS (P=0.028) were observed between the groups.
CONCLUSION: Immediate abstinence is the most important treatment for patients with AH. In addition, 7 days of oral supplementation with cultured L. subtilis/S. faecium was associated with restoration of bowel flora and improvement of LPS in patients with AH.",pubmed,abstract,기존 간질환이 있는 성인 또는 소아 환자,식이보충제 또는 허브 보충제 노출,비노출 또는 통상 관리,"약인성 간손상, 간기능 악화, 간부전, 입원","코호트, 환자-대조군, 약물감시 연구, 증례군, 체계적 고찰"
v3ref-0126,pubmed:11787084,HRS4_LIVER_DISEASE,[Chinese medicinal herbs can be insidious for the liver].,,pubmed,title_only,기존 간질환이 있는 성인 또는 소아 환자,식이보충제 또는 허브 보충제 노출,비노출 또는 통상 관리,"약인성 간손상, 간기능 악화, 간부전, 입원","코호트, 환자-대조군, 약물감시 연구, 증례군, 체계적 고찰"
v3ref-0127,pubmed:14976886,HRS1_PERIOPERATIVE,[Study on protective effect of shenfu injection on cardiac function of patients undergoing valve replacement].,"OBJECTIVE: To investigate the protective effect of Shenfu injection (SFI) on cardiac function of patients undergoing valve replacement operation under cardio-pulmonary bypass.
METHODS: One hundred and twenty patients undergoing valve replacement operation under cardio-pulmonary bypass were randomly divided into the SFI group and the control group, 60 in each group. Intravenous infusion of 1 ml/kg SFI was given to the SFI group, 30 min before anesthesia, and to the control group, equal volume of normal saline was given instead. The following indices were observed: (1) the hemodynamic changes occurred in the operational period; (2) the dosage of vaso-active drugs used during and after operation; (3) the post-operational recovery time of patients.
RESULTS: The mean arterial pressure and heart rate in the SFI group during operation were higher, while the central venous pressure was lower than those in the control group (P < 0.05). The dosage of vaso-active drugs, such as dopamine, dobutamine, sodium nitroprusside and lidocaine, used during and after operation was lower, and the extubation time and the intensive care unit (ICU) staying time were shorter in the SFI group when compared with those in the control group (P < 0.05).
CONCLUSION: SFI has certain protective effects on the cardiac function of patients undergoing valve replacement operation under cardio-pulmonary bypass.",pubmed,abstract,수술 또는 침습적 시술을 받는 성인,수술 전 식이보충제 또는 허브 보충제 노출,"비노출, 중단, 또는 통상 수술주위 관리","출혈, 수혈, 마취 상호작용, 수술주위 합병증","무작위시험, 코호트, 환자-대조군, 단면연구, 증례군, 체계적 고찰"
v3ref-0128,pubmed:32961280,HRS4_LIVER_DISEASE,Review: Usnic acid-induced hepatotoxicity and cell death.,"Increasing prevalence of herbal and dietary supplement-induced hepatotoxicity has been reported worldwide. Usnic acid (UA) is a well-known hepatotoxin derived from lichens. Since 2000, more than 20 incident reports have been received by the US Food and Drug Administration after intake of UA containing dietary supplement resulting in severe complications. Scientists and clinicians have been studying the cause, prevention and treatment of UA-induced hepatotoxicity. It is now known that UA decouples oxidative phosphorylation, induces adenosine triphosphate (ATP) depletion, decreases glutathione (GSH), and induces oxidative stress markedly leading to lipid peroxidation and organelle stress. In addition, experimental rat liver tissues have shown massive vacuolization associated with cellular swellings. Additionally, various signaling pathways, such as c-JNK N-terminal kinase (JNK), store-operated calcium entry, nuclear erythroid 2-related factor 2 (Nrf2), and protein kinase B/mammalian target of rapamycin (Akt/mTOR) pathways are stimulated by UA causing beneficial or harmful effects. Nevertheless, there are controversial issues, such as UA-induced inflammatory or anti-inflammatory responses, cytochrome P450 detoxifying UA into non-toxic or transforming UA into reactive metabolites, and unknown mechanism of the formation of vacuolization and membrane pore. This article focused on the previous and latest comprehensive putative mechanistic findings of UA-induced hepatotoxicity and cell death. New insights on controversial issues and future perspectives are also discussed and summarized.",pubmed,abstract,기존 간질환이 있는 성인 또는 소아 환자,식이보충제 또는 허브 보충제 노출,비노출 또는 통상 관리,"약인성 간손상, 간기능 악화, 간부전, 입원","코호트, 환자-대조군, 약물감시 연구, 증례군, 체계적 고찰"
v3ref-0129,pubmed:31409123,HRS5_ANTICOAGULATION,Analysis of Factors That Interrupt With INR Control in the First Anticoagulation Clinic Monitoring Jordanian Patients.,"Multiple factors such as vitamin K consumption, drug interactions, herbs interactions, disease states, and alcohol intake affect international normalized ratio (INR) values and thus warfarin dosing. These variables have been described in general and for all patients in the literature. In contrast, the factors that affect INR control in a specific population are rarely studied. Being aware of these factors contributes a lot in maintaining an INR control and avoiding the supratherapeutic or subtherapeutic anticoagulation and the associated risks of hemorrhage or thromboembolism. The aim of this study is to recognize the specific population factors in Jordanian patients that interrupt INR control. Such recognition provides clinical pharmacists managing the anti-coagulation clinic (ACC) with necessary tools and predictors of dose adjustment, nontarget INR handling, and points to add on to the educational session. A total of 2788 patients were referred to the first clinical pharmacists managed ACC at Queen Alia Heart Institute-the only official referral hospital for cardiac patients in Jordan-for education and monitoring between November 1, 2013, and November 1, 2016. We evaluated specific population factors that interrupt INR control using a pretested, structured clinical data collection form. The patients were followed up regularly for achieving target INR (TINR). For patients who were not achieving TINR, the possible cause was examined thoroughly by reviewing the patient's medical file for recent medication intake, comorbidities, and laboratory results. Then the patients or their caregiver were asked direct questions regarding their diet, food supplements, cigarette smoking, shisha smoking, alcohol intake, herbs, and complementary medicine use and compliance, in addition to performing pharmacogenetic testing (polymorphisms of vitamin K-epoxide reductase complex [VKORC1] and cytochrome P450 2C9 [CYP2C9] genes) in special cases. For a total of 2788 patients, 89 488 INR values were included in the study. Of all, 20 365 (22.8%) were non-TINR values, 13 145 (14%) were subtherapeutic, and 7220 (8.1%) were supratherapeutic. All patients included in the study had a non-TINR at least 3 times (n = 65, 2.3%) and as frequent as 50 times (n = 21, 0.8%) during the study period. Non-TINR values ranged from 1 to 11. Serious side effects reported in 7 patients with uncontrolled INR, 6 were bleeding, which required hospitalization (2 upper gastrointestinal [GI] bleeding, 3 nasal bleeding, and 1 eye bleeding), 1 was cerebrovascular accident (CVA thrombolytic). Factors that interrupted INR control in our population, arranged in descending sequence, were concurrent medication use 46.9% (mainly Salicylates and Amiodarone), smoking cigarettes and shisha 17% (represented the most frequent single factor that caused non-TINR in the present study), a nonbalanced dietary vitamin K intake 16.88% caused changes in INR (lower) was related to an increase in the intake of vitamin K-rich food, were noticed to be much more in the spring season in Jordan (end of March and April mainly), herbal supplements 15.02%; Hawthorn (Crataegus, الزعرور) is an herb that lives widely in Jordan, and shockingly we found that it is used very commonly in our ACC patients and corresponded to an elevated INR <8 in 11 patients, and serious bleeding events that required hospitalization in 2 cases), noncompliance 1.49%, comorbid diseases 1%, malabsorption 0.53%, alcohol intake 0.39%, and VKORC1 A/G and CYP2C9 *1*1 genotype 0.15%. The analysis of factors that interrupted with INR control in our patients were both predicted and distinctive; most of these factors were reported previously by other researchers. On the other hand, many of the previously reported factors were not frequently detected in our patients, and the frequency of each of the realized factors was contributed differently to non-TINR in our population. Alarming factors causing non-TINR detected in our study include smoking both cigarettes and shisha, herbal use (Hawthorn and Ginseng), increased intake of vitamin K rich food in the spring season, and concurrent medication use (Salicylates, Amiodarone, Ciprofloxacin, nonsteroidal anti-inflammatory drugs [NSAIDS], Azithromycin, Clarithromycin: although the use of these drugs is mandatory sometimes, it can be replaced by an alternative, eg, antibiotics or monitored closely together with warfarin).",pubmed,abstract,"비타민 K 길항제, 직접경구항응고제 또는 헤파린을 사용하는 환자",식이보충제 또는 허브 보충제 병용,보충제 비병용 또는 기준 기간,"주요·경미 출혈, 혈전색전증, 응고검사 변화, 약물 상호작용","무작위시험, 코호트, 환자-대조군, 자기대조 연구, 증례군, 체계적 고찰"
v3ref-0130,pubmed:25232640,HRS5_ANTICOAGULATION,Vitamin K: dietary intake and requirements in different clinical conditions.,"PURPOSE OF REVIEW: Vitamin K is an enzyme cofactor for the carboxylation of vitamin K-dependent proteins. Functions include coagulation and regulation of calcification. Different clinical conditions may alter vitamin K requirements by affecting vitamin K status and vitamin K-dependent proteins carboxylation that are reviewed here.
RECENT FINDINGS: Vitamin K consumption greater than the current usual daily requirement to maintain health is indicated for prevention of vitamin K-deficient bleeding in infants and for rescue of over-anticoagulation in patients on vitamin K-dependent oral anticoagulants. Additional vitamin K intake may be required in malabsorptive conditions such as cystic fibrosis and following bariatric surgery. Carboxylation of vitamin K-dependent proteins occurs in multiple extrahepatic tissues and has been implicated in soft tissue calcification and insulin resistance, although the exact mechanisms have yet to be determined. Contribution of colonic flora to vitamin K requirements remains controversial.
SUMMARY: With the increased incidence of vitamin K-deficient bleeding and weight-loss surgical procedures, healthcare professionals need to monitor vitamin K status in certain patient populations. Future research on the roles of vitamin K in extrahepatic tissues as they pertain to chronic disease will provide insight into the therapeutic potential of vitamin K and lead to the development of recommendations for specific clinical populations.",pubmed,abstract,"비타민 K 길항제, 직접경구항응고제 또는 헤파린을 사용하는 환자",식이보충제 또는 허브 보충제 병용,보충제 비병용 또는 기준 기간,"주요·경미 출혈, 혈전색전증, 응고검사 변화, 약물 상호작용","무작위시험, 코호트, 환자-대조군, 자기대조 연구, 증례군, 체계적 고찰"
v3ref-0131,pubmed:19826968,HRS4_LIVER_DISEASE,Causality assessment in drug-induced liver injury.,"Assigning causality in drug-induced liver injury (DILI) due to a particular medication or herbal and dietary supplement relies on clinical history, exclusion of competing causes, prior reports of DILI, and judgment-no objective laboratory or histological tests exist to confirm a diagnosis of suspected DILI. Current causality assessment instruments are based on algorithmic scoring systems but are not widely used. Expert opinion remains the gold standard, but is cumbersome and has limited reproducibility. The lack of a valid and widely available causality assessment method hinders the identification of genetic and biochemical markers that may help better define DILI. Emerging technologies in pharmacogenomics and toxicogenomics may identify such markers if well-defined DILI cases and controls can provide tissue samples for analysis. In this article, current causality assessment instruments, including expert opinion, are discussed, and the necessary features for an improved instrument are provided.",pubmed,abstract,기존 간질환이 있는 성인 또는 소아 환자,식이보충제 또는 허브 보충제 노출,비노출 또는 통상 관리,"약인성 간손상, 간기능 악화, 간부전, 입원","코호트, 환자-대조군, 약물감시 연구, 증례군, 체계적 고찰"
v3ref-0132,pubmed:23855149,HRS2_KIDNEY_DISEASE,"Persistent hyperkalemia? Maybe it's the Noni juice, not the orange juice.",,pubmed,title_only,만성콩팥병 또는 투석 환자,"비처방 비타민, 무기질 또는 허브 보충제 노출","비노출, 위약 또는 통상 관리","고칼륨혈증, 고칼슘혈증, 신독성, 심혈관 이상반응","무작위시험, 코호트, 환자-대조군, 약물감시 연구, 증례군, 체계적 고찰"
v3ref-0133,pubmed:17323135,HRS5_ANTICOAGULATION,Prospective study of supplemental vitamin K therapy in patients on oral anticoagulants with unstable international normalized ratios.,"BACKGROUND: It is not known whether patients on oral vitamin K antagonists who have unstable INRs achieve more stable INRs with daily vitamin K supplementation. We sought to determine whether vitamin K supplementation may decrease INR variability in patients with a history of unstable INRs, how soon the INR decreases after vitamin K therapy is initiated, the time to reach a therapeutic INR after vitamin K initiation, and how much of an increase in oral anticoagulant dose is needed to maintain the INR in the desired range.
METHODS: This is a prospective open label crossover study of patients on warfarin with a history of fluctuating INRs. A 9 week observation phase was followed by an 8 week period with patients receiving 500 microg of oral vitamin K daily. INRs were determined once weekly with a home point of care monitoring instrument.
RESULTS: Vitamin K supplementation led to a decrease in INR variability in five of the nine patients studied (56%). INR decrease occurred 2-7 days after initiation of vitamin K. Therapeutic INRs were achieved 2-35 days after vitamin K therapy was initiated and an increase in warfarin dose of 6-95% was required to bring the INR back into the therapeutic range.
CONCLUSIONS: INR fluctuations may decrease in selected patients with unstable INRs who receive vitamin K supplementation. A study with a larger sample size and longer follow-up period is needed. The results of the present study can help design such a study.",pubmed,abstract,"비타민 K 길항제, 직접경구항응고제 또는 헤파린을 사용하는 환자",식이보충제 또는 허브 보충제 병용,보충제 비병용 또는 기준 기간,"주요·경미 출혈, 혈전색전증, 응고검사 변화, 약물 상호작용","무작위시험, 코호트, 환자-대조군, 자기대조 연구, 증례군, 체계적 고찰"
v3ref-0134,pubmed:25804917,HRS4_LIVER_DISEASE,Does ingestion of plants from a phenetic group of Monochoria ('Diyahabarala') cause hepatotoxicity?,,pubmed,title_only,기존 간질환이 있는 성인 또는 소아 환자,식이보충제 또는 허브 보충제 노출,비노출 또는 통상 관리,"약인성 간손상, 간기능 악화, 간부전, 입원","코호트, 환자-대조군, 약물감시 연구, 증례군, 체계적 고찰"
v3ref-0135,pubmed:35066755,HRS4_LIVER_DISEASE,Drug-induced liver injury from herbal and dietary supplements: a problem in the East and West alike.,,pubmed,title_only,기존 간질환이 있는 성인 또는 소아 환자,식이보충제 또는 허브 보충제 노출,비노출 또는 통상 관리,"약인성 간손상, 간기능 악화, 간부전, 입원","코호트, 환자-대조군, 약물감시 연구, 증례군, 체계적 고찰"
v3ref-0136,pubmed:29751876,HRS4_LIVER_DISEASE,Recent Advances in the Histopathology of Drug-Induced Liver Injury.,Drug-induced liver injury (DILI) is constantly changing as new drugs are approved and as new herbals and dietary supplements (HDS) reach the market. The pathologist plays a key role in the evaluation of DILI by classifying and interpreting the histologic findings considering patients' medical history and drug exposure. The liver biopsy findings may suggest alternative explanations of the injury and additional testing that should be performed to exclude non-DILI causes. Recent reports of iatrogenic liver injury are reviewed with attention to immunomodulatory and antineoplastic agents as well as reports of injury associated with HDS use.,pubmed,abstract,기존 간질환이 있는 성인 또는 소아 환자,식이보충제 또는 허브 보충제 노출,비노출 또는 통상 관리,"약인성 간손상, 간기능 악화, 간부전, 입원","코호트, 환자-대조군, 약물감시 연구, 증례군, 체계적 고찰"
v3ref-0137,pubmed:27780751,HRS3_PREGNANCY,Medicinal plants used in Lesotho for treatment of reproductive and post reproductive problems.,"ETHNOPHARMACOLOGICAL RELEVANCE: Reproductive healthcare has been highlighted as a major challenge in Lesotho mainly due to the high prevalence of HIV/AIDS and sexually transmitted infections. As a result other reproductive ailments have not received much attention, particularly because healthcare facilities are already limited and many of them are inaccessible. For these reasons, medicinal plants play a major role in primary healthcare system in the country, in addition the plants are easily accessible, more affordable, and their use forms part of the cultural heritage. However, documentation of medicinal plants used for reproductive ailments is scattered, more importantly the biological and pharmacological properties, as well as toxicity of many of these plants are not yet known.
AIM OF THE STUDY: To document the plants used by both male and female Basotho (residing in Lesotho) for the treatment of reproductive ailments, to explore their recorded biological and pharmacological effects as well as their toxicity, and to establish if these plants are used for similar purposes in other southern African cultures.
MATERIALS AND METHODS: The results stem from published findings of recent interviews of traditional medicinal practitioners in the Maseru District of Lesotho, first author's own experiences and observations from the Qacha's Nek District as well as comprehensive literature survey including numerous books and unpublished data. Electronic databases such as Google, Google Scholar, PubMed, and ScienceDirect were also used to search for the chemical compounds, pharmacological activity, and toxicity of the plants.
RESULTS: A total of 87 plant species are reported to be used for the treatment of several reproductive problems such as infertility, complications associated with pregnancy (twelve plants are used to treat conditions such as colic, heartburn, nausea, and constipation), cleansing and/ or toning of the uterus (with a purpose either to induce pregnancy or to get rid of the placenta, for example Withania somnifera and Zantedeschia albomaculata), difficult childbirth, as well treatment of breast and cervical cancer, cysts, fibroids, and testicular tumours (e.g. Hypoxis hemerocallidea). For the toning of the uterus, it is common to use a combination of plants, e.g. Gunnera perpensa, Scabiosa columbaria, and Eriospermum ornithogaloides.
CONCLUSIONS: Of the 87 plants used for reproductive healthcare, the highest number (31) is used for the treatment of infertility (in both men and women). The pharmacological effects, active compounds, and toxicology of many of these plants are not yet known.",pubmed,abstract,임신부와 태아 또는 신생아,임신 중 식이보충제 또는 허브 보충제 노출,"비노출, 위약 또는 통상 산전관리","산모 독성, 임신 합병증, 선천성 이상, 태아·신생아 이상반응","무작위시험, 임신 코호트, 환자-대조군, 등록자료 연구, 증례군, 체계적 고찰"
v3ref-0138,pubmed:38444046,HRS3_PREGNANCY,Long chain n-3 polyunsaturated fatty acid intake across the life span for cardiovascular disease prevention in women.,"Cardiovascular diseases (CVDs) are a major health concern for women. Historically there has been a misconception that men are at greater risk because CVD tends to occur earlier in life compared to women. Clinical guidelines for prevention of heart disease are currently the same for both sexes, but accumulating evidence demonstrates that risk profiles diverge. In fact, several CVD risk factors confer an even greater risk in women relative to men, including high blood pressure, obesity, diabetes and raised triglycerides. Furthermore, many female-specific CVD risk factors exist, including early menarche, pregnancy complications, polycystic ovary syndrome, reproductive hormonal treatments and menopause. Little is known about how diet interacts with CVD risk factors at various stages of a woman’s life. Long chain (LC) n-3 polyunsaturated fatty acid (PUFA) intakes are a key dietary factor that may impact risk of CVD throughout the life course differentially in men and women. Oestrogen enhances conversion of the plant n-3 PUFA, alpha-linolenic acid, to LCn-3 PUFA. Increasing the frequency of oily fish consumption or LCn-3 PUFA supplementation may be important for reducing coronary risk during the menopausal transition, during which time oestrogen levels decline and the increase in CVD risk factors is accelerated. Women are under-represented in the evidence base for CVD prevention following LC n-3 PUFA supplementation. Therefore it is not clear whether there are sex differences in response to treatment. Furthermore, there is a lack of evidence on optimal intakes of LC n-3 PUFA across the lifespan for CVD prevention in women.",pubmed,abstract,임신부와 태아 또는 신생아,임신 중 식이보충제 또는 허브 보충제 노출,"비노출, 위약 또는 통상 산전관리","산모 독성, 임신 합병증, 선천성 이상, 태아·신생아 이상반응","무작위시험, 임신 코호트, 환자-대조군, 등록자료 연구, 증례군, 체계적 고찰"
v3ref-0139,pubmed:34819147,HRS3_PREGNANCY,"Non-inferiority of low-dose compared to standard high-dose calcium supplementation in pregnancy: study protocol for two randomized, parallel group, non-inferiority trials in India and Tanzania.","BACKGROUND: Hypertensive disorders of pregnancy are important causes of maternal morbidity and mortality, as well as preterm birth, the leading cause of death for children under 5 years globally. The World Health Organization currently recommends that pregnant women receive high-dose calcium supplementation (1500-2000 mg elemental calcium) for prevention of preeclampsia in populations with low dietary calcium intake. Trials of low-dose calcium supplementation (< 1000 mg elemental calcium/day) during pregnancy have also shown similar reductions in the risk of preeclampsia; however, no trials to date have directly compared low-dose to the standard high-dose calcium supplementation. Our objective is to assess the non-inferiority of low-dose as compared to standard high-dose calcium supplementation in pregnancy.
METHODS/DESIGN: We will conduct two independent trials in Bangalore, India (n = 11,000 pregnancies), and Dar es Salaam, Tanzania (n = 11,000 pregnancies). The trial designs are individually randomized, parallel group, quadruple-blind, non-inferiority trials of low-dose calcium supplementation (500 mg elemental calcium/day) as compared to standard high-dose calcium supplementation (1500 mg elemental calcium/day) among nulliparous pregnant women. Pregnant women will be enrolled in the trial before 20 weeks of gestation and will receive the randomized calcium regimen from randomization until the time of delivery. The co-primary outcomes are (i) preeclampsia and (ii) preterm birth; we will test non-inferiority of the primary outcomes for low-dose as compared to the standard high-dose supplementation regimen in each trial. The trials' secondary outcomes include gestational hypertension, severe features of preeclampsia, pregnancy-related death, third trimester severe anemia, fetal death, stillbirth, low birthweight, small-for-gestational age birth, and infant death.
DISCUSSION: The trials will provide causal evidence on the non-inferiority of low-dose as compared to the standard high-dose supplementation in India and Tanzania. A single tablet, low-dose calcium supplementation regimen may improve individual-level adherence, reduce programmatic costs, and ultimately expand implementation of routine calcium supplementation in pregnancy in populations with low dietary calcium intake.
TRIAL REGISTRATION: ClinicalTrials.gov identifier: NCT03350516 ; registered on 22 November 2018. Clinical Trials Registry-India identifier: CTRI/2018/02/012119 ; registered on 23 February 2018. Tanzania Medicines and Medical Devices Authority Trials Registry identifier: TFDA0018/CTR/0010/5 ; registered on 20 December 2018.",pubmed,abstract,임신부와 태아 또는 신생아,임신 중 식이보충제 또는 허브 보충제 노출,"비노출, 위약 또는 통상 산전관리","산모 독성, 임신 합병증, 선천성 이상, 태아·신생아 이상반응","무작위시험, 임신 코호트, 환자-대조군, 등록자료 연구, 증례군, 체계적 고찰"
v3ref-0140,pubmed:12361828,HRS4_LIVER_DISEASE,Second thoughts about kava.,,pubmed,title_only,기존 간질환이 있는 성인 또는 소아 환자,식이보충제 또는 허브 보충제 노출,비노출 또는 통상 관리,"약인성 간손상, 간기능 악화, 간부전, 입원","코호트, 환자-대조군, 약물감시 연구, 증례군, 체계적 고찰"
v3ref-0141,pubmed:17229055,HRS5_ANTICOAGULATION,Dietary supplement use among anticoagulation clinic patients.,,pubmed,title_only,"비타민 K 길항제, 직접경구항응고제 또는 헤파린을 사용하는 환자",식이보충제 또는 허브 보충제 병용,보충제 비병용 또는 기준 기간,"주요·경미 출혈, 혈전색전증, 응고검사 변화, 약물 상호작용","무작위시험, 코호트, 환자-대조군, 자기대조 연구, 증례군, 체계적 고찰"
v3ref-0142,pubmed:30914020,HRS4_LIVER_DISEASE,Herb-Drug Interactions and Hepatotoxicity.,"BACKGROUND: In recent times, herbals or phytomedicines have become very popular due to their global acceptance as a complementary and alternative remedy. While modern drugs are commercially available only after laboratory validations, clinical trials, as well as approval from drug regulatory authorities, majority of the marketed herbal products lack such scientific evidence of efficacy and safety. This results in herb or herb-drug interaction induced unfavorable clinical outcomes without crucial documentation on their temporal relations and concomitant use.
METHODS: An online literature search for peer-reviewed articles was conducted on the PubMed, Europe PMC, Medline and Google Scholar portals, using the phrases: complementary & alternative medicine, traditional Chinese medicine, herb-drug interaction, mechanisms of herb-drug interaction, herb-induced toxicity, herbal hepatotoxicity and causality, traditional medicine, viral hepatitis, etc.
RESULTS: The retrieved data showed that globally, patients are attracted to herbal remedies with the misconception that these are completely safe and therefore, use them simultaneously with prescription drugs. Notably, there exists a potential risk of herb-drug interactions leading to some adverse side effects, including hepatotoxicity. The toxicological effect of a drug or herb is due to the inhibition of drug metabolizing enzymes (e.g., cytochrome P450), including interactions with certain prescription drugs through various mechanisms. Several cases of hepatotoxicity due to use of herbals in viral hepatitis-related liver diseases have been recently reported. However, limited experimental data and clinical evidence on herbal pharmacokinetics hamper the evaluation and reporting of adverse reactions and the underlying mechanisms.
CONCLUSION: Herb-drug interaction related morbidity is thus an emerging serious public health issue with broad implications for clinicians, pharmaceutical industries and health authorities. Nonetheless, despite increasing recognition of herb-drug interaction, a standard system for interaction prediction and evaluation is still nonexistent. This review article discusses the herb-drug interactions related hepatotoxicity and underlying mechanisms, including drug metabolizing enzymes and their regulation.",pubmed,abstract,기존 간질환이 있는 성인 또는 소아 환자,식이보충제 또는 허브 보충제 노출,비노출 또는 통상 관리,"약인성 간손상, 간기능 악화, 간부전, 입원","코호트, 환자-대조군, 약물감시 연구, 증례군, 체계적 고찰"
v3ref-0143,pubmed:35165344,HRS4_LIVER_DISEASE,The anti-inflammatory effects of Akkermansia muciniphila and its derivates in HFD/CCL4-induced murine model of liver injury.,"Inflammation plays a critical role in the promotion of hepatocyte damage and liver fibrosis. In recent years the protective role of Akkermansia muciniphila, a next-generation beneficial microbe, has been suggested for metabolic and inflammatory disorders. In this study, we aimed to evaluate the effects of live and pasteurized A. muciniphila and its extra cellular vesicles (EVs) on inflammatory markers involved in liver fibrosis in a mouse model of a high-fat diet (HFD)/carbon tetrachloride (CCl4)-induced liver injury. Firstly, the responses of hepatic stellate cells (HSCs) to live and pasteurized A. muciniphila and its EVs were examined in the quiescent and LPS-activated LX-2 cells. Next, the anti-inflammatory effects of different forms of A. muciniphila were examined in the mouse model of HFD/CCl4-induced liver injury. The gene expression of various inflammatory markers was evaluated in liver, colon, and white adipose tissues. The cytokine secretion in the liver and white adipose tissues was also measured by ELISA. The results showed that administration of live and pasteurized A. muciniphila and its EVs leads to amelioration in HSCs activation. Based on data obtained from the histopathological analysis, an improvement in gut health was observed through enhancing the epithelium and mucosal layer thickness and strengthening the intestinal integrity in all treatments. Moreover, live A. muciniphila and its EVs had inhibitory effects on liver inflammation and hepatocytes damage. In addition, the tissue cytokine production and inflammatory gene expression levels revealed that live A. muciniphila and its EVs had more pronounced anti-inflammatory effects on liver and adipose tissues. Furthermore, EVs had better effects on the modulation of gene expression related to TLRs, PPARs, and immune response in the liver. In conclusion, the present results showed that oral administration of A. muciniphila and its derivatives for four weeks could enhance the intestinal integrity and anti-inflammatory responses of the colon, adipose, and liver tissues and subsequently prevent liver injury in HFD/CCL4 mice.",pubmed,abstract,기존 간질환이 있는 성인 또는 소아 환자,식이보충제 또는 허브 보충제 노출,비노출 또는 통상 관리,"약인성 간손상, 간기능 악화, 간부전, 입원","코호트, 환자-대조군, 약물감시 연구, 증례군, 체계적 고찰"
v3ref-0144,pubmed:1493896,HRS4_LIVER_DISEASE,[Hepatitis observed during a treatment with a drug or tea containing Wild Germander. Evaluation of 26 cases reported to the Regional Centers of Pharmacovigilance].,"Twenty-six patients developed acute hepatitis after taking Germander, an herbal medicine used to facilitate weight loss. Hepatitis occurred within 9 weeks of treatment and was characterized by jaundice and a high level of aminotransferases. Recovery was obtained between 1.5 and 6 months after withdrawal. In 12 cases, readministration was followed by prompt recurrence of hepatitis. The causal relationship is probable but the mechanism remains unclear: there was no relationship with the daily intake and the duration of treatment; there are no toxicological data on Germander compounds; contamination by an unidentified product is possible but has not been demonstrated. It should be emphasized that readministration of Germander produced recurrence of the hepatitis whenever it was performed. As a result, the French Ministry of Health recently decided to prohibit national-wide all Germander containing medicinal products.",pubmed,abstract,기존 간질환이 있는 성인 또는 소아 환자,식이보충제 또는 허브 보충제 노출,비노출 또는 통상 관리,"약인성 간손상, 간기능 악화, 간부전, 입원","코호트, 환자-대조군, 약물감시 연구, 증례군, 체계적 고찰"
v3ref-0145,pubmed:12773074,HRS5_ANTICOAGULATION,Interaction between warfarin and the herbal product quilinggao.,"OBJECTIVE: To describe a patient with loss of anticoagulation control and bleeding after consumption of the combination herbal product quilinggao.
CASE SUMMARY: A 61-year-old man who was stable on warfarin therapy regularly consumed a jelly-like herbal product called quilinggao (""essence of tortoise shell""). Five days after the daily consumption of a second brand of quilinggao, he developed easy gum bleeding, epistaxis, and skin bruising with an international normalized ratio (INR) >6.0. Warfarin therapy was temporarily withdrawn until the INR decreased to 1.9. On the day of hospital discharge, he took a third brand of quilinggao against medical advice. Three days later, his INR was 5.2. Warfarin therapy was again temporarily withheld and the patient counseled about an apparent herb-warfarin interaction. He could not remember the name of the third brand of quilinggao.
DISCUSSION: Quilinggao is a very popular Chinese herbal product. There are many different brands, and the composition of herbal products varies between manufacturers. Chuanbeimu (Fritillaria cirrhosa) in the first brand and beimu (Fritillaria spp.), chishao (Paeoniae rubra, Chinese peony), jinyinhua (Lonicera japonica), and jishi (Poncirus trifoliata) in the second brand of quilinggao have antiplatelet and/or antithrombotic effects. Loss of anticoagulation control occurred after consumption of the second and third brands of quilinggao, possibly due to the presence of a greater number of interacting herbs. An objective causality assessment revealed that the observed reaction was highly probable to be related to the ingestion of the second and third brands of quilinggao.
CONCLUSIONS: Quilinggao contains herbal ingredients that can interact with warfarin. Patients on warfarin therapy should be discouraged from taking herbal medicines, especially preparations that are already known to have antiplatelet and antithrombotic effects.",pubmed,abstract,"비타민 K 길항제, 직접경구항응고제 또는 헤파린을 사용하는 환자",식이보충제 또는 허브 보충제 병용,보충제 비병용 또는 기준 기간,"주요·경미 출혈, 혈전색전증, 응고검사 변화, 약물 상호작용","무작위시험, 코호트, 환자-대조군, 자기대조 연구, 증례군, 체계적 고찰"
v3ref-0146,pubmed:29117101,HRS4_LIVER_DISEASE,Hepatotoxicity of Herbal Supplements Mediated by Modulation of Cytochrome P450.,"Herbal supplements are a significant source of drug-drug interactions (DDIs), herb-drug interactions, and hepatotoxicity. Cytochrome P450 (CYP450) enzymes metabolize a large number of FDA-approved pharmaceuticals and herbal supplements. This metabolism of pharmaceuticals and supplements can be augmented by concomitant use of either pharmaceuticals or supplements. The xenobiotic receptors constitutive androstane receptor (CAR) and the pregnane X receptor (PXR) can respond to xenobiotics by increasing the expression of a large number of genes that are involved in the metabolism of xenobiotics, including CYP450s. Conversely, but not exclusively, many xenobiotics can inhibit the activity of CYP450s. Induction of the expression or inhibition of the activity of CYP450s can result in DDIs and toxicity. Currently, the United States (US) Food and Drug Administration does not require the investigation of the interactions of herbal supplements and CYP450s. This review provides a summary of herbal supplements that inhibit CYP450s, induce the expression of CYP450s, and/or whose toxicity is mediated by CYP450s.",pubmed,abstract,기존 간질환이 있는 성인 또는 소아 환자,식이보충제 또는 허브 보충제 노출,비노출 또는 통상 관리,"약인성 간손상, 간기능 악화, 간부전, 입원","코호트, 환자-대조군, 약물감시 연구, 증례군, 체계적 고찰"
v3ref-0147,pubmed:40064630,HRS4_LIVER_DISEASE,Conundrum of Acute Liver Failure.,"A 20-year-old male with fever, myalgia, and jaundice developed severe liver dysfunction, progressing to acute liver failure (ALF). Initial treatment for malaria and supportive care did not resolve symptoms, with persistent jaundice and elevated liver enzymes. Laboratory tests confirmed Plasmodium falciparum / Plasmodium vivax infection. Further evaluation revealed drug-induced liver injury (DILI) from prescribed medications and possible hepatotoxic effects of herbal supplements. Hepatitis A, exacerbated by malaria, DILI, and herbal toxicity, contributed to compounded hepatic dysfunction. Management included intravenous fluids, hepatoprotective agents, and antipyretics. This case underscores the importance of considering multiple etiologies, including infections, drug toxicity, and environmental factors, in ALF.",pubmed,abstract,기존 간질환이 있는 성인 또는 소아 환자,식이보충제 또는 허브 보충제 노출,비노출 또는 통상 관리,"약인성 간손상, 간기능 악화, 간부전, 입원","코호트, 환자-대조군, 약물감시 연구, 증례군, 체계적 고찰"
v3ref-0148,pubmed:22734580,HRS3_PREGNANCY,"Factors associated with prenatal folic acid and iron supplementation among 21,889 pregnant women in Northern Tanzania: a cross-sectional hospital-based study.","BACKGROUND: Folate and iron deficiency during pregnancy are risk factors for anaemia, preterm delivery, and low birth weight, and may contribute to poor neonatal health and increased maternal mortality. The World Health Organization recommends supplementation of folic acid (FA) and iron for all pregnant women at risk of malnutrition to prevent anaemia. We assessed the use of prenatal folic acid and iron supplementation among women in a geographical area with a high prevalence of anaemia, in relation to socio-demographic, morbidity and health services utilization factors.
METHODS: We analysed a cohort of 21,889 women who delivered at Kilimanjaro Christian Medical Centre (KCMC), Moshi, Tanzania, between 1999 and 2008. Logistic regression models were used to describe patterns of reported intake of prenatal FA and iron supplements.
RESULTS: Prenatal intake of FA and iron supplements was reported by 17.2% and 22.3% of pregnant women, respectively. Sixteen percent of women reported intake of both FA and iron. Factors positively associated with FA supplementation were advanced maternal age (OR = 1.17, 1.02-1.34), unknown HIV status (OR = 1.54, 1.42-1.67), a diagnosis of anaemia during pregnancy (OR = 12.03, 9.66-14.98) and indicators of lower socioeconomic status. Women were less likely to take these supplements if they reported having had a malaria episode before (OR = 0.57, 0.53-0.62) or during pregnancy (OR = 0.45, 0.41-0.51), reported having contracted other infectious diseases (OR = 0.45, 0.42-0.49), were multiparous (OR = 0.73, 0.66-0.80), had preeclampsia/eclampsia (OR = 0.48, 0.38-0.61), or other diseases (OR = 0.55, 0.44-0.69) during pregnancy. Similar patterns of association emerged when iron supplementation alone and supplementation with both iron and FA were evaluated.
CONCLUSIONS: FA and iron supplementation are low among pregnant women in Northern Tanzania, in particular among women with co-morbidities before or during pregnancy. Attempts should be made to increase supplementation both in general and among women with pregnancy complications.",pubmed,abstract,임신부와 태아 또는 신생아,임신 중 식이보충제 또는 허브 보충제 노출,"비노출, 위약 또는 통상 산전관리","산모 독성, 임신 합병증, 선천성 이상, 태아·신생아 이상반응","무작위시험, 임신 코호트, 환자-대조군, 등록자료 연구, 증례군, 체계적 고찰"
v3ref-0149,pubmed:12426769,HRS5_ANTICOAGULATION,Interactions of warfarin.,"In this article, the author reviews and updates the basis of interactions with warfarin, illustrated with appropriate examples. The interactions with drugs, medicinal herbs and foods are summarised.",pubmed,abstract,"비타민 K 길항제, 직접경구항응고제 또는 헤파린을 사용하는 환자",식이보충제 또는 허브 보충제 병용,보충제 비병용 또는 기준 기간,"주요·경미 출혈, 혈전색전증, 응고검사 변화, 약물 상호작용","무작위시험, 코호트, 환자-대조군, 자기대조 연구, 증례군, 체계적 고찰"
v3ref-0150,pubmed:24171723,HRS5_ANTICOAGULATION,The co-use of conventional drugs and herbs among patients in Norwegian general practice: a cross-sectional study.,"BACKGROUND: Different patient groups are known to use herbal remedies and conventional drugs concomitantly (co-use). This poses a potential risk of herb-drug interaction through altering the drug's pharmacokinetics or pharmacodynamics. Little is known about co-use among patients in general practice. The primary aim of this study was to compare patients in general practice that co-use herbal remedies and conventional drugs with those who do not. The secondary aim was to register the herb-drug combinations with potential clinical relevant interactions among the co-users.
METHOD: A questionnaire based cross-sectional study conducted in the autumn 2011 in a general practice office with four general practitioners (GPs) and one intern in Western Norway. Adults >18 years who came for an office visit were invited. The questionnaire asked about demographics, herbal use, conventional drug use and communication about herbal use. Multivariable logistic regression was used to compare co-users to the other patients.
RESULTS: Of the 381 patients who completed the questionnaire, the prevalence of herbal use was 44%, with bilberry (41%), green tea (31%), garlic (27%), Aloe vera (26%) and echinacea (18%) as the most frequently used. Among those using conventional drugs regularly, 108 (45%) co-used herbs. Close to 40% of patients on anticoagulants co-used herbs, with garlic and bilberry as the most frequent herbs. Compared to all other patients, co-users had significantly (p < 0.05) increased odds to be female (adjOR 2.0), age above 70 years (adjOR 3.3), use herbs to treat an illness (adjOR 4.2), use two or more herbs (polyherbacy, adjOR 12.1) and having experienced adverse effects of herbal use (adjOR 37.5). Co-use was also associated with use of analgesics or dermatological drugs (adjOR 5.1 and 7.9 respectively). Three out of four patients did not discuss herbal use with any health care professional.
CONCLUSION: A sizable proportion of the GP patients co-used herbs with conventional drugs, also combinations with reported interaction potential or additive effects like anticoagulants and garlic. The low disclosure of herbal use to their GP, polyherbacy and the risk of interactions in vulnerable groups like elderly and chronically ill patients, warrant increased awareness among GPs.",pubmed,abstract,"비타민 K 길항제, 직접경구항응고제 또는 헤파린을 사용하는 환자",식이보충제 또는 허브 보충제 병용,보충제 비병용 또는 기준 기간,"주요·경미 출혈, 혈전색전증, 응고검사 변화, 약물 상호작용","무작위시험, 코호트, 환자-대조군, 자기대조 연구, 증례군, 체계적 고찰"
v3ref-0151,pubmed:40517226,HRS3_PREGNANCY,"Multiple micronutrient supplementation for maternal anemia prevention (MMS-MAP): an individually randomized trial of higher-dose iron (60 mg, 45 mg) compared to low-dose iron (30 mg) in multiple micronutrient supplements in pregnancy.","BACKGROUND: Antenatal multiple micronutrient supplementation (MMS) has been shown to be more effective than iron-folic acid (IFA) alone in reducing adverse pregnancy and birth outcomes. However, there is a concern that MMS containing 30 mg of iron may be less effective in reducing maternal anemia compared to IFA supplements containing 60 mg of iron. This poses a clinical and programmatic dilemma for countries with a high burden of maternal anemia (> 40% prevalence) where the World Health Organization (WHO) recommends using IFA with 60 mg of iron.
METHODS/DESIGN: We will conduct an individually randomized, quadruple-blind superiority trial of daily antenatal MMS in Dar es Salaam, Tanzania (n = 6381 pregnant women). Participants will be randomized to receive a daily MMS regimen during pregnancy containing 60 mg iron, 45 mg iron, or 30 mg iron at a ratio of 1:1:1. The trial participants, outcome assessors (research staff and care providers), investigators, trial statistician, and data analysts will be blinded. Pregnant women will be enrolled in the trial before 20 weeks of gestation and will receive the randomized MMS regimen from enrollment until the time of pregnancy outcome/delivery. The primary outcome is maternal third-trimester moderate or severe anemia (Hb < 10.0 g/dL). The proportion of women who have moderate or severe anemia at 32 weeks of gestation will be compared between MMS containing 60 mg iron versus MMS containing 30 mg iron, as well as MMS containing 45 mg iron versus MMS containing 30 mg iron. Secondary outcomes include maternal hemoglobin concentration, anemia, maternal iron deficiency, and maternal iron deficiency anemia at 32 weeks gestation and 6 weeks postpartum; preeclampsia, antepartum bleeding, postpartum hemorrhage, maternal peripartum infection, pregnancy-related death, symptoms consistent with depression, fatigue, and maternal malaria during pregnancy and 42 days following; fetal death, stillbirth, birth weight, low birthweight, gestational age at birth, preterm birth, birthweight for gestational age, and small-for-gestational age birth; infant hemoglobin concentrations, infant iron status, neonatal death, and infant death at 6 weeks of age; and maternal side effects. Relative risks for binomial outcomes and mean differences for continuous outcomes and their 95% confidence intervals will be calculated for all the primary and secondary outcomes.
DISCUSSION: This study will produce causal evidence on whether MMS containing 60 or 45 mg of iron is superior to MMS containing 30 mg of iron in reducing maternal anemia and improving other important maternal and infant health outcomes. The findings of this study will inform Tanzania and similar contexts on the optimal formulation of MMS as many countries begin transitioning from IFA to MMS.
TRIAL REGISTRATION: ClinicalTrials.gov NCT06079918. Registered on 2023-10-06.
TRIAL STATUS: The trial is recruiting. We report protocol version 1.7 dated March 2, 2025. Recruitment started with the first patient enrolled on March 3, 2025. At the submission of this manuscript on April 10, 2025, 111 participants have been randomized. Recruitment is ongoing and should be completed by December 2026.",pubmed,abstract,임신부와 태아 또는 신생아,임신 중 식이보충제 또는 허브 보충제 노출,"비노출, 위약 또는 통상 산전관리","산모 독성, 임신 합병증, 선천성 이상, 태아·신생아 이상반응","무작위시험, 임신 코호트, 환자-대조군, 등록자료 연구, 증례군, 체계적 고찰"
v3ref-0152,pubmed:18637616,HRS1_PERIOPERATIVE,Herbal intake: undiagnosed hypothyroidism leading to postoperative refractory circulatory collapse--a case report.,"There is a high probability of missing out on the preoperative diagnosis of hypothyroidism in elderly females, as most of the symptoms are attributed to old age. We report a patient with undiagnosed hypothyroidism, operated for excisional biopsy of carcinoma of tongue, who postoperatively developed septicemia refractory to maximum ionotropic support and antibiotic coverage and succumbed within 40 hours. Her symptoms of constipation, sedentary life style, and joint pains were attributed to old age by the family and thus were not communicated to us in the preoperative assessment. Her long-standing hypothyroidism probably was associated with adrenocortical suppression exaggerated with intermittent and chronic ingestion of herbal powder, which generally contains steroids. We recommend that a more careful preoperative evaluation and history pertaining to hypothyroidism in obese female patients more than 45 years with joint pains should be sought for. Ingestion of herbal powders should alert us as these contain steroids If there is a suspicion of hypothyroidism, then elective surgery should be deferred to rule out the same due to possibility of progression to myxedema coma under stress of anesthesia and surgery. We also recommend that in these cases preoperative blood cortisol level should be evaluated to rule out adrenocortical suppression and direct its management, if present.",pubmed,abstract,수술 또는 침습적 시술을 받는 성인,수술 전 식이보충제 또는 허브 보충제 노출,"비노출, 중단, 또는 통상 수술주위 관리","출혈, 수혈, 마취 상호작용, 수술주위 합병증","무작위시험, 코호트, 환자-대조군, 단면연구, 증례군, 체계적 고찰"
v3ref-0153,pubmed:12499812,HRS4_LIVER_DISEASE,Rhus-chicken.,,pubmed,title_only,기존 간질환이 있는 성인 또는 소아 환자,식이보충제 또는 허브 보충제 노출,비노출 또는 통상 관리,"약인성 간손상, 간기능 악화, 간부전, 입원","코호트, 환자-대조군, 약물감시 연구, 증례군, 체계적 고찰"
v3ref-0154,pubmed:25371567,HRS4_LIVER_DISEASE,Antioxidant activities in vitro and hepatoprotective effects of Nelumbo nucifera leaves in vivo.,"BACKGROUND: Herbal medicines played a major role in the treatment of hepatic disorders, and a number of medicinal plants and their compounds were widely used for the treatment of these disorders, and oxidant stress injury was one of the mechanism of liver injury.
MATERIALS AND METHODS: Antioxidant activity of Nelumbo nucifera leaves (NU) extracts was assayed by the methods of scavenging 1,1-diphenyl-2-picrylhydrazyl (DPPH), 2,2'-azino-bis (3-ethylbenzo-thiazoline-6-sulfonicacid) (ABTS) radical and ferric reducing antioxidant power (FRAP) in vitro. By intraperitoneal injection carbon tetrachloride (CCl4) to establish acute liver injury model in mice, the levels of Glutamic-pyruvic transaminase (GPT), glutamic-oxaloacetic transaminase (GOT), superoxide dismutase (SOD) and the content of and maleicdialdehyde (MDA) were detected to evaluate hepatoprotective effect of NU using corresponding test kit.
RESULTS: EtOAC (NUEA) and n-BuOH extracts (NUBU) of N. nucifera leaves had good scavenging DPPH and ABTS radical activity and ferric reducing antioxidant power in vitro. DPPH radical scavenging activity and ferric reducing antioxidant power of NUEA (IC50= 6.68±0.29 µg/mL, RACT50=1749.82±67.03 µmol/g) and NUBU (IC50= 4.61±0.01 µg/mL, RACT50=1995.27±135.71 µmol/g ) were higher than that of BHT (IC50=8.76±0.20 µg/mL, RACT50=1581.68±97.41 µmol/g) and Dangfeiliganning (IC50=28.06±0.17 µg/mL, RACT50=1028.55±3.28 µmol/g). ABTS radical scavenging activity of NUEA (IC50= 5.32±0.12 µg/mL) and NUBU (IC50= 8.16±0.27 µg/mL) were higher than that of Dangfeiliganning (IC50= 9.76±0.16 µg/mL). Thus, hepatoprotective effect of NUEA and NUBU was evaluated on CCl4-induced acute liver injury mice. The results showed that the levels of GOT and GPT in each treatment group significantly decreased (p<0.001 and p<0.01, p<0.05, respectively) except for the group of NUEA (130.8 mg/kg) (p>0.05). The contents of malondialdehyde (MDA) in liver in groups of NUEA (523 mg/kg), NUBU (840.5 and 420.5 mg/kg, repectively) had significant decrease (p<0.001 and p<0.05, respectively), and the level of SOD in liver for each treatment group could significantly decrease (p<0.001, p<0.05, respectively).
CONCLUSION: NUEA and NUBU had significantly hepatoprotective effect for Calcium tetrachloride CCl4-induced liver injury, which might be attributable to its antioxidant activity.",pubmed,abstract,기존 간질환이 있는 성인 또는 소아 환자,식이보충제 또는 허브 보충제 노출,비노출 또는 통상 관리,"약인성 간손상, 간기능 악화, 간부전, 입원","코호트, 환자-대조군, 약물감시 연구, 증례군, 체계적 고찰"
v3ref-0155,pubmed:14627335,HRS4_LIVER_DISEASE,The irony of herbal hepatitis: Ma-Huang-induced hepatotoxicity associated with compound heterozygosity for hereditary hemochromatosis.,,pubmed,title_only,기존 간질환이 있는 성인 또는 소아 환자,식이보충제 또는 허브 보충제 노출,비노출 또는 통상 관리,"약인성 간손상, 간기능 악화, 간부전, 입원","코호트, 환자-대조군, 약물감시 연구, 증례군, 체계적 고찰"
v3ref-0156,pubmed:15756090,HRS4_LIVER_DISEASE,When is a herb a drug?,"With the growing popularity and use of herbal remedies in the industrial countries there has been an increasing recognition and reporting of adverse reactions. Drug development represents discovery and characterization of naturally occurring plant metabolites or their synthetic analogues. Therefore, a herbal remedy should be considered a drug for all clinical purposes. The liver, being central to the metabolism of virtually all xenobiotics, is inevitably exposed to reactive metabolites and liver injury is a potential complication of nearly every medication, including herbal remedies. Recognition of herb induced hepatotoxicity depends on clinical awareness of the problem, a suspicion that a herbal preparation is involved, and detailed enquiry regarding the use of all supplements and remedies. Herbal medicines should be regulated more systematically and monitoring for adverse reaction should improve.",pubmed,abstract,기존 간질환이 있는 성인 또는 소아 환자,식이보충제 또는 허브 보충제 노출,비노출 또는 통상 관리,"약인성 간손상, 간기능 악화, 간부전, 입원","코호트, 환자-대조군, 약물감시 연구, 증례군, 체계적 고찰"
v3ref-0157,pubmed:21867653,HRS4_LIVER_DISEASE,[Drug induced hepatotoxicity--don't forget herbals and dietary supplements!].,,pubmed,title_only,기존 간질환이 있는 성인 또는 소아 환자,식이보충제 또는 허브 보충제 노출,비노출 또는 통상 관리,"약인성 간손상, 간기능 악화, 간부전, 입원","코호트, 환자-대조군, 약물감시 연구, 증례군, 체계적 고찰"
v3ref-0158,pubmed:4054028,HRS3_PREGNANCY,The use of oral herbal medicine by women attending antenatal clinics in urban and rural Tanga District in Tanzania.,,pubmed,title_only,임신부와 태아 또는 신생아,임신 중 식이보충제 또는 허브 보충제 노출,"비노출, 위약 또는 통상 산전관리","산모 독성, 임신 합병증, 선천성 이상, 태아·신생아 이상반응","무작위시험, 임신 코호트, 환자-대조군, 등록자료 연구, 증례군, 체계적 고찰"
v3ref-0159,pubmed:24646518,HRS2_KIDNEY_DISEASE,"Impact of vitamin D supplementation on arterial vasomotion, stiffness and endothelial biomarkers in chronic kidney disease patients.","BACKGROUND: Cardiovascular events are frequent and vascular endothelial function is abnormal in patients with chronic kidney disease (CKD). We demonstrated endothelial dysfunction with vitamin D deficiency in CKD patients; however the impact of cholecalciferol supplementation on vascular stiffness and vasomotor function, endothelial and bone biomarkers in CKD patients with low 25-hydroxy vitamin D [25(OH)D] is unknown, which this study investigated.
METHODS: We assessed non-diabetic patients with CKD stage 3/4, age 17-80 years and serum 25(OH)D <75 nmol/L. Brachial artery Flow Mediated Dilation (FMD), Pulse Wave Velocity (PWV), Augmentation Index (AI) and circulating blood biomarkers were evaluated at baseline and at 16 weeks. Oral 300,000 units cholecalciferol was administered at baseline and 8-weeks.
RESULTS: Clinical characteristics of 26 patients were: age 50±14 (mean±1SD) years, eGFR 41±11 ml/min/1.73 m2, males 73%, dyslipidaemia 36%, smokers 23% and hypertensives 87%. At 16-week serum 25(OH)D and calcium increased (43±16 to 84±29 nmol/L, p<0.001 and 2.37±0.09 to 2.42±0.09 mmol/L; p = 0.004, respectively) and parathyroid hormone decreased (10.8±8.6 to 7.4±4.4; p = 0.001). FMD improved from 3.1±3.3% to 6.1±3.7%, p = 0.001. Endothelial biomarker concentrations decreased: E-Selectin from 5666±2123 to 5256±2058 pg/mL; p = 0.032, ICAM-1, 3.45±0.01 to 3.10±1.04 ng/mL; p = 0.038 and VCAM-1, 54±33 to 42±33 ng/mL; p = 0.006. eGFR, BP, PWV, AI, hsCRP, von Willebrand factor and Fibroblast Growth Factor-23, remained unchanged.
CONCLUSION: This study demonstrates for the first time improvement of endothelial vasomotor and secretory functions with vitamin D in CKD patients without significant adverse effects on arterial stiffness, serum calcium or FGF-23.
TRIAL REGISTRATION: ClinicalTrials.gov NCT02005718.",pubmed,abstract,만성콩팥병 또는 투석 환자,"비처방 비타민, 무기질 또는 허브 보충제 노출","비노출, 위약 또는 통상 관리","고칼륨혈증, 고칼슘혈증, 신독성, 심혈관 이상반응","무작위시험, 코호트, 환자-대조군, 약물감시 연구, 증례군, 체계적 고찰"
v3ref-0160,pubmed:26343254,HRS3_PREGNANCY,Vitamin E supplementation in pregnancy.,"BACKGROUND: Vitamin E supplementation may help reduce the risk of pregnancy complications involving oxidative stress, such as pre-eclampsia. There is a need to evaluate the efficacy and safety of vitamin E supplementation in pregnancy.
OBJECTIVES: To assess the effects of vitamin E supplementation, alone or in combination with other separate supplements, on pregnancy outcomes, adverse events, side effects and use of health services.
SEARCH METHODS: We searched the Cochrane Pregnancy and Childbirth Group's Trials Register (31 March 2015) and reference lists of retrieved studies.
SELECTION CRITERIA: All randomised or quasi-randomised controlled trials evaluating vitamin E supplementation in pregnant women. We excluded interventions using a multivitamin supplement that contained vitamin E.
DATA COLLECTION AND ANALYSIS: Two review authors independently assessed trials for inclusion and risk of bias, extracted data and checked them for accuracy.
MAIN RESULTS: Twenty-one trials, involving 22,129 women were eligible for this review. Four trials did not contribute data. All of the remaining 17 trials assessed vitamin E in combination with vitamin C and/or other agents. Overall the risk of bias ranged from low to unclear to high; 10 trials were judged to be at low risk of bias, six trials to be at unclear risk of bias and five trials to be at high risk of bias. No clear difference was found between women supplemented with vitamin E in combination with other supplements during pregnancy compared with placebo for the risk of stillbirth (risk ratio (RR) 1.17, 95% confidence interval (CI) 0.88 to 1.56, nine studies, 19,023 participants, I² = 0%; moderate quality evidence), neonatal death (RR 0.81, 95% CI 0.58 to 1.13, nine trials, 18,617 participants, I² = 0%), pre-eclampsia (average RR 0.91, 95% CI 0.79 to 1.06; 14 trials, 20,878 participants; I² = 48%; moderate quality evidence), preterm birth (average RR 0.98, 95% CI 0.88 to 1.09, 11 trials, 20,565 participants, I² = 52%; high quality evidence) or intrauterine growth restriction (RR 0.98, 95% CI 0.91 to 1.06, 11 trials, 20,202 participants, I² = 17%; high quality evidence). Women supplemented with vitamin E in combination with other supplements compared with placebo were at decreased risk of having a placental abruption (RR 0.64, 95% CI 0.44 to 0.93, seven trials, 14,922 participants, I² = 0%; high quality evidence). Conversely, supplementation with vitamin E was associated with an increased risk of self-reported abdominal pain (RR 1.66, 95% CI 1.16 to 2.37, one trial, 1877 participants) and term prelabour rupture of membranes (PROM) (average RR 1.77, 95% CI 1.37 to 2.28, two trials, 2504 participants, I² = 0%); however, there was no corresponding increased risk for preterm PROM (average RR 1.27, 95% CI 0.93 to 1.75, five trials, 1999 participants, I² = 66%; low quality evidence). There were no clear differences between the vitamin E and placebo or control groups for any other maternal or infant outcomes. There were no clear differing patterns in subgroups of women based on the timing of commencement of supplementation or baseline risk of adverse pregnancy outcomes. The GRADE quality of the evidence was high for preterm birth, intrauterine growth restriction and placental abruption, moderate for stillbirth and clinical pre-eclampsia, and low for preterm PROM.
AUTHORS' CONCLUSIONS: The data do not support routine vitamin E supplementation in combination with other supplements for the prevention of stillbirth, neonatal death, preterm birth, pre-eclampsia, preterm or term PROM or poor fetal growth. Further research is required to elucidate the possible role of vitamin E in the prevention of placental abruption. There was no convincing evidence that vitamin E supplementation in combination with other supplements results in other important benefits or harms.",pubmed,abstract,임신부와 태아 또는 신생아,임신 중 식이보충제 또는 허브 보충제 노출,"비노출, 위약 또는 통상 산전관리","산모 독성, 임신 합병증, 선천성 이상, 태아·신생아 이상반응","무작위시험, 임신 코호트, 환자-대조군, 등록자료 연구, 증례군, 체계적 고찰"
v3ref-0161,pubmed:10799405,HRS3_PREGNANCY,Folic acid: influence on the outcome of pregnancy.,"The periconceptional use of folic acid-containing supplements reduces the first occurrence, as well as the recurrence, of neural tube defects. Women of populations in which adverse pregnancy outcomes are prevalent often consume diets that contain a low density of vitamins and minerals, including folate. Folate intake may need to be sustained after complete closure of the neural tube to decrease the risk of other poor pregnancy outcomes. A central feature of embryonic and fetal development is widespread cell division; folate is central because of its role in nucleic acid synthesis. During gestation, marginal folate nutriture can impair cellular growth and replication in the fetus or placenta. Folate deficiency can occur because dietary folate intake is low or because the metabolic requirement for folate is increased by a particular genetic defect or defects. During pregnancy, low concentrations of dietary and circulating folate are associated with increased risks of preterm delivery, infant low birth weight, and fetal growth retardation. A metabolic effect of folate deficiency is an elevation of blood homocysteine. Likewise, the presence of maternal homocysteine concentrations have been associated both with increased habitual spontaneous abortion and pregnancy complications (eg, placental abruption and preeclampsia), which increase the risk of poor pregnancy outcome and of decreased birth weight and gestation duration.",pubmed,abstract,임신부와 태아 또는 신생아,임신 중 식이보충제 또는 허브 보충제 노출,"비노출, 위약 또는 통상 산전관리","산모 독성, 임신 합병증, 선천성 이상, 태아·신생아 이상반응","무작위시험, 임신 코호트, 환자-대조군, 등록자료 연구, 증례군, 체계적 고찰"
v3ref-0162,pubmed:38062980,HRS4_LIVER_DISEASE,"Hepatotoxicity due to dietary supplements: state-of-the-art, gaps and perspectives.","Food supplements are products intended to complement the normal diet and consist of concentrated sources of nutrients or other substances with a nutritional or physiological effect. Although they are generally considered safe if the manufacturer's recommendations are followed, many of them have shown hepatotoxic properties. This can cause many diseases (e.g. steatohepatitis and cirrhosis) characterized by progressive damage and malfunction of the liver that in the long term can lead to death. A review of the literature was carried out to elucidate which dietary supplements have been associated with cases of hepatotoxicity in recent years, with emphasis on those relevant to the consumer and the new trends (e.g. cannabidiol). It has been reported that the supplements described as hepatotoxic are mainly of botanical origin (e.g. green tea or turmeric) and those used in sports (mainly anabolic androgenic steroids). There is a great variability of compounds described as causing liver damage, although sometimes it is not possible to identify them, because they are contaminants or adulterants of the products. In addition, the prevalence of toxic effects after the administration of supplements is difficult to define due to underreporting and the lack of specific studies. Globally regarding hepatotoxicity of dietary supplements, there is a paucity of well-conducted clinical trials on the efficacy of these compounds and the frequency of related liver damage, as the use of these products is largely uncontrolled.",pubmed,abstract,기존 간질환이 있는 성인 또는 소아 환자,식이보충제 또는 허브 보충제 노출,비노출 또는 통상 관리,"약인성 간손상, 간기능 악화, 간부전, 입원","코호트, 환자-대조군, 약물감시 연구, 증례군, 체계적 고찰"
v3ref-0163,pubmed:17064525,HRS1_PERIOPERATIVE,[Effects of Yunnan Baiyao on peri-operative bleeding of patients undergoing cervical open-door laminoplasty: a multi-center randomized double-blind placebo-control trial].,"OBJECTIVE: To investigate the effects of Yunnan Baiyao on peri-operative bleeding of the patients undergoing cervical open-door laminoplasty.
METHODS: 197 patients undergoing cervical open-door laminoplasty were randomly divided into 2 groups Yunnan Baiyao group (receiving Yunnan Baiyao 500 mg three times daily for 5 days) and placebo group. The amounts of intra-operative and post-operative bleeding were compared, and the side effect of Yunnan Baiyao was also analyzed.
RESULTS: Statistical analysis showed that the amount of intra-operative bleeding of the Yunnan Baiyao was 350 ml +/- 190 ml, significantly lower than that of the placebo group (443 ml +/- 266 ml, P < 0.05). There were no statistical differences in the amount of postoperative bleeding and side effect rate between the two groups.
CONCLUSION: Yunnan Baiyao is effective and safe in reducing the amount of intra-operative bleeding of cervical open-door laminoplasty.",pubmed,abstract,수술 또는 침습적 시술을 받는 성인,수술 전 식이보충제 또는 허브 보충제 노출,"비노출, 중단, 또는 통상 수술주위 관리","출혈, 수혈, 마취 상호작용, 수술주위 합병증","무작위시험, 코호트, 환자-대조군, 단면연구, 증례군, 체계적 고찰"
v3ref-0164,pubmed:42037222,HRS1_PERIOPERATIVE,Kratom Use: An Emerging Perioperative Nursing Concern.,"Kratom is an emerging drug of concern that poses significant challenges in perioperative care, but the public and many health professionals remain unaware of its use and effects. Patients may use kratom as a substitute for opioids or to increase focus or decrease anxiety, depending on the dose. Kratom binds with μ-opioid, α2-adrenergic, and serotonin receptors and has been associated with perioperative complications, including difficulty managing pain, hemodynamic instability, agitation, and withdrawal symptoms in patients undergoing surgery. Considering that 1.9 million Americans aged 12 years and older have used kratom, screening patients before surgery is important. Preoperative nurses can positively affect patient care by communicating a patient's use of kratom to the care team. With that knowledge, perianesthesia, intraoperative, and postoperative teams can be prepared for any untoward effects of kratom use across all perioperative settings.",pubmed,abstract,수술 또는 침습적 시술을 받는 성인,수술 전 식이보충제 또는 허브 보충제 노출,"비노출, 중단, 또는 통상 수술주위 관리","출혈, 수혈, 마취 상호작용, 수술주위 합병증","무작위시험, 코호트, 환자-대조군, 단면연구, 증례군, 체계적 고찰"
v3ref-0165,pubmed:17335712,HRS4_LIVER_DISEASE,[Acute hepatitis associated with Colpachi intake. Apropros of 5 cases].,"The use of herbal medicines believed to have therapeutic properties is becoming increasingly widespread. These medicines are usually taken by patients on their own initiative and physicians are often unaware of which patients are taking these substances. Herbal medicines can be taken in the form of teas, powders, and liquid extracts. In the last few years, it has come to light that these natural remedies are not free of risks, especially the risk of interaction with other drugs or hepatotoxicity, ranging from asymptomatic forms to massive hepatic necrosis. We describe a series of 5 patients notified to the Spanish Pharmacovigilance System of medicinal products for human use. All the patients developed acute hepatitis during Colpachi treatment lasting several months, which resolved after discontinuing intake of this substance. Systematic examination of the literature revealed the existence of 6 other reported cases of suspected Colpachi-induced hepatotoxicity.",pubmed,abstract,기존 간질환이 있는 성인 또는 소아 환자,식이보충제 또는 허브 보충제 노출,비노출 또는 통상 관리,"약인성 간손상, 간기능 악화, 간부전, 입원","코호트, 환자-대조군, 약물감시 연구, 증례군, 체계적 고찰"
v3ref-0166,pubmed:24587663,HRS1_PERIOPERATIVE,Intravenous iron supplementation may be superior to observation in acute isovolemic anemia after gastrectomy for cancer.,"AIM: To determine whether the application of post-operative intravenous (IV)-iron for acute isovolemic anemia after gastrectomy for cancer may be effective.
METHODS: Among 2078 gastric cancer patients who underwent surgery between February 2007 and August 2009 at the National Cancer Center Korea, 368 patients developed post-operative anemia [hemoglobin-(Hb)-level < 9 g/dL] within the first postoperative week. Patients requiring transfusions were excluded. IV-iron was administered to 63 patients (iron group). Sixty patients were observed without treatment (observation group). The clinical outcomes of the groups were compared concerning clinicopathologic data, morbidity, and changes in Hb levels using Fisher's exact test, Student's t-test and the Z-test.
RESULTS: The initial Hb level was higher in the iron group than in the observation group (7.3 ± 1.0 g/dL vs 8.4 ± 0.5 g/dL, P < 0.001). The slope of the changes in the Hb level was significantly higher in the iron group than in the observation group (0.648 ± 0.054 vs 0.349 ± 0.038, P < 0.001). The Hb level 1 and 3 mo post-operatively increased from 10.7 ± 1.3 to 11.9 ± 1.3 g/dL in the iron group (P = 0.033) and from 10.1 ± 1.0 to 10.8 ± 1.4 g/dL in the observation group (P < 0.001). The postoperative hospital stay was significantly longer in the iron group than in the observation group (10.5 ± 6.8 d vs 7.6 ± 5.5 d, P = 0.011). There were no significant differences in the major and surgical complications between the groups (6.3% vs 13.3%, P = 0.192; 9.5% vs 3.3%, P = 0.164).
CONCLUSION: IV-iron supplementation may be an effective treatment for post-operative isovolemic post-gastrectomy anemia and may be a better alternative than observation.",pubmed,abstract,수술 또는 침습적 시술을 받는 성인,수술 전 식이보충제 또는 허브 보충제 노출,"비노출, 중단, 또는 통상 수술주위 관리","출혈, 수혈, 마취 상호작용, 수술주위 합병증","무작위시험, 코호트, 환자-대조군, 단면연구, 증례군, 체계적 고찰"
v3ref-0167,pubmed:14535172,HRS4_LIVER_DISEASE,Seventy-two cases of antidiabetic-induced hepatopathy treated by huatan yigan decoction.,"UNLABELLED: In order to observe the therapeutic effects of Huatan Yigan Decoction ([symbol: see text] Decoction for resolving phlegm and replenishing the liver) on antidiabetic-induced hepatopathy, 129 cases were divided into two groups, 72 cases in the treatment group were administrated with Huatan Yigan Decoction and 57 cases in the control group with the liver-protecting drugs. Their liver function, plasma prothrombin time (PT), blood urea nitrogen and symptoms of the patients before and after treatment were observed during the three therapeutic courses.
RESULTS: The total effective rate and cured rate of the treatment group manifested an obvious difference in comparison with those of the control group (P < 0.05 or P < 0.01). Even though the liver function, blood urea nitrogen (BUN) and symptoms in both groups were improved markedly, these indicators in the treatment group were improved more markedly than those in control group (P < 0.01). No adverse effect was found during the treatment.
CONCLUSION: Huatan Yigan Decoction shows a repair action on hepatic injury.",pubmed,abstract,기존 간질환이 있는 성인 또는 소아 환자,식이보충제 또는 허브 보충제 노출,비노출 또는 통상 관리,"약인성 간손상, 간기능 악화, 간부전, 입원","코호트, 환자-대조군, 약물감시 연구, 증례군, 체계적 고찰"
v3ref-0168,pubmed:12772052,HRS4_LIVER_DISEASE,"[Kava, kavapyrones and toxic liver injury].","Kava extracts are obtained from the rhizoma of the kava shrub (Piper methysticum) and contain various pyrones which are used as herbal anxiolytic remedies for generalized anxiety syndromes of low and intermediate grades. The commonly recommended daily dose of 60-120 mg kavapyrones and the duration of the therapy of up to 3 months should not be increased without consultation of a physician and were not followed by most patients, since herbal drugs are considered by the population not only as effective but also as safe. Whereas kava extracts are well tolerated by most patients and rare side effects are rapidly reversible upon drug discontinuation, there are suspected hepatotoxic reactions reported during the last years in temporal and not necessarily causal association with a therapy with kava extracts. Almost 80 % of the patients took kavapyrones in overdose (maximally 480 mg/d) and/or for a prolonged time of more than 3 months up to 2 years. Additional risks factors include co-medication with up to 5 other chemically defined or herbal drugs with in part potentially hepatotoxic properties as well as a genetic deficiency of the hepatic microsomal cytochrome P450 2D6. Severe clinical courses with liver transplantation and possible fatal outcome occurred in 7 patients with overdose and/or long duration of the therapy with kavapyrones. Preventive measures should therefore include a dose of 120, maximally 210 mg kavapyrones per day for 1 month, maximally 2 months, as well as a prescription by a physician. Laboratory test (ALT and gamma-GT) should be done before and during the therapy, and co-medication and alcohol consumption should be avoided. With these measures the hepatotoxic risks under the treatment with kavapyrones might be minimized which are also available via internet and from abroad with possible severe consequences when taken without medical supervision.",pubmed,abstract,기존 간질환이 있는 성인 또는 소아 환자,식이보충제 또는 허브 보충제 노출,비노출 또는 통상 관리,"약인성 간손상, 간기능 악화, 간부전, 입원","코호트, 환자-대조군, 약물감시 연구, 증례군, 체계적 고찰"
v3ref-0169,pubmed:37660725,HRS4_LIVER_DISEASE,Liver protecting effects and molecular mechanisms of icariin and its metabolites.,"As a detoxification and metabolism organ, the liver plays a vital role in human health. However, an excessive consumption of drugs and toxins, exposure to pathogenic viruses, and unhealthy living habits can lead to liver damage, which may even develop into liver cirrhosis and liver cancer. Epimedium brevicornum Maxim. is a traditional Chinese medicine and dietary supplement in which the flavonoid icariin is a main functional component. Although the protective mechanisms of icariin and its metabolites against liver injury are not yet comprehensively understood, an increasing number of studies have confirmed their liver-protective and anticancer effects. Indeed, icaritin, one of the metabolites of icariin, is currently utilized as an active component of an anti-cancer drug. This paper presents a review of the molecular mechanisms through which icariin and its metabolites actively protect against the occurrence and development of liver injury, and, thus, provides a comprehensive reference for further research and their application in liver protection.",pubmed,abstract,기존 간질환이 있는 성인 또는 소아 환자,식이보충제 또는 허브 보충제 노출,비노출 또는 통상 관리,"약인성 간손상, 간기능 악화, 간부전, 입원","코호트, 환자-대조군, 약물감시 연구, 증례군, 체계적 고찰"
v3ref-0170,pubmed:33434654,HRS4_LIVER_DISEASE,Herbal and Dietary Supplements-Induced Liver Injury in Latin America: Experience From the LATINDILI Network.,"BACKGROUND: Herbal and dietary supplements (HDS) consumption, a growing cause of hepatotoxicity, is a common practice among Latin-American populations.
OBJECTIVES: To evaluate clinical, laboratory features and outcome in HDS-hepatotoxicity included in the Latin America-Drug Induced Liver Injury (LATINDILI) Network.
METHODS: A total of 29 adjudicated cases of HDS hepatotoxicity reported to the LATINDILI Network from October 2011 through December 2019 were compared with 322 DILI cases due to conventional drugs and 16 due to anabolic steroids as well as with other series of HDS-hepatotoxicity.
RESULTS: From 367 DILI cases, 8% were attributed to HDS. An increasing trend in HDS-hepatotoxicity was noted over time (p = .04). Camellia sinensis, Herbalife® products, and Garcinia cambogia, mostly used for weight loss, were the most frequently adjudicated causative agents. Mean age was 45 years (66% female). Median time to onset was 31 days. Patients presented typically with hepatocellular injury (83%) and jaundice (66%). Five cases (17%) developed acute liver failure. Compared to conventional medications and anabolic steroids, HDS hepatotoxicity cases had the highest levels of aspartate and alanine transaminase (p = .008 and p = .021, respectively), had more re-exposure events to the culprit HDS (14% vs 3% vs 0%; p = .026), and had more severe and fatal/liver transplantation outcomes (21% vs 12% vs 13%; p = .005). Compared to other DILI cohorts, less HDS hepatotoxicity cases in Latin America were hospitalized (41%).
CONCLUSIONS: HDS-hepatotoxicity in Latin-America affects mainly young women, manifests mostly with hepatocellular injury and is associated with higher frequency of accidental re-exposure. HDS hepatotoxicity is more serious with a higher chance of death/liver transplantation than DILI related to conventional drugs.",pubmed,abstract,기존 간질환이 있는 성인 또는 소아 환자,식이보충제 또는 허브 보충제 노출,비노출 또는 통상 관리,"약인성 간손상, 간기능 악화, 간부전, 입원","코호트, 환자-대조군, 약물감시 연구, 증례군, 체계적 고찰"
v3ref-0171,pubmed:25264330,HRS1_PERIOPERATIVE,Vitamin K1 monitoring in pregnancies after bariatric surgery: a prospective cohort study.,"BACKGROUND: Neonatal intracranial bleedings and birth defects have been reported, possibly related to maternal vitamin K1 deficiency during pregnancy after bariatric surgery. The objective of this study was to investigate the effects of screening and supplementation on K1 serum levels in pregnant women with bariatric surgery, and to compare K1 levels and prothrombin time (PT %) in the first trimester with pregnant women without bariatric surgery.
METHODS: A prospective cohort study including 49 pregnant women with bariatric surgery. Nutritional deficiencies were prospectively screened. In case of observed low K1 serum levels, supplementation was provided. K1 serum levels and PT (%) during the first trimester were compared with a nonsurgical control group of 27 women.
RESULTS: During the first trimester, most women had low K1 serum levels (<0.8 nmol/l). Mean vitamin K1 levels were significantly lower in the surgical group compared to the nonsurgical control group (.44 versus .64 nmol/l; P = .016). PT (%) remained in the normal range, The surgery group showed a higher mean PT compared to the controls (111.3 versus 98.9%; P<.001) Mean K1 serum levels in the study group were higher during the third than during the first trimester (P = .014). PT (%) was significantly higher during the second and third than during the first trimester (P = .004). Most of the coagulation factors, including II, V, VII, IX, and X, remained within normal ranges.
CONCLUSION: Low circulating K1 appears to be common in pregnant women with and without bariatric surgery. Supplementation during pregnancy can restore vitamin K1 in women with bariatric surgery, potentially protecting the fetus and newborn against intracranial hemorrhage.",pubmed,abstract,수술 또는 침습적 시술을 받는 성인,수술 전 식이보충제 또는 허브 보충제 노출,"비노출, 중단, 또는 통상 수술주위 관리","출혈, 수혈, 마취 상호작용, 수술주위 합병증","무작위시험, 코호트, 환자-대조군, 단면연구, 증례군, 체계적 고찰"
v3ref-0172,pubmed:32525269,HRS4_LIVER_DISEASE,Profile of herbal and dietary supplements induced liver injury in Latin America: A systematic review of published reports.,"Hepatotoxicity related to HDS is a growing global health issue. We have undertaken a systematic review of published case reports and case series from LA from 1976 to 2020 to describe the clinical features of HDS related hepatotoxicity in this region. We search in PubMed, Web of Science, Scopus and specific LA databases according to PRISMA guidelines. Only HILI cases published in LA that met criteria for DILI definition were included. Duplicate records or reports that lacked relevant data that precluded establishing causality were excluded. Finally, 17 records (23 cases) were included in this review. Centella asiatica, Carthamus tinctorius, and Herbalife® were the most reported HDS culprit products, the main reason for HDS consumption was weight loss. The clinical characteristics of HDS hepatotoxicity in our study were compared to those of other studies in the USA, Europe and China showing a similar signature with predominance of young females, hepatocellular damage, a high rate of ALF and mortality, more frequent inadvertent re-challenge and chronic damage. This study underscores the challenge in causality assessment when multi-ingredients HDS are taken and the need for consistent publication practice when reporting hepatotoxicity cases due to HDS, to foster HDS liver safety particularly in LA.",pubmed,abstract,기존 간질환이 있는 성인 또는 소아 환자,식이보충제 또는 허브 보충제 노출,비노출 또는 통상 관리,"약인성 간손상, 간기능 악화, 간부전, 입원","코호트, 환자-대조군, 약물감시 연구, 증례군, 체계적 고찰"
v3ref-0173,pubmed:25117752,HRS3_PREGNANCY,Seasonal variations of vitamin D concentrations in pregnant women and neonates in Slovenia.,"OBJECTIVE: While foreign research shows a high prevalence of vitamin D deficiency in pregnant women and consequently in neonates, we do not have any data on vitamin D concentration in these risk groups for Slovenia. We performed a prospective study to evaluate vitamin D concentration in pregnant women and neonates in Maribor region.
STUDY DESIGN: We determined 25-hydroxy-vitamin D concentration from blood samples taken before delivery from 100 pregnant women who gave birth in Maribor University Clinical Centre in September and December 2013, respectively, and from the cord blood of their neonates. We collected data on nutrition and sun exposure during pregnancy. We calculated the vitamin D concentrations in pregnant women and neonates according to season of birth and use of nutrition supplements, determined the vitamin D levels in some pregnancy complications and checked the correlation of maternal and neonatal vitamin D concentrations.
RESULTS: The average vitamin D concentration in the September group was 54.3±25.2nmol/L, and in the December group 33.3±18.6nmol/L (p<0.001). Optimal vitamin D concentration (>80nmol/L) was reached by 12.0% of pregnant women in September and by only 2.0% in December. Women who took nutrition supplements containing vitamin D during pregnancy had significantly higher vitamin D levels than those who did not (September 68.9±27.0nmol/L vs. 46.5±20.3nmol/L, p<0.001; December 38.7±17.9nmol/L vs. 30.2±18.4nmol/L, p=0.028). Neonates had higher average levels of vitamin D than their mothers but there was a good correlation between maternal and neonatal vitamin D values.
CONCLUSION: Vitamin D deficiency is very common in pregnant women in Slovenia as well, especially in winter and in those women who do not take nutrition supplements containing vitamin D.",pubmed,abstract,임신부와 태아 또는 신생아,임신 중 식이보충제 또는 허브 보충제 노출,"비노출, 위약 또는 통상 산전관리","산모 독성, 임신 합병증, 선천성 이상, 태아·신생아 이상반응","무작위시험, 임신 코호트, 환자-대조군, 등록자료 연구, 증례군, 체계적 고찰"
v3ref-0174,pubmed:28018115,HRS4_LIVER_DISEASE,Dangerous dietary supplements: Garcinia cambogia-associated hepatic failure requiring transplantation.,"Commercial dietary supplements are marketed as a panacea for the morbidly obese seeking sustainable weight-loss. Unfortunately, many claims cited by supplements are unsupported and inadequately regulated. Most concerning, however, are the associated harmful side effects, often unrecognized by consumers. Garcinia cambogia extract and Garcinia cambogia containing products are some of the most popular dietary supplements currently marketed for weight loss. Here, we report the first known case of fulminant hepatic failure associated with this dietary supplement. One active ingredient in this supplement is hydroxycitric acid, an active ingredient also found in weight-loss supplements banned by the Food and Drug Administration in 2009 for hepatotoxicity. Heightened awareness of the dangers of dietary supplements such as Garcinia cambogia is imperative to prevent hepatoxicity and potential fulminant hepatic failure in additional patients.",pubmed,abstract,기존 간질환이 있는 성인 또는 소아 환자,식이보충제 또는 허브 보충제 노출,비노출 또는 통상 관리,"약인성 간손상, 간기능 악화, 간부전, 입원","코호트, 환자-대조군, 약물감시 연구, 증례군, 체계적 고찰"
v3ref-0175,pubmed:11787086,HRS4_LIVER_DISEASE,[Can liver tolerate chinese medicinal herbs?].,,pubmed,title_only,기존 간질환이 있는 성인 또는 소아 환자,식이보충제 또는 허브 보충제 노출,비노출 또는 통상 관리,"약인성 간손상, 간기능 악화, 간부전, 입원","코호트, 환자-대조군, 약물감시 연구, 증례군, 체계적 고찰"
v3ref-0176,pubmed:42010989,HRS4_LIVER_DISEASE,Flavonoids from Radix Puerariae Alleviated Alcoholic Liver Disease via PI3K/AKT Signaling Pathway.,"Alcoholic Liver Disease (ALD) represents a spectrum of hepatic disorders resulting from chronic excessive alcohol consumption. Radix Puerariae, the dried root of Pueraria Lobata (Willd.) Ohwi has been traditionally used to both counteract alcohol toxicity and protect the liver. Flavonoids, including puerarin, daidzein, and genistein, are the main bioactive components of Radix Puerariae. However, their specific mechanisms of action against ALD remain unclear. In this study, we therefore evaluated the hepatoprotective effects of the flavonoid from Radix Puerariae (FRP) using both in vitro and in vivo ALD models, and assessed the extent of pathological damage using Hematoxylin-Eosin (HE) staining. The relevant assay kits were used to measure inflammatory responses and oxidative stress-related indicators. In addition, a combination of metabolomics and network pharmacology was used to elucidate the PI3K/AKT signaling pathway as a potential mechanism of FRP-based ALD treatment. Western blotting experiments were conducted to measure the expression levels of key proteins, and the pharmacodynamic results showed that FRP reduced liver injury. Metabolomics revealed that FRP significantly regulated the levels of 73 metabolites involving the glycerophospholipid metabolism, arachidonic acid metabolism, and alpha-linolenic acid metabolism pathways. Network pharmacology results suggested that INS, AKT1, and TNF may be potential targets, and Western blot experiments showed that FRP could alleviate ALD by activating the PI3K/AKT pathway. These results indicated that FRP could exert its therapeutic effect against ALD by regulating the PI3K/AKT signaling pathway, and establish a robust application foundation for further research.",pubmed,abstract,기존 간질환이 있는 성인 또는 소아 환자,식이보충제 또는 허브 보충제 노출,비노출 또는 통상 관리,"약인성 간손상, 간기능 악화, 간부전, 입원","코호트, 환자-대조군, 약물감시 연구, 증례군, 체계적 고찰"
v3ref-0177,pubmed:33621669,HRS4_LIVER_DISEASE,Liver Injury After Dietary Supplements in Patients Living With HIV: A Call to Action.,,pubmed,title_only,기존 간질환이 있는 성인 또는 소아 환자,식이보충제 또는 허브 보충제 노출,비노출 또는 통상 관리,"약인성 간손상, 간기능 악화, 간부전, 입원","코호트, 환자-대조군, 약물감시 연구, 증례군, 체계적 고찰"
v3ref-0178,pubmed:27142670,HRS4_LIVER_DISEASE,Severe Acute Hepatocellular Injury Attributed to OxyELITE Pro: A Case Series.,"BACKGROUND/AIM: Herbal and dietary supplement (HDS) hepatotoxicity is increasingly being reported in the USA. This case series describes the presenting clinical features and outcomes of seven patients with liver injury attributed to OxyELITE Pro enrolled in the Drug-Induced Liver Injury Network (DILIN) study.
METHODS: The 6-month outcomes of patients with hepatotoxicity attributed to OxyELITE Pro enrolled in the DILIN prospective registry between 2004 and 2015 are presented.
RESULTS: Six of the seven patients (86 %) presented in 2013 with symptoms of hepatitis and acute hepatocellular injury. The median duration of OxyELITE Pro use was 18 weeks (range 5-102 weeks). Median age was 36 years (range 28-62), 86 % were female, and 43 % were Asian. One patient had rash, none had eosinophilia, and three had antinuclear antibody reactivity. The median peak ALT was 2242 U/L, alkaline phosphatase 284 U/L and bilirubin 15.0 mg/dL. Six patients (86 %) were hospitalized, three developed acute liver failure and two underwent liver transplantation. DILIN causality scores for OxyELITE Pro were definite in 1, highly likely in 3, probable in 2, and possible in 1. Four of the five patients without liver transplant recovered completely within 6 months, while one patient had mild residual ALT elevations.
CONCLUSIONS: Seven cases of severe acute hepatocellular injury attributed to OxyELITE Pro are reported. These results reinforce the need to assess for HDS supplement use in patients presenting with unexplained acute hepatitis and point to the need for additional regulatory oversight of HDS products.",pubmed,abstract,기존 간질환이 있는 성인 또는 소아 환자,식이보충제 또는 허브 보충제 노출,비노출 또는 통상 관리,"약인성 간손상, 간기능 악화, 간부전, 입원","코호트, 환자-대조군, 약물감시 연구, 증례군, 체계적 고찰"
v3ref-0179,pubmed:17266882,HRS4_LIVER_DISEASE,[Hepatotoxicity associated with Hypericum (St. John's wort)].,,pubmed,title_only,기존 간질환이 있는 성인 또는 소아 환자,식이보충제 또는 허브 보충제 노출,비노출 또는 통상 관리,"약인성 간손상, 간기능 악화, 간부전, 입원","코호트, 환자-대조군, 약물감시 연구, 증례군, 체계적 고찰"
v3ref-0180,pubmed:23277336,HRS5_ANTICOAGULATION,Potential serious interactions between nutraceutical ginseng and warfarin in patients with ischemic stroke.,,pubmed,title_only,"비타민 K 길항제, 직접경구항응고제 또는 헤파린을 사용하는 환자",식이보충제 또는 허브 보충제 병용,보충제 비병용 또는 기준 기간,"주요·경미 출혈, 혈전색전증, 응고검사 변화, 약물 상호작용","무작위시험, 코호트, 환자-대조군, 자기대조 연구, 증례군, 체계적 고찰"
v3ref-0181,pubmed:21174361,HRS4_LIVER_DISEASE,"[""Doing something good"" for the body? Definitely not! Liver damage caused by food supplements].",,pubmed,title_only,기존 간질환이 있는 성인 또는 소아 환자,식이보충제 또는 허브 보충제 노출,비노출 또는 통상 관리,"약인성 간손상, 간기능 악화, 간부전, 입원","코호트, 환자-대조군, 약물감시 연구, 증례군, 체계적 고찰"
v3ref-0182,pubmed:19323340,HRS5_ANTICOAGULATION,Herbal supplements may require modifications of dental treatment.,,pubmed,title_only,"비타민 K 길항제, 직접경구항응고제 또는 헤파린을 사용하는 환자",식이보충제 또는 허브 보충제 병용,보충제 비병용 또는 기준 기간,"주요·경미 출혈, 혈전색전증, 응고검사 변화, 약물 상호작용","무작위시험, 코호트, 환자-대조군, 자기대조 연구, 증례군, 체계적 고찰"
v3ref-0183,pubmed:12391560,HRS4_LIVER_DISEASE,"Hepatoprotective and free radical scavenging activities of prenylflavonoids, coumarin, and stilbene from Morus alba.","Chemical investigation of the EtOH extract of Morus alba L. (Moraceae), as guided by free radical scavenging activity, furnished 5,7-dihydroxycoumarin 7-methyl ether (1), two prenylflavones, cudraflavone B (2) and cudraflavone C (3), and oxyresveratrol (4). Compounds 1 and 4 showed superoxide scavenging effects with the IC(50) values of 19.1 +/- 3.6 and 3.81 +/- 0.5 microM, respectively. Compound 4 exhibited a DPPH free radical scavenging effect (IC(50) = 23.4 +/- 1.5 microM). Compounds 2 and 4 showed hepatoprotective effects with EC(50) values of 10.3 +/- 0.42 and 32.3 +/- 2.62 micro, respectively, on tacrine-induced cytotoxicity in human liver-derived Hep G2 cells.",pubmed,abstract,기존 간질환이 있는 성인 또는 소아 환자,식이보충제 또는 허브 보충제 노출,비노출 또는 통상 관리,"약인성 간손상, 간기능 악화, 간부전, 입원","코호트, 환자-대조군, 약물감시 연구, 증례군, 체계적 고찰"
v3ref-0184,pubmed:23559082,HRS3_PREGNANCY,Randomized controlled trial (RCT) of vitamin D supplementation in pregnancy in a population with endemic vitamin D deficiency.,"BACKGROUND: Vitamin D (vD) deficiency in pregnancy is a global health problem and the amount of vD supplementation to prevent vD deficiency is controversial.
OBJECTIVE: The objective of the study was to determine effectiveness and safety of prenatal 2000 IU and 4000 IU/d compared with 400 IU/d vD3 supplementation in a randomized controlled trial in population in which vD deficiency is endemic.
DESIGN/METHODS: Arab women were randomized at 12-16 weeks of gestation to 400, 2000, and 4000 IU/d vD3, which were continued to delivery. Serum 25-hydroxyvitamin D [25(OH)D] concentrations were measured during pregnancy and at delivery. The primary outcome was the maternal and cord blood 25(OH)D, and the secondary outcomes were the achievement of sufficient serum 25(OH)D of 32 ng/mL or greater (≥80 nmol/L) at delivery.
SETTING: The locations were primary care and tertiary perinatal care centers.
RESULTS: Of 192 enrolled, 162 (84%) continued to delivery. Mean serum 25(OH)D of 8.2 ng/mL (20.5 nmol/L) at enrollment was low. Mean serum 25(OH)D concentrations at delivery and in cord blood were significantly higher in the 2000 and 4000 IU than the 400 IU/d group (P < .001) and was highest in the 4000 IU/d group. The percent who achieved 25(OH)D greater than 32 ng/mL and greater than 20 ng/mL concentrations in mothers and infants was highest in 4000 IU/d group. Safety measurements were similar by group and no adverse event related to vD supplementation.
CONCLUSIONS: Vitamin D supplementation of 2000 and 4000 IU/d appeared safe in pregnancy, and 4000 IU/d was most effective in optimizing serum 25(OH)D concentrations in mothers and their infants. These findings could apply to other populations in which vD deficiency is endemic.",pubmed,abstract,임신부와 태아 또는 신생아,임신 중 식이보충제 또는 허브 보충제 노출,"비노출, 위약 또는 통상 산전관리","산모 독성, 임신 합병증, 선천성 이상, 태아·신생아 이상반응","무작위시험, 임신 코호트, 환자-대조군, 등록자료 연구, 증례군, 체계적 고찰"
v3ref-0185,pubmed:38955352,HRS3_PREGNANCY,"Ligilactobacillus salivarius V4II-90 eradicates Group B Streptococcus colonisation during pregnancy: a randomised, double-blind, placebo-controlled trial.","Group B Streptococcus (GBS) is the leading cause of bacterial neonatal sepsis. This study aimed to confirm the effect of Ligilactobacillus salivarius V4II-90 on GBS colonisation during pregnancy. A randomised, multicentre, double-blind, placebo-controlled, parallel-group study was conducted in seven hospitals in Madrid, Spain. The sample was broken down into two groups with 20 participants each (n = 40) in order to show reduced GBS colonisation frequency in the probiotic versus the placebo group. Pregnant participants positive for vaginal-rectal colonisation before or during the 13th week of gestation were randomly assigned to either the placebo or the probiotic group. The probiotic, L. salivarius V4II-90 at 1 × 109 cfu/day was administered for 12 weeks, starting at week 21-23 of gestation. The primary outcome was the percentage of participants with vaginal and/or rectal GBS colonisation at the end of the intervention period (35 weeks of gestation). Secondary outcomes were changes in the microbial composition of vaginal and rectal exudates; premature delivery; premature rupture of membranes; intrapartum antibiotics; new-borns with early or late-onset GBS sepsis; adverse events (AEs); and GBS test results performed at the hospital at week 35 of gestation. Of the 481 participants included, 44 were vaginal-rectal colonised with GBS and randomised. 43 completed the study (20 in the probiotic group and 23 in the placebo group). After intervention, GBS was eradicated in six participants (27%) from the placebo group and in twelve participants (63%) from the probiotic group ( P = 0.030). None of the 185 AEs reported were identified as possibly, probably, or definitely related to the investigational product. In conclusion, oral administration of L. salivarius V4II-90 is a safe and successful strategy to significantly decrease the rates of GBS colonisation at the end of pregnancy and, therefore, to reduce the exposure of subjects and their infants to intrapartum antibiotic prophylaxis. Trial registered at ClinicalTrials.gov: number NCT03669094.",pubmed,abstract,임신부와 태아 또는 신생아,임신 중 식이보충제 또는 허브 보충제 노출,"비노출, 위약 또는 통상 산전관리","산모 독성, 임신 합병증, 선천성 이상, 태아·신생아 이상반응","무작위시험, 임신 코호트, 환자-대조군, 등록자료 연구, 증례군, 체계적 고찰"
v3ref-0186,pubmed:12069403,HRS3_PREGNANCY,Symposium on 'nutritional adaptation to pregnancy and lactation'. Pregnancy as a time for dietary change?,"It is thought that nutrition during pregnancy plays a key role in the well-being of the mother and the newborn infant, and further influences health during childhood and adulthood. Pregnancy is a time of increased nutritional requirements, but many of these requirements will be met by adaptive physiological changes that occur during gestation, with little need to alter maternal dietary intake. A modest increment of food which provides 0.8 MJ/d (above prepregnant requirements) during the third trimester is considered adequate to meet the needs of fetal and maternal growth, and to satisfy the small increase in requirements of many macro- and micronutrients. However, requirements for vitamin D and folic acid increase substantially, and should be met primarily by supplementation. Food selection may also be altered to avoid a range of food-borne diseases and toxic constituents. There are a number of psycho-social reasons why pregnancy might be considered a good time for promoting changes in dietary behaviour for the health of the wider family. However, pregnancy may be a bad time to promote dietary change if it is perceived to involve slimming, if nutritional requirements are greatest before pregnancy, or if dietary changes made are harmful. There is little evidence to support educational interventions as successful at changing dietary behaviour during pregnancy. Pregnancy may be best viewed as an opportunity for maintaining good dietary selections and for building knowledge for future action, and should not be seen as the only opportunity for promoting dietary change within the life course.",pubmed,abstract,임신부와 태아 또는 신생아,임신 중 식이보충제 또는 허브 보충제 노출,"비노출, 위약 또는 통상 산전관리","산모 독성, 임신 합병증, 선천성 이상, 태아·신생아 이상반응","무작위시험, 임신 코호트, 환자-대조군, 등록자료 연구, 증례군, 체계적 고찰"
v3ref-0187,pubmed:36913077,HRS4_LIVER_DISEASE,Acute liver failure secondary to the use of unmonitored drugs and herbal supplements: an underreported and serious issue.,"Acute liver failure (ALF) is a potentially fatal illness marked by the abrupt development of jaundice, coagulopathy, and hepatic encephalopathy (HE) in persons having no previous history of hepatic disease. It is a relatively uncommon illness, having an incidence of 1 to 8 per million people. Hepatitis A, B, and E viruses have been documented as the most prevalent etiologies of acute liver failure in Pakistan and other developing nations. However, ALF may also occur secondary to toxicity caused by the unmonitored overdosing and toxicity of traditional medicines, herbal supplements, and alcohol. Similarly, in some instances, the etiology remains unknown. Herbal products, alternative, and complementary therapies are frequently practiced across the globe for treating various illnesses. In recent times, their use has gained much popularity. Indications and the use of these supplementary drugs vary significantly. The majority of these products have not gained approval from Food and Drug Administration (FDA). Unfortunately, the incidence of documented adverse effects linked to the usage of herbal products has increased recently, but still, these events are underreported, and the condition is known as drug-induced liver injury (DILI) and herb-induced liver injury (HILI). The estimated total herbal retail sales increased from $4230 million in 2000 to $6032 million in 2013, representing a total of 42 and 3.3% per annum increase. To reduce the occurrence of HILI and DILI, physicians in general practice settings should inquire about patients' understanding of potential toxicity with the consumption of hepatotoxic and herbal medicines.",pubmed,abstract,기존 간질환이 있는 성인 또는 소아 환자,식이보충제 또는 허브 보충제 노출,비노출 또는 통상 관리,"약인성 간손상, 간기능 악화, 간부전, 입원","코호트, 환자-대조군, 약물감시 연구, 증례군, 체계적 고찰"
v3ref-0188,pubmed:20974030,HRS1_PERIOPERATIVE,Does a perioperative belladonna and opium suppository improve postoperative pain following robotic assisted laparoscopic radical prostatectomy? Results of a single institution randomized study.,"INTRODUCTION: Robotic assisted laparoscopic radical prostatectomy (RALP) is a common treatment for localized prostate cancer. Despite a primary advantage of improved postoperative pain, patients undergoing RALP still experience discomfort. Belladonna, containing the muscarinic receptor antagonists atropine and scopolamine, in combination with opium as a rectal suppository (B & O) may improve post-RALP pain. This study evaluates whether a single preoperative B & O results in decreased postoperative patient-reported pain and analgesic requirements.
MATERIALS AND METHODS: Patients undergoing RALP at Virginia Mason Medical Center between November 2008 and July 2009 were offered the opportunity to enter a randomized, double-blind, placebo-controlled trial. Exclusion criteria included: glaucoma, bronchial asthma, convulsive disorders, chronic pain, chronic use of analgesics, or a history of alcohol or opioid dependency. Surgeons were blinded to suppository placement which was administered after induction of anesthesia. All patients underwent a standardized anesthesia regimen. Postoperative pain was assessed by a visual analog scale (VAS) and postoperative narcotic use was calculated in intravenous morphine equivalents.
RESULTS: Ninety-nine patients were included in the analysis. The B & O and control groups were not significantly different in terms of age, body mass index, operative time, nerve sparing status or prostatic volume. Postoperative pain was significantly improved during the first two postoperative hours in the B & O group. Similarly, 24-hour morphine consumption was significantly lower in patients who received a B & O. No adverse effects secondary to suppository placement were identified.
CONCLUSION: Preoperative administration of B & O suppository results in significantly decreased postoperative pain and 24-hour morphine consumption in patients undergoing RALP.",pubmed,abstract,수술 또는 침습적 시술을 받는 성인,수술 전 식이보충제 또는 허브 보충제 노출,"비노출, 중단, 또는 통상 수술주위 관리","출혈, 수혈, 마취 상호작용, 수술주위 합병증","무작위시험, 코호트, 환자-대조군, 단면연구, 증례군, 체계적 고찰"
v3ref-0189,pubmed:16758063,HRS1_PERIOPERATIVE,Preanesthetic evaluation. Importance of herbal drug usage in anesthesia practice.,,pubmed,title_only,수술 또는 침습적 시술을 받는 성인,수술 전 식이보충제 또는 허브 보충제 노출,"비노출, 중단, 또는 통상 수술주위 관리","출혈, 수혈, 마취 상호작용, 수술주위 합병증","무작위시험, 코호트, 환자-대조군, 단면연구, 증례군, 체계적 고찰"
v3ref-0190,pubmed:30392317,HRS3_PREGNANCY,[Association between dietary supplementation during pregnancy and low birth weight: a prospective study].,"Objective: To explore the association between dietary supplementation during pregnancy and low birth weight. Methods: 11 311 pregnant women who had regularly visited outpatient gynecology clinic of Wuhan Women and Children Medical Center with intention to delivery in the hospital were recruited in the cohort between September 2012 and October 2014. Social-demographic characteristics of pregnant women and spouses, dietary supplementation during pregnancy, pre-pregnancy body mass index (BMI), exercise in the third trimester, work during pregnancy, pregnancy complications and related pregnancy information were collected through self-designed questionnaires, maternal health manuals and medical records. Birth weight of the newborns was measured. Non-conditional multivariate logistic regression analysis was used to determine the correlation between dietary supplementation and low birth weight. Results: 11 311 pregnant women were (28.21±3.70) years old, and they gave birth to 477 low birth weight newborns (4.2%). Iron supplementation during the whole period of pregnancy (OR (95%CI): 0.60 (0.43-0.63)) and folic acid supplementation during the early pregnancy (OR (95%CI): 0.74 (0.60-0.90)) were negatively associated with low birth weight. Conclusion: Supplementation of iron during the whole period of pregnancy and folic acid during the early pregnancy would reduce the risk of low birth weight.",pubmed,abstract,임신부와 태아 또는 신생아,임신 중 식이보충제 또는 허브 보충제 노출,"비노출, 위약 또는 통상 산전관리","산모 독성, 임신 합병증, 선천성 이상, 태아·신생아 이상반응","무작위시험, 임신 코호트, 환자-대조군, 등록자료 연구, 증례군, 체계적 고찰"
v3ref-0191,pubmed:36728680,HRS3_PREGNANCY,The effects of oral ferrous bisglycinate supplementation on hemoglobin and ferritin concentrations in adults and children: a systematic review and meta-analysis of randomized controlled trials.,"CONTEXT: Iron deficiency and anemia have serious consequences, especially for children and pregnant women. Iron salts are commonly provided as oral supplements to prevent and treat iron deficiency, despite poor bioavailability and frequently reported adverse side effects. Ferrous bisglycinate is a novel amino acid iron chelate that is thought to be more bioavailable and associated with fewer gastrointestinal (GI) adverse events as compared with iron salts.
OBJECTIVE: A systematic review and meta-analysis of randomized controlled trials (RCTs) was conducted to evaluate the effects of ferrous bisglycinate supplementation compared with other iron supplements on hemoglobin and ferritin concentrations and GI adverse events.
DATA SOURCES: A systematic search of electronic databases and grey literature was performed up to July 17, 2020, yielding 17 RCTs that reported hemoglobin or ferritin concentrations following at least 4 weeks' supplementation of ferrous bisglycinate compared with other iron supplements in any dose or frequency.
DATA EXTRACTION: Random-effects meta-analyses were conducted among trials of pregnant women (n = 9) and children (n = 4); pooled estimates were expressed as standardized mean differences (SMDs). Incidence rate ratios (IRRs) were estimated for GI adverse events, using Poisson generalized linear mixed-effects models. The remaining trials in other populations (n = 4; men and nonpregnant women) were qualitatively evaluated.
DATA ANALYSIS: Compared with other iron supplements, supplementation with ferrous bisglycinate for 4-20 weeks resulted in higher hemoglobin concentrations in pregnant women (SMD, 0.54 g/dL; 95% confidence interval [CI], 0.15-0.94; P < 0.01) and fewer reported GI adverse events (IRR, 0.36; 95%CI, 0.17-0.76; P < 0.01). We observed a non-significant trend for higher ferritin concentrations in pregnant women supplemented with ferrous bisglycinate. No significant differences in hemoglobin or ferritin concentrations were detected among children.
CONCLUSION: Ferrous bisglycinate shows some benefit over other iron supplements in increasing hemoglobin concentration and reducing GI adverse events among pregnant women. More trials are needed to assess the efficacy of ferrous bisglycinate against other iron supplements in other populations.
PROSPERO REGISTRATION NO: CRD42020196984.",pubmed,abstract,임신부와 태아 또는 신생아,임신 중 식이보충제 또는 허브 보충제 노출,"비노출, 위약 또는 통상 산전관리","산모 독성, 임신 합병증, 선천성 이상, 태아·신생아 이상반응","무작위시험, 임신 코호트, 환자-대조군, 등록자료 연구, 증례군, 체계적 고찰"
v3ref-0192,pubmed:20028328,HRS5_ANTICOAGULATION,Chia (Salvia hispanica): a systematic review by the natural standard research collaboration.,"OBJECTIVE: To evaluate the scientific evidence on chia (Salvia hispanica) including history, folkloric precedent, expert opinion, pharmacology, dosing, interactions, adverse effects, and toxicology. This review serves as a clinical support tool.
METHODS: Electronic searches were conducted in ten databases, 20 additional journals (not indexed in common databases), and bibliographies from 50 selected secondary references. No restrictions were placed on language or quality of publications. All literature collected pertained to efficacy in humans, dosing, precautions, adverse effects, use in pregnancy/lactation, interactions, alteration of laboratory assays, and mechanisms of action. Standardized inclusion/exclusion criteria are utilized for selection. Grades were assigned using an evidence-based grading rationale.
RESULTS: The available human and non-human studies show possible effectiveness for allergies, angina, athletic performance enhancement, cancer, coronary heart disease (CHD), heart attack, hormonal/endocrine disorders, hyperlipidemia, hypertension, stroke, and vasodilatation. Some evidence also suggests possible anticoagulant, antioxidant, and antiviral effects of Salvia hispanica.
CONCLUSION: There is limited evidence supporting the efficacy of Salvia hispanica for any indication; thus far, only two clinical studies have examined the effects of Salvia hispanica on cardiovascular disease (CVD) risk factors (including body weight). One study showed some effects on some CVD risk factors, while the other did not. Neither study showed any effects of Salvia hispanica on weight loss. However, the historical use of Salvia hispanica suggests that it is safe for consumption by nonallergic individuals. Further rigorous examination is warranted pertaining to the use of Salvia hispanica as a dietary supplement, as well as in the treatment or prevention of human disease.",pubmed,abstract,"비타민 K 길항제, 직접경구항응고제 또는 헤파린을 사용하는 환자",식이보충제 또는 허브 보충제 병용,보충제 비병용 또는 기준 기간,"주요·경미 출혈, 혈전색전증, 응고검사 변화, 약물 상호작용","무작위시험, 코호트, 환자-대조군, 자기대조 연구, 증례군, 체계적 고찰"
v3ref-0193,pubmed:26273591,HRS4_LIVER_DISEASE,Drug Induced Steatohepatitis: An Uncommon Culprit of a Common Disease.,"Nonalcoholic fatty liver disease (NAFLD) is a leading cause of liver disease in developed countries. Its frequency is increasing in the general population mostly due to the widespread occurrence of obesity and the metabolic syndrome. Although drugs and dietary supplements are viewed as a major cause of acute liver injury, drug induced steatosis and steatohepatitis are considered a rare form of drug induced liver injury (DILI). The complex mechanism leading to hepatic steatosis caused by commonly used drugs such as amiodarone, methotrexate, tamoxifen, valproic acid, glucocorticoids, and others is not fully understood. It relates not only to induction of the metabolic syndrome by some drugs but also to their impact on important molecular pathways including increased hepatocytes lipogenesis, decreased secretion of fatty acids, and interruption of mitochondrial β-oxidation as well as altered expression of genes responsible for drug metabolism. Better familiarity with this type of liver injury is important for early recognition of drug hepatotoxicity and crucial for preventing severe forms of liver injury and cirrhosis. Moreover, understanding the mechanisms leading to drug induced hepatic steatosis may provide much needed clues to the mechanism and potential prevention of the more common form of metabolic steatohepatitis.",pubmed,abstract,기존 간질환이 있는 성인 또는 소아 환자,식이보충제 또는 허브 보충제 노출,비노출 또는 통상 관리,"약인성 간손상, 간기능 악화, 간부전, 입원","코호트, 환자-대조군, 약물감시 연구, 증례군, 체계적 고찰"
v3ref-0194,pubmed:21111880,HRS1_PERIOPERATIVE,Successful treatment of endoscopic sphincterotomy-induced early hemorrhage with application of Ankaferd Blood Stopper.,,pubmed,title_only,수술 또는 침습적 시술을 받는 성인,수술 전 식이보충제 또는 허브 보충제 노출,"비노출, 중단, 또는 통상 수술주위 관리","출혈, 수혈, 마취 상호작용, 수술주위 합병증","무작위시험, 코호트, 환자-대조군, 단면연구, 증례군, 체계적 고찰"
v3ref-0195,pubmed:28001186,HRS2_KIDNEY_DISEASE,Hypercalcemia and renal function impairment associated with vitamin D toxicity: case report.,"Nowadays vitamin D (25-OHD) deficiency is supposed to be a global epidemic condition. Expectedly, vitamin D measurement and intake exponentially increased in Brazil in this decade. Although the benefit of vitamin D to general health is still in debate, its indiscriminate use potentially may lead to enhance the incidence of vitamin D intoxication, which is considered a rare disorder. We report a case of a 70 year old diabetic male with chronic renal disease (blood creatinine of 1.6 mg/dL) who progressed suddenly to acute kidney injury (blood creatinine of 5.7 mg/dL) associated with hypercalcemia and high blood levels of vitamin D. Vitamin D and calcitriol were discontinued and hypercalcemia was managed by hydration followed by furosemide. Thereafter, disodium pamidronate was administered and the patient did not undergo on dialysis. It took approximately 14 months to normalize 25-OHD levels and blood creatinine returned to basal levels only after 24 months. The indicated labeling dosage was 2000 IU, but most likely the vitamin D manipulated preparation was higher as the vitamin D blood levels were very high. Although rare, vitamin D intoxication is becoming more frequent as the patients use frequently manipulated preparations that could be subject to errors in the manufacturing and labeling of the tablets or capsules. The present report alerts to the potential increase in the incidence of severe vitamin D intoxication due to the frequent use of this secosteroid as a nutritional supplement. At the same time, it is necessary to improve regulation on the nutrient supplement market.",pubmed,abstract,만성콩팥병 또는 투석 환자,"비처방 비타민, 무기질 또는 허브 보충제 노출","비노출, 위약 또는 통상 관리","고칼륨혈증, 고칼슘혈증, 신독성, 심혈관 이상반응","무작위시험, 코호트, 환자-대조군, 약물감시 연구, 증례군, 체계적 고찰"
v3ref-0196,pubmed:19011140,HRS5_ANTICOAGULATION,Digitalis: a dangerous drug in atrial fibrillation?,,pubmed,title_only,"비타민 K 길항제, 직접경구항응고제 또는 헤파린을 사용하는 환자",식이보충제 또는 허브 보충제 병용,보충제 비병용 또는 기준 기간,"주요·경미 출혈, 혈전색전증, 응고검사 변화, 약물 상호작용","무작위시험, 코호트, 환자-대조군, 자기대조 연구, 증례군, 체계적 고찰"
v3ref-0197,pubmed:21395940,HRS5_ANTICOAGULATION,Multivitamin supplement interaction with warfarin therapy.,,pubmed,title_only,"비타민 K 길항제, 직접경구항응고제 또는 헤파린을 사용하는 환자",식이보충제 또는 허브 보충제 병용,보충제 비병용 또는 기준 기간,"주요·경미 출혈, 혈전색전증, 응고검사 변화, 약물 상호작용","무작위시험, 코호트, 환자-대조군, 자기대조 연구, 증례군, 체계적 고찰"
v3ref-0198,pubmed:31937153,HRS3_PREGNANCY,Effect of ginger in the treatment of nausea and vomiting compared with vitamin B6 and placebo during pregnancy: a meta-analysis.,"INTRODUCTION: Nausea and vomiting (NV) affect up to 85% of pregnant women, which has multiple effects on pregnancy outcome. The truth etiology of nausea and vomiting in pregnancy (NVP) is still unknown. Considering the potential teratogenic effect in fetus due to chemical drugs, ginger can be used to treat nausea and vomiting during pregnancy. Reports have shown that ginger can reduce the severity of NV, however, these results are controversial. Therefore, this meta-analysis aims to explore the effect of ginger in the treatment of nausea and vomiting during pregnancy compared with placebo and vitamin B6.
METHODS: The randomized control trials (RCTs) on the association with ginger and pregnancy-related nausea and vomiting were searched and identified in two databases Web of Science and PubMed (up to April 2019). Stata software was used to conduct meta-analysis. In addition, the source of heterogeneity explored by metaregression, sensitivity analysis, subgroup analyses, the publication bias were assessed by Egger's tests and Funnel plot, p < .05 was considered to be significant.
RESULTS: Thirteen studies involving 1174 subjects were included in this meta-analysis. The result demonstrated that ginger intervention has significant effect in improving general symptom of NVP [OR = 7.475, 95% CI = (4.133, 13.520), I2 = 30.1%], relieving severity of nausea [SMD = 0.821, 95% CI = (0.585, 1.056), I2 = 38.9%], but not significant in reducing vomiting [SMD = 0.549, 95% CI = (-0.268, 1.365), I2 = 91.4%], compared with placebo. Besides, ginger intervention has no significant effect on improving general symptom of NVP [OR = 1.239, 95% CI = (0.495, 3.102), I2 = 57.3%], relieving severity of nausea [SMD = 0.199, 95% CI = (-0.102, 0.500), I2 = 65.7%], reducing vomiting [SMD = 0.331, 95% CI = (-0.145, 0.808), I2 = 85.9%], compared with vitamin B6.
CONCLUSIONS: Ginger supplementation significantly relieve general NVP symptom and nausea compared with placebo, but no significant effect on vomiting. Moreover, ginger is more effective than vitamin B6 in treating NVP, although, there were no significant differences. Further, rigidly designed RCTs with larger sample sizes are needed to verify the effectiveness of ginger supplementation for treatment NVP compared with vitamin B6.",pubmed,abstract,임신부와 태아 또는 신생아,임신 중 식이보충제 또는 허브 보충제 노출,"비노출, 위약 또는 통상 산전관리","산모 독성, 임신 합병증, 선천성 이상, 태아·신생아 이상반응","무작위시험, 임신 코호트, 환자-대조군, 등록자료 연구, 증례군, 체계적 고찰"
v3ref-0199,pubmed:9138129,HRS4_LIVER_DISEASE,Hepatotoxicity of herbal remedies.,,pubmed,title_only,기존 간질환이 있는 성인 또는 소아 환자,식이보충제 또는 허브 보충제 노출,비노출 또는 통상 관리,"약인성 간손상, 간기능 악화, 간부전, 입원","코호트, 환자-대조군, 약물감시 연구, 증례군, 체계적 고찰"
v3ref-0200,pubmed:42253964,HRS4_LIVER_DISEASE,Atypical autoimmune hepatitis presenting as acute hepatitis with prominent cholestatic features: a case report.,"Autoimmune hepatitis (AIH) poses distinct diagnostic challenges due to its heterogeneous clinical presentation and lack of disease-specific features. This is further complicated by drug-induced liver injury (DILI), which can present with laboratory and histological findings indistinguishable from those of AIH. Here, we report the case of an elderly man who presented with elevated liver enzymes of unclear etiology. Initial laboratory tests showed negative antinuclear antibody (ANA) and normal serum immunoglobulin G (IgG) levels. Based on his history of consuming herbal supplements and a liver biopsy showing acute cholestatic hepatitis with cholangitis lenta, a diagnosis of DILI was initially considered. During a 1-year follow-up, two recurrent episodes of elevated liver enzymes and urine discoloration were observed. Concurrent laboratory tests revealed seroconversion to ANA positivity and an IgG level exceeding 1.2 times the upper limit of normal (ULN). A follow-up liver biopsy demonstrated typical histopathological features of AIH. In summary, repeated evaluations-including two liver biopsies and a year-long clinical follow-up-confirmed the diagnosis of AIH. This case underscores the importance of considering AIH in patients who initially present with acute hepatitis with prominent cholestatic features, even when the early clinical picture is atypical.",pubmed,abstract,기존 간질환이 있는 성인 또는 소아 환자,식이보충제 또는 허브 보충제 노출,비노출 또는 통상 관리,"약인성 간손상, 간기능 악화, 간부전, 입원","코호트, 환자-대조군, 약물감시 연구, 증례군, 체계적 고찰"
v3ref-0201,pubmed:12693919,HRS4_LIVER_DISEASE,Hepatotoxicity associated with a dietary supplement.,,pubmed,title_only,기존 간질환이 있는 성인 또는 소아 환자,식이보충제 또는 허브 보충제 노출,비노출 또는 통상 관리,"약인성 간손상, 간기능 악화, 간부전, 입원","코호트, 환자-대조군, 약물감시 연구, 증례군, 체계적 고찰"
v3ref-0202,pubmed:15935039,HRS5_ANTICOAGULATION,Getting to yes.,,pubmed,title_only,"비타민 K 길항제, 직접경구항응고제 또는 헤파린을 사용하는 환자",식이보충제 또는 허브 보충제 병용,보충제 비병용 또는 기준 기간,"주요·경미 출혈, 혈전색전증, 응고검사 변화, 약물 상호작용","무작위시험, 코호트, 환자-대조군, 자기대조 연구, 증례군, 체계적 고찰"
v3ref-0203,pubmed:26710547,HRS4_LIVER_DISEASE,[Herbals and herbal nutritional products hepatotoxicity].,"Herbs and other botanicals have been used in different cultures with medicinal and dietary purposes for centuries. Contrary to the belief of being natural and safe products, their hepatotoxic potential is recognized in several studies worldwide, and represent a health problem that deserves greater attention. The reported prevalence of hepatotoxicity associated with botanicals is variable and depends on various factors such as population, period and design of the study. There have been reports of a total of 60 products with herbal medicinal and dietary purposes, which may cause liver damage; however, the pathophysiological mechanisms involved are not fully elucidated. Their clinical and histological features, not unlike liver injury associated with drugs in most patients, have a pattern of hepatocellular injury. Diagnosis is by exclusion, and represents a clinical challenge. It is essential the clinical suspicion and the differential diagnosis with other acute and chronic conditions. Hence, future researches are aimed at improving existing diagnostic methods and introducing new toxicological, genetic and immunological technologies. Treatment is complex and presents a challenge for the specialist, as there are no antidotes. Management based on the discontinued use of the product and in the symptomatic treatment, decreases the progression to an acute fulminant hepatic failure.",pubmed,abstract,기존 간질환이 있는 성인 또는 소아 환자,식이보충제 또는 허브 보충제 노출,비노출 또는 통상 관리,"약인성 간손상, 간기능 악화, 간부전, 입원","코호트, 환자-대조군, 약물감시 연구, 증례군, 체계적 고찰"
v3ref-0204,pubmed:22081889,HRS3_PREGNANCY,Maternal red blood cell folate concentration at 10-12 weeks gestation and pregnancy outcome.,"OBJECTIVE: To determine if maternal circulating red blood cell (RBC) folate concentration in early pregnancy is associated with late gestation pregnancy complications including small for gestational age (SGA) infants, preeclampsia and preterm birth (PTB) in a socioeconomically disadvantaged population.
METHOD: This was a retrospective case control study, conducted at Lyell McEwin Health Service, South Australia, including 400 primiparous women. RBC folate and demographic data were collected at 10-12 weeks gestation. Pregnancy outcome data were obtained from patient case notes.
RESULTS: Patients who were folate deficient were more likely to develop pregnancy complications, specifically SGA (OR 6.9, 95% CI 2-24.3) and PTB (OR 5.4 95% CI 1.4-21.2). Those who were folate insufficient were also at increased risk of SGA (OR 3.0, 95% CI 1.3-7.7). No association between folate and preeclampsia was found. Women who were supplementing with folic acid delivered infants who were 179 g heavier (5.5% increased birth weight, P = 0.003) and 4.5 days later, compared to those who did not supplement. Furthermore, low RBC folate was associated with cigarette smoking (P < 0.001).
CONCLUSIONS: Maternal RBC folate concentration in early pregnancy is associated with SGA and PTB, but not with preeclampsia.",pubmed,abstract,임신부와 태아 또는 신생아,임신 중 식이보충제 또는 허브 보충제 노출,"비노출, 위약 또는 통상 산전관리","산모 독성, 임신 합병증, 선천성 이상, 태아·신생아 이상반응","무작위시험, 임신 코호트, 환자-대조군, 등록자료 연구, 증례군, 체계적 고찰"
v3ref-0205,pubmed:29423815,HRS4_LIVER_DISEASE,Ayurvedic and herbal medicine-induced liver injury: It is time to wake up and take notice.,,pubmed,title_only,기존 간질환이 있는 성인 또는 소아 환자,식이보충제 또는 허브 보충제 노출,비노출 또는 통상 관리,"약인성 간손상, 간기능 악화, 간부전, 입원","코호트, 환자-대조군, 약물감시 연구, 증례군, 체계적 고찰"
v3ref-0206,pubmed:2942280,HRS4_LIVER_DISEASE,[Experimental study of Rheum officinale Baill. in treating severe hepatitis and hepatic coma].,,pubmed,title_only,기존 간질환이 있는 성인 또는 소아 환자,식이보충제 또는 허브 보충제 노출,비노출 또는 통상 관리,"약인성 간손상, 간기능 악화, 간부전, 입원","코호트, 환자-대조군, 약물감시 연구, 증례군, 체계적 고찰"
v3ref-0207,pubmed:25312751,HRS1_PERIOPERATIVE,Wernicke's encephalopathy in a malnourished surgical patient: a difficult diagnosis.,"BACKGROUND: Wernicke's encephalopathy is an acute neurological disorder resulting from thiamine deficiency mainly related to alcohol abuse. Severe thiamine deficiency is an emerging problem in non-alcoholic patients and it may develop in postoperative surgical patients with risk factors.
CASE PRESENTATION: We reported a case of a 46 years old woman who underwent, one year before, to cephalic duodenopancreatectomy complicated with prolonged recurrent vomiting. She underwent to a second surgical operation for intestinal sub-occlusion and postoperatively she developed septic shock and hemorrhagic Wernicke's disease. After ICU admission, because of neurological deterioration, she underwent CT scan and MRI that highlighted a strong suspicion for Wernicke's disease. We treated her with an initially wrong low dose of thiamine, then after MRI we increased the dosage with a neurological status improvement. Despite therapeutic efforts used to control septic shock and thrombocytopenia, she died on the 21st day after surgery because of massive cerebral bleeding and unresponsive cerebral edema.
CONCLUSION: Early detection of subclinical thiamine deficiency is a difficult task, as symptoms may be nonspecific. Wernicke's disease remains a clinical diagnosis because there are no specific diagnostic abnormalities revealed in cerebrospinal fluid, electroencephalogram or evoked potentials. About this, the best aid for a correct diagnosis is the clinical suspicion and clinicians should consider the disorder in any patients with unbalanced nutrition, increased metabolism or impaired food absorption. A hallmark of our case was the brain hemorrhage in the typical areas of the Wernicke's disease, maybe triggered by the thrombocytopenia secondary to sepsis. It might be a good clinical practice administer thiamine to all patients presenting with coma or stupor and risk factors related with thiamine deficiency. Any therapeutic delay may result in permanent neurological damage or death.",pubmed,abstract,수술 또는 침습적 시술을 받는 성인,수술 전 식이보충제 또는 허브 보충제 노출,"비노출, 중단, 또는 통상 수술주위 관리","출혈, 수혈, 마취 상호작용, 수술주위 합병증","무작위시험, 코호트, 환자-대조군, 단면연구, 증례군, 체계적 고찰"
v3ref-0208,pubmed:41076308,HRS1_PERIOPERATIVE,Comparative Effects of Lavender Aromatherapy and Nature Sounds on Anxiety and Pain in Cataract Surgery Patients: A Randomized Controlled Trial.,"INTRODUCTION: Cataract is one of the most common causes of visual impairment globally, often treated with surgery. Patients undergoing cataract surgery frequently experience anxiety and pain, which can adversely affect their physiological and psychological well-being. This randomized controlled trial aimed to compare the effects of lavender aromatherapy and nature sounds on anxiety and pain in patients undergoing cataract surgery with regional anesthesia.
METHODS: A total of 120 patients were randomly assigned to three groups: lavender aromatherapy, nature sounds, and control. The experimental groups received their respective interventions for 15 min preoperatively, while the control group received standard care. Anxiety and pain were measured using the Spielberger State-Trait Anxiety Inventory and Visual Analog Scale. Data were analyzed using ANOVA and chi-square tests to compare the groups; statistical significance was set at p < 0.05.
RESULTS: Post-intervention, mean anxiety scores were significantly lower in the lavender (34.85 ± 4.77) and nature sounds (31.95 ± 5.87) groups compared to the control group (49.62 ± 8.70) (P < 0.001). Pain scores following the intervention were reduced in both intervention groups (lavender and nature sounds) compared with the control group. No adverse events were observed in either intervention group. Both lavender aromatherapy (mean difference versus control: -14.8, p < 0.001) and nature sounds (mean difference versus control: -17.7, p < 0.001) significantly reduced anxiety compared to the control group. Results indicated that no adverse events were reported in any group.
CONCLUSION: Lavender aromatherapy and nature sounds effectively reduced anxiety and pain in cataract surgery patients, suggesting their potential as non-pharmacological complementary therapies.",pubmed,abstract,수술 또는 침습적 시술을 받는 성인,수술 전 식이보충제 또는 허브 보충제 노출,"비노출, 중단, 또는 통상 수술주위 관리","출혈, 수혈, 마취 상호작용, 수술주위 합병증","무작위시험, 코호트, 환자-대조군, 단면연구, 증례군, 체계적 고찰"
v3ref-0209,pubmed:26498106,HRS2_KIDNEY_DISEASE,"[Use of intravenous iron supplementation in chronic kidney disease: Interests, limits, and recommendations for a better practice].","Iron deficiency is an important clinical concern in chronic kidney disease (CKD), giving rise to iron-deficiency anaemia, and various impaired cellular functions. Oral supplementation, in particular with ferrous salts, is associated with a high rate of gastro-intestinal side effects and is poorly absorbed, a problem that is avoided with intravenous (IV) irons. Recently, with the approval of the European Medicines Agency's Committee for Medicinal Products for Human Use, the French Agence nationale de sécurité du médicament et des produits de santé (ANSM) took adequate measures to minimize the risk of allergic reactions, by correction on the summary of intravenous iron products characteristics. All IV iron products should be prescribed, administered and injected, inside public or private hospitals exclusively, and a clinical follow-up after the infusion for at least 30 minutes is mandatory. The most stable intravenous iron complexes (low molecular weight iron dextran, ferric carboxymaltose, and iron isomaltoside 1000 [under agreement]) can be given in higher single doses and more rapidly than less recent preparations such as iron sucrose (originator or similars). Test doses are advisable for conventional low molecular weight iron dextrans, but are no more mandatory. Iron supplementation is recommended for all CKD patients with iron-deficiency anaemia and those who receive erythropoiesis-stimulating agents, whether or not they require dialysis. Intravenous iron is the preferred route of administration in haemodialysis patients, with randomized trials showing a significantly greater increase in haemoglobin levels for intravenous versus oral iron and a low rate of treatment-related adverse events during these trials. According ANSM, physicians should apply the product's label recommendations especially the posology. In the non-dialysis CKD population, the erythropoietic response is also significantly higher using intravenous versus oral iron, and tolerability is at least as good. Moreover in some non-dialysis patients, intravenous iron supplementation might avoid or at least delay the need for erythropoiesis-stimulating agents. Following the new ANSM's recommendations, we now have the ability to achieve iron stores replenishment correctly and conveniently in dialysis dependent and non-dialysis dependent CKD patients without compromising safety using the various pharmaceutical forms of iron products especially intravenous compounds.",pubmed,abstract,만성콩팥병 또는 투석 환자,"비처방 비타민, 무기질 또는 허브 보충제 노출","비노출, 위약 또는 통상 관리","고칼륨혈증, 고칼슘혈증, 신독성, 심혈관 이상반응","무작위시험, 코호트, 환자-대조군, 약물감시 연구, 증례군, 체계적 고찰"
v3ref-0210,pubmed:12803100,HRS5_ANTICOAGULATION,"Mixing medicines, herbs, food, and surgery.",,pubmed,title_only,"비타민 K 길항제, 직접경구항응고제 또는 헤파린을 사용하는 환자",식이보충제 또는 허브 보충제 병용,보충제 비병용 또는 기준 기간,"주요·경미 출혈, 혈전색전증, 응고검사 변화, 약물 상호작용","무작위시험, 코호트, 환자-대조군, 자기대조 연구, 증례군, 체계적 고찰"
v3ref-0211,pubmed:30920318,HRS4_LIVER_DISEASE,Kratom-Induced Cholestatic Liver Injury and Its Conservative Management.,"Drug-induced liver injury (DILI) is a common cause of hepatotoxicity associated with prescription-based and over-the-counter exposure to medications and herbal supplements. Use of unapproved and inadequately tested herbal supplements can cause DILI. Therefore, thorough history-taking on exposure to herbal supplements must be an integral part of clinical evaluation of DILI. Kratom is an herbal supplement or remedy that has been known for its analgesic effects and has also been used for self-treatment of opiate withdrawals. A 52-year-old man was seen for evaluation of yellow discoloration of the eyes and skin. He reported taking kratom for right shoulder strain for at least a couple of months. On workup, his total bilirubin was noted to be 23.2 mg/dL, which peaked at 28.9 mg/dL. He was noted to have mild elevation of aspartate aminotransferase, alanine aminotransferase, and alkaline phosphatase. Extensive laboratory tests were ordered and known causes of chronic liver disease ruled out. Magnetic resonance imaging of the abdomen was unremarkable without stigmata of portal hypertension or signs of chronic liver disease. He demonstrated no evidence of coagulopathy or hepatic encephalopathy during his illness. He underwent liver biopsy, which demonstrated histologic evidence of acute cholestatic hepatitis highly suspicious of DILI. He was advised to avoid kratom or other herbal supplements in future and prescribed ursodeoxycholic acid with significant improvement in his liver chemistries. Kratom is associated with significant liver enzymes derangements leading to DILI. Kratom is not approved for use in the United States and should be avoided.",pubmed,abstract,기존 간질환이 있는 성인 또는 소아 환자,식이보충제 또는 허브 보충제 노출,비노출 또는 통상 관리,"약인성 간손상, 간기능 악화, 간부전, 입원","코호트, 환자-대조군, 약물감시 연구, 증례군, 체계적 고찰"
v3ref-0212,pubmed:12515265,HRS4_LIVER_DISEASE,"From the Centers for Disease Control and Prevention. Hepatic toxicity possibly associated with kava-containing products--United States, Germany, and Switzerland, 1999-2002.",,pubmed,title_only,기존 간질환이 있는 성인 또는 소아 환자,식이보충제 또는 허브 보충제 노출,비노출 또는 통상 관리,"약인성 간손상, 간기능 악화, 간부전, 입원","코호트, 환자-대조군, 약물감시 연구, 증례군, 체계적 고찰"
v3ref-0213,pubmed:17672962,HRS1_PERIOPERATIVE,[The effect of Yunnan Baiyao on reduction of intra-operative bleeding of the patients undergoing transurethral resection of prostate].,"OBJECTIVE: To investigate the effect of Yunnan Baiyao on reduction of intra-operative bleeding of the patients undergoing transurethral resection of prostate (TURP).
METHODS: A randomized placebo-control double-blind multi-center trial was conducted. 203 patients with benign prostate hyperplasia (BPH), aged 50 - 80, who were to undergo TURP were randomly divided into 2 groups: Yunnan Baiyao group, given 500 mg Yunnan Baiyao four times daily since the third day before the operation for 3 days, and placebo group, given empty capsules for 3 days. The amount of intra-operative bleeding, bleeding index and bleeding intensity were compared. The side effect of Yunnan Baiyao was also evaluated.
RESULTS: The amount of intra-operative bleeding of the Yunnan Baiyao group was 147 ml +/- 144 ml, significantly less than that of the control group (182 ml +/- 157 ml, P < 0.05). The amount of intra-operative bleeding of the per protocol (PP) population in the Yunnan Baiyao group (n = 58) was 146 ml +/- 116 ml, significantly less than the PP population in the control group (n = 66) (220 ml +/- 207 ml, P = 0.0361). When the weight of the resected prostate tissue was more than 20 gram, the amount of intraoperative bleeding, bleeding index, and bleeding intensity of the ITT population in the Yunnan Baiyao group (n = 60) were all significantly lower than those of the ITT population in the control group (n = 68) (all P < 0.05); the bleeding intensity of the PP population in the Yunnan Baiyao group was 2.4 ml/min +/- 1.8 ml/min, significantly lower than that of the PP population in the control group (3.6 ml/min +/- 3.7 ml/min, P = 0.0072); the bleeding index of the PP population in the Yunnan Baiyao group was 4.7 ml/g +/- 4.6 ml/g, significantly lower than that of the PP population in the control group (7.1 ml/g +/- 8.3 ml/g, P = 0.025). No side effect was found in the 2 groups.
CONCLUSION: Yunnan Baiyao is effective on reducing the amount of intraoperative bleeding of TURP without side effect.",pubmed,abstract,수술 또는 침습적 시술을 받는 성인,수술 전 식이보충제 또는 허브 보충제 노출,"비노출, 중단, 또는 통상 수술주위 관리","출혈, 수혈, 마취 상호작용, 수술주위 합병증","무작위시험, 코호트, 환자-대조군, 단면연구, 증례군, 체계적 고찰"
v3ref-0214,pubmed:39658842,HRS4_LIVER_DISEASE,Intestinal Microbiomics and Liver Metabolomics Insights into the Ameliorative Effects of Selenium-Enriched Lactobacillus fermentum FZU3103 on Alcohol-Induced Liver Injury in Mice.,"In this study, we investigated the ameliorative effects of selenium-enriched Lactobacillus fermentum FZU3103 (Lf@Se) and its pathway on alcoholic liver injury (ALI) in mice. The results showed that Lf@Se was superior to Lf and inorganic selenium in alleviating ALI. Oral Lf@Se effectively prevented lipid metabolism disorders, improved liver function, promoted alcohol metabolism, and alleviated liver oxidative damage in mice. 16S amplicons sequencing indicated that Lf@Se intervention modulated intestinal flora homeostasis by increasing (decreasing) the abundance of beneficial bacteria (harmful bacteria), which is associated with the improvement of liver function. Besides, Lf@Se intervention altered the liver metabolic profile, and the characteristic biomarkers were mainly involved in tyrosine metabolism, retinol metabolism, galactose metabolism, and primary bile acid biosynthesis. Additionally, Lf@Se intervention regulated liver gene expression for lipid metabolism and oxidative stress. Western blot analysis revealed increased expression levels of intestinal tight junction proteins after Lf@Se intervention, thereby ameliorating alcohol-induced intestinal barrier damage.",pubmed,abstract,기존 간질환이 있는 성인 또는 소아 환자,식이보충제 또는 허브 보충제 노출,비노출 또는 통상 관리,"약인성 간손상, 간기능 악화, 간부전, 입원","코호트, 환자-대조군, 약물감시 연구, 증례군, 체계적 고찰"
v3ref-0215,pubmed:29484540,HRS2_KIDNEY_DISEASE,Vitamin D supplementation improves endothelial dysfunction in patients with non-dialysis chronic kidney disease.,"PURPOSE: Hypovitaminosis D is common in chronic kidney disease (CKD) and is associated with endothelial dysfunction and cardiovascular events. This study aimed to investigate the effects of vitamin D supplementation on endothelial dysfunction in non-dialysis CKD patients.
MATERIALS AND METHODS: Seventy-one non-dialysis CKD patients with low vitamin D (serum 25(OH)D < 30 ng/mL) were recruited. Patients received oral cholecalciferol 50,000 units once a week for 12 weeks. Changes in endothelial function by brachial artery flow-mediated dilation (FMD), soluble vascular cell adhesion molecule-1 (sVCAM-1), and sE-selectin were studied.
RESULTS: There was a significant increase in serum levels of 25(OH)D after cholecalciferol supplementation (33.7 ± 12.1 vs. 13.2 ± 5.4 ng/mL, P < 0.001). Multivariable regression analysis showed that higher proteinuria (β = - 0.548, P < 0.001) and lower levels of 25(OH)D (β = 0.360, P < 0.001) at baseline were related to lower 25(OH)D level after supplementation. FMD increased significantly from 4.4 ± 1.3 to 5.1 ± 1.5% (P < 0.001), and soluble endothelial biomarkers decreased: sVCAM-1 from 926.9 ± 158.0 to 867.0 ± 129.0 ng/mL (P < 0.001), and sE-selectin 69.7 ± 15.8 to 63.3 ± 14.7 ng/mL (P < 0.001).
CONCLUSIONS: Vitamin D supplementation can improve endothelial dysfunction in pre-dialysis CKD patients.",pubmed,abstract,만성콩팥병 또는 투석 환자,"비처방 비타민, 무기질 또는 허브 보충제 노출","비노출, 위약 또는 통상 관리","고칼륨혈증, 고칼슘혈증, 신독성, 심혈관 이상반응","무작위시험, 코호트, 환자-대조군, 약물감시 연구, 증례군, 체계적 고찰"
v3ref-0216,pubmed:26343712,HRS3_PREGNANCY,"Association of Parental Environmental Exposures and Supplementation Intake with Risk of Nonsyndromic Orofacial Clefts: A Case-Control Study in Heilongjiang Province, China.","The aim of present study was to check the possible association of potential parental environmental exposures and maternal supplementation intake with the risk of nonsyndromic orofacial clefting (NSOC). A retrospective study comprised 499 cases and 480 controls was conducted in Heilongjiang Province. Chi-square analysis and unconditional multiple logistic regression were used in the study. The results showed that maternal history of fever and the common cold without fever (ORCL/P = 3.11 and 5.56, 95%CI: 1.67-5.82 and 2.96-10.47, ORCPO = 3.31 and 8.23, 95%CI: 1.58-6.94 and 4.08-16.95), paternal smoking and alcohol consumption (ORCL/P = 2.15 and 5.04, 95%CI: 1.37-3.38 and 3.00-8.46, ORCPO = 1.82 and 4.40, 95%CI: 1.06-3.13 and 2.50-7.74), maternal exposure to organic solvents, heavy metals, or pesticides (ORCL/P = 6.07, 5.67 and 5.97, 95%CI: 1.49-24.76, 1.34-24.09 and 2.10-16.98, ORCPO = 10.65, 7.28 and 3.48, 95%CI: 2.54-44.67, 1.41-37.63 and 1.06-11.46) and multivitamin use during the preconception period (ORCL/P = 0.06, 95%CI: 0.02-0.23, ORCPO = 0.06, 95%CI: 0.01-0.30) were associated with cleft lip or without cleft palate (CL/P) and cleft palate only (CPO). Maternal history of skin disease and negative life events (ORCL/P = 12.07 and 1.67, 95%CI: 1.81-80.05 and 1.95-2.67) were associated with CL/P. Some potential parental hazardous exposures during the periconception period and maternal use of multivitamins during the preconception period were associated with risk of NSOC.",pubmed,abstract,임신부와 태아 또는 신생아,임신 중 식이보충제 또는 허브 보충제 노출,"비노출, 위약 또는 통상 산전관리","산모 독성, 임신 합병증, 선천성 이상, 태아·신생아 이상반응","무작위시험, 임신 코호트, 환자-대조군, 등록자료 연구, 증례군, 체계적 고찰"
v3ref-0217,pubmed:11184531,HRS1_PERIOPERATIVE,A dangerous mix. Anesthesiologists warn patients to stop taking herbal supplements before surgery. Here's why.,,pubmed,title_only,수술 또는 침습적 시술을 받는 성인,수술 전 식이보충제 또는 허브 보충제 노출,"비노출, 중단, 또는 통상 수술주위 관리","출혈, 수혈, 마취 상호작용, 수술주위 합병증","무작위시험, 코호트, 환자-대조군, 단면연구, 증례군, 체계적 고찰"
v3ref-0218,pubmed:27928454,HRS2_KIDNEY_DISEASE,The role of oral sodium bicarbonate supplementation in maintaining acid-base balance and its influence on the cardiovascular system in chronic hemodialysis patients - results of a prospective study.,"Background: Major acid-base variations during dialysis and the imbalances in serum calcium levels intensified by them play a role in cardiovascular damage of hemodialysis patients. Early vascular walls modifications can be objectified by determining the pulse wave velocity (PWV) - a marker of vascular stiffness that is associated with increased risk of cardiovascular events. Material and methods: This was a prospective study conducted on 63 chronic hemodialysis patients with diuresis above 500 mL/ 24 hours and predialysis blood pressure below 160 mmHg (treatment controlled) randomized in two groups for 12 months - the study group receiving interdialitic oral sodium bicarbonate doses and control group, without oral sodium bicarbonate supplementation, but receiving higher bicarbonate prescriptions in dialysis. All the patients were monthly evaluated by biochemical tests (serum calcium, phosphate, iPTH, bicarbonate), the assessment of prescribed doses of phosphate binders being undergone. Two PWV determinations and chest X-ray exams for coronary calcifications were done - at the beginning and end of the study for every patient. Results: In the study group (n = 29), the mean age was 56.48 ± 12.78 years and the average duration of dialysis was 55.51 ± 34.53 months, the mean dialysis bicarbonate was 29.81 ± 1.41 mEq/ L and 27 of them (subgroup 0) had alkaline reserve (AR) 20-22 mEq/ L. The control group (n = 34) had a mean age of 57.35 ± 15.32 years and the mean dialysis duration 59.67 ± 34.79 months, with an average level of dialysis bicarbonate of 33 ± 2.2 mEq/ L necessary to maintain AR within guidelines. Depending on the mean AR obtained, this group was divided into three subgroups (subgroup 1, subgroup 2, and subgroup 3). There were statistically significant differences regarding the necessary of dialysis bicarbonate (p < 0.001), average serum calcium levels (p < 0.001) and serum phosphorus (p < 0.001), as well as PWV mean values and the number of vascular calcifications (p = 0.036) between the study and the control group. The average dose of phosphate binders was significantly higher in the study group (p = 0.01). At the end of the study, the serum iPTH average levels were decreased in the study group (p < 0.001) and significantly increased in the control group (p < 0.001). Conclusions: Avoiding large variations in serum bicarbonate levels is an important step in hemodialysis patients' management because wide acidosis-alkalosis variation can increase cardiovascular risks in terms of altering the vessel walls elasticity and favoring their calcifications. Abbreviations: GFR = glomerular filtration rate,PWV = pulse wave velocity, iPTH = intact parathyroid hormone,AR = alkaline reserve, BP = blood pressure,mEq = milliequivalents,L = liter.",pubmed,abstract,만성콩팥병 또는 투석 환자,"비처방 비타민, 무기질 또는 허브 보충제 노출","비노출, 위약 또는 통상 관리","고칼륨혈증, 고칼슘혈증, 신독성, 심혈관 이상반응","무작위시험, 코호트, 환자-대조군, 약물감시 연구, 증례군, 체계적 고찰"
v3ref-0219,pubmed:39449622,HRS4_LIVER_DISEASE,"Dietary supplementation of pterostilbene, a major component in small berries, prevents alcohol-induced liver injury associated with lipid accumulation and inflammation.","Pterostilbene (PTE), a natural stilbene found in small berries, exhibits multiple pharmacological activities, particularly antioxidant and anti-inflammatory activities. This study explores the dietary supplementation of PTE to ameliorate acute and chronic alcohol-associated liver disease (ALD). C57BL/6 mice were administrated with PTE and subjected to acute or chronic alcohol stimulation. They were intragastrically administered with alcohol (5 g kg-1, 3 times per 24 h) to induce acute alcohol liver injury or fed a Lieber-DeCarli liquid diet containing 5% ethanol for 4 weeks and a single binge to induce chronic alcoholic liver injury. In the acute ethanol model, PTE decreased the serum transaminase and triglyceride (TG) levels and ameliorated lipid droplet accumulation. PTE ameliorated acute ethanol-induced hepatic steatosis by inhibiting the expression of SREBP1 and its target genes and up-regulating PPARα expression. PTE could reverse the inflammatory response by inhibiting NLRP3 activation, inflammatory factor secretion, and macrophage recruitment caused by acute ethanol exposure. PTE could synergistically activate the SIRT1-AMPK and LXR/FXR axis in mice with acute ethanol exposure. In the chronic-binge ethanol feeding model, PTE also decreased serum transaminase and TG levels and ameliorated hepatocellular ballooning, macrovesicular steatosis, lipid accumulation and inflammation. Chronic-binge ethanol feeding could induce extracellular matrix dysfunction with an increase in α-SMA, collagen I and TIMP-1 expression, which was decreased by PTE. PTE increased SIRT1 expression and AMPK phosphorylation and activated the LXRs/FXR axis, which could be reduced by chronic-binge ethanol feeding. PTE could prevent liver injury caused by alcohol regardless of acute or chronic exposure. These results suggest that PTE can be utilized as a dietary health supplement to avoid ALD and promote health and quality of life.",pubmed,abstract,기존 간질환이 있는 성인 또는 소아 환자,식이보충제 또는 허브 보충제 노출,비노출 또는 통상 관리,"약인성 간손상, 간기능 악화, 간부전, 입원","코호트, 환자-대조군, 약물감시 연구, 증례군, 체계적 고찰"
v3ref-0220,pubmed:13679348,HRS4_LIVER_DISEASE,Summaries for patients. Liver injury in 12 patients taking the herbal weight loss aids Chaso or Onshido.,,pubmed,title_only,기존 간질환이 있는 성인 또는 소아 환자,식이보충제 또는 허브 보충제 노출,비노출 또는 통상 관리,"약인성 간손상, 간기능 악화, 간부전, 입원","코호트, 환자-대조군, 약물감시 연구, 증례군, 체계적 고찰"
v3ref-0221,pubmed:39833730,HRS3_PREGNANCY,International expert consensus on micronutrient supplement use during the early life course.,"BACKGROUND: Growing evidence demonstrates that maternal nutrition is crucial for the health of the mother-to-be, and early life course of the offspring. However, for most micronutrients, guidelines are inconsistent. This Delphi study aimed to investigate the level of expert consensus on maternal nutrition and micronutrient needs during preconception, pregnancy and lactation.
METHODS: We conducted a two-round web-based Delphi survey on various topics including general approaches to diet and supplement use, and existing guidelines. For the periods of preconception, pregnancy and lactation, questions focused on the importance and strength of evidence for supplement use with the following micronutrients for low- and high-risk populations: folic acid, choline, iodine, magnesium, calcium, iron, selenium, docosahexaenoic acid (DHA), and vitamins B1, B2, B6, B12, D and K.
RESULTS: Thirty-five experts participated in the panel, who were healthcare professionals (HCPs), researchers and joint HCP-researchers with expertise in nutrition, gynaecology and/or obstetrics. Panellists reached consensus on the importance of diet and dietary supplement use during pregnancy and agreed on the lack of clarity and consistency in current guidelines, and the need for education in these areas for HCPs, pregnant people and the general population. For general low-risk populations, there was consensus on the importance of supplement use with iron and vitamin D from preconception through lactation, with folic acid and iodine from preconception through the second and third trimesters, respectively, with DHA from the first trimester through lactation and with calcium during lactation. Panellists agreed that the evidence for supplement use with each of these micronutrients during these phases to improve outcomes and/or foetal development is strong, except for vitamin D (preconception), DHA (first trimester), and iron (both periods). There was also consensus that supplement use advice should be tailored for people following vegan/vegetarian diets, restricted diets due to food intolerances, obesity, polycystic ovary syndrome, diabetes mellitus, and previous nutrition-related pregnancy complications.
CONCLUSION: The findings revealed robust consensus on various aspects of maternal nutrition, including the need for education, the lack of consistency in current guidelines on supplement use, the importance of supplement use across specific phases of pregnancy and the at-risk groups requiring tailored approaches.",pubmed,abstract,임신부와 태아 또는 신생아,임신 중 식이보충제 또는 허브 보충제 노출,"비노출, 위약 또는 통상 산전관리","산모 독성, 임신 합병증, 선천성 이상, 태아·신생아 이상반응","무작위시험, 임신 코호트, 환자-대조군, 등록자료 연구, 증례군, 체계적 고찰"
v3ref-0222,pubmed:28033135,HRS5_ANTICOAGULATION,Omega-3 Fatty Acid Supplementation and Warfarin: A Lethal Combination in Traumatic Brain Injury.,"Polyunsaturated fatty acids such as omega-3 eicosapentaenoic acid and omega-6 docosahexaenoic acid, found in over-the-counter fish oil supplements, are often consumed for their beneficial, prophylactic, anti-inflammatory effects. Although the mechanisms of action are not fully known, a diet rich in polyunsaturated fats may reduce the risk of hyperlipidemia, atherosclerosis, high low-density lipoprotein cholesterol levels, hypertension, and inflammatory diseases. Masked by its many benefits, the risks of omega-3 fatty acid supplementation are often underappreciated, particularly its ability to inhibit platelet aggregation and promote bleeding in patients taking anticoagulant medications. The following details the clinical case of an elderly patient taking warfarin and fish oil supplementation whose warfarin-induced coagulopathy could not be reversed after suffering blunt head trauma.",pubmed,abstract,"비타민 K 길항제, 직접경구항응고제 또는 헤파린을 사용하는 환자",식이보충제 또는 허브 보충제 병용,보충제 비병용 또는 기준 기간,"주요·경미 출혈, 혈전색전증, 응고검사 변화, 약물 상호작용","무작위시험, 코호트, 환자-대조군, 자기대조 연구, 증례군, 체계적 고찰"
v3ref-0223,pubmed:26876280,HRS4_LIVER_DISEASE,Prophylactic and abundant intake of α-lipoic acid causes hepatic steatosis and should be reconsidered in usage as an anti-aging drug.,"The majority of research has suggested that α-lipoic acid (ALA) is a potential therapeutic agent for chronic diseases associated with oxidative stress, including atherosclerosis, diabetes, and neurodegeneration. Therefore, a nutritional supplementation with ALA is recommended although the effects of a short- and long-term intake of ALA on central organs in healthy individuals are not studied in detail yet. Therefore, liver tissue of 4 and 74 weeks ALA-treated healthy C57BL6/J mice with respect to lipid metabolism was analyzed. In doing so, it was shown that short-term and long-term ALA treatment caused a marked increase of β-oxidation, as indicated by a significant rise of mRNA expression of fgf21, pparα, and its target genes, for example, acox1, cpt1α, and cpt2, as well as of Fgf21 plasma concentration. Glycolytic activity, as assessed by pklr1 mRNA expression and pyruvate kinase activity, was also found increased. In addition, it was shown that both short- and long-term ALA treatment increased cholesterol content, induced systemic triglyceridemia, and enhanced rxrα and lxrα mRNA expression. Despite the fact that short-term ALA intake reduced lipogenesis, as given by significant declines of fas and srebp1c mRNA expression, and that a long-term ALA intake induced a significant rise of these lipogenic genes, both treatment regimen caused fat accumulation. This, however, was more pronounced upon long-term ALA intake, leading to hepatic steatosis and liver injury, as indicated by increased inflammation and disruption of the general hepatic architecture. In summary, the prophylactic and abundant use of ALA under healthy conditions should be considered with caution.",pubmed,abstract,기존 간질환이 있는 성인 또는 소아 환자,식이보충제 또는 허브 보충제 노출,비노출 또는 통상 관리,"약인성 간손상, 간기능 악화, 간부전, 입원","코호트, 환자-대조군, 약물감시 연구, 증례군, 체계적 고찰"
v3ref-0224,pubmed:28818086,HRS3_PREGNANCY,"Mediterranean diet, folic acid, and neural tube defects.","The Mediterranean diet has been for a very long time the basis of food habits all over the countries of the Mediterranean basin, originally founded on rural models and low consumption of meat products and high-fat/high-processed foods. However, in the modern era, the traditional Mediterranean diet pattern is now progressively eroding due to the widespread dissemination of the Western-type economy, life-style, technology-driven culture, as well as the globalisation of food production, availability and consumption, with consequent homogenisation of food culture and behaviours. This transition process may affect many situations, including pregnancy and offspring's health. The problem of the diet during pregnancy and the proper intake of nutrients are nowadays a very current topic, arousing much debate. The Mediterranean dietary pattern, in particular, has been associated with the highest risk reduction of major congenital anomalies, like the heterogeneous class of neural tube defects (NTDs). NTDs constitute a major health burden (0.5-2/1000 pregnancies worldwide) and still remain a preventable cause of still birth, neonatal and infant death, or significant lifelong disabilities. Many studies support the finding that appropriate folate levels during pregnancy may confer protection against these diseases. In 1991 one randomised controlled trial (RCT) demonstrated for the first time that periconceptional supplementation of folic acid is able to prevent the recurrence of NTDs, finding confirmed by many other subsequent studies. Anyway, the high rate of unplanned/unintended pregnancies and births and other issues hindering the achievement of adequate folate levels in women in childbearing age, induced the US government and many other countries to institute mandatory food fortification with folic acid. The actual strategy adopted by European Countries (including Italy) suggests that women take 0,4 mg folic acid/die before conception. The main question is which intervention, between folic acid supplementation, foods fortification or both, linked to a healthy life-style and diet pattern may represent the best method in preventing NTDs. The aim of this review is to describe the actual situation in NTDs prevention, with a special attention to the Italiancontext concerning this delicate and controversial subject.",pubmed,abstract,임신부와 태아 또는 신생아,임신 중 식이보충제 또는 허브 보충제 노출,"비노출, 위약 또는 통상 산전관리","산모 독성, 임신 합병증, 선천성 이상, 태아·신생아 이상반응","무작위시험, 임신 코호트, 환자-대조군, 등록자료 연구, 증례군, 체계적 고찰"
v3ref-0225,pubmed:35710615,HRS4_LIVER_DISEASE,Liver injury and dietary supplements: Does hydroxycitric acid trigger hepatotoxicity?,"Rising rates of obesity has increased the global use of herbal supplements intended to control weight. However, taking these preparations without appropriate medical supervision could increase the risk of manifestation of side effects, especially at the hepatic level. In literature, different cases of acute liver injury consequent to the use of food supplements containing Garcinia cambogia and hydroxycitric acid are reported. This letter aims to review the most recent literature that analysed the herb-induced liver disease due to the use of hydroxycitric acid, from the first alert coming from the European Food and Drug Administration in 2009, to the last recent European food alerts from 2020 to 2021. It is noteworthy that in some cases it demonstrated the relationship between hydroxycitric acid and hepatotoxicity. Therefore, there is a need to draw more attention to the relationship between a safe use and a more awareness in the intake of these supplements, to preserve the safety of the consumers who increasingly purchase food supplements, products that have only nutritive properties and are never curative.",pubmed,abstract,기존 간질환이 있는 성인 또는 소아 환자,식이보충제 또는 허브 보충제 노출,비노출 또는 통상 관리,"약인성 간손상, 간기능 악화, 간부전, 입원","코호트, 환자-대조군, 약물감시 연구, 증례군, 체계적 고찰"
v3ref-0226,pubmed:40139536,HRS3_PREGNANCY,High-dose vitamin D supplementation in pregnancy ameliorates obesity-induced increase in maternal IL-1β level without affecting obesity-induced increase in IL-6 and MCP.,"BACKGROUND: Maternal and placental inflammatory activity is carefully regulated during pregnancy and changes in inflammatory status are associated with pregnancy complications and health deficits in the offspring including adverse effects on neurodevelopment. Overweight/obesity is associated with chronic inflammation, thereby contributing to adverse effects. Disturbingly, overweight and obesity are highly prevalent among pregnant women worldwide. Vitamin D (vitD) possess immunomodulatory effects and is believed to support healthy pregnancy. Endocrinological societies recommend empiric vitD supplementation in pregnancy but there is no consensus on the minimal supplementation dose METHODS: An adjacent study to GRAVIT-D (no. NCT04291313, ClinicalTrial.gov), a double-blinded randomized trial investigating the clinical benefits of increasing vitD supplementation in pregnancy from 400IU to 3600IU/day from gestational week 11-16 onwards. In a subgroup, (n = 156), multiplex ELISA targeting third-semester serum levels of IL-1β, IL-6, IL-10, TNFα, MCP-1, and IL-17A was performed. Inflammation signals were correlated with the vitD dose given, subsequently analysing the effect of vitD in relation to the pre-pregnancy body mass index (BMI) within each treatment arm comparing the inflammatory response in WHO-defined BMI groups, < 25, 25-30 and > 30 kg/m2.
MAIN RESULTS: High pre-pregnancy BMI was associated with increased IL6 and MCP1 in both the 400IU and the 3600 IU exposed group. IL1β levels increased with BMI if using a 400IU/day supplement. High dose vitD supplementation ameliorated BMI effects on IL1β.
CONCLUSION AND PERSPECTIVES: Increased vitD supplementation during pregnancy may ameliorate some overweight/obesity-induced inflammatory activity. Further studies are needed to determine the vitD need in pregnancies complicated by obesity and overweight.",pubmed,abstract,임신부와 태아 또는 신생아,임신 중 식이보충제 또는 허브 보충제 노출,"비노출, 위약 또는 통상 산전관리","산모 독성, 임신 합병증, 선천성 이상, 태아·신생아 이상반응","무작위시험, 임신 코호트, 환자-대조군, 등록자료 연구, 증례군, 체계적 고찰"
v3ref-0227,pubmed:24520780,HRS4_LIVER_DISEASE,"[Treatment of nonalcoholic steatohepatitis by Jianpi Shugan Recipe: a multi-center, randomized, controlled clinical trial].","OBJECTIVE: To evaluate the efficacy and safety of Chinese medicine (CM) intervention in the treatment of nonalcoholic steatohepatitis (NASH) from liver enzyme (ALT), imaging (the liver/spleen CT ratio) and syndrome scores, and to establish standard methods for diagnosis and therapeutic efficacy evaluation with characteristics of CM.
METHODS: A multi-center, stratified randomized, parallel controlled, blindness-method evaluated, superiority trial was performed. Totally 204 patients were randomly allocated into two groups, 102 patients in the experimental group (treated with CM) and 102 patients in the control group [treated with Western medicine (WM)]. The alanine aminotransferase (ALT), liver/spleen CT ratio, and clinical symptoms were observed in both groups.
RESULTS: Of the randomly allocated 204 cases from 4 hospitals, 3 patients were rejected, and 25 were lost. Totally 176 cases con- formed to the plan with complete follow-ups. After 3 months of treatment, syndrome scores and the improvement of partial clinical symptoms (fatigue and sallow complexion) were superior in the experimental group to those in the control group (P < 0.05). After 3 months of follow-up, the syndrome scores and improvement of partial clinical symptoms (fatigue and sallow complexion) were superior in the experimental group to those in the control group (P < 0.05). There was no statistical difference in improving liver enzymes or the liver/spleen CT ratio between the two groups (P > 0.05). There were 4 adverse reactions/adverse events in the two groups in the process of treatment, mainly covering drug-induced liver injury, diarrhea, and epigastric distension. Adverse reactions had nothing to do with CM treatment.
CONCLUSIONS: Jianpi Shugan Recipe had obvious efficacy in treatment of NASH. It could remove the liver fat and play a role in anti-inflammation and liver protection. It also could improve the indices of liver enzymes and the liver/spleen CT ratio effectively, which was superior to Polyene Phosphatidylcholine Capsule (PPC) in improving clinical symptoms, especially for such symptoms as fatigue and sallow complexion.",pubmed,abstract,기존 간질환이 있는 성인 또는 소아 환자,식이보충제 또는 허브 보충제 노출,비노출 또는 통상 관리,"약인성 간손상, 간기능 악화, 간부전, 입원","코호트, 환자-대조군, 약물감시 연구, 증례군, 체계적 고찰"
v3ref-0228,pubmed:38263894,HRS3_PREGNANCY,Adherence to different forms of plant-based diets and pregnancy outcomes in the Danish National Birth Cohort: A prospective observational study.,"INTRODUCTION: The number of people adhering to plant-based diets has been increasing dramatically in recent years, fueled by both environmental and animal welfare concerns. Beneficial or possible adverse consequences of such diets, particularly the most restrictive forms during pregnancy, have been minimally explored. The aim of this prospective observational study was to examine associations between different forms of plant-based diets during pregnancy with birth outcomes and pregnancy complications.
MATERIAL AND METHODS: The Danish National Birth Cohort included 100 413 pregnancies to 91 381 women in 1996-2002. The population consisted of 66 738 pregnancies, about which sufficient dietary data were available and included in the study. Dietary and supplemental intake was assessed by Food Frequency Questionnaire in gestational week 25 and women were characterized as fish/poultry-vegetarians, lacto/ovo-vegetarians, vegans or omnivorous, based on their self-report in gestational week 30. Main outcome measures were pregnancy and birth complications, birthweight and small for gestational age.
RESULTS: A total of 98.7% (n = 65 872) of participants were defined as omnivorous, whereas 1.0% (n = 666), 0.3% (n = 183) and 0.03% (n = 18) identified themselves as fish/poultry vegetarians, lacto/ovo-vegetarians or vegans, respectively. Protein intake was lower among lacto/ovo-vegetarians (13.3%) and vegans (10.4%) than among omnivorous participants (15.4%). Intake of micronutrients was also considerably lower among vegans, but when dietary supplements were taken into consideration, no major differences were observed. Compared with omnivorous mothers, vegans had a higher prevalence of preeclampsia and their offspring had on average -240 g (95% confidence interval -450 to -30) lower birthweight.
CONCLUSIONS: The women reporting that they adhered to vegan diets during pregnancy had offspring with lower mean birthweight and higher risk of preeclampsia compared with omnivorous mothers. Low protein intake might be one plausible explanation for the observed association with birthweight.",pubmed,abstract,임신부와 태아 또는 신생아,임신 중 식이보충제 또는 허브 보충제 노출,"비노출, 위약 또는 통상 산전관리","산모 독성, 임신 합병증, 선천성 이상, 태아·신생아 이상반응","무작위시험, 임신 코호트, 환자-대조군, 등록자료 연구, 증례군, 체계적 고찰"
v3ref-0229,pubmed:12528489,HRS1_PERIOPERATIVE,Complementary and alternative medicine use by surgical patients.,"This national multisite study examined complementary and alternative medicine (CAM) use by surgical patients during the two weeks preceding their surgery. A simple descriptive design consisting of anonymous self-report questionnaires was used to measure CAM use and determine participant demographics. A purposive sample of adult, English-speaking, elective outpatients from 16 hospitals representing seven US regions was used. Data were collected randomly at each site. Sixty-seven percent of participants disclosed use of all types of CAM; 27% consumed herbs, 39% used dietary supplements, 54% took vitamins, and 1% reported use of homeopathics. Thirty-four percent of participants reported using CAMs that potentially can interact with anesthetics and inhibit coagulation. The results of this study suggest that perioperative nurses should encourage patients to disclose CAM use and should educate patients about anesthetic interactions that may contribute to bleeding.",pubmed,abstract,수술 또는 침습적 시술을 받는 성인,수술 전 식이보충제 또는 허브 보충제 노출,"비노출, 중단, 또는 통상 수술주위 관리","출혈, 수혈, 마취 상호작용, 수술주위 합병증","무작위시험, 코호트, 환자-대조군, 단면연구, 증례군, 체계적 고찰"
v3ref-0230,pubmed:27157958,HRS5_ANTICOAGULATION,Evaluation of herbal product use and possible herb-drug interactions in Turkish elderly.,"OBJECTIVES: To determine the prevalence and documentation of the use of herbal remedies by individuals aged ≥65 years and to evaluate possible adverse reactions and herb-drug interactions.
METHOD: Using a cross-sectional research design, data were collected from 1418 participants (age range 65-95 years) via interview-based questionnaires.
RESULTS: The prevalence of herbal use among older adults was 30% (n = 426); 64% (n = 274) used more than one prescription medication, and polyherbacy was reported by 47.5% (n = 202) of participants. Some participants used herbal products that are known to interfere with conventional drugs used to treat chronic diseases, such as cardiac glycosides, diuretics, anticoagulants, antidiabetics, anticonvulsants, and monoamine oxidase inhibitors.
CONCLUSION: To ensure good patient care, it is important that healthcare professionals are aware of possible health complications associated with the concomitant use of herbs and medications.",pubmed,abstract,"비타민 K 길항제, 직접경구항응고제 또는 헤파린을 사용하는 환자",식이보충제 또는 허브 보충제 병용,보충제 비병용 또는 기준 기간,"주요·경미 출혈, 혈전색전증, 응고검사 변화, 약물 상호작용","무작위시험, 코호트, 환자-대조군, 자기대조 연구, 증례군, 체계적 고찰"
v3ref-0231,pubmed:32578335,HRS3_PREGNANCY,Prenatal alcohol exposure induced congenital heart diseases: From bench to bedside.,"Alcohol consumption is increasing worldwide. Many child-bearing-aged women consume alcohol during pregnancy, intentionally or unintentionally, thereby increasing the potential risk for severe congenital diseases. Congenital heart disease (CHD) is the most common birth defect worldwide and can result from both hereditary and acquired factors. Prenatal alcohol exposure (PAE) is considered a key factor that leads to teratogenesis in CHD and its specific phenotypes, especially defects of the cardiac septa, cardiac valves, cardiac canals, and great arteries, adjacent to the chambers, both in animal experiments and clinical retrospective studies. The mechanisms underlying CHD and its phenotypes caused by PAE are associated with changes in retinoic acid biosynthesis and its signaling pathway, apoptosis and defective function of cardiac neural crest cells, disturbance of the Wntβ-catenin signaling pathway, suppression of bone morphogenetic protein (BMP) signaling, and other epigenetic mechanisms. Drug supplements and early diagnosis can help prevent PAE from inducing CHDs.",pubmed,abstract,임신부와 태아 또는 신생아,임신 중 식이보충제 또는 허브 보충제 노출,"비노출, 위약 또는 통상 산전관리","산모 독성, 임신 합병증, 선천성 이상, 태아·신생아 이상반응","무작위시험, 임신 코호트, 환자-대조군, 등록자료 연구, 증례군, 체계적 고찰"
v3ref-0232,pubmed:38701490,HRS4_LIVER_DISEASE,"Home exercise, branched-chain amino acids, and probiotics improve frailty in cirrhosis: A randomized clinical trial.","BACKGROUND: Frailty is a predictive factor of hospitalization, falls, and mortality in patients with cirrhosis, regardless of the degree of liver failure. The aim was to analyze whether a multifactorial intervention consisting of home-based exercise, branched-chain amino acids, and a multistrain probiotic can improve frailty in these patients.
METHODS: Outpatients with cirrhosis were classified according to the Liver Frailty Index (LFI). Prefrail and frail patients were randomized into 2 groups. The intervention group was assigned to a multifactorial intervention consisting of exercise at home, branched-chain amino acid supplements, and a multistrain probiotic for 12 months. The control group received standard care. All patients were prospectively followed up every 3 months for 1 year to determine LFI, incidence of falls, emergency room visits, hospitalizations, and mortality.
RESULTS: Thirty-two patients were included: 17 patients were assigned to the intervention group and 15 to the control group. In the intervention group, the baseline LFI decreased at 3, 6, 9, and 12 months (p = 0.019 for overall change with respect to the control group). The change in LFI (ΔLFI) at 12 months was -0.71 ± 0.24 in the intervention group and -0.09 ± 0.32 in the control group (p<0.001). During follow-up, patients in the intervention group had a lower 1-year probability of falls (6% vs. 47%, p = 0.03) and emergency room visits (10% vs. 44%, p = 0.04) than patients in the control group.
CONCLUSIONS: A long-term multifactorial intervention that included exercise at home, branched-chain amino acids, and a multistrain probiotic improved frailty in outpatients with cirrhosis and was associated with a decrease in the incidence of clinical events such as falls and emergency room visits.",pubmed,abstract,기존 간질환이 있는 성인 또는 소아 환자,식이보충제 또는 허브 보충제 노출,비노출 또는 통상 관리,"약인성 간손상, 간기능 악화, 간부전, 입원","코호트, 환자-대조군, 약물감시 연구, 증례군, 체계적 고찰"
v3ref-0233,pubmed:18605369,HRS1_PERIOPERATIVE,Autoimmune hepatitis and hypergammaglobulinemic purpura associated with herbal medicine use.,,pubmed,title_only,수술 또는 침습적 시술을 받는 성인,수술 전 식이보충제 또는 허브 보충제 노출,"비노출, 중단, 또는 통상 수술주위 관리","출혈, 수혈, 마취 상호작용, 수술주위 합병증","무작위시험, 코호트, 환자-대조군, 단면연구, 증례군, 체계적 고찰"
v3ref-0234,pubmed:19696220,HRS2_KIDNEY_DISEASE,Vitamin D and the cardiovascular system.,"Several epidemiologic and clinical studies have suggested that there is a strong association between hypovitaminosis D and cardiovascular disease (CVD). Hypovitaminosis D was reported as a risk factor for increased cardiovascular events among 1739 adult participants in the Framingham Offspring Study. Analysis of more than 13,000 adults in the Third National Health and Nutrition Examination Survey (NHANES III) showed that even though hypovitaminosis D is associated with an increased prevalence of CVD risk factors, its association with all-cause mortality is independent of these risk factors. Importantly, epidemiologic studies suggested that patients who had chronic kidney disease and were treated with activated vitamin D had a survival advantage when compared with those who did not receive treatment with these agents. Mechanistically, emerging data have linked vitamin D administration with improved cardiac function and reduced proteinuria, and hypovitaminosis D is associated with obesity, insulin resistance, and systemic inflammation. Preliminary studies suggested that activated vitamin D inhibits the proliferation of cardiomyoblasts by promoting cell-cycle arrest and enhances the formation of cardiomyotubes without inducing apoptosis. Activated vitamin D has also been shown to attenuate left ventricular dysfunction in animal models and humans. In summary, emerging studies suggest that hypovitaminosis D has emerged as an independent risk factor for all-cause and cardiovascular mortality, reinforcing its importance as a public health problem. There is a need to advance our understanding of the biologic pathways through which vitamin D affects cardiovascular health and to conduct prospective clinical interventions to define precisely the cardioprotective effects of nutritional vitamin D repletion.",pubmed,abstract,만성콩팥병 또는 투석 환자,"비처방 비타민, 무기질 또는 허브 보충제 노출","비노출, 위약 또는 통상 관리","고칼륨혈증, 고칼슘혈증, 신독성, 심혈관 이상반응","무작위시험, 코호트, 환자-대조군, 약물감시 연구, 증례군, 체계적 고찰"
v3ref-0235,pubmed:4835003,HRS4_LIVER_DISEASE,"Fever, vomiting, and liver dysfunction with procainamide therapy.",,pubmed,title_only,기존 간질환이 있는 성인 또는 소아 환자,식이보충제 또는 허브 보충제 노출,비노출 또는 통상 관리,"약인성 간손상, 간기능 악화, 간부전, 입원","코호트, 환자-대조군, 약물감시 연구, 증례군, 체계적 고찰"
v3ref-0236,pubmed:35745210,HRS2_KIDNEY_DISEASE,"Plasma Nitrate and Nitrite Kinetics after Single Intake of Beetroot Juice in Adult Patients on Chronic Hemodialysis and in Healthy Volunteers: A Randomized, Single-Blind, Placebo-Controlled, Crossover Study.","Nitric oxide (NO) contributes to maintaining normal cardiovascular and renal function. This bioactive signalling molecule is generally formed enzymatically by NO synthase in the vascular endothelium. NO bioactivity can also be attributed to dietary intake of inorganic nitrate, which is abundant in our diet, especially in green leafy vegetables and beets. Ingested nitrate is reduced to nitrite by oral commensal bacteria and further to NO systemically. Previous studies have shown that dialysis, by means of removing nitrate and nitrite from the body, can reduce NO bioactivity. Hence, dietary intervention approaches aimed to boost the nitrate-nitrite-NO pathway may be of benefit in dialysis patients. The purpose of this study was to examine the kinetics of plasma nitrate and nitrite after a single intake of nitrate-rich concentrated beetroot juice (BJ) in adult hemodialysis (HD) patients and in age-matched healthy volunteers (HV). Eight HD patients and seven HV participated in this single center, randomized, single-blind, placebo-controlled, crossover study. Each participant received a sequential single administration of active BJ (70 mL, 400 mg nitrate) and placebo BJ (70 mL, 0 mg nitrate) in a random order separated by a washout period of seven days. For the kinetic analysis, blood samples were collected at different time-points before and up to 44 h after BJ intake. Compared with placebo, active BJ significantly increased plasma nitrate and nitrite levels both in HD patients and HV. The area under the curve and the maximal concentration of plasma nitrate, but not of nitrite, were significantly higher in HD patients as compared with HV. In both groups, active BJ ingestion did not affect blood pressure or plasma potassium levels. Both BJs were well tolerated in all participants with no adverse events reported. Our data provide useful information in planning dietary nitrate supplementation efficacy studies in patients with reduced NO bioactivity.",pubmed,abstract,만성콩팥병 또는 투석 환자,"비처방 비타민, 무기질 또는 허브 보충제 노출","비노출, 위약 또는 통상 관리","고칼륨혈증, 고칼슘혈증, 신독성, 심혈관 이상반응","무작위시험, 코호트, 환자-대조군, 약물감시 연구, 증례군, 체계적 고찰"
v3ref-0237,pubmed:17059987,HRS4_LIVER_DISEASE,Flavonoid-induced acute nephropathy by Cupressus funebris Endl (Mourning Cypress).,"Worldwide use of herbal therapy has increased dramatically in recent years. Most herbal therapies were not regulated as medicines, and their adverse effects often were underreported. We report a patient who developed acute renal failure, acute hepatic failure, autoimmune hemolytic anemia, and thrombocytopenia after oral intake of hot-water extract of Cupressus funebris Endl (Mourning Cypress), which is rich in flavonoids. Her renal biopsy showed acute tubular necrosis, interstitial nephritis, and hemoglobin casts. The clinical course and pathological findings were consistent with flavonoid-induced acute nephropathy. We emphasize that flavonoids are not harmless and may induce acute life-threatening renal damage.",pubmed,abstract,기존 간질환이 있는 성인 또는 소아 환자,식이보충제 또는 허브 보충제 노출,비노출 또는 통상 관리,"약인성 간손상, 간기능 악화, 간부전, 입원","코호트, 환자-대조군, 약물감시 연구, 증례군, 체계적 고찰"
v3ref-0238,pubmed:29526703,HRS4_LIVER_DISEASE,The chemistry and pharmacology of Ligularia przewalskii: A review.,"ETHNOPHARMACOLOGICAL RELEVANCE: Ligularia przewalskii (Maxim.) Diels (LP) (called zhangyetuowu in Chinese), is generally found in moist forest areas in the western regions of China. The root, leaves and flower of LP are utilized as a common traditional medicine in China. It has been utilized conventionally in herbal remedies for the remedy of haemoptysis, asthma, pulmonary phthisis, jaundice hepatitis, food poisoning, bronchitis, cough, fever, wound healing, measles, carbuncle, swelling and phlegm diseases.
AIM OF THE STUDY: The review aims to provide a systematic summary of LP and to reveal the correlation between the traditional uses and pharmacological activities in order to provide updated, comprehensive and categorized information and identify the therapeutic potential for its use as a new medicine.
MATERIALS AND METHODS: The relevant data were searched by using the keywords ""Ligularia przewalskii"" ""phytochemistry"", ""pharmacology"", ""Traditional uses"", and ""Toxicity"" in ""Scopus"", ""Scifinder"", ""Springer"", ""Pubmed"", ""Wiley"", ""Web of Science"", ""China Knowledge Resource Integrated databases (CNKI)"", ""Ph.D."" and ""M.Sc. dissertations"", and a hand-search was done to acquire peer-reviewed articles and reports about LP. The plant taxonomy was validated by the databases ""The Plant List"", ""Flora Reipublicae Popularis Sinicae"", ""A Collection of Qinghai Economic Plants"", ""Inner Mongolia plant medicine Chi"", Zhonghua-bencao and the Standard of Chinese herbal medicine in Gansu.
RESULTS: Based on the traditional uses, the chemical nature and biological effects of LP have been the focus of research. In modern research, approximately seventy-six secondary metabolites, including thirty-eight terpenoids, nine benzofuran derivatives, seven flavonoids, ten sterols and others, were isolated from this plant. They exhibit anti-inflammatory, antioxidative, anti-bacterial and anti-tumour effects, and so on. Currently, there is no report on the toxicity of LP, but hepatotoxic pyrrolizidine alkaloids (HPA) were first detected with LC/MSn in LP, and they have potential hepatotoxicity.
CONCLUSIONS: The lung-moistening, cough-relieving and phlegm-resolving actions of the root of LP are attributed to the anti-inflammatory properties of flavonoids and terpenoids. The heat-clearing, dampness-removing and gallbladder-normalizing (to cure jaundice) actions of the flowers of LP are based on the anti-inflammatory, antioxidant and hepatoprotective activity properties of terpenoids, flavonoids and sterols. The Traditional Chinese Medicine (TCM) characteristics of LP (bitter flavour) corroborate its potent anti-inflammatory effects. In addition, the remarkable anti-inflammatory and antioxidant capacities of LP contribute to its anti-tumour and antitussive activities. Many conventional uses of LP have now been validated by modernized pharmacological research. For future research, further phytochemical and biological studies need to be conducted on LP, In particular, the safety, mechanism of action and efficacy of LP could be of future research interest before beginning clinical trials. More in vivo experiments and clinical studies are encouraged to further clarify the relation between traditional uses and modern applications. Regarding the roots, leaves and flowers of LP, their chemical compositions and clinical effects should be compared. The information on LP will be helpful in providing and identifying its therapeutic potential and economic value for its use as a new medicine in the future.",pubmed,abstract,기존 간질환이 있는 성인 또는 소아 환자,식이보충제 또는 허브 보충제 노출,비노출 또는 통상 관리,"약인성 간손상, 간기능 악화, 간부전, 입원","코호트, 환자-대조군, 약물감시 연구, 증례군, 체계적 고찰"
v3ref-0239,pubmed:19338151,HRS1_PERIOPERATIVE,[Effect of ginkgo biloba extract on plasma vascular endothelial growth factor during peri-operative period of cardiac surgery].,"OBJECTIVE: To investigate the effect and clinical value of ginkgo biloba extract (Ginaton) on the plasma vascular endothelial growth factor (VEGF) in patients during peri-operative period of cardiac surgery.
METHODS: Twenty patients scheduled to receive cardiac operation were randomly assigned to 2 groups by a digital table. For the 10 patients in the control group, the cardiopulmonary bypass (CPB) was established in routine and received cold (4 degrees C) St. Thomas' cardioplegia perfusion (15 mL/kg) via aortic root after ascending aorta blocking, as for the 10 patients in the Ginaton group, the same was done but with 0.5 mg/kg of Ginaton added to the cardioplegia perfusion. Plasma VEGF contents were detected by ELISA at different time points, i.e., before and after anesthesia induction (T1, T2), after aorta intubation (T3), 0.5 h after aorta clamping (T4), 0.5 h after aorta declamping (T5), immediate after terminating the operation (T6), 6 h after operation (T7), and 24 h after operation (T8).
RESULTS: In the control group, VEGF level began to rise at T, and reached the peak at T7(P < 0.01), while in the Ginaton group, it reached the peak early at T, (P < 0.01), and began to drop at T (P < 0.01).
CONCLUSION: Ginaton could induce the production of VEGF, which may be one of the mechanisms for its myocardial protection.",pubmed,abstract,수술 또는 침습적 시술을 받는 성인,수술 전 식이보충제 또는 허브 보충제 노출,"비노출, 중단, 또는 통상 수술주위 관리","출혈, 수혈, 마취 상호작용, 수술주위 합병증","무작위시험, 코호트, 환자-대조군, 단면연구, 증례군, 체계적 고찰"
v3ref-0240,pubmed:41168313,HRS4_LIVER_DISEASE,Effect of nano-curcumin supplementation on liver fibrosis in patients with NAFLD-associated fibrosis: a double-blind randomized controlled trial.,"Hepatic fibrosis, resulting from chronic liver injury, can lead to cirrhosis and liver failure. Curcumin shows anti-fibrotic potential but has low bioavailability. This 16-week double-blind, randomized, placebo-controlled trial evaluated the effects of 80 mg/day nano-curcumin on liver fibrosis, steatosis, liver function test, and anthropometric parameters in 55 adults (30-70 years) with stage ≥ F2 NAFLD-induced fibrosis. Primary outcomes were liver fibrosis and steatosis assessed by FibroScan and FIB-4. Secondary outcomes included changes in liver function tests and anthropometric parameters including body composition. Both groups improved in fibrosis and steatosis, with no significant differences were found between them. The FIB-4 index decreased significantly in the nano-curcumin group (p = 0.022), but between-group differences were not significant (p = 0.135). ALT and AST significantly decreased in the nano-curcumin group (p < 0.001 and p = 0.004), with significant group differences (p < 0.05). GGT reduction was significant between groups after adjustment (p = 0.043), and LDH levels also decreased significantly in the nano-curcumin group (p < 0.001), with a significant between-group difference (p = 0.016). No statistically significant between-group differences were observed in anthropometric parameters. Nano-curcumin improved liver enzymes but showed no significant effect on fibrosis or steatosis compared to placebo. Further research is needed to confirm long-term benefits. Trial registration Iranian Registry of Clinical Trials IRCT20210427051098N2 (Available from: https://irct.behdasht.gov.ir ).",pubmed,abstract,기존 간질환이 있는 성인 또는 소아 환자,식이보충제 또는 허브 보충제 노출,비노출 또는 통상 관리,"약인성 간손상, 간기능 악화, 간부전, 입원","코호트, 환자-대조군, 약물감시 연구, 증례군, 체계적 고찰"
v3ref-0241,pubmed:26971288,HRS4_LIVER_DISEASE,"Toxic hepatitis due to a food supplement: ""Natural"" is no synonym for ""harmless"".","BACKGROUND/AIMS: Herbal products are increasingly used in modern medicine for numerous indications. They are not considered as drugs and thus often not linked to side effects.
MATERIAL: A 77-year-old patient presented with silent icterus and biochemical evidence of hepatocellular damage. Because of dyslipidaemia, he was recently prescribed Controchol(®), a food supplement containing red yeast and green tea extracts.
RESULTS: Liver biopsy showed necro-inflammatory destruction of liver parenchym, collapse of reticulin matrix, cholestasis and gall duct damage, compatible with toxic hepatitis. After discontinuation of Controchol(®), there was a gradual normalisation of the liver function tests. Liver injury is a known side effect of both red yeast and green tea extracts. After exclusion of other causes, we therefore concluded our patient had suffered from Controchol(®)-induced toxic hepatitis.
CONCLUSION: Products that are conceived as ""natural"" alternatives for pharmacological drugs, like food supplements, are not free of side effects per se, and should not be considered as ""harmless"".",pubmed,abstract,기존 간질환이 있는 성인 또는 소아 환자,식이보충제 또는 허브 보충제 노출,비노출 또는 통상 관리,"약인성 간손상, 간기능 악화, 간부전, 입원","코호트, 환자-대조군, 약물감시 연구, 증례군, 체계적 고찰"
v3ref-0242,pubmed:20373930,HRS1_PERIOPERATIVE,Commonly used botanicals and vitamins and their impact on blood pressure and blood loss in surgical gynaecology patients.,"We wanted to determine botanical and vitamin use in surgical gynaecology patients at UHWI and their effects on blood pressure and blood loss. The study was prospective and observational. Before elective surgery, we evaluated 133 patients on the use of botanicals and vitamins. We measured pre- and intraoperative blood pressure and intraoperative blood loss to determine any association with botanical use. Botanicals were used by 68.4% of patients with a 45.1% use within 2 weeks before surgery, p = 0.002). Users were older (p = 0.024) and had more chronic illnesses (p = 0.003). They also had higher mean preoperative diastolic blood pressure (p = 0.016) but no statistically significant difference in intraoperative blood pressures. Blood loss was greater with recent use of certain anticoagulant botanicals. We conclude that the use of certain botanicals may increase blood pressure or increase surgical bleeding and patients and doctors should be aware of their risk.",pubmed,abstract,수술 또는 침습적 시술을 받는 성인,수술 전 식이보충제 또는 허브 보충제 노출,"비노출, 중단, 또는 통상 수술주위 관리","출혈, 수혈, 마취 상호작용, 수술주위 합병증","무작위시험, 코호트, 환자-대조군, 단면연구, 증례군, 체계적 고찰"
v3ref-0243,pubmed:15146159,HRS4_LIVER_DISEASE,[Probable hepatoxicity from epigallocatecol gallate used for phytotherapy].,,pubmed,title_only,기존 간질환이 있는 성인 또는 소아 환자,식이보충제 또는 허브 보충제 노출,비노출 또는 통상 관리,"약인성 간손상, 간기능 악화, 간부전, 입원","코호트, 환자-대조군, 약물감시 연구, 증례군, 체계적 고찰"
v3ref-0244,pubmed:34232163,HRS1_PERIOPERATIVE,Perioperative omega-3 fatty acids for liver surgery: A meta-analysis of randomized controlled trials.,"INTRODUCTION: The effect of perioperative omega-3 fatty acids for liver surgery remained controversial. We conducted a systematic review and meta-analysis to explore the influence of omega-3 fatty acids versus placebo in patients undergoing liver surgery.
METHODS: We have searched PubMed, EMbase, Web of science, EBSCO, and Cochrane library databases through May 2020, and included randomized controlled trials (RCTs) assessing the effect of omega-3 fatty acids versus placebo for liver surgery. This meta-analysis was performed using the random-effect model.
RESULTS: Five RCTs were included in the meta-analysis. Overall, compared with control group for liver surgery, omega-3 fatty acids were associated with substantially reduced incidence of infection (odd ratio [OR]=0.56; 95% confidence interval [CI] =0.34-0.91; P = .02), but revealed no remarkable influence on complications (OR = 0.60; 95% CI = 0.29-1.24; P = .17), mortality (OR = 0.76; 95% CI = 0.06-9.37; P = .83), liver failure (OR = 0.72; 95% CI = 0.10 to 5.00; P = 0.74), biliary leakage (OR=1.24; 95% CI = 0.41 to 3.76; P = .70), bleeding (OR = 1.76; 95% CI = 0.63-4.95; P = .28), or ileus (OR = 0.39; 95% CI = 0.07-2.05; P = .27).
CONCLUSION: Perioperative omega-3 fatty acids may be beneficial to reduce the incidence of infection after liver surgery.",pubmed,abstract,수술 또는 침습적 시술을 받는 성인,수술 전 식이보충제 또는 허브 보충제 노출,"비노출, 중단, 또는 통상 수술주위 관리","출혈, 수혈, 마취 상호작용, 수술주위 합병증","무작위시험, 코호트, 환자-대조군, 단면연구, 증례군, 체계적 고찰"
v3ref-0245,pubmed:33243156,HRS3_PREGNANCY,Medication-related problems among hospitalized pregnant women in a tertiary teaching hospital in Ethiopia: a prospective observational study.,"BACKGROUND: Studies on medication-related problems (MRPs) among pregnant women are scarce, despite the potential consequences for both mother and child. This study aimed to describe the prevalence, clinical significance, and risk factors for MRPs among hospitalized pregnant or postpartum women at Jimma University Medical Centre (JUMC) in Ethiopia.
METHODS: A prospective follow-up and clinical audit of 1117 hospitalized pregnant or postpartum women in the maternity and gynaecology wards at JUMC was carried out between February and June 2017. Patients were followed throughout their stay in the hospital to assess the presence and development of MRPs. Pre-tested data extraction form and an interview-guided structured questionnaire were used to collect data. Descriptive statistics were used to describe MRPs. Logistic regression analysis was used to identify factors associated with MRPs.
RESULTS: One or more MRPs occurred among 323 (28.9%) study participants, mostly in relation to lack of iron supplementation. A total of 278 (70.6%) of all MRPs were considered to be of moderate to high clinical significance. When excluding MRPs due to iron from the analysis, chronic disease (adjusted OR 1.91; 95% CI 1.02, 3.58), medication use prior to admission (adjusted OR 2.38; 95% CI 1.24, 4.56), nulliparity (adjusted OR 1.99; 95% CI 1.22, 3.24) and multiparity (adjusted OR 1.91; 95% CI 1.17, 3.12) were significantly associated with experiencing an MRP.
CONCLUSIONS: Nearly 3 out of 10 hospitalized pregnant women at JUMC had one or more MRPs. The need for additional iron therapy was by far the most common type of MRP. Improved adherence to guidelines on iron supplementation are required. Multidisciplinary approaches including physicians, nurses, anesthesia professionals and clinical pharmacists in the maternity and gynaecology wards could possibly prevent MRPs and promote patient safety for women and children.",pubmed,abstract,임신부와 태아 또는 신생아,임신 중 식이보충제 또는 허브 보충제 노출,"비노출, 위약 또는 통상 산전관리","산모 독성, 임신 합병증, 선천성 이상, 태아·신생아 이상반응","무작위시험, 임신 코호트, 환자-대조군, 등록자료 연구, 증례군, 체계적 고찰"
v3ref-0246,pubmed:28082800,HRS5_ANTICOAGULATION,Protons pump inhibitor treatment and lower gastrointestinal bleeding: Balancing risks and benefits.,"Proton pump inhibitors (PPIs) represent a milestone in the treatment of acid-related diseases, and are the mainstay in preventing upper gastrointestinal bleeding in high-risk patients treated with nonsteroidal anti-inflammatory drugs (NSAIDs) or low-dose aspirin. However, this beneficial effect does not extend to the lower gastrointestinal tract. PPIs do not prevent NSAID or aspirin-associated lower gastrointestinal bleeding (LGB). PPIs may increase both small bowel injury related to NSAIDs and low-dose aspirin treatment and the risk of LGB. Recent studies suggested that altering intestinal microbiota by PPIs may be involved in the pathogenesis of NSAID-enteropathy. An increase in LGB hospitalization rates may occur more frequently in older patients with more comorbidities and are associated with high hospital resource utilization, longer hospitalization, and increased mortality. Preventive strategies for NSAID and aspirin-associated gastrointestinal bleeding should be directed toward preventing both upper and lower gastrointestinal damage. Future research should be directed toward identifying patients at low-risk for gastrointestinal events associated with the use of NSAIDs or aspirin to avoid inappropriate PPI prescribing. Alternatively, the efficacy of new pharmacologic strategies should be evaluated in high-risk groups, with the aim of reducing the risk of both upper and lower gastrointestinal bleeding in these patients.",pubmed,abstract,"비타민 K 길항제, 직접경구항응고제 또는 헤파린을 사용하는 환자",식이보충제 또는 허브 보충제 병용,보충제 비병용 또는 기준 기간,"주요·경미 출혈, 혈전색전증, 응고검사 변화, 약물 상호작용","무작위시험, 코호트, 환자-대조군, 자기대조 연구, 증례군, 체계적 고찰"
v3ref-0247,pubmed:40736606,HRS3_PREGNANCY,Geophagia among pregnant women: evaluating the microbiological and toxicological safety of calabash chalk and its implications on maternal health.,"Geophagia (i.e. calabash chalk consumption) is notably prevalent among pregnant women in parts of Africa and Asia. It is often used to alleviate pregnancy-related symptoms, such as nausea, a practice that carries complex cultural, nutritional, and health implications. This review examines the microbiological and chemical safety profiles of calabash chalk, emphasizing its potential impacts on maternal health. The cultural context of geophagia and perceived health benefits of calabash chalk consumption are explored, in addition to its mineral content, pesticide, heavy metal residues, and geographical variability in toxicity. Likewise, the balance between beneficial probiotics and pathogenic microorganisms, along with the potential risks these pose, to maternal health is assessed. This review also delves into the health risks associated with pesticide and heavy metal exposure, such as developmental toxicity and neurological impacts. Furthermore, potential nutritional benefits, including minerals such as calcium and iron, and its possible probiotic effects are discussed. Additionally, the review examines existing safety regulations, identifies gaps in monitoring and standards, and proposes directions for future research, particularly regarding the long-term effects of calabash chalk consumption during pregnancy. Overall, there is need for a balanced understanding of the risks and benefits of geophagia to promote maternal and foetal well-being.",pubmed,abstract,임신부와 태아 또는 신생아,임신 중 식이보충제 또는 허브 보충제 노출,"비노출, 위약 또는 통상 산전관리","산모 독성, 임신 합병증, 선천성 이상, 태아·신생아 이상반응","무작위시험, 임신 코호트, 환자-대조군, 등록자료 연구, 증례군, 체계적 고찰"
v3ref-0248,pubmed:28574937,HRS2_KIDNEY_DISEASE,Vitamin D Deficiency and Supplementation in Cardiovascular Disorders.,"Cardiovascular disease (CVD) is the leading cause of death in developed countries. Similarly, the frequency of vitamin D deficiency is increasing, and a number of epidemiologic and clinical studies have suggested that there is an increased risk of CVD among people with depletion of this vitamin. This has raised much interest in the potential pathogenic and therapeutic role of vitamin D in CVD. However, randomized trials and meta-analyses have not shown a clear benefit of vitamin D supplementation with respect to cardiovascular events. Herein, we provide a comprehensive review of the most relevant evidence to date regarding vitamin D deficiency and supplementation, and their respective impact on CVD prevention and treatment.",pubmed,abstract,만성콩팥병 또는 투석 환자,"비처방 비타민, 무기질 또는 허브 보충제 노출","비노출, 위약 또는 통상 관리","고칼륨혈증, 고칼슘혈증, 신독성, 심혈관 이상반응","무작위시험, 코호트, 환자-대조군, 약물감시 연구, 증례군, 체계적 고찰"
v3ref-0249,pubmed:34740538,HRS2_KIDNEY_DISEASE,"Effect of L-Carnitine Supplementation on Inflammatory Markers and Serum Glucose in Hemodialysis Children: A Randomized, Placebo-Controlled Clinical Trial.","OBJECTIVES: Chronic inflammation is present in a high proportion of the chronic kidney disease (CKD) population, which can increase the risk of cardiovascular disease. Moreover, it is known as the leading cause of death in these patients. In addition, change in glucose metabolism is another common problem among CKD population. In this regard, it was found that insulin resistance and inflammation can perpetuate each other and simultaneously cause atherosclerosis. Because some studies have previously shown the positive effects of L-carnitine on reducing inflammation and controlling blood sugar, in the present study, we examined the effects of L-carnitine supplementation on serum inflammatory markers, fasting blood sugar (FBS), free carnitine (FC), albumin levels, and quality of life score among children on hemodialysis.
METHOD: Twenty-four children on hemodialysis (aged between 6 and 18 years) were enrolled in this randomized clinical trial study. Thereafter, 12 patients received 50 mg/kg of L-carnitine and 12 patients received placebo for a 10-week period. Afterward, we determined serum FC, interleukin-6 (IL-6), high-sensitivity C-reactive protein, FBS, and albumin and Pediatrics Quality of Life scores once at the baseline and once after performing intervention for 10 weeks. Moreover, the one-way repeated measures analysis was used to evaluate the effects of L-carnitine supplementation.
RESULTS: Although oral L-carnitine supplementation led to the decreased high-sensitivity C-reactive protein, this change was not significant compared with the placebo. Also, L-carnitine supplementation has significantly reduced serum levels of IL-6 and FBS, which has also raised serum FC and Pediatrics Quality of Life scores compared with the placebo. Notably, no significant change was observed in serum albumin levels.
CONCLUSION: Given the significant reductions in IL-6 and FBS levels, L-carnitine supplementation appeared to have some positive effects on the inflammation, blood glucose control, and prevention of cardiovascular events in these patients, as well as the improvement of quality of life. In this regard, L-carnitine therapy with a longer duration is recommended to obtain more effective results.",pubmed,abstract,만성콩팥병 또는 투석 환자,"비처방 비타민, 무기질 또는 허브 보충제 노출","비노출, 위약 또는 통상 관리","고칼륨혈증, 고칼슘혈증, 신독성, 심혈관 이상반응","무작위시험, 코호트, 환자-대조군, 약물감시 연구, 증례군, 체계적 고찰"
v3ref-0250,pubmed:17030294,HRS5_ANTICOAGULATION,Potential drug-herb interaction with antiplatelet/anticoagulant drugs.,"This is a cross-sectional survey evaluating the use of herbal medicines in medical wards patients that may interfere with the effect of antiplatelet or anticoagulant therapy. Among the 250 patients participated, 42.4% (n=106) were taking herbs with 76 patients (71.7%) using herbs for the past 12 months. Overall, almost 31% (n=23, N=76) of patients were taking one or more of the specified herbal medicines [ginseng (Panax ginseng), garlic (Allium sativum), ginkgo (Gingko biloba) thought to interact with antiplatelet or anticoagulant therapy. The study showed that 21% (n=16, N=76) of patients co-ingested specified herbs with antiplatelet or anticoagulant therapy, of which half of them were at risk of potential drug-herb interactions. A large proportion of respondents involved in potential drug-herb interaction were elderly people (62.5%, n=5). However, more than 90% of herbal users did not disclose the use of herbal medicine to their health professionals. It is thus prudent for all care givers to be aware of the possibility of drug-herb interaction and inquire about herbal use from patients.",pubmed,abstract,"비타민 K 길항제, 직접경구항응고제 또는 헤파린을 사용하는 환자",식이보충제 또는 허브 보충제 병용,보충제 비병용 또는 기준 기간,"주요·경미 출혈, 혈전색전증, 응고검사 변화, 약물 상호작용","무작위시험, 코호트, 환자-대조군, 자기대조 연구, 증례군, 체계적 고찰"
v3ref-0251,pubmed:15985279,HRS3_PREGNANCY,"Maternal-fetal distribution and transfer of dioxins in pregnant women in Japan, and attempts to reduce maternal transfer with Chlorella (Chlorella pyrenoidosa) supplements.","Dioxins can be transferred from mother to fetus via the placenta, or to nursing infants via breast milk, potentially causing developmental health problems in children. To assess pediatric health risks from dioxins, exposure of mothers and children to dioxins must be clarified. Methods of reducing maternal transfer of dioxins should also be investigated. Concentrations of 28 dioxin (polychlorinated dibenzo-p-dioxins, polychlorinated dibenzofurans, and co-planar polychlorinated biphenyls) congeners in blood, adipose tissue, breast milk, cord blood and placenta collected from 44 pregnant Japanese women were measured. In addition, to investigate potential reductions in maternal transfer of dioxins, 23 pregnant women were instructed to take Chlorella pyrenoidosa supplements during pregnancy. Correlations were observed between dioxin total toxic equivalents (total TEQ) in blood and total TEQ in adipose tissue (r=0.913, P<0.0001), breast milk (r=0.695, P=0.0007), and cord blood (r=0.759, P<0.0001). Dioxin levels transferred to fetuses and nursing infants reflect cumulative maternal concentrations of dioxins. A linear regression equation was introduced to predict total TEQ in breast milk and cord blood from dioxin levels in maternal blood, which should prove useful in evaluating fetal and infant risk of dioxin exposure. Total TEQ in cord blood were approximately 26% lower than in maternal blood (P<0.0001). The results of this study suggest that transplacental transfer differs depending on the dioxin congener. Total TEQ in breast milk were approximately 30% lower in the Chlorella group than in controls (P=0.0113). This finding suggests that maternal transfer of dioxins can be reduced using dietary measures such as Chlorella supplements.",pubmed,abstract,임신부와 태아 또는 신생아,임신 중 식이보충제 또는 허브 보충제 노출,"비노출, 위약 또는 통상 산전관리","산모 독성, 임신 합병증, 선천성 이상, 태아·신생아 이상반응","무작위시험, 임신 코호트, 환자-대조군, 등록자료 연구, 증례군, 체계적 고찰"
v3ref-0252,pubmed:20586134,HRS4_LIVER_DISEASE,Hepatotoxicity associated with chinese skullcap contained in Move Free Advanced dietary supplement: two case reports and review of the literature.,"Move Free Advanced is a widely available dietary supplement in the United States, marketed to comfort sore joints and improve flexibility and mobility. This product contains glucosamine, chondroitin, hyaluronic acid, and Uniflex proprietary extract, which is a combination of Chinese skullcap and black catechu. We describe two patients who developed hepatotoxicity after ingesting a Move Free Advanced product. In both patients, the hepatotoxicity resolved after discontinuation of the supplement. Use of the Naranjo adverse drug reaction probability scale indicated a probable relationship (score of 6 for both patients) between the patients' development of hepatotoxicity and the Move Free Advanced supplement. Based on a review of the literature, the herbal extract Chinese skullcap is the most likely cause of the hepatotoxicity. To our knowledge, these two cases are the first to be published regarding possible hepatotoxicity associated with Move Free Advanced. Patients seeking dietary supplements for osteoarthritis may want to avoid glucosaminechondroitin products such as Move Free Advanced that also contain Chinese skullcap.",pubmed,abstract,기존 간질환이 있는 성인 또는 소아 환자,식이보충제 또는 허브 보충제 노출,비노출 또는 통상 관리,"약인성 간손상, 간기능 악화, 간부전, 입원","코호트, 환자-대조군, 약물감시 연구, 증례군, 체계적 고찰"
v3ref-0253,pubmed:41702641,HRS3_PREGNANCY,"Vitamin D supplementation before in vitro fertilisation in women with polycystic ovary syndrome: multicentre, double blind, placebo controlled, randomised clinical trial.","OBJECTIVE: To evaluate whether vitamin D supplementation improves live birth rates in women with polycystic ovary syndrome undergoing in vitro fertilisation.
DESIGN: Multicentre, double blind, placebo controlled, randomised clinical trial.
SETTING: 24 fertility centres in China.
PARTICIPANTS: 876 participants with polycystic ovary syndrome undergoing in vitro fertilisation.
INTERVENTIONS: Participants were randomised (1:1) to receive vitamin D 4000 IU/day or placebo before in vitro fertilisation for up to 90 days until the trigger day.
MAIN OUTCOMES MEASURES: The primary outcome was live birth after the first embryo transfer. Secondary outcomes included serum 25-hydroxyvitamin D (25-OHD) levels on trigger day, pregnancy outcomes, fertility outcomes, and adverse events including severe ovarian hyperstimulation syndrome.
RESULTS: Of 876 participants randomised, 865 were included in the modified intention-to-treat analysis, with 435 in the vitamin D group and 430 in the placebo group. Baseline mean serum 25-OHD levels were 16.5±7.2 and 16.1±6.7 ng/mL in the vitamin D and placebo groups, respectively. On the day of triggering, the serum 25-OHD level was significantly higher in the vitamin D group than in the placebo group (32.3±11.2 v 18.2±7.6 ng/mL, adjusted mean difference 13.6, 95% confidence interval 10.9 to 16.3). 226 (52.0%) live births occurred in the vitamin D group and 216 (50.2%) in the placebo group (adjusted risk ratio 1.03, 95% confidence interval 0.91 to 1.18). Severe ovarian hyperstimulation syndrome occurred in three and six participants in the vitamin D and placebo groups, respectively (adjusted risk difference -0.7%, 95% confidence interval -2.0% to 0.6%).
CONCLUSIONS: Although vitamin D supplementation (4000 IU/day) for up to 90 days increases serum 25-OHD levels, this does not translate to improved live birth rates after the first transfer for patients with polycystic ovary syndrome.
TRIAL REGISTRATION: ClinicalTrials.gov NCT04082650.",pubmed,abstract,임신부와 태아 또는 신생아,임신 중 식이보충제 또는 허브 보충제 노출,"비노출, 위약 또는 통상 산전관리","산모 독성, 임신 합병증, 선천성 이상, 태아·신생아 이상반응","무작위시험, 임신 코호트, 환자-대조군, 등록자료 연구, 증례군, 체계적 고찰"
v3ref-0254,pubmed:34445237,HRS5_ANTICOAGULATION,The Clinical Significance of Drug-Food Interactions of Direct Oral Anticoagulants.,"Cardiovascular diseases are the most common cause of death in the world. For almost 60 years, vitamin K antagonists (VKAs) were the mainstay of anticoagulation therapy, but in recent years direct oral anticoagulants (DOACs) have become the anticoagulant treatment of choice. DOACs were initially considered drugs with no significant food interactions; however, clinical observations from daily practice have proved otherwise as interactions with food ingredients have been reported. Food, dietary supplements or herbs may contain substances that, when administered concomitantly with DOACs, can potentially affect the plasma concentration of the drugs. The aim of this paper was to evaluate the clinical significance of drug-food interactions of DOACs, such as dabigatran, rivaroxaban, apixaban, edoxaban and betrixaban. Patients treated with anticoagulants should avoid products containing St. John's wort and take special care with other food ingredients. As the interest in dietary supplements is on the rise, healthcare providers can contribute to the development of well-designed clinical trials on interactions between DOACs and food, and distribute sufficient knowledge about the proper use of these supplements among patients.",pubmed,abstract,"비타민 K 길항제, 직접경구항응고제 또는 헤파린을 사용하는 환자",식이보충제 또는 허브 보충제 병용,보충제 비병용 또는 기준 기간,"주요·경미 출혈, 혈전색전증, 응고검사 변화, 약물 상호작용","무작위시험, 코호트, 환자-대조군, 자기대조 연구, 증례군, 체계적 고찰"
v3ref-0255,pubmed:37658611,HRS1_PERIOPERATIVE,Antithrombin III supplementation during neonatal and pediatric extracorporeal membrane oxygenation.,"BACKGROUND: Bleeding and thrombosis are common extracorporeal membrane oxygenation (ECMO) complications associated with increased mortality. Heparin is the most commonly used ECMO anticoagulant, employed in 94% of cases. Reduced antithrombin III (AT3) levels could decrease heparin effectiveness. Neonates have inherently lower levels of AT3 than adults, and pediatric patients on ECMO can develop AT3 deficiency. One potential approach for patients on ECMO with AT3 deficiency is exogenous AT3 supplementation. However, there is conflicting data concerning the use of AT3 for pediatric and neonatal patients on ECMO.
METHODS: We analyzed the Bleeding and Thrombosis during ECMO database of 514 neonatal and pediatric patients on ECMO. We constructed daily regression models to determine the association between AT3 supplementation and rates of bleeding and thrombosis. Given the physiological differences between pediatric patients and neonates, we constructed separate models for each.
RESULTS: AT3 administration was associated with increased rates of daily bleeding among pediatric (adjusted odds ratio [aOR] 1.59, p < 0.01) and neonatal (aOR 1.37, p = 0.04) patients. AT3 supplementation did not reduce the rate of thrombosis for either pediatric or neonatal patients.
CONCLUSION: AT3 administration was associated with increased rates of daily bleeding, a hypothesized potential complication of AT3 supplementation. In addition, AT3 supplementation did not result in lower rates of thrombosis. We recommend clinicians utilize caution when considering supplementing patients on ECMO with exogenous AT3.",pubmed,abstract,수술 또는 침습적 시술을 받는 성인,수술 전 식이보충제 또는 허브 보충제 노출,"비노출, 중단, 또는 통상 수술주위 관리","출혈, 수혈, 마취 상호작용, 수술주위 합병증","무작위시험, 코호트, 환자-대조군, 단면연구, 증례군, 체계적 고찰"
v3ref-0256,pubmed:38057000,HRS4_LIVER_DISEASE,Association between potential supplement-drug interactions and liver diseases in patients with cancer: A large prospective cohort study.,"BACKGROUND & AIMS: The concurrent use of herbal and dietary supplements and conventional drugs can lead to interactions in patients with cancer, of which hepatotoxicity is one of the most concerning sequelae. This study examined the potential supplement-drug interactions involving the hepatic system, and their associations with documented liver diseases, among patients with cancer in a large population-based cohort in the UK Biobank.
METHODS: Participants diagnosed with cancer and had completed supplement-use assessment after diagnosis were included. Potentially interacting supplement-drug combinations that involved CYP enzymes or increased the risk of hepatotoxicity were identified from four tertiary databases. Liver diseases were identified using ICD-codes K70-77. Log-binomial regression was used to investigate the associations between potentially-interacting supplement-drug combinations and liver diseases documented (1) at any time, and (2) confined to only after the time of supplement-use assessment, adjusting for age, sex and pre-existing comorbidities.
RESULTS: This analysis included 30,239 participants (mean age = 60.0 years; 61.9% female). Over half (n = 17,698, 58.5%) reported the use of supplements after cancer diagnoses. Among supplements users, 36.9% (n = 6537/17,698) were on supplement-drug combinations with interacting potential involving the hepatic system. Patients taking supplements and drugs who had hepatic comorbidities were more likely to take potentially interacting pairs (adjusted risk ratio = 1.14, 95% CI = 1.06-1.23, p < 0.001). However, no significant association was observed between the use of these combinations and subsequent liver diseases (all p > 0.05).
CONCLUSION: Approximately one-third of the participants who had cancer and were supplement users had a risk of potential supplement-drug interactions that contribute to adverse liver effect. Healthcare professionals should communicate with patients with cancer, especially those with pre-existing liver diseases, about supplement use and proactively assess the clinical significance of potential interactions.",pubmed,abstract,기존 간질환이 있는 성인 또는 소아 환자,식이보충제 또는 허브 보충제 노출,비노출 또는 통상 관리,"약인성 간손상, 간기능 악화, 간부전, 입원","코호트, 환자-대조군, 약물감시 연구, 증례군, 체계적 고찰"
v3ref-0257,pubmed:16168817,HRS5_ANTICOAGULATION,Ginseng and other herbal medicines that interact with warfarin.,,pubmed,title_only,"비타민 K 길항제, 직접경구항응고제 또는 헤파린을 사용하는 환자",식이보충제 또는 허브 보충제 병용,보충제 비병용 또는 기준 기간,"주요·경미 출혈, 혈전색전증, 응고검사 변화, 약물 상호작용","무작위시험, 코호트, 환자-대조군, 자기대조 연구, 증례군, 체계적 고찰"
v3ref-0258,pubmed:40762759,HRS4_LIVER_DISEASE,Branched-Chain Amino Acid Supplementation and Clinical Outcomes in Liver Cirrhosis: A Propensity Score-Matched Multicenter Retrospective Cohort Study.,"PURPOSE: Branched-Chain Amino Acid (BCAA) supplementation has shown benefits in reducing liver cirrhosis complications, improving survival, and potentially lowering hepatocellular carcinoma risk, but evidence on long-term outcomes remains limited. This real-world study evaluates clinical outcomes of liver cirrhosis patients receiving BCAA supplementation.
METHODS: This retrospective cohort study used the TriNetX US Collaborative Network to identify liver cirrhosis patients aged ≥ 18 years, stratified by BCAA supplementation after diagnosis. Propensity score matching (PSM) balanced cohorts by demographics, body mass index, Model for End-Stage Liver Disease (MELD) score components, and baseline history of cirrhosis complications, including hepatic encephalopathy (HE), sarcopenia, spontaneous bacterial peritonitis (SBP), acute kidney injury (AKI), and falls. Composite and individual outcomes within 5 years were assessed using odds ratios (OR) with 95% confidence intervals (CI).
RESULTS: Among 2,176 matched patients per group, BCAA supplementation was associated with lower rates of the composite outcome (OR 0.81, 95% CI: 0.71-0.92), HE (OR 0.63, 95% CI: 0.49-0.79), SBP (OR 0.77, 95% CI: 0.60-0.99), falls (OR 0.64, 95% CI: 0.53-0.78), all-cause emergency room visits (OR 0.56, 95% CI: 0.50-0.64), and hospitalizations (OR 0.68, 95% CI: 0.60-0.76). Liver transplantation occurred more frequently in the BCAA group (OR 1.49, 95% CI: 1.08-2.06). Sarcopenia rates were similar (OR 1.00, 95% CI: 0.42-2.41), while AKI was slightly more frequent (OR 1.13, 95% CI: 1.00-1.28). Subgroup analysis showed greater benefit in viral hepatitis-associated (OR 0.69, 95% CI: 0.53-0.90) and alcohol-associated cirrhosis (OR 0.73, 95% CI: 0.60-0.89), compared to MASLD (OR 0.81, 95% CI: 0.60-1.08).
CONCLUSION: BCAA supplementation was associated with significant reductions in several cirrhosis-related complications, with most benefits observed in viral hepatitis-associated and alcohol-associated cirrhosis.",pubmed,abstract,기존 간질환이 있는 성인 또는 소아 환자,식이보충제 또는 허브 보충제 노출,비노출 또는 통상 관리,"약인성 간손상, 간기능 악화, 간부전, 입원","코호트, 환자-대조군, 약물감시 연구, 증례군, 체계적 고찰"
v3ref-0259,pubmed:31509674,HRS3_PREGNANCY,A Randomized Trial of Prenatal n-3 Fatty Acid Supplementation and Preterm Delivery.,"BACKGROUND: Previous studies have suggested that maternal supplementation with n-3 long-chain polyunsaturated fatty acids may reduce the incidence of preterm delivery but may also prolong gestation beyond term; however, more data are needed regarding the role of n-3 long-chain polyunsaturated fatty acids in pregnancy.
METHODS: We performed a multicenter, double-blind, randomized trial in which women who were pregnant with single or multiple fetuses were assigned to receive either fish-oil capsules that contained 900 mg of n-3 long-chain polyunsaturated fatty acids (n-3 group) or vegetable-oil capsules that contained trace n-3 long-chain polyunsaturated fatty acids (control group) daily, beginning before 20 weeks of gestation and continuing to 34 weeks of gestation or delivery, whichever occurred first. The primary outcome was early preterm delivery, defined as delivery before 34 completed weeks of gestation. Other pregnancy and neonatal outcomes were also assessed.
RESULTS: A total of 5544 pregnancies in 5517 women were randomly assigned at six centers in Australia; 5486 pregnancies were included in the primary analysis. Early preterm delivery occurred in the case of 61 of 2734 pregnancies (2.2%) in the n-3 group and 55 of 2752 pregnancies (2.0%) in the control group; the between-group difference was not significant (adjusted relative risk, 1.13; 95% confidence interval [CI], 0.79 to 1.63; P = 0.50). There were no significant differences between the groups in the incidence of interventions in post-term (>41 weeks of gestation) deliveries, in adverse events, or in other pregnancy or neonatal outcomes, except that a higher percentage of infants born to women in the n-3 group than in the control group were very large for gestational age at birth (adjusted relative risk, 1.30; 95% CI, 1.02 to 1.65). Percentages of serious adverse events did not differ between the groups. Minor gastrointestinal disturbances were more commonly reported in the n-3 group than in the control group.
CONCLUSIONS: Supplementation with n-3 long-chain polyunsaturated fatty acids from early pregnancy (<20 weeks of gestation) until 34 weeks of gestation did not result in a lower incidence of early preterm delivery or a higher incidence of interventions in post-term deliveries than control. (Funded by the Australian National Health and Medical Research Council and the Thyne Reid Foundation; ORIP Australian New Zealand Clinical Trials Registry number, ACTRN12613001142729.).",pubmed,abstract,임신부와 태아 또는 신생아,임신 중 식이보충제 또는 허브 보충제 노출,"비노출, 위약 또는 통상 산전관리","산모 독성, 임신 합병증, 선천성 이상, 태아·신생아 이상반응","무작위시험, 임신 코호트, 환자-대조군, 등록자료 연구, 증례군, 체계적 고찰"
v3ref-0260,pubmed:39861457,HRS4_LIVER_DISEASE,The Improvement Effects of Weizmannia coagulans BC99 on Liver Function and Gut Microbiota of Long-Term Alcohol Drinkers: A Randomized Double-Blind Clinical Trial.,"BACKGROUND/OBJECTIVES: With the improvement of living standards, alcoholic liver disease caused by long-term drinking has been a common multiple disease. Probiotic interventions may help mitigate liver damage caused by alcohol intake, but the mechanisms need more investigation.
METHODS: This study involved 70 long-term alcohol drinkers (18-65 years old, alcohol consumption ≥20 g/day, lasting for more than one year) who were randomly assigned to either the BC99 group or the placebo group. Two groups were given BC99 (3 g/day, 1 × 1010 CFU) or placebo (3 g/day) for 60 days, respectively. Before and after the intervention, blood routine indicators, liver function, renal function, inflammatory factors and intestinal flora were evaluated.
RESULTS: The results showed that intervention with Weizmannia coagulans BC99 reduced the levels of alanine aminotransferase, aspartate aminotransferase, glutamyl transpeptidase, serum total bilirubin, blood urea nitrogen, uric acid and 'blood urea nitrogen/creatinine'. Weizmannia coagulans BC99 also reduced the levels of pro-inflammatory factors TNF-α and IL-6 and increased the levels of anti-inflammatory factor IL-10. The results of intestinal flora analysis showed that Weizmannia coagulans BC99 regulated the imbalance of intestinal flora, increased the beneficial bacteria abundance (Prevotella, Faecalibacterium and Roseburia) and reduced the conditionally pathogenic bacteria abundance (Escherichia-Shigella and Klebsiella). Both LEfSe analysis and random forest analysis indicated that the increase in the abundance of Muribaculaceae induced by BC99 was a key factor in alleviating alcohol-induced liver damage.
CONCLUSIONS: These findings demonstrate that Weizmannia coagulans BC99 has the potential to alleviate alcoholic liver injury and provide an effective strategy for liver protection in long-term drinkers.",pubmed,abstract,기존 간질환이 있는 성인 또는 소아 환자,식이보충제 또는 허브 보충제 노출,비노출 또는 통상 관리,"약인성 간손상, 간기능 악화, 간부전, 입원","코호트, 환자-대조군, 약물감시 연구, 증례군, 체계적 고찰"
v3ref-0261,pubmed:20651752,HRS1_PERIOPERATIVE,Herbal interactions.,,pubmed,title_only,수술 또는 침습적 시술을 받는 성인,수술 전 식이보충제 또는 허브 보충제 노출,"비노출, 중단, 또는 통상 수술주위 관리","출혈, 수혈, 마취 상호작용, 수술주위 합병증","무작위시험, 코호트, 환자-대조군, 단면연구, 증례군, 체계적 고찰"
v3ref-0262,pubmed:36863159,HRS4_LIVER_DISEASE,"Dietary taurine supplementation counteracts deoxynivalenol-induced liver injury via alleviating oxidative stress, mitochondrial dysfunction, apoptosis, and inflammation in piglets.","Deoxynivalenol (DON), as a widespread Fusarium mycotoxin in cereals, food products, and animal feed, is detrimental to both human and animal health. The liver is not only the primary organ responsible for DON metabolism but also the principal organ affected by DON toxicity. Taurine is well known to display various physiological and pharmacological functions due to its antioxidant and anti-inflammatory properties. However, the information regarding taurine supplementation counteracting DON-induced liver injury in piglets is still unclear. In our work, twenty-four weaned piglets were subjected to four groups for a 24-day period, including the BD group (a basal diet), the DON group (3 mg/kg DON-contaminated diet), the DON+LT group (3 mg/kg DON-contaminated diet + 0.3% taurine), and the DON+HT group (3 mg/kg DON-contaminated diet + 0.6% taurine). Our findings indicated that taurine supplementation improved growth performance and alleviated DON-induced liver injury, as evidenced by the reduced pathological and serum biochemical changes (ALT, AST, ALP, and LDH), especially in the group with the 0.3% taurine. Taurine could counteract hepatic oxidative stress in piglets exposed to DON, as it reduced ROS, 8-OHdG, and MDA concentrations and improved the activity of antioxidant enzymes. Concurrently, taurine was observed to upregulate the expression of key factors involved in mitochondrial function and the Nrf2 signaling pathway. Furthermore, taurine treatment effectively attenuated DON-induced hepatocyte apoptosis, as verified through the decreased proportion of TUNEL-positive cells and regulation of the mitochondria-mediated apoptosis pathway. Finally, the administration of taurine was able to reduce liver inflammation due to DON, by inactivating the NF-κB signaling pathway and declining the production of pro-inflammatory cytokines. In summary, our results implied that taurine effectively improved DON-induced liver injury. The underlying mechanism should be that taurine restored mitochondrial normal function and antagonized oxidative stress, thereby reducing apoptosis and inflammatory responses in the liver of weaned piglets.",pubmed,abstract,기존 간질환이 있는 성인 또는 소아 환자,식이보충제 또는 허브 보충제 노출,비노출 또는 통상 관리,"약인성 간손상, 간기능 악화, 간부전, 입원","코호트, 환자-대조군, 약물감시 연구, 증례군, 체계적 고찰"
v3ref-0263,pubmed:24879982,HRS4_LIVER_DISEASE,Hepatotoxicity induced by herbal and dietary supplements.,"Herbals and dietary supplements (HDS) can cause hepatotoxicity. Regulation of HDS varies across the globe. In the United States, it is defined by a law that is now two decades old. More recent regulatory approaches in Europe still do not require testing for premarket safety. The true incidence of hepatotoxicity from HDS is unknown. The presentation is most often with a hepatocellular enzyme pattern, and the outcomes can be severe, leading to transplantation in some circumstances. The diagnosis of hepatotoxicity due to HDS is made in the same way as for drugs. However, patients often must be coaxed into revealing a history of use. No causality assessment approach is perfectly suited for hepatotoxicity from HDS, but the Roussel Uclaf Causality Assessment Method is most used. Future endeavors must focus on defining epidemiology, establishing an accepted nomenclature, and identifying culprit ingredients, predisposing host factors, and useful biomarkers for injury.",pubmed,abstract,기존 간질환이 있는 성인 또는 소아 환자,식이보충제 또는 허브 보충제 노출,비노출 또는 통상 관리,"약인성 간손상, 간기능 악화, 간부전, 입원","코호트, 환자-대조군, 약물감시 연구, 증례군, 체계적 고찰"
v3ref-0264,pubmed:12014355,HRS4_LIVER_DISEASE,"Possible hepatotoxicity from Copaltra, an herbal medicine.",,pubmed,title_only,기존 간질환이 있는 성인 또는 소아 환자,식이보충제 또는 허브 보충제 노출,비노출 또는 통상 관리,"약인성 간손상, 간기능 악화, 간부전, 입원","코호트, 환자-대조군, 약물감시 연구, 증례군, 체계적 고찰"
v3ref-0265,pubmed:10632957,HRS3_PREGNANCY,Marginal biotin deficiency is teratogenic.,"Recent studies of biotin status during pregnancy provide evidence that a marginal degree of biotin develops in a substantial proportion of women during normal pregnancy. Several lines of evidence suggest that, although the degree of biotin deficiency is not severe enough to produce the classic cutaneous and behavioral manifestations of biotin deficiency, the deficiency is severe enough to produce metabolic derangements in women and that characteristic fetal malformations occur at a high rate in some mammals. Moreover, our analysis of data from a published multivitamin supplementation study provide significant albeit indirect evidence that the marginal degree of biotin deficiency that occurs spontaneously in normal human gestation is teratogenic. Investigation of potential mechanisms provides evidence that biotin transport by the human placenta is weak. Further, proliferating cells accumulate biotin at a rate five times faster than quiescent cells; this observation suggests that there is an increased biotin requirement associated with cell proliferation. Perhaps this requirement arises from the need to synthesize additional biotin-dependent holocarboxylases or provide additional biotin as a substrate for biotinylation of cellular histones. Reduced activity of the biotin-dependent enzymes acetyl-CoA carboxylase and propionyl-CoA carboxylase can cause alterations of lipid metabolism and might theoretically lead to alterations of polyunsaturated fatty acid and prostaglandin metabolism that derange normal skeletal development.",pubmed,abstract,임신부와 태아 또는 신생아,임신 중 식이보충제 또는 허브 보충제 노출,"비노출, 위약 또는 통상 산전관리","산모 독성, 임신 합병증, 선천성 이상, 태아·신생아 이상반응","무작위시험, 임신 코호트, 환자-대조군, 등록자료 연구, 증례군, 체계적 고찰"
v3ref-0266,pubmed:32398461,HRS1_PERIOPERATIVE,Cranberry supplementation as a cause of major intraoperative bleeding during vascular surgery due to aspirin-like platelet inhibition.,"We report severe excessive bleeding at initiation of vascular surgery in a 74-year-old woman with thoracoabdominal aortic aneurysm undergoing thoracic endovascular aortic repair. After extensive workup, bleeding cause was determined to be an aspirin-like effect from supplemental cranberry intake. After asking the patient to stop cranberry consumption, the aspirin-like effect ceased, and the patient underwent successful thoracic endovascular aortic repair. Cranberry consumption may create an aspirin-like effect that increases risk of bleeding. Providers should be aware of potential adverse effects of cranberries on platelet function and consider inquiring about supplement use in the perioperative period.",pubmed,abstract,수술 또는 침습적 시술을 받는 성인,수술 전 식이보충제 또는 허브 보충제 노출,"비노출, 중단, 또는 통상 수술주위 관리","출혈, 수혈, 마취 상호작용, 수술주위 합병증","무작위시험, 코호트, 환자-대조군, 단면연구, 증례군, 체계적 고찰"
v3ref-0267,pubmed:9464741,HRS3_PREGNANCY,Alternative therapies for nausea and vomiting of pregnancy.,"OBJECTIVE: To review available evidence about the effectiveness of alternative therapies for nausea and vomiting of pregnancy.
DATA SOURCES: MEDLINE and 13 additional US and international data bases were searched in 1996-1997 for papers that described use of alternative medicine in the treatment of pregnancy and pregnancy complications, specifically those addressing nausea, vomiting, and hyperemesis. Bibliographies of retrieved papers were reviewed to identify additional sources.
METHODS OF STUDY SELECTION: All relevant English language clinical research papers were reviewed. Randomized clinical trials addressing specifically the use of nonpharmaceutical and nondietary interventions were chosen for detailed review.
TABULATION, INTEGRATION, AND RESULTS: Ten randomized trials studying the effects of acupressure, ginger, and pyridoxine on nausea and vomiting of pregnancy were reviewed. Evidence of beneficial effects was found for these three interventions, although the data on acupressure are equivocal. Insufficient evidence was found for the benefits of hypnosis. Other interventions have not been studied.
CONCLUSION: There is a dearth of research to support or to refute the efficacy of a number of common remedies for nausea and vomiting of pregnancy. The best-studied alternative remedy is acupressure, which may afford relief to many women; ginger and vitamin B6 also may be beneficial.",pubmed,abstract,임신부와 태아 또는 신생아,임신 중 식이보충제 또는 허브 보충제 노출,"비노출, 위약 또는 통상 산전관리","산모 독성, 임신 합병증, 선천성 이상, 태아·신생아 이상반응","무작위시험, 임신 코호트, 환자-대조군, 등록자료 연구, 증례군, 체계적 고찰"
v3ref-0268,pubmed:16932221,HRS1_PERIOPERATIVE,"About ""top-10 list of herbal and supplemental medicines used by cosmetic patients: what the plastic surgeon needs to know"".",,pubmed,title_only,수술 또는 침습적 시술을 받는 성인,수술 전 식이보충제 또는 허브 보충제 노출,"비노출, 중단, 또는 통상 수술주위 관리","출혈, 수혈, 마취 상호작용, 수술주위 합병증","무작위시험, 코호트, 환자-대조군, 단면연구, 증례군, 체계적 고찰"
v3ref-0269,pubmed:34378863,HRS2_KIDNEY_DISEASE,"Efficacy of high versus conventional dose of ergocalciferol supplementation on serum 25-hydroxyvitamin D and interleukin-6 levels among hemodialysis patients with vitamin D deficiency: A multicenter, randomized, controlled study.","Long-term dialysis involves a chronic inflammatory state and produces a high prevalence of vitamin D deficiency. A clinical trial was conducted in hemodialysis with serum 25-hydroxyvitamin D (25[OH]D) level <30 ng/ml. The conventional-group (N = 35) and the high-dose group (N = 35) were treated with ergocalciferol according to the K/DOQI guidelines and double dosage of ergocalciferol from the recommendation for 8 weeks, respectively. The main outcomes were measured by serum 25[OH]D and interleukin-6 (IL-6). At the end of 8 weeks, a statistically significant greater increase was observed of mean serum 25[OH]D levels and a decrease of mean parathyroid hormone levels in the high-dose group compared with the conventional-dose group. The high dose group had the higher achievement of vitamin D sufficiency than the conventional-dose group (97.4% vs. 76.4%, p = 0.012). No significant difference was found in mean changes of serum IL-6 level in both groups, except subgroup patients with vitamin D deficiency or serum 25[OH]D <20 ng/ml, high dose treatment suppressed serum IL-6 level (-2.67 pg/ml [IQR -6.56 to -0.17], p = 0.039). No differences were observed between the two groups in adverse events. Oral high-dose ergocalciferol supplementation has achieved higher vitamin D sufficiency than standard dose in end stage renal disease patients on dialysis.",pubmed,abstract,만성콩팥병 또는 투석 환자,"비처방 비타민, 무기질 또는 허브 보충제 노출","비노출, 위약 또는 통상 관리","고칼륨혈증, 고칼슘혈증, 신독성, 심혈관 이상반응","무작위시험, 코호트, 환자-대조군, 약물감시 연구, 증례군, 체계적 고찰"
v3ref-0270,pubmed:20533155,HRS2_KIDNEY_DISEASE,"[Another ""suspect"": homeopathic agent associated with acute interstitial nephritis].","HISTORY AND CLINICAL FINDINGS: A 70-year-old woman was admitted to hospital with fatigue, pallor and shortness of breath on mild exertion. In her past medical history only borderline hypertension and allergy to penicillin were to note.
INVESTIGATIONS: Actual laboratory findings revealed renal failure with metabolic acidosis and hyperkalaemia. A normochrome normocytic anemia and secondary hyperparathyreoidism were suggestive of a subacute course. The renal biopsy showed histological features of a subacute tubulo-interstitial nephritis.
DIAGNOSIS, TREATMENT AND COURSE: The chronic renal failure caused by an interstitial nephritis was treated with corticosteroids and hemodialysis treatment was started. The trigger for AIN could not be found, there was no infectious or systemically disease nor a nephrotoxic medication identified. For nearly six months the patient had taken a homeopathic agent which is a dilution of penicillium chrysogenum. In case of a determined allergy to penicillin, an extract of the fungus producing penicillin could possibly cause an interstitial nephritis. The patient was dialysis-independent with a GFR about 8 - 10 ml/min at the time of discharge.
CONCLUSION: With interstitial nephritis all agents should be considered a potential suspect, even homeopathic agents.",pubmed,abstract,만성콩팥병 또는 투석 환자,"비처방 비타민, 무기질 또는 허브 보충제 노출","비노출, 위약 또는 통상 관리","고칼륨혈증, 고칼슘혈증, 신독성, 심혈관 이상반응","무작위시험, 코호트, 환자-대조군, 약물감시 연구, 증례군, 체계적 고찰"
v3ref-0271,pubmed:35300564,HRS3_PREGNANCY,"Safety and tolerance of Lacticaseibacillus paracasei N1115 in caesarean-born young children: a randomised, placebo-controlled trial.","The administration of probiotics may help to improve dysbiosis and related health problems in children delivered by caesarean section. However, the effects are strain specific, and safety combined tolerance are considered a priority. The aim of this study was to evaluate the safety and tolerance of Lacticaseibacillus paracasei N1115 in caesarean-born children aged 6-24 months via a randomised, placebo-controlled intervention study. In total, 101 children were included and randomised to receive either a sachet of L. paracasei N1115 (2×1010 cfu/g, 2 g/day) or placebo (maltodextrin, 2 g/day) per day for 12 weeks. Anthropometric parameters were measured by trained nurses, and defecation characteristics, gastrointestinal symptoms, (serious) adverse events ((s)AEs), crying patterns and lifestyle behaviours were recorded by parents or guardians. Neurocognitive development was assessed by the Ages and Stages Questionnaires-3 (ASQ-3) before and after the intervention. The only difference between groups regarding defecation characteristics was a significant treatment × time effect on stool frequency (P=0.007), as the number of defecations was significantly higher in the probiotic group (around 1.2-1.3 times/day) than in the placebo group (around 1.0 times/day) in the later intervention period (P=0.035 at week 9; P=0.048 at week 10; P=0.026 at week 12). The use of L. paracasei N1115 also reduced the incidence rate of constipation (Incidence rate ratio (IRR): 0.120; 95% confidence interval (CI): 0.015, 0.967; P=0.046) and abdominal pain (IRR: 0.562; 95% CI: 0.358, 0.882; P=0.012). Changes in anthropometric parameters, including weight, height and head circumference, did not differ significantly between groups, nor did measures of crying, sleep, outdoor activity, temper, appetite or the ASQ-3 scores. No adverse events associated with consumption of the probiotic were reported. Thus, the administration of L. paracasei N1115 is safe and well-tolerated in caesarean-born children aged 6-24 months. Furthermore, it may ameliorate gastrointestinal function to some extent.",pubmed,abstract,임신부와 태아 또는 신생아,임신 중 식이보충제 또는 허브 보충제 노출,"비노출, 위약 또는 통상 산전관리","산모 독성, 임신 합병증, 선천성 이상, 태아·신생아 이상반응","무작위시험, 임신 코호트, 환자-대조군, 등록자료 연구, 증례군, 체계적 고찰"
v3ref-0272,pubmed:16553520,HRS5_ANTICOAGULATION,Warfarin and royal jelly interaction.,"An 87-year-old African-American man came to the internal medicine clinic for a routine anticoagulation management visit. He had no complaints. His medical history was significant for stage IV-A follicular non-Hodgkin's lymphoma, atrial fibrillation, and hypertension. His long-term drug therapy consisted of warfarin, felodopine, lisinopril-hydrochlorothiazide, controlled-release diltiazem, potassium chloride, and oxycodone. He reported adherence with his prescribed drugs and denied taking any over-the-counter or herbal products. Overall, the patient's drug therapy had been consistent during the preceding 3 months, no significant changes had occurred in his clinical status, and no significant changes had been noted in his diet; his international normalized ratio (INR) had ranged from 1.9-2.4 (therapeutic range 2-3). He denied tobacco use, alcohol consumption, and recent travel. Four weeks later, the patient came to the emergency department with hematuria. He denied dysuria, taking more than the prescribed amount of warfarin, any changes in his diet, taking any over-the-counter or herbal products, and any other bleeding. On admission to the hospital, his INR was 6.88, which increased to 7.29 during his hospital stay. On further investigation, the patient admitted that he had started taking an herbal supplement, royal jelly, 1 week earlier. When asked specifically about the ingredients in the supplement, he stated that royal jelly was the only component. Relative to the patient's denial of any other changes in his condition or drug regimen, the most probable explanation for his elevated INR and subsequent bleeding is a possible interaction between royal jelly and warfarin. To our knowledge, no case reports concerning royal jelly and warfarin taken concomitantly have been reported. Clinicians should be proactive and repeatedly provide education regarding the potential dangers of dietary supplements taken with conventional drugs.",pubmed,abstract,"비타민 K 길항제, 직접경구항응고제 또는 헤파린을 사용하는 환자",식이보충제 또는 허브 보충제 병용,보충제 비병용 또는 기준 기간,"주요·경미 출혈, 혈전색전증, 응고검사 변화, 약물 상호작용","무작위시험, 코호트, 환자-대조군, 자기대조 연구, 증례군, 체계적 고찰"
v3ref-0273,pubmed:39931805,HRS1_PERIOPERATIVE,Preoperative Iron Supplementation Mitigates the Risk of Postoperative Complications Associated With Iron Deficiency Anemia Following Lumbar Spinal Fusion.,"STUDY DESIGN: Retrospective cohort study.
OBJECTIVE: Evaluate postoperative outcomes in lumbar fusion patients with preoperative iron deficiency anemia (IDA) on iron supplementation.
BACKGROUND: IDA has been associated with impaired cognition, compromised immune response, and increased risk of morbidity and mortality after surgery. However, little is known about the relationship between IDA and postoperative complications among patients undergoing lumbar fusion, as well as about the impact of preoperative iron supplementation on these outcomes.
METHODS: A national all-payer claims database was queried for adult patients who underwent lumbar spinal fusion between 2010 and 2022. Patients were initially stratified by a preoperative diagnosis of IDA and matched 1:1 based on age, sex, and medical comorbidities. IDA patients were further stratified by preoperative iron supplementation use and similarly matched. Postoperative complications and hospital costs were compared using χ 2 , t test, and multivariate logistic regressions.
RESULTS: The matched cohorts consisted of 27,669 patients, with a mean age of 59 years and 89% female sex. IDA patients had higher rates of pulmonary embolism, acute kidney infection, deep venous thromboembolism, surgical site infection, urinary tract infection, blood transfusion, 90-day readmission rates, and hospital length of stay (all P <0.001). IDA patients on preoperative iron supplementation had lower rates of acute kidney injury, hematoma, pulmonary embolism, surgical site infection, urinary tract infection, stroke, 90-day readmission rates, and 90-day total hospital costs (all P <0.001). Non-IDA patients on preoperative iron supplementation similarly had lower rates of many of these complications as well.
CONCLUSION: IDA was associated with an increased risk of 90-day postoperative medical complications and hospital resource utilization. However, preoperative oral iron supplementation mitigated these risks. Further research is critical to understand how preoperative or perioperative iron supplementation can be used to optimize patients' hematologic status before lumbar fusion to maximize clinical outcomes.
LEVEL OF EVIDENCE: Level IV.",pubmed,abstract,수술 또는 침습적 시술을 받는 성인,수술 전 식이보충제 또는 허브 보충제 노출,"비노출, 중단, 또는 통상 수술주위 관리","출혈, 수혈, 마취 상호작용, 수술주위 합병증","무작위시험, 코호트, 환자-대조군, 단면연구, 증례군, 체계적 고찰"
v3ref-0274,pubmed:18367983,HRS5_ANTICOAGULATION,Herbal supplements and therapeutic drug monitoring: focus on digoxin immunoassays and interactions with St. John's wort.,"Herbal supplements can affect concentrations of therapeutic drugs measured in biological fluids by different mechanisms. Herbal products can either directly interfere with the methodology used in the measurement of drugs or indirectly interfere by altering the pharmacokinetics of coadministered drugs. The active components of Chan Su, Lu-Shen-Wan, Dan Shen, Asian and Siberian ginseng, oleander containing supplements, and Ashwagandha interfere with digoxin measurements by immunoassays, especially the polyclonal antibody-based immunoassays. Herbal supplements are sometimes contaminated with Western drugs causing drug toxicity. A therapeutic drug monitoring (TDM) service is very helpful for diagnosis of drug toxicity in such patients. Herbal products such as St. John's wort, a popular herbal antidepressant, increase the clearance of certain drugs either by increasing the activity of liver or intestinal cytochrome P-450 mixed-function oxidase or through modulation of the P-glycoprotein efflux pump. Significantly reduced concentrations of various therapeutic drugs such as digoxin, theophylline, cyclosporine, tacrolimus, tricyclic antidepressants, warfarin, and protease inhibitors can be observed due to interaction of these drugs with St. John's wort, causing treatment failure. On the other hand, a few drugs such as carbamazepine, mycophenolic acid, and procainamide do not show any interaction with St. John's wort. Understanding the effect of herbal products on TDM methodologies and identification of interactions between herbal products and drugs by TDM are very important clinically.",pubmed,abstract,"비타민 K 길항제, 직접경구항응고제 또는 헤파린을 사용하는 환자",식이보충제 또는 허브 보충제 병용,보충제 비병용 또는 기준 기간,"주요·경미 출혈, 혈전색전증, 응고검사 변화, 약물 상호작용","무작위시험, 코호트, 환자-대조군, 자기대조 연구, 증례군, 체계적 고찰"
v3ref-0275,pubmed:16625530,HRS3_PREGNANCY,Pyridoxine (vitamin B6) supplementation in pregnancy.,"BACKGROUND: Vitamin B6 plays vital roles in numerous metabolic processes in the human body, such as nervous system development and functioning. It has been associated with some benefits in non-randomised studies, such as higher Apgar scores, higher birthweights, and reduced incidence of pre-eclampsia and preterm birth. Recent studies also suggest a protection against certain congenital malformations.
OBJECTIVES: To evaluate the clinical effects of vitamin B6 supplementation during pregnancy and/or labour.
SEARCH STRATEGY: We searched the Cochrane Pregnancy and Childbirth Group Trials Register (30 December 2005).
SELECTION CRITERIA: We included randomised controlled trials comparing vitamin B6 administration in pregnancy and/or labour with: placebos, no supplementations, or supplements not containing vitamin B6.
DATA COLLECTION AND ANALYSIS: Two authors independently extracted data and assessed trials for methodological quality. We used relative risk and weighted mean difference with 95% confidence intervals.
MAIN RESULTS: Five trials (1646 women) were included. Four trials used blinding. One had adequate method of randomisation and allocation concealment; four did not report this. Three trials had large losses to follow up. Vitamin B6 as oral capsules or lozenges resulted in decreased risk of dental decay in pregnant women (capsules: relative risk (RR) 0.84; 95% confidence interval (CI) 0.71 to 0.98; one trial, n = 371; lozenges: RR 0.68; 95% CI 0.56 to 0.83; one trial, n = 342). A small trial showed reduced mean birthweights with vitamin B6 supplementation (weighted mean difference -0.23 kg; 95% CI -0.42 to -0.04; n = 33; one trial). We did not find any statistically significant differences in the risk of eclampsia (capsules: n = 1242; three trials; lozenges: n = 944; one trial), pre-eclampsia (capsules n = 1197; two trials; lozenges: n = 944; one trial) or low Apgar scores at one minute (oral pyridoxine: n = 45; one trial), between supplemented and non-supplemented groups. No differences were found in Apgar scores at one or five minutes, or breastmilk production between controls and women receiving oral (n = 24; one trial) or intramuscular (n = 24; one trial) loading doses of pyridoxine at labour.
AUTHORS' CONCLUSIONS: There were few trials, reporting few clinical outcomes and mostly with unclear trial methodology and inadequate follow up. There is not enough evidence to detect clinical benefits of vitamin B6 supplementation in pregnancy and/or labour other than one trial suggesting protection against dental decay. Future trials assessing this and other outcomes such as orofacial clefts, cardiovascular malformations, neurological development, preterm birth, pre-eclampsia and adverse events are required.",pubmed,abstract,임신부와 태아 또는 신생아,임신 중 식이보충제 또는 허브 보충제 노출,"비노출, 위약 또는 통상 산전관리","산모 독성, 임신 합병증, 선천성 이상, 태아·신생아 이상반응","무작위시험, 임신 코호트, 환자-대조군, 등록자료 연구, 증례군, 체계적 고찰"
v3ref-0276,pubmed:29808546,HRS4_LIVER_DISEASE,Chronic liver injury induced by drugs and toxins.,"Drug-induced liver injury (DILI) occurs in a small fraction of individuals exposed to drugs, herbs or dietary supplements and is a relatively rare diagnosis compared with other liver disorders. DILI can be serious, resulting in hospitalization and even life-threatening liver failure, death or need for liver transplantation. Toxic liver damage usually presents as an acute hepatitis viral-like syndrome or as an acute cholestasis that resolves upon drug discontinuation. However, un-resolving chronic outcome after acute DILI can ensue in some subjects, the mechanisms and risk factors for this particular evolution being yet scarcely known. Furthermore, the definition of chronicity after acute DILI is controversial, regarding both the time frame of liver injury persistence and the magnitude of the abnormalities required. Besides this, in some instances the phenotypes and pathological manifestations are those of chronic liver disease at the time of DILI diagnosis. These include non-alcoholic fatty liver disease, vascular lesions, drug-induced autoimmune hepatitis, chronic cholestasis leading to vanishing bile duct syndrome and even cirrhosis, and some drugs such as amiodarone or methotrexate have been frequently implicated in some of these forms of chronic DILI. In addition, all of these DILI phenotypes can be indistinguishable from those related to other etiologies, making the diagnosis particularly challenging. In this manuscript we have critically reviewed the more recent data on chronicity in DILI with a particular focus on the epidemiology, mechanisms and risk factors of atypical chronic DILI phenotypes.",pubmed,abstract,기존 간질환이 있는 성인 또는 소아 환자,식이보충제 또는 허브 보충제 노출,비노출 또는 통상 관리,"약인성 간손상, 간기능 악화, 간부전, 입원","코호트, 환자-대조군, 약물감시 연구, 증례군, 체계적 고찰"
v3ref-0277,pubmed:33811784,HRS3_PREGNANCY,Comparative effectiveness of probiotic strains on the prevention of pediatric atopic dermatitis: A systematic review and network meta-analysis.,"BACKGROUND: Atopic dermatitis is the most common chronic skin disease affecting the pediatric population. Probiotics have been proposed to be effective in preventing the development of pediatric atopic dermatitis. Although studies show promise for the use of probiotics, the evidence is still inconclusive due to significant heterogeneity and imprecision.
OBJECTIVE: To determine the comparative effectiveness of the different types of probiotic strains in preventing the development of atopic dermatitis among pediatric patients.
METHODOLOGY: A systematic search of Cochrane Library, MEDLINE, TRIP Database, and Centre for Research and Dissemination was conducted. Manual search of the reference lists and search for unpublished articles were also done. All randomized controlled trials available from inception until April 12, 2020, on the use of probiotics in the prevention of atopic dermatitis among children were included. The comparator groups considered are other probiotic strains and placebo. The primary outcome of interest was the development of atopic dermatitis. Two authors independently searched for articles, screened the articles for inclusion, appraised the articles using the Cochrane risk of bias tool version 2, and extracted the data. In case of disagreement, the two authors discussed the source of disagreement until consensus was reached. If consensus was not reached, an independent third party reviewer was consulted. Frequentist network meta-analysis was conducted using STATA 14 software. The ranking probabilities and surface under the cumulative ranking curve (SUCRA) values were obtained to determine ranking of the different probiotic strains based on efficacy and safety data.
RESULTS: We included 21 original studies represented by 35 records and a total of 5406 children with atopic dermatitis as diagnosed by clinicians or fulfillment of validated diagnostic criteria. All studies were randomized placebo-controlled trials. The top 3 probiotic preparations in terms of efficacy in reducing the risk of atopic dermatitis are Mix8 (Lactobacillus paracasei ST11, Bifidobacterium longum BL999), LP (Lactobacillus paracasei ssp paracasei F19) and Mix3 (Lactobacillus rhamnosus GG, Bifidobacterium animalis ssp lactis Bb-12). Mix8 compared with placebo probably reduces the risk of atopic dermatitis based on low-quality evidence (RR = 0.46, 95% CI 0.25-0.85). Mix3 compared with placebo also probably reduces the risk of atopic dermatitis based on low-quality evidence (RR = 0.50, 95% CI 0.27-0.94). It is uncertain whether LP compared with placebo reduces the risk of atopic dermatitis due to very-low-quality certainty of evidence (RR = 0.49, 95% CI 0.20-1.19). In terms of adverse events, LGG may slightly lead to less adverse events compared with placebo based on low-quality evidence (RR = 0.70, 95% CI 0.32-1.52). Mix4 may slightly lead to more adverse events compared with placebo based on low-quality evidence (RR = 1.06, 95% CI 0.02-51.88). Based on subgroup analysis of studies involving infants, Mix3 compared with placebo probably reduces the risk of atopic dermatitis based on low-quality evidence (RR = 0.46, 95% CI 0.22-0.97). In the subgroup analysis of studies where probiotics were administered to pregnant women and to infants, LRH compared with placebo probably reduces the risk of atopic dermatitis based on moderate-quality evidence (RR = 0.54, 95% CI 0.26-1.11).
CONCLUSION: Certain probiotic preparations demonstrate efficacy in reducing the risk of developing atopic dermatitis when administered to pregnant women, infants, or both.",pubmed,abstract,임신부와 태아 또는 신생아,임신 중 식이보충제 또는 허브 보충제 노출,"비노출, 위약 또는 통상 산전관리","산모 독성, 임신 합병증, 선천성 이상, 태아·신생아 이상반응","무작위시험, 임신 코호트, 환자-대조군, 등록자료 연구, 증례군, 체계적 고찰"
v3ref-0278,pubmed:27211322,HRS3_PREGNANCY,Impact of homeopathic remedies on the expression of lineage differentiation genes: an in vitro approach using embryonic stem cells.,"BACKGROUND: Well-documented studies of the potential effects and safety of homeopathic medicines in pregnancy are required. In this study, specific genes were studied which could serve as biomarkers for specification of three lineages to predict the safety of homeopathic remedies using mouse embryonic stem (ES) cells. Thus, the present work was to study the effects of homeopathic remedies taken during pregnancy using ES cells as the model.
METHODS: Mouse ES cells were exposed to 30C potency of Nux Vomica and Sepia, which are homeopathic medicines prescribed for the management of pregnancy related symptoms. Cytotoxicity studies were done using a modified Embryonic Stem cell test (EST). The expression levels of key genes and proteins were analyzed using real time polymerase chain reaction and immunocytochemistry, respectively.
RESULTS: Homeopathic treatment led to modulations in the expression of certain lineage specific genes but this difference was not significant with respect to solvent control and showed normal differentiation as demonstrated by the expression of α/β MHC and α-actinin proteins in the differentiated ES cells.
CONCLUSIONS: Our study for the first time has shown the feasibility of using ES cells in the developmental toxicity testing of remedies. The results suggest that they are not associated with developmental toxicity.",pubmed,abstract,임신부와 태아 또는 신생아,임신 중 식이보충제 또는 허브 보충제 노출,"비노출, 위약 또는 통상 산전관리","산모 독성, 임신 합병증, 선천성 이상, 태아·신생아 이상반응","무작위시험, 임신 코호트, 환자-대조군, 등록자료 연구, 증례군, 체계적 고찰"
v3ref-0279,pubmed:13053202,HRS3_PREGNANCY,"Influence of dietary supplements on hemoglobin, erythrocytes, and the outcome of pregnancy in anemic women.",,pubmed,title_only,임신부와 태아 또는 신생아,임신 중 식이보충제 또는 허브 보충제 노출,"비노출, 위약 또는 통상 산전관리","산모 독성, 임신 합병증, 선천성 이상, 태아·신생아 이상반응","무작위시험, 임신 코호트, 환자-대조군, 등록자료 연구, 증례군, 체계적 고찰"
v3ref-0280,pubmed:15999084,HRS5_ANTICOAGULATION,NCCAM herbal supplement studies underway in the United States.,,pubmed,title_only,"비타민 K 길항제, 직접경구항응고제 또는 헤파린을 사용하는 환자",식이보충제 또는 허브 보충제 병용,보충제 비병용 또는 기준 기간,"주요·경미 출혈, 혈전색전증, 응고검사 변화, 약물 상호작용","무작위시험, 코호트, 환자-대조군, 자기대조 연구, 증례군, 체계적 고찰"
v3ref-0281,pubmed:23963976,HRS5_ANTICOAGULATION,Antithrombotic activities of oroxylin A in vitro and in vivo.,"Here, the anticoagulant activities of oroxylin A (OroA), a major component of Scutellaria baicalensis Georgi, were examined by monitoring activated partial thromboplastin time (aPTT), prothrombin time (PT), and the activities of cell-based thrombin and activated factor X (FXa). Furthermore, the effects of OroA on the expressions of plasminogen activator inhibitor type 1 (PAI-1) and tissue-type plasminogen activator (t-PA) were tested in tumor necrosis factor (TNF)-α activated human umbilical vein endothelial cells (HUVECs). Treatment with OroA resulted in prolonged aPTT and PT and inhibition of the activities of thrombin and FXa, and OroA inhibited production of thrombin and FXa in HUVECs. And OroA inhibited thrombin-catalyzed fibrin polymerization and platelet aggregation. In accordance with these anticoagulant activities, OroA elicited anticoagulant effects in mouse. In addition, treatment of OroA resulted in the inhibition of TNF-α-induced production of PAI-1, and treatment with OroA resulted in the significant reduction of the PAI-1 to t-PA ratio. Collectively, OroA possess antithrombotic activities and offer bases for development of a novel anticoagulant.",pubmed,abstract,"비타민 K 길항제, 직접경구항응고제 또는 헤파린을 사용하는 환자",식이보충제 또는 허브 보충제 병용,보충제 비병용 또는 기준 기간,"주요·경미 출혈, 혈전색전증, 응고검사 변화, 약물 상호작용","무작위시험, 코호트, 환자-대조군, 자기대조 연구, 증례군, 체계적 고찰"
v3ref-0282,pubmed:30888761,HRS4_LIVER_DISEASE,Etanercept-induced granulomatous hepatitis as a rare cause of abnormal liver tests.,"The authors report the case of a 76 year-old man with rheumatoid arthritis treated with prednisolone and etanercept. The patient was seen for persistent changes in liver tests lasting for six months, with a mixed pattern. The patient denied intake of new drugs or dietary/herbal supplements. Imaging studies showed mild steatosis. Additional study for chronic liver diseases only revealed positivity for anti-nuclear antibodies. Liver biopsy revealed noncaseating granulomas in some portal tracts. Consequent etiologic study for granulomatous diseases showed negative or normal results. So it was decided to suspend etanercept, with a subsequent gradual improvement on analytical parameters that normalized three months later. To date, only one case of granulomatous liver disease associated with an anti-TNF agent was described in the literature. This case also raises the question whether the development of granulomatous processes associated with anti-TNF agents has been underdiagnosed due to the presence of other concomitant immunosuppressant therapies.",pubmed,abstract,기존 간질환이 있는 성인 또는 소아 환자,식이보충제 또는 허브 보충제 노출,비노출 또는 통상 관리,"약인성 간손상, 간기능 악화, 간부전, 입원","코호트, 환자-대조군, 약물감시 연구, 증례군, 체계적 고찰"
v3ref-0283,pubmed:9544922,HRS3_PREGNANCY,Profound neonatal congestive heart failure caused by maternal consumption of blue cohosh herbal medication.,"A newborn infant whose mother ingested an herbal medication, blue cohosh, to promote uterine contractions presented with acute myocardial infarction associated with profound congestive heart failure and shock. The infant remained critically ill for several weeks, although he eventually recovered. Other causes of myocardial infarction were carefully excluded. Blue cohosh, Caulophyllum thalictroides, contains vasoactive glycosides and an alkaloid known to produce toxic effects on the myocardium of laboratory animals. We believe this represents the first described case of deleterious human fetal effects from maternal consumption of blue cohosh.",pubmed,abstract,임신부와 태아 또는 신생아,임신 중 식이보충제 또는 허브 보충제 노출,"비노출, 위약 또는 통상 산전관리","산모 독성, 임신 합병증, 선천성 이상, 태아·신생아 이상반응","무작위시험, 임신 코호트, 환자-대조군, 등록자료 연구, 증례군, 체계적 고찰"
v3ref-0284,pubmed:31829927,HRS2_KIDNEY_DISEASE,Nontraditional (non-Western pharmaceutical) treatments for chronic kidney disease.,"Nontraditional, non-Western medicines, often called complementary and alternative medicines (CAM), for chronic kidney disease (CKD) patients are, potentially, a huge low-cost therapy resource for poorer populations in the world. Use of CAM, particularly from plant sources, is common in poorer communities, but the scientific basis for their use is still under-researched and under-published. This review presents information on the treatment of kidney disease with CAM, particularly CKD and its closely associated cardiovascular disease (CVD), which might benefit vulnerable populations. The challenges of developing CAM therapies for resource-limited environments are also discussed, particularly with reference to targeting oxidative stress, a known cause of progressive diseases such as CKD and CVD. Oxidative stress is a mechanism often targeted by CAM, with good scientific basis. Dietary supplementation with antioxidants is one approach to reducing CKD incidence or morbidity. Antioxidant supplementation in populations with sufficient dietary antioxidant intake often report little benefit. In comparison, poorer populations that may have restricted nutritional dietary antioxidant intake may benefit from supplementation with antioxidants. Also needing consideration are the recorded instances of nephrotoxicity from CAM therapies, particularly related to nephrotoxic plant extracts, extract-drug reactions, and toxicity from contaminants within the extracts. As long as the possible toxicity of plant-derived CAM is considered, we argue that populations having marked deficiency in, or poor access to, dietary antioxidants, or high exposure to environmental oxidants, may benefit from these nontraditional medicines.",pubmed,abstract,만성콩팥병 또는 투석 환자,"비처방 비타민, 무기질 또는 허브 보충제 노출","비노출, 위약 또는 통상 관리","고칼륨혈증, 고칼슘혈증, 신독성, 심혈관 이상반응","무작위시험, 코호트, 환자-대조군, 약물감시 연구, 증례군, 체계적 고찰"
v3ref-0285,pubmed:20733548,HRS5_ANTICOAGULATION,Dietary supplements and oral anticoagulants.,,pubmed,title_only,"비타민 K 길항제, 직접경구항응고제 또는 헤파린을 사용하는 환자",식이보충제 또는 허브 보충제 병용,보충제 비병용 또는 기준 기간,"주요·경미 출혈, 혈전색전증, 응고검사 변화, 약물 상호작용","무작위시험, 코호트, 환자-대조군, 자기대조 연구, 증례군, 체계적 고찰"
v3ref-0286,pubmed:25500423,HRS4_LIVER_DISEASE,Herbal products and the liver: a review of adverse effects and mechanisms.,"Herbal products have been used for centuries among indigenous people to treat symptoms and illnesses. Recently, their use in Western countries has grown significantly, rivaling that of prescription medications. Currently, herbal products are used mainly for weight loss and bodybuilding purposes but also to improve well-being and symptoms of chronic diseases. Many people believe that because they are natural, they must be effective and safe; however, these beliefs are erroneous. Few herbal products have been studied in well-designed controlled trials of patients with liver or other diseases, despite testimony to the contrary. Moreover, current highly effective antiviral drugs make efforts to treat hepatitis C with herbal products redundant. Herbal products are no safer than conventional drugs and have caused liver injury severe enough to require transplantation or cause death. Furthermore, their efficacy, safety, and claims are not assessed by regulatory agencies, and there is uncertainty about their reported and unreported contents. We review the history of commonly used herbal products, as well as their purported efficacies and mechanisms and their adverse effects.",pubmed,abstract,기존 간질환이 있는 성인 또는 소아 환자,식이보충제 또는 허브 보충제 노출,비노출 또는 통상 관리,"약인성 간손상, 간기능 악화, 간부전, 입원","코호트, 환자-대조군, 약물감시 연구, 증례군, 체계적 고찰"
v3ref-0287,pubmed:25923145,HRS4_LIVER_DISEASE,Do cinnamon supplements cause acute hepatitis?,"BACKGROUND: The use of herbal medications to treat various diseases is on the rise. Cinnamon has been reported to improve glycolated hemoglobin and serum glucose levels. When patients consider the benefit of such substances, they are often not aware of potential adverse effects and drug interactions. Cinnamon, via coumarin, can cause liver toxicity. Therefore, its concomitant use with hepatotoxic drugs should be avoided.
CASE REPORT: A 73-year-old woman was seen in the Emergency Department complaining of abdominal pain associated with vomiting and diarrhea after she started taking cinnamon supplements for about 1 week. The patient had been taking statin for coronary artery disease for many months. The laboratory workup and imaging studies confirmed the diagnosis of hepatitis. The detail workup did not reveal any specific cause. Cinnamon and statin were held. A few weeks after discharge, the statin was resumed without any further complications. This led to a diagnosis of cinnamon-statin combination-induced hepatitis.
CONCLUSIONS: A combination of cinnamon supplement and statin can cause hepatitis, and it should be discouraged.",pubmed,abstract,기존 간질환이 있는 성인 또는 소아 환자,식이보충제 또는 허브 보충제 노출,비노출 또는 통상 관리,"약인성 간손상, 간기능 악화, 간부전, 입원","코호트, 환자-대조군, 약물감시 연구, 증례군, 체계적 고찰"
v3ref-0288,pubmed:7970342,HRS4_LIVER_DISEASE,Herbal medicine and toxic hepatitis.,,pubmed,title_only,기존 간질환이 있는 성인 또는 소아 환자,식이보충제 또는 허브 보충제 노출,비노출 또는 통상 관리,"약인성 간손상, 간기능 악화, 간부전, 입원","코호트, 환자-대조군, 약물감시 연구, 증례군, 체계적 고찰"
v3ref-0289,pubmed:24725925,HRS4_LIVER_DISEASE,Garlic in health and disease.,"The present article reviews the historical and popular uses of garlic, its antioxidant, haematological, antimicrobial, hepatoprotective and antineoplastic properties and its potential toxicity (from sulfoxide). Garlic has been suggested to affect several cardiovascular risk factors. It has also been shown that garlic and its organic allyl sulfur components are effective inhibitors of the cancer process. Since garlic and its constituents can suppress carcinogen formation, bioactivation and tumour proliferation, it is imperative that biomarkers be established to identify which individuals might benefit most. Garlic powder, aged garlic and garlic oil have demonstrated antiplatelet and anticoagulant effects by interfering with cyclo-oxygenase-mediated thromboxane synthesis. Garlic has also been found to have synergistic effects against Helicobacter pylori with a proton pump inhibitor. The active compound allicin may affect atherosclerosis not only by acting as an antioxidant, but also by other mechanisms, such as lipoprotein modification and inhibition of LDL uptake and degradation by macrophages. Freshly prepared garlic homogenate protects against isoniazid+rifampicin-induced liver injury in experimental animal models. Several mechanisms are likely to account for this protection.",pubmed,abstract,기존 간질환이 있는 성인 또는 소아 환자,식이보충제 또는 허브 보충제 노출,비노출 또는 통상 관리,"약인성 간손상, 간기능 악화, 간부전, 입원","코호트, 환자-대조군, 약물감시 연구, 증례군, 체계적 고찰"
v3ref-0290,pubmed:4402736,HRS1_PERIOPERATIVE,Anesthetic management of patients treated with antihypertensive agents of levodopa.,,pubmed,title_only,수술 또는 침습적 시술을 받는 성인,수술 전 식이보충제 또는 허브 보충제 노출,"비노출, 중단, 또는 통상 수술주위 관리","출혈, 수혈, 마취 상호작용, 수술주위 합병증","무작위시험, 코호트, 환자-대조군, 단면연구, 증례군, 체계적 고찰"
v3ref-0291,pubmed:38810556,HRS2_KIDNEY_DISEASE,"Add-on astragalus in type 2 diabetes and chronic kidney disease: A multi-center, assessor-blind, randomized controlled trial.","BACKGROUND: Diabetes leads to chronic kidney disease (CKD) and kidney failure, requiring dialysis or transplantation. Astragalus, a common herbal medicine and US pharmacopeia-registered food ingredient, is shown kidney protective by retrospective and preclinical data but with limited long-term prospective clinical evidence. This trial aimed to assess the effectiveness of astragalus on kidney function decline in macroalbuminuric diabetic CKD patients.
METHODS: This randomized, assessor-blind, standard care-controlled, multi-center clinical trial randomly assigned 118 patients with estimated glomerular filtration rate (eGFR) of 30-90 ml/min/1.73m2 and urinary albumin-to-creatinine ratio (UACR) of 300-5000 mg/g from 7 public outpatient clinics and the community in Hong Kong between July 2018 and April 2022 to add-on oral astragalus granules (15 gs of raw herbs daily equivalent) or to continue standard care alone as control for 48 weeks. Primary outcomes were the slope of change of eGFR (used for sample size calculation) and UACR of the intention-to-treat population. Secondary outcomes included endpoint blood pressures, biochemistry, biomarkers, concomitant drug change and adverse events. (ClinicalTrials.gov: NCT03535935) RESULTS: During the 48-week period, the estimated difference in the slope of eGFR decline was 4.6 ml/min/1.73m2 per year (95 %CI: 1.5 to 7.6, p = 0.003) slower with astragalus. For UACR, the estimated inter-group proportional difference in the slope of change was insignificant (1.14, 95 %CI: 0.85 to 1.52, p = 0.392). 117 adverse events from 31 astragalus-treated patients and 41 standard care-controlled patients were documented. The 48-week endpoint systolic blood pressure was 7.9 mmHg lower (95 %CI: -12.9 to -2.8, p = 0.003) in the astragalus-treated patients. 113 (96 %) and 107 (91 %) patients had post-randomization and endpoint primary outcome measures, respectively.
CONCLUSION: In patients with type 2 diabetes, stage 2 to 3 CKD and macroalbuminuria, add-on astragalus for 48 weeks further stabilized kidney function on top of standard care.",pubmed,abstract,만성콩팥병 또는 투석 환자,"비처방 비타민, 무기질 또는 허브 보충제 노출","비노출, 위약 또는 통상 관리","고칼륨혈증, 고칼슘혈증, 신독성, 심혈관 이상반응","무작위시험, 코호트, 환자-대조군, 약물감시 연구, 증례군, 체계적 고찰"
v3ref-0292,pubmed:39158846,HRS4_LIVER_DISEASE,RESEARCH PROGRESS ON THE ROLE OF GUT MICROBIOTA AND ITS METABOLITES IN THE OCCURRENCE AND DEVELOPMENT OF SEPTIC-ASSOCIATED LIVER INJURY.,"Sepsis is a life-threatening organ dysfunction that occurs due to a dysregulated host response to infection. Septic-associated liver injury (SALI) has been closely linked to the prognosis and mortality of sepsis. Recent investigations have delved into the gut-liver axis and its association with SALI, identifying its pivotal role in the gut microbiota. Bacterial translocation and the onset of SALI can occur due to an imbalance in the gut microbiota, impairing the function of the gut barrier. Moreover, their metabolites might exacerbate or initiate SALI by modulating immune responses. Nevertheless, interventions to restore the balance of the gut microbiota, such as the administration of probiotics, fecal microbiota transplantation, or dietary adjustments, may ameliorate SALI and enhance the prognosis and survival rates of septic patients. This review aimed to elucidate the function of the gut microbiota in the genesis and procession of SALI and its potential therapeutic value, offering a deeper understanding of the pathogenesis and therapeutic avenues for SALI.",pubmed,abstract,기존 간질환이 있는 성인 또는 소아 환자,식이보충제 또는 허브 보충제 노출,비노출 또는 통상 관리,"약인성 간손상, 간기능 악화, 간부전, 입원","코호트, 환자-대조군, 약물감시 연구, 증례군, 체계적 고찰"
v3ref-0293,pubmed:41219813,HRS3_PREGNANCY,The effects of progesterone supplementation in pregnancies assessed by doppler ultrasound: a systematic review of maternal and perinatal outcomes.,"BACKGROUND: Progesterone is essential for pregnancy maintenance, but its effects on complications like intrauterine growth restriction (IUGR), preeclampsia, prelabor rupture of membranes (PROM), preterm birth, and placental abruption are still debated. This review investigates the effects of progesterone supplementation on Doppler ultrasound indices and pregnancy outcomes.
MATERIAL AND METHODS: To assess the efficacy of progesterone supplements in reducing pregnancy complications during the first and second trimesters using Doppler ultrasound indices. Databases such as PubMed, Embase, the Cochrane Library, MEDLINE, Web of Science, Scopus, and Google Scholar were searched from inception to March 2024. Cohort, case-control, and clinical trials on progesterone supplementation in early to mid-pregnancy were included in the review. The primary outcomes were Doppler ultrasound indices, with secondary outcomes including preterm birth, IUGR, preeclampsia, PROM, and placental abruption. Nine studies with 2282 women were examined. Independent reviewers extracted data and assessed its quality, resolving discrepancies through consensus.
RESULTS: Progesterone supplementation had varying effects on Doppler indices. There was no significant difference in uterine or umbilical artery Doppler indices, but some studies reported changes in fetal middle cerebral artery flow. Furthermore, there were no significant improvements in the rates of IUGR, preeclampsia, or PROM.
CONCLUSIONS: Progesterone supplementation in early and mid-pregnancy may benefit certain subgroups, particularly those at risk of preterm birth. However, its overall effectiveness in improving clinical outcomes is unclear. More research using standardized progesterone regimens is needed to better understand its role in pregnancy management. Progesterone supplementation may help prevent preterm birth in high-risk populations, such as women with a short cervix. However, Doppler ultrasound findings should not be the sole factor in guiding its use. However, its role in improving other clinical outcomes, such as IUGR and preeclampsia, remains uncertain. Obstetricians should consider progesterone use as part of individualized treatment plans, particularly for women at high risk for preterm birth.",pubmed,abstract,임신부와 태아 또는 신생아,임신 중 식이보충제 또는 허브 보충제 노출,"비노출, 위약 또는 통상 산전관리","산모 독성, 임신 합병증, 선천성 이상, 태아·신생아 이상반응","무작위시험, 임신 코호트, 환자-대조군, 등록자료 연구, 증례군, 체계적 고찰"
v3ref-0294,pubmed:14535226,HRS2_KIDNEY_DISEASE,Over-the-counter remedies in chronic renal insufficiency: risks versus benefits.,"It is common for individuals with renal insufficiency of varying degrees to supplement their prescriptive treatment with non-prescription medications, herbal medicines, nutritional supplements and vitamins. These products, although often perceived as ""safe"" to the consumer, do carry their own profiles of side effects and precautions. Renal insufficiency may put individuals at an even higher risk for adverse events. The purpose of this review is to give health care professionals an increased appreciation for the use of over-the-counter remedies by patients with renal insufficiency and the inherent risks associated with the use of these products. The uses and potential hazards of common non-prescription medicines, herbal medicines, nutritional supplements and vitamins will be discussed.",pubmed,abstract,만성콩팥병 또는 투석 환자,"비처방 비타민, 무기질 또는 허브 보충제 노출","비노출, 위약 또는 통상 관리","고칼륨혈증, 고칼슘혈증, 신독성, 심혈관 이상반응","무작위시험, 코호트, 환자-대조군, 약물감시 연구, 증례군, 체계적 고찰"
v3ref-0295,pubmed:39269153,HRS3_PREGNANCY,Microbiota-targeted interventions and clinical implications for maternal-offspring health: An umbrella review of systematic reviews and meta-analyses of randomised controlled trials.,"BACKGROUND: Microbes in the human body are the determinants of life-long health and disease. Microbiome acquisition starts in utero and matures during early childhood through breastfeeding. However, maternal gut dysbiosis affects the maternal-offspring microbiome interplay. Lines of evidence on dysbiosis-targeted interventions and their effect on maternal-offspring health and gut microbiome are inconsistent and inconclusive. Therefore, this study summarised studies to identify the most common microbiota-targeted intervention during pregnancy and lactation and to comprehensively evaluate its effects on maternal and offspring health.
METHODS: This umbrella review was conducted by systematically searching databases such as PubMed and the Web of Science from inception to 2 September 2023. The quality was assessed using the Assessment of Multiple Systematic Reviews-2 checklist. The Grading of Recommendations Assessment, Development, and Evaluation was used for grading the strength and certainty of the studies. The overlap of primary studies was quantified by the corrected covered area score.
RESULTS: A total of 17 systematic reviews and meta-analyses with 219 randomised controlled trials, 39 113 mothers, and 20 915 infants were included in this study. About 88% of studies had moderate and above certainty of evidence. Probiotics were the most common and effective interventions at reducing gestational diabetes risk (fasting blood glucose with the mean difference (MD) = -2.92, -0.05; I2 = 45, 98.97), fasting serum insulin (MD = -2.3, -2.06; I2 = 45, 77), glycated haemoglobin (Hb A1c) = -0.16; I2 = 0.00)), Homeostatic Model Assessment of insulin resistance (HOMA-IR) (MD = -20.55, -0.16; I2 = 0.00, 72.00), and lipid metabolism (MD = -5.47, 0.98; I2 = 0.00, 90.65). It was also effective in preventing and treating mastitis (risk ratio (RR) = 0.49; I2 = 2.00), relieving anxiety symptoms (MD = -0.99, 0.01; I2 = 0.00, 70.00), depression in lactation (MD = -0.46, -0.22; I2 = 0.00, 74.00) and reducing recto-vaginal bacterial colonisation (odds ratio (OR) = 0.62; I2 = 4.80), and with no adverse events. It also effectively remodelled the infant gut microbiome (MD = 0.89; I2 = 95.01) and prevented infant allergies. However, studies on pregnancy outcomes and preeclampsia incidences are limited.
CONCLUSIONS: Our findings from high-quality studies identify that probiotics are the most common microbiome interventions during pregnancy and lactation. Probiotics have a strong impact on maternal and offspring health through maintaining gut microbiome homeostasis. However, further studies are needed on the effect of microbiota-targeted interventions on maternal cardiometabolic health, pregnancy, and neonatal outcomes.
REGISTRATION: This umbrella review was registered with PROSPERO, CRD42023437098.",pubmed,abstract,임신부와 태아 또는 신생아,임신 중 식이보충제 또는 허브 보충제 노출,"비노출, 위약 또는 통상 산전관리","산모 독성, 임신 합병증, 선천성 이상, 태아·신생아 이상반응","무작위시험, 임신 코호트, 환자-대조군, 등록자료 연구, 증례군, 체계적 고찰"
v3ref-0296,pubmed:12592417,HRS3_PREGNANCY,Surveillance study of Sinupret in comparison with data of the Mainz birth registry.,"In about 80% of all pregnant women medical drugs are used during pregnancy. Phytomedicines play an important role in self- and prescribed medication. Since the thalidomide tragedy teratogenic effects of medicamentous treatment are well known. Only a few investigations and studies on the tolerability and safety of plant-based medicines in pregnancy have been published. From 1992-1997 a nationwide retrospective surveillance study of 762 pregnant women (786 newborns) was conducted to evaluate the safety of the herbal combination preparation Sinupret during pregnancy. Standardized questionnaires were used for retrospective and systematic examination of all pregnancies. All cases were treated with Sinupret for at least 24 hours. The data of the population-based Mainz birth registry were used for comparison, interpretation and evaluation of the Sinupret study. For infants with birth defects and/or clinically abnormal pregnancies single-case-analyses were performed. The study collective was representative for Germany. 13 single-case-analyses were performed. In three cases the pregnancy ended with an abortion and in one case with an intrauterine death of the fetus. Nine newborns (1.1%) were diagnosed with major malformations. The critical evaluation of the collective and the individual cases yielded no evidence of possible teratogenic and/or embryotoxic effects of the phytomedicine in 11 out of 13 cases. In the remaining two cases a causal relationship is theoretically possible but very unlikely. On the whole the study underlines the value of the pediatric epidemiologic research in malformations of the Mainz birth register for the monitoring, assessment and evaluation of pharmaceutical studies on drug safety during pregnancy.",pubmed,abstract,임신부와 태아 또는 신생아,임신 중 식이보충제 또는 허브 보충제 노출,"비노출, 위약 또는 통상 산전관리","산모 독성, 임신 합병증, 선천성 이상, 태아·신생아 이상반응","무작위시험, 임신 코호트, 환자-대조군, 등록자료 연구, 증례군, 체계적 고찰"
v3ref-0297,pubmed:25435714,HRS4_LIVER_DISEASE,Protective effect of Baccharis trimera extract on acute hepatic injury in a model of inflammation induced by acetaminophen.,"BACKGROUND: Acetaminophen (APAP) is a commonly used analgesic and antipyretic. When administered in high doses, APAP is a clinical problem in the US and Europe, often resulting in severe liver injury and potentially acute liver failure. Studies have demonstrated that antioxidants and anti-inflammatory agents effectively protect against the acute hepatotoxicity induced by APAP overdose.
METHODS: The present study attempted to investigate the protective effect of B. trimera against APAP-induced hepatic damage in rats. The liver-function markers ALT and AST, biomarkers of oxidative stress, antioxidant parameters, and histopathological changes were examined.
RESULTS: The pretreatment with B. trimera attenuated serum activities of ALT and AST that were enhanced by administration of APAP. Furthermore, pretreatment with the extract decreases the activity of the enzyme SOD and increases the activity of catalase and the concentration of total glutathione. Histopathological analysis confirmed the alleviation of liver damage and reduced lesions caused by APAP.
CONCLUSIONS: The hepatoprotective action of B. trimera extract may rely on its effect on reducing the oxidative stress caused by APAP-induced hepatic damage in a rat model. General Significance. These results make the extract of B. trimera a potential candidate drug capable of protecting the liver against damage caused by APAP overdose.",pubmed,abstract,기존 간질환이 있는 성인 또는 소아 환자,식이보충제 또는 허브 보충제 노출,비노출 또는 통상 관리,"약인성 간손상, 간기능 악화, 간부전, 입원","코호트, 환자-대조군, 약물감시 연구, 증례군, 체계적 고찰"
v3ref-0298,pubmed:15960738,HRS1_PERIOPERATIVE,Herbal medicines and postoperative haemorrhage.,,pubmed,title_only,수술 또는 침습적 시술을 받는 성인,수술 전 식이보충제 또는 허브 보충제 노출,"비노출, 중단, 또는 통상 수술주위 관리","출혈, 수혈, 마취 상호작용, 수술주위 합병증","무작위시험, 코호트, 환자-대조군, 단면연구, 증례군, 체계적 고찰"
v3ref-0299,pubmed:39610253,HRS4_LIVER_DISEASE,Zinc promotes microbial p-coumaric acid production that protects against cholestatic liver injury.,"Cholestatic liver disease (CLD) is a common liver disorder with limited treatment options. Here, we demonstrate that zinc (Zn) supplementation can alter the gut microbiome to mitigate cholestatic liver injury. Oral Zn altered the microbiota of mice and humans (this study was registered at clinicaltrials.gov [NCT05597137]), increasing the abundance of Blautia producta (B. producta) and promoting the generation of p-coumaric acid. Additionally, p-coumaric acid concentrations were negatively correlated with liver injury parameters in CLD patients. In mice, the protective effects of Zn were partially mediated by p-coumaric acid, which directly bound to nicotinamide adenine dinucleotide phosphate (NADPH) oxidase 2 (NOX2) and suppressed the production of reactive oxygen species (ROS) in hepatocytes, thus preventing hepatocyte cell death and liver damage. Additionally, knocking out the histidine ammonia-lyase, which catalyzes the conversion of tyrosine to p-coumaric acid in B. producta, blunted the protective effects of Zn. These findings highlight a host-microbiota interaction that is stimulated by Zn supplementation, providing potential benefits for CLD.",pubmed,abstract,기존 간질환이 있는 성인 또는 소아 환자,식이보충제 또는 허브 보충제 노출,비노출 또는 통상 관리,"약인성 간손상, 간기능 악화, 간부전, 입원","코호트, 환자-대조군, 약물감시 연구, 증례군, 체계적 고찰"
v3ref-0300,pubmed:15385719,HRS4_LIVER_DISEASE,[Herbal preparation-induced liver injury].,"Recently the use of herbal preparations as remedies for various medical conditions, has been rapidly increasing in Korea. In our previous study, 38.9% of patients with chronic liver disease were found to use some sorts of herbal preparations. They believe herbal preparations are safe although the ingredients has never been rigorously substantiated. Toxicities of certain herbal preparations are caused by their contaminants and adulterated ingredients or concurrently used conventional drugs rather than specific components of the herbal preparations. Furthermore, in most instances, multiple herbal ingredients are used by the prescribers of oriental medicine. All of these conditions frequently impose diagnostic difficulties. There are myriads of plant-derived hepatotoxic substances which may or may not cause liver injury in individuals. The severity of liver injury depends largely on the toxicity of the substance, the amount of exposure and the individual's susceptibility. These toxic substances cause liver injury not only through the mechanism of intrinsic hepatotoxicity but also through the idiosyncrasy as in conventional drug-induced injury. Therefore, theoretically, it is possible to apply pre-existing CAMs (Causality Assessment Methods) to the assessment of causality in cases with diagnostic difficulties.",pubmed,abstract,기존 간질환이 있는 성인 또는 소아 환자,식이보충제 또는 허브 보충제 노출,비노출 또는 통상 관리,"약인성 간손상, 간기능 악화, 간부전, 입원","코호트, 환자-대조군, 약물감시 연구, 증례군, 체계적 고찰"
