14385406
13337092
13298574
13224522
13116139
13066148
13105996
13128723
13048309
14870402
14783910
5362918
5361017
5365412
5355100
5346294
5824124
5383703
4901122
5821023
5819910
4897771
5769055
5774189
5762156
5751635
5708893
4974442
5708144
4189970
4173625
11712286
5696331
4967225
5703129
5644709
4868165
6048023
5621970
4175312
4961390
6071662
6064067
5297869
5605505
4163171
4962736
5939934
5935358
4160901
5846012
5890639
5859260
5853147
4956116
5897315
5850107
5849164
14267658
14342207
5878936
14187664
14213888
14208964
14161135
14133354
14127371
14111447
14106088
14074349
14053542
14048088
13969408
14483974
13867779
13869568
13722106
13775099
13741365
542935
537547
555314
160244
295047
522759
482281
480184
469382
476013
260538
545769
553191
478599
454253
38329
573373
465069
439009
443815
373941
473111
435405
426915
760859
430246
105006
84915
107900
544143
543511
456941
453677
433362
721829
728474
749570
742892
719257
81403
567642
722713
700170
359368
675220
694945
150282
79573
580994
646989
656438
666891
646199
648034
638263
619911
15314786
689807
658784
629756
629029
341326
35048
911605
907786
901759
409369
877599
873170
923374
901699
884934
870684
859820
878725
617783
616752
337364
303522
993854
16359
977568
1009028
989968
942237
937880
177420
1267852
1267851
1266879
766893
1245477
1257593
1032634
1001726
989457
798275
798207
779597
54416
1204832
1239095
812196
1189983
1187683
1182092
1164240
1099483
50323
1142015
52345
1141226
1126944
1127807
237537
1125189
1079157
1129252
4450191
4441421
4479598
4216730
4441396
4425352
4219283
4419782
4853124
4412315
4528109
4851098
4545538
4155625
4833656
4851787
4408104
4824903
4815864
4617407
4617406
4617405
4137288
4148690
4206203
4800233
19999738
4769502
4719463
4584765
4764367
4718672
4710371
4581196
4146584
4702571
4788495
4712828
4712304
4699235
4761660
4715142
4578889
4633781
4682251
4685154
4673559
4635564
5054720
4558715
5050277
5033399
5025636
4555434
5047291
5028083
5025201
5023769
4337266
5061124
5019870
5054585
4563435
5136094
5132886
5120132
5124275
5125627
5561891
5165263
5568052
5568175
5134991
4105894
5573629
4932033
5497142
5528532
5518179
4917271
5469456
5459483
4992630
5465941
4916914
5531458
5478288
5429820
5429819
5472172
5419298
4192578
5450221
5431749
4109309
5462586
4984660
4192652
5418726
5412329
4252177
2609138
2555040
2555045
2804372
2595747
2508792
2630633
2557929
2508052
2573164
2530648
2588957
2775404
2776350
2770053
2663579
2758688
2750777
2706010
2656051
2647943
2496251
2916837
2909249
2806931
2729812
2718223
2691199
2587206
2531901
2507707
3202906
2850038
3180067
3241123
3207986
3215113
3263712
3051158
2972087
3416483
3290218
3134893
3395132
3421925
3199593
3284913
3258869
2836289
3258600
3400078
3165226
3355538
3345202
3340476
3277796
3277474
3124980
2897458
2830053
3337805
3257212
3350995
3222201
2455936
3120735
3694526
3438754
3423773
3667614
3673941
3444028
3435692
3315304
3499071
2443138
3632704
3329179
3304665
3040156
3300580
3499140
3302140
2439151
3580568
3570555
3627106
3108332
3495903
2954263
3814818
3494470
3810223
3806199
3573885
3593198
3818977
3499056
3476252
3333881
3310547
3310541
3310538
3114102
3102770
3039876
3024758
2959034
2878010
3793264
3567019
3490277
3787564
3777660
3768021
3768019
2947066
3794604
3488354
3092397
3775760
3734305
3091059
3729947
3726797
3098238
3637613
2939094
2424118
3715798
3755774
3735800
3512259
2937470
3513873
3513725
3485443
3485164
2938614
3945636
3698349
3511097
3010489
3961504
3945042
3813270
3781349
3777560
3758150
3753650
3748800
3727715
3702715
3541503
3530904
3530903
3484635
3019848
3000483
4084561
4091996
4082063
3840772
3836737
3877051
3932474
4081678
4041466
3839792
2995451
4049358
4052374
2861308
3998343
3995080
4034712
4005875
3995170
3857611
2408804
2580548
3871773
3987761
2578125
4092815
4076837
4065185
4052840
4008059
4007634
3983904
3978316
3919676
3882341
3006348
2858289
2858186
6241357
6497379
6508483
6486994
6472343
21279098
6437219
6484892
6148395
6547283
6329378
6726460
6712738
6608532
6723952
6719405
6421377
6709881
6696443
6608911
6364802
6596021
6534380
6476504
6398243
6317087
6671087
6661354
6652076
6688809
6689111
6638633
6605687
6140253
6358960
6615542
6684427
6871467
6603825
6355923
17422277
6870908
6349360
6347619
6602126
6843604
6304144
6603015
6833262
6839959
6824783
6132618
6635478
6622253
6401260
7164013
7178878
6984192
7181945
7176463
6758841
7152026
7140325
6218565
6983739
7179214
6811577
7172105
6817166
7140983
6815440
7150243
7121898
7096182
7085873
6807339
7068669
7074739
6280332
6799508
6799008
7057266
7054229
6277693
7160061
7065989
7063488
6959563
6975778
6975777
7343964
7310534
7336382
7331379
7317089
7305140
7030072
21043243
7282596
7020768
7270565
6972824
6165889
7271884
7306037
7212893
7014242
7236301
7447217
6164607
7213374
7440316
7288229
6110746
6160622
7406513
7406391
6998465
7383081
6773541
7444847
7431831
7426332
7388053
7418621
7396990
7367883
7359739
7364642
7356616
7375519
7358321
7214706
6774611
6772376
11770591
10993569
10767135
10746168
10737225
10695503
10666826
10629413
10613667
10600090
10597763
10589688
10582823
10581995
10581994
10579728
10554088
10575549
10574586
10569955
10568341
10556651
10556183
10544910
10535755
10522314
10520763
10518409
10517130
10501114
10499906
10499903
10498107
10479672
10472397
10470180
10410814
10406906
10399665
10396307
10393408
10380494
10380493
10371596
10364766
10352110
10347843
10332534
10327226
10327215
10327214
10217316
10216979
10200853
10192655
10102468
10090045
10087431
10087429
10077437
10073841
10072117
10050703
9890717
9890167
9888304
9881890
9872186
9872176
9869157
9864780
9863284
9855325
9840024
9833561
9829622
9825099
9822057
9821025
9807700
9807194
9801181
9777272
9767812
9748009
9745439
9743238
9743228
9739740
9728633
9723572
9710141
9684798
9663198
9661797
9657434
9646782
9599195
9578515
9537619
9534059
9515212
9449701
9496982
9487334
9465843
9391081
9382401
9448739
9439091
9435215
9416387
9412619
9399621
9360981
9361366
9354587
9347822
9382132
9333092
9302985
9296238
9286443
9378848
9280715
9483171
9182473
9236510
9161311
9163328
9178397
15251480
9173050
9137445
9076586
9068664
9067500
9066002
9065997
9054644
9045861
9042364
9190038
9005747
9330304
9255908
9200342
9111096
9105637
9061118
8974131
8968028
8958612
8942414
8939773
11862237
9092420
9092418
9092416
9092415
8947972
8914944
8958394
8833911
8848852
8927862
8873347
8692243
8795482
8702425
8844450
8826584
8819250
8771703
8668640
8648260
8725714
8711315
8639446
8983860
8642455
9112652
8607332
8852393
8632229
9033739
8721430
8702195
8666539
8787333
8786976
8729371
8672826
8869014
8815836
8577178
8543448
7477723
7575074
8578539
8541716
7555174
7482377
8537761
7675740
7661184
7638250
7583077
7628086
8777808
8589201
8578472
8527021
8525134
7616295
7598742
15714749
7741617
7626324
7770109
7863972
7756045
7827066
8747699
8747698
7724354
7874874
7851151
7968060
7944078
7851355
7843480
7985248
7831679
7847765
8071848
8040186
8018915
8010570
7940102
8198105
8201352
8084108
8053224
8134868
8032122
8191412
8184243
8129744
8297331
8281678
8152901
7959355
7794122
8304041
8227329
8147045
8292723
8275352
8274814
8266311
8260120
8259547
8214087
8217828
8339459
8507079
8378893
8336747
8329570
8513553
8473318
8471414
8365689
8467580
8434467
8435316
8420528
8420301
8269110
7886607
1336373
1476496
1473874
1364006
1304143
1382600
1415311
1412066
1395796
1345417
1530637
1285699
1642270
1514176
1325077
1299627
1507498
1385564
1387952
1599403
1573142
1558739
1575609
1545379
1541877
1531628
1346954
1739375
1615468
1549960
1483568
1471923
1471922
1300076
1290382
1781635
1723582
1958236
1941624
1782954
1782575
1666807
17226226
1956960
1797316
1945569
1887966
1798715
1681576
1948821
1886315
1858772
2045759
1858309
1866708
1672990
2070784
2064515
2035759
2026988
1905915
1712988
1705934
2004021
1822957
1996495
1769234
2069336
2029156
1984683
1824172
1818786
1673414
2265249
2251025
1700667
2242035
2176559
2256004
2099431
2264019
2277030
2216462
2210348
2239372
2210220
2122862
2386486
2271783
2113745
2084191
2343333
2164366
2381266
2191810
2320884
1968327
2315885
2404357
2360879
2310700
2293981
2252808
2113031
2097073
2075826
30000890
30000882
20374330
20160369
20140106
20139651
20127214
20103175
19724163
20073138
20062934
20058757
20043560
20040270
20040041
20040039
20034330
20031897
20031794
20024495
20020283
20019020
20018758
20008203
20008202
20006130
20005367
19997539
19955245
19954315
19949894
19949270
19948037
19942260
19942256
19941044
19936159
19932949
19930411
19926365
19925388
19918503
19916077
19912513
19911873
19907166
19874942
19903184
19899386
19888529
19888525
19858963
19884975
19884429
19880491
19875892
19874475
19857286
19847375
19845677
19840361
19828953
19827656
19825911
19817998
19817996
19817530
19817161
19815369
19809604
19804386
19799531
19796112
19795099
19793187
19789124
19787562
19787560
19787558
19787556
19785885
19782914
19780415
19780216
19776416
19766437
19756950
19755379
19755378
19755377
19755376
19755375
19752778
19745372
19745237
19741565
19741508
19739042
19738376
19738136
19738132
19738120
19738103
19727103
19721202
19718481
19718470
19715737
19715379
19706619
19696978
19692494
19690349
19682336
19679631
19679590
19675304
19670332
19663955
19656656
19652877
19648428
19644604
19644603
19644600
19644599
19638915
19633468
19630779
19628366
19610022
19610020
19607771
19601856
19588552
19585415
19582440
19579012
19578179
19575759
19572066
19571807
19571765
19571764
19562511
19561526
19553827
19550318
19549987
19548861
19543788
19542940
19537265
19533051
19531696
19530340
19528554
19521238
19519354
19303505
19303498
19516255
19503778
19501423
19492257
19486503
19484231
26814906
19479657
19478692
19478668
19476425
19460622
19448531
19446753
19439936
19436136
19433754
19427610
19413940
19411876
19405790
19401475
19397481
19387474
19378862
19378859
19376304
19375272
19365276
19342840
19363777
19361598
19350123
19350115
19349858
19348697
19348685
19336651
19336502
19336266
19335748
19326955
19326634
19319511
19308891
19300239
19300085
19297519
19285270
19283775
19277428
19277419
19276776
19271646
19268256
19258557
19258552
19245418
19242654
19237095
19233910
19229800
19185786
19225451
19222611
19219255
19217973
19214914
19210325
19205133
19204837
19201067
19200363
19198584
19195302
19191068
19190831
19190812
19190562
19188667
19183746
19183183
19181737
19181420
19181405
19176993
19172700
19170587
19165291
19156647
19151857
19148730
19144654
19141161
19139476
19135231
19132246
19132233
19132171
19132170
19132168
19127082
19121589
19117406
26110197
21686645
21686472
20523164
19099951
19099008
19095331
19092739
19089936
19085807
19085760
19084210
19077919
19077259
19074094
19074092
19071881
19069719
19069171
19067019
19059059
19052707
19046313
19036068
19020747
19012185
19002653
19002049
25855835
18998206
18980087
18977517
18976502
18975556
28876730
18946418
18946305
18931845
18926963
18925967
18844728
18842458
18841293
18841275
18840707
18836650
18836647
18835010
18823648
18814828
18809979
18807678
18805772
18788834
18765310
18763667
18549908
18549907
18758764
18752379
18716776
18709991
18704513
18701850
18698879
18698609
18695376
18695375
18690588
18680536
18678398
18670159
18666848
18663194
18574281
18574280
18574278
18574274
18574273
18574272
18574271
18574270
18574269
18574268
18574265
18636228
18634550
18634396
18629445
18621928
18619012
18604535
18602249
18592932
18586683
18584919
18583002
18575417
18574025
18566863
18563532
18561503
18559094
18551264
18547025
18542936
18541000
18538049
18535201
18534666
18532998
18532996
18523153
18521514
18516942
18516500
18512497
20528380
18508982
18501222
18495950
18491993
18488070
18485081
18484347
18480003
18473863
18469514
18466315
18464049
18450759
18447601
29783498
18440765
18428048
18425959
18425569
18424158
18420077
18417438
18289411
18407773
18407438
18407321
18407000
18406992
18404702
18402716
18399017
18394821
18393145
18393142
18385656
18385150
18374202
18374201
18374199
18374198
18374197
18374193
18374192
18374188
18373620
18372264
18370846
18361189
18360606
18356630
18348268
18347651
18338109
18334135
18333353
18327412
18322281
18316627
18313506
18305438
18304616
18302085
18296593
18294998
18294981
18294668
18294110
18293119
18273573
18273572
18270659
18266660
18266023
18249310
18240910
18240904
18234403
18227365
18225442
18220488
18214714
18205763
18203613
18196985
18196594
18180611
18175288
19996630
19578455
18096568
18095907
18050224
18034618
18032061
18030307
18023705
18021343
18000799
18000798
18000797
18000796
18000603
17996924
17996281
17996279
17995970
17989864
17988228
17982323
17977586
17975192
17964322
17961434
17956020
17955831
17953858
17941040
17939586
17938816
17938797
17938796
17937890
17934358
17916455
17925902
17925502
17923275
17909705
17906972
17906917
17906916
17904462
17898941
17897308
17895502
17883698
17855671
17855670
17851836
17848178
17845261
17786385
17768408
17764537
17763811
17729241
17723112
17711963
17699369
17692552
17687555
17679924
17666020
17635711
17635710
17635701
17659574
17655702
17636845
17636192
17636186
17635699
17627564
17626320
17611042
17607559
17598002
17596133
17593061
17588395
17588394
17577302
17576867
17576860
17565042
17563131
17555152
17553882
17536609
17525901
17523679
17502622
17491542
17490900
17490763
17489678
19804223
17465713
17462177
17456829
17449392
17443622
17432275
17415322
17413305
17409344
17407788
17404541
17394845
17393034
17393011
17391071
17387222
17384395
17380255
17371192
17368832
17366857
17356795
17336882
17334516
17330453
17329985
17325732
17323135
17323033
17319097
17317197
17302522
17296569
17295605
17285789
17279275
17279274
17275317
29793302
29793299
20528430
17260164
17252252
17221328
17211265
17208082
17190098
17188479
17183431
17182266
17176918
17174219
17171593
17171588
17164330
17161452
17159730
17147236
17145598
17145251
17145139
17145050
17143047
17138823
17127099
17124179
17117062
17112295
17112086
17111781
17111780
17111199
17110451
17106008
17102654
17080228
17079919
17076968
17070618
17067366
17067363
17065639
17063535
17063518
17060535
17059426
17055083
17054668
17049586
17042764
17036862
17022046
17020668
17020434
17015052
17009238
16999655
16989032
16984924
16983400
16968330
16966122
16961594
16960144
16953267
16953263
16950677
16943879
16941417
16917989
16914403
16888441
16879214
16878445
16878443
16868297
16863486
16863464
16863463
16859389
16858233
16849000
16847664
16847429
16846544
16842189
16839366
16839339
16838335
16827235
16803669
16802530
16798001
16796008
16788098
16786467
16778722
16777761
16766793
16766784
16758259
16757048
16739241
16735660
16732373
16732368
16729670
16722840
16711200
16709477
16706994
16700847
16699355
16686945
16685750
16684999
16676068
16643436
16639344
16637460
16637458
16637455
16637448
16634761
16634738
16614141
16613771
16611310
16610971
16604744
16602337
16584376
16580898
19681196
16569820
16567314
16549638
16538970
16525588
16520732
16517985
16513444
16512002
16511607
16506805
16505257
16503323
16499407
16496748
16493479
16492066
16487849
16475049
16457032
16449734
16446646
16445834
16444657
16444323
16444322
16442406
16439939
16437461
16437432
16432096
16424822
16421894
16420546
16416154
16411088
16409292
16401675
16395485
19804128
16379930
16375748
16372822
16370194
16369379
16363277
16362716
16359528
16359517
16322270
16313949
16310838
16306465
16305519
16305518
16305517
16305294
16303884
16302575
16302157
16301990
16301974
16291717
16284551
16281750
16270630
16270473
16253651
16237546
16236081
16231170
16214475
16201835
16194135
16193855
16170892
16169351
16168888
16159073
16156685
16149013
16145756
16144999
16141794
16136376
16134069
16133897
16133893
16133686
16123917
16123916
16123912
16123911
16123909
16123908
16119704
16106594
16102054
16098445
16093813
16085930
16084353
16082525
16076267
16047540
16038530
16034047
16026276
16014000
16011462
16004855
15999959
15989549
15978113
15976964
15966610
15956232
15952022
15940491
15932039
15930419
15928257
15909060
15908168
15900282
15900262
15897630
15886802
15883587
15879509
15877591
15869588
15869573
15861030
15859975
15853173
15842375
15838266
15825811
15820199
15816881
15816322
15812201
15812200
15812198
15802275
15794972
15792675
15790929
15790782
15788316
15786931
15782418
15773740
15773736
15773196
15751048
15748268
15748236
29793236
15708084
15701484
15701142
15695604
15692249
15686461
15678643
15674738
15672336
15667530
15660502
15647404
15644792
15642685
15640149
15639109
15638974
15637326
15630669
15630486
15630483
15629364
15628828
15624340
15624336
15619028
15613046
15613016
15602800
15598646
15590403
15586623
15586337
15583742
29793229
15568285
15561652
15543329
15530128
15526072
15520627
15517711
15517122
15516194
15509671
15484326
15482394
15467911
15467905
15467892
15467581
15461620
15460182
15456496
15389129
15383489
15383488
15383487
15383486
15383485
15383483
15383481
15383480
15383479
15383478
15383477
15383476
15383473
15381656
15381495
15375711
15364803
15353921
15341696
15339877
15337236
15317403
15314701
15307118
15306092
15304036
15298777
15278277
15265793
15265244
15259756
15257939
15257019
15257018
15253941
15252762
15242675
15238144
15229714
15219193
15219187
15210397
15208912
15199476
15199461
15199455
15199454
15199298
15198728
15191946
15190465
15187690
15184064
15175800
15172900
15171963
15164386
15153824
15152749
15152747
15148502
15140584
15136878
15134239
15121498
15121490
15107981
15102589
15075329
15071257
15068147
15061605
15054574
15047034
15018589
15017321
15009309
15001972
15001336
14996027
14996017
14993179
14969588
14967065
14965863
14872435
14872424
14766993
14765195
14765194
14763791
14757889
14760216
14742793
14742761
14739629
14732783
14728051
14717965
14717783
14695634
14691631
14689191
14683471
14680724
14675087
14662641
14658922
14656880
14656031
14654717
14647095
14644085
14650471
14648923
14639058
14630798
14624046
14609783
14595081
14594342
14586758
14586384
14585939
14585937
14583924
14576030
14565795
14555312
14529013
13679646
12975470
12974871
12970822
12941030
12928110
12923583
12923579
12917308
12917305
12916772
12911603
12904147
12877620
12876632
12876628
12876525
12871915
12871541
12871281
12853712
12851533
12843286
12832152
12830268
12827065
12823746
12818628
12818245
12799736
12796064
12783106
12772783
12772397
12772008
12759580
12757117
12750625
12750624
12750622
12745040
12728288
12724615
12720490
12718107
12701992
12694083
12674126
12673924
12667043
12667042
12666266
12659605
12643320
12639164
12638477
12638473
12638470
12634980
12617985
12609647
12604423
12603561
12602374
12601493
12597063
12596669
12586128
12574807
12559675
12557411
12557410
12551829
12549966
12534039
12529742
12523469
12522454
12511122
12503044
12472094
12471648
12452752
12448249
12434119
12422463
12414784
12400845
12384421
12372923
12368163
12297963
12243605
12243598
12215760
12196089
12186539
12186515
12181071
12180874
12162160
12152676
12152670
12152242
12136082
12105395
12068844
27264751
12011822
11994570
11914655
11903434
11887562
11885026
11877267
11869618
11849221
11848091
11843839
11831865
11828999
11824435
11813613
11808978
11794970
11781234
11776335
11776312
11766299
11763808
11743562
11742930
11732334
11724771
11722425
11705306
11695287
11694617
11686849
11641264
11601930
11580082
11575277
11564701
11560459
11560452
11558517
11558516
11529844
11522034
11522011
11516453
11515183
11507845
11503010
11476421
11455667
11454132
11452703
11441979
11410932
11410334
11408712
11394826
11383668
11383324
11380479
11378658
11374034
11341364
11308155
11308119
11294578
11270124
11260056
11253860
11253854
11251333
11247582
11243272
11239205
11198768
11194535
11186249
11171957
11171726
11154728
11154112
11130219
11128244
11127851
11126275
11111942
11109505
11103757
11092220
11075768
11054979
11034739
11034045
11034038
11005937
10973682
10969908
10963635
10963462
10963245
10959766
10948878
10939553
10939307
10928467
10917896
10917378
10920504
10912641
10908494
10899345
10886201
10881823
10875148
10874063
10864707
10860133
10858859
10850575
10835711
10829076
10823256
10806559
10805471
10804016
10796453
10787117
10773499
10766681
10741238
10739399
10728026
10718864
10706868
10697390
10688334
10682955
10669626
10629596
28455915
10602164
28520347
31644144
33061049
32995278
31643990
32912842
32905339
32685587
32595260
32557304
32435344
32215073
32203937
32186635
32159116
32107019
32067649
32047440
32039373
32038232
32020997
32014375
31989096
31984228
31982117
31976057
31920910
31906673
31903428
31903386
31903163
31897435
31893202
31893201
31889870
31889152
31888928
31883661
31879379
31879233
31870241
31870235
31866276
31862867
31862517
31859592
31858590
31858522
31858515
31857739
31857214
31857039
31857038
31850592
31849327
31848737
31848123
31846202
31844472
31843852
31843813
31839147
31837652
31834326
31831122
31814603
31814575
31813363
31809896
31808890
31808883
31808440
31808421
31807067
31795773
31794885
31790297
31788151
31787372
31785599
31781781
31776778
31775061
31773973
31773474
31771529
31768889
31767291
31766614
31765070
31759279
31757182
31753740
31753536
31752037
31750090
31748926
31745816
31745815
31744944
31744711
31744503
31740169
31740104
31737647
31737513
31736658
31735436
31732839
31731421
31730719
31722273
31721714
31721282
31721038
31718263
31715433
31713505
31713344
31707805
31707161
31706560
31704740
31700620
31699660
31697741
31697267
31691946
31691119
31690957
31687068
31683346
31678199
31673144
31670852
31670302
31668901
31668083
31667697
31667038
33693097
31663515
31663352
31660305
31656943
31656383
31656119
31652944
31651946
31648805
31648714
31648708
31648707
31648041
31640208
31639794
31639498
31635950
31632047
31632045
31630107
31624777
31624106
31623498
31622993
31621546
31618372
31611836
31610579
31610549
31610546
31609071
31609047
31607911
31603458
31601729
31600808
31599871
31599783
31597654
31595448
31594017
31592518
31592500
31590471
31590290
36262736
31589620
31587168
31582608
31582605
31581876
31580164
31579503
31578660
31576630
31576592
31573167
31565122
31563128
31561986
31560280
31558097
31557382
31557056
31556967
31551166
31548969
31548950
31548494
31547797
31547188
31543315
31542760
31542180
31541341
31540308
31539052
31539040
31536872
31535702
31535493
31535076
31533990
31533437
31530618
31529164
31527894
31527216
31522377
31521696
31520636
31517875
31516054
31514220
31511658
31506933
31506556
31505618
31505593
31505555
31504440
31504419
31503264
31502548
31493728
31493209
31492505
31489274
31489094
31486994
31485146
31484174
31483510
31483056
31482478
31480062
31479105
31477226
31476024
31475793
31473736
31472820
31469508
31469295
31468576
31468107
31465842
31464688
31463945
31454061
31453363
31449685
31449648
31449506
31446606
31439398
31438542
31435772
31434443
31434440
31426462
31425898
31422735
31420876
31420317
31419276
31415939
31414167
31411766
31411184
31410230
31410229
31409123
31405527
31404932
31402613
31401731
31401717
31397475
31391790
31390972
31385524
31382702
31382307
31382304
31381630
31381381
31378969
31377792
31377423
31370840
31370074
31367841
31365636
31361880
31360152
31355470
31354488
31352454
31351265
31350231
31349998
31347934
31347321
31347218
31340730
31334670
31334332
31333045
31331766
31328580
31327554
31325283
31323213
31321714
31320357
31317483
31316701
33977124
31313832
31313676
31313276
31310608
31310583
31309520
31309014
31308920
31307847
31307056
31303150
31299906
31294334
31293916
31293700
31290171
31289259
31286199
31281110
31280831
31276328
31275643
31272556
31271151
31267159
31261559
31259737
31259298
31259266
31258288
31254969
31251908
31250259
31249985
31249966
31249955
31249953
31248552
31245224
31245011
31240841
31236605
31235665
31234756
31234594
31226664
31220790
31220403
31216072
31215979
31212944
31212825
31209952
31208303
31203254
31202946
31202855
31195162
31193998
31190734
31187948
31184800
31184579
31184324
31184322
31183847
31183629
31183220
31180918
31179943
31176578
31176420
31174635
31173816
31171018
31170727
31169827
31168416
31165232
31160872
31160265
31159611
31159607
31158568
31157109
31152970
31151944
31151838
31151813
31147103
31145139
31143079
31142232
31139274
31138978
31136204
31134657
31132874
31132437
31131771
31131509
31131040
31128601
31128503
31126539
31125672
31122609
31121073
31120800
31120015
31119310
31118649
31114289
31113643
31112292
31111239
31111087
31108496
31105152
31104194
31097186
31092409
31092170
31089380
31087108
31084339
31084333
31083195
31079973
31078349
31076795
31075697
31074066
31073352
31072696
33324878
31069986
31068485
31068347
31066490
31066365
31064211
31061229
31060844
31059093
31053135
31049112
31045726
31043986
31043323
31040920
31040359
31040124
32821695
31038824
31036372
31030864
31028208
31025571
31022899
31020896
31020851
31020211
31019170
31015222
31014991
31014373
31014064
31012536
31012427
31011880
31011705
31009721
31008358
31005934
31005561
31005460
31005062
31004965
31004144
31003999
31002997
31000364
30999965
30994603
30992334
30992248
30986390
30983536
30981116
30980560
30980197
30979410
30976787
30972711
30972665
30971681
30969801
30968457
30966777
30963470
30963258
30963099
30961980
30961834
30959280
30957564
30952383
30951640
30949972
30949117
30946706
30945829
30941474
30940121
30939954
30939908
30938374
30936131
30933993
30932145
30931494
30929960
30929912
30928922
30926593
30925358
30925155
30923407
30921533
30918939
30916511
30915342
30912573
30907131
30907120
30907102
30905806
30905168
30904925
30904157
30900223
30900220
30897142
30896311
30895193
30894251
30892733
30891041
30887189
30883567
30883512
30883055
30879895
30879070
30876786
30874724
30873623
32494414
30870051
30869568
30867148
30859370
30855404
30854081
30853427
30852963
30852642
30850576
30850385
30849513
30848768
30848445
30848333
30845846
30845196
30843186
30843185
30839368
30839367
30838557
30838392
30835335
30834802
30834801
30834062
30834031
30833810
30832760
30830586
30828912
30828779
30828166
30826397
30825694
30821933
30816247
30809772
30808297
30808216
30808045
30805005
30802691
30801446
30800151
30799766
30799590
30799544
30796518
30796462
30795779
30792032
30789840
30788086
30787683
30779598
30777593
30774786
30773022
30770140
30759309
30758702
30758149
30756068
30755168
30754983
30753227
30746380
30743280
30743279
30732716
30731492
30729376
30724269
30719950
30717616
30714620
30712846
30710988
30706805
30706140
30706139
30705940
30705937
30704287
30703821
30702997
30697708
30691551
30691466
30690830
30690686
30689138
30689075
30689068
30689009
30688402
30684617
30683443
30678199
30671252
30668731
30667111
30664837
30659810
30659809
30659506
30659407
30658919
30658695
30657164
30656280
30656279
30656075
30652304
30650018
30649301
30647972
30647445
30646590
30645601
30642862
30642614
30635311
30635146
30632267
30632266
30630354
30619054
30617764
30616327
30614320
30612074
30605905
30605505
30604046
30602410
30599759
33061064
30597497
30593997
30593086
30592337
30591748
30590600
30590440
30588051
30587420
30587221
30586754
30586727
30586692
30586229
30584032
30581015
30580852
30580716
30580682
30576981
30575175
30574204
30573490
30573225
30571530
30571525
30571400
30570931
30570924
30569888
30568065
30566971
30566502
30566008
30565148
30564735
30562066
30560487
30559526
30559261
30551910
30551039
30548542
30544443
30541367
30525250
30524307
30540644
30538058
30537335
30536652
30536448
30534594
30529390
30528147
30521639
30519635
30518731
30508073
30505544
30505257
30504344
30504338
30504329
30503070
30502871
30502047
30516886
30516757
30516393
30511289
30510510
30500876
30498889
30487057
30486661
30485173
30482765
30478106
30477393
30476990
30472344
30472021
30467760
30465164
30463994
30462220
30460702
30456631
30453351
30447923
30423205
30422158
30421197
30420922
30420642
30418820
30417637
30417314
30417015
30415999
30415934
30415236
30415235
30409498
30407322
30407304
30406937
30406915
30404743
30402174
30401517
30396036
30392079
30391776
30391408
30389732
30388109
30385137
30384367
30383768
30382531
30381701
30380959
30380132
30380015
30378443
30377413
30376416
30371232
30371223
30371159
30371151
30369576
30369290
30367476
30360887
30359142
30357779
30356984
30355196
30355188
30355114
30355096
30354995
30354981
30354610
30354526
30354436
30354435
30354416
30352632
30348574
30347817
30344265
30344253
30342540
30341847
30338501
30337019
30334816
30334572
30334313
30333742
30332694
30328701
30327391
30327208
30325485
30324770
30321554
30318902
30318433
30315487
30309225
30304802
30304634
30304573
30301596
30296870
30295561
30295203
30293126
30292948
30288266
30286922
30286834
30284558
30284508
30281938
30281046
30281043
30280655
30276478
30274903
30270775
30265883
30265643
30265159
30264130
30260390
30259631
30259390
30257119
30255970
30253882
30246248
30244595
30238705
30233250
30233080
30228907
30227941
30224939
30223971
30223968
30220376
30219887
30213607
30213602
30213470
30213328
30212998
30212276
30211938
30211927
30209519
30209126
30206088
30202500
30202498
30202445
30201757
30201288
30199784
30197503
30196195
30193527
30186937
30186045
30182350
30182193
30181717
30180957
30174820
30174430
30172677
30172099
30169975
30161193
30157037
30155575
30153564
30153372
30153363
30152249
30151820
30148651
30144802
30144419
30144015
30142865
30139903
30139010
30134448
30132258
30132244
30131289
30128955
30128801
30119139
30115560
30106955
30105396
30101611
30099843
30099168
30098034
30097228
30093713
30089628
30088558
30088350
30084983
30076515
30076444
30074120
30073093
30072184
30070627
30069910
30067936
30066299
30063025
30062699
30061825
30060279
30060273
30060174
30060115
30059189
30058620
30056294
30052894
30051584
30051222
30051164
30050002
30049460
30049307
30046758
30046754
30046738
30046730
30046727
30046709
30044254
30043090
30041780
30041779
30040996
30040506
30039978
30037626
30036900
30035621
30033011
30031598
30028001
30022308
30021509
30020140
30019341
30018775
30018769
30018749
30017747
30016398
30015064
30007134
30007110
30001945
30001822
29996126
29995658
29990412
29986001
29985282
29982383
29980468
29980023
29975925
29974611
29973997
29971964
29970397
29968435
29968198
29966487
29963686
29961012
29958892
29958809
29958743
29958440
29957264
29957228
29957227
29956554
29953696
29948757
29948370
29946874
29946255
29946154
29946112
29945808
29945596
29938243
29935043
29932775
29930151
29929382
29928315
29928184
29926572
29926118
29921184
29920705
29920657
29916427
29915905
29915616
29910583
29909809
29909576
29903520
29903352
29898848
29898846
29898844
29897553
29897439
29895673
29895622
29891376
29891182
29886716
29885705
29885678
29882202
29881309
29879893
29877778
29877665
29877660
29876713
29875668
29873002
29872242
29868905
29864777
29863094
29862875
29861295
29860595
29857777
29856471
29856147
29855865
29853819
29853278
29853275
29851941
29851903
29848449
29848218
29847020
29844742
29844030
29843897
29843172
29843087
29806239
29800198
29799153
29798688
29797331
29797208
29795629
29794977
29794812
29794081
29791015
29790645
29790365
29789192
29789105
29789046
29786530
29785661
29785470
29781069
29781063
29781049
29780621
29780360
29778365
29778033
29776574
29776386
29775170
29770858
29766263
29765398
29762406
29761512
29759681
29757786
29755633
29754725
29754667
29754652
29754512
29753603
29750067
29749440
29749291
29749281
29747837
29744816
29743176
29741099
29740750
29739915
29736630
29730624
29730090
29729202
29728318
29727737
29725167
29723895
29722003
29721002
29715499
29714004
29713485
29710221
29710164
29707095
29706805
29706468
29706404
29706100
32082753
29703518
29703478
29703477
29703158
29701179
29701078
29700696
29698794
29694286
29693712
29692734
29692686
29687300
29687299
29687220
29685198
29680999
29679301
29679144
29672182
29671285
29671011
29670522
29667309
29665197
29664236
29663464
29663313
29659797
29657592
29657252
29656119
29655807
32477806
29655001
29654720
29653649
29653639
29644411
29642222
29636974
29628941
29626988
29625856
29625499
29624847
29622997
29622878
29622761
29622591
29622587
29622509
29621010
29618160
29616407
29611104
29608495
29608110
29607945
29606512
29606361
29602837
29602444
29602443
29599284
29598152
29592891
29589187
29588359
29584693
29581108
29580268
29579582
29579168
29578847
29578207
29577340
29577257
29576106
29573775
29572341
29570468
29570366
29569500
29569146
29569024
29568565
29566417
29566416
29566415
29562331
29562325
29558778
29552925
29550092
29550085
29549695
29546729
29542359
29541311
29540424
29536532
29534092
29532536
29531758
29530891
29530620
29528483
29527545
29526032
29525891
29525786
29524860
29523011
29522647
29521867
29520701
29519861
29519547
29519351
29509959
29504981
29503557
29500618
29498942
29498009
29497282
29493635
29493031
29491700
29488150
29487678
29486479
29483079
29476304
29475399
29474346
29474205
29470777
29467357
29466488
29466222
29466205
29465254
29464418
29463153
29462053
29459408
29455033
29455019
29454418
29453328
29453305
29450643
29449120
29447781
29443369
29441513
29440949
29440623
29440192
29440136
29439925
29438571
29435797
29433872
29432897
29432256
29428146
29427461
29425981
29424326
29424018
29422130
29421803
29421002
29415562
29412449
29411755
29407632
29407620
29404874
29402419
29402070
29399531
29398546
29397950
29395705
29395013
29391805
29390530
31019123
29384289
29379275
29377448
29375274
29375108
29374049
29372411
29372400
29372247
29371284
29368593
29366484
29365146
29361618
29360845
29360254
29359278
29359052
29358327
29353071
29350386
29349596
29348918
29348255
29345686
29339167
29339165
29338845
29338686
29335863
29335786
29332054
29331969
29328506
29325495
29325061
29321641
29320795
29320668
29316564
29316202
29314216
29313558
29310450
29308774
31249922
29306488
29306122
29304537
29304513
29303380
29301740
29300888
29298995
29296881
29296750
29295790
29291887
31038047
30834094
29285859
29285754
29285498
29276599
29276558
29276013
29275325
29275065
29274754
29274307
29274198
29273767
29269702
29269514
29269364
29262430
29261716
29260427
29260237
29258151
29258056
29253554
29253461
29252181
29250228
29249419
29248859
29248163
29247809
29247268
29247216
29244199
29242919
29241899
29237991
29237692
29237680
29236167
29228158
29226707
29225244
38829581
29223441
29223431
29222248
29220855
29214382
29214062
29212125
29212124
29212110
29204949
29204262
29202207
29201334
29201112
29199766
29197413
29192498
29191525
29189853
29189082
29188376
29188358
29183961
29182754
29181817
29181735
29181265
29180122
29178250
29176978
30830337
29171208
29169468
29167388
29165583
29165556
29164916
29164292
29162159
29160765
29157916
29157712
29157146
29157015
29155884
29150698
29149366
29148592
29147720
29147170
29143099
29139268
29139019
29138609
29137047
29132969
29132650
29132510
29132356
29129259
29127864
29127745
29126301
29125269
29125055
29121724
29121522
29117993
29117605
29111221
29108127
29108090
29106834
29102391
29102387
29101545
29101289
29100908
29100817
29096024
29095971
29094808
29092916
29092116
29088960
29088922
29082583
29080549
29072911
29071124
29068809
29066923
29066371
29066342
29065247
29057123
29055399
29054760
29053656
29052104
29050146
29047348
29040554
29040518
29039841
29039834
29039622
29034832
29033229
29030422
29029621
29029233
29028119
29026928
29026288
29023526
29018536
29017215
29016910
29016832
29016758
29016695
29016487
28994871
28992980
28992764
28992189
28991706
28990646
28988597
28987427
28985682
28985259
28984052
28982676
28981552
28980383
28976390
28974629
28972957
28970039
28968483
28968197
28963313
28960288
28958959
28958393
28957948
28956288
28954745
28952913
28950374
28950344
28950318
28948752
28948507
28947728
28947726
28943564
28942666
28942115
28941763
28935868
28935464
28935034
28933798
28933567
28929298
28921594
28921057
28918087
28917562
28914077
28911508
28906578
28904234
28901221
28899804
28892658
28892413
28891412
28887767
28886856
28883311
28882334
28882323
28878572
28875370
28874418
28867534
28867369
28862063
28861925
28860793
30787791
28857713
28856898
28854077
28854073
28853765
28848725
28848026
28846806
28845374
28844514
28843518
28842519
28840739
28838044
28837210
28836865
28834238
28833682
28833357
28832296
28827248
28825375
28825250
28825231
28823518
28821888
28821168
28818318
28818261
28816341
28815410
28814457
28811393
28811092
28809374
28808596
28806993
28805039
28804828
28804818
28802751
28800176
28799620
28799181
28798139
28795332
28795200
28795199
28790786
28789760
28786696
28785902
28785894
28784423
28781876
28781287
28780697
28780575
28780343
28779447
28771671
28771049
28769570
28768576
28765771
28763307
28762665
28761683
28760205
28757174
28756016
30416551
30416550
28754397
28752560
28751849
28744136
28743214
28741391
28737834
28736561
28734922
28733071
28731874
28730948
28730690
28729407
28728316
28727359
28725983
28724836
28724655
28724590
28724512
28722795
28720644
28720315
28718296
28717737
28716982
28716241
28714498
28713563
28712001
28710707
28709650
28705401
28703931
28703392
28700711
28698808
28695382
28693194
28692839
28692826
28692742
28686914
28682563
28682153
28682039
28681678
28680174
28680172
28679480
28678553
28677422
28676032
28674098
28674097
28668628
28667815
28667505
28666358
28665208
28664799
28662704
28661896
28657840
28656545
28655814
28655151
31259294
28652799
28652649
28652320
28651452
28650000
28647419
28645473
28645443
28644924
28644048
28643219
28643004
28641379
28640946
28640322
28639418
28639365
28635328
28635023
28634694
28634095
28625380
28621228
28620303
28619189
30279799
28616216
28615214
28614247
28612237
28612131
28611403
28610453
28608988
28608312
28608277
28606959
28604280
28603628
28602966
28597905
28595693
28595692
28594426
28594049
28592382
28590907
28589438
28586696
28584203
28584074
28580827
28579855
28577840
28573648
28573379
28572224
28571631
28569277
28567119
28566528
28566143
29389096
28558081
28552490
28552476
28552474
28550068
28549534
28546102
28544489
28543401
28543073
28542316
28540468
28540312
28538758
28536167
28533874
28533707
28533706
28532773
28528780
28528288
28526929
28526159
28526142
28524005
28522774
28521898
28521540
28521079
28516318
28511429
28510754
28510336
28509761
28508916
28506577
28501909
28500649
28500260
28500254
28496539
28495674
28493216
28493056
29967876
28482261
28481034
28480651
28480507
28479535
28479379
28478207
28477860
28477534
28477151
28475278
28474094
37664691
28472104
28471371
28467190
28465988
28460024
28458008
28457013
28456301
28443575
28440008
28439617
28439135
28433958
28426737
28425296
28424821
28423431
28418446
28416976
28416626
28416008
28414933
28413976
28412908
28412317
28409488
28408837
28407356
28405675
28405671
28400546
28400486
28400068
28398381
28398379
28398375
28398081
28396988
28396914
28393461
28390916
28390065
28386054
28385080
28384199
28381513
28378924
28378693
28376529
28375528
28375428
28366835
28365976
28364736
28364690
28363354
28362649
28360881
28355988
28355985
28355459
28353372
28346967
28346965
28343849
28338589
28338108
28336118
28335637
28329309
28329059
28326589
28322423
28320814
28320118
28319549
28319424
28317415
28317274
28314139
28302289
28302288
28302287
28301907
30755946
28300865
28300676
28296129
28293797
28293127
28292814
28291892
28290648
28289746
28288527
28287377
28286749
28284562
28284524
28284080
28283268
28278524
28276631
28276323
28272725
28265683
28265017
28264900
28264892
28262371
28261098
28255434
28255372
28254487
28249326
28245322
28244496
28244023
28236004
28233091
28229160
28228727
28228467
28228120
28224930
28224929
28222250
28219663
28219635
28217222
28215696
28210988
28210867
28209218
31305742
28208197
28208196
28208176
28205318
28204995
28198064
28196633
28196509
28196381
28194903
28194578
28191610
28188509
28188243
28185082
28182323
28182166
28180234
28179050
28178413
28178408
28178406
28177459
28174658
28174293
28170360
28167634
28159600
28158553
28154101
28153344
28151543
28151036
28148636
28144725
28139289
28138260
30774472
28132418
28130378
28128753
28124061
28124000
28123163
28122567
28122078
28120297
28119380
28114939
28111055
28109541
28105320
28104608
28104479
28102773
28102615
28099154
28097728
28086887
28084829
28084827
28084819
28084107
28083852
28083625
28083624
28082173
28081965
28081031
28079536
28076631
28074294
28074293
28070883
28066243
28065270
28064150
28063671
28063245
28062249
28062137
28058458
28056758
28056701
28055147
28052946
28052124
28049648
28045357
28045242
28044251
28044113
28042233
28042092
29582930
29582928
29582927
28039844
28033245
28033129
28029563
28029411
28029216
28028988
28025213
28017344
28009449
28008771
28007305
28004062
27999513
27998809
27996998
27996992
27995007
27993122
27992949
27990116
27989533
27988374
27986971
27980542
27980520
27980461
27979034
27978942
27977592
27967328
27959713
27941861
27938741
27938343
27935987
27935941
27934637
27933569
27931994
27927630
27925234
27925230
27924633
27924216
27918545
27917717
27917715
27917710
27917690
27916486
27914534
27914497
27913856
27913535
27912791
27911120
27909544
27909542
27909496
27906754
27906452
27903938
27903864
27900868
27899756
30310459
27896681
27896543
27893694
27893153
27892885
27890386
27889960
27889279
27883351
27882517
27882374
27881555
27881180
27879469
27878570
27876696
27876695
27875375
27873051
27869512
27868275
27865826
27861189
27861178
27860336
27858919
27856650
27853808
27847992
27843682
27843361
27843050
27838137
27836786
27836023
27831592
27824417
27824386
27822962
27817997
27817212
27813534
27813106
27809616
27546767
27094212
27567465
27402623
27806307
27804874
27803814
27803506
27799233
27694266
27628763
30715821
27797850
27795783
27793500
27792741
27792650
27790498
27789605
27789547
27789043
27580086
27538358
27488143
27473443
27075525
27785089
27785043
27704588
27677651
27362695
26757010
27783556
27781063
27780804
27425183
27778440
27777713
27777526
27776934
27776468
27662521
25659976
27776137
27774803
27774726
27771820
27771120
27771008
27706532
27706531
27666180
27470545
27341955
27769294
27766390
27766049
27569738
27554378
27764882
27764881
27759465
27756309
27693274
27756038
27754958
27751896
27716968
27705975
27692605
27598317
27463735
27377884
27750332
27747717
27746290
27548686
27743637
27743182
27742807
27740983
27740916
27740860
27739028
27738784
27737747
27737407
27736704
27734642
27731650
27730796
27729677
27726162
27725023
27723665
27723533
27723454
27720775
27716952
27716554
27716428
27715076
27709253
27707528
27706224
27704333
27703586
27703066
27702803
27699648
27697440
27697119
27696300
27696178
27695508
27695181
27695012
27692662
27688985
27685458
27684801
27683276
27680880
27680769
27678530
27677177
27676409
27676254
27671272
27667112
27665206
27663299
27662649
27660902
27659886
27659468
27659460
27659071
27658470
27656711
27647638
27647637
27647168
27646745
27645776
27645612
27640182
27639012
27637309
27637307
27637306
27637305
27637302
27636904
27629776
27628534
27626254
27625113
27624737
27623684
27623683
27623682
27623681
27622522
27621674
27621599
27620312
27620308
27620306
27617219
27617088
27614756
27614026
27613165
27609430
27605936
27595682
27595680
27594818
27594178
27594177
27593686
27592622
27592341
27591448
27589038
27587437
27586690
27583892
27583311
27581829
27581709
27581506
27580712
27579168
27578223
27576696
27575701
27571335
27569674
27569671
27568871
27567408
27566186
27565455
27563246
27561277
27560967
27560276
27559477
27555569
27554264
27552578
27552569
27551422
27550399
27550177
27545637
27544959
27541665
27539691
27539689
27536779
27535349
27535163
27533987
27532238
27525139
27514627
27511466
27510920
27507064
27504026
27503590
27503588
27502860
27495947
27493889
27488365
27487810
27483479
27482236
27477399
30609341
27471198
27470055
27468696
27465747
27464842
27462768
27461276
27453700
27450623
27450108
27449113
27448310
27441538
27437888
27437655
27438461
27436881
27436663
27436335
27435077
27432042
27428497
27424804
27423552
27422774
30546668
27415817
27412937
27412905
27412804
27412190
27406838
27405643
27403193
27397090
27396794
27394924
27390965
27389243
27386777
27384740
27384264
27380051
27379731
27378261
27375038
27370013
27363624
27358436
27358435
27358360
27354859
27352237
27350265
27349698
27347708
27347228
27346552
27346176
27344439
27342459
27340910
27339487
27336190
27335128
27335063
27334984
27333757
27333751
27333746
27333740
27331311
27329860
27327275
27325226
27322757
27321438
27320765
27314636
27312796
27312001
27311123
27307471
27307147
27303213
27302126
27302113
27301668
27297852
27297723
27297231
27292781
27289494
27289294
27282612
27280704
27280017
27268941
27265115
27264215
27264137
27264036
27263119
27263046
27262782
27256579
27255713
27254816
27254626
27252452
27252068
27250719
27247481
29766887
27244534
27244102
27243343
27237784
27236121
27235611
27234866
27234455
27232386
27230889
27226497
27221958
27221106
27220921
27217793
27212383
27209417
27207998
27207691
27207360
27203170
27194538
27188000
27184173
27182616
27182049
27179058
27177705
27173746
27173100
27172860
27167437
27166653
27165264
27162687
27161728
27161673
27160305
27160254
27159158
27156060
27155586
27154448
27150180
27147458
27147457
27146099
27145388
27142473
27142190
27139018
27138310
27137522
27137112
27136433
27132697
27131792
27126650
27122927
27122600
27113812
27112188
29123820
27103917
27102510
27100556
27085368
27084708
27083008
27082776
27080265
27079502
27079417
27079164
27076286
27075811
27075620
27075441
27073641
27073631
27071942
27068306
27067972
27067971
27067969
27067968
27067966
27067661
27065202
27062534
27061505
27057955
27057949
27057852
27056934
27052728
27052207
27046797
27038959
27038064
27032789
27027384
27023335
27020439
27020266
27020211
27013883
27010092
27008924
27004444
27001190
27001171
27000745
26996562
26995377
26994821
26991962
26991517
26990353
26989650
26988994
26988871
26988835
26985380
26984978
26984888
26983621
26983050
26982962
26981569
26976713
26972708
26971644
26969761
26968670
26967541
26965066
29563447
26962786
26961375
26960279
26960249
26958897
26957485
26955859
26952877
26949430
26946695
26945264
26945262
26935434
26934891
26931156
26929637
26928454
26927861
26927811
26925159
26923792
26923488
26922378
26922297
26920607
26919833
26917821
26916314
26916304
26912074
26911269
26909818
26909817
26908770
26908412
26906217
26901852
26901851
26899998
26897283
26896618
26895998
26894579
26893407
26889922
26888572
26888266
26880220
26878737
26877111
26873590
26872887
26870792
26869771
26869284
26867832
26864063
26861870
26861546
26861000
26860702
26850974
26848150
26848149
26847243
26843573
26843571
26843482
26843425
26843176
26842118
26842113
26836922
26835109
26835107
26835099
26833146
26832316
26832208
26830891
26827569
26827100
29766853
26826501
26826134
26825445
26823179
26822172
26819229
26818463
26817497
26815647
26814780
26811167
26811161
26810476
26806724
26804246
26803550
26803384
26800763
26800356
26797248
26791999
26787335
26785689
26785030
26781925
26780757
26780749
26780743
26780738
26779967
26779849
26772871
26768045
26765643
26765366
26765105
26765080
26763916
26763380
26761969
26749482
26743870
26739542
26739484
26734317
26733617
26732970
26731857
26731856
26731290
26729693
26729138
26727005
26726720
26725103
26721036
38745713
29809385
29671307
28353412
26718576
26718230
26717378
26716830
26715613
26714677
26714212
26713281
26712475
26710352
26705385
26702312
26702005
26696010
26695421
26695420
26695107
26693234
26689354
26688274
26688233
26688149
26687957
26687953
26678533
26676209
26674596
26674156
26673560
26670173
26669316
26667238
26666467
26666330
26666329
26666327
26666326
26666325
26666324
26664901
26663818
26660521
26660118
26656021
26655548
26652975
26652577
26651894
30546616
26649210
26648702
26646556
26642774
26639691
26639690
26638965
26637757
26637711
26636644
26635055
26633836
26632687
26632514
26632482
26627486
26626553
26625228
26623160
26620048
26619030
26616542
26613641
26610876
26610874
26610745
26609866
26608008
26607201
26606049
26605688
26603960
26603795
26603365
26600798
26600398
26598701
26593943
26592859
26590293
26589883
26589481
26589472
26587983
26587647
26584938
26584138
26583878
26583826
26579579
26576841
26573697
26572757
26572254
26571739
26566669
26566518
26561858
26560704
26559990
26559964
26559069
26559049
26556443
26554746
26550627
26548536
26547115
26546690
26546477
26546335
26541412
26538428
26535102
26527532
26522998
26522997
28509094
26519420
26519049
26516910
27957203
27957198
26516423
26513304
26511068
26509839
26509341
26509007
26508913
26508464
29144699
26503240
26502139
26500458
26500456
26500341
26498170
26495822
26495799
26495264
26493768
26493603
26488322
26487668
26482766
26482623
26481493
26480989
26480611
26478546
26471883
26470775
26469193
26468402
26467404
26467323
26467062
26466698
26466666
26466318
26462697
26458530
26455024
26450845
26448196
26447666
26445544
26440492
26440238
26439131
29567929
26437201
26436558
26435421
26434935
26433062
26428968
26428416
26425246
26422867
29087057
26421794
26420063
26419506
26417635
26415605
26414714
26412599
26408923
26408921
26403199
26401923
26395871
26395301
26393483
26392326
26390315
26390231
26388689
26388302
26386967
26386791
26386790
26383245
26379443
26378211
26377995
26372099
26371529
26370208
26369819
26366064
26365937
26362472
26360919
26356595
26356074
26355805
26352868
26351955
26351456
26350113
26346860
26345156
26343041
26342485
26336492
26336014
26335355
26333846
26333775
26330425
26329812
26328803
26324838
26324007
26320364
26319777
26318894
26318513
26316518
26316345
26314757
26312547
26312384
26309674
26307110
26305688
26305087
26304863
26302287
26299222
26298619
26296048
26294737
26288607
26287237
26286356
26285318
26283060
26282910
26277682
26277569
26276907
26276272
26275496
26274973
26274798
26274538
26272385
26272306
26272305
26261992
26261933
26261423
26260625
26257249
26253707
26246112
26245513
26243531
26242880
26241880
26241483
26239439
26239314
26239094
26235450
26235049
26234557
26233944
26232277
28294916
26229954
26229096
26226868
26224222
26224199
26223945
26223162
26222990
26221593
26219490
26219158
26216084
26215871
26215073
26211815
26211539
26210891
26206560
26203765
26202836
26202616
26201483
26199338
26198674
26198372
26197191
26195273
26195125
26189357
26188826
26187297
26187229
26185477
26185422
26184867
26184420
26183688
26179767
26179400
26179293
26177662
26174611
26173428
26172213
26171862
26170684
26169326
26169011
26168152
26167981
26164438
26162958
26162944
26158747
26156692
26155974
26153589
26153510
26153470
26151268
26151264
26151108
26150723
26149785
26149021
26148369
26148006
26143317
26142525
26142297
26138549
26138237
26138204
26137942
26136066
26135804
26135740
26125661
26124699
26123820
26123214
27957170
26116685
26113478
26112222
26112219
26111881
26109251
26106580
26104508
26104049
26100109
26096756
26095746
26095540
26095120
26094105
26093527
26091835
26091712
26091633
26090890
26089678
26088576
26087049
26084864
26084459
26083988
26080462
26079499
26077323
26076483
26074735
26071672
26071671
26070236
26070116
26065986
26065286
26064057
26062790
26062437
26060809
26059964
26059702
26059459
26058350
26056188
26055615
26054407
26054042
26052198
26048606
26048605
26048261
26047352
26045506
26045505
26045504
26044842
26042881
26037103
26034473
26031281
26028323
26027611
28197239
26024823
26023177
26020727
26017873
26013362
26009864
26004552
26001908
26001285
26001109
25998374
25998039
25995397
25995392
25995317
25995026
25994496
25988464
25987596
25986145
25986007
25982918
25981610
25981138
25979950
25978611
25976308
25975659
25974377
25972932
25970416
25966900
25962838
25962393
25959582
25957818
25951901
25950647
25948149
25946985
25946405
25943684
25941702
25941432
25940651
25940537
25939220
25936613
25935464
25935131
25930164
40271512
25927951
25927153
25927150
25926476
25925382
25922539
25920640
25918557
25916071
25910790
25908223
25908066
25905638
25903537
25903527
25902077
25901716
25901074
25896298
25896181
25894047
25892685
25892324
25889327
25887499
25887067
25879402
25877809
25873219
25870161
25868460
25866574
25865051
25864630
25863736
25862281
25859986
25858914
25857818
25857223
25854152
25853142
25852847
25851122
25850527
25848132
25847305
25846343
25845811
25845489
25845412
25845131
25845126
25845122
25845035
25843430
25843224
25842916
25842804
25840679
25839867
25839866
25839640
25838183
25833883
25833178
25832311
25829474
25828968
25828628
25827795
27533985
27533984
27533975
25820762
25819853
25819254
25818758
25816811
25815675
25815614
25814183
25813653
25812113
25808552
25808010
25804678
25803739
25802423
25797595
25797167
25796785
25795564
25792448
25792234
25791984
25791799
25791094
25789771
25788868
25786578
25786449
25786423
25782122
25781548
25780950
25777666
25773559
25771233
25771087
25770316
25770008
25769361
25764622
25762867
25760874
25758405
25758241
25758222
25757171
25755579
25754527
25751293
25749804
25749644
25747538
25744746
25744745
25744701
25743887
25743391
25739680
25739533
25739470
25736910
25736441
25734869
25734678
25732432
25729827
25728933
29588668
25722478
25721935
25721557
25720849
25720079
25717286
25717178
25716771
25714828
25713732
25712535
25709720
25708372
25705417
25703522
25703521
25703519
25703514
25703390
25703245
25703243
25701968
25700733
25700624
25700621
25700592
25700281
25699611
25699609
25698905
25698904
25698605
25698404
25697302
25696901
25696871
25696002
25695213
25694538
25694537
25694462
25688457
25687352
25686858
25686556
25684796
25684570
25682086
25682085
25682084
25682083
25682082
25682081
25681132
25680896
25678908
25678828
25676529
25674733
25673894
25673326
25668610
25667567
25665980
25665582
25662984
25662060
25651449
25648435
25645235
25644580
25643952
25643454
25639072
25638996
25637256
25636520
25636144
25634013
25633474
25630291
25619706
25619266
25618495
25616558
25616425
25616099
25614527
25613927
25612280
25611850
25597592
25596767
25596603
25594941
25594442
25591898
25588533
25587651
25586208
25584610
25581108
25576171
25572151
25567390
25566699
25562993
25557176
25554350
25552810
29589353
29589352
27533960
27326208
25547937
25546985
25546244
25543379
25543161
25542262
25539954
25539157
25537794
25535623
25534517
25527282
25525760
25524619
25520567
25518887
25518854
25512096
25511639
25506871
25506267
25504999
25503659
25502139
25501801
25501413
25499871
25497244
25497240
25495417
25491419
25490355
25488466
25487958
25483215
25480313
25479007
25475459
25470152
25470148
25470147
25468385
25466839
25466838
25466603
25464465
25464433
25463377
25463361
25461960
25460369
25457583
25457236
25456169
25456003
25456000
25455420
25453995
25443239
25441694
25440788
25440397
25440361
25440332
25440108
25438722
25436104
25434598
25432001
25431993
25431392
25429521
25426077
25424474
25424019
27905777
25423497
25417446
25416564
25415603
25411281
25407351
25407132
25405246
25402538
25398678
25395835
25393635
25387211
25387210
25385663
25384183
25377783
25377011
25376262
25374671
25367652
25366713
25362508
25358816
27201531
27201475
27201370
26835091
25356900
25347900
25345887
25341743
25341529
25336242
25336230
25324574
25319150
25318061
25316373
25312896
25311731
25309604
25308910
25308231
25305723
25301667
25300410
25300199
25298357
25298351
25298033
25293802
25293408
25292317
25290497
25285794
25282448
25282445
25277612
25276784
25270377
27030066
25267222
25264718
25255406
25252149
25250949
25250655
25250052
25248688
25242571
25241119
25240861
25236521
25236181
25234549
25234463
25231426
25230280
25229762
25229760
25228726
25228708
25226761
25226478
25222410
25218507
25218248
25217794
25215263
25213003
25209598
25205696
25205647
25205534
25205532
25203412
25194598
25193361
25190488
25190093
25187203
25185986
25182247
25181036
25179762
25179482
25176940
25174259
25173533
25172513
25171736
25170587
25168947
25168946
25168944
25168942
25168939
25168936
25164005
25163326
25163307
25159278
25158989
25154215
25153603
25151653
25151574
25151188
25150296
25148838
25147012
25143839
25143224
25142093
25141928
25139324
25138549
25135794
25135394
25129122
25127655
25119841
25119344
25119194
25119051
25118790
25116182
25116016
25115762
25115364
25115211
25112657
25108758
25105309
25104527
25102964
25098413
25096568
25094061
25093723
25093014
25092359
25087295
25086177
25085900
25083135
25082804
25081496
25081096
25070963
25065536
25064581
25050078
25047671
25047174
25045298
25042728
25042194
25040440
25039280
25039023
25038005
25037495
25034320
25034070
25033004
25032265
25032218
25031496
25029448
25027944
25024644
25023859
25023349
25023348
25023204
25014495
25012514
25008787
25008335
25005452
25004410
25001883
24997889
24996916
24993123
24990220
24989022
24982310
24980743
27170965
24978953
24976475
24976470
27957078
24973113
24970997
24970293
24969622
24968959
24966680
24965928
24965568
24964505
24963045
24958320
24958185
24957921
24955573
24953526
24951377
24951111
24949726
24948333
24944209
24943977
24942912
24942397
24938162
24938053
24937097
24936265
24935672
24934056
24930239
24927023
24919870
24919584
24919144
24917411
24916911
24916285
24914740
24911450
24911432
24908449
24908388
24899340
24899092
24897382
24895454
24895453
24895179
24894120
24893548
24892468
24889848
24889788
24888386
24887668
24880102
24879716
24876259
24875459
24875390
24871638
24868164
24867283
24863590
24862146
24862138
24862137
24862127
24861797
24861796
24861794
24861793
24859719
24859362
24858062
24855404
24855061
24847463
24846227
24843316
24842559
24838629
24837057
24835673
24834915
24833235
24832594
24832385
24830515
24829402
24828991
24828272
24824293
24821657
24821599
24819040
24818317
24817486
24817475
24814970
24813481
24810397
24810388
24804306
24804303
24800791
24798956
24798856
24798316
24797541
24794118
24793784
24790995
24788193
24785218
24785217
24785216
24785215
24785214
24785213
24785139
24781908
24781251
29764060
26835064
24777590
24776062
24776061
24770976
24766973
24763930
24762250
24762216
24762166
24750683
24750390
24749553
24748062
24746585
24745726
24745600
24743444
24743198
24742616
24742134
24736694
24736138
24733535
24733305
24733223
24733222
24731926
24731393
24724839
24722973
24715985
24713109
24713107
24711702
24711240
24711238
24711237
24709282
24708259
24698366
24697922
24696299
24691436
24691192
24688037
24685605
24683059
24681704
24679962
24677203
24674108
24672702
24671832
24669381
24668744
24665125
24661191
24659084
24658769
24658518
24658395
24657200
24655890
24655693
24652166
24651882
24650612
24650310
24650307
24648742
24647235
24646948
24643605
24633035
24632790
24631468
24627811
24625849
24624625
24622012
24619100
24617578
24614113
24612117
24611351
24607764
24607728
24605405
24602049
24601843
24600727
24599489
24597472
24593903
24593838
24591854
24582532
24582461
24582071
27063822
24577485
24576516
24575635
24573511
24570724
24570697
24569032
24569004
24568776
24566595
24566276
24566034
24562906
24562060
24560251
24556890
24554904
24552831
24550347
24549552
24548437
24535562
24530792
24527429
24525314
24523876
24515754
24513791
24512351
24504768
24503627
24503429
24500573
24494408
24494060
24491178
24489112
24488608
24488527
24486284
24485810
24484463
24482651
24481953
24479444
24477003
24476812
24474577
24474498
24471416
24470482
24468720
24466599
24466582
24464308
24463163
24463062
24463060
24463058
24459290
24455094
24447528
24444650
24440332
24439543
24438946
24437006
24432872
24430916
24425227
24421537
24405638
24405549
24400802
24399478
24385595
24385535
24385337
24383983
24383939
24383759
24381153
24381147
25932358
25870741
25750589
25750588
24373728
24235329
24361757
24360850
24351881
24350682
24343728
24342793
24341332
24340361
24338742
24338453
24337438
24334158
24332698
24330006
24329188
24326696
24324947
24319220
24319155
24319019
24316087
24315894
24313307
24309547
24308139
24307720
24306104
24301324
24297869
24297711
24296431
24296391
24292108
24291858
24291857
24288386
24287930
24287886
24279137
24276249
24275169
24262327
24259738
24259704
24254991
24251364
24248312
24231693
24231121
24226379
24225975
24224681
24224462
24218999
24211508
24206968
24200350
24196230
24182642
24180541
26835051
26021177
28496896
24170234
24170233
24167902
24167900
24167897
24164615
24163322
24159232
24157562
24157084
24156243
24155855
24155721
24154891
24154682
24150953
24150711
24144709
24138653
24136072
24135964
24132624
24132190
24130137
24127170
24120221
24119252
24115699
24112951
24112749
24112123
24108232
24108193
24104195
24102472
24101932
24096615
24095214
24092646
24091709
24088351
24085625
24084680
26992768
24076164
24072689
24072176
24069073
24066371
24060736
24057396
24055744
24054537
24054476
24053656
24053094
24052775
24052022
24045761
24038412
24038020
24030842
24026242
24025228
24024556
24021678
24019755
24016506
24015818
24014771
24009224
24009027
24007323
24006149
24000079
23999974
23996149
23993902
23992517
23990204
23983245
23982176
23974463
23973952
23972819
23966309
23964817
23962641
23958379
23954605
23954093
23953909
23953905
23953904
23953903
23953901
23953900
23953899
23953594
23948115
23945725
23943978
23943094
23941071
23937286
23935012
23935011
23928870
23928868
23928358
23927679
23925867
23921688
23920616
23920566
23918929
23914351
23910562
23909016
23907550
23906940
23906679
23903204
24049843
23895025
23892201
23886458
23885262
23884865
23884560
23881290
23876750
23872824
23869674
23866358
23866080
23860880
23809119
23809118
23852184
23849097
23846019
23843493
23843046
23843045
23839801
23834818
23829955
23829521
23828145
23823345
23819181
23816780
23816779
23816673
23810130
23809927
23809737
28496855
28496851
23807281
23805771
23790596
23797696
23797535
23797530
23794179
23791363
23787233
23786894
23781667
23778921
23778903
23772329
23763937
23763229
23759472
23758442
23757261
23755731
23753250
23751604
23750513
23746003
23744743
23739841
23737571
23709725
23726849
23724024
23723250
23723113
23723109
23721623
23719786
23710884
23706757
23704912
23703699
23703341
23701516
23696697
23695644
23694879
23691304
23689703
23687449
23684591
23683607
23681109
23680115
23677804
23677507
23677504
23676348
23672991
23672179
23670121
23669885
23668445
23664436
23663653
23663356
23663291
23662321
23659614
23659584
23657589
23657428
23657131
23656803
23647928
23640529
23640528
23653173
23651023
23649961
23645926
23645691
23645221
23642380
23639500
23639467
23638610
23633049
23632424
23631591
23628464
23625942
23625324
23625209
23621153
23619611
23619202
23618698
23616817
23615656
23615428
23613095
23612219
23602865
23602689
23602147
23597953
23597292
23595516
23592342
23591934
23591586
23590929
23588782
23581252
23579966
23578305
23578221
23578206
23572189
23568790
23558869
23557519
23548197
23546483
23545828
23533172
23532364
23530987
27905748
23482544
23482543
23525421
23525418
23524219
23523077
23522810
23519598
23518332
23515956
23514989
23514988
23513780
23506859
23501173
23499350
23489450
23487517
23452748
23482736
23482597
23481478
23481074
23480217
23473948
23473063
23467749
23467222
23466969
23466968
23466966
23466965
23466963
23465299
23460104
23456774
23456572
23456539
23453406
23452238
23451962
23450798
23449379
23448155
27170969
26109922
24199270
23447024
23444501
23443153
23438423
23432345
23426079
23423939
23423913
23417780
23415960
23414291
23411548
23409645
23408233
23407628
23406262
23405833
23402464
23402235
23397554
23396492
23395790
23391196
23387806
23385736
23376975
23371873
23371819
23369212
23365716
23160016
23358203
23352307
23350877
23348922
23347140
23347087
23344475
23344100
23342320
23339812
23337923
23337406
23337178
23335567
23331902
23331435
23328267
23328227
23324094
23322134
23321607
23320796
23316592
23316289
23314804
23312927
23306559
23305998
23305460
23300348
23300344
23300013
23299196
23299032
23298923
23297815
23292752
23289170
23287784
23287592
23287091
23286429
23279062
23276529
23276253
24749116
23258202
23257951
23256818
23251767
23249867
23248645
23243913
23241423
23239209
23237759
23233646
23233631
23233630
23233628
23233620
23232666
23229461
23228321
23224686
23220122
23218999
23217220
23217208
23217107
23216682
23213626
23212720
23212107
23208014
23192448
23186063
23185817
23183958
23183291
23180880
23179181
23176226
23167273
23160864
23160166
23159904
23159229
23155674
23153406
23150654
23150473
23141847
23137921
23136102
23117716
23117647
23117646
23129485
23124653
23117725
23117669
23117666
23117663
23114798
23114527
23108575
23098395
23096369
23096017
23095463
23093266
23093044
23092064
23089941
23089119
23086101
23086091
23080362
23076894
23075316
23071159
23070825
23069229
23067869
23067175
23065946
23061706
23058158
23054464
23049730
23047901
23047421
23045839
23045735
23041981
23039877
28496778
23038688
23036279
23036234
23033347
23031461
23030284
23027790
23026665
23024860
23023509
26192003
23018795
23018567
23018470
23014894
23013706
23010709
23009824
23001018
22999414
22997573
22996140
22993014
22989603
22983187
22973107
22972051
22970706
22961244
22966889
22961946
22959552
22959543
22959542
22958943
22958146
22955724
22955200
22952653
22952215
22951363
22946769
22941020
22939430
22936704
22932307
22926743
22923355
22923275
22918481
22915978
22912386
22907842
28496755
22897223
22895926
22893509
22892446
22869839
22682209
22682208
22682207
22682206
22859395
22858389
22847619
22845814
22835715
22834998
22830344
22828994
22827490
22826692
22820716
22820359
22819909
22818021
22811404
22800505
22795414
22795403
22793260
22788384
22787066
22783307
22782311
22782297
22782073
22779338
22777269
22773537
22763922
22759630
22751745
22745997
24991327
22744711
22742650
22742649
22740145
22740012
22738309
22734794
22734713
22733833
22732252
22726885
22718404
22709744
22708100
22706657
22698551
22696936
28496748
28496746
22693776
22682126
22682118
22691670
22690880
22690484
22689931
22685854
22684583
22684209
22684153
22676192
22674970
22669799
22668618
22660688
22651881
27123511
22648513
22648492
22648491
22648490
22644720
22644719
22641973
22635217
22628450
22616561
22611046
22610721
22608466
22607858
22595815
22592953
22592842
22578371
22584941
22579139
22574644
22573171
22571356
22570582
22565860
22565619
22565533
22564124
22564122
22551976
22549502
22547173
22545279
22541031
22541030
22539099
22539098
22539097
22539096
22536678
22536567
22535516
22533803
22533680
22528556
22528326
22528281
22522851
22520397
22516728
22516726
22509878
22499734
22497820
22497277
22496694
22495328
22495138
22494827
22491734
22489957
24279001
22475258
22473220
22473219
22467528
22465061
24062894
22696775
22458045
22452616
22452132
22451852
22450212
22449293
22447578
22446690
22443239
22440950
22437976
22435901
22433576
22431891
22424854
22417716
22417713
22413717
22413715
22407747
22401685
22399304
22396699
22395015
22390628
22389052
22388002
22387584
22382136
22376271
22375363
24991315
22536611
22374861
22371186
22370770
22370610
22367852
22357373
22355190
22353708
22353706
22345595
22344774
22343277
22342526
22338910
22336844
22315272
22315271
22315269
22315268
22315266
22315265
22315261
22315259
22326057
22322584
22321278
22320249
22319005
22318514
22318218
22317799
22313346
22308809
22308803
22306274
22305462
22304928
22294759
22293053
22292869
22290807
22290467
22287864
22286737
22279699
22277458
22276081
22265646
22264937
22264366
22259168
22245761
22240968
22225856
22224125
22221937
22209612
24288086
24281408
24281379
24175070
23650469
22202495
22196778
22193838
22192158
22187399
22184880
22175718
22174593
22172097
22169573
22161077
22153026
22152517
22149257
22146937
22143470
22143201
22143126
22137797
22130800
22130488
28352399
22127508
22127212
22125670
22124808
22122182
22122181
22119500
22116191
22114781
22114699
22111868
22111776
22094310
22093613
22084696
22084664
22084332
22083637
22082896
22082142
22081129
22077529
22077430
22077374
22072096
22066355
22056819
22054632
22047822
22046771
22045525
22041946
24278997
22023256
22018997
22018798
22014849
22013445
22012548
22009202
22008738
22007032
22006666
22006185
22000094
21995885
21992898
21852212
21988948
21988049
21986465
21983111
21981797
21981701
21978501
21978327
21975030
21961482
21960573
21959701
21953853
21952601
21949493
21946939
21938710
21937093
21935704
21934723
21934488
21931126
21930652
21925716
21923606
21923605
21921048
21918741
21914559
21914161
21911832
21911784
21911247
21910061
21907395
21900891
21898757
21895980
21893631
21890569
21890302
21889320
21883447
21883387
21881392
21880698
21875722
21870978
21864021
21856805
21851801
21851388
21844089
21838657
21833919
21833456
21831129
21824384
21820844
21819239
21817082
21816811
21815482
21812252
21810658
21781271
21781263
21781237
21807399
21804103
21800002
21797743
21792562
21789337
21782438
21775690
21775389
21769259
21751986
21750309
21750020
21748282
21747349
21745652
21745216
21741791
21740550
21740405
21703586
21730835
21730276
21729240
21725053
23569682
21713592
21713318
21711417
21709932
21690025
21687916
21683480
21678361
21678357
21678330
21674571
21671699
21668558
21655682
21652561
21651319
21649596
21647574
21645235
21642050
21640341
21638223
21630162
21628306
21623708
21621251
21617968
21615247
21611919
21609670
21605928
21605730
21584847
21570107
24765283
21562976
21562147
21557816
21555690
21553781
21553655
21545990
21541835
21540406
21538731
21535992
21533567
22528179
21526168
21517641
21520286
21517891
21515865
21511826
21507031
21491394
21477846
21474406
21474171
21469766
21468696
21466367
21464353
21464349
21460399
21456505
21455859
21455854
21453708
21453274
24688616
21452031
21451439
21446897
21445774
21441766
21441645
21438804
21430608
21429637
21428138
21423021
21421599
21418182
21418150
21417859
21416391
21415134
21411756
21411211
21411208
21404143
21402235
21400007
21387168
21386068
21380552
21371740
21371701
21365388
21362126
21359409
21358752
25299557
21345266
21343282
21343260
21336804
21335484
21331558
21329865
21328283
21328214
21327509
21327508
21327504
21327503
21321468
21311820
21309657
21298649
21296385
21292607
21291575
21286676
21284358
21282258
21274594
21274510
21274401
21273734
21254944
21254865
21250974
21246392
21241354
21239798
21239724
21239697
21228405
21226611
21207349
21206260
21205949
21198721
21195993
21193422
21193197
21193114
22765933
21192345
21189363
21185864
21185752
21183652
21181335
21180223
21176310
21176102
21175439
21172721
21168374
21162607
21162605
21161329
21159363
21158950
21157725
21155965
21155624
21154368
21147728
21144965
21143512
21143166
21143164
21137024
21128814
21127176
21125969
21125812
21120157
21112103
21111937
21110192
21110013
21103663
21093906
21089715
21086074
21082292
21073994
21073580
21071317
21069507
21069505
21068076
21064013
21059104
21057712
21052837
21047576
21044021
21032868
22834058
20979595
20978134
20971252
20967400
20965952
20964985
20964460
20964018
20960395
20953740
20953171
20950840
20948848
20946197
20941459
20936927
20934556
20934550
20928982
20927689
20876495
20925012
20886195
20885300
20885298
20883061
20877452
20869102
20860735
20858186
20858185
20858182
20857675
20855797
20845885
20844464
20842554
20842552
20842355
20842179
20841829
20838451
20833980
20833655
20832211
20826296
20824268
20818242
20811787
20809275
20802990
20802329
20800801
20736345
20735727
20718760
20717013
20714458
20712539
20709439
20703972
20699080
20694545
20694284
20694283
20688006
20685676
20664899
20663051
20659659
20657677
20655037
20653669
20645985
20645066
20644609
20637959
20635460
20630568
20628660
20626755
20626653
20626551
20622200
20618331
20617421
20617418
20617417
20613508
20603039
20598761
20597268
20585834
20584215
20581661
20579077
20555096
20570088
20553560
20553291
20539909
20538908
20535013
20532730
20517940
20514955
20508907
20497562
20497295
20487594
20486996
20484211
20484119
20478691
20433986
20460986
20460758
20460350
20458438
20456755
20441474
20435662
20432867
20425168
20425104
20419336
20410856
20410447
20386545
20404060
20402553
20393944
20386004
20384848
20376629
20375999
20375882
20362363
20362347
20360976
23804063
23074569
20354686
20354170
20353992
20352171
20352167
20346414
20339978
20338779
20332192
20306240
20303508
20301041
20234784
20233976
20223102
20221980
20218178
20211925
20211294
20211293
20211292
20205664
20204461
20200517
20199386
20197558
20186683
20177848
20174759
20172985
20171411
20170841
20167958
20167114
20159423
20153025
20151978
20149620
20147896
20144498
20140906
20139364
20135071
20135059
20128869
20103080
20121287
20117825
20111969
20110994
20107757
20104931
20102486
20088926
20087759
20077167
20072124
20069471
20065263
20059668
20051286
22753159
22485118
22282691
22134997
22084660
22084658
20013333
19996844
19936577
19882303
19877246
19686083
42436946
42436413
42433070
42432791
42431069
42426343
42424791
42413819
42412361
42411801
42411791
42411384
42409706
42405400
42405235
42401804
42398947
42392916
42392108
42385141
42382444
42377292
42374978
42367568
42367450
42367300
42366775
42364939
42362135
42361491
42355832
42351464
42343974
42336120
42328186
42322916
42322885
42321609
42318991
42318380
42315384
42315138
42312455
42308519
42278947
42275706
42275463
42269153
42254302
42240760
42238268
42233542
42231505
42224838
42223336
42222111
42215007
42206096
42194078
42190734
42187550
42185692
42178279
42177744
42177743
42171868
42164031
42163778
42162989
42161443
42152256
42148709
42132197
42128628
42128060
42126945
42123380
42123132
42122996
42116979
42115581
42115399
42098580
42093017
42092350
42091047
42088901
42087546
42080815
42075654
42072942
42067060
42065175
42059513
42058359
42057843
42056366
42048077
42041986
42041956
42038682
42032668
42031612
42019946
42017068
42016519
42012628
42011449
42009494
42008144
42007743
42003213
41995292
41994541
41992296
41986202
41985943
41985012
41970616
41968327
41960787
41954313
41948270
41941461
41938461
41935660
41928303
41926344
41924888
41916623
41914366
41914001
41910938
41910347
41903054
41901613
41899714
41892697
41885288
41876318
41859898
41858949
41856500
41850310
41848355
41848031
41847413
41845167
41834631
41827452
41827370
41827316
41822618
41822222
41816866
41809815
41805282
41805281
41793101
41791665
41790714
41790410
41788809
41786206
41782166
41780558
41773593
41769691
41768631
41763902
41760391
41759890
41754906
41754756
41749338
41748370
41741171
41733518
41726057
41721545
41719455
41718298
41718220
41717919
41712793
41712168
41709690
41702389
41701347
41694544
41694039
41692100
41689949
41689732
41682971
41682673
41677342
41676185
41674238
41672694
41671971
41671607
41669972
41668691
41662879
41660516
41658977
41657691
41656124
41649572
41649565
41649510
41641617
41638578
41638577
41634587
41634269
41632573
41631998
41630022
41621797
41616080
41614532
41614294
41614257
41604610
41603031
41596541
41592866
41589822
41587120
41582894
41576258
41571953
41567967
41564909
41560781
41559250
41553510
41553319
41552757
41552755
41551567
41550412
41541414
41536410
41531878
41525219
41524070
41517478
41512386
41509895
41503437
41503325
41496618
41492218
41481996
41478444
41472373
41469064
41467823
41466828
41465069
41464761
41464689
41464637
41462939
41461958
41459663
41459634
41458463
41457357
41448065
41443371
41440869
41440488
41432890
41431487
41428972
41428436
41427999
41426769
41424752
41424534
41415926
41401404
41398616
41398102
41397562
41387349
41380911
41377452
41373035
41369295
41358859
41355227
41349866
41348536
41347302
41343272
41332161
41325444
41325443
41319857
41317185
41316911
41315169
41308860
41306267
41304971
41303182
41303114
41303062
41303017
41301746
41293602
41292445
41288078
41278527
41275204
41273741
41273151
41263742
41263447
41251986
41242982
41242355
41232402
41230862
41229637
41227215
41227038
41224177
41216431
41211917
41211776
41209961
41208612
41206679
41206237
41190358
41187332
41184691
41182346
41178907
41177819
41169345
41169301
41165468
41162205
41156197
41156061
41154573
41151373
41149852
41149265
41148949
41148788
41146925
41145687
41141844
41139707
41139136
41137789
41135789
41134181
41130361
41130269
41128170
41118187
41116833
41112353
41109273
41108909
41106151
41102667
41100307
41095818
41095776
41089700
41086561
41084563
41082504
41079579
41072734
41072234
41069611
41065229
41065070
41057540
41055700
41054666
41046019
41045869
41041246
41026791
41018291
41018283
41017435
41004027
40999805
40997282
40993026
40992408
40988731
40983289
40981004
40974629
40967361
40960591
40943771
40939110
40933018
40930502
40930379
40928759
40925933
40925065
40923982
40917545
40917186
40910473
40891003
40889786
40887168
40887098
40877357
40869581
40869542
40868278
40868104
40879863
40878138
40875737
40863119
40862295
40859838
40858449
40849614
40850342
40846025
40841075
40838814
40831539
40829759
40828405
40821827
40820827
40816491
40807095
40794615
40777721
40774121
40769671
40766961
40765555
40761267
40761167
40748729
40746239
40740155
40727945
40727096
40720978
40719909
40719144
40714858
40714335
40710796
40706143
40706131
40704479
40701438
40697654
40697544
40688048
40683432
40680462
40678676
40678356
40675206
40674150
40673204
40671343
40667798
40663622
40660569
40649063
40648883
40646266
40638916
40636618
40634145
40621007
40616639
40611485
40608933
40607911
40607850
40600068
40599362
40593455
40592722
40590793
40589299
40585598
40578889
40571281
40568296
40558229
40555981
40552976
40551307
40549033
40546341
40544392
40541364
40540081
40537351
40537301
40536820
40525382
40525254
40525206
40521047
40520410
40518172
40507457
40500083
40499916
40497467
40492254
40490368
40488921
40488611
40486638
40486579
40485718
40485694
40476700
40468697
40468540
40466270
40460572
40456581
40449604
40449534
40443845
40429949
40426626
40418575
40413044
40406055
40401657
40401656
40401655
40395561
40390869
40390785
40389391
40389231
40384343
40377853
40377279
40376357
40376280
40374116
40371611
40370912
40370130
40366898
40366897
40366320
40363949
40357438
40356968
40353824
40348694
40344935
40340094
40339909
40339465
40334453
40331313
40327061
40322032
40315031
40303589
40303208
40302837
40300679
40300364
40298249
40293607
40291263
40291244
40286375
40283421
40276422
40273639
40270670
40266484
40261502
40256444
40256146
40248290
40242033
40241146
40237713
40236287
40234924
40224277
40223938
40222370
40222342
40217678
40209781
40208135
40190678
40188746
40186705
40186701
40178736
40177510
40172192
40171295
40170464
40160594
40160592
40151884
40151394
40149514
40144845
40144413
40143006
40142937
40142236
40137084
40129765
40117694
40117063
40115662
40115404
40113083
40111444
40109295
40108164
40105953
40104835
40101332
40097002
40095578
40095541
40094917
40092469
40091663
40083390
40076254
40072788
40066341
40061100
40058133
40053073
40051946
40040711
40015335
40009845
40005984
40004703
40003404
40000335
39998941
39994875
39993785
39993439
39991882
39991637
39989443
39988902
39986999
39986309
39985393
39985306
39980789
39973422
39970904
39966253
39963658
39960169
39958405
30020719
39950453
29939529
39941682
39941667
39938684
39937029
39936736
39934933
39930954
39930444
39930406
39924624
39924380
39923948
39921512
39918467
39918252
39917355
39912270
39910883
39906152
39905505
39904549
39903632
39900192
39898907
39898138
39896937
39895535
39895532
39893780
39892177
39892165
39891866
39884742
39872878
39868562
39867171
39864856
39857632
39855271
39845789
39844428
39843398
39841678
39840185
39838945
39832940
39831680
39825854
39822636
39820953
39805630
39804968
39793412
39790712
39787902
39776750
39775525
39774588
39768679
39764287
39756929
39748673
39744289
39743621
39741630
39738187
39737787
39731770
39729166
39728038
39721668
39713224
39708000
39694261
39693729
39692269
39687922
39686633
39681025
39680399
39679378
39677159
39675417
39672479
39671130
39670786
39664520
39660571
39658440
39658037
39657907
39655388
39655196
39654831
39654103
39654095
39645044
39644000
39643068
39636946
39620291
39619886
39615399
39614034
39613206
39607462
39598370
39597986
39594219
39590209
39588428
39587933
39586827
39586485
39583502
39583376
39582522
39581233
39571244
39568775
39567396
39559633
39557455
39557109
39552491
39551171
39546473
39538376
39527392
39525787
39522670
39522342
39518634
39510232
39508173
39505000
39502066
39496190
39493312
39492109
39491548
39486452
39479767
39477428
39477420
39476316
39474595
39473754
39471166
39458177
39457555
39452506
39446561
39439867
39439440
39439239
39438090
39434362
39432641
39432236
39431716
39426320
39416243
39407867
39397498
39396831
39387964
39394165
39393780
39393778
39388664
39376688
39374636
39366421
30085567
29261922
39365213
39362574
39355909
39355581
39348045
39344785
39344685
39344366
39338256
39337109
39335749
39331637
39329477
39326283
39324035
39323260
39318305
39317256
39317217
39315443
39314834
39312541
39311651
39311125
39311062
39308615
39306346
39297938
39299734
39299270
39291726
39288907
39286890
39286733
39286604
39283750
39267388
39274988
39274496
39274407
39266966
39266008
39265937
39265798
39248280
39248098
39245607
39233011
39230543
39221828
39216123
39202728
39202575
39202521
39201414
39200872
39199344
39198152
39197976
39190578
39190564
39184779
39182487
39175528
39174150
39171137
39168571
39165614
39158599
39156380
39154903
39154023
39153114
39145999
39143401
39141209
39140874
39139554
39137373
39135485
39135448
39130902
39130025
39128187
39126462
39124781
39122204
39120758
39120240
39119987
39115608
39112732
39109234
39107635
39105372
39102215
39102124
39100819
39100545
39097153
39096439
39094727
39094669
39092362
39089838
39089758
39089480
39088218
39086888
39082575
39080305
39080118
39077565
39076938
39076934
39076565
39075753
39074810
39067278
39056431
39056346
39055247
39045686
39042643
39040629
39039739
39039686
39038643
39037076
39036303
39032588
39032510
39029742
39028879
39028784
39027972
39027946
39027879
39027793
39024475
39017921
39008221
39007961
39002733
38999350
38999334
38990003
38984712
38983579
38976927
38976611
38976608
38976606
38976605
38976604
38976603
38965203
38964831
38963723
38962633
38962600
38958388
38955399
38952515
38952201
38947715
38947169
38945667
38945474
38943034
38939675
38939389
38935740
38925683
38925332
38922590
38920231
38920229
38915432
38915283
38913220
38906776
38905928
38905283
38902869
38901839
38899782
38894767
38893525
38892787
38892776
38888914
38878021
38876331
38875846
38864452
38860185
38858344
38852797
38849073
38847262
38845369
38839266
38833432
38831793
38829189
38828563
38824485
38823454
38823378
38817547
38816766
38816212
38814293
38813294
38812988
38811209
38803430
38802637
38797753
38795872
38786095
38782795
38782168
38780169
38778745
38774425
38773162
38772568
38771998
38770962
38770519
38766665
38765210
38763847
38763817
38762438
38755424
38754777
38754272
38753086
38747240
38744617
38744424
38741421
38739708
38735483
38729577
38728742
38728459
38726922
38726103
38716521
38710155
38710082
38706248
38704897
38701880
38699102
38697397
38694361
38688672
38688268
38688206
38686648
38686358
38684879
38683504
38681325
38681055
38680998
38680643
38679736
38673694
38669963
38667729
38657869
38650729
38644463
38644406
38644068
38643521
38639359
38639124
38638777
38638015
38637841
38636204
38633615
38626900
38623981
38623474
38622445
38622277
38613654
38612984
38610774
38609756
38606775
38603617
38597576
38592207
38590988
38581551
38580558
38580430
38580096
38579940
38576935
38569860
38567789
38567679
38565389
38561977
38560733
38555641
38553978
38552497
38547694
38545505
38533299
38532938
38531587
38525862
38525596
38521486
38517440
38510368
38510285
38505052
38505020
38493886
38492735
38491267
38487942
38481950
38481589
38478250
38475752
38468834
38467144
38466304
38466279
38466270
38465040
38460882
38458580
38456903
38451960
38446148
38444941
38438726
38437952
38429631
38413147
38412982
38409653
38406259
38404942
38404451
38402466
38402362
38401647
38390987
38388294
38387299
38385425
38381695
38381387
38378308
38375893
38374959
38371309
38366954
38362605
38361728
38361015
38355270
38355269
38354834
38353592
38346413
38340046
38337435
38336370
38335064
38327164
38322693
38321367
38320592
38320170
38320162
38319533
38319470
38317247
38310861
38307927
38307792
38303916
38303489
38302139
38298199
38294497
38293857
38292452
38291925
38290732
38286124
38281231
38281089
38274925
38269130
38264923
38264795
38256448
31334989
38252742
38252269
38250215
38246319
38241183
38238225
38233019
38231576
38230495
38222867
38214282
38205270
38202279
38202101
38202072
38202037
38199712
38199711
39163444
38196141
38194191
38193470
38193047
38190093
38189503
38186872
38184126
38181816
38180321
38178572
38174218
38174217
38172964
38167800
38167799
38166972
38164780
38163323
38161290
41577475
38154516
38153875
38153684
38153665
38142441
38142404
38140830
38137642
38136433
38128762
38127261
38118388
38117425
38116402
38116077
38114724
38112734
38108919
38107638
38107456
38103148
38097269
38092882
38089488
38088256
38087664
38076348
38076271
38066910
38057072
38056770
38056515
38052147
38046493
38045860
38045109
38043918
38038171
38038010
38037007
38036277
38035566
38032364
38031868
38028683
38027839
38021921
38020057
38019815
38019090
38018889
38014696
38014658
38010520
38009355
38003888
37999669
37997897
37996330
37996163
37995144
37994550
37992729
37991392
37983035
37976734
37970201
37965168
37956458
37953511
37952187
37951634
37950897
37949652
37945350
37933498
37931675
37930588
37929746
37927673
37926630
37918777
37914656
37905915
37900900
37900057
37899090
37898954
37897463
37892737
37892697
37886734
37882319
37879969
37872943
37872658
37858298
37850550
37848174
37848006
37847280
37847277
37844719
37842943
37839150
37838241
37838070
37837206
37835798
37829214
37827285
37823759
37814735
37813368
37812245
37811033
37809237
37795477
37791408
37781690
37780701
37779850
37779187
37778038
37776848
37775786
37775333
37772087
37762897
37758192
37754756
37753446
37752022
37741121
37741105
37732457
37731994
37731522
37728737
37728553
37719975
37719867
37719000
37717788
37716784
37713182
37707648
37704534
37704071
37703679
37697799
37688288
37682197
37682131
37680096
37673103
37671416
37670818
37660316
37652271
37651058
37649304
37648582
37648560
37641427
37639201
37639078
37636426
37634679
37634130
37625457
37622606
37622590
37621276
37621213
37620129
37611779
37605804
37605063
37601024
37598356
37597862
37596725
37594666
37588614
37586394
37586071
37584025
37583332
37580355
37580139
37579865
37573220
37572208
37560283
37559102
37554390
37550807
37548681
37547612
37547561
37545173
37544845
37544618
37544143
37544136
37538990
37533609
37530541
37528405
37522827
37510929
37502350
37498363
37494706
37487472
37483262
37482192
37478021
37470633
37467745
37466000
37465619
39516816
37456348
28613764
37453256
37452632
37451735
37445369
37440757
37439461
37438054
37437504
37436398
37429703
37429508
37427548
37427356
37427194
31869059
37422330
37419006
37415195
37407220
37405677
37399842
37398870
37398796
37397240
37393728
37391096
37390799
37390524
37390311
37385211
37377481
37373956
37372735
37369234
37368848
37366141
37360203
39077529
37355246
37354547
37352701
37348321
40026464
37345034
37342814
37341894
37338878
37337574
37337123
37330507
37330162
37326429
37324774
37324622
37321829
37321159
37313284
37310921
37310479
37308246
37308066
37306492
37305887
37303325
37301770
37292568
37292062
37291702
37285903
37280706
37278029
37272034
37263768
37261677
37261475
37257512
37252193
37246474
37246114
37244382
37243963
37240571
37227566
37227293
37227204
37225019
37219825
37218689
37214448
37207560
37204716
37204706
37201695
37196920
37188504
37186560
37185198
37181468
37178051
37174043
37171365
37170893
37170311
37169875
37169490
37168417
37163383
37162778
37161313
37154599
37148437
37145342
37144590
37143461
37141945
37140824
37139934
37138193
37132104
37125752
37125272
37116752
37115683
37115488
37113896
37109685
37108998
37108042
37106692
37103030
37097630
37097070
37094196
37091637
37091632
37081479
37080485
37079758
37073185
37070796
37070473
37068027
37065401
37061614
37058421
37057840
37057837
37042255
37041727
37039408
37030031
37029314
37028991
37028979
37028263
37022508
37021153
37020973
37017080
37016321
37014881
37014375
37013704
37011391
37009745
37001973
37000581
38938293
36996874
36996134
36995540
36988142
36983237
36976496
36974469
36971847
36971601
36969833
36968941
36968249
36960109
36944493
36941980
36941824
36941126
36940171
36940069
36934339
36928879
36928609
36923956
36916815
36915865
36911539
36907719
36907451
36905699
36902656
36896908
36893934
36891523
36890843
38938310
36880139
36877969
36876251
36874771
36872594
36869199
36866678
36865022
36864741
36861431
39077494
36856274
36853156
36849314
36849186
36844734
36843402
36837619
36837547
36837457
36836011
36831090
36827672
36827667
36827286
36826561
36826537
36824536
36823470
36820873
36820238
36817938
36817227
36817122
36815218
36814687
36814196
36807818
36807817
36804556
36803293
36803019
36799080
36796485
36795127
36795067
36793489
36792010
36788244
36776257
36775218
36769872
36769789
36764085
36758612
36757656
36755762
36746889
36741597
36739307
36735555
36735211
36730651
36730534
36730294
36724817
36720562
36719803
36718615
36714910
36710581
36709432
36707441
36707437
36703862
36700666
36700497
36700167
36697102
36694536
36692658
36691239
36690928
36690600
36684554
36676804
36674204
36662497
36660168
36655538
36651369
36646109
36636503
36633082
36631136
36628223
36626899
36624790
36624331
36609317
36603813
36601886
36598300
36594528
36593002
36592467
36584698
36582886
36581361
36575068
36574241
36571829
36571776
36568540
36561308
36554047
36549192
36541626
36540148
36538031
36530841
36527354
36525969
36524251
36520646
36513051
36508285
36495662
36483763
36479961
36478754
36478018
36472719
36462533
36462135
36456387
36452204
36451221
36447605
36446317
36445445
36444235
36443990
36440479
36435577
36434838
36433678
36427202
36425234
36422567
36422299
36413692
36410034
36409167
36407448
36407247
36406965
36402221
36400669
36400415
36386238
36384469
36371664
36370988
36366730
36362798
36362611
36362496
36356019
36354765
36352947
36352057
36349086
36343796
36343108
36341125
36339361
36336614
36336118
36335915
36332527
36331618
36328157
36328154
36328137
36325674
36323905
36323281
36323169
36321924
36321873
36318457
36318378
36316100
36314863
36312270
36311931
36307630
36303695
36300419
36299971
36297321
36294717
36291080
36286928
36286303
36278225
36277765
36272841
36270246
36269306
36264386
36257903
36256482
36252171
36250531
36249602
36247477
39077147
36244853
36244517
36244055
36243102
36242746
36237964
36237873
36233581
36231257
36231248
36229879
36229221
36227869
36223805
36213364
36213361
36210563
36210551
39077138
38560657
36208925
36208798
36208621
36206169
36203998
36202288
36201473
36194215
36186105
36182083
36179772
36179309
36176998
36174605
36172961
36172878
36169124
36168241
36166340
36163564
36150513
36145366
36143204
36143102
36137682
36134060
36129273
36126158
36125842
36123930
36121817
36121557
36114791
36114418
36111493
36106537
36106226
36102569
36102567
36102068
36100547
36100400
36099074
36097930
39077723
36096704
36095313
36094573
36093129
36086772
36085242
36082252
36078915
36075567
36069749
36066724
36065821
36065470
36063197
36062815
36062055
36061545
36052844
36051122
36045832
36040563
36037021
36036525
36035947
36031046
36030549
36030074
36017744
36016569
36013082
36009548
36008778
36006613
36004157
36000450
35997941
35997555
35997262
35996159
35992565
35989924
35988443
35986867
35984591
35983667
35981482
35974708
35966547
35966544
35965066
35964887
35964704
35964703
35957664
35949883
35949132
35946695
35941300
35938419
35932849
35929051
35928910
35925265
35925055
35924672
35922516
35920373
35919270
35911529
35907829
35901908
35901007
35900898
35899137
35894752
35890305
35890093
35887851
35885863
35882615
39076635
35876418
35874854
35869411
35868355
35867933
35865641
35865380
35864677
35860888
35860059
35859947
35859782
35854203
35853612
35853346
35850278
35846040
35845074
35834523
35833176
35822847
35821907
35816060
35807298
35807073
35807032
35802810
35801301
35801133
35799551
35787710
35783817
35781059
35774731
37551377
35767717
35767124
35764401
35763663
35763128
35757576
35757447
39076895
35754012
35754011
35754010
35748323
35748017
35743633
35742605
39076898
35733454
35729578
35728645
35728601
35727608
35727285
35727284
35727281
35722107
35717269
35716659
35714709
35713695
35712973
35711251
35710343
35703478
35703043
35700183
35699915
35699781
35699512
35689348
35685589
35685531
35685496
35685257
35682326
35680133
35677737
35677694
35677518
35675030
35674104
35672102
35665262
35664412
35661552
35656940
35656931
35655531
35650018
35649428
35647061
35647049
35646264
35641530
35638950
35638063
35637093
35635615
35633124
35630109
35629177
35628832
35628569
35627512
35623902
35620541
35620258
35619723
35619140
35616848
35616509
35615562
35612866
35609823
35608144
35601714
35601436
35594736
35587227
35586656
35583412
35583186
35582854
35579733
35577580
35564979
35564748
35547458
35545071
35543807
35542895
35538232
35533994
35533748
35533394
35525202
35522014
35518523
35515510
35512229
35510250
35500822
35500739
35497792
35495861
35491419
35488127
35481366
35476901
35476221
35472458
35470995
35465898
35462945
35456283
35449605
35444556
35444089
35443000
35440328
35440299
40395880
39131954
35439303
35439299
35436607
35434047
35433891
35431952
35427444
35426602
35426089
35425821
35419669
35417935
35417739
35417028
35411538
35407553
35407480
35407449
39713552
35401979
35400334
35396339
35395931
35395094
35387437
35386093
35384487
35384000
35383658
35381071
35380455
35380415
35379235
35377263
35373849
35372665
35371461
35370126
35368325
35363159
35362089
35360925
35352882
35352367
35347478
35345265
35343515
35342819
35341071
35338038
35334555
35334514
35332571
35332559
35330486
35330460
35330364
35329845
35324035
35322490
35320217
35319395
35316943
35310376
35309585
35309578
35306032
35305871
35300253
35297395
35296907
35294625
35294623
35292950
35292921
35287704
35287588
35272796
35268498
35267051
35266798
35265981
35261442
35261295
35257027
35253983
35248058
35247148
35245945
35244709
35244208
35243876
35243870
35243515
35240723
35238757
35230637
35230636
35229642
35228757
35224414
35222019
35220447
35217969
35213632
35213379
35212508
35207259
35196442
35196441
35192216
35191958
35191294
35191074
35185408
35185407
35185406
35185405
35185404
35176109
35175155
35173285
35172988
35172456
35168754
35167115
35166091
35162472
35159964
35157495
35157250
35155976
35155632
35155550
35152746
35149398
35149036
35147007
35146323
35145644
35143602
35143601
35138967
35137946
35137335
35136585
35135751
35135308
35132677
35129890
35127843
35122912
35120766
35115097
35113495
35112242
35111826
35110612
35109829
35105600
35099999
35096995
35096994
35096459
35095064
35092194
35091457
35086441
35086339
35080357
35078523
39712255
35073576
35070801
35064298
35063183
35060062
35059549
35057639
35056446
35056366
35051972
35049239
35049019
35045616
35043414
35042230
35041061
35036824
35032886
35028410
35027138
35027110
35025986
35017196
35014175
35011742
35008518
35007172
35004899
35000500
34994832
34993401
34987749
34986908
34985309
34983073
34982455
34981424
34980845
34980238
34977926
34977167
34973879
34970918
34970469
34964471
34963120
34958942
34956557
34946276
34945764
34944719
34937557
34935409
34935068
34935033
34934804
34932197
34929687
34929422
34928322
34918480
34917658
34917209
34905910
34904182
34903821
34901803
34895750
34895441
34895253
34894638
34889434
34887945
34886795
34884375
34884228
34883097
34882113
34881309
34879420
34879226
34877446
34876979
34876044
34875702
34871048
34869639
34857666
34857493
34857082
34855786
34852380
34851259
34850288
34846783
34845116
34844473
34842406
34840836
34836355
34833415
34830548
34826377
34822108
34821695
34821558
34821510
34821203
34816745
34816705
34812585
34808105
34805320
34804464
34801919
34798896
34798098
34796718
34789364
34784597
34780886
34779140
34778390
34776943
34773920
34773381
34772494
34767564
34764202
34760289
34759208
34757635
34756593
34754932
34751325
34751053
34747514
34744710
34741012
34740490
34738217
34737236
34733522
34730205
34729079
34724841
34722686
34719795
34718756
34714962
34712941
34712338
34712049
34708314
34698469
34692393
34692356
34688480
34684491
34684165
34683155
34682739
34680932
34680252
34677571
34671967
34671819
34669950
34669102
34667920
34667316
34667256
34666811
34666314
34665284
34664401
34662918
34662916
34657532
34656296
34654442
34652608
34652572
34652485
34650936
34650373
34650114
34645643
34645642
34645389
34643934
34640629
34640554
34638134
34637052
34635526
34635480
34634252
34628868
34625983
34624084
34622445
34622377
34621422
34621421
34620135
34619337
34615534
34613576
34613575
34606635
34604802
34604247
34600964
34597376
34596345
34589359
34586928
34582035
34576055
34575348
34575306
34569367
34569249
34568462
34568446
34565066
34562201
34561412
34559488
34558337
34555148
34551881
34551637
34551038
34549782
34549781
34548336
34548147
34547386
34537376
34536992
34535300
34532628
34529945
34524620
34523845
34523813
34521333
34518074
34516454
34516270
34514213
34513379
34509421
34498777
34498537
34498416
34497668
34493301
34487722
34486094
34485812
34483213
34482164
34481785
34481513
34480553
34480550
34480456
34478944
34478592
34474770
34471877
34469922
34466605
34464520
34462932
34460210
34458121
34453675
34450125
34449183
34448932
34445237
34440866
34440481
34436708
34434468
34420077
34418291
34417050
34414289
34414220
34412027
34411235
34409636
34408787
34407990
34406879
34403992
34403701
34401468
34399433
34398204
34397907
34396323
34396250
34395048
34394718
34393072
34392517
34387565
34387131
34386125
34383369
34382204
34380108
34379859
34379219
34379034
34377911
37169025
34375048
34374748
34372782
34370024
34368263
34367844
34366151
34363736
34362143
34361996
34358104
34357838
34356907
34356239
34355372
34353601
34350851
34350617
34350609
34344494
34343739
34342730
34340993
34338944
34333631
34328205
34323982
34323117
34322706
34322086
34320504
34318606
34315233
34312888
34312424
34311567
34310654
34303775
34289653
34287841
34286492
34285747
34280980
34279598
34277237
34274294
34273971
34271885
34271110
34269375
34269295
34268343
34262952
34258380
34254133
34253684
34253047
34245119
34244745
34243749
34242404
34238512
34237811
34236320
34235192
34233467
34227275
34226195
38011461
34223913
34218761
34216379
34215884
37565019
34213298
34211827
34210028
34209595
34208117
34207296
34204086
34203416
34200741
34192898
34192404
34192400
34191234
34187638
34187575
34179979
34178359
34173286
34168105
34166270
34165680
34163431
34153976
34152697
34150861
34149824
34148469
34148351
34143317
34138972
34135993
34133395
34132973
34130370
34130366
34130341
34128075
34126640
34126639
34125304
34123949
34122113
34122105
34120532
34120335
34116580
34115857
34114733
34113800
34113202
34112315
34109658
34109494
34104863
34099410
34096584
34092760
34086768
34085510
34083692
34080321
34073370
34064390
34063991
34063719
34063203
34062566
34061283
34060704
34058767
34055524
34053708
34046861
34046282
34036778
34034648
34027284
34026385
34021676
34020460
34019247
34016840
34014322
34013988
34008145
34007161
34003661
34003404
33999163
33996936
33996647
33995605
33994305
33990842
33989982
33989088
33988835
33987278
33987126
33987116
33985769
33984465
33978991
33978367
33977211
33975877
33974752
33971682
33971681
33971679
33971678
33971316
33970796
33969568
33968307
33965611
33963511
33963483
33962480
33950320
33950207
33949923
33948795
33947618
33939992
33936903
33933364
33932172
33930905
33929686
33925501
33922331
33921867
33918627
33917717
33906609
33901765
33899226
33898065
33896375
33895864
33895845
33892489
33890375
33890242
33887335
33881237
33879460
33877670
33876243
33872690
33871577
33871328
33871040
33870028
33865530
33864534
33860911
33860518
33859915
33858866
33858727
33855654
33855052
33854746
33852611
33852473
33851399
33850917
33847681
33844751
33844060
33836092
33835334
33835038
33832217
33830867
33829647
33829045
33828378
33825417
33823884
33821580
33813916
33808367
33808041
33807457
33805625
33800767
33799956
33797773
33795273
34165939
34165933
33784265
33783553
33782016
33780200
33777573
33774918
33772939
33771253
33765420
33764010
33761699
33761634
33759649
33759542
33757376
33754259
33753537
33746024
33742992
33739074
33733345
33733044
33733025
33730164
33730015
33728927
33728146
33727795
33726903
33726018
33722539
33717896
33714657
33713286
33710520
33708570
33708474
33708120
33706049
33705844
33705244
33688171
33687782
33685380
33683537
33682570
33680011
33678660
33678134
33677744
33674992
33670475
33670408
33670220
33668315
33666825
33666824
33666714
33663474
33662877
33661477
33657853
38058707
33651326
33650246
33647941
33646603
33645506
33644649
33643050
33641678
36165375
33640447
33637173
33636745
33635173
33634847
33634559
33633574
33631081
33629763
33629014
33628491
33626906
33621361
33614342
33608239
33607088
33606006
33599330
33598557
33596677
33594899
33594452
33594032
33593994
33588777
33588452
33587483
33587284
33586465
33585495
33582861
33578352
33573188
33570633
33569503
33567467
33564743
33564401
33555916
33552723
33546442
33543854
33543639
33543516
33540176
33539283
33538623
33537547
33537541
33535377
33533929
33533555
33532693
33532155
33530544
33526502
33526452
33517730
33517553
33517536
33516717
33516411
33513644
33509604
33509064
33508338
33506483
33502773
33501722
33491506
33485122
33480813
33480405
33474902
33472782
33470938
33470571
33464938
33462950
33461308
33461208
33459792
33457143
33454696
33448547
33447527
33441477
33440670
33440173
33432890
33430922
33430632
33429124
33428092
33425559
33425390
33423512
33420738
33416918
33413835
33413599
33412904
33412613
33411231
33406996
33403486
33401531
33400827
33399707
33399700
33398361
33393861
33391859
33388184
33386604
33386242
33381777
33380946
33380943
33380942
33379379
33376941
33375495
33374341
33373024
33370969
33370222
33369919
33368113
33368112
33362699
33361315
33359200
33358653
33355273
33354748
33352771
33351537
33351120
33348392
33346950
33338644
33337539
33332303
33331173
33329805
33327796
33326304
33325604
33324333
33321486
33315494
33314621
33313467
33313466
33313122
33313009
33312036
33310887
33310644
33308867
33308848
33308246
33305813
33305786
33305224
33296688
33295728
33294920
33294240
33294148
33290737
33284572
33283377
33279783
33279389
33273012
33272397
33262185
33259235
33254525
33254037
33253294
33252603
33249962
33249698
33249467
33248499
33247808
33247017
33246169
33245368
33245110
33243152
33243038
33242617
33242445
33242277
33234672
33234210
33231106
33230038
33227655
33224757
33224644
33222927
33222589
33221894
33220564
33220362
33220361
33219462
33218693
33216197
33214129
33213849
33212808
33208582
33206333
33206202
33205728
33205449
33204971
33204959
33204513
33204177
33202413
33199530
33198388
33198115
33197580
33193025
33190965
33184662
33184127
33180323
33167503
33163856
33160289
33155968
33155327
33154105
33153628
33150497
33150496
33150132
33149806
33148013
33144679
33144120
33140538
33134784
33134323
33133475
33130878
33129818
33126051
33119722
33119069
33118463
33117822
33116897
33113153
33112125
33110242
33107345
33105504
33098470
33095212
33094836
33094665
33093818
33093817
33090530
33088232
33088231
33087117
33085751
33084087
33078911
33078629
33077273
33076509
33072885
33070895
33070473
33069639
33067328
33066940
33066188
33063370
33063123
33063112
33062927
33061326
33060545
33059547
33054057
33053622
33052578
33047462
33045766
33044735
33044680
33038936
33038228
33038027
33034806
33034105
33033854
33030858
33029651
33026843
33024397
33015358
33014453
33014097
33013422
33013072
33012172
33011964
33011638
33010157
33007077
33005651
32999093
35372741
32996627
32994232
32987707
32980294
32979036
32979033
32978200
32977134
32973522
32971765
32963878
32955677
32951514
42305327
32951115
32949986
32946035
32944199
32943280
32942757
32942315
32940421
32940051
32939828
32938202
32937847
32937276
32936558
32932971
32927313
32926827
32924673
32924283
32923346
32922349
32915461
32911072
32909840
32907909
32902944
32899401
32899067
32898856
32898849
32898547
32898246
32897867
32897755
32896928
32886853
32883107
32882758
32881416
32881337
32879600
32877229
32877118
32875194
32871005
32870157
42190032
32861151
32860505
32860041
32859453
32854121
32854099
32851572
32847578
32847346
32847326
32845082
32840098
32839751
32838470
32830534
32827732
32826466
32825272
32823187
32822220
33347107
32814110
32807440
32805330
32805186
32800690
32797192
32795203
32794311
32793635
32790145
32788125
32788113
32787377
32786019
32785205
32784314
32782635
32780497
32780327
32780217
32780216
32779290
32778973
32772571
32771937
32768709
32768651
32768160
32765738
32765723
32765265
32759284
32754416
32754398
32750627
32745337
32740218
32740037
32739888
32736466
32931180
32735839
32734105
32730627
32729826
32725107
32724110
32722764
32717756
32712202
32710342
32708292
32707006
32703560
32702889
32702416
32700584
32698567
32698322
32696878
32696449
32696081
32693197
32692430
32692005
32691115
32688432
32687688
32686059
32684980
32681570
32676673
32675297
32673510
32671238
32669591
32668522
32668469
32668468
32668467
32667214
32666864
32666757
32665940
32665869
32664502
32658596
32657189
32654527
32649714
32648644
32646335
32645129
32645042
32643166
32641216
32639666
32639512
32638610
32637570
32636896
32634728
32634487
32632549
32629725
32627607
32627222
32626835
32621292
32620059
32619349
32617904
32607688
32607465
32605708
32605128
32605001
32602228
32598904
32595905
32594109
32591479
32591363
32590766
32588421
32586585
32586273
32586056
32585829
32583975
32582721
32579506
32577819
32576607
32574823
32573287
32571567
32571559
32569361
32566525
32566465
32563568
32560421
32557677
32555577
32553585
32550069
32548992
32548559
32548558
32548557
32548554
32544105
32543800
32542878
32540780
32539675
32538234
32537897
32535717
32534193
32532603
32530403
32530052
32528565
32523633
32522446
32520658
32519267
32519166
32517484
32513496
32507383
32506575
32506417
32505835
32504376
32501824
32500503
32499669
32498776
32496672
32495677
32495476
32492723
32491304
32489805
32489116
32486167
32483773
32482595
32481607
32478848
32476809
32474728
32474424
32474206
32473621
32471279
32471222
32470625
32469278
32468937
32468277
32462633
32460730
32460400
32458520
32458316
32458205
32456946
32455460
32452277
32448215
32445640
32441879
32441334
37275600
32435350
32433747
32430849
32429628
32428195
32426926
32425265
32423697
32422442
32418618
32416364
32415705
32415343
32411405
32411299
32410490
32409936
32409203
32405322
32404168
32402723
32400112
32399344
32397355
32394366
32390532
32387621
32386959
32386200
32384936
32384178
32383642
32382756
32382318
32379867
32376484
32375143
32374827
32370854
32364687
32361948
32361722
32358343
32355907
32355836
32355835
32355064
32351850
32350792
32348026
32344001
32343741
32342588
32341789
32340773
32333946
32333493
32332235
32329353
32329020
32328793
32327994
32325043
32323386
32322728
32320990
32320292
32319944
32315869
32312618
32310855
32310243
32310041
32310040
32305093
32303456
32300863
32300003
32298778
32297089
32297024
32295160
32291550
32285340
32284860
32283966
32282500
32281950
32279584
32279216
32278573
32276619
32276535
32274046
32273033
32271939
32270628
32270538
32266832
32265421
32265018
32257246
32256874
32256873
32256765
32256216
32252075
32252074
32249407
32245380
32240300
32240290
32239247
32236718
32232785
32232617
32231897
32231703
32231095
32228310
32228180
32226599
32223511
32223444
32216971
32213944
32212197
32210323
32208539
32207840
32206988
32206471
32206441
32206355
32202042
32200547
32200488
32192661
32187042
32185464
32184692
32180832
32180831
32178684
32176890
32175398
32173695
32173329
32171718
32170987
32169750
32166541
32165726
32165606
32164214
32160909
35261760
32155540
32154360
32152017
32148962
32148102
32147805
32147547
32144677
32144651
32134404
32133793
32125293
32124208
32122777
32121153
32115240
32112201
32111501
32108756
32108755
32107804
32107099
32104599
32102248
32101251
32101140
32100483
32098658
32097070
32096119
32085730
32083296
32081687
32080833
32080812
32080786
32078681
32077008
32073738
32072581
32067853
32067587
32065652
32057457
32056498
32052481
32050291
32045655
32044892
32041760
32040703
32040031
32037665
32034657
32029525
32029342
32023350
32021902
32021592
32019993
32018293
32017038
32013892
32012701
32008850
32007455
32006423
32005356
32004415
32003787
32003070
32002769
32000266
31999059
31997309
31996856
31994163
31992179
31989158
31989095
31986475
31984306
31982816
31978812
31978044
31977539
31976927
31970614
31964858
31964500
31960832
31960830
31959707
31958288
31955918
31953535
31948390
31942972
31942971
31940676
31937194
34316983
34316975
31934885
31933483
31933106
31932355
31932080
31923049
31922545
31922430
31918601
31917399
31916010
31915998
31915996
31911561
31911503
31907644
31903008
31902949
31898275
31894665
31889220
31876019
31855262
31830264
31821482
31821195
31796141
31792707
31778146
31774244
31764479
31750897
31742339
31735308
31730151
31725032
31713086
31693498
31688828
31688432
31687762
31686297
31665368
31665260
31659679
31655947
31651951
31638652
31625555
31625081
31603196
31599766
31598931
31598651
31583532
31580253
31566857
31530257
31493288
31485852
31440983
31385163
31384926
31342326
31274145
31254174
31243691
31242305
30730331
30727898
30299271
30252771
