question_id,record_id,source,provider_id,title,abstract,authors,year,venue,publication_types,doi,url,screening_decision,regex_passed,source_scope,locator,locator_text,dose,outcome,key_finding,population,priority_score,raw_source_path,raw_source_sha256,extracted_effect_value,extracted_effect_status,status
HRS1_PERIOPERATIVE,pubmed:26949700,pubmed,26949700,Commonly Used Dietary Supplements on Coagulation Function during Surgery.,"BACKGROUND: Patients who undergo surgery appear to use dietary supplements significantly more frequently than the general population. Because they contain pharmacologically active compounds, dietary supplements may affect coagulation and platelet function during the perioperative period through direct effects, pharmacodynamic interactions, and pharmacokinetic interactions. However, in this regard, limited studies have been conducted that address the pharmacological interactions of dietary supplements. To avoid possible bleeding risks during surgery, information of potential complications of dietary supplements during perioperative management is important for physicians. METHODS: Through a systematic database search of all available years, articles were identified in this review if they included dietary supplements and coagulation/platelet function, while special attention was paid to studies published after 1990. RESULTS: Safety concerns are reported in commercially available dietary supplements. Effects of the most commonly used natural products on blood coagulation and platelet function are systematically reviewed, including 11 herbal medicines (echinacea, ephedra, garlic, ginger, ginkgo, ginseng, green tea, kava, saw palmetto, St John's wort, and valerian) and 4 other dietary supplements (coenzyme Q10, glucosamine and chondroitin sulfate, fish oil, and vitamins). Bleeding risks of garlic, ginkgo, ginseng, green tea, saw palmetto, St John's wort, and fish oil are reported. Cardiovascular instability was observed with ephedra, ginseng, and kava. Pharmacodynamic and pharmacokinetic interactions between dietary supplements and drugs used in the perioperative period are discussed. CONCLUSIONS: To prevent potential problems associated with the use of dietary supplements, physicians should be familiar with the perioperative effects of commonly used dietary supplements. Since the effects of dietary supplements on coagulation and platelet function are difficult to predict, it is prudent to advise their discontinuation before surgery.",,2015,"Medicines (Basel, Switzerland)",Journal Article,10.1001/jama.2014.15192,https://pubmed.ncbi.nlm.nih.gov/26949700/,retain,true,abstract_only,ABSTRACT_SENTENCE_4,"To avoid possible bleeding risks during surgery, information of potential complications of dietary supplements during perioperative management is important for physicians.",,"Because they contain pharmacologically active compounds, dietary supplements may affect coagulation and platelet function during the perioperative period through direct effects, pharmacodynamic interactions, and pharmacokinetic interactions. | However, in this regard, limited studies have been conducted that address the pharmacological interactions of dietary supplements. | To avoid possible bleeding risks during surgery, information of potential complications of dietary supplements during perioperative management is important for physicians.","To avoid possible bleeding risks during surgery, information of potential complications of dietary supplements during perioperative management is important for physicians.","BACKGROUND: Patients who undergo surgery appear to use dietary supplements significantly more frequently than the general population. | Because they contain pharmacologically active compounds, dietary supplements may affect coagulation and platelet function during the perioperative period through direct effects, pharmacodynamic interactions, and pharmacokinetic interactions. | To avoid possible bleeding risks during surgery, information of potential complications of dietary supplements during perioperative management is important for physicians.",16003009,,,,not_observed,ai_screened_regex_confirmed
HRS1_PERIOPERATIVE,pubmed:11448284,pubmed,11448284,Herbal medicines and perioperative care.,"CONTEXT: Widespread use of herbal medications among the presurgical population may have a negative impact on perioperative patient care. OBJECTIVES: To review the literature on commonly used herbal medications in the context of the perioperative period and provide rational strategies for managing their preoperative use. DATA SOURCES: The MEDLINE and Cochrane Collaboration databases were searched for articles published between January 1966 and December 2000 using the search terms herbal medicine, phytotherapy, and alternative medicine and the names of the 16 most commonly used herbal medications. Additional data sources were obtained from manual searches of recent journal articles and textbooks. STUDY SELECTION: We selected studies, case reports, and reviews addressing the safety and pharmacology of 8 commonly used herbal medications for which safety information pertinent to the perioperative period was available. DATA EXTRACTION: We extracted safety, pharmacodynamic, and pharmacokinetic information from the selected literature and reached consensus about any discrepancies. DATA SYNTHESIS: Echinacea, ephedra, garlic, ginkgo, ginseng, kava, St John's wort, and valerian are commonly used herbal medications that may pose a concern during the perioperative period. Complications can arise from these herbs' direct and pharmacodynamic or pharmacokinetic effects. Direct effects include bleeding from garlic, ginkgo, and ginseng; cardiovascular instability from ephedra; and hypoglycemia from ginseng. Pharmacodynamic herb-drug interactions include potentiation of the sedative effect of anesthetics by kava and valerian. Pharmacokinetic herb-drug interactions include increased metabolism of many drugs used in the perioperative period by St John's wort. CONCLUSIONS: During the preoperative evaluation, physicians should explicitly elicit and document a history of herbal medication use. Physicians should be familiar with the potential perioperative effects of the commonly used herbal medications to prevent, recognize, and treat potentially serious problems associated with their use and discontinuation.",,2001,JAMA,"Journal Article|Research Support, Non-U.S. Gov't|Review",10.1001/jama.286.2.208,https://pubmed.ncbi.nlm.nih.gov/11448284/,retain,true,abstract_only,ABSTRACT_SENTENCE_9,"Direct effects include bleeding from garlic, ginkgo, and ginseng; cardiovascular instability from ephedra; and hypoglycemia from ginseng.",,"Complications can arise from these herbs' direct and pharmacodynamic or pharmacokinetic effects. | Direct effects include bleeding from garlic, ginkgo, and ginseng; cardiovascular instability from ephedra; and hypoglycemia from ginseng. | Pharmacodynamic herb-drug interactions include potentiation of the sedative effect of anesthetics by kava and valerian.","Direct effects include bleeding from garlic, ginkgo, and ginseng; cardiovascular instability from ephedra; and hypoglycemia from ginseng.","CONTEXT: Widespread use of herbal medications among the presurgical population may have a negative impact on perioperative patient care. | OBJECTIVES: To review the literature on commonly used herbal medications in the context of the perioperative period and provide rational strategies for managing their preoperative use. | STUDY SELECTION: We selected studies, case reports, and reviews addressing the safety and pharmacology of 8 commonly used herbal medications for which safety information pertinent to the perioperative period was available.",13004009,,,,not_observed,ai_screened_regex_confirmed
HRS1_PERIOPERATIVE,pubmed:15461234,pubmed,15461234,Dietary supplements in primary care. Botanicals can affect surgical outcomes and follow-up.,"Dietary supplements are commonly used by patients of all ages, yet few patients reveal use of these products to their medical providers. Certain dietary supplements can react or interact with frequently used surgical medications--including anesthesia--and may cause serious unforeseen consequences or complications. Arrhythmias, poor wound healing, bleeding, photosensitivity reaction, and prolonged sedation are among the serious reactions during and after surgical and diagnostic procedures that have been attributed to these products. This article reviews the effects of the Few Gs (feverfew, ginkgo biloba, garlic, ginseng, and ginger), valerian, kava, St. John's wort, ephedra (Ma huang or metabolite), and echinacea. We recommend that all patients be advised to stop all dietary supplements at least 1 week prior to major surgical or diagnostic procedures; if a complication is noted, continued use of these products should be reviewed with patients.",,2004,Geriatrics,Journal Article|Review,,https://pubmed.ncbi.nlm.nih.gov/15461234/,retain,true,abstract_only,ABSTRACT_SENTENCE_3,"Arrhythmias, poor wound healing, bleeding, photosensitivity reaction, and prolonged sedation are among the serious reactions during and after surgical and diagnostic procedures that have been attributed to these products.",,"Certain dietary supplements can react or interact with frequently used surgical medications--including anesthesia--and may cause serious unforeseen consequences or complications. | Arrhythmias, poor wound healing, bleeding, photosensitivity reaction, and prolonged sedation are among the serious reactions during and after surgical and diagnostic procedures that have been attributed to these products. | We recommend that all patients be advised to stop all dietary supplements at least 1 week prior to major surgical or diagnostic procedures; if a complication is noted, continued use of these products should be reviewed with patients.","Arrhythmias, poor wound healing, bleeding, photosensitivity reaction, and prolonged sedation are among the serious reactions during and after surgical and diagnostic procedures that have been attributed to these products.","Certain dietary supplements can react or interact with frequently used surgical medications--including anesthesia--and may cause serious unforeseen consequences or complications. | Arrhythmias, poor wound healing, bleeding, photosensitivity reaction, and prolonged sedation are among the serious reactions during and after surgical and diagnostic procedures that have been attributed to these products. | We recommend that all patients be advised to stop all dietary supplements at least 1 week prior to major surgical or diagnostic procedures; if a complication is noted, continued use of these products should be reviewed with patients.",12003007,,,,not_observed,ai_screened_regex_confirmed
HRS1_PERIOPERATIVE,pubmed:19994614,pubmed,19994614,[Knowledge of perioperative risk associated with use of medicinal plants].,"OBJECTIVES: To assess physicians' knowledge of perioperative risk for patients who consume medicinal plants. To review interactions between drugs and the main medicinal plants with a view to justifying a plan for preoperative intervention. MATERIAL AND METHODS: Surgeons and anesthesiologists were sent an e-mail survey with questions on knowledge of and attitudes toward surgical patients' consumption of medicinal plants. At the same time, we performed a literature search on the species of plants that can interact with anesthetic and surgical processes. The species included were Allium sativum, Ephedra sinica, Echinacea purpurea, Ginkgo biloba, Panax ginseng, Hypericum perforatum, Piper methysticum, Glycyrrhiza glabra and Valeriana officinalis. The focus of the search was on indications for the use of these plants and their interactions with drugs. RESULTS: The questionnaire was sent to 131 physicians. The response rate was 80.5%. Twenty-two physicians had trained in Spanish hospitals and 3 in hospitals abroad. Medicinal plants were believed to be effective by 55%, but 78% did not ask patients about their use. Only 3% knew the interactions of some of the plants mentioned in the survey and only 7% knew that the use of some should be suspended before surgery. CONCLUSIONS: Medicinal plants are currently being used in our culture. In spite of appropriate warnings from such scientific bodies as the American Society of Anesthesiologists on timing the withdrawal of medicinal plants before surgery, our results indicate that the advice is not followed. We also found that physicians lacked knowledge of the indications for using these plants and their interactions, a situation which is alarming.",,2009,Revista espanola de anestesiologia y reanimacion,English Abstract|Journal Article|Review,10.1016/s0034-9356(09)70436-0,https://pubmed.ncbi.nlm.nih.gov/19994614/,retain,true,abstract_only,ABSTRACT_SENTENCE_11,Only 3% knew the interactions of some of the plants mentioned in the survey and only 7% knew that the use of some should be suspended before surgery.,,To review interactions between drugs and the main medicinal plants with a view to justifying a plan for preoperative intervention. | The focus of the search was on indications for the use of these plants and their interactions with drugs. | Only 3% knew the interactions of some of the plants mentioned in the survey and only 7% knew that the use of some should be suspended before surgery.,Only 3% knew the interactions of some of the plants mentioned in the survey and only 7% knew that the use of some should be suspended before surgery.,OBJECTIVES: To assess physicians' knowledge of perioperative risk for patients who consume medicinal plants. | To review interactions between drugs and the main medicinal plants with a view to justifying a plan for preoperative intervention. | MATERIAL AND METHODS: Surgeons and anesthesiologists were sent an e-mail survey with questions on knowledge of and attitudes toward surgical patients' consumption of medicinal plants.,11005005,,,,not_observed,ai_screened_regex_confirmed
HRS1_PERIOPERATIVE,pubmed:12190754,pubmed,12190754,The peri-operative implications of herbal medicines.,"An increasing number of patients are taking herbal medicines such as echinacea, garlic, ginkgo biloba, ginseng, St John's Wort, valerian, ephedra, kava, grapefruit juice and ginger. Although these herbal medications are considered 'natural' products that may have some benefits, adverse effects such as increased bleeding tendencies and drug interactions are associated with their use. Surgeons and anaesthetists may be unaware of their patients' use of these medications because it is common for patients not to disclose their use of this form of medication, and both surgeons and anaesthetists often fail to enquire about their use. Anaesthetists and surgeons must be familiar with the effects of herbal medicines and should specifically enquire about the use of herbal medicines during pre-operative assessment. Currently available data suggest that all herbal medicines should be ceased 2 weeks before surgery.",,2002,Anaesthesia,Journal Article|Review,10.1046/j.1365-2044.2002.02781.x,https://pubmed.ncbi.nlm.nih.gov/12190754/,retain,true,abstract_only,ABSTRACT_SENTENCE_2,"Although these herbal medications are considered 'natural' products that may have some benefits, adverse effects such as increased bleeding tendencies and drug interactions are associated with their use.",,"Although these herbal medications are considered 'natural' products that may have some benefits, adverse effects such as increased bleeding tendencies and drug interactions are associated with their use.","Although these herbal medications are considered 'natural' products that may have some benefits, adverse effects such as increased bleeding tendencies and drug interactions are associated with their use.","Surgeons and anaesthetists may be unaware of their patients' use of these medications because it is common for patients not to disclose their use of this form of medication, and both surgeons and anaesthetists often fail to enquire about their use. | Anaesthetists and surgeons must be familiar with the effects of herbal medicines and should specifically enquire about the use of herbal medicines during pre-operative assessment. | Currently available data suggest that all herbal medicines should be ceased 2 weeks before surgery.",11002009,,,,not_observed,ai_screened_regex_confirmed
HRS1_PERIOPERATIVE,pubmed:14531370,pubmed,14531370,[Surgery patients' intake of herbal preparations and dietary supplements].,"INTRODUCTION: Herbal medicine is being frequently used by patients around the world. Several products may interact with ordinary medicine, so it is important for doctors to know what kind of herbal medicines their patients take. MATERIAL AND METHODS: A questionnaire was given to presurgery patients during a two-month period. RESULTS: A total of 115 consecutive patients responded, 69 women (60%) and 46 men (40%). 50.4% had taken or still took herbal medicine, with the following distribution of gender: women 69.8%, men 30.2%. The age group was 18-82 years. The frequently used herbal medicines were fish oil, ginkgo, Echinacea, Co-Q10, garlic, and hip. Twenty-five patients took nutritional supplements with the following spread of gender: 84% women and 16% men. The frequently used nutritional supplements were Gerimax, LongoVital, and Melbrosia. Not all patients would inform their doctor about their use of herbal medicine. 28.6% retained information because of the doctor and 64.3%, did not perceive herbal medicine as ""real medicine"". DISCUSSION: It is important for anaesthesiologists to know what specific kind of herbal medicines patients are using before they anaesthetize them as interactions between herbal medicine and anaesthesia are prevalent. Anaesthesiologists have to ask specific questions to receive full information regarding herbal medicines during the preoperative period.",,2003,Ugeskrift for laeger,English Abstract|Journal Article,,https://pubmed.ncbi.nlm.nih.gov/14531370/,retain,true,abstract_only,ABSTRACT_SENTENCE_11,"28.6% retained information because of the doctor and 64.3%, did not perceive herbal medicine as ""real medicine"".",,DISCUSSION: It is important for anaesthesiologists to know what specific kind of herbal medicines patients are using before they anaesthetize them as interactions between herbal medicine and anaesthesia are prevalent.,"28.6% retained information because of the doctor and 64.3%, did not perceive herbal medicine as ""real medicine"".",MATERIAL AND METHODS: A questionnaire was given to presurgery patients during a two-month period. | Anaesthesiologists have to ask specific questions to receive full information regarding herbal medicines during the preoperative period.,10003003,,,,not_observed,ai_screened_regex_confirmed
HRS1_PERIOPERATIVE,pubmed:11493302,pubmed,11493302,The impact of herbal medicines on dermatologic surgery.,"BACKGROUND: In recent years herbal medicines and supplements have become increasingly popular. With their increased popularity, more publications are warning about the potential harmful effects of some of these products. OBJECTIVE: To present scientific evidence of the benefits and surgical risks of herbal products. METHODS: A Medline search and review of the literature was performed. RESULTS: Many herbal medicines are relevant in dermatologic surgery since Ginkgo biloba, garlic, ginger, ginseng, feverfew, and vitamin E may increase the risk of bleeding, and ephedra may potentiate the side effects of epinephrine. CONCLUSION: Dermatologists should be aware of these herbal products and their uses. Many of these products prescribed by alternative medicine physicians or purchased over the counter should be discontinued prior to dermatologic surgery to minimize the risk of surgical complications.",,2001,Dermatologic surgery : official publication for American Society for Dermatologic Surgery [et al.],Journal Article|Review,10.1046/j.1524-4725.2001.01089.x,https://pubmed.ncbi.nlm.nih.gov/11493302/,retain,true,abstract_only,ABSTRACT_SENTENCE_5,"RESULTS: Many herbal medicines are relevant in dermatologic surgery since Ginkgo biloba, garlic, ginger, ginseng, feverfew, and vitamin E may increase the risk of bleeding, and ephedra may potentiate the side effects of epinephrine.",,"RESULTS: Many herbal medicines are relevant in dermatologic surgery since Ginkgo biloba, garlic, ginger, ginseng, feverfew, and vitamin E may increase the risk of bleeding, and ephedra may potentiate the side effects of epinephrine. | Many of these products prescribed by alternative medicine physicians or purchased over the counter should be discontinued prior to dermatologic surgery to minimize the risk of surgical complications.","RESULTS: Many herbal medicines are relevant in dermatologic surgery since Ginkgo biloba, garlic, ginger, ginseng, feverfew, and vitamin E may increase the risk of bleeding, and ephedra may potentiate the side effects of epinephrine.","OBJECTIVE: To present scientific evidence of the benefits and surgical risks of herbal products. | RESULTS: Many herbal medicines are relevant in dermatologic surgery since Ginkgo biloba, garlic, ginger, ginseng, feverfew, and vitamin E may increase the risk of bleeding, and ephedra may potentiate the side effects of epinephrine. | Many of these products prescribed by alternative medicine physicians or purchased over the counter should be discontinued prior to dermatologic surgery to minimize the risk of surgical complications.",10002009,,,,not_observed,ai_screened_regex_confirmed
HRS1_PERIOPERATIVE,pubmed:22300597,pubmed,22300597,Anticoagulant activity of select dietary supplements.,"This review considers the potential of certain dietary supplements, including garlic, Ginkgo biloba, ginger, ginseng, fish oil, and vitamin E, to interfere with hemostasis. Dietary supplements are common components of the diet in the United States, with about half the US adult population taking some type of dietary supplement regularly. It has been suggested that some supplements could adversely affect coagulation when taken alone or in combination with antiplatelet medications. Supplements could alter hemostasis by a variety of mechanisms, such as reducing platelet aggregation or inhibiting arachidonic acid, a cellular signaling messenger and inflammatory intermediate. To conduct this review, multiple databases were searched using a variety of search terms to ensure relevant papers were located. Moderate to severe adverse events, such as spinal epidural hematoma, spontaneous intracerebral hemorrhage, retrobulbar hemorrhage, subarachnoid hemorrhage, spontaneous hyphema, and postoperative bleeding, have occasionally been anecdotally associated with consumption of dietary supplements. However, the number of controlled studies in the literature is too limited to demonstrate consistent anticoagulant effects of dietary supplements alone or in combination with drug therapy.",,2012,Nutrition reviews,"Journal Article|Research Support, Non-U.S. Gov't|Review",10.1111/j.1753-4887.2011.00444.x,https://pubmed.ncbi.nlm.nih.gov/22300597/,retain,true,abstract_only,ABSTRACT_SENTENCE_6,"Moderate to severe adverse events, such as spinal epidural hematoma, spontaneous intracerebral hemorrhage, retrobulbar hemorrhage, subarachnoid hemorrhage, spontaneous hyphema, and postoperative bleeding, have occasionally been anecdotally associated with consumption of dietary supplements.",,"It has been suggested that some supplements could adversely affect coagulation when taken alone or in combination with antiplatelet medications. | Moderate to severe adverse events, such as spinal epidural hematoma, spontaneous intracerebral hemorrhage, retrobulbar hemorrhage, subarachnoid hemorrhage, spontaneous hyphema, and postoperative bleeding, have occasionally been anecdotally associated with consumption of dietary supplements. | However, the number of controlled studies in the literature is too limited to demonstrate consistent anticoagulant effects of dietary supplements alone or in combination with drug therapy.","Moderate to severe adverse events, such as spinal epidural hematoma, spontaneous intracerebral hemorrhage, retrobulbar hemorrhage, subarachnoid hemorrhage, spontaneous hyphema, and postoperative bleeding, have occasionally been anecdotally associated with consumption of dietary supplements.","Moderate to severe adverse events, such as spinal epidural hematoma, spontaneous intracerebral hemorrhage, retrobulbar hemorrhage, subarachnoid hemorrhage, spontaneous hyphema, and postoperative bleeding, have occasionally been anecdotally associated with consumption of dietary supplements.",10001009,,,,not_observed,ai_screened_regex_confirmed
HRS1_PERIOPERATIVE,pubmed:15769650,pubmed,15769650,Nutraceuticals and cancer management.,"The use of complementary and alternative medicine (CAM) is increasing rapidly in developed countries, which is already in use as traditional medicines in various Asian countries. The Indian system of medicine, named as Ayurveda has an edge in this field. Many plant products are in use as herbal medicine, as food supplement or as spices, in every day cooking. Some of them have been well studied in various experimental models of cancer, both in vivo and in vitro models. They have shown significant inhibition of cell proliferation. Some of them are in the phase of clinical trial or already available as food supplement. Cancer patients are specially exploring the use of CAM, because of the high risk of mortality and long-term morbidity associated with surgical procedures of cancer management and high side effects of chemotherapy. This paper reviews different class of phytomedicines, used in Indian system of medicine, and also in Europe, which have shown positive results in preventing cancer progression. It also covers the role of vitamins, minerals, dietary fat in relation to cancer control. The mechanisms of action of these phytomolecules have also been discussed.",,2005,Frontiers in bioscience : a journal and virtual library,Journal Article|Review,10.2741/1644,https://pubmed.ncbi.nlm.nih.gov/15769650/,retain,true,abstract_only,ABSTRACT_SENTENCE_7,"Cancer patients are specially exploring the use of CAM, because of the high risk of mortality and long-term morbidity associated with surgical procedures of cancer management and high side effects of chemotherapy.",,"Cancer patients are specially exploring the use of CAM, because of the high risk of mortality and long-term morbidity associated with surgical procedures of cancer management and high side effects of chemotherapy.","Cancer patients are specially exploring the use of CAM, because of the high risk of mortality and long-term morbidity associated with surgical procedures of cancer management and high side effects of chemotherapy.","Cancer patients are specially exploring the use of CAM, because of the high risk of mortality and long-term morbidity associated with surgical procedures of cancer management and high side effects of chemotherapy.",9002009,,,,not_observed,ai_screened_regex_confirmed
HRS1_PERIOPERATIVE,pubmed:15500490,pubmed,15500490,Herbal medicine use by children presenting for ambulatory anesthesia and surgery.,"BACKGROUND: Herbal medicine use has become increasingly popular throughout the world. Some of these agents may have serious interactions with anesthetic drugs. Children may potentially be more vulnerable to such interactions because of altered drug handling. While the prevalence of herbal medicine use by children with some chronic illnesses has been estimated, the incidence of this in a population of otherwise healthy children admitted for minor ambulatory anesthesia and surgery is currently unknown. METHODS: Parents of 601 children presenting consecutively for ambulatory surgery were asked to complete a questionnaire detailing administration of herbal medicines to their child. RESULTS: This study identified that 6.4% of children were currently taking an herbal preparation; while a further 10.1% had taken an herbal medicine in the past. Echinacea and arnica were the commonest used herbal remedies. A significant number of children had taken agents which may interact with anesthesia and surgery: St John's Wort, valerian, garlic and gingko. Information on herbal medicines was mostly obtained by parents from nonmedical sources. CONCLUSIONS: A total of 16.6% of children had a current or past history of ingestion of herbal medicines. This finding may have implications for the perioperative management of children presenting for day-case surgery.",,2004,Paediatric anaesthesia,Journal Article,10.1111/j.1460-9592.2004.01353.x,https://pubmed.ncbi.nlm.nih.gov/15500490/,retain,true,abstract_only,ABSTRACT_SENTENCE_2,Some of these agents may have serious interactions with anesthetic drugs.,,Some of these agents may have serious interactions with anesthetic drugs. | Children may potentially be more vulnerable to such interactions because of altered drug handling.,Some of these agents may have serious interactions with anesthetic drugs.,"Some of these agents may have serious interactions with anesthetic drugs. | While the prevalence of herbal medicine use by children with some chronic illnesses has been estimated, the incidence of this in a population of otherwise healthy children admitted for minor ambulatory anesthesia and surgery is currently unknown. | METHODS: Parents of 601 children presenting consecutively for ambulatory surgery were asked to complete a questionnaire detailing administration of herbal medicines to their child.",8007005,,,,not_observed,ai_screened_regex_confirmed
HRS1_PERIOPERATIVE,pubmed:12393786,pubmed,12393786,Preoperative use of herbal medicines: a patient survey.,"BACKGROUND: There has been recent concern in the media over the possible detrimental effects of herbal medicines on the perioperative period. Perceived by the public as 'natural' and therefore safe, herbal remedies may have led to adverse events such as myocardial infarction, bleeding, prolonged or inadequate anaesthesia and rejection of transplanted organs. In addition, herbal remedies can interact with many drugs given in the perioperative period. In this article we summarize the potential perioperative complications that can occur. METHODS: In order to determine the extent of use of herbal medicines, we conducted a survey of patients presenting for anaesthesia. During a 3-month period, patients were directly asked by anaesthetic staff if they were currently self-administering herbal medication. RESULTS: Of 2723 patients, 131 (4.8%) were taking one or more herbal remedy. In only two cases was this recorded in the patients' notes. Women and patients aged 40-60 yr were most likely to be taking a herbal product (P<0.05 and P<0.001 respectively). The most commonly used compounds were, in descending order, garlic, ginseng, ginkgo, St John's wort and echinacea. CONCLUSION: Self-administration of herbal medicines is common in patients presenting for anaesthesia. Because of the potential for side-effects and drug interactions it is important for anaesthetists to be aware of their use.",,2002,British journal of anaesthesia,Journal Article,,https://pubmed.ncbi.nlm.nih.gov/12393786/,retain,true,abstract_only,ABSTRACT_SENTENCE_2,"Perceived by the public as 'natural' and therefore safe, herbal remedies may have led to adverse events such as myocardial infarction, bleeding, prolonged or inadequate anaesthesia and rejection of transplanted organs.",,"Perceived by the public as 'natural' and therefore safe, herbal remedies may have led to adverse events such as myocardial infarction, bleeding, prolonged or inadequate anaesthesia and rejection of transplanted organs. | In this article we summarize the potential perioperative complications that can occur. | Because of the potential for side-effects and drug interactions it is important for anaesthetists to be aware of their use.","Perceived by the public as 'natural' and therefore safe, herbal remedies may have led to adverse events such as myocardial infarction, bleeding, prolonged or inadequate anaesthesia and rejection of transplanted organs.","BACKGROUND: There has been recent concern in the media over the possible detrimental effects of herbal medicines on the perioperative period. | Perceived by the public as 'natural' and therefore safe, herbal remedies may have led to adverse events such as myocardial infarction, bleeding, prolonged or inadequate anaesthesia and rejection of transplanted organs. | In addition, herbal remedies can interact with many drugs given in the perioperative period.",8005007,,,,not_observed,ai_screened_regex_confirmed
HRS1_PERIOPERATIVE,pubmed:17169523,pubmed,17169523,[Anaesthetic preoperative assessment of chronic medications and herbal medicine use: a multicenter survey].,"OBJECTIVE: This study was undertaken to quantify the use of chronic medication and herbal remedies in the presurgical population. STUDY DESIGN: Prospective multicenter survey. PATIENTS AND METHODS: Adult patients presenting for anaesthesia were directly asked if they were currently using chronic medication or herbal remedies. RESULTS: Among 1057 patients (age 54+/-17 yrs, woman 54%, ASA 2 [1-4], 74%) were taking one or more chronic medication. The most commonly used treatments were, in descending order angiotensin-converting enzyme inhibitors and angiotensin-II receptor blockers (15%), beta blockers (11%) and platelet inhibitors (10%). Also, 9% were taking one or more of the following herbal remedies known to interact with the perioperative period: valeriane, ginseng, ginkgo, St John's wort, echinacea and ephedra. Women and patients aged 40-70 yr were most likely to be taking a herbal product (p<0.001 and p<0.01 respectively). CONCLUSION: Chronic medication and herbal remedies are common in patients presenting for anaesthesia. Because of the potential interactions between anaesthetic drugs or techniques and such medication it is important for anaesthetists to be aware of their use.",,2007,Annales francaises d'anesthesie et de reanimation,Journal Article|Multicenter Study,10.1016/j.annfar.2006.09.003,https://pubmed.ncbi.nlm.nih.gov/17169523/,retain,true,abstract_only,ABSTRACT_SENTENCE_9,Because of the potential interactions between anaesthetic drugs or techniques and such medication it is important for anaesthetists to be aware of their use.,,Because of the potential interactions between anaesthetic drugs or techniques and such medication it is important for anaesthetists to be aware of their use.,Because of the potential interactions between anaesthetic drugs or techniques and such medication it is important for anaesthetists to be aware of their use.,"OBJECTIVE: This study was undertaken to quantify the use of chronic medication and herbal remedies in the presurgical population. | Also, 9% were taking one or more of the following herbal remedies known to interact with the perioperative period: valeriane, ginseng, ginkgo, St John's wort, echinacea and ephedra.",8005005,,,,not_observed,ai_screened_regex_confirmed
HRS1_PERIOPERATIVE,pubmed:19371848,pubmed,19371848,Perioperative risks and benefits of herbal supplements in aesthetic surgery.,"Most medications, herbal preparations, and nutraceutical supplements have notable effects on biochemical pathways and may influence wound healing, coagulation, and cardiovascular function. They can also interact with other drugs. A large portion of the data available regarding the effects of naturopathic medicines is anecdotal. Marketing of certain products may be misleading and potentially harmful, and quality control standards are highly variable. In order to ensure quality control and standardization of products, it is prudent to work with preparations manufactured by companies that adhere to pharmaceutical (good manufacturing practice [GMP]) standards. However, many of these higher-quality products are not readily available to the public over the counter. A large percentage of patients undergoing plastic surgery use one or more herbal medications, but the disclosure of such medications to allopathic providers is often incomplete. In addition, patients may not understand the importance of discontinuing such medications before surgery. The authors review research on the possible benefits and risks of commonly used herbal medications such as arnica montana, St. John's wort, bromelain, echinacea, ginkgo biloba, ephedra, valerian, and others, focusing on their potentially positive or negative impact during the perioperative period of aesthetic surgery. Good communication with surgical patients, including the administration of a presurgical questionnaire to help identify any use of herbal medications, is emphasized.",,2009,Aesthetic surgery journal,Journal Article,10.1016/j.asj.2009.01.002,https://pubmed.ncbi.nlm.nih.gov/19371848/,retain,true,abstract_only,ABSTRACT_SENTENCE_1,"Most medications, herbal preparations, and nutraceutical supplements have notable effects on biochemical pathways and may influence wound healing, coagulation, and cardiovascular function.",,"Most medications, herbal preparations, and nutraceutical supplements have notable effects on biochemical pathways and may influence wound healing, coagulation, and cardiovascular function.","Most medications, herbal preparations, and nutraceutical supplements have notable effects on biochemical pathways and may influence wound healing, coagulation, and cardiovascular function.","A large percentage of patients undergoing plastic surgery use one or more herbal medications, but the disclosure of such medications to allopathic providers is often incomplete. | In addition, patients may not understand the importance of discontinuing such medications before surgery. | John's wort, bromelain, echinacea, ginkgo biloba, ephedra, valerian, and others, focusing on their potentially positive or negative impact during the perioperative period of aesthetic surgery.",8004005,,,,not_observed,ai_screened_regex_confirmed
HRS1_PERIOPERATIVE,pubmed:10861158,pubmed,10861158,Alternative medicine use in presurgical patients.,"BACKGROUND: A dramatic increase in the use of complementary and alternative medicines has been observed. The use of such remedies in the presurgical population has implications for the anesthesiologist because of the potential for drug interactions, side effects, and medical liability. This study was undertaken to quantify the use of herbal remedies and vitamins in the presurgical population of a large tertiary care center. METHODS: A one-page questionnaire was distributed to all patients presenting for evaluation in the preoperative clinic over an 11-week period. Patients answered questions regarding use of prescription and nonprescription medications, herbal remedies, and vitamins. RESULTS: Twenty-two percent of presurgical patients reported the use of herbal remedies, and 51% used vitamins. Women and patients aged 40-60 yr were more likely to use herbal medicines. Over-the-counter medication use was strongly associated with herbal preparation use. The most commonly used compounds, from highest to lowest, included echinacea, gingko biloba, St. John's wort, garlic, and ginseng. CONCLUSIONS: Alternative medicine use is common in the preoperative period.",,2000,Anesthesiology,"Journal Article|Research Support, Non-U.S. Gov't",10.1097/00000542-200007000-00025,https://pubmed.ncbi.nlm.nih.gov/10861158/,retain,true,abstract_only,ABSTRACT_SENTENCE_2,"The use of such remedies in the presurgical population has implications for the anesthesiologist because of the potential for drug interactions, side effects, and medical liability.",,"The use of such remedies in the presurgical population has implications for the anesthesiologist because of the potential for drug interactions, side effects, and medical liability.","The use of such remedies in the presurgical population has implications for the anesthesiologist because of the potential for drug interactions, side effects, and medical liability.","The use of such remedies in the presurgical population has implications for the anesthesiologist because of the potential for drug interactions, side effects, and medical liability. | This study was undertaken to quantify the use of herbal remedies and vitamins in the presurgical population of a large tertiary care center. | METHODS: A one-page questionnaire was distributed to all patients presenting for evaluation in the preoperative clinic over an 11-week period.",8001005,,,,not_observed,ai_screened_regex_confirmed
HRS1_PERIOPERATIVE,pubmed:11090733,pubmed,11090733,Herbal medicines: current trends in anesthesiology practice--a hospital survey.,"STUDY OBJECTIVES: To develop a simple survey to determine the patient population actively utilizing dietary supplements and/or herbs, during the preoperative period. DESIGN: Prospective study, with survey instrument. SETTING: University medical center. PATIENTS: 1,017 patients presenting for preanesthetic evaluation prior to outpatient surgery. INTERVENTIONS: After undergoing preanesthetic evaluation, patients were asked to complete a survey listing which of the nine most popular nutraceuticals currently available on the market they were using. MEASUREMENTS AND MAIN RESULTS: A total of 1017 surveys were submitted over a period of five months, with 32% being poorly completed and thus discarded. Of the remaining 755 valid surveys, 482 patients used at least one nutraceutical agent. 90% of these patients were using vitamins, 43% garlic extracts, 32% Gingko Biloba, 30% St. John's Wort, 18% Ma Huang, 12% Ecchinaceae, 10% Aloe, 8% Cascare, 3% licorice. CONCLUSION: A significant population of patients scheduled for an elective surgical procedure are self-administering nutraceutical agents. Some of these agents have the potential to cause serious drug interactions and hemodynamic instability during surgery. Hence, it may be important to identify patients self-administering these medications, during the preoperative period.",,2000,Journal of clinical anesthesia,Journal Article,10.1016/s0952-8180(00)00195-1,https://pubmed.ncbi.nlm.nih.gov/11090733/,retain,true,abstract_only,ABSTRACT_SENTENCE_10,CONCLUSION: A significant population of patients scheduled for an elective surgical procedure are self-administering nutraceutical agents.,,Some of these agents have the potential to cause serious drug interactions and hemodynamic instability during surgery.,CONCLUSION: A significant population of patients scheduled for an elective surgical procedure are self-administering nutraceutical agents.,"STUDY OBJECTIVES: To develop a simple survey to determine the patient population actively utilizing dietary supplements and/or herbs, during the preoperative period. | PATIENTS: 1,017 patients presenting for preanesthetic evaluation prior to outpatient surgery. | INTERVENTIONS: After undergoing preanesthetic evaluation, patients were asked to complete a survey listing which of the nine most popular nutraceuticals currently available on the market they were using.",7006009,,,,not_observed,ai_screened_regex_confirmed
HRS2_KIDNEY_DISEASE,pubmed:21132655,pubmed,21132655,[Herbal remedies: nephrotoxicity and drug interactions].,"The first reports of interstitial fibrosis leading to rapidly progressing chronic renal failure (CRF) in young women undergoing slimming treatment appeared at the beginning of the 1990s in Belgium. These slimming pills erroneously contained powdered roots of plants - picked in China - belonging to the Aristolochia instead of Stephania tetranda family. In the following years, after new cases had occurred worldwide, the term aristolochic acid nephropathy (AAN) came into use. Despite numerous warnings from various post-marketing surveillance institutes, products containing aristolochic acid are still widely used by Asiatic herbal practitioners and easily available on the Internet, where they are marketed without being subject to any regulations. In 2002 the IARC (International Agency for Research on Cancer) conclusively recognized the urothelial carcinogenicity of aristolochic acid. Because of the globalization and the growing use of phytotherapy worldwide, nephrologists should take into account AAN as a possible cause of CRF. In addition to assessing the direct kidney toxicity caused by some products used in phytotherapy, the authors conclude that it is necessary to research more closely possible drug interactions and side effects of commonly used herbs such as Echinacea, Gingko biloba, St. John's wort, ginseng, and garlic, which patients consider to be natural, non-toxic and self-prescribed remedies and whose use they therefore seldom disclose to their doctors.",,2010,Giornale italiano di nefrologia : organo ufficiale della Societa italiana di nefrologia,English Abstract|Journal Article,,https://pubmed.ncbi.nlm.nih.gov/21132655/,retain,true,abstract_only,ABSTRACT_SENTENCE_7,"In addition to assessing the direct kidney toxicity caused by some products used in phytotherapy, the authors conclude that it is necessary to research more closely possible drug interactions and side effects of commonly used herbs such as Echinacea, Gingko biloba, St.",,"In addition to assessing the direct kidney toxicity caused by some products used in phytotherapy, the authors conclude that it is necessary to research more closely possible drug interactions and side effects of commonly used herbs such as Echinacea, Gingko biloba, St. | John's wort, ginseng, and garlic, which patients consider to be natural, non-toxic and self-prescribed remedies and whose use they therefore seldom disclose to their doctors.","In addition to assessing the direct kidney toxicity caused by some products used in phytotherapy, the authors conclude that it is necessary to research more closely possible drug interactions and side effects of commonly used herbs such as Echinacea, Gingko biloba, St.","The first reports of interstitial fibrosis leading to rapidly progressing chronic renal failure (CRF) in young women undergoing slimming treatment appeared at the beginning of the 1990s in Belgium. | In the following years, after new cases had occurred worldwide, the term aristolochic acid nephropathy (AAN) came into use. | Because of the globalization and the growing use of phytotherapy worldwide, nephrologists should take into account AAN as a possible cause of CRF.",9001007,,,,not_observed,ai_screened_regex_confirmed
HRS2_KIDNEY_DISEASE,pubmed:31464251,pubmed,31464251,Actual diet and nutritional deficiencies status in children on peritoneal dialysis at the Vietnam National Hospital of Pediatrics.,"Nutrition is essential for children with end-stage renal disease, especially for those suffering from peritoneal dialysis (PD). Although the number of PD children has increased annually at the Vietnam National Hospital of Pediatrics, studies about the diet and nutritional deficiencies status of PD children is still limited. The aim of this study was to describe the actual diet and status of nutritional deficiencies of PD patients. This cross-sectional study was conducted on 31 PD children aged 2-15 years old using the 24-h dietary recall and biochemical parameters in blood (albumin, hemoglobin, calcium, sodium, potassium, and chloride). The energy intake was lowest in children over 13-year-old with only 32.9% of dietary reference intakes (DRIs). Carbohydrate intake among 10-15-year-old children was 38.1% of DRIs. Daily consumption of sodium was 65.6% and 33%-35% of DRIs for children under and over three-year-old, respectively. In comparison with DRIs, daily consumption of magnesium, iron, and calcium of over 10-year-old children was lower than that of younger children. In terms of vitamins, B-group vitamins, Vitamin C achieved the recommended levels except Vitamin A (63.0%) and Vitamin D (20.0%). The prevalence of children with serum albumin concentration lower than the normal range was 45.2% and prevalence of anemia was 51.6%. The proportion of children with decreased plasma calcium, sodium, and potassium levels was 83.8%, 77.4%, and 12.9%, respectively. PD children's diet lacks energy, protein, lipid, carbohydrate, as well as micronutrients. The prevalence of nutritional deficiencies is remarkably high in PD children.",,2019,"Saudi journal of kidney diseases and transplantation : an official publication of the Saudi Center for Organ Transplantation, Saudi Arabia",Journal Article,10.4103/1319-2442.265470,https://pubmed.ncbi.nlm.nih.gov/31464251/,retain,true,abstract_only,ABSTRACT_SENTENCE_2,"Although the number of PD children has increased annually at the Vietnam National Hospital of Pediatrics, studies about the diet and nutritional deficiencies status of PD children is still limited.",,"Although the number of PD children has increased annually at the Vietnam National Hospital of Pediatrics, studies about the diet and nutritional deficiencies status of PD children is still limited.","Although the number of PD children has increased annually at the Vietnam National Hospital of Pediatrics, studies about the diet and nutritional deficiencies status of PD children is still limited.","Nutrition is essential for children with end-stage renal disease, especially for those suffering from peritoneal dialysis (PD).",8004005,,,,not_observed,ai_screened_regex_confirmed
HRS2_KIDNEY_DISEASE,pubmed:28755953,pubmed,28755953,Kidney toxicity related to herbs and dietary supplements: Online table of case reports. Part 3 of 5 series.,"BACKGROUND: No tabular summary of potentially life-threatening, kidney-toxic dietary supplements (DS; includes herbs) based on PubMed case reports is currently available online and continually updated to forewarn United States consumers, clinicians, and companies manufacturing DS. The purpose of this review was to create an online research summary table of kidney toxicity case reports related to DS. METHODS: Documented PubMed case reports (1966 to May 2016, and cross-referencing) of DS appearing to contribute to kidney toxicity were listed in ""DS Toxic Tables."" Keywords included ""herb"" or ""dietary supplement"" combined with ""kidney"" to generate an overview list, and possibly ""toxicity"" to narrow the selection. Case reports were excluded if they involved herb combinations (some exceptions), Chinese herb mixtures, teas of mixed herb contents, mushrooms, poisonous plants, self-harm, excessive doses (except vitamins/minerals), legal or illegal drugs, drug-herbal interactions, and confounders of drugs or diseases. Since commercial DS often include a combination of ingredients, they were treated separately; so were foods. A few foods with kidney-toxic effects were listed in a fourth table. The spectrum of herbal or DS-induced kidney injuries included kidney stones, nephritis, nephrotic syndrome, necrosis, acute kidney injury (AKI; previously known as acute renal failure [ARF]), chronic kidney disease, kidney transplant, and death. RESULTS: Approximately 7 herbs (minus 4 no longer for sale) and 10 dietary supplements (minus 3 excluded due to excessive doses + germanium that is no longer sold) have been related to kidney injury case reports published in PubMed (+crosslisting) in the last 50 + years (1966 to May 2016). The implicated herbs include Chinese yew (Taxus celbica) extract, impila (Callilepis laureola), morning cypress (Cupressus funebris Endl), St. John's wort (Hypericum perforatum), thundergod vine (Tripterygium wilfordii hook F), tribulus (Tribulus terrestris) and wormwood (Artemisia herba-alba). No longer sold in the United States are chocolate vine or mu tong (Caulis aristolochiae), guang fang ji (Aristolochia fangchi), ma huang (Ephedra sinica), and Tenshin Tokishigyaku-ka-goshuyu-shokyo-to. The DS include bile (sheep), chlorella, chromium (Cr), CKLS, creatine, gallbladder (fish), glucosamine, hydrazine, N.O.-Xplode, Spanish fly, and excess intakes of vitamins A, C, and D. Germanium (Ge) is not available for sale. The top two DS with the largest number of reported publications, but not always case reports, in descending order, were the aristolochic acid-containing herbs guang fang ji (mistaken identity) and chocolate vine or mu tong. The remaining DS featured one to three publications over a 50+ year period. Numerous case reports were reported for kidney-toxic foods: djenkol bean, gallbladders (carp fish, pufferfish, & snake), and star fruit (only in chronic kidney disease patients), and uncooked yam powder or juice. CONCLUSION: This online ""DS Toxic Table"" provides clinicians, consumers, and manufacturers with a list of herbs that could potentially contribute to kidney injuries.",,2017,Food and chemical toxicology : an international journal published for the British Industrial Biological Research Association,Journal Article|Review,10.1016/j.fct.2016.07.024,https://pubmed.ncbi.nlm.nih.gov/28755953/,retain,true,abstract_only,ABSTRACT_SENTENCE_3,"METHODS: Documented PubMed case reports (1966 to May 2016, and cross-referencing) of DS appearing to contribute to kidney toxicity were listed in ""DS Toxic Tables."" Keywords included ""herb"" or ""dietary supplement"" combined with ""kidney"" to generate an overview list, and possibly ""toxicity"" to narrow the selection.",,"BACKGROUND: No tabular summary of potentially life-threatening, kidney-toxic dietary supplements (DS; includes herbs) based on PubMed case reports is currently available online and continually updated to forewarn United States consumers, clinicians, and companies manufacturing DS. | The purpose of this review was to create an online research summary table of kidney toxicity case reports related to DS. | METHODS: Documented PubMed case reports (1966 to May 2016, and cross-referencing) of DS appearing to contribute to kidney toxicity were listed in ""DS Toxic Tables."" Keywords included ""herb"" or ""dietary supplement"" combined with ""kidney"" to generate an overview list, and possibly ""toxicity"" to narrow the selection.","METHODS: Documented PubMed case reports (1966 to May 2016, and cross-referencing) of DS appearing to contribute to kidney toxicity were listed in ""DS Toxic Tables."" Keywords included ""herb"" or ""dietary supplement"" combined with ""kidney"" to generate an overview list, and possibly ""toxicity"" to narrow the selection.","BACKGROUND: No tabular summary of potentially life-threatening, kidney-toxic dietary supplements (DS; includes herbs) based on PubMed case reports is currently available online and continually updated to forewarn United States consumers, clinicians, and companies manufacturing DS. | The purpose of this review was to create an online research summary table of kidney toxicity case reports related to DS. | METHODS: Documented PubMed case reports (1966 to May 2016, and cross-referencing) of DS appearing to contribute to kidney toxicity were listed in ""DS Toxic Tables."" Keywords included ""herb"" or ""dietary supplement"" combined with ""kidney"" to generate an overview list, and possibly ""toxicity"" to narrow the selection.",8001009,,,,not_observed,ai_screened_regex_confirmed
HRS2_KIDNEY_DISEASE,pubmed:41036659,pubmed,41036659,"Klotho, Kidneys, and Micronutrient Signaling: A Promising Paradigm for Healthy Aging.","BACKGROUND: Klotho, a transmembrane protein with pleiotropic antiaging properties, is increasingly recognized as a central regulator of longevity and metabolic resilience. Primarily expressed in the kidneys and brain, Klotho governs phosphate and calcium homeostasis, modulates redox signaling, and influences key metabolic pathways, including PI3K/AKT and IGF-1. Declining Klotho expression is associated with both biological and chronological aging and has been mechanistically implicated in the pathogenesis of chronic kidney disease, cardiovascular disease, neurodegeneration, and metabolic dysfunction. SUMMARY: Klotho expression is modifiable through diet, in preclinical and observational studies, offering a promising avenue for delaying cellular aging and preserving physiological function. Micronutrients such as magnesium, vitamin D, folate, and vitamin B12, as well as phytochemicals including sulforaphane and curcumin, have been shown to modulate Klotho expression through redox-sensitive and transcriptional mechanisms. Macronutrient balance, particularly carbohydrate quality and saturated fat intake, also plays a critical role in maintaining Klotho activity via insulin sensitivity, mitochondrial integrity, and inflammatory signaling. Inflammatory dietary profiles, quantified through tools such as the Dietary Inflammatory Index (DII), have been inversely associated with serum α-Klotho concentrations and biological age acceleration. This review critically synthesizes current knowledge on nutrient-specific and dietary pattern-level influences on Klotho, with emphasis on antioxidant, anti-inflammatory, and epigenetically active compounds. In parallel, the Klotho-FGF23 axis is examined regarding dietary calcium and phosphate regulation, highlighting the distinct effects of whole food-derived versus supplemental calcium on mineral metabolism and vascular health. KEY MESSAGES: Klotho emerges as a potential modifiable determinant with current limitations as a potential biomarker within precision nutrition strategies aimed at extending health span and attenuating age-related disease risk. Key concepts discussed include dietary factors in Klotho modulation and chronic disease prevention. Opportunities and limitations of soluble Klotho as a multifaceted biomarker of human health and longevity are highlighted.",,2026,Lifestyle genomics,Journal Article|Review,10.1159/000548666,https://pubmed.ncbi.nlm.nih.gov/41036659/,retain,true,abstract_only,ABSTRACT_SENTENCE_3,"Declining Klotho expression is associated with both biological and chronological aging and has been mechanistically implicated in the pathogenesis of chronic kidney disease, cardiovascular disease, neurodegeneration, and metabolic dysfunction.",,"Declining Klotho expression is associated with both biological and chronological aging and has been mechanistically implicated in the pathogenesis of chronic kidney disease, cardiovascular disease, neurodegeneration, and metabolic dysfunction.","Declining Klotho expression is associated with both biological and chronological aging and has been mechanistically implicated in the pathogenesis of chronic kidney disease, cardiovascular disease, neurodegeneration, and metabolic dysfunction.","Primarily expressed in the kidneys and brain, Klotho governs phosphate and calcium homeostasis, modulates redox signaling, and influences key metabolic pathways, including PI3K/AKT and IGF-1. | Declining Klotho expression is associated with both biological and chronological aging and has been mechanistically implicated in the pathogenesis of chronic kidney disease, cardiovascular disease, neurodegeneration, and metabolic dysfunction.",8001009,,,,not_observed,ai_screened_regex_confirmed
HRS2_KIDNEY_DISEASE,pubmed:32919822,pubmed,32919822,Differences in Dietary Intake and Vitamin and Mineral Status of Infants and Children on Dialysis Receiving Feeds or Eating Normal Food.,"OBJECTIVES: Knowledge of the vitamin and mineral intake and status of children on dialysis is scarce. Guidelines suggest supplementation of water-soluble vitamins, but the need for supplementation of minerals is less clear. We evaluated vitamin and mineral intake and status of children on chronic dialysis in our center. METHODS: We reviewed patient records of all 33 children aged 0-16 years who were treated with chronic dialysis at a University Hospital between December 2014 and August 2019. Dietary intake was estimated from feed prescriptions and 3-day food records. Vitamin and mineral determinations were performed as part of routine care. RESULTS: Food records or adherence to dietary prescription of feeds were available for 29 children. Dietary intake of most nutrients was sufficient in children on feeds, but children not on feeds had low intakes of vitamins D, B1, B2, and B6 as well as zinc, iron, and calcium from their diet. Insufficient intake was corrected with supplementation. We discovered some children with blood concentrations below the reference range for vitamins D (3.1%) and C (15.4%) and copper (16.7%) and selenium (3.1%). In contrast, various proportions of children with blood concentrations above the reference range were detected for all nutrients apart from vitamin D. CONCLUSIONS: In our study, children receiving sufficient amounts of renal-specific feeds to meet at least 100% of age-specific requirements do not appear to need multivitamin-mineral supplementation, apart from vitamin D and calcium; in addition, children on PD usually need a sodium supplement and, on rare occasions with low intake from feeds, a phosphate supplement is needed. This study further revealed that other children at our center are more prone to deficient intakes of several vitamins and minerals, requiring supplementation based on dietetic review and, in some instances, laboratory measurements.",,2021,Journal of renal nutrition : the official journal of the Council on Renal Nutrition of the National Kidney Foundation,"Journal Article|Research Support, Non-U.S. Gov't",10.1053/j.jrn.2020.07.003,https://pubmed.ncbi.nlm.nih.gov/32919822/,retain,true,abstract_only,ABSTRACT_SENTENCE_4,METHODS: We reviewed patient records of all 33 children aged 0-16 years who were treated with chronic dialysis at a University Hospital between December 2014 and August 2019.,,METHODS: We reviewed patient records of all 33 children aged 0-16 years who were treated with chronic dialysis at a University Hospital between December 2014 and August 2019.,METHODS: We reviewed patient records of all 33 children aged 0-16 years who were treated with chronic dialysis at a University Hospital between December 2014 and August 2019.,OBJECTIVES: Knowledge of the vitamin and mineral intake and status of children on dialysis is scarce. | We evaluated vitamin and mineral intake and status of children on chronic dialysis in our center. | METHODS: We reviewed patient records of all 33 children aged 0-16 years who were treated with chronic dialysis at a University Hospital between December 2014 and August 2019.,8001005,,,,not_observed,ai_screened_regex_confirmed
HRS2_KIDNEY_DISEASE,pubmed:26040915,pubmed,26040915,Association of herbal and dietary supplements with progression and complications of chronic kidney disease: A prospective cohort study.,"AIM: To determine associations between herbal and dietary supplement (HDS) use and the progression of chronic kidney disease (CKD), and associations of HDS with uncontrolled hyperphosphataemia in patients with CKD. METHOD: The cohort study recruited 406 Thai outpatients with stage 3-5 CKD from two kidney clinics of which 357 were followed up over 12 months. Patients receiving renal replacement therapy prior to recruitment were excluded. Participants were interviewed regarding their HDS use, dietary intake and conventional medication adherence using a questionnaire. The primary outcome was a composite of a decline of at least 5 mL/min per 1.73 m2 per year of estimated glomerular filtration rate and end stage renal disease. Serum creatinine, serum levels of potassium and phosphate were extracted from their medical notes over the 12 months. χ2 tests and multiple logistic regression analyses were performed to ascertain any associations. RESULTS: Despite no association between HDS and the progression of CKD over a one-year period (adjusted odds ratio (OR) 1.16, 95% confidence interval (CI) 0.66-2.03), two patients had acute kidney injury, which may be related to an unknown Chinese herbal medicine, or river spiderwort combined with diclofenac reported in the medical notes. The use of HDS was associated with uncontrolled hyperphosphataemia (adjusted OR 3.53, 95%CI 1.20-10.43). CONCLUSIONS: The findings suggest that HDS are likely to be related to acute kidney injury rather than the progression of CKD in Thai patients with CKD. The products were associated with uncontrolled hyperphosphataemia. Patients who have CKD and use HDS should be closely monitored regarding their kidney function and electrolytes.",,2015,"Nephrology (Carlton, Vic.)",Journal Article,10.1111/nep.12531,https://pubmed.ncbi.nlm.nih.gov/26040915/,retain,true,abstract_only,ABSTRACT_SENTENCE_8,"The use of HDS was associated with uncontrolled hyperphosphataemia (adjusted OR 3.53, 95%CI 1.20-10.43).",5 mL | 95%,Patients who have CKD and use HDS should be closely monitored regarding their kidney function and electrolytes.,"The use of HDS was associated with uncontrolled hyperphosphataemia (adjusted OR 3.53, 95%CI 1.20-10.43).","AIM: To determine associations between herbal and dietary supplement (HDS) use and the progression of chronic kidney disease (CKD), and associations of HDS with uncontrolled hyperphosphataemia in patients with CKD. | METHOD: The cohort study recruited 406 Thai outpatients with stage 3-5 CKD from two kidney clinics of which 357 were followed up over 12 months. | Patients receiving renal replacement therapy prior to recruitment were excluded.",7003016,,,,not_observed,ai_screened_regex_confirmed
HRS2_KIDNEY_DISEASE,pubmed:8711172,pubmed,8711172,[Vitamin disturbances in chronic renal insufficiency. II. Fat soluble vitamins].,"Fat soluble vitamins (except vitamin K) are protein bounded with subsequent storage in the body. It is generally accepted that plasma level of vitamin A is increased in majority of patients with chronic renal insufficiency (CRI) including those on continuous ambulatory peritoneal dialysis (CAPD). Thus, there is no need to supplement this vitamin in CRI patients (pts). Plasma level of vitamin E in CRI pts may be elevated, normal or decreased. It seems to be justified to supplement this vitamin, in spite of its normal plasma level, in case platelet aggregation is increased. Both in dialyzed and nondialyzed CRI pts a normal serum level of vitamin K has been observed. Decreased or extremely low serum level of vitamin D following the gradual loss of renal tissue is to be observed in CRI pts. This deficit is regarded as the main factor leading to the decrease in serum level of calcium, the secondary hyperparathyroidism and bone changes. Treatment with 1.25(OH)2D3 (calcitriol) proved to be most successful in alleviation of symptoms resulting from the deficit of vitamin D3 in the body. Intravenous ""pulsating"" administration of calcitriol results in rapid normalization of serum PTH level. Treatment with 25(OH)D3 (calcidiol) given orally 3 times a week (""pulsating"" method) revealed also fairly good results in this respect. During treatment with vitamin D3 hypercalcemia tends to develop, serum alkaline phosphatase normalizes, elevated PTH serum level decreases. Vitamin D metabolites are less active than 1.25(OH)2D3 being less hypercalcemic.",,1996,Przeglad lekarski,English Abstract|Journal Article|Review,,https://pubmed.ncbi.nlm.nih.gov/8711172/,retain,true,abstract_only,ABSTRACT_SENTENCE_12,"During treatment with vitamin D3 hypercalcemia tends to develop, serum alkaline phosphatase normalizes, elevated PTH serum level decreases.",,"During treatment with vitamin D3 hypercalcemia tends to develop, serum alkaline phosphatase normalizes, elevated PTH serum level decreases. | Vitamin D metabolites are less active than 1.25(OH)2D3 being less hypercalcemic.","During treatment with vitamin D3 hypercalcemia tends to develop, serum alkaline phosphatase normalizes, elevated PTH serum level decreases.",It is generally accepted that plasma level of vitamin A is increased in majority of patients with chronic renal insufficiency (CRI) including those on continuous ambulatory peritoneal dialysis (CAPD). | Decreased or extremely low serum level of vitamin D following the gradual loss of renal tissue is to be observed in CRI pts.,6007003,,,,not_observed,ai_screened_regex_confirmed
HRS2_KIDNEY_DISEASE,pubmed:33679399,pubmed,33679399,Associations Between Using Chinese Herbal Medicine and Long-Term Outcome Among Pre-dialysis Diabetic Nephropathy Patients: A Retrospective Population-Based Cohort Study.,"Background: Chronic kidney disease (CKD) has become a worldwide burden due to the high co-morbidity and mortality. Diabetic nephropathy (DN) is one of the leading causes of CKD, and pre-dialysis is one of the most critical stages before the end-stage renal disease (ESRD). Although Chinese herbal medicine (CHM) use is not uncommon, the feasibility of using CHM among pre-dialysis DN patients remains unclear. Materials and methods: We analyzed a population-based cohort, retrieved from Taiwan's National Health Insurance Research Database, to study the long-term outcome of using CHM among incident pre-dialysis DN patients from January 1, 2004, to December 31, 2007. All patients were followed up to 5 years or the occurrence of mortality. The risks of all-cause mortality and ESRD were carried out using Kaplan-Meier and competing risk estimation, respectively. Further, we demonstrated the CHM prescriptions and core CHMs using the Chinese herbal medicine network (CMN) analysis. Results: A total of 6,648 incident pre-dialysis DN patients were analyzed, including 877 CHM users and 5,771 CHM nonusers. With overlap weighing for balancing all accessible covariates between CHM users and nonusers, we found the use of CHM was associated with lower all-cause mortality (0.22 versus 0.56; log-rank test: p-value <0.001), and the risk of mortality was 0.42 (95% CI: 0.36-0.49; p-value <0.001) by adjusting all accessible covariates. Further, the use of CHM was associated with a lower risk of ESRD (cause-specific hazard ratio: 0.59, 95%CI: 0.55-0.63; p-value <0.001). Also, from the 5,901 CHM prescriptions, we found Ji-Sheng-Shen-Qi-Wan, Astragalus mongholicus Bunge or (Astragalus membranaceus (Fisch.) Bge.), Plantago asiatica L. (or Plantago depressa Willd.), Salvia miltiorrhiza Bunge, and Rheum palmatum L. (or Rheum tanguticum (Maxim. ex Regel) Balf., Rheum officinale Baill.) were used as core CHMs for different CHM indications. Use of core CHMs was associated with a lower risk of mortality than CHM users without using core CHMs. Conclusions: The use of CHM seemed feasible among pre-dialysis DN patients; however, the beneficial effects still need to be validated by well-designed clinical trials.",,2021,Frontiers in pharmacology,Journal Article,10.1016/j.intimp.2016.11.006,https://pubmed.ncbi.nlm.nih.gov/33679399/,retain,true,abstract_only,ABSTRACT_SENTENCE_9,"With overlap weighing for balancing all accessible covariates between CHM users and nonusers, we found the use of CHM was associated with lower all-cause mortality (0.22 versus 0.56; log-rank test: p-value <0.001), and the risk of mortality was 0.42 (95% CI: 0.36-0.49; p-value <0.001) by adjusting all accessible covariates.",95%,"Background: Chronic kidney disease (CKD) has become a worldwide burden due to the high co-morbidity and mortality. | All patients were followed up to 5 years or the occurrence of mortality. | The risks of all-cause mortality and ESRD were carried out using Kaplan-Meier and competing risk estimation, respectively.","With overlap weighing for balancing all accessible covariates between CHM users and nonusers, we found the use of CHM was associated with lower all-cause mortality (0.22 versus 0.56; log-rank test: p-value <0.001), and the risk of mortality was 0.42 (95% CI: 0.36-0.49; p-value <0.001) by adjusting all accessible covariates.","Background: Chronic kidney disease (CKD) has become a worldwide burden due to the high co-morbidity and mortality. | Diabetic nephropathy (DN) is one of the leading causes of CKD, and pre-dialysis is one of the most critical stages before the end-stage renal disease (ESRD). | Although Chinese herbal medicine (CHM) use is not uncommon, the feasibility of using CHM among pre-dialysis DN patients remains unclear.",6006013,,,,not_observed,ai_screened_regex_confirmed
HRS2_KIDNEY_DISEASE,pubmed:34896898,pubmed,34896898,Four prescribed Chinese herbal medicines provide renoprotection and survival benefit without hyperkalemia risk in patients with advanced chronic kidney disease: A nationwide cohort study.,"BACKGROUND: Chinese herbal medicine (CHM) has been used as adjuvant treatment of chronic kidney disease (CKD) for years. Astragalus membranaceus (A. membranaceus, Huangqi [A]), Angelica sinensis (Oliv.) Diels (Danggui [S]), Rheum palmatum L. (Dahuang [R]), and Salvia miltiorrhiza Bunge (Danshen [D]) are considered as potentially renoprotective CHMs. However, there is limited evidence on whether ASRD use affects outcomes and causes hyperkalemia in patients with stage 4 and stage 5 advanced CKD. PURPOSE: To investigate between ASRD use (vs. nonuse) and risks of end-stage renal disease (ESRD), death, and hyperkalemia in patients with advanced CKD. STUDY DESIGN: Retrospective nationwide cohort study using claims data from the Taiwan's 2005 Longitudinal Generation Tracking Database in 2000-2016. METHODS: A total of 24,572 patients with advanced CKD were identified and 15,729 eligible patients were enrolled in the propensity score matching, with 1,401 incident ASRD users (8.9%) and 14,328 nonusers (91.1%). Finally, 1,076 ASRD users and 4,304 matched nonusers were subjected to analysis. We used Cox proportional hazards regression model to estimate the hazard ratios for ESRD and death and Poisson regression to estimate incidence rate ratio of hyperkalemia. The additive effect of one to four ASRD and the pooling effect of individual ASRD on risks of ESRD and death were also addressed. RESULTS: In a total follow-up of 15,740 person-years, 2,703 patients (50.2%) developed ESRD and 499 (9.3%) died before progression to ESRD. As compared with nonusers, ASRD users were associated with adjusted hazard ratios of 0.83 (95% confidence interval, 0.76-0.91) for ESRD and 0.78 (0.30-0.93) for death, as well as adjusted incidence rate ratios of 0.54 (0.48-0.60) for inpatient hyperkalemia and 0.44 (0.42-0.46) for total hyperkalemia. The renal and survival benefits of ASRD use were consistent across almost patient subgroups on multivariate stratified analyses. Using all four ASRD provided the lowest risks of ESRD (0.30; 0.71-0.52) and death (0.32; 0.17-0.63). Individual use of ASRD also demonstrated comparable renal and survival benefits. CONCLUSION: ASRD use was associated with lower risks of ESRD and death among advanced CKD patients. This benefit did not increase hyperkalemia risk.",,2022,Phytomedicine : international journal of phytotherapy and phytopharmacology,Journal Article,10.1016/j.phymed.2021.153873,https://pubmed.ncbi.nlm.nih.gov/34896898/,retain,true,abstract_only,ABSTRACT_SENTENCE_11,"As compared with nonusers, ASRD users were associated with adjusted hazard ratios of 0.83 (95% confidence interval, 0.76-0.91) for ESRD and 0.78 (0.30-0.93) for death, as well as adjusted incidence rate ratios of 0.54 (0.48-0.60) for inpatient hyperkalemia and 0.44 (0.42-0.46) for total hyperkalemia.",,"However, there is limited evidence on whether ASRD use affects outcomes and causes hyperkalemia in patients with stage 4 and stage 5 advanced CKD. | PURPOSE: To investigate between ASRD use (vs. nonuse) and risks of end-stage renal disease (ESRD), death, and hyperkalemia in patients with advanced CKD. | We used Cox proportional hazards regression model to estimate the hazard ratios for ESRD and death and Poisson regression to estimate incidence rate ratio of hyperkalemia.","As compared with nonusers, ASRD users were associated with adjusted hazard ratios of 0.83 (95% confidence interval, 0.76-0.91) for ESRD and 0.78 (0.30-0.93) for death, as well as adjusted incidence rate ratios of 0.54 (0.48-0.60) for inpatient hyperkalemia and 0.44 (0.42-0.46) for total hyperkalemia.","BACKGROUND: Chinese herbal medicine (CHM) has been used as adjuvant treatment of chronic kidney disease (CKD) for years. | However, there is limited evidence on whether ASRD use affects outcomes and causes hyperkalemia in patients with stage 4 and stage 5 advanced CKD. | PURPOSE: To investigate between ASRD use (vs. nonuse) and risks of end-stage renal disease (ESRD), death, and hyperkalemia in patients with advanced CKD.",6004013,,,,not_observed,ai_screened_regex_confirmed
HRS2_KIDNEY_DISEASE,pubmed:10681665,pubmed,10681665,Vitamin replacement therapy in renal failure patients.,"Renal failure patients require vitamin replacement therapy that addresses the specialized needs of renal failure. Four factors including restricted diet, uremic toxins, drug-nutrient interactions, and in ESRD, the dialysis process, affect the normal absorption, retention and activity of necessary micronutrients which support all aspects of carbohydrate, protein, lipid and nucleic acid metabolism. Studies have shown that the typical renal failure diet is low in B vitamins, that uremic factors affect folate and pyridoxine activities and that many B vitamins are lost on dialysis at a rate greater than are lost with normal urinary excretion. In addition, retention of vitamin A or inappropriately high supplementation of vitamin C may cause toxicities which exacerbate existing pathologies. Further, emerging research suggests some vitamins such as folic acid and pyridoxine, if provided in higher than normal amounts, may have an impact on reducing the risk of some aspects of renal cardiovascular disease. It is therefore important to supplement some vitamins, and use restraint in the supplementation of others. It is clear that renal failure patients, including predialysis, ESRD and transplant patients need specialized supplementation that meets the requirements of disease and its management.",,1999,Mineral and electrolyte metabolism,Journal Article|Review,10.1159/000057473,https://pubmed.ncbi.nlm.nih.gov/10681665/,retain,true,abstract_only,ABSTRACT_SENTENCE_5,"Further, emerging research suggests some vitamins such as folic acid and pyridoxine, if provided in higher than normal amounts, may have an impact on reducing the risk of some aspects of renal cardiovascular disease.",,"In addition, retention of vitamin A or inappropriately high supplementation of vitamin C may cause toxicities which exacerbate existing pathologies. | Further, emerging research suggests some vitamins such as folic acid and pyridoxine, if provided in higher than normal amounts, may have an impact on reducing the risk of some aspects of renal cardiovascular disease.","Further, emerging research suggests some vitamins such as folic acid and pyridoxine, if provided in higher than normal amounts, may have an impact on reducing the risk of some aspects of renal cardiovascular disease.","Renal failure patients require vitamin replacement therapy that addresses the specialized needs of renal failure. | Four factors including restricted diet, uremic toxins, drug-nutrient interactions, and in ESRD, the dialysis process, affect the normal absorption, retention and activity of necessary micronutrients which support all aspects of carbohydrate, protein, lipid and nucleic acid metabolism. | Studies have shown that the typical renal failure diet is low in B vitamins, that uremic factors affect folate and pyridoxine activities and that many B vitamins are lost on dialysis at a rate greater than are lost with normal urinary excretion.",6004009,,,,not_observed,ai_screened_regex_confirmed
HRS2_KIDNEY_DISEASE,pubmed:39548442,pubmed,39548442,Utilization of complementary and alternative medicine by patients undergoing maintenance hemodialysis for chronic kidney disease in Taiwan: a descriptive investigation.,"BACKGROUND: Despite the paucity of scientific evidence, complementary and alternative medicine (CAM) is widely used for the prevention and treatment of chronic illness, holistic care, and counteracting the adverse effects of conventional therapies. This study aims to determine the prevalence of CAM use and its associated factors among patients undergoing hemodialysis (HD) in Taiwan. METHODS: This quantitative study was conducted from August 2022 to July 2024 in the HD unit at Kaohsiung Chang Gung Memorial Hospital in Taiwan. Face-to-face questionnaire-based interviews were held with 154 of 163 eligible patients (response rate, 94.5%) at the bedside during HD. The completed questionnaires were entered into a secure computer database. Data was performed by descriptive analysis, Chi-square, and Fisher tests. RESULTS: More than half of the patients were CAM users (n = 86; 56%), and women was associated with significantly more usage of CAM. Fifty-six CAM users took Chinese herbal medicine (CHM), 52.3% (n = 45) used dietary supplements, and 19.8% (n = 17) used acupuncture. The benefit in the effectiveness of CAM was the main reason for use, the need of CAM to improve the well-being and HD-related complication was high. 32.7% of patients had used CAM based on recommendation from their family and friends. More than one-third (33.7%) of patients did not disclose their use of CAM to their doctors, most of them think it is unnecessary. CONCLUSIONS: The use of CAM by patients with maintenance HD was relatively frequent. Of these, most used CHM, of which are shown to the trend into routine HD care is inevitable by high coverage and utilization in Taiwanese national health insurance system. These findings indicate that it is important for health care providers working in dialysis to assess CAM use.",,2024,BMC health services research,Journal Article,10.1016/j.ackd.2005.03.003,https://pubmed.ncbi.nlm.nih.gov/39548442/,retain,true,abstract_only,ABSTRACT_SENTENCE_1,"BACKGROUND: Despite the paucity of scientific evidence, complementary and alternative medicine (CAM) is widely used for the prevention and treatment of chronic illness, holistic care, and counteracting the adverse effects of conventional therapies.",,"BACKGROUND: Despite the paucity of scientific evidence, complementary and alternative medicine (CAM) is widely used for the prevention and treatment of chronic illness, holistic care, and counteracting the adverse effects of conventional therapies. | METHODS: This quantitative study was conducted from August 2022 to July 2024 in the HD unit at Kaohsiung Chang Gung Memorial Hospital in Taiwan.","BACKGROUND: Despite the paucity of scientific evidence, complementary and alternative medicine (CAM) is widely used for the prevention and treatment of chronic illness, holistic care, and counteracting the adverse effects of conventional therapies.",This study aims to determine the prevalence of CAM use and its associated factors among patients undergoing hemodialysis (HD) in Taiwan. | These findings indicate that it is important for health care providers working in dialysis to assess CAM use.,6004009,,,,not_observed,ai_screened_regex_confirmed
HRS2_KIDNEY_DISEASE,pubmed:14708071,pubmed,14708071,Trace elements and vitamins in maintenance dialysis patients.,"Although protein-energy malnutrition occurs commonly in patients with end-stage renal disease undergoing maintenance dialysis treatment, it is not the only form of malnutrition that may exist in these individuals. They may also suffer from deficiencies of micronutrients, particularly trace elements and vitamins. More commonly occurring vitamin deficiencies in maintenance dialysis patients include those for vitamin C (ascorbate), folate, vitamin B6 (pyridoxine), and 1,25-dihydroxycholecalciferol (calcitriol). Among trace elements, deficiencies may occur more commonly for iron, zinc, and possibly selenium, whereas toxicities are more common with aluminum and possibly copper. Evidence suggests that there is an abnormally high prevalence of antioxidant deficiency in maintenance dialysis patients, especially because a low intake of protein and energy may be associated with inadequate ingestion of antioxidant vitamins (ie, vitamins E and C and carotenoids). Thus, some micronutrient deficiencies in maintenance dialysis patients may contribute to the development of atherosclerotic cardiovascular disease. Dietary requirements for vitamins and trace elements in maintenance dialysis patients are reviewed and the recommended daily intakes are discussed.",,2003,Advances in renal replacement therapy,"Journal Article|Research Support, Non-U.S. Gov't|Research Support, U.S. Gov't, P.H.S.|Review",10.1053/j.arrt.2003.09.002,https://pubmed.ncbi.nlm.nih.gov/14708071/,retain,true,abstract_only,ABSTRACT_SENTENCE_4,"Among trace elements, deficiencies may occur more commonly for iron, zinc, and possibly selenium, whereas toxicities are more common with aluminum and possibly copper.",,"Among trace elements, deficiencies may occur more commonly for iron, zinc, and possibly selenium, whereas toxicities are more common with aluminum and possibly copper. | Thus, some micronutrient deficiencies in maintenance dialysis patients may contribute to the development of atherosclerotic cardiovascular disease.","Among trace elements, deficiencies may occur more commonly for iron, zinc, and possibly selenium, whereas toxicities are more common with aluminum and possibly copper.","Although protein-energy malnutrition occurs commonly in patients with end-stage renal disease undergoing maintenance dialysis treatment, it is not the only form of malnutrition that may exist in these individuals. | More commonly occurring vitamin deficiencies in maintenance dialysis patients include those for vitamin C (ascorbate), folate, vitamin B6 (pyridoxine), and 1,25-dihydroxycholecalciferol (calcitriol). | Evidence suggests that there is an abnormally high prevalence of antioxidant deficiency in maintenance dialysis patients, especially because a low intake of protein and energy may be associated with inadequate ingestion of antioxidant vitamins (ie, vitamins E and C and carotenoids).",6002009,,,,not_observed,ai_screened_regex_confirmed
HRS2_KIDNEY_DISEASE,pubmed:21195933,pubmed,21195933,Guidelines for vitamin supplements in chronic kidney disease patients: what is the evidence?,"Wide discrepancies exist in the use of vitamins in kidney disease, and evidence-based recommendations are sparse. Water-soluble vitamin levels may be inadequate in patients not receiving supplements and this may be associated with increased mortality, which deserves further attention to increase strength of evidence. Supplements should be administered cautiously as renal mechanisms to prevent hypervitaminosis are no longer functional. The most reliable assays for vitamin status examine tissue mechanisms that rely on vitamins as cofactors. Vitamin A levels are generally quite high, vitamin D is low and requires supplementation, and the benefits of vitamin E may be linked to its usage in a modified dialysis membrane. Because of restricted diets that provide limited vitamin intake from food, many renal patients can benefit from a tablet that adds an amount equal to one recommended daily allowance of water-soluble vitamins, but larger amounts are not appropriate or beneficial. Vitamin status is influenced by interaction of many variables, and individual attention to each patient is warranted to achieve optimal vitamin status.",,2011,Journal of renal nutrition : the official journal of the Council on Renal Nutrition of the National Kidney Foundation,Journal Article|Review,10.1053/j.jrn.2010.11.004,https://pubmed.ncbi.nlm.nih.gov/21195933/,retain,true,abstract_only,ABSTRACT_SENTENCE_2,"Water-soluble vitamin levels may be inadequate in patients not receiving supplements and this may be associated with increased mortality, which deserves further attention to increase strength of evidence.",,"Water-soluble vitamin levels may be inadequate in patients not receiving supplements and this may be associated with increased mortality, which deserves further attention to increase strength of evidence.","Water-soluble vitamin levels may be inadequate in patients not receiving supplements and this may be associated with increased mortality, which deserves further attention to increase strength of evidence.","Wide discrepancies exist in the use of vitamins in kidney disease, and evidence-based recommendations are sparse. | Supplements should be administered cautiously as renal mechanisms to prevent hypervitaminosis are no longer functional. | Vitamin A levels are generally quite high, vitamin D is low and requires supplementation, and the benefits of vitamin E may be linked to its usage in a modified dialysis membrane.",6002009,,,,not_observed,ai_screened_regex_confirmed
HRS2_KIDNEY_DISEASE,pubmed:28798802,pubmed,28798802,Prescribed Renoprotective Chinese Herbal Medicines Were Associated with a Lower Risk of All-Cause and Disease-Specific Mortality among Patients with Chronic Kidney Disease: A Population-Based Follow-Up Study in Taiwan.,"Chinese herbal medicines (CHMs) containing aristolochic acid (AA) are associated with chronic kidney disease (CKD), but some prescribed CHMs have been shown to possess renoprotective effects. We conducted a nationwide retrospective cohort study to delineate the role of prescribed CHMs on the CKD progression. Renoprotective CHM (RPCHM) was defined if a CHM contained dong chong xia cao (Cordyceps sinensis (Berk.) Sacc.), da huang (Rheum palmatum L), huang qi (Astragalus membranaceus), dan shen (Salvia miltiorrhiza Bge.), and dong quai (Angelica sinensis (Oliv.) Diels) or belonged to specific mixture herbal formulations (Yishen capsule, Saireito, or Wen Pi Tang). Subjects who had ever used AA-containing CHMs, had cancer or HIV prior to CKD diagnosis, or died within the first month of CKD diagnosis were excluded. A total of 11,625 patients were eligible subjects. The adjusted hazard ratio (aHR) for all-cause mortality was 0.6 (p < 0.001) and 0.6 (p = 0.013) among subjects receiving RPCHMs containing Angelica sinensis and those receiving other RPCHMs, respectively. For CKD-related mortality, the aHR among subjects receiving RPCHMs containing Angelica sinensis was 0.6 (p = 0.025). The use of specific RPCHMs, especially those that contained Angelica sinensis, was associated with a lower risk of mortality among CKD patients.",,2017,Evidence-based complementary and alternative medicine : eCAM,Journal Article,10.1007/s11524-007-9195-1,https://pubmed.ncbi.nlm.nih.gov/28798802/,retain,true,abstract_only,ABSTRACT_SENTENCE_6,"The adjusted hazard ratio (aHR) for all-cause mortality was 0.6 (p < 0.001) and 0.6 (p = 0.013) among subjects receiving RPCHMs containing Angelica sinensis and those receiving other RPCHMs, respectively.",,"The adjusted hazard ratio (aHR) for all-cause mortality was 0.6 (p < 0.001) and 0.6 (p = 0.013) among subjects receiving RPCHMs containing Angelica sinensis and those receiving other RPCHMs, respectively. | For CKD-related mortality, the aHR among subjects receiving RPCHMs containing Angelica sinensis was 0.6 (p = 0.025). | The use of specific RPCHMs, especially those that contained Angelica sinensis, was associated with a lower risk of mortality among CKD patients.","The adjusted hazard ratio (aHR) for all-cause mortality was 0.6 (p < 0.001) and 0.6 (p = 0.013) among subjects receiving RPCHMs containing Angelica sinensis and those receiving other RPCHMs, respectively.","Chinese herbal medicines (CHMs) containing aristolochic acid (AA) are associated with chronic kidney disease (CKD), but some prescribed CHMs have been shown to possess renoprotective effects. | We conducted a nationwide retrospective cohort study to delineate the role of prescribed CHMs on the CKD progression. | Subjects who had ever used AA-containing CHMs, had cancer or HIV prior to CKD diagnosis, or died within the first month of CKD diagnosis were excluded.",6002009,,,,not_observed,ai_screened_regex_confirmed
HRS2_KIDNEY_DISEASE,pubmed:29611144,pubmed,29611144,"Treatment dose and the elimination rates of electrolytes, vitamins, and trace elements during continuous veno-venous hemodialysis (CVVHD).","INTRODUCTION: During continuous renal replacement therapy, achievement of recommended treatment dose is important. However, relevant substrate loss may occur and recommended nutrition during critical illness could not be sufficient for higher dialysis doses. We investigated the correlation of dialysis dose and substrate loss for a broad range of dialysis doses. METHODS: Forty critically ill patients with acute kidney injury undergoing citrate CVVHD were included in this prospective study. Three different corresponding blood flow (BF) and dialysate flow (DF) rates were applied (BF/DF: 100 ml/min, 2000 ml/h; 80 ml/min, 1500 ml/h; 120 ml/min, 2500 ml/h). Delivered effluent flow rate (DEFR) was calculated and correlated with losses of vitamins, electrolytes, and trace elements during recommended nutritional supplementation. RESULTS: For folic acid, vitamin B12, zinc, inorganic phosphate, and magnesium, no correlation of losses and DEFR was detected. For ionized calcium, a correlation was observed and additional substitution was required. CONCLUSION: Clinically relevant loss of folic acid, vitamin B12, zinc, inorganic phosphate, and magnesium was not observed for differently used dialysis doses of CVVHD, and the loss was covered sufficiently by daily recommended nutritional supplementation. Increased loss of ionized calcium for higher dialysis doses occurred during citrate CVVHD. Therefore, a strict protocol must maintain calcium homeostasis to avoid calcium depletion.",,2018,International urology and nephrology,Journal Article,10.1007/s11255-018-1856-3,https://pubmed.ncbi.nlm.nih.gov/29611144/,retain,true,abstract_only,ABSTRACT_SENTENCE_6,"Delivered effluent flow rate (DEFR) was calculated and correlated with losses of vitamins, electrolytes, and trace elements during recommended nutritional supplementation.",100 ml | 2000 ml | 80 ml | 1500 ml | 120 ml | 2500 ml,"Delivered effluent flow rate (DEFR) was calculated and correlated with losses of vitamins, electrolytes, and trace elements during recommended nutritional supplementation.","Delivered effluent flow rate (DEFR) was calculated and correlated with losses of vitamins, electrolytes, and trace elements during recommended nutritional supplementation.","INTRODUCTION: During continuous renal replacement therapy, achievement of recommended treatment dose is important. | However, relevant substrate loss may occur and recommended nutrition during critical illness could not be sufficient for higher dialysis doses. | We investigated the correlation of dialysis dose and substrate loss for a broad range of dialysis doses.",6002005,,,,not_observed,ai_screened_regex_confirmed
HRS3_PREGNANCY,pubmed:41180435,pubmed,41180435,Micronutrients in Obstetrics and Gynecology: Mini-Review Article.,"Micronutrients are fundamental in maintaining the general health of a woman and play a pivotal role in reproductive health, with heightened importance during pregnancy and lactation. Deficiencies in vitamins and minerals-common globally-are associated with adverse maternal and fetal outcomes such as anemia, preeclampsia, gestational diabetes, neural tube defects (NTDs), and intrauterine growth restriction. Micronutrients may affect the programming of fetal origin of adult diseases. Micronutrient deficiency also plays a part in gynecological disorders such as polycystic ovary syndrome, infertility, endometriosis, fibroids and certain gynecological malignancies. A systematic review of 31 recent articles, including cohort studies and meta-analyses, was conducted through databases such as PubMed, Google Scholar and ScienceDirect. Twenty-five articles were selected based on relevance and methodological rigor. Deficiencies in iron, folate, vitamin D, zinc, iodine, and vitamin B12 are prevalent among pregnant women, particularly in India. Iron supplementation reduces anemia, but its broader impact remains inconclusive. Folic acid prevents up to 70% of NTDs when started preconceptionally. Calcium and vitamin D lower the risk of preeclampsia. Zinc and iodine deficiencies contribute to poor pregnancy outcomes. Multiple micronutrient supplementation (MMS) has shown superior efficacy compared to iron-folic acid alone in reducing low birth weight and small-for-gestational-age outcomes, though optimal formulations require further study. Adequate micronutrient intake is essential for optimal maternal and fetal health. MMS offers a promising intervention but should be tailored to individual needs to prevent over-supplementation. Future research must address micronutrient interactions, population-specific needs, and personalized nutrition strategies.",,2025,Journal of obstetrics and gynaecology of India,Journal Article|Review,10.3389/fnut.2025.1476672,https://pubmed.ncbi.nlm.nih.gov/41180435/,retain,true,abstract_only,ABSTRACT_SENTENCE_2,"Deficiencies in vitamins and minerals-common globally-are associated with adverse maternal and fetal outcomes such as anemia, preeclampsia, gestational diabetes, neural tube defects (NTDs), and intrauterine growth restriction.",,"Deficiencies in vitamins and minerals-common globally-are associated with adverse maternal and fetal outcomes such as anemia, preeclampsia, gestational diabetes, neural tube defects (NTDs), and intrauterine growth restriction.","Deficiencies in vitamins and minerals-common globally-are associated with adverse maternal and fetal outcomes such as anemia, preeclampsia, gestational diabetes, neural tube defects (NTDs), and intrauterine growth restriction.","Micronutrients are fundamental in maintaining the general health of a woman and play a pivotal role in reproductive health, with heightened importance during pregnancy and lactation. | Deficiencies in vitamins and minerals-common globally-are associated with adverse maternal and fetal outcomes such as anemia, preeclampsia, gestational diabetes, neural tube defects (NTDs), and intrauterine growth restriction. | Micronutrients may affect the programming of fetal origin of adult diseases.",18008013,,,,not_observed,ai_screened_regex_confirmed
HRS3_PREGNANCY,pubmed:41596115,pubmed,41596115,"Dietary Supplements in Pregnancy and Postpartum: Evidence, Safety Challenges and a Precision Nutrition Framework (GAPSS).","Maternal undernutrition remains a major modifiable risk factor for adverse pregnancy outcomes. Dietary supplements are widely used to bridge nutritional gaps, but their efficacy, safety, and quality control remain controversial. This review critically evaluates the mechanisms, clinical evidence, and quality assurance of key supplements (folic acid, iron, vitamin D, calcium, iodine, omega-3 PUFA, choline, and multiple micronutrients) specifically in pregnant and postpartum women. We highlight that while folic acid (400-800 µg/d) and iron supplementation reduce neural tube defects by >70% and maternal anaemia by 30-50%, respectively, high-dose antioxidant cocktails (vitamins C + E) have shown no benefit and potential harm in large RCTs. Up to 18-40% of commercially available prenatal supplements contain undeclared pharmaceuticals, heavy metals, or incorrect dosages, underscoring the urgent need for advanced analytical methods (LC-MS/MS, HRMS, NMR). We propose the GAPSS (Genotype-Analytics-Physiology-Safety-Sustainability) framework for future personalised maternal nutrition. Rigorous, pregnancy-specific quality control combined with biomarker-guided supplementation is essential to maximise benefits and minimise risks.",,2026,"Antioxidants (Basel, Switzerland)",Journal Article|Review,10.3389/fgene.2024.1327341,https://pubmed.ncbi.nlm.nih.gov/41596115/,retain,true,abstract_only,ABSTRACT_SENTENCE_1,Maternal undernutrition remains a major modifiable risk factor for adverse pregnancy outcomes.,400-800 µg/d,Maternal undernutrition remains a major modifiable risk factor for adverse pregnancy outcomes.,Maternal undernutrition remains a major modifiable risk factor for adverse pregnancy outcomes.,"Maternal undernutrition remains a major modifiable risk factor for adverse pregnancy outcomes. | This review critically evaluates the mechanisms, clinical evidence, and quality assurance of key supplements (folic acid, iron, vitamin D, calcium, iodine, omega-3 PUFA, choline, and multiple micronutrients) specifically in pregnant and postpartum women. | We highlight that while folic acid (400-800 µg/d) and iron supplementation reduce neural tube defects by >70% and maternal anaemia by 30-50%, respectively, high-dose antioxidant cocktails (vitamins C + E) have shown no benefit and potential harm in large RCTs.",16004009,,,,not_observed,ai_screened_regex_confirmed
HRS3_PREGNANCY,pubmed:21487490,pubmed,21487490,Vitamins and minerals for women: recent programs and intervention trials.,"Women's nutrition has received little attention in nutrition programming, even though clinical trials and intervention trials have suggested that dietary improvement or supplementation with several nutrients may improve their health, especially in low-income settings, the main focus of this paper. Most attention so far has focused on how improvements in maternal nutrition can improve health outcomes for infants and young children. Adequate vitamin D and calcium nutrition throughout life may reduce the risk of osteoporosis, and calcium supplementation during pregnancy may reduce preeclampsia and low birth weight. To reduce neural tube defects, additional folic acid and possibly vitamin B(12) need to be provided to non-deficient women before they know they are pregnant. This is best achieved by fortifying a staple food. It is unclear whether maternal vitamin A supplementation will lead to improved health outcomes for mother or child. Iron, iodine and zinc supplementation are widely needed for deficient women. Multimicronutrient supplementation (MMS) in place of the more common iron-folate supplements given in pregnancy in low-income countries may slightly increase birth weight, but its impact on neonatal mortality and other outcomes is unclear. More sustainable alternative approaches deserve greater research attention.",,2011,Nutrition research and practice,Journal Article,10.4162/nrp.2011.5.1.3,https://pubmed.ncbi.nlm.nih.gov/21487490/,retain,true,abstract_only,ABSTRACT_SENTENCE_8,"Multimicronutrient supplementation (MMS) in place of the more common iron-folate supplements given in pregnancy in low-income countries may slightly increase birth weight, but its impact on neonatal mortality and other outcomes is unclear.",,"Multimicronutrient supplementation (MMS) in place of the more common iron-folate supplements given in pregnancy in low-income countries may slightly increase birth weight, but its impact on neonatal mortality and other outcomes is unclear.","Multimicronutrient supplementation (MMS) in place of the more common iron-folate supplements given in pregnancy in low-income countries may slightly increase birth weight, but its impact on neonatal mortality and other outcomes is unclear.","Most attention so far has focused on how improvements in maternal nutrition can improve health outcomes for infants and young children. | Adequate vitamin D and calcium nutrition throughout life may reduce the risk of osteoporosis, and calcium supplementation during pregnancy may reduce preeclampsia and low birth weight. | To reduce neural tube defects, additional folic acid and possibly vitamin B(12) need to be provided to non-deficient women before they know they are pregnant.",15004005,,,,not_observed,ai_screened_regex_confirmed
HRS3_PREGNANCY,pubmed:32075071,pubmed,32075071,"Vitamin and Mineral Supplementation During Pregnancy on Maternal, Birth, Child Health and Development Outcomes in Low- and Middle-Income Countries: A Systematic Review and Meta-Analysis.","Almost two billion people are deficient in key vitamins and minerals, mostly women and children in low- and middle-income countries (LMICs). Deficiencies worsen during pregnancy due to increased energy and nutritional demands, causing adverse outcomes in mother and child, but could be mitigated by interventions like micronutrient supplementation. To our knowledge, this is the first systematic review that aimed to compile evidence from both efficacy and effectiveness trials, evaluating different supplementation interventions on maternal, birth, child health, and developmental outcomes. We evaluated randomized controlled trials and quasi-experimental studies published since 1995 in peer-reviewed and grey literature that assessed the effects of calcium, vitamin A, iron, vitamin D, and zinc supplementation compared to placebo/no treatment; iron-folic (IFA) supplementation compared to folic acid only; multiple micronutrient (MMN) supplementation compared to IFA; and lipid-based nutrient supplementation (LNS) compared to MMN supplementation. Seventy-two studies, which collectively involved 314 papers (451,723 women), were included. Meta-analyses showed improvement in several key birth outcomes, such as preterm birth, small-for-gestational age (SGA) and low birthweight with MMN supplementation, compared to IFA. MMN also improved child outcomes, including diarrhea incidence and retinol concentration, which are findings not previously reported. Across all comparisons, micronutrient supplementation had little to no effect on mortality (maternal, neonatal, perinatal, and infant) outcomes, which is consistent with other systematic reviews. IFA supplementation showed notable improvement in maternal anemia and the reduction in low birthweight, whereas LNS supplementation had no apparent effect on outcomes; further research that compares LNS and MMN supplementation could help understand differences with these commodities. For single micronutrient supplementation, improvements were noted in only a few outcomes, mainly pre-eclampsia/eclampsia (calcium), maternal anemia (iron), preterm births (vitamin D), and maternal serum zinc concentration (zinc). These findings highlight that micronutrient-specific supplementation should be tailored to specific groups or needs for maximum benefit. In addition, they further contribute to the ongoing discourse of choosing antenatal MMN over IFA as the standard of care in LMICs.",,2020,Nutrients,Journal Article|Meta-Analysis|Systematic Review,10.1136/archdischild-2016-311050,https://pubmed.ncbi.nlm.nih.gov/32075071/,retain,true,abstract_only,ABSTRACT_SENTENCE_2,"Deficiencies worsen during pregnancy due to increased energy and nutritional demands, causing adverse outcomes in mother and child, but could be mitigated by interventions like micronutrient supplementation.",,"Deficiencies worsen during pregnancy due to increased energy and nutritional demands, causing adverse outcomes in mother and child, but could be mitigated by interventions like micronutrient supplementation. | We evaluated randomized controlled trials and quasi-experimental studies published since 1995 in peer-reviewed and grey literature that assessed the effects of calcium, vitamin A, iron, vitamin D, and zinc supplementation compared to placebo/no treatment; iron-folic (IFA) supplementation compared to folic acid only; multiple micronutrient (MMN) supplementation compared to IFA; and lipid-based nutrient supplementation (LNS) compared to MMN supplementation. | Meta-analyses showed improvement in several key birth outcomes, such as preterm birth, small-for-gestational age (SGA) and low birthweight with MMN supplementation, compared to IFA.","Deficiencies worsen during pregnancy due to increased energy and nutritional demands, causing adverse outcomes in mother and child, but could be mitigated by interventions like micronutrient supplementation.","Deficiencies worsen during pregnancy due to increased energy and nutritional demands, causing adverse outcomes in mother and child, but could be mitigated by interventions like micronutrient supplementation. | To our knowledge, this is the first systematic review that aimed to compile evidence from both efficacy and effectiveness trials, evaluating different supplementation interventions on maternal, birth, child health, and developmental outcomes. | Meta-analyses showed improvement in several key birth outcomes, such as preterm birth, small-for-gestational age (SGA) and low birthweight with MMN supplementation, compared to IFA.",14008017,,,,not_observed,ai_screened_regex_confirmed
HRS3_PREGNANCY,pubmed:28436101,pubmed,28436101,Systematic review on evidence-based adolescent nutrition interventions.,"Adolescence is a critical stage in the life cycle, and adequate nutrition is necessary for the proper growth and development of individuals and their offspring. Here, we comprehensively review all published systematic reviews (through October 2016) on adolescents (10-19 years) and women of reproductive age, including pregnant women, which targeted interventions related to nutrition. For interventions where there was no existing systematic review on adolescents, we reviewed primary studies/trials. We included interventions on micronutrient supplementation (iron, folic acid, iron-folic acid (IFA), calcium, vitamin D, vitamin A, zinc, iodine, and multiple micronutrients), food/protein energy supplementation, nutrition education for pregnant adolescents, obesity prevention and management, and management of gestational diabetes. We identified a total of 35 systematic reviews, of which only five were conducted on adolescents, and 107 primary studies on adolescents. Our review suggests that iron alone, IFA, zinc, and multiple micronutrient supplementation in adolescents can significantly improve serum hemoglobin concentration. While zinc supplementation in pregnant adolescents showed improvements in preterm birth and low birth weight, we found a paucity of trials on calcium, vitamin D, vitamin A, and iodine supplementation. We found limited evidence on food/protein energy supplementation in adolescents. Interventions to prevent and manage obesity showed a nonsignificant impact on reducing body mass index. This review underscores the importance of adolescent nutrition interventions. It is imperative that countries design nutritional interventions, particularly for adolescents.",,2017,Annals of the New York Academy of Sciences,Journal Article|Meta-Analysis|Systematic Review,10.1111/nyas.13335,https://pubmed.ncbi.nlm.nih.gov/28436101/,retain,true,abstract_only,ABSTRACT_SENTENCE_7,"While zinc supplementation in pregnant adolescents showed improvements in preterm birth and low birth weight, we found a paucity of trials on calcium, vitamin D, vitamin A, and iodine supplementation.",,"While zinc supplementation in pregnant adolescents showed improvements in preterm birth and low birth weight, we found a paucity of trials on calcium, vitamin D, vitamin A, and iodine supplementation.","While zinc supplementation in pregnant adolescents showed improvements in preterm birth and low birth weight, we found a paucity of trials on calcium, vitamin D, vitamin A, and iodine supplementation.","Here, we comprehensively review all published systematic reviews (through October 2016) on adolescents (10-19 years) and women of reproductive age, including pregnant women, which targeted interventions related to nutrition. | We included interventions on micronutrient supplementation (iron, folic acid, iron-folic acid (IFA), calcium, vitamin D, vitamin A, zinc, iodine, and multiple micronutrients), food/protein energy supplementation, nutrition education for pregnant adolescents, obesity prevention and management, and management of gestational diabetes. | While zinc supplementation in pregnant adolescents showed improvements in preterm birth and low birth weight, we found a paucity of trials on calcium, vitamin D, vitamin A, and iodine supplementation.",14003013,,,,not_observed,ai_screened_regex_confirmed
HRS3_PREGNANCY,pubmed:27571855,pubmed,27571855,[Supplements in pregnancy: the latest recommendations].,"Pregnancy is a challenge from the nutritional point of view, because nutrient requirements are increased and alter its intake can affect maternal and fetal health. Micronutrient defi ciency states are related to preeclampsia, intrauterine growth restriction, abortion and congenital anomalies. Currently, the diet of many expectant mothers is insufficient in micronutrients, in this cases supplementation is necessary. It is recommended supplementation with folic acid in doses of 400 mcg / day and 5 mg/day in risk pregnant, and should begin at least one month before conception and during the first 12 weeks gestation, and extend it throughout pregnancy in mothers with nutritional risk. It is important to keep watch the proper dose of folic acid to prevent possible adverse effects of unmetabolized accumulation in plasma. A high percentage of pregnant women presented iron deficiency anemia, being recommended intermittent use of iron supplements (with lower gastrointestinal alteration and oxidative stress); not recommended for mothers without anemia (hemoglobin> 13.5 g / L). Since calcium absorption is increased up to 40% in gestation, its supplementation is not recommended for mothers with adequate intakes (3 dairy / day), and its use must be reserved to women with inadequate intakes and / or high risk of preeclampsia. Regarding the iodine, there are confl icting positions by different working groups established potassium iodide supplementation in women who do not reach their recommended intake (3 servings of milk and dairy products + 2 g of iodized salt), with their diets. Given that vitamin A and D can be toxic to mother and fetus, it is not recommended its supplementation except in cases of deficiency. Although the use of multiple micronutrients supplements may favorably impact the outcome of pregnancy, more scientific evidence is needed to establish the replacement of iron and folic acid with a multiple micronutrient supplement.",,2016,Nutricion hospitalaria,Journal Article|Review,10.20960/nh.336,https://pubmed.ncbi.nlm.nih.gov/27571855/,retain,true,abstract_only,ABSTRACT_SENTENCE_6,"A high percentage of pregnant women presented iron deficiency anemia, being recommended intermittent use of iron supplements (with lower gastrointestinal alteration and oxidative stress); not recommended for mothers without anemia (hemoglobin> 13.5 g / L).",400 mcg / d | 5 mg/d | 13.5 g | 2 g,"Micronutrient defi ciency states are related to preeclampsia, intrauterine growth restriction, abortion and congenital anomalies. | It is important to keep watch the proper dose of folic acid to prevent possible adverse effects of unmetabolized accumulation in plasma. | A high percentage of pregnant women presented iron deficiency anemia, being recommended intermittent use of iron supplements (with lower gastrointestinal alteration and oxidative stress); not recommended for mothers without anemia (hemoglobin> 13.5 g / L).","A high percentage of pregnant women presented iron deficiency anemia, being recommended intermittent use of iron supplements (with lower gastrointestinal alteration and oxidative stress); not recommended for mothers without anemia (hemoglobin> 13.5 g / L).","Pregnancy is a challenge from the nutritional point of view, because nutrient requirements are increased and alter its intake can affect maternal and fetal health. | It is recommended supplementation with folic acid in doses of 400 mcg / day and 5 mg/day in risk pregnant, and should begin at least one month before conception and during the first 12 weeks gestation, and extend it throughout pregnancy in mothers with nutritional risk. | A high percentage of pregnant women presented iron deficiency anemia, being recommended intermittent use of iron supplements (with lower gastrointestinal alteration and oxidative stress); not recommended for mothers without anemia (hemoglobin> 13.5 g / L).",13010008,,,,not_observed,ai_screened_regex_confirmed
HRS3_PREGNANCY,pubmed:22771225,pubmed,22771225,Influence of mineral and vitamin supplements on pregnancy outcome.,"The literature was searched for publications on minerals and vitamins during pregnancy and the possible influence of supplements on pregnancy outcome. Maternal iron (Fe) deficiency has a direct impact on neonatal Fe stores and birth weight, and may cause cognitive and behavioural problems in childhood. Fe supplementation is recommended to low-income pregnant women, to pregnant women in developing countries, and in documented deficiency, but overtreatment should be avoided. Calcium (Ca) deficiency is associated with pre-eclampsia and intra-uterine growth restriction. Supplementation may reduce both the risk of low birth weight and the severity of pre-eclampsia. Gestational magnesium (Mg) deficiency may cause hematological and teratogenic damage. A Cochrane review showed a significant low birth weight risk reduction in Mg supplemented individuals. Intake of cereal-based diets rich in phytate, high intakes of supplemental Fe, or any gastrointestinal disease, may interfere with zinc (Zn) absorption. Zn deficiency in pregnant animals may limit fetal growth. Supplemental Zn may be prudent for women with poor gastrointestinal function, and in Zn deficient women, increasing birth weight and head circumference, but no evidence was found for beneficial effects of general Zn supplementation during pregnancy. Selenium (Se) is an antioxidant supporting humoral and cell-mediated immunity. Low Se status is associated with recurrent abortion, pre-eclampsia and IUGR, and although beneficial effects are suggested there is no evidence-based recommendation for supplementation. An average of 20-30% of pregnant women suffer from any vitamin deficiency, and without prophylaxis, about 75% of these would show a deficit of at least one vitamin. Vitamin B6 deficiency is associated with pre-eclampsia, gestational carbohydrate intolerance, hyperemesis gravidarum, and neurologic disease of infants. About 25% of pregnant women in India are folate deficient. Folate deficiency may lead to congenital malformations (neural tube damage, orofacial clefts, cardiac anomalies), anaemia and spontaneous abortions, and pre-eclampsia, IUGR and abruption placentae. Pregestational supplementation of folate prevents neural tube defects. A daily supplemental dose of 400 μg/day of folate is recommended when planning pregnancy. In developing countries diets are generally low in animal products and consequently in vitamin B12 content. An insufficient supply may cause reduced fetal growth. In vegetarian women, supplementation of vitamin B12 may be needed. Vitamin A deficiency is prevalent in the developing world, impairing Fe status and resistance to infections. The recommended upper limit for retinol supplements is 3000 IU/day. Vitamin A supplementation enhances birth weight and growth in infants born to HIV-infected women. Overdosing should be avoided. Low concentrations of vitamin C seem to increase the development of pre-eclampsia, and supplementation may be beneficial. Supplementation with vitamin D in the third trimester in vitamin D deficient women seems to be beneficial. The use of vitamins E, although generally considered ""healthy"", may be harmful to the pregnancy outcome by disrupting a physiologic oxidative gestational state and is consequently not recommended to prevent pre-eclampsia. Further studies on specific substances are needed as the basis for stratified, placebo-controlled analyses.",,2012,"European journal of obstetrics, gynecology, and reproductive biology",Journal Article|Review,10.1016/j.ejogrb.2012.06.020,https://pubmed.ncbi.nlm.nih.gov/22771225/,retain,true,abstract_only,ABSTRACT_SENTENCE_16,"Folate deficiency may lead to congenital malformations (neural tube damage, orofacial clefts, cardiac anomalies), anaemia and spontaneous abortions, and pre-eclampsia, IUGR and abruption placentae.",400 μg/d | 3000 IU/d,"The literature was searched for publications on minerals and vitamins during pregnancy and the possible influence of supplements on pregnancy outcome. | Gestational magnesium (Mg) deficiency may cause hematological and teratogenic damage. | Folate deficiency may lead to congenital malformations (neural tube damage, orofacial clefts, cardiac anomalies), anaemia and spontaneous abortions, and pre-eclampsia, IUGR and abruption placentae.","Folate deficiency may lead to congenital malformations (neural tube damage, orofacial clefts, cardiac anomalies), anaemia and spontaneous abortions, and pre-eclampsia, IUGR and abruption placentae.","The literature was searched for publications on minerals and vitamins during pregnancy and the possible influence of supplements on pregnancy outcome. | Maternal iron (Fe) deficiency has a direct impact on neonatal Fe stores and birth weight, and may cause cognitive and behavioural problems in childhood. | Fe supplementation is recommended to low-income pregnant women, to pregnant women in developing countries, and in documented deficiency, but overtreatment should be avoided.",13010005,,,,not_observed,ai_screened_regex_confirmed
HRS3_PREGNANCY,pubmed:31390765,pubmed,31390765,Preterm Birth: A Narrative Review of the Current Evidence on Nutritional and Bioactive Solutions for Risk Reduction.,"Preterm birth (PTB) (<37 weeks of gestation) is the leading cause of newborn death and a risk factor for short and long-term adverse health outcomes. Most cases are of unknown cause. Although the mechanisms triggering PTB remain unclear, an inappropriate increase in net inflammatory load seems to be key. To date, interventions that reduce the risk of PTB are effective only in specific groups of women, probably due to the heterogeneity of its etiopathogenesis. Use of progesterone is the most effective, but only in singleton pregnancies with history of PTB. Thus, primary prevention is greatly needed and nutritional and bioactive solutions are a promising alternative. Among these, docosahexaenoic acid (DHA) is the most promising to reduce the risk for early PTB. Other potential nutrient interventions include the administration of zinc (possibly limited to populations with low nutritional status or poor zinc status) and vitamin D; additional preliminary evidence exists for vitamin A, calcium, iron, folic acid, combined iron-folate, magnesium, multiple micronutrients, and probiotics. Considering the public health relevance of PTB, promising interventions should be studied in large and well-designed clinical trials. The objective of this review is to describe, summarize, and discuss the existing evidence on nutritional and bioactive solutions for reducing the risk of PTB.",,2019,Nutrients,Journal Article|Review,10.1186/1471-2180-12-236,https://pubmed.ncbi.nlm.nih.gov/31390765/,retain,true,abstract_only,ABSTRACT_SENTENCE_1,Preterm birth (PTB) (<37 weeks of gestation) is the leading cause of newborn death and a risk factor for short and long-term adverse health outcomes.,,Preterm birth (PTB) (<37 weeks of gestation) is the leading cause of newborn death and a risk factor for short and long-term adverse health outcomes.,Preterm birth (PTB) (<37 weeks of gestation) is the leading cause of newborn death and a risk factor for short and long-term adverse health outcomes.,"Preterm birth (PTB) (<37 weeks of gestation) is the leading cause of newborn death and a risk factor for short and long-term adverse health outcomes. | Use of progesterone is the most effective, but only in singleton pregnancies with history of PTB.",13003009,,,,not_observed,ai_screened_regex_confirmed
HRS3_PREGNANCY,pubmed:38648170,pubmed,38648170,Nutrition: Micronutrients.,"Micronutrients are nutrients the body needs in small quantities, such as vitamins and minerals. Micronutrient deficiencies can occur when an individual is restricting calorie intake for weight loss or management, not consuming an adequate amount of food to meet energy requirements due to poor appetite or illness, eliminating one or more food groups from the diet on a regular basis, or consuming a diet low in micronutrient-rich foods despite adequate or excessive energy intake. Patient groups at risk include older adults, pregnant patients, patients with alcohol use disorder, patients with vegetarian or vegan diets, and patients with increased requirements secondary to medical conditions or long-term drug use that alters nutrient absorption, metabolism, or excretion. The micronutrients that most commonly require supplementation are vitamin D, iron, vitamin A, zinc, folate, and iodine. Results of large-scale randomized trials have shown no overall benefit of multivitamins for the majority of patients. However, a daily multivitamin may be beneficial, particularly for patients who do not consistently consume a well-balanced diet. Although dietary supplements can be helpful in correcting deficiencies, higher than recommended doses can cause adverse effects. Patients should be advised to take recommended dosages of supplements and consult their physician if they notice any adverse effects. Physicians should advise patients to consult drug labels and/or pharmacists about potential supplement interactions with drugs or other supplements.",,2024,FP essentials,Journal Article|Review,,https://pubmed.ncbi.nlm.nih.gov/38648170/,retain,true,abstract_only,ABSTRACT_SENTENCE_7,"Although dietary supplements can be helpful in correcting deficiencies, higher than recommended doses can cause adverse effects.",,"Although dietary supplements can be helpful in correcting deficiencies, higher than recommended doses can cause adverse effects. | Patients should be advised to take recommended dosages of supplements and consult their physician if they notice any adverse effects.","Although dietary supplements can be helpful in correcting deficiencies, higher than recommended doses can cause adverse effects.","Patient groups at risk include older adults, pregnant patients, patients with alcohol use disorder, patients with vegetarian or vegan diets, and patients with increased requirements secondary to medical conditions or long-term drug use that alters nutrient absorption, metabolism, or excretion.",13001007,,,,not_observed,ai_screened_regex_confirmed
HRS3_PREGNANCY,pubmed:27032981,pubmed,27032981,Micronutrient deficiencies in pregnancy worldwide: health effects and prevention.,"Micronutrients, vitamins and minerals accessible from the diet, are essential for biologic activity. Micronutrient status varies widely throughout pregnancy and across populations. Women in low-income countries often enter pregnancy malnourished, and the demands of gestation can exacerbate micronutrient deficiencies with health consequences for the fetus. Examples of efficacious single micronutrient interventions include folic acid to prevent neural tube defects, iodine to prevent cretinism, zinc to reduce risk of preterm birth, and iron to reduce the risk of low birth weight. Folic acid and vitamin D might also increase birth weight. While extensive mechanistic and association research links multiple antenatal micronutrients with plausible materno-fetal health advantages, hypothesized benefits have often been absent, minimal or unexpected in trials. These findings suggest a role for population context in determining health responses and filling extensive gaps in knowledge. Multiple micronutrient supplements reduce the risks of being born with low birth weight, small for gestational age or stillborn in undernourished settings, and justify micronutrient interventions with antenatal care. Measurable health effects of gestational micronutrient exposure might persist into childhood but few data exists on potential long-term benefits. In this Review, we discuss micronutrient intake recommendations, risks and consequences of deficiencies, and the effects of interventions with a particular emphasis on offspring.",,2016,Nature reviews. Endocrinology,"Journal Article|Research Support, N.I.H., Extramural|Research Support, Non-U.S. Gov't|Review",10.1038/nrendo.2016.37,https://pubmed.ncbi.nlm.nih.gov/27032981/,retain,true,abstract_only,ABSTRACT_SENTENCE_4,"Examples of efficacious single micronutrient interventions include folic acid to prevent neural tube defects, iodine to prevent cretinism, zinc to reduce risk of preterm birth, and iron to reduce the risk of low birth weight.",,"Examples of efficacious single micronutrient interventions include folic acid to prevent neural tube defects, iodine to prevent cretinism, zinc to reduce risk of preterm birth, and iron to reduce the risk of low birth weight.","Examples of efficacious single micronutrient interventions include folic acid to prevent neural tube defects, iodine to prevent cretinism, zinc to reduce risk of preterm birth, and iron to reduce the risk of low birth weight.","Micronutrient status varies widely throughout pregnancy and across populations. | Women in low-income countries often enter pregnancy malnourished, and the demands of gestation can exacerbate micronutrient deficiencies with health consequences for the fetus. | Examples of efficacious single micronutrient interventions include folic acid to prevent neural tube defects, iodine to prevent cretinism, zinc to reduce risk of preterm birth, and iron to reduce the risk of low birth weight.",12008009,,,,not_observed,ai_screened_regex_confirmed
HRS3_PREGNANCY,pubmed:11509110,pubmed,11509110,Micronutrients in pregnancy.,"Vitamins and minerals, referred to collectively as micronutrients, have important influences on the health of pregnant women and the growing fetus. Iron deficiency results in anemia which may increase the risk of death from hemorrhage during delivery, but its effects on fetal development and birth outcomes is still unclear. Folic acid deficiency can lead to hematological consequences, pregnancy complications and congenital malformations, but again the association with other birth outcomes is equivocal. Zinc deficiency has been associated in some, but not all studies with complications of pregnancy and delivery, as well as with growth retardation, congenital abnormalities and retarded neurobehavioral and immunological development in the fetus. Iodine deficiency during pregnancy results in cretinism and possible fetal wastage and preterm delivery. Deficiency of other minerals such as magnesium, selenium, copper, and calcium have also been associated with complications of pregnancy, childbirth or fetal development. Deficiencies of vitamins other than folate may likewise be related to such complications; and vitamin A or beta-carotene supplements in pregnancy reduced maternal mortality by 50 % in a controlled trial in Nepal. Additional research is need on the prevalence of such deficiencies and their consequences and on cost-effective public health interventions for their control.",,2001,The British journal of nutrition,Journal Article|Review,10.1079/bjn2000314,https://pubmed.ncbi.nlm.nih.gov/11509110/,retain,true,abstract_only,ABSTRACT_SENTENCE_7,Deficiencies of vitamins other than folate may likewise be related to such complications; and vitamin A or beta-carotene supplements in pregnancy reduced maternal mortality by 50 % in a controlled trial in Nepal.,,"Folic acid deficiency can lead to hematological consequences, pregnancy complications and congenital malformations, but again the association with other birth outcomes is equivocal. | Zinc deficiency has been associated in some, but not all studies with complications of pregnancy and delivery, as well as with growth retardation, congenital abnormalities and retarded neurobehavioral and immunological development in the fetus. | Iodine deficiency during pregnancy results in cretinism and possible fetal wastage and preterm delivery.",Deficiencies of vitamins other than folate may likewise be related to such complications; and vitamin A or beta-carotene supplements in pregnancy reduced maternal mortality by 50 % in a controlled trial in Nepal.,"Vitamins and minerals, referred to collectively as micronutrients, have important influences on the health of pregnant women and the growing fetus. | Iron deficiency results in anemia which may increase the risk of death from hemorrhage during delivery, but its effects on fetal development and birth outcomes is still unclear. | Folic acid deficiency can lead to hematological consequences, pregnancy complications and congenital malformations, but again the association with other birth outcomes is equivocal.",12007005,,,,not_observed,ai_screened_regex_confirmed
HRS3_PREGNANCY,pubmed:31318329,pubmed,31318329,Nutritional Supplements During Gestation and Autism Spectrum Disorder: What Do We Really Know and How Far Have We Gone?,"Nutritional interventions are gaining remarkable attention as complementary management options for autism. Our aim is to provide literature data about the impact of the administration of dietary supplements during pregnancy on the risk of autism spectrum disorder in the offspring. A comprehensive search was undertaken by 2 reviewers independently using PubMed as the medical database source. Prospective clinical and experimental studies were considered and no year-of-publication restriction was placed. We were able to identify 4 basic (conducted in rodents) and 3 clinical research papers fulfilling our selection criteria. Supplements studied included folic acid, iron, multivitamins, choline, vitamin D, and docosahexaenoic acid. Choline and folic acid had a significant impact on the expression of autism-related genes. However, from a clinical point of view, prenatal folate administration did not reduce the risk of autism. Similarly, iron had no significant impact, while the use of multivitamins in moderate frequency had a protective effect. The use of vitamin D and docosahexaenoic acid during gestation decreased the incidence of autism in animal models. In conclusion, available data are controversial and cannot change current routine practice. More large-scale prospective studies are needed to identify the real effect of nutritional supplements and also optimize their administration.Key teaching pointsMultivitamins use during pregnancy can exert a protective effect on the risk of autism, although depending on the frequency of use. Nevertheless, prenatal iron and folate were not shown to have any significant impact.Research based on animal models showed that choline and folic acid can have a significant impact on the expression of autism-related genes in a sex-specific manner.Furthermore, the use of vitamin D and docosahexaenoic acid during gestation seem to decrease the incidence of autism in animal offspring.In the future, more clinical, large-scale prospective and methodologically homogenous clinical studies are needed to further investigate the effect of the periconceptional use of nutritional supplements on autism risk.",,2020,Journal of the American College of Nutrition,Journal Article|Review,10.1080/07315724.2019.1635920,https://pubmed.ncbi.nlm.nih.gov/31318329/,retain,true,abstract_only,ABSTRACT_SENTENCE_2,Our aim is to provide literature data about the impact of the administration of dietary supplements during pregnancy on the risk of autism spectrum disorder in the offspring.,,Our aim is to provide literature data about the impact of the administration of dietary supplements during pregnancy on the risk of autism spectrum disorder in the offspring.,Our aim is to provide literature data about the impact of the administration of dietary supplements during pregnancy on the risk of autism spectrum disorder in the offspring.,"Our aim is to provide literature data about the impact of the administration of dietary supplements during pregnancy on the risk of autism spectrum disorder in the offspring. | However, from a clinical point of view, prenatal folate administration did not reduce the risk of autism. | The use of vitamin D and docosahexaenoic acid during gestation decreased the incidence of autism in animal models.",12004009,,,,not_observed,ai_screened_regex_confirmed
HRS3_PREGNANCY,pubmed:17066209,pubmed,17066209,Effects of nutrients (in food) on the structure and function of the nervous system: update on dietary requirements for brain. Part 1: micronutrients.,"The objective of this update is to give an overview of the effects of dietary nutrients on the structure and certain functions of the brain. As any other organ, the brain is elaborated from substances present in the diet (sometimes exclusively, for vitamins, minerals, essential amino-acids and essential fatty acids, including omega- 3 polyunsaturated fatty acids). However, for long it was not fully accepted that food can have an influence on brain structure, and thus on its function, including cognitive and intellectuals. In fact, most micronutrients (vitamins and trace-elements) have been directly evaluated in the setting of cerebral functioning. For instance, to produce energy, the use of glucose by nervous tissue implies the presence of vitamin B1; this vitamin modulates cognitive performance, especially in the elderly. Vitamin B9 preserves brain during its development and memory during ageing. Vitamin B6 is likely to benefit in treating premenstrual depression. Vitamins B6 and B12, among others, are directly involved in the synthesis of some neurotransmitters. Vitamin B12 delays the onset of signs of dementia (and blood abnormalities), provided it is administered in a precise clinical timing window, before the onset of the first symptoms. Supplementation with cobalamin improves cerebral and cognitive functions in the elderly; it frequently improves the functioning of factors related to the frontal lobe, as well as the language function of those with cognitive disorders. Adolescents who have a borderline level of vitamin B12 develop signs of cognitive changes. In the brain, the nerve endings contain the highest concentrations of vitamin C in the human body (after the suprarenal glands). Vitamin D (or certain of its analogues) could be of interest in the prevention of various aspects of neurodegenerative or neuroimmune diseases. Among the various vitamin E components (tocopherols and tocotrienols), only alpha-tocopherol is actively uptaken by the brain and is directly involved in nervous membranes protection. Even vitamin K has been involved in nervous tissue biochemistry. Iron is necessary to ensure oxygenation and to produce energy in the cerebral parenchyma (via cytochrome oxidase), and for the synthesis of neurotransmitters and myelin; iron deficiency is found in children with attention-deficit/hyperactivity disorder. Iron concentrations in the umbilical artery are critical during the development of the foetus, and in relation with the IQ in the child; infantile anaemia with its associated iron deficiency is linked to perturbation of the development of cognitive functions. Iron deficiency anaemia is common, particularly in women, and is associated, for instance, with apathy, depression and rapid fatigue when exercising. Lithium importance, at least in psychiatry, is known for a long time. Magnesium plays important roles in all the major metabolisms: in oxidation-reduction and in ionic regulation, among others. Zinc participates among others in the perception of taste. An unbalanced copper metabolism homeostasis (due to dietary deficiency) could be linked to Alzheimer disease. The iodine provided by the thyroid hormone ensures the energy metabolism of the cerebral cells; the dietary reduction of iodine during pregnancy induces severe cerebral dysfunction, actually leading to cretinism. Among many mechanisms, manganese, copper, and zinc participate in enzymatic mechanisms that protect against free radicals, toxic derivatives of oxygen. More specifically, the full genetic potential of the child for physical growth ad mental development may be compromised due to deficiency (even subclinical) of micronutrients. Children and adolescents with poor nutritional status are exposed to alterations of mental and behavioural functions that can be corrected by dietary measures, but only to certain extend. Indeed, nutrient composition and meal pattern can exert either immediate or long-term effects, beneficial or adverse. Brain diseases during aging can also be due to failure for protective mechanism, due to dietary deficiencies, for instance in anti-oxidants and nutrients (trace elements, vitamins, non essential micronutrients such as polyphenols) related with protection against free radicals. Macronutrients are presented in the accompanying paper.",,2006,"The journal of nutrition, health & aging",Journal Article|Review,,https://pubmed.ncbi.nlm.nih.gov/17066209/,retain,true,abstract_only,ABSTRACT_SENTENCE_24,"Among many mechanisms, manganese, copper, and zinc participate in enzymatic mechanisms that protect against free radicals, toxic derivatives of oxygen.",,"Among many mechanisms, manganese, copper, and zinc participate in enzymatic mechanisms that protect against free radicals, toxic derivatives of oxygen. | Children and adolescents with poor nutritional status are exposed to alterations of mental and behavioural functions that can be corrected by dietary measures, but only to certain extend. | Indeed, nutrient composition and meal pattern can exert either immediate or long-term effects, beneficial or adverse.","Among many mechanisms, manganese, copper, and zinc participate in enzymatic mechanisms that protect against free radicals, toxic derivatives of oxygen.","The iodine provided by the thyroid hormone ensures the energy metabolism of the cerebral cells; the dietary reduction of iodine during pregnancy induces severe cerebral dysfunction, actually leading to cretinism.",12003007,,,,not_observed,ai_screened_regex_confirmed
HRS3_PREGNANCY,pubmed:34951097,pubmed,34951097,"Demographics, health literacy and health locus of control beliefs of Australian women who take complementary medicine products during pregnancy and breastfeeding: A cross-sectional, online, national survey.","BACKGROUND: Pregnant and breastfeeding women's use of complementary medicine products (CMPs) is common, and possibly associated with autonomous health care behaviours. However, the health literacy levels and health locus of control (HLOC) beliefs of women who use CMPs in pregnancy and lactation have not been previously assessed in a large Australian sample. AIM: The aim of this study is to determine the health literacy levels and HLOC beliefs of women who use CMPs in pregnancy and lactation and determine the types of CMPs used. METHODS: A cross-sectional, national, online survey of Australian pregnant or breastfeeding women aged 18 years and older, and currently using CMPs was conducted. RESULTS: A total of 810 completed surveys (354 pregnant and 456 breastfeeding women) were analysed. Most had adequate functional health literacy levels (93.3%). Health care practitioners (HCPs) HLOC mean scores were the highest for the sample, followed by Internal HLOC beliefs mean scores. Almost all (n = 809) took at least one dietary supplement, the most popular being pregnancy and breastfeeding multivitamins, iron supplements and probiotics. Use was generally in line with clinical recommendations, except for low rates of iodine supplementation. Herbal medicine use was lower for the total sample (57.3%, n = 464), but significantly higher (p < .0001) for the breastfeeding cohort, with consumers taking one to four herbal medicines each. The most popular herbs were raspberry leaf, ginger, peppermint and chamomile (pregnant respondents) and chamomile, ginger and fenugreek (breastfeeding respondents). CONCLUSIONS: Respondents were health literate, with high scores for Internal and HCP HLOC scales, suggesting that they are likely to demonstrate self-efficacy, positive health behaviours and work well in partnership with HCPs. HCPs can facilitate discussions with pregnant and breastfeeding women using CMPs, while considering women's health literacy levels, health beliefs and goals.",,2022,Health expectations : an international journal of public participation in health care and health policy,"Journal Article|Research Support, Non-U.S. Gov't",10.1002/imhj.21525,https://pubmed.ncbi.nlm.nih.gov/34951097/,retain,true,abstract_only,ABSTRACT_SENTENCE_10,"Herbal medicine use was lower for the total sample (57.3%, n = 464), but significantly higher (p < .0001) for the breastfeeding cohort, with consumers taking one to four herbal medicines each.",,"CONCLUSIONS: Respondents were health literate, with high scores for Internal and HCP HLOC scales, suggesting that they are likely to demonstrate self-efficacy, positive health behaviours and work well in partnership with HCPs.","Herbal medicine use was lower for the total sample (57.3%, n = 464), but significantly higher (p < .0001) for the breastfeeding cohort, with consumers taking one to four herbal medicines each.","BACKGROUND: Pregnant and breastfeeding women's use of complementary medicine products (CMPs) is common, and possibly associated with autonomous health care behaviours. | However, the health literacy levels and health locus of control (HLOC) beliefs of women who use CMPs in pregnancy and lactation have not been previously assessed in a large Australian sample. | AIM: The aim of this study is to determine the health literacy levels and HLOC beliefs of women who use CMPs in pregnancy and lactation and determine the types of CMPs used.",12002009,,,,not_observed,ai_screened_regex_confirmed
HRS3_PREGNANCY,pubmed:10523053,pubmed,10523053,Vitamins and brain development.,"Effects of deficiency of vitamins on early development of brain have been reviewed. Unusual developmental problems in neurogenesis specific for the brain and impairment of its functional capacities due to vitamin deficiency have been discussed. The species-specific ""critical periods"" in development of various systems have been mentioned. Indices such as reflex activity, locomotion, special senses, cognition and adaptive behavior were used for assessing brain maturation in experimental models and humans. Significant examples include brain anomalies in humans and other mammals caused by retinoid excess or deficit; increase in calbindin D28K, a vitamin D dependent calcium-binding protein during postnatal period in rat; hydrocephalus and exencephaly in prenatal rats and subarachnoidal or intracerebral hemorrhage in infants caused by vitamin E deficiency. Peripheral neuropathic lesions leading to infantile beriberi is caused by thiamine deficiency. Impaired growth in retinal layers leading to delay in maturation of electroretinogram and depth-perception in postnatal rats occur due to pyridoxine deficiency. Infants of severely vitamin B12 deficient mothers show abnormalities in behavior involving basal ganglia and pyramidal tract. Folic acid deficiency results in delayed maturation of the basic electroencepalographic patterns. In addition, vitamin-interactions leading to developmental errors have been pointed out. Vitamin B6 deficiency impairs vitamin B12 absorption and biotin deficiency may be aggravated by pantothenic acid deficiency. Vitamin C deficiency resulting in impaired metabolism may produce symptoms of deficiency of folic acid. Another characteristic examples is that iron absorption from dietary sources is dependent on ascorbic acid.",,1999,Physiological research,Journal Article|Review,,https://pubmed.ncbi.nlm.nih.gov/10523053/,retain,true,abstract_only,ABSTRACT_SENTENCE_5,"Significant examples include brain anomalies in humans and other mammals caused by retinoid excess or deficit; increase in calbindin D28K, a vitamin D dependent calcium-binding protein during postnatal period in rat; hydrocephalus and exencephaly in prenatal rats and subarachnoidal or intracerebral hemorrhage in infants caused by vitamin E deficiency.",,"Significant examples include brain anomalies in humans and other mammals caused by retinoid excess or deficit; increase in calbindin D28K, a vitamin D dependent calcium-binding protein during postnatal period in rat; hydrocephalus and exencephaly in prenatal rats and subarachnoidal or intracerebral hemorrhage in infants caused by vitamin E deficiency.","Significant examples include brain anomalies in humans and other mammals caused by retinoid excess or deficit; increase in calbindin D28K, a vitamin D dependent calcium-binding protein during postnatal period in rat; hydrocephalus and exencephaly in prenatal rats and subarachnoidal or intracerebral hemorrhage in infants caused by vitamin E deficiency.","Significant examples include brain anomalies in humans and other mammals caused by retinoid excess or deficit; increase in calbindin D28K, a vitamin D dependent calcium-binding protein during postnatal period in rat; hydrocephalus and exencephaly in prenatal rats and subarachnoidal or intracerebral hemorrhage in infants caused by vitamin E deficiency.",12001003,,,,not_observed,ai_screened_regex_confirmed
HRS4_LIVER_DISEASE,pubmed:39102266,pubmed,39102266,Estimated Exposure to 6 Potentially Hepatotoxic Botanicals in US Adults.,"IMPORTANCE: Use of herbal and dietary supplements (HDSs) accounts for an increasing proportion of drug hepatotoxicity cases. Turmeric or curcumin, green tea extract, Garcinia cambogia, black cohosh, red yeast rice, and ashwagandha are the most frequently reported hepatoxic botanicals, but their prevalence and reasons for use in the general population are unknown. OBJECTIVE: To assess the prevalence and clinical characteristics of adult consumers of 6 potentially hepatoxic botanicals. DESIGN, SETTING, AND PARTICIPANTS: This survey study analyzed nationally representative data from the National Health and Nutrition Examination Survey (NHANES), a nationally representative, cross-sectional survey of the general US population. Prescription drug and HDS exposure data in the past 30 days were analyzed, and 2020 US Census data were used for population estimates. Data were analyzed July 1, 2023, to February 1, 2024. EXPOSURES: Adult NHANES participants enrolled between January 2017 and March 2020. MAIN OUTCOMES AND MEASURES: Baseline weighted characteristics of HDS users and users of 6 potentially hepatotoxic botanical products were compared with non-HDS users. Multivariable analysis was undertaken to identify factors associated with HDS use or at-risk botanical use. RESULTS: Among 9685 adults enrolled in this NHANES cohort, the mean (SE) age was 47.5 (0.5) years, and 51.8% (95% CI, 50.2%-53.4%) were female. The overall prevalence of HDS product use was 57.6% (95% CI, 55.9%-59.4%), while the prevalence of using the 6 botanicals of interest was 4.7% (95% CI, 3.9%-5.7%). Turmeric-containing botanicals were most commonly used (n = 236), followed by products containing green tea (n = 92), ashwagandha (n = 28), Garcinia cambogia (n = 20), red yeast rice (n = 20), and black cohosh (n = 19). Consumers of these 6 botanicals were significantly older (adjusted odds ratio [AOR], 2.36 [95% CI, 1.06-5.25]; P = .04 for 40-59 years of age and AOR, 3.96 [95% CI, 1.93-8.11]; P = .001 for ≥60 years of age), had a higher educational level (AOR, 4.78 [95% CI, 2.62-8.75]; P < .001), and were more likely to have arthritis (AOR, 2.27 [95% CI, 1.62-3.29]; P < .001) compared with non-HDS users. An estimated 15 584 599 (95% CI, 13 047 571-18 648 801) US adults used at least 1 of the 6 botanical products within the past 30 days, which was similar to the estimated number of patients prescribed potentially hepatotoxic drugs, including simvastatin (14 036 024 [95% CI, 11 202 460-17 594 452]) and nonsteroidal anti-inflammatory drugs (14 793 837 [95% CI, 13 014 623-16 671 897]). The most common reason for consuming turmeric and green tea was to improve or maintain health. CONCLUSIONS AND RELEVANCE: In this survey study, an estimated 15.6 million US adults consumed at least 1 botanical product with liver liability within the past 30 days, comparable with the number of people who consumed nonsteroidal anti-inflammatory drugs and a commonly prescribed hypolipidemic drug. Given a lack of regulatory oversight on the manufacturing and testing of botanical products, clinicians should be aware of possible adverse events from consumption of these largely unregulated products.",,2024,JAMA network open,"Journal Article|Research Support, Non-U.S. Gov't",10.1111/j.1532-5415.2009.02329.x,https://pubmed.ncbi.nlm.nih.gov/39102266/,retain,true,abstract_only,ABSTRACT_SENTENCE_14,"An estimated 15 584 599 (95% CI, 13 047 571-18 648 801) US adults used at least 1 of the 6 botanical products within the past 30 days, which was similar to the estimated number of patients prescribed potentially hepatotoxic drugs, including simvastatin (14 036 024 [95% CI, 11 202 460-17 594 452]) and nonsteroidal anti-inflammatory drugs (14 793 837 [95% CI, 13 014 623-16 671 897]).",,"IMPORTANCE: Use of herbal and dietary supplements (HDSs) accounts for an increasing proportion of drug hepatotoxicity cases. | MAIN OUTCOMES AND MEASURES: Baseline weighted characteristics of HDS users and users of 6 potentially hepatotoxic botanical products were compared with non-HDS users. | An estimated 15 584 599 (95% CI, 13 047 571-18 648 801) US adults used at least 1 of the 6 botanical products within the past 30 days, which was similar to the estimated number of patients prescribed potentially hepatotoxic drugs, including simvastatin (14 036 024 [95% CI, 11 202 460-17 594 452]) and nonsteroidal anti-inflammatory drugs (14 793 837 [95% CI, 13 014 623-16 671 897]).","An estimated 15 584 599 (95% CI, 13 047 571-18 648 801) US adults used at least 1 of the 6 botanical products within the past 30 days, which was similar to the estimated number of patients prescribed potentially hepatotoxic drugs, including simvastatin (14 036 024 [95% CI, 11 202 460-17 594 452]) and nonsteroidal anti-inflammatory drugs (14 793 837 [95% CI, 13 014 623-16 671 897]).","CONCLUSIONS AND RELEVANCE: In this survey study, an estimated 15.6 million US adults consumed at least 1 botanical product with liver liability within the past 30 days, comparable with the number of people who consumed nonsteroidal anti-inflammatory drugs and a commonly prescribed hypolipidemic drug.",11000013,,,,not_observed,ai_screened_regex_confirmed
HRS4_LIVER_DISEASE,pubmed:23121117,pubmed,23121117,Review article: herbal and dietary supplement hepatotoxicity.,"BACKGROUND: Herbal and dietary supplements are commonly used throughout the World. There is a tendency for underreporting their ingestion by patients and the magnitude of their use is underrecognised by Physicians. Herbal hepatotoxicity is not uncommonly encountered, but the precise incidence and manifestations have not been well characterised. AIMS: To review the epidemiology, presentation and diagnosis of herbal hepatotoxicity. This review will mainly discuss single ingredients and complex mixtures of herbs marketed under a single label. METHODS: A Medline search was undertaken to identify relevant literature using search terms including 'herbal', 'herbs', 'dietary supplement', 'liver injury', 'hepatitis' and 'hepatotoxicity'. Furthermore, we scanned the reference lists of the primary and review articles to identify publications not retrieved by electronic searches. RESULTS: The incidence rates of herbal hepatotoxicity are largely unknown. The clinical presentation and severity can be highly variable, ranging from mild hepatitis to acute hepatic failure requiring transplantation. Scoring systems for the causality assessment of drug-induced liver injury may be helpful, but have not been validated for herbal hepatotoxicity. Hepatotoxicity features of commonly used herbal products, such as Ayurvedic and Chinese herbs, black cohosh, chaparral, germander, greater celandine, green tea, Herbalife, Hydroxycut, kava, pennyroyal, pyrrolizidine alkaloids, skullcap, and usnic acid, have been individually reviewed. Furthermore, clinically significant herb-drug interactions are also discussed. CONCLUSIONS: A number of herbal medicinal products are associated with a spectrum of hepatotoxicity events. Advances in the understanding of the pathogenesis and the risks involved are needed to improve herbal medicine safety.",,2013,Alimentary pharmacology & therapeutics,Journal Article|Review,10.1111/apt.12109,https://pubmed.ncbi.nlm.nih.gov/23121117/,retain,true,abstract_only,ABSTRACT_SENTENCE_8,RESULTS: The incidence rates of herbal hepatotoxicity are largely unknown.,,"Herbal hepatotoxicity is not uncommonly encountered, but the precise incidence and manifestations have not been well characterised. | AIMS: To review the epidemiology, presentation and diagnosis of herbal hepatotoxicity. | METHODS: A Medline search was undertaken to identify relevant literature using search terms including 'herbal', 'herbs', 'dietary supplement', 'liver injury', 'hepatitis' and 'hepatotoxicity'.",RESULTS: The incidence rates of herbal hepatotoxicity are largely unknown.,"METHODS: A Medline search was undertaken to identify relevant literature using search terms including 'herbal', 'herbs', 'dietary supplement', 'liver injury', 'hepatitis' and 'hepatotoxicity'. | The clinical presentation and severity can be highly variable, ranging from mild hepatitis to acute hepatic failure requiring transplantation. | Scoring systems for the causality assessment of drug-induced liver injury may be helpful, but have not been validated for herbal hepatotoxicity.",11000009,,,,not_observed,ai_screened_regex_confirmed
HRS4_LIVER_DISEASE,pubmed:27070596,pubmed,27070596,Hepatotoxicity by Dietary Supplements: A Tabular Listing and Clinical Characteristics.,"Dietary supplements (DS) are extensively consumed worldwide despite unproven efficacy. The true incidence of DS-induced liver injury (DSILI) is unknown but is probably under-diagnosed due to the general belief of safety of these products. Reported cases of herbals and DS-induced liver injury are increasing worldwide. The aim of this manuscript is to report a tabular listing with a description of DS associated with hepatotoxicity as well as review the phenotype and severity of DSILI. Natural remedies related to hepatotoxicity can be divided into herbal product-induced liver injury and DS-induced liver injury. In this article, we describe different DS associated with liver injury, some of them manufactured DS containing several ingredients (Herbalife™ products, Hydroxycut™, LipoKinetix™, UCP-1 and OxyELITE™) while others have a single ingredient (green tea extract, linoleic acid, usnic acid, 1,3-Dimethylamylamine, vitamin A, Garcinia cambogia and ma huang). Additional DS containing some of the aforementioned ingredients implicated in liver injury are also covered. We have also included illicit androgenic anabolic steroids for bodybuilding in this work, as they are frequently sold under the denomination of DS despite being conventional drugs.",,2016,International journal of molecular sciences,"Journal Article|Research Support, Non-U.S. Gov't|Review",10.1053/j.ajkd.2014.05.010,https://pubmed.ncbi.nlm.nih.gov/27070596/,retain,true,abstract_only,ABSTRACT_SENTENCE_6,"In this article, we describe different DS associated with liver injury, some of them manufactured DS containing several ingredients (Herbalife™ products, Hydroxycut™, LipoKinetix™, UCP-1 and OxyELITE™) while others have a single ingredient (green tea extract, linoleic acid, usnic acid, 1,3-Dimethylamylamine, vitamin A, Garcinia cambogia and ma huang).",,The true incidence of DS-induced liver injury (DSILI) is unknown but is probably under-diagnosed due to the general belief of safety of these products. | Reported cases of herbals and DS-induced liver injury are increasing worldwide. | The aim of this manuscript is to report a tabular listing with a description of DS associated with hepatotoxicity as well as review the phenotype and severity of DSILI.,"In this article, we describe different DS associated with liver injury, some of them manufactured DS containing several ingredients (Herbalife™ products, Hydroxycut™, LipoKinetix™, UCP-1 and OxyELITE™) while others have a single ingredient (green tea extract, linoleic acid, usnic acid, 1,3-Dimethylamylamine, vitamin A, Garcinia cambogia and ma huang).",The true incidence of DS-induced liver injury (DSILI) is unknown but is probably under-diagnosed due to the general belief of safety of these products. | Reported cases of herbals and DS-induced liver injury are increasing worldwide. | Natural remedies related to hepatotoxicity can be divided into herbal product-induced liver injury and DS-induced liver injury.,10000009,,,,not_observed,ai_screened_regex_confirmed
HRS4_LIVER_DISEASE,pubmed:39136211,pubmed,39136211,Challenges in herbal-induced liver injury identification and prevention.,"Herbal and dietary supplements (HDS) are being used worldwide at an increasing rate. Mirroring this trend, HDS-induced liver injury, also known as HDS-induced liver injury (HILI), has increased significantly over the past three decades in the Drug-Induced Liver Injury Network (DILIN), now accounting for 20% of cases of drug-induced liver injury (DILI). There are significant challenges in the identification and prevention of HILI due to varying presentations, ability to make clear diagnosis, identification of the responsible ingredient, lack of treatment, and lack of regulatory oversight of HDS products to confirm their ingredients and ensure safety. The major implicated agents include anabolic steroids, green tea extract, garcinia cambogia, kratom, ashwagandha, turmeric and multi-ingredient nutritional supplements. Fortunately, with the formation of major DILI consortiums across the world, the last decade has seen advances in the identification of at-risk genetic phenotypes, the use of chemical analysis on multi-ingredient nutritional supplements, and the publication of data/injury patterns of potentially risky HDS.",,2025,Liver international : official journal of the International Association for the Study of the Liver,Journal Article|Review,10.1016/j.amjmed.2022.09.026,https://pubmed.ncbi.nlm.nih.gov/39136211/,retain,true,abstract_only,ABSTRACT_SENTENCE_2,"Mirroring this trend, HDS-induced liver injury, also known as HDS-induced liver injury (HILI), has increased significantly over the past three decades in the Drug-Induced Liver Injury Network (DILIN), now accounting for 20% of cases of drug-induced liver injury (DILI).",,"Mirroring this trend, HDS-induced liver injury, also known as HDS-induced liver injury (HILI), has increased significantly over the past three decades in the Drug-Induced Liver Injury Network (DILIN), now accounting for 20% of cases of drug-induced liver injury (DILI). | Fortunately, with the formation of major DILI consortiums across the world, the last decade has seen advances in the identification of at-risk genetic phenotypes, the use of chemical analysis on multi-ingredient nutritional supplements, and the publication of data/injury patterns of potentially risky HDS.","Mirroring this trend, HDS-induced liver injury, also known as HDS-induced liver injury (HILI), has increased significantly over the past three decades in the Drug-Induced Liver Injury Network (DILIN), now accounting for 20% of cases of drug-induced liver injury (DILI).","Mirroring this trend, HDS-induced liver injury, also known as HDS-induced liver injury (HILI), has increased significantly over the past three decades in the Drug-Induced Liver Injury Network (DILIN), now accounting for 20% of cases of drug-induced liver injury (DILI).",10000005,,,,not_observed,ai_screened_regex_confirmed
HRS4_LIVER_DISEASE,pubmed:36183923,pubmed,36183923,"Hepatotoxicity due to herbal dietary supplements: Past, present and the future.","Dietary supplements (DS) constitute a widely used group of products comprising vitamin, mineral, and botanical extract formulations. DS of botanical or herbal origins (HDS) comprise nearly 30% of all DS and are presented on the market either as single plant extracts or multi-extract-containing products. Despite generally safe toxicological profiles of most products currently present on the market, rising cases of liver injury caused by HDS - mostly by multi-ingredient and adulterated products - are of particular concern. Here we discuss the most prominent historical cases of HDS-induced hepatotoxicty - from Ephedra to Hydroxycut and OxyELITE Pro-NF, as well as products with suspected hepatotoxicity that are either currently on or are entering the market. We further provide discussion on overcoming the existing challenges with HDS-linked hepatotoxicity by introduction of advanced in silico, in vitro, in vivo, and microphysiological system approaches to address the matter of safety of those products before they reach the market.",,2022,Food and chemical toxicology : an international journal published for the British Industrial Biological Research Association,Journal Article|Review,10.2174/1389200217666151210142051,https://pubmed.ncbi.nlm.nih.gov/36183923/,retain,true,abstract_only,ABSTRACT_SENTENCE_3,"Despite generally safe toxicological profiles of most products currently present on the market, rising cases of liver injury caused by HDS - mostly by multi-ingredient and adulterated products - are of particular concern.",,"Despite generally safe toxicological profiles of most products currently present on the market, rising cases of liver injury caused by HDS - mostly by multi-ingredient and adulterated products - are of particular concern. | Here we discuss the most prominent historical cases of HDS-induced hepatotoxicty - from Ephedra to Hydroxycut and OxyELITE Pro-NF, as well as products with suspected hepatotoxicity that are either currently on or are entering the market. | We further provide discussion on overcoming the existing challenges with HDS-linked hepatotoxicity by introduction of advanced in silico, in vitro, in vivo, and microphysiological system approaches to address the matter of safety of those products before they reach the market.","Despite generally safe toxicological profiles of most products currently present on the market, rising cases of liver injury caused by HDS - mostly by multi-ingredient and adulterated products - are of particular concern.","Despite generally safe toxicological profiles of most products currently present on the market, rising cases of liver injury caused by HDS - mostly by multi-ingredient and adulterated products - are of particular concern.",9000009,,,,not_observed,ai_screened_regex_confirmed
HRS4_LIVER_DISEASE,pubmed:25514914,pubmed,25514914,Phytotherapy and NAFLD--from goals and challenges to clinical practice.,"Non-alcoholic fatty liver disease (NAFLD) is a global problem and one of the most common liver diseases in the world. Various pharmacological and non-pharmacological therapies seem to be non-effective and the patients are often advised not to expect a positive outcome. Hence, even in the modern Western society many patients reach for traditional herbal products. Silymarin, a lipophilic extract derived from milk thistle (Silybum marianum) has been used in liver and bile disorders for centuries. Strong antifibrotic, antioxidant, antiviral and anti-inflammatory activities of silymarin joined with its metabolic effect proven in vitro make it ideal as a drug candidate in the therapy of NAFLD. Several recent randomized clinical studies have demonstrated that silymarin versus placebo significantly contributes to amelioration of the liver condition affected by NAFLD since it reduces steatosis severity, liver ballooning and fibrosis, followed by lowered aminotransferase levels in both short and long lasting therapies. Silymarin is also as efficient as an insulin sensitizer in the NAFLD therapy, but with less adverse effects. Phase III clinical trials have confirmed silymarin to be currently the best medication for the NAFLD patients, but the problems associated with its standardization, formulation and dosage are yet to be solved. However, green tea (Camellia sinensis) and licorice (Glycyrrhiza glabra) root extracts have also been studied in the clinical trials in the therapy of NAFLD patients. Some other herbal products, which have been tested on animals and have the potential to be used in clinical trials, are briefly summarized in this paper.",,2014,Reviews on recent clinical trials,"Journal Article|Research Support, Non-U.S. Gov't|Review",,https://pubmed.ncbi.nlm.nih.gov/25514914/,retain,true,abstract_only,ABSTRACT_SENTENCE_6,"Several recent randomized clinical studies have demonstrated that silymarin versus placebo significantly contributes to amelioration of the liver condition affected by NAFLD since it reduces steatosis severity, liver ballooning and fibrosis, followed by lowered aminotransferase levels in both short and long lasting therapies.",,"Several recent randomized clinical studies have demonstrated that silymarin versus placebo significantly contributes to amelioration of the liver condition affected by NAFLD since it reduces steatosis severity, liver ballooning and fibrosis, followed by lowered aminotransferase levels in both short and long lasting therapies. | Silymarin is also as efficient as an insulin sensitizer in the NAFLD therapy, but with less adverse effects.","Several recent randomized clinical studies have demonstrated that silymarin versus placebo significantly contributes to amelioration of the liver condition affected by NAFLD since it reduces steatosis severity, liver ballooning and fibrosis, followed by lowered aminotransferase levels in both short and long lasting therapies.","Non-alcoholic fatty liver disease (NAFLD) is a global problem and one of the most common liver diseases in the world. | Silymarin, a lipophilic extract derived from milk thistle (Silybum marianum) has been used in liver and bile disorders for centuries. | Several recent randomized clinical studies have demonstrated that silymarin versus placebo significantly contributes to amelioration of the liver condition affected by NAFLD since it reduces steatosis severity, liver ballooning and fibrosis, followed by lowered aminotransferase levels in both short and long lasting therapies.",8006003,,,,not_observed,ai_screened_regex_confirmed
HRS4_LIVER_DISEASE,pubmed:21457433,pubmed,21457433,Review of liver injury associated with dietary supplements.,"Dietary supplements (DS) are easily available and increasingly used, and adverse hepatic reactions have been reported following their intake. To critically review the literature on liver injury because of DSs, delineating patterns and mechanisms of injury and to increase the awareness towards this cause of acute and chronic liver damage. Studies and case reports on liver injury specifically because of DSs published between 1990 and 2010 were searched in the PubMed and EMBASE data bases using the terms 'dietary/nutritional supplements', 'adverse hepatic reactions', 'liver injury'; 'hepatitis', 'liver failure', 'vitamin A' and 'retinoids', and reviewed for yet unidentified publications. Significant liver injury was reported after intake of Herbalife and Hydroxycut products, tea extracts from Camellia sinensis, products containing usnic acid and high contents of vitamin A, anabolic steroids and others. No uniform pattern of hepatotoxicity has been identified and severity may range from asymptomatic elevations of serum liver enzymes to hepatic failure and death. Exact estimates on how frequent adverse hepatic reactions occur as a result of DSs cannot be provided. Liver injury from DSs mimicking other liver diseases is increasingly recognized. Measures to reduce risk include tighter regulation of their production and distribution and increased awareness of users and professionals of the potential risks.",,2011,Liver international : official journal of the International Association for the Study of the Liver,Journal Article|Review,10.1111/j.1478-3231.2010.02439.x,https://pubmed.ncbi.nlm.nih.gov/21457433/,retain,true,abstract_only,ABSTRACT_SENTENCE_3,"Studies and case reports on liver injury specifically because of DSs published between 1990 and 2010 were searched in the PubMed and EMBASE data bases using the terms 'dietary/nutritional supplements', 'adverse hepatic reactions', 'liver injury'; 'hepatitis', 'liver failure', 'vitamin A' and 'retinoids', and reviewed for yet unidentified publications.",,"Dietary supplements (DS) are easily available and increasingly used, and adverse hepatic reactions have been reported following their intake. | To critically review the literature on liver injury because of DSs, delineating patterns and mechanisms of injury and to increase the awareness towards this cause of acute and chronic liver damage. | Studies and case reports on liver injury specifically because of DSs published between 1990 and 2010 were searched in the PubMed and EMBASE data bases using the terms 'dietary/nutritional supplements', 'adverse hepatic reactions', 'liver injury'; 'hepatitis', 'liver failure', 'vitamin A' and 'retinoids', and reviewed for yet unidentified publications.","Studies and case reports on liver injury specifically because of DSs published between 1990 and 2010 were searched in the PubMed and EMBASE data bases using the terms 'dietary/nutritional supplements', 'adverse hepatic reactions', 'liver injury'; 'hepatitis', 'liver failure', 'vitamin A' and 'retinoids', and reviewed for yet unidentified publications.","Dietary supplements (DS) are easily available and increasingly used, and adverse hepatic reactions have been reported following their intake. | To critically review the literature on liver injury because of DSs, delineating patterns and mechanisms of injury and to increase the awareness towards this cause of acute and chronic liver damage. | Studies and case reports on liver injury specifically because of DSs published between 1990 and 2010 were searched in the PubMed and EMBASE data bases using the terms 'dietary/nutritional supplements', 'adverse hepatic reactions', 'liver injury'; 'hepatitis', 'liver failure', 'vitamin A' and 'retinoids', and reviewed for yet unidentified publications.",8002009,,,,not_observed,ai_screened_regex_confirmed
HRS4_LIVER_DISEASE,pubmed:27402097,pubmed,27402097,Liver toxicity related to herbs and dietary supplements: Online table of case reports. Part 2 of 5 series.,"BACKGROUND: No online current list of potentially life-threatening, hepatotoxic herbs and dietary supplements based on PubMed case reports exists in a summarized tabular form. METHODS: Documented case reports of herbs or dietary supplements (DS; includes herbs) appearing to contribute to liver injury were used to create an online ""DS Toxic Table"" of potentially hepatotoxic herbs and dietary supplements (PubMed, 1966 to June, 2016, and cross-referencing). The spectrum of DS induced liver injuries (DSILI) included elevated liver enzymes, hepatitis, steatosis, cholestasis, hepatic necrosis, hepatic fibrosis, hepatic cirrhosis, veno-occlusive disease, acute liver failure requiring a liver transplant, and death. RESULTS: Over the past 50 years, approximately 21 herbs (minus germander and usnic acid that are no longer sold) and 12 dietary supplements (minus the nine no longer sold and vitamin A & niacin due to excess intake) posed a possible risk for liver injures in certain individuals. The herbs with the most number of reported publications (but not cases studies) in descending order, were germander, black cohosh, kava extract, and green tea extract. CONCLUSION: These online DS Toxic Tables will contribute to continued Phase IV post marketing surveillance to detect possible liver toxicity cases and serve to forewarn consumers, clinicians, and corporations.",,2017,Food and chemical toxicology : an international journal published for the British Industrial Biological Research Association,Journal Article|Review,10.1016/j.fct.2016.07.001,https://pubmed.ncbi.nlm.nih.gov/27402097/,retain,true,abstract_only,ABSTRACT_SENTENCE_4,"RESULTS: Over the past 50 years, approximately 21 herbs (minus germander and usnic acid that are no longer sold) and 12 dietary supplements (minus the nine no longer sold and vitamin A & niacin due to excess intake) posed a possible risk for liver injures in certain individuals.",,"BACKGROUND: No online current list of potentially life-threatening, hepatotoxic herbs and dietary supplements based on PubMed case reports exists in a summarized tabular form. | METHODS: Documented case reports of herbs or dietary supplements (DS; includes herbs) appearing to contribute to liver injury were used to create an online ""DS Toxic Table"" of potentially hepatotoxic herbs and dietary supplements (PubMed, 1966 to June, 2016, and cross-referencing). | The spectrum of DS induced liver injuries (DSILI) included elevated liver enzymes, hepatitis, steatosis, cholestasis, hepatic necrosis, hepatic fibrosis, hepatic cirrhosis, veno-occlusive disease, acute liver failure requiring a liver transplant, and death.","RESULTS: Over the past 50 years, approximately 21 herbs (minus germander and usnic acid that are no longer sold) and 12 dietary supplements (minus the nine no longer sold and vitamin A & niacin due to excess intake) posed a possible risk for liver injures in certain individuals.","METHODS: Documented case reports of herbs or dietary supplements (DS; includes herbs) appearing to contribute to liver injury were used to create an online ""DS Toxic Table"" of potentially hepatotoxic herbs and dietary supplements (PubMed, 1966 to June, 2016, and cross-referencing). | The spectrum of DS induced liver injuries (DSILI) included elevated liver enzymes, hepatitis, steatosis, cholestasis, hepatic necrosis, hepatic fibrosis, hepatic cirrhosis, veno-occlusive disease, acute liver failure requiring a liver transplant, and death. | RESULTS: Over the past 50 years, approximately 21 herbs (minus germander and usnic acid that are no longer sold) and 12 dietary supplements (minus the nine no longer sold and vitamin A & niacin due to excess intake) posed a possible risk for liver injures in certain individuals.",8002009,,,,not_observed,ai_screened_regex_confirmed
HRS4_LIVER_DISEASE,pubmed:36515339,pubmed,36515339,LIVER INJURY INDUCED BY HERBAL AND DIETARY SUPPLEMENTS: A POOLED ANALYSIS OF CASE REPORTS.,"BACKGROUND: The intake of dietary supplements and medicinal plants is very popular worldwide. However, these products are not innocuous, and their intake can cause severe damage to health, especially liver injury. OBJECTIVE: This study aims to describe the clinical cases of dietary supplements-induced liver injury (DSILI) and herb-induced liver injury (HILI), identifying the main products involved and the clinical outcomes related to them. METHOD: A literature search was performed in PubMed, EMBASE, Google Scholar, and LILACS databases, using the search terms: ""Chemical and Drug-Induced Liver Injury"", ""Dietary Supplements"" and ""Herbal"" and their synonyms. RESULTS: 189 articles were included in the study, totaling 428 clinical cases of drug-induced liver injury. The most frequent agents of liver injury were Herbalife® products, associated with 50 cases, Polygonum multiflorum, with 25 cases, Hydroxycut® products, and green tea, both associated in 19 cases, and Oxyelite Pro® and kava tea, both associated with 16 cases. Most individuals required hospitalization (82.6%) and an important number of cases evolved to death (3.6%), liver transplantation (8.9%), or chronic liver disease (1.9%). CONCLUSION: The indiscriminate use of dietary supplements and herbal products was associated with an alarming number of cases of liver injury. The mechanisms through which each of the products causes liver damage still need to be better understood, but this review is a warning about the risk associated with the use of products considered harmless by a large part of the population.",,2022,Arquivos de gastroenterologia,Case Reports|Review|Journal Article,10.1590/s0004-2803.202204000-84,https://pubmed.ncbi.nlm.nih.gov/36515339/,retain,true,abstract_only,ABSTRACT_SENTENCE_6,"The most frequent agents of liver injury were Herbalife® products, associated with 50 cases, Polygonum multiflorum, with 25 cases, Hydroxycut® products, and green tea, both associated in 19 cases, and Oxyelite Pro® and kava tea, both associated with 16 cases.",,"However, these products are not innocuous, and their intake can cause severe damage to health, especially liver injury. | OBJECTIVE: This study aims to describe the clinical cases of dietary supplements-induced liver injury (DSILI) and herb-induced liver injury (HILI), identifying the main products involved and the clinical outcomes related to them. | METHOD: A literature search was performed in PubMed, EMBASE, Google Scholar, and LILACS databases, using the search terms: ""Chemical and Drug-Induced Liver Injury"", ""Dietary Supplements"" and ""Herbal"" and their synonyms.","The most frequent agents of liver injury were Herbalife® products, associated with 50 cases, Polygonum multiflorum, with 25 cases, Hydroxycut® products, and green tea, both associated in 19 cases, and Oxyelite Pro® and kava tea, both associated with 16 cases.","However, these products are not innocuous, and their intake can cause severe damage to health, especially liver injury. | OBJECTIVE: This study aims to describe the clinical cases of dietary supplements-induced liver injury (DSILI) and herb-induced liver injury (HILI), identifying the main products involved and the clinical outcomes related to them. | METHOD: A literature search was performed in PubMed, EMBASE, Google Scholar, and LILACS databases, using the search terms: ""Chemical and Drug-Induced Liver Injury"", ""Dietary Supplements"" and ""Herbal"" and their synonyms.",8002009,,,,not_observed,ai_screened_regex_confirmed
HRS4_LIVER_DISEASE,pubmed:42092331,pubmed,42092331,An update on drug-induced liver injury-What's new?,"Drug-induced liver injury (DILI) is an important medical condition. Recently, development of novel causality assessment tools has improved the diagnostic accuracy of idiosyncratic DILI, particularly RECAM (Revised Electronic Version of Roussel Uclaf Causality Assessment [RUCAM]). RECAM was found to be better than RUCAM in difficult cases and increased the precision of the DILI diagnosis but needs further refinement. In recent years, there has been an increased incidence of DILI with drugs, such as oncological drugs and herbal and dietary supplements (HDSs). DILI is commonly associated with checkpoint-induced liver injury. Treatment with corticosteroids has been the standard of care in this type of liver injury, but its use is controversial and potentially harmful. With the help of liver biopsy, 60% of subjects can avoid corticosteroids. In recent years, a number of dietary supplements have been found to lead to DILI, such as turmeric, Garcinia cambogia, kratom and ashwagandha. HLA-B*35:01 has been identified as a risk factor for green tea extract-induced liver injury. International collaborative efforts have tried to find candidate biomarkers, but no biomarker has yet demonstrated superior performance to standard liver tests. FDA has recently approved the use of serum glutamate dehydrogenase (GLDH) as a biomarker to distinguish liver injury from muscle injury. Serum GLDH should be used alongside standard liver injury monitoring in patients without pre-existing liver disease. In the current review, recent findings in DILI are presented on diagnostic strategies, new agents such as checkpoint inhibitors and HDSs leading to DILI, biomarkers and new therapies.",,2026,Journal of internal medicine,Journal Article|Review,10.1111/joim.70111,https://pubmed.ncbi.nlm.nih.gov/42092331/,retain,true,abstract_only,ABSTRACT_SENTENCE_9,HLA-B*35:01 has been identified as a risk factor for green tea extract-induced liver injury.,,"Drug-induced liver injury (DILI) is an important medical condition. | DILI is commonly associated with checkpoint-induced liver injury. | Treatment with corticosteroids has been the standard of care in this type of liver injury, but its use is controversial and potentially harmful.",HLA-B*35:01 has been identified as a risk factor for green tea extract-induced liver injury.,"Drug-induced liver injury (DILI) is an important medical condition. | DILI is commonly associated with checkpoint-induced liver injury. | Treatment with corticosteroids has been the standard of care in this type of liver injury, but its use is controversial and potentially harmful.",8002009,,,,not_observed,ai_screened_regex_confirmed
HRS4_LIVER_DISEASE,pubmed:34307603,pubmed,34307603,Herb-induced liver injury: Systematic review and meta-analysis.,"BACKGROUND: The use of herbal supplements and alternative medicines has been increasing in the last decades. Despite popular belief that the consumption of natural products is harmless, herbs might cause injury to various organs, particularly to the liver, which is responsible for their metabolism in the form of herb-induced liver injury (HILI). AIM: To identify herbal products associated with HILI and describe the type of lesion associated with each product. METHODS: Studies were retrieved using Medical Subject Headings Descriptors combined with Boolean operators. Searches were run on the electronic databases Scopus, Web of Science, MEDLINE, BIREME, LILACS, Cochrane Library for Systematic Reviews, SciELO, Embase, and Opengray.eu. Languages were restricted to English, Spanish, and Portuguese. There was no date of publication restrictions. The reference lists of the studies retrieved were searched manually. To access causality, the Maria and Victorino System of Causality Assessment in Drug Induced Liver Injury was used. Simple descriptive analysis were used to summarize the results. RESULTS: The search strategy retrieved 5918 references. In the final analysis, 446 references were included, with a total of 936 cases reported. We found 79 types of herbs or herbal compounds related to HILI. He-Shou-Wu, Green tea extract, Herbalife, kava kava, Greater celandine, multiple herbs, germander, hydroxycut, skullcap, kratom, Gynura segetum, garcinia cambogia, ma huang, chaparral, senna, and aloe vera were the most common supplements with HILI reported. Most of these patients had complete clinical recovery (82.8%). However, liver transplantation was necessary for 6.6% of these cases. Also, chronic liver disease and death were observed in 1.5% and 10.4% of the cases, respectively. CONCLUSION: HILI is normally associated with a good prognosis, once the implied product is withdrawn. Nevertheless, it is paramount to raise awareness in the medical and non-medical community of the risks of the indiscriminate use of herbal products.",,2021,World journal of clinical cases,Journal Article,10.12998/wjcc.v9.i20.5490,https://pubmed.ncbi.nlm.nih.gov/34307603/,retain,true,abstract_only,ABSTRACT_SENTENCE_16,"However, liver transplantation was necessary for 6.6% of these cases.",,"Despite popular belief that the consumption of natural products is harmless, herbs might cause injury to various organs, particularly to the liver, which is responsible for their metabolism in the form of herb-induced liver injury (HILI). | To access causality, the Maria and Victorino System of Causality Assessment in Drug Induced Liver Injury was used. | However, liver transplantation was necessary for 6.6% of these cases.","However, liver transplantation was necessary for 6.6% of these cases.","Despite popular belief that the consumption of natural products is harmless, herbs might cause injury to various organs, particularly to the liver, which is responsible for their metabolism in the form of herb-induced liver injury (HILI). | To access causality, the Maria and Victorino System of Causality Assessment in Drug Induced Liver Injury was used. | However, liver transplantation was necessary for 6.6% of these cases.",8002005,,,,not_observed,ai_screened_regex_confirmed
HRS4_LIVER_DISEASE,pubmed:15237372,pubmed,15237372,Consumption of dietary supplements in a liver transplant population.,"The extensive use of alternative medicine products, herbal remedies, and vitamins in large doses has reached an all time high in the general public. Some agents are reported and advertised as immune stimulants and may interfere with patients suffering from immune modification, autoimmune diseases, or transplant recipients. In this report, we will present an investigation into the use of herbal remedies and vitamins in our liver transplant population. We performed an investigation using a questionnaire to determine the use of herbal products and vitamins in our liver transplant population. Medical records were reviewed for each liver transplant recipient that admitted to consuming herbal products or vitamins. Information collected included patient demographics, transplant related information, laboratory tests, outcomes, and herbs or vitamin products used. A total of 290 patients completed and returned the questionnaire. We found 156 admitting to taking more than a standard multivitamin and/or an herbal remedy. All patients were treated with steroids for allograft rejection and experienced a recurrence of amino transaminases following the removal of steroids. Further investigation into dietary supplements using a patient questionnaire form revealed that nearly 50% of patients admitted to using vitamins following transplantation, while 19% used herbal remedies combined with vitamins, most admitting to silymarin. One recipient was ingesting colostrum and required admission for the management of allograft rejection, while 5 patients had consumed large amounts of echinacea or CoEnzyme Q-10 and experienced elevations in their transaminases that resolved with discontinuation of the herb. The review also identified 4 patients with primary biliary cirrhosis and with transaminase elevation (mean values of aspartate aminotransferase and alanine aminotransferase levels of 88 and 95, respectively). All recipients were consuming vitamins, in particular high doses of vitamin E (tocopherol), more than 1 gram per day. All of the transplant recipients were instructed to discontinue all vitamin E products and the amino transaminases resolved over the following 30 to 60 days. In conclusion, this information reveals that a significant proportion of our liver transplant recipients consume herbal remedies. The results of this report suggest that transplant teams need to question each recipient about the use of herbal and vitamin remedies and educate them regarding the potential hazards.",,2004,Liver transplantation : official publication of the American Association for the Study of Liver Diseases and the International Liver Transplantation Society,Journal Article,10.1002/lt.20183,https://pubmed.ncbi.nlm.nih.gov/15237372/,retain,true,abstract_only,ABSTRACT_SENTENCE_15,"In conclusion, this information reveals that a significant proportion of our liver transplant recipients consume herbal remedies.",,"Some agents are reported and advertised as immune stimulants and may interfere with patients suffering from immune modification, autoimmune diseases, or transplant recipients. | In this report, we will present an investigation into the use of herbal remedies and vitamins in our liver transplant population. | We performed an investigation using a questionnaire to determine the use of herbal products and vitamins in our liver transplant population.","In conclusion, this information reveals that a significant proportion of our liver transplant recipients consume herbal remedies.","In this report, we will present an investigation into the use of herbal remedies and vitamins in our liver transplant population. | We performed an investigation using a questionnaire to determine the use of herbal products and vitamins in our liver transplant population. | Medical records were reviewed for each liver transplant recipient that admitted to consuming herbal products or vitamins.",7002009,,,,not_observed,ai_screened_regex_confirmed
HRS4_LIVER_DISEASE,pubmed:38640296,pubmed,38640296,A comprehensive review on the hepatotoxicity of herbs used in the Indian (Ayush) systems of alternative medicine.,"Complementary and alternative medicine-related liver injuries are increasing globally. Alternative medicine, as an inclusive healthcare practice, is widely accepted in developing and underdeveloped countries. In this context, the traditional systems of medicine in India have been at the forefront, catering to the preventive and therapeutic spectrum in the absence of conclusive evidence for benefits and lack of data on safety. Contrary to popular belief, it is evident that apart from adverse events caused by contamination and adulteration of alternative medicines, certain commonly used herbal components have inherent hepatotoxicity. This narrative review updates our current understanding and increasing publications on the liver toxicity potential of commonly used herbs in traditional Indian systems of medicine (Ayush), such as Tinospora cordifolia (Willd.) Hook.f. & Thomson (Giloy/Guduchi), Withania somnifera (L.) Dunal (Ashwagandha), Curcuma longa L. (Turmeric), and Psoralea corylifolia L. (Bakuchi/Babchi). This review also highlights the importance of the upcoming liver toxicity profiles associated with other traditional herbs used as dietary supplements, such as Centella asiatica (L.) Urb., Garcinia cambogia Desr., Cassia angustifolia Vahl (Indian senna), and Morinda citrofolia L. (Noni fruit). Fortunately, most reported liver injuries due to these herbs are self-limiting, but can lead to progressive liver dysfunction, leading to acute liver failure or acute chronic liver failure with a high mortality rate. This review also aims to provide adequate knowledge regarding herbalism in traditional practices, pertinent for medical doctors to diagnose, treat, and prevent avoidable liver disease burdens within communities, and improve public health and education.",,2024,Medicine,Review|Journal Article,10.1097/md.0000000000037903,https://pubmed.ncbi.nlm.nih.gov/38640296/,retain,true,abstract_only,ABSTRACT_SENTENCE_4,"Contrary to popular belief, it is evident that apart from adverse events caused by contamination and adulteration of alternative medicines, certain commonly used herbal components have inherent hepatotoxicity.",,"Complementary and alternative medicine-related liver injuries are increasing globally. | Contrary to popular belief, it is evident that apart from adverse events caused by contamination and adulteration of alternative medicines, certain commonly used herbal components have inherent hepatotoxicity. | Fortunately, most reported liver injuries due to these herbs are self-limiting, but can lead to progressive liver dysfunction, leading to acute liver failure or acute chronic liver failure with a high mortality rate.","Contrary to popular belief, it is evident that apart from adverse events caused by contamination and adulteration of alternative medicines, certain commonly used herbal components have inherent hepatotoxicity.","Complementary and alternative medicine-related liver injuries are increasing globally. | This narrative review updates our current understanding and increasing publications on the liver toxicity potential of commonly used herbs in traditional Indian systems of medicine (Ayush), such as Tinospora cordifolia (Willd.) Hook.f. & Thomson (Giloy/Guduchi), Withania somnifera (L.) Dunal (Ashwagandha), Curcuma longa L. (Turmeric), and Psoralea corylifolia L. (Bakuchi/Babchi). | This review also highlights the importance of the upcoming liver toxicity profiles associated with other traditional herbs used as dietary supplements, such as Centella asiatica (L.) Urb., Garcinia cambogia Desr., Cassia angustifolia Vahl (Indian senna), and Morinda citrofolia L. (Noni fruit).",7001009,,,,not_observed,ai_screened_regex_confirmed
HRS4_LIVER_DISEASE,pubmed:40615075,pubmed,40615075,Unveiling the hidden risk: Herbal and dietary supplement consumption in liver disease patients.,"INTRODUCTION: The use of herbal products and dietary supplements (HDS) carries a potential risk of liver toxicity. Data on HDS consumption among patients attending liver disease clinics remain unexplored. OBJECTIVE: To determine the frequency, types and reasons for HDS consumption in patients attending a specialized liver disease outpatient clinic. METHODS: Prospective study including consecutive patients attending the hepatology outpatient clinic at the Hospital Clínic of Barcelona from June 2023 to October 2023. Following a standard medical visit, a trained nurse conducted a structured interview to assess HDS consumption. RESULTS: A total of 150 patients were included, with a median age of 59 (IQR: 49-67) and male predominance (56%, n=84). Only 12 patients (8%) reported HDS consumption during a standard medical interview, while the number increased to 92 (61%) after nurse-led structured interview. The primary reasons for dietary supplements use included vitamin supplementation (43%), fitness improvement (10.5%) and hair/nail health (10.5%). For herbal products, the most common reason for use was pleasure (73%). Reported HDS products with potential hepatotoxicity (levels A and B) were green tea (n=16), turmeric with black pepper (n=11), aloe (n=2), greater celandine (n=1) and black cohosh (n=1). CONCLUSION: HDS use is highly prevalent among patients with liver disease, but a structured interview is crucial to detect their consumption, as they usually forget spontaneous reporting. Importantly, a significant proportion of these products carry a risk of hepatic toxicity, underscoring the need for increased patient education and clinical vigilance.",,2025,Gastroenterologia y hepatologia,Journal Article,10.1016/j.gastrohep.2025.502520,https://pubmed.ncbi.nlm.nih.gov/40615075/,retain,true,abstract_only,ABSTRACT_SENTENCE_10,"Reported HDS products with potential hepatotoxicity (levels A and B) were green tea (n=16), turmeric with black pepper (n=11), aloe (n=2), greater celandine (n=1) and black cohosh (n=1).",,"METHODS: Prospective study including consecutive patients attending the hepatology outpatient clinic at the Hospital Clínic of Barcelona from June 2023 to October 2023. | Reported HDS products with potential hepatotoxicity (levels A and B) were green tea (n=16), turmeric with black pepper (n=11), aloe (n=2), greater celandine (n=1) and black cohosh (n=1).","Reported HDS products with potential hepatotoxicity (levels A and B) were green tea (n=16), turmeric with black pepper (n=11), aloe (n=2), greater celandine (n=1) and black cohosh (n=1).","INTRODUCTION: The use of herbal products and dietary supplements (HDS) carries a potential risk of liver toxicity. | Data on HDS consumption among patients attending liver disease clinics remain unexplored. | OBJECTIVE: To determine the frequency, types and reasons for HDS consumption in patients attending a specialized liver disease outpatient clinic.",7001009,,,,not_observed,ai_screened_regex_confirmed
HRS4_LIVER_DISEASE,pubmed:42475234,pubmed,42475234,"The contemporary epidemiology, causes, and management of drug-induced liver injury.","Drug-induced liver injury is an important cause of clinically significant liver disease. In Western countries, antibiotics are the leading cause of DILI, with amoxicillin-clavulanate and trimethoprim-sulfamethoxazole most frequently implicated. Herbal and dietary supplements (HDS) are increasingly implicated as a cause of DILI worldwide, including ashwagandha, turmeric, and green tea extract in the United States. Advances in DILI diagnosis include the development of the Revised Electronic Causality Assessment Method (RECAM) instrument and the creation of the LiverTox website with drug and HDS likelihood scores. Newer causes of DILI include kinase inhibitors for cancer and autoimmune conditions, various immunomodulatory agents, and medications to treat liver disease. Immune-mediated liver injury from checkpoint inhibitors (ILICI) typically presents within the first 6 months of treatment with asymptomatic laboratory abnormalities. Treatment of DILI remains primarily supportive by withholding the offending agent and close monitoring, with corticosteroids only showing benefit in highly selected patients. Over 80% of DILI patients will fully recover within 6 months of drug discontinuation with supportive care, but recent outcomes for DILI-related ALF due to HDS have been worsening. Prognostic models can help identify hospitalized DILI patients in need of transplant and others who are at increased risk for 6-month mortality. Whole-exome sequencing to identify new genetic risk factors, development of in vitro diagnostic assays, and further studies of the host adaptive immune response in DILI pathogenesis will hopefully lead to further improvements in DILI diagnosis and treatment.",,2026,Hepatology communications,Journal Article|Review,10.1097/hc9.0000000000001011,https://pubmed.ncbi.nlm.nih.gov/42475234/,retain,true,abstract_only,ABSTRACT_SENTENCE_9,Prognostic models can help identify hospitalized DILI patients in need of transplant and others who are at increased risk for 6-month mortality.,,Drug-induced liver injury is an important cause of clinically significant liver disease. | Immune-mediated liver injury from checkpoint inhibitors (ILICI) typically presents within the first 6 months of treatment with asymptomatic laboratory abnormalities. | Prognostic models can help identify hospitalized DILI patients in need of transplant and others who are at increased risk for 6-month mortality.,Prognostic models can help identify hospitalized DILI patients in need of transplant and others who are at increased risk for 6-month mortality.,"Drug-induced liver injury is an important cause of clinically significant liver disease. | Advances in DILI diagnosis include the development of the Revised Electronic Causality Assessment Method (RECAM) instrument and the creation of the LiverTox website with drug and HDS likelihood scores. | Newer causes of DILI include kinase inhibitors for cancer and autoimmune conditions, various immunomodulatory agents, and medications to treat liver disease.",7001009,,,,not_observed,ai_screened_regex_confirmed
HRS5_ANTICOAGULATION,pubmed:10675182,pubmed,10675182,Herb-drug interactions.,"Concurrent use of herbs may mimic, magnify, or oppose the effect of drugs. Plausible cases of herb-drug interactions include: bleeding when warfarin is combined with ginkgo (Ginkgo biloba), garlic (Allium sativum), dong quai (Angelica sinensis), or danshen (Salvia miltiorrhiza); mild serotonin syndrome in patients who mix St John's wort (Hypericum perforatum) with serotonin-reuptake inhibitors; decreased bioavailability of digoxin, theophylline, cyclosporin, and phenprocoumon when these drugs are combined with St John's wort; induction of mania in depressed patients who mix antidepressants and Panax ginseng; exacerbation of extrapyramidal effects with neuroleptic drugs and betel nut (Areca catechu); increased risk of hypertension when tricyclic antidepressants are combined with yohimbine (Pausinystalia yohimbe); potentiation of oral and topical corticosteroids by liquorice (Glycyrrhiza glabra); decreased blood concentrations of prednisolone when taken with the Chinese herbal product xaio chai hu tang (sho-salko-to); and decreased concentrations of phenytoin when combined with the Ayurvedic syrup shankhapushpi. Anthranoid-containing plants (including senna [Cassia senna] and cascara [Rhamnus purshiana]) and soluble fibres (including guar gum and psyllium) can decrease the absorption of drugs. Many reports of herb-drug interactions are sketchy and lack laboratory analysis of suspect preparations. Health-care practitioners should caution patients against mixing herbs and pharmaceutical drugs.",,2000,"Lancet (London, England)",Journal Article|Review,10.1016/s0140-6736(99)06457-0,https://pubmed.ncbi.nlm.nih.gov/10675182/,retain,true,abstract_only,ABSTRACT_SENTENCE_2,"Plausible cases of herb-drug interactions include: bleeding when warfarin is combined with ginkgo (Ginkgo biloba), garlic (Allium sativum), dong quai (Angelica sinensis), or danshen (Salvia miltiorrhiza); mild serotonin syndrome in patients who mix St John's wort (Hypericum perforatum) with serotonin-reuptake inhibitors; decreased bioavailability of digoxin, theophylline, cyclosporin, and phenprocoumon when these drugs are combined with St John's wort; induction of mania in depressed patients who mix antidepressants and Panax ginseng; exacerbation of extrapyramidal effects with neuroleptic drugs and betel nut (Areca catechu); increased risk of hypertension when tricyclic antidepressants are combined with yohimbine (Pausinystalia yohimbe); potentiation of oral and topical corticosteroids by liquorice (Glycyrrhiza glabra); decreased blood concentrations of prednisolone when taken with the Chinese herbal product xaio chai hu tang (sho-salko-to); and decreased concentrations of phenytoin when combined with the Ayurvedic syrup shankhapushpi.",,"Plausible cases of herb-drug interactions include: bleeding when warfarin is combined with ginkgo (Ginkgo biloba), garlic (Allium sativum), dong quai (Angelica sinensis), or danshen (Salvia miltiorrhiza); mild serotonin syndrome in patients who mix St John's wort (Hypericum perforatum) with serotonin-reuptake inhibitors; decreased bioavailability of digoxin, theophylline, cyclosporin, and phenprocoumon when these drugs are combined with St John's wort; induction of mania in depressed patients who mix antidepressants and Panax ginseng; exacerbation of extrapyramidal effects with neuroleptic drugs and betel nut (Areca catechu); increased risk of hypertension when tricyclic antidepressants are combined with yohimbine (Pausinystalia yohimbe); potentiation of oral and topical corticosteroids by liquorice (Glycyrrhiza glabra); decreased blood concentrations of prednisolone when taken with the Chinese herbal product xaio chai hu tang (sho-salko-to); and decreased concentrations of phenytoin when combined with the Ayurvedic syrup shankhapushpi. | Many reports of herb-drug interactions are sketchy and lack laboratory analysis of suspect preparations.","Plausible cases of herb-drug interactions include: bleeding when warfarin is combined with ginkgo (Ginkgo biloba), garlic (Allium sativum), dong quai (Angelica sinensis), or danshen (Salvia miltiorrhiza); mild serotonin syndrome in patients who mix St John's wort (Hypericum perforatum) with serotonin-reuptake inhibitors; decreased bioavailability of digoxin, theophylline, cyclosporin, and phenprocoumon when these drugs are combined with St John's wort; induction of mania in depressed patients who mix antidepressants and Panax ginseng; exacerbation of extrapyramidal effects with neuroleptic drugs and betel nut (Areca catechu); increased risk of hypertension when tricyclic antidepressants are combined with yohimbine (Pausinystalia yohimbe); potentiation of oral and topical corticosteroids by liquorice (Glycyrrhiza glabra); decreased blood concentrations of prednisolone when taken with the Chinese herbal product xaio chai hu tang (sho-salko-to); and decreased concentrations of phenytoin when combined with the Ayurvedic syrup shankhapushpi.","Plausible cases of herb-drug interactions include: bleeding when warfarin is combined with ginkgo (Ginkgo biloba), garlic (Allium sativum), dong quai (Angelica sinensis), or danshen (Salvia miltiorrhiza); mild serotonin syndrome in patients who mix St John's wort (Hypericum perforatum) with serotonin-reuptake inhibitors; decreased bioavailability of digoxin, theophylline, cyclosporin, and phenprocoumon when these drugs are combined with St John's wort; induction of mania in depressed patients who mix antidepressants and Panax ginseng; exacerbation of extrapyramidal effects with neuroleptic drugs and betel nut (Areca catechu); increased risk of hypertension when tricyclic antidepressants are combined with yohimbine (Pausinystalia yohimbe); potentiation of oral and topical corticosteroids by liquorice (Glycyrrhiza glabra); decreased blood concentrations of prednisolone when taken with the Chinese herbal product xaio chai hu tang (sho-salko-to); and decreased concentrations of phenytoin when combined with the Ayurvedic syrup shankhapushpi.",21003009,,,,not_observed,ai_screened_regex_confirmed
HRS5_ANTICOAGULATION,pubmed:36304597,pubmed,36304597,Dietary supplements and bleeding.,"An estimated one-third of US adults use herbal supplements, often without reporting that use to their physicians. These supplements can potentially alter bleeding and coagulation during surgery and when used concomitantly with anticoagulants. Our objective was to provide a comprehensive review of the evidence of bleeding risks of the most popular herbal and dietary supplements. A PubMed search and review of the literature was performed. We found that garlic and hawthorn supplementation is strongly associated with surgical bleeding independent of anticoagulants. Cordyceps sinensis, echinacea, and aloe vera are loosely associated with surgical bleeding independent of anticoagulants. In patients on anticoagulants, ginkgo biloba, chondroitin-glucosamine, melatonin, turmeric, bilberry, chamomile, fenugreek, milk thistle, and peppermint are associated with bleeding risk. No evidence was found for bleeding with these supplements independent of anticoagulants. Fish oil, ginseng, and saw palmetto are not associated with bleeding. Evidence for overall bleeding risk associated with St. John's wort, ginger, ginkgo biloba, or cranberry supplementation is conflicting. In conclusion, physicians must be aware of the potential anticoagulant effects of these supplements. It is imperative to report dietary and herbal supplement usage to physicians and is best to discontinue nonessential supplement use 2 weeks prior to surgery.",,2022,Proceedings (Baylor University. Medical Center),Journal Article|Review,10.1016/j.mayocp.2020.08.016,https://pubmed.ncbi.nlm.nih.gov/36304597/,retain,true,abstract_only,ABSTRACT_SENTENCE_7,"In patients on anticoagulants, ginkgo biloba, chondroitin-glucosamine, melatonin, turmeric, bilberry, chamomile, fenugreek, milk thistle, and peppermint are associated with bleeding risk.",,These supplements can potentially alter bleeding and coagulation during surgery and when used concomitantly with anticoagulants. | Our objective was to provide a comprehensive review of the evidence of bleeding risks of the most popular herbal and dietary supplements. | We found that garlic and hawthorn supplementation is strongly associated with surgical bleeding independent of anticoagulants.,"In patients on anticoagulants, ginkgo biloba, chondroitin-glucosamine, melatonin, turmeric, bilberry, chamomile, fenugreek, milk thistle, and peppermint are associated with bleeding risk.","These supplements can potentially alter bleeding and coagulation during surgery and when used concomitantly with anticoagulants. | We found that garlic and hawthorn supplementation is strongly associated with surgical bleeding independent of anticoagulants. | Cordyceps sinensis, echinacea, and aloe vera are loosely associated with surgical bleeding independent of anticoagulants.",19002009,,,,not_observed,ai_screened_regex_confirmed
HRS5_ANTICOAGULATION,pubmed:22292789,pubmed,22292789,Herb-drug interactions and mechanistic and clinical considerations.,"Herbal medicines are often used in combination with conventional drugs, and this may give rise to the potential of harmful herb-drug interactions. This paper updates our knowledge on clinical herb-drug interactions with an emphasis of the mechanistic and clinical consideration. In silico, in vitro, animal and human studies are often used to predict and/or identify drug interactions with herbal remedies. To date, a number of clinically important herb-drug interactions have been reported, but many of them are from case reports and limited clinical observations. Common herbal medicines that interact with drugs include St John's wort (Hypericum perforatum), ginkgo (Ginkgo biloba), ginger (Zingiber officinale), ginseng (Panax ginseng), and garlic (Allium sativum). For example, St John's wort significantly reduced the area under the plasma concentration-time curve (AUC) and blood concentrations of cyclosporine, midazolam, tacrolimus, amitriptyline, digoxin, indinavir, warfarin, phenprocoumon and theophylline. The common drugs that interact with herbal medicines include warfarin, midazolam, digoxin, amitriptyline, indinavir, cyclosporine, tacrolimus and irinotecan. Herbal medicines may interact with drugs at the intestine, liver, kidneys, and targets of action. Importantly, many of these drugs have very narrow therapeutic indices. Most of them are substrates for cytochrome P450s (CYPs) and/or P-glycoprotein (P-gp). The underlying mechanisms for most reported herb-drug interactions are not fully understood, and pharmacokinetic and/or pharmacodynamic mechanisms are implicated in many of these interactions. In particular, enzyme induction and inhibition may play an important role in the occurrence of some herbdrug interactions. Because herb-drug interactions can significantly affect circulating levels of drug and, hence, alter the clinical outcome, the identification of herb-drug interactions has important implications.",,2012,Current drug metabolism,Journal Article|Review,10.2174/1389200211209050640,https://pubmed.ncbi.nlm.nih.gov/22292789/,retain,true,abstract_only,ABSTRACT_SENTENCE_13,"Because herb-drug interactions can significantly affect circulating levels of drug and, hence, alter the clinical outcome, the identification of herb-drug interactions has important implications.",,"Herbal medicines are often used in combination with conventional drugs, and this may give rise to the potential of harmful herb-drug interactions. | This paper updates our knowledge on clinical herb-drug interactions with an emphasis of the mechanistic and clinical consideration. | In silico, in vitro, animal and human studies are often used to predict and/or identify drug interactions with herbal remedies.","Because herb-drug interactions can significantly affect circulating levels of drug and, hence, alter the clinical outcome, the identification of herb-drug interactions has important implications.","For example, St John's wort significantly reduced the area under the plasma concentration-time curve (AUC) and blood concentrations of cyclosporine, midazolam, tacrolimus, amitriptyline, digoxin, indinavir, warfarin, phenprocoumon and theophylline. | The common drugs that interact with herbal medicines include warfarin, midazolam, digoxin, amitriptyline, indinavir, cyclosporine, tacrolimus and irinotecan.",18003005,,,,not_observed,ai_screened_regex_confirmed
HRS5_ANTICOAGULATION,pubmed:15916450,pubmed,15916450,Herb-drug interactions: a literature review.,"Herbs are often administered in combination with therapeutic drugs, raising the potential of herb-drug interactions. An extensive review of the literature identified reported herb-drug interactions with clinical significance, many of which are from case reports and limited clinical observations. Cases have been published reporting enhanced anticoagulation and bleeding when patients on long-term warfarin therapy also took Salvia miltiorrhiza (danshen). Allium sativum (garlic) decreased the area under the plasma concentration-time curve (AUC) and maximum plasma concentration of saquinavir, but not ritonavir and paracetamol (acetaminophen), in volunteers. A. sativum increased the clotting time and international normalised ratio of warfarin and caused hypoglycaemia when taken with chlorpropamide. Ginkgo biloba (ginkgo) caused bleeding when combined with warfarin or aspirin (acetylsalicylic acid), raised blood pressure when combined with a thiazide diuretic and even caused coma when combined with trazodone in patients. Panax ginseng (ginseng) reduced the blood concentrations of alcohol (ethanol) and warfarin, and induced mania when used concomitantly with phenelzine, but ginseng increased the efficacy of influenza vaccination. Scutellaria baicalensis (huangqin) ameliorated irinotecan-induced gastrointestinal toxicity in cancer patients.Piper methysticum (kava) increased the 'off' periods in patients with parkinsonism taking levodopa and induced a semicomatose state when given concomitantly with alprazolam. Kava enhanced the hypnotic effect of alcohol in mice, but this was not observed in humans. Silybum marianum (milk thistle) decreased the trough concentrations of indinavir in humans. Piperine from black (Piper nigrum Linn) and long (P. longum Linn) peppers increased the AUC of phenytoin, propranolol and theophylline in healthy volunteers and plasma concentrations of rifamipicin (rifampin) in patients with pulmonary tuberculosis. Eleutheroccus senticosus (Siberian ginseng) increased the serum concentration of digoxin, but did not alter the pharmacokinetics of dextromethorphan and alprazolam in humans. Hypericum perforatum (hypericum; St John's wort) decreased the blood concentrations of ciclosporin (cyclosporin), midazolam, tacrolimus, amitriptyline, digoxin, indinavir, warfarin, phenprocoumon and theophylline, but did not alter the pharmacokinetics of carbamazepine, pravastatin, mycophenolate mofetil and dextromethorphan. Cases have been reported where decreased ciclosporin concentrations led to organ rejection. Hypericum also caused breakthrough bleeding and unplanned pregnancies when used concomitantly with oral contraceptives. It also caused serotonin syndrome when used in combination with selective serotonin reuptake inhibitors (e.g. sertraline and paroxetine). In conclusion, interactions between herbal medicines and prescribed drugs can occur and may lead to serious clinical consequences. There are other theoretical interactions indicated by preclinical data. Both pharmacokinetic and/or pharmacodynamic mechanisms have been considered to play a role in these interactions, although the underlying mechanisms for the altered drug effects and/or concentrations by concomitant herbal medicines are yet to be determined. The clinical importance of herb-drug interactions depends on many factors associated with the particular herb, drug and patient. Herbs should be appropriately labeled to alert consumers to potential interactions when concomitantly used with drugs, and to recommend a consultation with their general practitioners and other medical carers.",,2005,Drugs,Journal Article|Review,10.2165/00003495-200565090-00005,https://pubmed.ncbi.nlm.nih.gov/15916450/,retain,true,abstract_only,ABSTRACT_SENTENCE_6,"Ginkgo biloba (ginkgo) caused bleeding when combined with warfarin or aspirin (acetylsalicylic acid), raised blood pressure when combined with a thiazide diuretic and even caused coma when combined with trazodone in patients.",,"Herbs are often administered in combination with therapeutic drugs, raising the potential of herb-drug interactions. | An extensive review of the literature identified reported herb-drug interactions with clinical significance, many of which are from case reports and limited clinical observations. | Cases have been published reporting enhanced anticoagulation and bleeding when patients on long-term warfarin therapy also took Salvia miltiorrhiza (danshen).","Ginkgo biloba (ginkgo) caused bleeding when combined with warfarin or aspirin (acetylsalicylic acid), raised blood pressure when combined with a thiazide diuretic and even caused coma when combined with trazodone in patients.","Cases have been published reporting enhanced anticoagulation and bleeding when patients on long-term warfarin therapy also took Salvia miltiorrhiza (danshen). | A. sativum increased the clotting time and international normalised ratio of warfarin and caused hypoglycaemia when taken with chlorpropamide. | Ginkgo biloba (ginkgo) caused bleeding when combined with warfarin or aspirin (acetylsalicylic acid), raised blood pressure when combined with a thiazide diuretic and even caused coma when combined with trazodone in patients.",17004009,,,,not_observed,ai_screened_regex_confirmed
HRS5_ANTICOAGULATION,pubmed:10902065,pubmed,10902065,Potential interactions between alternative therapies and warfarin.,"Potential and documented interactions between alternative therapy agents and warfarin are discussed. An estimated one third of adults in the United States use alternative therapies, including herbs. A major safety concern is potential interactions of alternative medicine products with prescription medications. This issue is especially important with respect to drugs with narrow therapeutic indexes, such as warfarin. Herbal products that may potentially increase the risk of bleeding or potentiate the effects of warfarin therapy include angelica root, arnica flower, anise, asafoetida, bogbean, borage seed oil, bromelain, capsicum, celery, chamomile, clove, fenugreek, feverfew, garlic, ginger ginkgo, horse chestnut, licorice root, lovage root, meadowsweet, onion, parsley, passionflower herb, poplar, quassia, red clover, rue, sweet clover, turmeric, and willow bark. Products that have been associated with documented reports of potential interactions with warfarin include coenzyme Q10, danshen, devil's claw, dong quai, ginseng, green tea, papain, and vitamin E. Interpretation of the available information on herb-warfarin interactions is difficult because nearly all of it is based on in vitro data, animal studies, or individual case reports. More study is needed to confirm and assess the clinical significance of these potential interactions. There is evidence that a wide range of alternative therapy products have the potential to interact with warfarin. Pharmacists and other health care professionals should question all patients about use of alternative therapies and report documented interactions to FDA's MedWatch program.",,2000,American journal of health-system pharmacy : AJHP : official journal of the American Society of Health-System Pharmacists,Journal Article|Review,,https://pubmed.ncbi.nlm.nih.gov/10902065/,retain,true,abstract_only,ABSTRACT_SENTENCE_6,"Products that have been associated with documented reports of potential interactions with warfarin include coenzyme Q10, danshen, devil's claw, dong quai, ginseng, green tea, papain, and vitamin E.",,"Potential and documented interactions between alternative therapy agents and warfarin are discussed. | A major safety concern is potential interactions of alternative medicine products with prescription medications. | Herbal products that may potentially increase the risk of bleeding or potentiate the effects of warfarin therapy include angelica root, arnica flower, anise, asafoetida, bogbean, borage seed oil, bromelain, capsicum, celery, chamomile, clove, fenugreek, feverfew, garlic, ginger ginkgo, horse chestnut, licorice root, lovage root, meadowsweet, onion, parsley, passionflower herb, poplar, quassia, red clover, rue, sweet clover, turmeric, and willow bark.","Products that have been associated with documented reports of potential interactions with warfarin include coenzyme Q10, danshen, devil's claw, dong quai, ginseng, green tea, papain, and vitamin E.","Potential and documented interactions between alternative therapy agents and warfarin are discussed. | This issue is especially important with respect to drugs with narrow therapeutic indexes, such as warfarin. | Herbal products that may potentially increase the risk of bleeding or potentiate the effects of warfarin therapy include angelica root, arnica flower, anise, asafoetida, bogbean, borage seed oil, bromelain, capsicum, celery, chamomile, clove, fenugreek, feverfew, garlic, ginger ginkgo, horse chestnut, licorice root, lovage root, meadowsweet, onion, parsley, passionflower herb, poplar, quassia, red clover, rue, sweet clover, turmeric, and willow bark.",17002007,,,,not_observed,ai_screened_regex_confirmed
HRS5_ANTICOAGULATION,pubmed:25233607,pubmed,25233607,Warfarin interactions with medicinal herbs.,"Recognition of the adverse effects of medicinal herbs is not routine and the reports on such effects are even less frequent in clinical practice. Potential herb-drug interactions are of a major safety concern, especially for drugs with narrow therapeutic indices like warfarin, which can lead to severe adverse reactions that are sometimes life-threatening. The interactions between warfarin and medicinal herbs described in the literature have been summarized in this paper relying on Medline database (via PubMed) using the key words: warfarin, herbal supplements and interactions. The references on the analyzed literature have been investigated in order to collect the existing data. The case reports with severe adverse effects such as spontaneous postoperative bleeding, formation of hematomas, hematemesis, melena, thrombosis, subarachnoid hemorrhage and/or subdural hematomas after concomitant use of warfarin and the medicinal herbs: Panax ginseng, Hypericum perforatum, Salvia milthiorizza, Gingko biloba, Serenoa repens, Angelica sinensis, Vaccinium species, Allium sativum, Zingiber officinale, Tanacetum parthenium, Lucium barbarum, Matricaria chamomilla, Boswellia serrata and Camellia sinensis have been estimated. Some of the interactions between warfarin and medicinal herbs have been well assessed proving that they are closely-dependent. The interactions between warfarin and medicinal herbs, not generally reported in previous reviews, are presented in our review. The health professionals who are involved in treating the patients are expected to be fully informed about the interactions between warfarin and medicinal herbs in order to minimize the health risks of the patients.",,2014,Natural product communications,"Journal Article|Research Support, Non-U.S. Gov't|Review",,https://pubmed.ncbi.nlm.nih.gov/25233607/,retain,true,abstract_only,ABSTRACT_SENTENCE_5,"The case reports with severe adverse effects such as spontaneous postoperative bleeding, formation of hematomas, hematemesis, melena, thrombosis, subarachnoid hemorrhage and/or subdural hematomas after concomitant use of warfarin and the medicinal herbs: Panax ginseng, Hypericum perforatum, Salvia milthiorizza, Gingko biloba, Serenoa repens, Angelica sinensis, Vaccinium species, Allium sativum, Zingiber officinale, Tanacetum parthenium, Lucium barbarum, Matricaria chamomilla, Boswellia serrata and Camellia sinensis have been estimated.",,"Recognition of the adverse effects of medicinal herbs is not routine and the reports on such effects are even less frequent in clinical practice. | Potential herb-drug interactions are of a major safety concern, especially for drugs with narrow therapeutic indices like warfarin, which can lead to severe adverse reactions that are sometimes life-threatening. | The interactions between warfarin and medicinal herbs described in the literature have been summarized in this paper relying on Medline database (via PubMed) using the key words: warfarin, herbal supplements and interactions.","The case reports with severe adverse effects such as spontaneous postoperative bleeding, formation of hematomas, hematemesis, melena, thrombosis, subarachnoid hemorrhage and/or subdural hematomas after concomitant use of warfarin and the medicinal herbs: Panax ginseng, Hypericum perforatum, Salvia milthiorizza, Gingko biloba, Serenoa repens, Angelica sinensis, Vaccinium species, Allium sativum, Zingiber officinale, Tanacetum parthenium, Lucium barbarum, Matricaria chamomilla, Boswellia serrata and Camellia sinensis have been estimated.","Potential herb-drug interactions are of a major safety concern, especially for drugs with narrow therapeutic indices like warfarin, which can lead to severe adverse reactions that are sometimes life-threatening. | The interactions between warfarin and medicinal herbs described in the literature have been summarized in this paper relying on Medline database (via PubMed) using the key words: warfarin, herbal supplements and interactions. | The case reports with severe adverse effects such as spontaneous postoperative bleeding, formation of hematomas, hematemesis, melena, thrombosis, subarachnoid hemorrhage and/or subdural hematomas after concomitant use of warfarin and the medicinal herbs: Panax ginseng, Hypericum perforatum, Salvia milthiorizza, Gingko biloba, Serenoa repens, Angelica sinensis, Vaccinium species, Allium sativum, Zingiber officinale, Tanacetum parthenium, Lucium barbarum, Matricaria chamomilla, Boswellia serrata and Camellia sinensis have been estimated.",17002007,,,,not_observed,ai_screened_regex_confirmed
HRS5_ANTICOAGULATION,pubmed:19719333,pubmed,19719333,Interactions between herbal medicines and prescribed drugs: an updated systematic review.,"The concomitant use of herbal medicines and pharmacotherapy is wide spread. We have reviewed the literature to determine the possible interactions between seven popular herbal medicines (ginkgo, St John's wort, ginseng, garlic, echinacea, saw palmetto and kava) and conventional drugs. Literature searches were performed using MEDLINE, Cochrane Library and EMBASE and we identified 128 case reports or case series, and 80 clinical trials. Clinical trials indicate that St John's wort (Hypericum perforatum), via cytochrome P450 (CYP) and/or P-glycoprotein induction, reduces the plasma concentrations (and/or increases the clearance) of alprazolam, amitriptyline, atorvastatin, chlorzoxazone, ciclosporin, debrisoquine, digoxin, erythromycin, fexofenadine, gliclazide, imatinib, indinavir, irinotecan, ivabradine, mephenytoin, methadone, midazolam, nifedipine, omeprazole, oral contraceptives, quazepam, simvastatin, tacrolimus, talinolol, verapamil, voriconazole and warfarin. Case reports or case series suggest interactions of St John's wort with adrenergic vasopressors, anaesthetics, bupropion, buspirone, ciclosporin, eletriptan, loperamide, nefazodone, nevirapine, oral contraceptives, paroxetine, phenprocoumon, prednisone, sertraline, tacrolimus, theophylline, tibolone, tryptophan, venlafaxine and warfarin. Ginkgo (Ginkgo biloba) decreases the plasma concentrations of omeprazole, ritonavir and tolbutamide. Clinical cases indicate interactions of ginkgo with antiepileptics, aspirin (acetylsalicylic acid), diuretics, ibuprofen, risperidone, rofecoxib, trazodone and warfarin. Ginseng (Panax ginseng) may interact with phenelzine and warfarin. Kava (Piper methysticum) increases the clearance of chlorzoxazone (a CYP2E1 substrate) and may interact with alprazolam, levodopa and paroxetine. Garlic (Allium sativum) interacts with chlorpropamide, fluindione, ritonavir and warfarin; it also reduces plasma concentrations of chlorzoxazone (a CYP2E1 probe). Echinacea might affect the clearance of caffeine (a CYP1A2 probe) and midazolam (a CYP3A4 probe). No interactions have been reported for saw palmetto (Serenoa repens). Numerous interactions between herbal medicines and conventional drugs have been documented. While the significance of many interactions is uncertain, several interactions, particularly those with St John's wort, may have serious clinical consequences.",,2009,Drugs,Journal Article|Systematic Review,10.2165/11317010-000000000-00000,https://pubmed.ncbi.nlm.nih.gov/19719333/,retain,true,abstract_only,ABSTRACT_SENTENCE_4,"Clinical trials indicate that St John's wort (Hypericum perforatum), via cytochrome P450 (CYP) and/or P-glycoprotein induction, reduces the plasma concentrations (and/or increases the clearance) of alprazolam, amitriptyline, atorvastatin, chlorzoxazone, ciclosporin, debrisoquine, digoxin, erythromycin, fexofenadine, gliclazide, imatinib, indinavir, irinotecan, ivabradine, mephenytoin, methadone, midazolam, nifedipine, omeprazole, oral contraceptives, quazepam, simvastatin, tacrolimus, talinolol, verapamil, voriconazole and warfarin.",,"We have reviewed the literature to determine the possible interactions between seven popular herbal medicines (ginkgo, St John's wort, ginseng, garlic, echinacea, saw palmetto and kava) and conventional drugs. | Case reports or case series suggest interactions of St John's wort with adrenergic vasopressors, anaesthetics, bupropion, buspirone, ciclosporin, eletriptan, loperamide, nefazodone, nevirapine, oral contraceptives, paroxetine, phenprocoumon, prednisone, sertraline, tacrolimus, theophylline, tibolone, tryptophan, venlafaxine and warfarin. | Clinical cases indicate interactions of ginkgo with antiepileptics, aspirin (acetylsalicylic acid), diuretics, ibuprofen, risperidone, rofecoxib, trazodone and warfarin.","Clinical trials indicate that St John's wort (Hypericum perforatum), via cytochrome P450 (CYP) and/or P-glycoprotein induction, reduces the plasma concentrations (and/or increases the clearance) of alprazolam, amitriptyline, atorvastatin, chlorzoxazone, ciclosporin, debrisoquine, digoxin, erythromycin, fexofenadine, gliclazide, imatinib, indinavir, irinotecan, ivabradine, mephenytoin, methadone, midazolam, nifedipine, omeprazole, oral contraceptives, quazepam, simvastatin, tacrolimus, talinolol, verapamil, voriconazole and warfarin.","Clinical trials indicate that St John's wort (Hypericum perforatum), via cytochrome P450 (CYP) and/or P-glycoprotein induction, reduces the plasma concentrations (and/or increases the clearance) of alprazolam, amitriptyline, atorvastatin, chlorzoxazone, ciclosporin, debrisoquine, digoxin, erythromycin, fexofenadine, gliclazide, imatinib, indinavir, irinotecan, ivabradine, mephenytoin, methadone, midazolam, nifedipine, omeprazole, oral contraceptives, quazepam, simvastatin, tacrolimus, talinolol, verapamil, voriconazole and warfarin. | Case reports or case series suggest interactions of St John's wort with adrenergic vasopressors, anaesthetics, bupropion, buspirone, ciclosporin, eletriptan, loperamide, nefazodone, nevirapine, oral contraceptives, paroxetine, phenprocoumon, prednisone, sertraline, tacrolimus, theophylline, tibolone, tryptophan, venlafaxine and warfarin. | Clinical cases indicate interactions of ginkgo with antiepileptics, aspirin (acetylsalicylic acid), diuretics, ibuprofen, risperidone, rofecoxib, trazodone and warfarin.",16004013,,,,not_observed,ai_screened_regex_confirmed
HRS5_ANTICOAGULATION,pubmed:11772128,pubmed,11772128,Interactions between herbal medicines and prescribed drugs: a systematic review.,"Despite the widespread use of herbal medicines, documented herb-drug interactions are sparse. We have reviewed the literature to determine the possible interactions between the seven top-selling herbal medicines (ginkgo, St John's wort, ginseng, garlic, echinacea, saw palmetto and kava) and prescribed drugs. Literature searches were performed using the following databases: Medline (via Pubmed), Cochrane Library, Embase and phytobase (all from their inception to July 2000). All data relating to herb-drug interactions were included regardless of whether they were based on case reports, case series, clinical trials or other types of investigation in humans. In vitro experiments were excluded. Data were extracted by the first author and validated by the second author. 41 case reports or case series and 17 clinical trials were identified. The results indicate that St John's wort (Hypericum perforatum) lowers blood concentrations of cyclosporin, amitriptyline, digoxin, indinavir, warfarin, phenprocoumon and theophylline; furthermore it causes intermenstrual bleeding, delirium or mild serotonin syndrome, respectively, when used concomitantly with oral contraceptives (ethinylestradiol/desogestrel), loperamide or selective serotonin-reuptake inhibitors (sertaline, paroxetine, nefazodone). Ginkgo (Ginkgo biloba) interactions include bleeding when combined with warfarin, raised blood pressure when combined with a thiazide diuretic and coma when combined with trazodone. Ginseng (Panax ginseng) lowers blood concentrations of alcohol and warfarin, and induces mania if used concomitantly with phenelzine. Garlic (Allium sativum) changes pharmacokinetic variables of paracetamol, decreases blood concentrations of warfarin and produces hypoglycaemia when taken with chlorpropamide. Kava (Piper methysticum) increases 'off' periods in Parkinson patients taking levodopa and can cause a semicomatose state when given concomitantly with alprazolam. No interactions were found for echinacea (Echinacea angustifolia, E. purpurea, E. pallida) and saw palmetto (Serenoa repens). In conclusion, interactions between herbal medicines and synthetic drugs exist and can have serious clinical consequences. Healthcare professionals should ask their patients about the use of herbal products and consider the possibility of herb-drug interactions.",,2001,Drugs,Journal Article|Systematic Review,10.2165/00003495-200161150-00002,https://pubmed.ncbi.nlm.nih.gov/11772128/,retain,true,abstract_only,ABSTRACT_SENTENCE_8,"The results indicate that St John's wort (Hypericum perforatum) lowers blood concentrations of cyclosporin, amitriptyline, digoxin, indinavir, warfarin, phenprocoumon and theophylline; furthermore it causes intermenstrual bleeding, delirium or mild serotonin syndrome, respectively, when used concomitantly with oral contraceptives (ethinylestradiol/desogestrel), loperamide or selective serotonin-reuptake inhibitors (sertaline, paroxetine, nefazodone).",,"Despite the widespread use of herbal medicines, documented herb-drug interactions are sparse. | We have reviewed the literature to determine the possible interactions between the seven top-selling herbal medicines (ginkgo, St John's wort, ginseng, garlic, echinacea, saw palmetto and kava) and prescribed drugs. | All data relating to herb-drug interactions were included regardless of whether they were based on case reports, case series, clinical trials or other types of investigation in humans.","The results indicate that St John's wort (Hypericum perforatum) lowers blood concentrations of cyclosporin, amitriptyline, digoxin, indinavir, warfarin, phenprocoumon and theophylline; furthermore it causes intermenstrual bleeding, delirium or mild serotonin syndrome, respectively, when used concomitantly with oral contraceptives (ethinylestradiol/desogestrel), loperamide or selective serotonin-reuptake inhibitors (sertaline, paroxetine, nefazodone).","The results indicate that St John's wort (Hypericum perforatum) lowers blood concentrations of cyclosporin, amitriptyline, digoxin, indinavir, warfarin, phenprocoumon and theophylline; furthermore it causes intermenstrual bleeding, delirium or mild serotonin syndrome, respectively, when used concomitantly with oral contraceptives (ethinylestradiol/desogestrel), loperamide or selective serotonin-reuptake inhibitors (sertaline, paroxetine, nefazodone). | Ginkgo (Ginkgo biloba) interactions include bleeding when combined with warfarin, raised blood pressure when combined with a thiazide diuretic and coma when combined with trazodone. | Ginseng (Panax ginseng) lowers blood concentrations of alcohol and warfarin, and induces mania if used concomitantly with phenelzine.",16003017,,,,not_observed,ai_screened_regex_confirmed
HRS5_ANTICOAGULATION,pubmed:21919844,pubmed,21919844,Clinical herbal interactions with conventional drugs: from molecules to maladies.,"Clinical studies and case reports have identified a number of herb-drug interactions potentiated by the concurrent use of herbal medicines with prescription drugs. The purpose of this paper is to discuss the mechanisms and clinical implications of such herb-drug interactions by reviewing published human studies. Both pharmacokinetic and pharmacodynamic components may be involved in herbdrug interactions, although metabolic induction or inhibition is a common underlying mechanism for many herb-drug interactions. Drugs that have a high potential to interact with herbal medicines usually have a narrow therapeutic index, including warfarin, digoxin, cyclosporine, tacrolimus, amitriptyline, midazolam, indinavir, and irinotecan. Many of them are substrates of cytochrome P450s (CYPs) and/or P-glycoprotein (P-gp). Herbal medicines that are reported to interact with drugs include garlic (Allium sativum), ginger (Zingiber officinale), ginkgo (Ginkgo biloba), ginseng (Panax ginseng), and St. John's wort (Hypericum perforatum). For example, garlic has been shown to increase the clotting time and international normalized ratio (INR) of warfarin, cause hypoglycaemia when taken with chlorpropamide, and reduce the area under the plasma concentration-time curve (AUC) and maximum concentration of saquinavir in humans. Similarly, case reports have demonstrated that ginkgo may potentiate bleeding when combined with warfarin or aspirin, increases blood pressure when combined with thiazide diuretics, and has even led to a coma when combined with trazodone, a serotonin antagonist and reuptake inhibitor used to treat depression. Furthermore, ginseng reduced the blood levels of warfarin and alcohol as well as induced mania if taken concomitantly with phenelzine, a non-selective and irreversible monoamine oxidase inhibitor used as an antidepressant and anxiolytic agent. Lastly, multiple herb-drug interactions have been identified with St. John's wort that involve significantly reduced AUC and blood concentrations of warfarin, digoxin, indinavir, theophylline, cyclosporine, tacrolimus, amitriptyline, midazolam, and phenprocoumon. The clinical consequence of herb-drug interactions varies, from being well-tolerated to moderate or serious adverse reactions, or possibly life-threatening events. Undoubtedly, the early and timely identification of herb-drug interactions is imperative to prevent potentially dangerous clinical outcomes. Further well-designed studies are warranted to address the mechanisms and clinical significance of important herb-drug interactions.",,2011,Current medicinal chemistry,Journal Article|Review,10.2174/092986711797535317,https://pubmed.ncbi.nlm.nih.gov/21919844/,retain,true,abstract_only,ABSTRACT_SENTENCE_8,"For example, garlic has been shown to increase the clotting time and international normalized ratio (INR) of warfarin, cause hypoglycaemia when taken with chlorpropamide, and reduce the area under the plasma concentration-time curve (AUC) and maximum concentration of saquinavir in humans.",,"Clinical studies and case reports have identified a number of herb-drug interactions potentiated by the concurrent use of herbal medicines with prescription drugs. | The purpose of this paper is to discuss the mechanisms and clinical implications of such herb-drug interactions by reviewing published human studies. | Both pharmacokinetic and pharmacodynamic components may be involved in herbdrug interactions, although metabolic induction or inhibition is a common underlying mechanism for many herb-drug interactions.","For example, garlic has been shown to increase the clotting time and international normalized ratio (INR) of warfarin, cause hypoglycaemia when taken with chlorpropamide, and reduce the area under the plasma concentration-time curve (AUC) and maximum concentration of saquinavir in humans.","Drugs that have a high potential to interact with herbal medicines usually have a narrow therapeutic index, including warfarin, digoxin, cyclosporine, tacrolimus, amitriptyline, midazolam, indinavir, and irinotecan. | For example, garlic has been shown to increase the clotting time and international normalized ratio (INR) of warfarin, cause hypoglycaemia when taken with chlorpropamide, and reduce the area under the plasma concentration-time curve (AUC) and maximum concentration of saquinavir in humans. | Similarly, case reports have demonstrated that ginkgo may potentiate bleeding when combined with warfarin or aspirin, increases blood pressure when combined with thiazide diuretics, and has even led to a coma when combined with trazodone, a serotonin antagonist and reuptake inhibitor used to treat depression.",16003005,,,,not_observed,ai_screened_regex_confirmed
HRS5_ANTICOAGULATION,pubmed:20617421,pubmed,20617421,Antithrombotic effects of naturally derived products on coagulation and platelet function.,"To date, there have been few systematic studies of the antiplatelet and/or anticoagulant effects of natural products. According to the Natural Medicines Comprehensive Database, approximately 180 dietary supplements have the potential to interact with warfarin, and more than 120 may interact with aspirin, clopidogrel, and dipyridamole. These include anise and dong quai (anticoagulant effects); omega 3-fatty acids in fish oil, ajoene in garlic, ginger, ginko, and vitamin E (antiplatelet properties); fucus (heparin-like activity); danshen (antithrombin III-like activity and anticoagulant bioavailability); and St. John's Wort and American Ginseng (interference with drug metabolism). Other supplements, such as high doses of vitamin E (vitamin K antagonist activity), alfalfa (high-vitamin K content), and coenzyme Q10 (vitamin K-like activity), may affect blood clotting, which is dependent on vitamin K. Studies are needed to understand the role of various dietary supplements in thrombosis and their interactions with standard anticoagulants and antiplatelet drugs.",,2010,"Methods in molecular biology (Clifton, N.J.)",Journal Article|Review,10.1007/978-1-60761-803-4_9,https://pubmed.ncbi.nlm.nih.gov/20617421/,retain,true,abstract_only,ABSTRACT_SENTENCE_3,"These include anise and dong quai (anticoagulant effects); omega 3-fatty acids in fish oil, ajoene in garlic, ginger, ginko, and vitamin E (antiplatelet properties); fucus (heparin-like activity); danshen (antithrombin III-like activity and anticoagulant bioavailability); and St.",,"To date, there have been few systematic studies of the antiplatelet and/or anticoagulant effects of natural products. | These include anise and dong quai (anticoagulant effects); omega 3-fatty acids in fish oil, ajoene in garlic, ginger, ginko, and vitamin E (antiplatelet properties); fucus (heparin-like activity); danshen (antithrombin III-like activity and anticoagulant bioavailability); and St. | Studies are needed to understand the role of various dietary supplements in thrombosis and their interactions with standard anticoagulants and antiplatelet drugs.","These include anise and dong quai (anticoagulant effects); omega 3-fatty acids in fish oil, ajoene in garlic, ginger, ginko, and vitamin E (antiplatelet properties); fucus (heparin-like activity); danshen (antithrombin III-like activity and anticoagulant bioavailability); and St.","To date, there have been few systematic studies of the antiplatelet and/or anticoagulant effects of natural products. | According to the Natural Medicines Comprehensive Database, approximately 180 dietary supplements have the potential to interact with warfarin, and more than 120 may interact with aspirin, clopidogrel, and dipyridamole. | These include anise and dong quai (anticoagulant effects); omega 3-fatty acids in fish oil, ajoene in garlic, ginger, ginko, and vitamin E (antiplatelet properties); fucus (heparin-like activity); danshen (antithrombin III-like activity and anticoagulant bioavailability); and St.",15007005,,,,not_observed,ai_screened_regex_confirmed
HRS5_ANTICOAGULATION,pubmed:33624893,pubmed,33624893,A systematic review of possible interactions for herbal medicines and dietary supplements used concomitantly with disease-modifying or symptom-alleviating multiple sclerosis drugs.,"Multiple Sclerosis (MS) is a demyelinating disease affecting the central nervous system, with no curative medicine available. The use of herbal drugs and dietary supplements is increasing among people with MS (PwMS), raising a need for knowledge about potential interactions between conventional MS medicine and herbal drugs/dietary supplements. This systematic review provides information about the safety of simultaneous use of conventional MS-drugs and herbal drugs frequently used by PwMS. The study included 14 selected disease-modifying treatments and drugs frequently used for symptom-alleviation. A total of 129 published papers found via PubMed and Web of Science were reviewed according to defined inclusion- and exclusion criteria. Findings suggested that daily recommended doses of Panax ginseng and Ginkgo biloba should not be exceeded, and herbal preparations differing from standardized products should be avoided, especially when combined with anticoagulants or substrates of certain cytochrome P450 isoforms. Further studies are required regarding ginseng's ability to increase aspirin bioavailability. Combinations between chronic cannabis use and selective serotonin reuptake inhibitors or non-steroidal antiinflammatory drugs should be carefully monitored, whereas no significant evidence for drug-interactions between conventional MS-drugs and ginger, cranberry, vitamin D, fatty acids, turmeric, probiotics or glucosamine was found.",,2021,Phytotherapy research : PTR,Journal Article|Systematic Review,10.1002/ptr.7050,https://pubmed.ncbi.nlm.nih.gov/33624893/,retain,true,abstract_only,ABSTRACT_SENTENCE_8,"Combinations between chronic cannabis use and selective serotonin reuptake inhibitors or non-steroidal antiinflammatory drugs should be carefully monitored, whereas no significant evidence for drug-interactions between conventional MS-drugs and ginger, cranberry, vitamin D, fatty acids, turmeric, probiotics or glucosamine was found.",,"The use of herbal drugs and dietary supplements is increasing among people with MS (PwMS), raising a need for knowledge about potential interactions between conventional MS medicine and herbal drugs/dietary supplements. | Findings suggested that daily recommended doses of Panax ginseng and Ginkgo biloba should not be exceeded, and herbal preparations differing from standardized products should be avoided, especially when combined with anticoagulants or substrates of certain cytochrome P450 isoforms. | Combinations between chronic cannabis use and selective serotonin reuptake inhibitors or non-steroidal antiinflammatory drugs should be carefully monitored, whereas no significant evidence for drug-interactions between conventional MS-drugs and ginger, cranberry, vitamin D, fatty acids, turmeric, probiotics or glucosamine was found.","Combinations between chronic cannabis use and selective serotonin reuptake inhibitors or non-steroidal antiinflammatory drugs should be carefully monitored, whereas no significant evidence for drug-interactions between conventional MS-drugs and ginger, cranberry, vitamin D, fatty acids, turmeric, probiotics or glucosamine was found.","Findings suggested that daily recommended doses of Panax ginseng and Ginkgo biloba should not be exceeded, and herbal preparations differing from standardized products should be avoided, especially when combined with anticoagulants or substrates of certain cytochrome P450 isoforms.",13002013,,,,not_observed,ai_screened_regex_confirmed
HRS5_ANTICOAGULATION,pubmed:22670731,pubmed,22670731,Herb-drug interactions: an overview of systematic reviews.,"OBJECTIVES: The aim of this overview of systematic reviews (SRs) is to evaluate critically the evidence regarding interactions between herbal medicinal products (HMPs) and synthetic drugs. METHODS: Four electronic databases were searched to identify relevant SRs. RESULTS: Forty-six SRs of 46 different HMPs met our inclusion criteria. The vast majority of SRs were of poor methodological quality. The majority of these HMPs were not associated with severe herb-drug interactions. Serious herb-drug interactions were noted for Hypericum perforatum and Viscum album. The most severe interactions resulted in transplant rejection, delayed emergence from anaesthesia, cardiovascular collapse, renal and liver toxicity, cardiotoxicity, bradycardia, hypovolaemic shock, inflammatory reactions with organ fibrosis and death. Moderately severe interactions were noted for Ginkgo biloba, Panax ginseng, Piper methysticum, Serenoa repens and Camellia sinensis. The most commonly interacting drugs were antiplatelet agents and anticoagulants. CONCLUSION: The majority of the HMPs evaluated in SRs were not associated with drug interactions with serious consequences. However, the poor quality and the scarcity of the primary data prevent firm conclusions.",,2013,British journal of clinical pharmacology,Journal Article|Review,10.1111/j.1365-2125.2012.04350.x,https://pubmed.ncbi.nlm.nih.gov/22670731/,retain,true,abstract_only,ABSTRACT_SENTENCE_7,"The most severe interactions resulted in transplant rejection, delayed emergence from anaesthesia, cardiovascular collapse, renal and liver toxicity, cardiotoxicity, bradycardia, hypovolaemic shock, inflammatory reactions with organ fibrosis and death.",,OBJECTIVES: The aim of this overview of systematic reviews (SRs) is to evaluate critically the evidence regarding interactions between herbal medicinal products (HMPs) and synthetic drugs. | The majority of these HMPs were not associated with severe herb-drug interactions. | Serious herb-drug interactions were noted for Hypericum perforatum and Viscum album.,"The most severe interactions resulted in transplant rejection, delayed emergence from anaesthesia, cardiovascular collapse, renal and liver toxicity, cardiotoxicity, bradycardia, hypovolaemic shock, inflammatory reactions with organ fibrosis and death.",The most commonly interacting drugs were antiplatelet agents and anticoagulants.,13002009,,,,not_observed,ai_screened_regex_confirmed
HRS5_ANTICOAGULATION,pubmed:25839871,pubmed,25839871,The influence of herbal medicine on platelet function and coagulation: a narrative review.,"Cardiovascular disease (CVD) is the leading cause of death worldwide. Platelet activation and aggregation play a central role in hemostasis and thrombosis. Herbal medicines have been traditionally used in the management of CVD and can play a role in modifying CVD progression, particularly in platelet function, and have the potential of altering platelet function tests, as well as some coagulation parameters. Herbal medicines, such as feverfew, garlic, ginger, ginseng, motherwort, St John's wort, and willow bark, were found to reduce platelet aggregation. In vitro studies show promise in the reduction of platelet aggregation for Andrographis, feverfew, garlic, ginger, Ginkgo, ginseng, hawthorn, horse chestnut, and turmeric. In addition, cranberry, danshen, dong quai, Ginkgo, ginseng, green tea, and St John's wort were found to have potential interactions with warfarin. Furthermore, St John's wort interacted with clopidogrel and danshen with aspirin. Therefore, repeat testing of platelet function and coagulation studies, particularly for patients on warfarin therapy, may be required after exclusion of herbal medicines that could have possibly affected initial test results.",,2015,Seminars in thrombosis and hemostasis,Journal Article|Review,10.1055/s-0035-1549089,https://pubmed.ncbi.nlm.nih.gov/25839871/,retain,true,abstract_only,ABSTRACT_SENTENCE_8,"Therefore, repeat testing of platelet function and coagulation studies, particularly for patients on warfarin therapy, may be required after exclusion of herbal medicines that could have possibly affected initial test results.",,"Platelet activation and aggregation play a central role in hemostasis and thrombosis. | Herbal medicines have been traditionally used in the management of CVD and can play a role in modifying CVD progression, particularly in platelet function, and have the potential of altering platelet function tests, as well as some coagulation parameters. | In addition, cranberry, danshen, dong quai, Ginkgo, ginseng, green tea, and St John's wort were found to have potential interactions with warfarin.","Therefore, repeat testing of platelet function and coagulation studies, particularly for patients on warfarin therapy, may be required after exclusion of herbal medicines that could have possibly affected initial test results.","In addition, cranberry, danshen, dong quai, Ginkgo, ginseng, green tea, and St John's wort were found to have potential interactions with warfarin. | Therefore, repeat testing of platelet function and coagulation studies, particularly for patients on warfarin therapy, may be required after exclusion of herbal medicines that could have possibly affected initial test results.",13002009,,,,not_observed,ai_screened_regex_confirmed
HRS5_ANTICOAGULATION,pubmed:31721714,pubmed,31721714,"Herbal Medicine of the 21st Century: A Focus on the Chemistry, Pharmacokinetics and Toxicity of Five Widely Advocated Phytotherapies.","Widely advocated for their health benefits worldwide, herbal medicines (HMs) have evolved into a billion dollar generating industry. Much is known regarding their wellness inducing properties, prophylactic and therapeutic benefits for the relief of both minor to chronic ailment conditions given their long-standing use among various cultures worldwide. On the other hand, their equally meaningful chemistry, pharmacokinetic profile in humans, interaction and toxicity profile have been poorly researched and documented. Consequently, this review is an attempt to highlight the health benefits, pharmacokinetics, interaction, and toxicity profile of five globally famous HMs. A systematic literature search was conducted by browsing major scientific databases such as Bentham Science, SciFinder, ScienceDirect, PubMed, Google Scholar and EBSCO to include 196 articles. In general, ginsenosides, glycyrrhizin and curcumin demonstrate low bioavailability when orally administered. Ginkgo biloba L. induces both CYP3A4 and CYP2C9 and alters the AUC and Cmax of conventional medications including midazolam, tolbutamide, lopinavir and nifedipine. Ginsenosides Re stimulates CYP2C9, decreasing the anticoagulant activity of warfarin. Camellia sinensis (L.) Kuntze increases the bioavailability of buspirone and is rich in vitamin K thereby inhibiting the activity of anticoagulant agents. Glycyrrhiza glabra L. displaces serum bound cardiovascular drugs such as diltiazem, nifedipine and verapamil. Herbal medicine can directly affect hepatocytes leading to hepatoxicity based on both intrinsic and extrinsic factors. The potentiation of the activity of concurrently administered conventional agents is potentially lethal especially if the drugs bear dangerous side effects and have a low therapeutic window.",,2019,Current topics in medicinal chemistry,Historical Article|Journal Article|Review,10.2174/1568026619666191112121330,https://pubmed.ncbi.nlm.nih.gov/31721714/,retain,true,abstract_only,ABSTRACT_SENTENCE_3,"On the other hand, their equally meaningful chemistry, pharmacokinetic profile in humans, interaction and toxicity profile have been poorly researched and documented.",,"On the other hand, their equally meaningful chemistry, pharmacokinetic profile in humans, interaction and toxicity profile have been poorly researched and documented. | Consequently, this review is an attempt to highlight the health benefits, pharmacokinetics, interaction, and toxicity profile of five globally famous HMs. | Ginsenosides Re stimulates CYP2C9, decreasing the anticoagulant activity of warfarin.","On the other hand, their equally meaningful chemistry, pharmacokinetic profile in humans, interaction and toxicity profile have been poorly researched and documented.","Ginsenosides Re stimulates CYP2C9, decreasing the anticoagulant activity of warfarin. | Camellia sinensis (L.) Kuntze increases the bioavailability of buspirone and is rich in vitamin K thereby inhibiting the activity of anticoagulant agents.",12003009,,,,not_observed,ai_screened_regex_confirmed
HRS5_ANTICOAGULATION,pubmed:22300597,pubmed,22300597,Anticoagulant activity of select dietary supplements.,"This review considers the potential of certain dietary supplements, including garlic, Ginkgo biloba, ginger, ginseng, fish oil, and vitamin E, to interfere with hemostasis. Dietary supplements are common components of the diet in the United States, with about half the US adult population taking some type of dietary supplement regularly. It has been suggested that some supplements could adversely affect coagulation when taken alone or in combination with antiplatelet medications. Supplements could alter hemostasis by a variety of mechanisms, such as reducing platelet aggregation or inhibiting arachidonic acid, a cellular signaling messenger and inflammatory intermediate. To conduct this review, multiple databases were searched using a variety of search terms to ensure relevant papers were located. Moderate to severe adverse events, such as spinal epidural hematoma, spontaneous intracerebral hemorrhage, retrobulbar hemorrhage, subarachnoid hemorrhage, spontaneous hyphema, and postoperative bleeding, have occasionally been anecdotally associated with consumption of dietary supplements. However, the number of controlled studies in the literature is too limited to demonstrate consistent anticoagulant effects of dietary supplements alone or in combination with drug therapy.",,2012,Nutrition reviews,"Journal Article|Research Support, Non-U.S. Gov't|Review",10.1111/j.1753-4887.2011.00444.x,https://pubmed.ncbi.nlm.nih.gov/22300597/,retain,true,abstract_only,ABSTRACT_SENTENCE_6,"Moderate to severe adverse events, such as spinal epidural hematoma, spontaneous intracerebral hemorrhage, retrobulbar hemorrhage, subarachnoid hemorrhage, spontaneous hyphema, and postoperative bleeding, have occasionally been anecdotally associated with consumption of dietary supplements.",,"It has been suggested that some supplements could adversely affect coagulation when taken alone or in combination with antiplatelet medications. | Moderate to severe adverse events, such as spinal epidural hematoma, spontaneous intracerebral hemorrhage, retrobulbar hemorrhage, subarachnoid hemorrhage, spontaneous hyphema, and postoperative bleeding, have occasionally been anecdotally associated with consumption of dietary supplements. | However, the number of controlled studies in the literature is too limited to demonstrate consistent anticoagulant effects of dietary supplements alone or in combination with drug therapy.","Moderate to severe adverse events, such as spinal epidural hematoma, spontaneous intracerebral hemorrhage, retrobulbar hemorrhage, subarachnoid hemorrhage, spontaneous hyphema, and postoperative bleeding, have occasionally been anecdotally associated with consumption of dietary supplements.","However, the number of controlled studies in the literature is too limited to demonstrate consistent anticoagulant effects of dietary supplements alone or in combination with drug therapy.",12001009,,,,not_observed,ai_screened_regex_confirmed
