20301300
20301352
20301427
20301428
20301523
20301543
20301578
20301613
20301668
20301722
20301765
26247088
28771291
30000845
30000923
30422554
30570992
30860735
31364414
31919102
32105133
32390696
32393075
32478626
32568817
32691284
32691285
32762264
32781911
32888828
32935643
32965816
32965866
32990762
33010179
33021547
33143445
33143761
33167730
33239324
33245709
33247374
33250398
33256427
33267590
33270879
33277203
33306494
33326351
33342276
33349544
33356609
33371722
33420580
33432829
33433071
33434654
33450748
33468367
33538844
33544063
33547191
33560105
33560170
33583767
33638273
33661471
33666686
33709661
33711820
33712995
33719687
33725178
33731363
33735517
33757398
33783312
33792511
33834515
33853457
33856381
33861386
33902987
33950780
33962817
33964104
33970698
33977797
33988470
33998353
34010402
34032906
34034598
34043109
34044458
34047646
34059194
34060412
34061321
34074896
34092191
34096829
34097649
34099425
34100344
34102902
34105921
34117529
34128302
34130300
34134947
34152620
34158133
34161952
34162225
34165625
34173254
34176651
34212488
34213820
34213957
34229590
34233016
34242131
34253875
34259940
34266721
34283363
34284645
34291553
34293999
34294572
34302218
34308735
34309341
34309681
34309701
34312086
34312869
34315242
34315297
34315686
34331346
34334219
34337820
34338607
34338624
34346337
34353994
34370392
34374852
34378017
34378328
34379221
34387721
34389498
34396816
34396906
34398464
34406410
34411017
34411239
34414856
34415492
34416296
34417883
34423891
34424332
34427741
34433587
34435369
34435735
34453505
34455972
34459959
34459976
34463139
34467579
34472155
34472598
34474125
34474497
34480301
34487232
34487321
34491302
34496266
34498362
34499963
34508802
34510395
34520590
34521087
34521264
34528235
34528345
34528495
34532772
34535372
34536323
34543711
34544226
34545524
34551882
34553613
34553631
34553633
34559371
34561773
34562596
34563465
34564812
34565321
34570306
34581816
34591752
34592627
34593687
34598867
34609004
34610129
34611718
34612533
34617558
34619992
34620005
34623042
34626997
34632933
34637969
34642104
34648061
34649478
34649820
34652301
34653778
34656411
34657737
34658139
34658149
34662057
34669318
34669553
34671932
34674779
34675393
34676601
34686938
34687725
34689978
34694492
34698424
34700257
34702603
34704121
34704321
34708436
34710037
34711410
34713984
34715166
34716043
34716106
34718619
34726559
34727512
34731434
34736255
34736837
34737019
34738623
34744070
34747516
34748169
34748460
34748862
34748918
34749356
34749403
34753328
34753695
34757591
34758243
34758667
34764014
34766845
34767083
34772600
34773603
34773920
34774720
34775182
34775581
34775653
34780728
34781409
34782961
34783279
34783575
34783683
34785078
34797954
34799812
34801895
34808286
34808554
34809518
34812980
34814072
34815548
34816366
34818985
34823037
34823989
34825768
34826520
34826634
34836738
34836766
34837121
34837226
34837343
34838548
34838689
34839038
34839455
34842975
34843864
34844500
34846267
34846788
34847494
34854214
34857131
34859459
34861125
34871765
34872476
34874522
34875348
34877759
34878437
34886693
34886695
34886711
34886714
34886746
34888663
34889871
34890260
34890292
34892981
34892984
34893940
34894768
34894771
34896648
34898358
34903440
34904911
34904972
34905993
34907924
34913150
34915341
34915484
34918967
34919684
34920437
34921649
34923098
34928192
34929338
34934425
34935393
34936479
34936508
34936988
34937821
34938368
34939176
34939323
34942503
34951130
34952764
34952800
34953112
34954940
34955035
34955380
34958454
34959245
34961338
34961401
34961684
34961686
34963032
34963156
34963648
34966997
34968969
34969612
34969619
34972540
34973469
34974987
34979906
34980778
34980887
34981227
34981263
34982396
34983374
34983484
34983588
34984493
34984951
34986477
34988595
34989995
34991689
34993568
34995006
34995124
34995747
34995935
34997185
34997281
34997340
34999594
35000304
35001487
35001833
35005042
35008979
35012842
35013033
35013518
35013880
35016152
35016190
35016594
35017197
35017461
35018808
35019142
35020572
35024980
35025150
35025151
35025153
35025156
35025157
35025163
35026378
35027078
35027684
35027935
35028961
35029874
35029904
35031667
35032590
35032698
35033397
35033808
35033811
35033946
35033983
35034504
35035647
35036166
35037130
35037701
35037744
35039190
35043693
35043697
35044031
35044712
35044840
35045308
35046008
35046893
35047523
35048239
35048241
35048324
35048495
35048578
35048993
35049249
35049439
35050004
35050891
35050943
35054087
35054948
35057498
35057505
35057522
35057706
35060512
35061057
35061143
35061685
35062007
35062076
35062870
35063002
35063205
35063897
35064286
35064654
35065888
35067532
35069559
35069978
35071309
35072351
35072533
35073681
35074319
35075365
35076877
35077829
35077888
35078678
35079800
35079831
35080048
35080684
35081380
35081550
35081577
35081648
35082670
35083729
35085018
35085025
35085374
35086430
35087113
35087616
35087621
35087783
35088093
35088388
35089107
35089213
35089215
35089293
35091013
35091269
35091321
35092751
35092864
35092875
35093535
35093596
35094240
35096102
35096130
35098241
35098299
35098593
35098595
35100251
35100605
35100811
35101079
35101369
35102136
35104463
35104815
35107785
35108491
35110472
35112323
35112647
35114058
35114975
35115050
35115059
35116029
35118592
35120104
35120140
35120806
35121062
35123284
35123911
35124475
35124863
35126359
35126843
35128863
35128864
35128865
35128867
35128869
35128870
35128871
35129441
35129465
35129852
35130596
35130979
35131685
35132324
35132352
35133899
35134072
35134471
35134798
35134855
35136052
35136417
35138066
35138669
35139492
35140616
35141746
35144136
35144413
35144429
35144662
35144886
35146993
35147118
35147170
35147925
35148750
35148773
35148901
35149169
35151709
35152573
35152576
35152577
35152581
35152582
35152586
35152591
35152592
35153056
35154560
35154573
35155679
35156423
35156651
35156875
35157899
35158381
35159569
35162891
35163021
35165681
35165693
35166593
35168387
35169834
35170124
35170379
35171041
35173854
35174644
35177294
35178363
35178921
35178924
35178940
35179079
35179294
35179410
35179756
35180148
35181044
35181234
35182668
35183993
35185148
35186100
35187010
35187675
35187750
35189173
35189385
35189428
35189736
35190007
35190952
35191177
35191271
35192187
35193903
35194646
35195339
35196184
35196310
35196889
35197129
35200136
35201554
35202009
35202010
35203349
35204215
35204301
35205965
35206479
35208543
35208624
35210005
35211240
35211587
35212312
35212645
35213065
35213351
35213902
35215386
35215422
35215513
35216533
35218450
35218617
35218618
35218619
35218620
35218621
35218623
35218624
35218631
35219104
35219329
35219625
35219821
35220273
35220494
35222011
35222419
35222888
35223513
35223984
35224702
35225036
35225182
35226080
35226143
35226967
35227535
35227556
35227653
35227658
35228344
35229627
35229660
35229697
35229748
35230543
35230998
35231076
35232229
35232269
35232647
35234663
35235612
35235712
35235837
35236996
35237015
35238492
35238614
35239687
35240122
35240281
35240298
35240891
35241043
35241130
35241146
35241333
35241463
35241732
35242375
35242455
35243583
35243603
35243637
35244070
35244082
35245316
35245577
35245922
35246396
35247847
35247974
35248678
35248721
35248847
35250579
35253335
35253505
35253567
35255784
35255934
35256247
35258042
35258777
35259032
35259444
35260147
35260302
35261279
35262809
35263033
35263307
35263676
35263973
35264637
35264876
35265334
35267894
35269441
35270582
35271662
35272269
35272399
35272400
35272407
35272408
35272410
35272413
35272418
35273710
35273736
35273801
35274499
35274996
35275769
35276762
35276939
35276977
35278616
35279331
35280513
35282494
35282806
35282946
35283042
35283258
35285010
35285195
35285439
35286041
35286282
35286465
35286652
35286947
35287643
35287676
35288062
35288332
35288936
35289396
35290181
35290228
35291929
35292606
35293348
35294211
35294962
35298981
35299213
35300564
35300568
35300921
35301664
35302258
35302551
35303193
35303370
35303598
35303841
35304019
35304090
35306980
35310583
35312027
35312785
35313414
35314522
35315624
35316858
35317180
35317870
35318562
35318944
35319303
35319370
35319834
35319837
35319838
35319840
35319844
35320426
35321163
35322369
35322982
35324506
35324666
35326785
35328780
35331483
35331875
35331878
35333828
35334605
35338627
35339101
35339251
35339529
35339642
35341011
35341415
35342125
35343161
35344120
35344313
35345661
35345725
35346826
35347418
35348726
35348825
35348829
35348943
35349573
35349908
35350100
35350656
35352269
35352691
35353347
35354583
35356947
35357106
35357432
35359747
35360485
35360507
35361188
35362679
35362928
35364298
35367109
35368758
35368912
35370714
35372118
35377129
35377461
35377929
35378015
35379618
35380733
35380988
35382835
35383339
35383619
35383966
35383975
35384365
35385419
35385968
35386119
35387559
35387714
35389158
35391753
35392154
35392749
35392839
35394798
35394895
35395764
35396282
35397656
35398501
35399423
35400330
35400349
35400713
35401190
35401582
35402612
35402613
35403395
35403400
35403401
35403929
35404458
35406085
35406101
35407186
35409026
35410256
35410721
35411878
35412218
35412384
35413106
35413228
35413819
35413861
35414342
35415769
35415797
35416841
35417778
35417958
35419696
35419957
35420679
35421770
35421986
35425517
35426325
35426408
35426646
35426735
35426737
35428615
35429083
35431160
35431932
35432371
35434108
35434141
35434950
35435039
35435070
35435116
35435595
35437025
35437029
35437620
35437850
35438022
35438033
35439354
35439545
35439753
35439754
35442554
35442771
35444541
35445613
35445989
35446521
35447904
35448979
35449809
35450987
35451180
35451393
35451408
35453007
35453118
35453280
35453306
35453460
35453603
35458234
35458783
35459599
35460037
35460340
35460707
35461237
35461259
35462545
35463486
35463630
35464009
35466868
35467267
35467300
35469251
35469444
35469829
35470006
35470195
35470234
35470909
35471764
35471925
35472034
35473347
35475376
35475793
35475802
35475975
35475976
35477483
35477695
35478307
35478452
35480569
35481320
35482125
35482244
35482527
35482985
35483381
35485156
35485687
35485812
35486007
35486008
35486009
35486010
35486018
35486019
35487121
35487301
35487346
35487866
35488110
35488269
35488674
35488897
35489002
35489662
35490784
35491201
35492507
35494290
35495890
35496285
35497919
35498128
35500316
35501215
35501548
35502774
35502975
35503488
35504444
35505080
35506725
35506952
35507461
35508860
35509387
35509487
35509886
35511144
35511804
35511846
35512161
35513043
35513589
35517791
35524654
35524679
35526494
35527433
35527689
35528360
35531210
35531683
35531722
35531940
35533741
35534079
35534443
35535288
35535532
35536439
35538048
35543937
35543939
35543944
35543946
35543956
35545235
35545344
35545486
35545776
35546221
35546762
35548348
35550457
35551580
35551959
35551977
35551978
35553680
35554841
35555872
35556131
35561669
35561832
35565651
35565739
35565809
35565867
35565899
35566122
35569314
35570176
35570602
35571243
35575148
35575565
35576566
35577214
35579002
35579430
35582052
35583161
35583262
35583289
35583418
35583619
35584010
35584102
35584490
35584600
35586807
35586810
35588422
35588590
35590451
35590456
35592411
35593331
35593351
35594168
35594431
35594439
35594804
35595221
35595656
35597092
35598222
35599751
35600369
35601534
35602629
35604058
35604687
35605296
35605329
35606184
35606249
35608027
35608198
35608242
35610006
35610007
35610017
35611230
35611318
35612542
35615598
35616410
35616411
35616412
35616413
35616415
35616416
35616417
35616418
35616419
35616420
35617570
35617792
35619966
35620220
35620269
35620330
35620401
35620402
35621402
35621981
35622148
35622215
35622593
35622894
35623067
35623315
35623447
35623859
35623878
35623903
35623995
35625940
35627321
35628274
35630905
35631139
35631192
35631204
35633093
35633160
35634582
35634597
35635149
35635180
35635870
35636682
35636688
35637844
35638531
35639564
35640263
35640292
35641558
35642112
35642167
35642684
35643349
35643381
35645115
35645134
35646921
35647017
35647164
35647957
35648674
35649241
35649495
35649892
35651885
35654375
35654418
35657313
35657782
35658342
35658960
35658966
35660372
35661039
35661635
35661845
35661935
35663668
35663673
35665493
35667733
35667873
35668206
35668999
35670228
35671269
35672861
35672892
35674171
35674981
35677376
35677943
35679148
35680261
35680514
35682866
35684645
35685671
35685899
35687626
35687776
35688121
35688269
35688327
35688763
35691451
35691667
35691683
35693740
35693741
35694252
35694711
35695002
35695033
35695058
35695692
35696012
35696186
35697152
35697226
35699146
35700588
35700682
35701778
35702455
35703184
35704659
35704821
35708064
35710214
35710217
35710447
35710471
35712521
35712949
35712953
35712955
35713248
35713425
35713444
35713447
35714107
35714357
35714878
35715324
35716002
35716353
35717809
35718288
35718396
35718501
35719137
35719816
35720033
35721245
35722110
35722430
35723061
35723848
35725779
35727605
35728805
35728850
35729088
35730224
35730673
35731274
35732065
35733475
35734996
35739000
35739366
35739930
35740006
35740107
35741583
35743929
35743994
35745098
35745828
35746865
35747349
35748136
35749345
35749369
35753447
35753872
35753879
35756469
35757105
35757254
35757412
35758925
35760881
35762090
35763396
35763458
35763896
35764512
35764513
35764514
35764515
35764516
35764517
35764521
35764522
35764831
35765832
35765990
35766604
35767233
35767714
35768119
35769774
35770548
35770549
35770578
35770579
35770582
35770764
35770890
35772177
35772290
35772684
35773193
35774714
35774719
35775272
35775581
35775660
35776240
35777527
35778276
35778796
35778822
35778904
35779318
35779783
35779920
35780021
35780520
35781268
35781402
35782209
35782211
35784174
35785084
35785558
35785871
35790296
35790673
35790698
35791492
35792408
35792925
35793187
35793532
35793882
35793883
35793885
35793886
35793891
35793898
35795860
35795995
35796857
35797047
35797050
35797557
35797863
35799085
35799221
35800011
35801193
35801293
35802536
35802615
35803320
35803684
35803866
35805253
35806458
35807554
35807780
35807801
35808844
35809376
35810581
35812292
35813441
35814253
35814274
35814516
35815460
35816060
35816150
35816178
35818085
35818423
35819022
35820569
35829940
35829990
35831514
35831742
35831955
35833120
35836480
35837144
35837147
35837292
35838516
35839013
35839104
35839436
35840854
35841194
35841454
35842345
35842544
35843037
35844808
35845135
35845615
35848196
35848609
35848821
35848966
35848978
35848979
35849611
35849968
35849972
35850227
35850812
35850818
35850820
35850828
35850835
35850880
35850968
35851105
35851133
35851135
35851693
35852357
35852981
35854224
35854302
35854329
35855104
35858280
35859386
35859973
35859998
35860804
35863466
35864288
35864290
35864721
35865309
35867040
35868138
35868148
35868684
35868873
35870565
35871859
35871932
35872557
35872928
35873630
35873776
35874774
35875082
35875101
35875863
35875910
35876666
35876724
35877927
35878885
35878963
35879168
35880271
35880272
35880273
35880275
35880277
35880278
35880282
35880283
35880285
35880338
35882013
35882440
35882823
35882824
35883778
35884185
35884198
35884603
35889794
35892684
35893870
35893910
35893914
35893922
35893929
35894450
35895503
35895614
35895902
35896097
35896303
35896849
35896969
35899121
35900116
35900439
35900780
35900975
35902029
35902512
35903833
35904154
35905566
35905605
35907128
35907781
35907976
35908584
35908781
35908791
35909070
35909334
35911066
35911141
35913386
35913551
35913939
35914101
35915787
35916062
35916357
35917770
35917831
35918501
35919449
35920291
35920328
35920433
35920480
35920487
35920516
35920897
35921697
35922066
35922244
35922271
35923845
35924061
35924250
35924436
35926592
35928329
35928975
35929048
35929437
35930901
35931304
35931549
35932973
35933171
35933874
35934192
35934417
35935300
35937410
35937778
35938325
35938330
35938333
35938334
35938335
35938861
35939224
35939647
35940099
35941387
35941895
35942383
35942800
35943306
35943527
35944458
35945389
35945483
35945737
35946240
35946844
35946890
35947382
35948760
35949101
35950090
35951070
35952424
35952538
35953634
35953914
35955094
35956295
35956414
35956563
35956961
35957508
35957897
35958501
35958557
35958677
35959579
35959628
35961936
35963401
35963508
35963607
35964137
35965125
35965306
35965631
35965816
35965821
35965873
35970043
35970181
35970494
35973187
35973207
35973628
35973888
35974253
35974870
35975849
35976914
35977911
35978174
35978741
35979003
35979776
35980782
35981340
35981343
35982734
35983515
35983532
35983791
35984173
35984685
35985545
35985964
35986447
35986488
35986613
35987809
35987956
35987997
35988196
35988825
35990824
35991142
35991644
35992152
35992176
35992596
35993043
35993523
35993638
35994943
35995035
35995922
35997889
35997891
35997910
35998039
35999384
36001129
36003380
36004724
36006237
36006951
36007881
36012322
36013429
36013550
36014309
36014767
36016154
36016663
36017236
36017385
36018050
36018328
36018421
36026561
36027670
36030144
36031855
36033259
36034204
36034791
36034871
36036097
36036100
36036101
36036103
36036104
36036105
36036107
36036112
36037517
36037785
36038343
36038488
36039487
36039902
36040181
36041061
36042005
36042654
36043664
36043919
36044060
36044501
36045369
36045455
36045508
36046879
36046882
36046901
36047099
36047243
36047960
36048875
36050272
36050388
36050756
36050801
36050804
36050928
36052308
36052473
36052592
36052829
36053389
36054138
36054262
36054671
36055473
36056417
36056463
36056871
36057511
36057787
36058104
36058582
36059399
36060148
36061039
36061857
36061878
36062723
36063463
36064231
36065689
36066168
36066997
36068716
36068854
36070948
36071353
36071711
36075590
36075599
36075600
36075601
36075609
36076523
36076526
36077316
36077406
36077660
36079711
36079715
36079923
36080493
36081294
36081295
36082028
36082082
36083479
36083480
36083484
36083486
36084322
36086755
36086864
36088161
36088240
36089835
36091288
36091827
36092159
36093517
36094150
36095134
36096139
36096724
36097366
36097401
36099120
36099588
36100219
36100797
36102207
36102487
36105022
36105643
36106795
36107372
36107525
36107547
36108080
36108386
36109335
36110099
36110474
36111044
36111428
36111919
36111922
36112210
36112793
36112861
36113196
36116306
36116529
36117063
36118747
36119472
36119912
36119915
36121075
36121713
36122322
36123283
36123297
36123311
36123862
36124353
36126445
36126902
36127843
36130467
36130524
36130744
36132985
36134507
36135805
36137844
36137983
36139339
36139399
36139836
36142554
36142743
36143912
36145170
36145244
36145550
36147103
36147170
36148198
36148597
36148721
36150889
36151032
36152882
36153218
36153449
36153450
36153453
36153454
36153455
36153458
36153459
36153653
36155998
36156370
36157998
36159308
36160035
36160326
36160875
36160898
36161055
36161778
36162275
36164395
36164886
36164894
36165956
36166091
36166658
36166961
36167579
36171431
36172376
36172759
36172903
36173561
36174091
36174848
36175116
36175242
36175902
36175913
36176185
36176445
36176927
36178946
36179472
36179667
36181038
36181780
36181837
36182059
36182279
36182556
36184410
36185190
36185249
36185576
36186180
36186936
36187517
36188728
36189386
36191734
36192711
36193134
36193322
36193496
36193814
36195210
36195536
36196648
36197741
36198296
36198889
36199772
36200328
36201742
36201905
36203728
36206067
36206809
36206870
36208049
36211271
36212166
36213562
36215067
36216309
36216456
36216552
36217620
36218270
36219142
36221070
36221368
36222985
36226306
36226471
36227074
36228289
36228578
36229805
36231202
36232668
36234927
36235090
36235669
36236303
36237241
36237246
36237992
36238480
36239562
36240559
36240798
36243123
36244114
36245315
36246359
36247244
36247849
36249454
36249763
36250177
36252717
36252878
36253042
36254036
36254365
36255337
36255386
36257312
36257457
36257846
36258217
36258718
36260471
36261592
36263700
36264209
36265721
36266752
36267557
36268515
36270095
36271540
36271547
36271569
36271584
36272846
36272926
36273748
36274515
36274662
36275969
36276853
36278367
36279758
36280041
36280412
36280431
36281150
36282430
36283524
36286741
36286747
36287807
36288586
36288886
36288975
36289392
36290833
36293215
36296702
36297073
36299199
36299672
36299834
36300612
36301160
36301161
36301162
36301164
36301165
36301167
36301172
36301174
36301456
36301859
36302231
36304597
36305173
36305498
36305618
36306478
36306536
36306607
36307999
36308079
36308408
36308576
36308700
36308915
36308919
36308982
36309174
36309477
36311115
36312487
36312520
36316038
36316211
36316910
36316916
36317082
36318398
36319059
36319586
36319798
36320025
36321189
36321995
36322060
36322074
36323105
36323648
36325677
36326418
36327048
36327602
36328309
36328945
36329426
36329891
36330257
36331725
36331754
36333254
36333573
36333646
36333724
36334252
36334418
36334874
36335058
36335059
36338479
36338626
36339511
36341259
36341500
36341865
36345487
36345891
36346357
36346504
36347150
36347993
36348365
36348477
36348889
36349068
36349756
36350323
36350377
36350926
36351584
36351966
36352577
36353235
36353473
36354243
36356944
36357588
36357611
36362345
36362619
36364600
36364742
36364809
36364883
36366932
36367287
36367812
36368333
36368427
36369133
36369611
36369853
36370127
36370570
36370991
36372063
36372193
36372588
36372735
36373494
36376237
36377378
36378055
36378543
36378798
36379122
36379607
36379613
36379629
36381490
36381868
36382345
36382583
36383249
36383326
36386285
36387814
36388786
36395976
36396724
36397215
36397219
36397224
36397225
36397229
36397233
36397372
36397382
36399202
36401234
36401327
36401381
36401403
36401494
36402944
36404231
36404472
36406213
36406986
36408249
36411615
36414367
36414368
36414947
36415253
36415438
36417298
36418254
36418941
36419064
36420937
36421658
36422183
36422544
36423734
36424268
36424573
36424737
36427258
36430416
36432057
36432414
36432439
36432471
36432563
36432670
36432734
36433738
36434536
36435527
36435745
36436295
36437704
36438704
36438709
36438916
36440366
36440501
36440940
36442355
36442760
36444860
36445614
36447209
36447929
36448193
36448690
36448855
36449250
36449397
36449398
36449833
36449836
36450234
36450853
36451388
36451390
36451391
36451414
36451450
36451615
36451640
36452957
36453178
36453180
36453186
36453389
36453669
36453671
36453672
36453675
36453676
36453677
36454559
36454683
36454862
36455263
36455861
36456023
36456969
36456983
36457295
36459358
36459369
36459842
36460123
36461194
36461366
36461939
36462132
36462377
36464237
36465374
36465572
36465626
36468406
36470555
36471944
36471984
36472015
36472036
36472857
36473512
36474342
36474735
36476083
36476217
36476355
36478035
36479293
36479472
36479479
36480101
36480851
36480873
36481177
36481286
36481323
36481632
36481633
36482518
36482527
36482572
36482581
36482597
36482691
36483091
36486176
36498809
36500595
36501125
36501303
36503446
36506507
36508919
36509031
36509453
36510103
36510262
36510338
36510811
36511464
36512087
36512091
36513474
36513549
36513561
36514502
36515211
36515313
36516157
36517285
36517404
36517637
36517846
36518373
36518802
36521774
36521829
36521830
36521882
36522102
36522251
36523246
36525354
36526306
36526494
36528237
36529594
36531454
36531558
36532055
36533560
36533898
36534331
36535701
36535860
36536606
36536711
36536863
36538106
36538189
36538405
36539175
36539292
36541264
36541603
36542113
36542839
36543727
36544223
36544548
36545926
36547775
36549699
36550431
36550503
36550649
36550716
36550799
36550829
36550849
36550890
36550918
36554556
36556974
36560908
36561295
36562227
36562229
36566114
36567041
36567455
36567584
36567586
36567637
36571217
36571218
36571219
36571220
36571221
36571222
36571226
36571227
36571229
36571582
36571647
36573274
36574744
36575009
36575726
36576711
36577289
36577471
36579221
36579296
36579552
36580029
36580321
36581055
36581164
36581582
36581902
36581935
36581999
36582629
36582676
36582958
36583959
36585158
36585161
36585869
36585903
36586642
36586876
36587591
36587611
36587879
36588522
36588737
36591238
36592735
36593062
36595197
36595757
36595806
36596066
36596087
36596546
36599029
36599648
36600309
36601130
36602129
36602145
36603844
36604168
36604241
36604296
36604848
36604885
36604917
36605011
36606507
36607879
36607881
36607885
36607887
36607936
36608423
36609953
36610159
36610482
36611148
36612002
36612125
36614303
36615330
36616891
36617611
36618289
36618764
36620997
36622325
36622515
36622744
36623492
36623758
36626296
36626450
36626470
36628837
36629066
36629623
36631740
36633013
36633234
36633237
36633240
36633241
36633247
36633249
36633250
36633251
36633385
36635891
36635913
36636059
36636940
36637238
36637368
36637684
36637945
36638981
36640727
36641743
36644995
36645646
36646151
36646158
36647079
36647427
36647622
36647959
36648167
36648178
36648299
36649113
36650441
36650464
36650561
36650849
36651699
36651839
36651913
36653005
36653588
36655530
36655623
36655631
36655632
36655633
36655864
36656591
36657621
36657933
36659818
36660835
36662303
36662306
36669099
36669374
36669740
36669751
36669995
36670371
36672622
36672732
36674885
36675571
36675757
36678139
36678227
36678373
36678817
36681166
36681906
36682414
36684044
36684353
36684592
36685768
36686745
36688414
36688416
36690538
36690781
36691208
36691384
36691528
36693417
36694391
36695682
36695702
36695857
36696138
36696266
36697053
36697840
36697914
36698049
36700702
36702396
36703021
36703681
36704921
36706138
36707274
36707954
36707961
36708731
36709927
36710120
36713031
36713388
36714341
36715197
36718800
36719003
36721147
36722588
36724218
36724691
36724807
36724964
36725245
36730860
36732122
36733227
36734499
36734500
36734501
36734503
36734505
36734506
36734507
36734709
36735078
36735455
36735717
36735802
36736047
36736880
36738636
36740426
36740874
36742316
36742408
36743010
36744169
36744590
36745198
36749095
36749304
36749733
36750671
36750771
36752657
36753045
36754310
36756300
36758428
36758825
36759882
36759970
36760060
36760099
36760137
36761053
36763106
36764716
36764938
36765459
36767071
36767884
36768814
36768961
36769346
36771156
36771430
36771450
36772964
36773116
36773556
36775521
36776447
36776546
36779611
36779818
36781129
36781543
36781899
36782251
36786096
36786352
36786583
36787483
36788684
36788699
36788760
36789824
36790138
36790422
36790447
36790808
36792187
36793081
36795010
36795196
36797022
36799419
36799782
36800505
36800608
36802356
36802912
36803321
36804134
36804816
36804836
36806483
36806716
36806741
36808051
36808391
36808505
36808506
36808507
36808508
36808509
36808515
36808516
36808522
36808559
36808596
36808899
36810432
36811476
36811568
36811861
36811992
36812414
36812690
36813082
36813217
36814261
36814557
36815582
36819380
36819567
36820591
36821730
36821740
36822255
36822805
36823121
36824698
36825726
36825777
36828256
36829080
36829224
36829832
36832102
36834448
36834638
36835163
36835378
36837411
36837466
36837548
36837891
36838731
36839157
36839239
36839278
36841749
36841790
36842044
36842636
36842707
36843182
36843884
36846001
36846104
36847287
36847684
36849100
36849414
36852049
36853611
36856692
36856694
36857517
36858243
36858389
36858394
36858398
36858406
36858408
36858412
36858413
36858414
36858417
36859300
36859840
36862026
36862226
36862883
36862891
36862895
36862912
36863386
36863429
36863641
36863801
36865747
36866416
36866732
36867547
36867644
36868086
36868489
36868693
36870118
36870177
36870539
36870982
36871025
36871108
36871311
36871563
36872220
36874003
36874424
36874731
36874924
36876711
36878772
36879331
36880085
36880463
36880465
36880717
36881064
36881321
36881691
36881827
36881960
36882179
36882364
36882917
36883165
36883769
36884140
36890072
36892037
36892236
36892238
36896781
36896808
36897138
36897712
36898959
36899361
36902303
36902432
36902686
36903317
36904141
36905271
36905353
36905434
36906488
36906830
36909686
36909980
36910013
36911554
36912203
36912647
36912744
36914399
36914462
36914532
36914980
36915187
36915224
36915313
36915793
36915814
36915838
36915990
36918311
36918892
36918900
36918988
36920055
36921535
36921635
36921948
36922827
36923220
36925155
36925914
36926399
36926636
36926938
36927186
36927966
36931019
36933036
36933241
36935179
36935434
36937664
36938142
36938189
36940921
36940973
36941446
36941493
36942250
36944205
36944438
36944851
36945935
36945945
36947651
36948963
36948975
36949381
36949518
36950857
36951072
36951074
36951075
36951076
36951080
36951081
36951082
36951379
36959393
36959770
36960593
36961176
36961501
36962010
36963870
36965466
36965783
36965784
36966086
36967280
36969023
36969384
36970755
36970795
36970919
36971885
36971930
36973010
36973043
36973529
36973688
36973728
36973876
36973982
36977865
36979499
36982560
36982675
36984841
36985767
36985782
36986032
36986061
36986098
36986186
36986207
36986267
36986820
36987029
36987599
36987675
36988362
36988666
36989426
36989656
36989889
36990375
36990377
36990705
36990944
36991238
36991254
36991405
36992578
36992594
36992626
36992837
36994482
36994506
36994524
36994525
36994688
36994719
36994751
36994979
36994982
36995285
36995687
36996679
36996711
36997131
36998954
36999342
36999456
37001297
37002065
37002295
37002793
37003891
37004271
37004660
37005540
37006175
37007048
37007073
37009818
37010278
37010361
37014185
37016455
37017261
37018110
37019538
37021733
37023398
37023475
37023745
37025139
37026244
37026944
37026972
37027145
37028453
37028775
37029194
37029960
37037266
37038564
37038738
37038799
37039078
37039858
37042058
37043039
37043419
37043454
37047746
37049426
37049587
37049912
37052766
37052919
37054999
37058075
37058203
37060491
37061627
37062134
37062274
37062691
37063332
37063672
37064561
37066940
37067288
37067392
37068075
37068377
37068718
37068812
37068819
37068825
37069473
37069556
37070342
37071338
37071981
37072319
37073983
37074488
37074938
37075681
37076183
37077559
37078508
37079701
37081732
37082804
37082892
37083501
37083548
37084814
37084830
37085964
37086371
37086938
37087567
37087569
37087593
37089473
37089947
37090725
37092943
37093748
37094636
37094696
37094709
37095234
37095505
37095982
37096203
37096785
37097651
37098357
37098891
37099902
37100346
37101278
37101603
37102338
37103598
37104099
37104753
37105357
37105691
37106251
37107783
37108540
37111066
37111120
37111170
37111189
37111239
37111406
37111679
37111761
37113286
37113574
37113943
37114146
37114414
37115470
37116729
37118531
37118752
37118916
37118920
37120196
37121044
37122529
37123131
37125071
37125215
37125797
37127435
37128827
37128985
37133465
37133802
37133844
37133852
37133867
37133869
37133926
37137432
37138435
37139151
37139206
37139872
37140285
37141880
37142473
37142764
37143274
37143907
37144220
37144304
37146055
37146623
37146830
37147037
37147630
37147750
37147753
37147946
37149256
37149451
37149679
37149743
37150224
37150329
37150422
37152933
37155649
37157214
37158339
37158532
37158661
37159303
37161602
37161801
37161808
37161813
37161814
37161817
37162424
37162524
37163445
37163834
37164331
37165126
37165356
37165655
37166069
37166651
37167445
37170075
37170186
37171110
37171301
37171643
37178648
37179297
37180944
37181596
37182400
37182742
37182743
37184752
37186193
37186194
37186195
37186199
37186202
37186203
37186204
37186205
37186207
37186252
37186325
37187215
37187681
37189240
37189633
37191598
37192255
37192256
37192655
37192673
37192731
37193384
37193430
37193674
37194937
37196515
37196538
37196811
37197270
37197886
37199199
37199201
37199203
37199206
37199208
37199210
37200249
37200279
37202079
37202195
37203153
37203846
37207415
37207585
37207702
37207931
37208459
37208593
37209629
37210283
37210514
37210761
37211600
37212251
37213054
37215707
37216002
37216059
37216336
37218423
37219567
37219597
37220119
37222011
37222582
37225265
37225266
37225585
37225613
37225860
37225971
37227183
37228499
37228784
37229750
37230053
37230322
37231406
37233460
37235489
37235569
37235797
37238121
37239252
37240143
37240765
37241909
37242223
37242245
37243804
37243966
37244010
37244753
37245142
37245461
37246204
37246879
37247854
37247855
37247859
37247860
37247861
37247862
37247865
37247866
37248211
37248326
37249658
37253397
37253403
37256440
37256444
37256901
37257320
37257687
37257804
37258449
37259311
37260126
37266110
37266633
37267134
37267693
37268549
37268791
37269276
37271538
37271920
37272158
37272505
37272960
37274559
37276909
37276961
37277162
37277676
37277900
37277995
37278050
37278256
37279209
37279311
37282870
37282921
37282935
37284812
37286837
37287238
37288589
37289677
37292427
37293490
37293562
37293929
37294699
37294793
37295299
37295576
37296485
37297745
37298208
37298566
37298600
37298824
37299404
37299424
37299442
37299554
37299560
37300460
37301559
37302253
37302444
37302449
37303082
37305637
37305935
37305939
37307269
37307402
37307422
37308074
37308852
37309083
37309172
37309759
37310443
37311126
37311280
37311343
37311352
37311895
37312095
37312140
37313557
37313559
37313560
37313561
37313562
37313569
37313570
37314373
37314422
37316089
37316344
37316424
37318120
37318390
37318462
37319003
37319382
37321122
37321140
37322515
37322524
37322622
37323024
37324101
37325956
37326436
37327163
37327296
37327964
37328677
37329541
37330770
37330777
37331557
37331860
37331861
37334364
37334676
37335147
37335209
37335662
37335816
37336500
37337166
37337249
37337332
37337652
37337779
37338001
37340216
37341197
37341328
37341787
37342461
37342846
37344321
37344793
37346024
37347359
37347531
37347750
37348032
37348629
37348776
37349112
37349173
37350540
37352072
37352669
37352710
37353459
37353899
37354755
37355234
37355604
37356238
37356283
37357521
37363490
37365420
37366197
37367068
37367644
37367996
37369406
37369412
37370181
37373326
37373347
37374222
37374304
37375621
37375629
37375677
37375706
37377392
37378663
37379490
37379680
37379959
37380209
37380287
37381031
37381948
37381965
37381999
37382085
37382254
37382325
37382589
37383116
37384201
37385009
37385088
37385530
37385782
37385784
37385785
37385786
37385788
37385789
37385791
37385857
37389426
37389472
37389630
37389806
37390274
37390293
37391282
37391839
37393618
37393771
37393836
37395910
37396491
37397274
37397275
37397953
37400297
37401033
37401320
37401589
37401699
37401708
37402587
37403250
37403339
37403340
37405225
37405548
37406772
37406969
37407040
37407773
37408035
37409188
37409464
37410217
37410336
37410738
37413829
37413913
37414225
37414302
37417429
37417455
37417622
37417721
37418300
37419321
37419805
37421514
37421526
37421564
37422092
37422931
37423679
37424779
37424925
37425603
37426820
37427935
37428776
37429651
37429652
37429653
37429655
37429658
37429659
37429783
37430281
37431637
37431869
37432252
37432400
37433198
37434819
37435647
37435770
37436539
37436613
37436883
37436955
37437790
37438580
37439751
37440529
37441102
37441462
37441502
37441661
37442646
37442881
37443063
37444498
37445915
37447175
37447236
37447296
37448198
37450384
37450405
37451669
37452300
37452817
37452920
37453032
37453625
37454255
37454256
37455934
37456978
37458014
37458427
37461034
37462834
37464065
37464433
37464870
37464906
37465689
37465738
37466022
37466371
37466757
37467409
37468453
37468738
37468886
37469725
37469863
37470679
37470743
37470901
37474089
37474962
37475066
37475625
37475861
37477464
37477990
37478244
37478248
37478260
37478359
37478946
37479912
37480526
37481143
37482054
37482441
37482853
37483553
37483634
37483682
37484191
37485883
37486032
37487095
37488554
37489080
37490933
37491954
37494740
37494903
37494997
37495261
37495647
37495823
37499485
37499589
37499779
37500437
37501067
37501354
37505229
37507253
37507289
37509408
37510244
37510777
37511411
37513625
37515638
37515654
37516346
37516430
37516991
37517065
37517892
37518076
37518954
37518959
37518960
37518961
37518966
37523538
37524871
37524929
37525862
37526966
37527988
37528457
37528995
37529190
37529807
37529942
37530720
37530723
37531473
37534488
37534931
37534945
37535643
37536924
37537039
37537600
37538866
37540665
37541973
37542585
37543295
37543780
37543890
37545016
37545444
37546099
37548394
37548586
37548608
37550536
37550760
37551854
37552810
37553214
37553631
37554082
37554749
37555128
37555294
37556348
37556746
37556954
37557029
37560224
37562188
37562566
37565875
37565937
37567509
37569334
37569346
37571301
37571352
37572879
37572978
37573220
37573221
37573269
37573602
37573685
37574017
37575049
37575796
37576056
37576058
37577885
37577888
37577891
37578173
37578923
37579693
37579996
37580744
37580977
37581797
37582168
37582238
37582394
37585626
37586334
37586426
37586442
37586787
37586874
37586950
37587003
37588673
37589632
37590509
37592831
37593017
37593213
37593816
37595657
37596105
37596225
37596508
37596915
37596922
37597872
37597977
37598314
37598770
37598978
37600298
37602438
37605086
37607003
37607088
37607089
37607090
37608369
37608385
37608580
37608600
37608652
37608897
37609767
37609768
37611079
37611551
37614130
37614132
37614133
37614134
37614136
37614137
37614139
37614141
37614142
37615173
37619321
37620141
37620168
37620662
37620788
37621559
37625318
37625454
37625761
37629056
37630737
37630748
37630759
37631037
37631725
37632584
37633483
37633644
37633694
37634077
37635020
37635050
37635164
37635603
37635842
37638721
37639378
37639810
37639834
37640256
37640730
37640824
37640871
37640990
37641324
37641328
37642006
37642540
37644196
37644805
37645557
37646752
37647670
37647680
37649043
37650966
37651370
37651753
37651803
37652171
37652254
37652428
37653781
37654275
37654899
37655793
37656256
37656413
37656611
37657038
37657054
37657060
37657228
37658180
37658611
37658992
37659215
37659821
37661870
37661988
37664860
37665042
37665082
37665118
37665480
37666330
37667703
37669134
37669837
37670946
37672149
37672270
37672508
37673019
37673648
37674033
37677020
37677778
37678108
37678795
37678807
37678839
37679857
37679901
37679982
37679983
37679984
37679986
37679994
37681338
37682180
37683489
37686330
37686839
37686856
37686871
37686890
37689362
37689514
37690449
37691023
37691137
37691225
37692226
37692781
37692926
37693983
37695013
37695478
37697870
37697873
37697879
37697881
37697882
37697885
37697888
37697917
37698604
37698764
37698832
37700261
37704810
37704860
37705066
37706145
37707613
37708752
37708834
37709183
37709313
37710007
37711057
37711361
37712320
37712964
37714375
37714422
37715114
37716490
37716509
37718870
37718934
37718992
37719006
37720168
37723033
37724481
37726048
37727787
37728518
37728585
37729520
37729964
37730173
37730254
37730256
37730257
37730259
37730261
37730266
37731278
37731555
37732166
37733748
37735070
37735079
37735086
37735362
37735625
37735652
37738003
37739049
37739644
37739722
37739726
37740060
37740217
37740698
37741268
37741352
37741355
37741501
37741810
37741885
37746720
37749685
37750775
37752656
37753235
37754219
37754510
37754768
37755384
37756041
37756152
37757544
37757673
37757749
37758328
37758968
37759246
37759452
37759732
37761743
37762698
37764272
37764708
37764779
37765326
37767598
37768168
37768987
37770360
37770834
37771328
37771449
37771690
37773088
37773648
37773713
37773876
37774072
37774171
37775407
37775552
37775584
37775602
37775615
37776028
37776432
37777211
37777909
37778026
37778090
37778456
37779216
37780202
37782153
37783065
37783613
37783889
37787025
37787815
37788011
37788329
37795329
37795371
37796278
37796675
37796688
37797052
37797476
37799023
37800350
37800558
37800763
37801182
37801588
37801739
37801789
37802512
37802515
37802516
37802517
37802521
37802878
37804579
37805769
37805801
37806415
37806681
37806689
37807317
37807335
37807416
37809215
37809636
37810114
37810946
37814175
37814591
37816578
37817526
37817781
37818186
37818411
37819498
37820653
37820679
37820856
37821350
37823363
37823843
37824548
37828718
37829479
37830114
37831309
37832094
37832114
37832117
37833202
37836586
37837988
37839929
37840169
37840428
37840969
37842979
37843100
37843310
37843880
37844586
37846238
37846631
37847090
37849227
37849245
37849299
37849783
37850735
37851315
37851350
37852098
37852809
37854028
37856804
37857011
37857016
37858247
37858617
37859589
37860674
37861042
37862311
37863678
37863680
37865054
37865902
37866743
37866955
37867340
37868130
37869686
37870365
37870716
37872256
37873712
37874480
37874581
37876800
37879945
37879946
37879947
37879948
37879950
37879951
37879954
37879955
37879956
37882375
37882651
37883450
37883506
37883771
37884179
37884180
37885020
37885253
37885254
37888437
37889023
37891043
37891101
37891226
37892452
37892507
37892558
37893763
37895417
37896172
37897197
37897640
37897922
37898392
37898865
37898950
37899249
37899365
37899603
37899615
37902121
37903178
37904349
37904392
37904453
37904455
37904534
37904809
37905558
37905789
37907033
37907073
37907930
37909161
37909526
37909597
37914269
37916359
37916930
37917394
37917887
37917898
37919197
37920313
37922308
37923164
37924102
37924901
37925583
37925666
37925937
37926009
37926225
37926605
37927595
37927834
37928040
37928881
37929346
37930003
37930721
37930738
37931699
37932143
37932994
37933026
37933076
37934892
37935442
37935528
37935545
37936420
37936745
37939753
37939887
37940271
37940505
37940560
37940916
37942222
37942404
37942616
37944040
37944409
37944500
37944563
37945358
37945359
37945606
37946272
37946396
37946472
37946476
37946489
37948105
37948133
37949167
37949544
37949545
37949967
37950551
37952560
37952820
37953564
37953697
37954127
37954129
37954382
37954604
37954770
37955365
37956404
37957395
37957422
37957900
37960235
37960238
37960337
37962097
37962867
37964024
37964394
37964680
37964929
37966400
37967387
37967998
37968540
37969842
37971437
37971455
37971470
37973472
37973706
37973785
37974929
37975365
37976026
37976121
37976694
37977444
37977825
37978314
37979045
37979287
37979881
37979923
37980310
37980530
37980542
37982922
37982975
37983919
37984122
37984338
37984903
37984904
37984905
37984910
37984915
37984918
37984921
37984922
37984951
37985071
37986247
37986253
37986255
37986931
37987426
37987583
37989106
37989532
37990224
37991201
37991712
37992723
37992796
37993441
37993513
37993835
37994809
37996225
37997320
37999720
37999886
37999988
38000290
38000931
38003366
38003499
38004241
38004469
38006398
38006941
38007308
38007461
38007710
38007765
38007804
38007992
38008590
38008591
38008696
38009498
38010363
38011312
38011909
38012761
38012910
38013325
38013444
38013618
38013706
38014660
38015764
38016202
38018559
38018952
38019292
38019345
38020260
38020302
38020739
38021953
38024033
38026231
38026720
38027999
38028268
38029112
38029846
38030258
38030523
38030555
38030697
38031783
38032566
38033616
38034712
38035069
38036019
38036037
38036366
38036402
38037128
38037875
38038835
38040097
38040618
38041203
38042005
38042652
38042695
38042712
38044462
38044630
38044823
38045667
38046103
38046765
38048107
38048615
38049842
38050285
38050300
38050414
38050890
38051691
38051923
38052302
38053420
38053898
38054771
38056355
38056402
38056540
38056935
38057023
38057042
38057703
38058440
38058793
38060514
38061440
38061845
38062787
38062810
38063123
38064577
38064617
38065844
38066088
38066232
38067624
38068763
38069543
38069964
38069969
38070240
38070248
38071990
38072028
38072714
38072763
38072764
38072785
38072921
38073147
38073153
38076371
38079523
38081152
38081988
38082602
38085369
38085835
38086587
38086951
38086979
38088102
38088708
38088802
38090288
38091638
38091982
38092067
38092530
38092542
38092545
38092652
38093254
38093462
38093499
38093617
38095110
38095421
38097483
38097683
38097899
38097952
38098016
38099509
38099525
38100487
38100611
38102525
38102560
38103152
38103448
38103772
38103878
38104066
38104489
38106584
38106681
38108168
38108173
38109046
38109929
38110043
38110131
38110275
38111025
38111761
38112463
38113443
38113770
38114155
38114599
38115283
38115310
38115590
38115591
38117365
38122910
38123001
38123022
38123793
38123795
38124174
38125081
38125887
38126262
38126579
38127854
38128628
38128879
38128910
38130382
38130624
38131691
38132900
38133715
38134006
38134060
38134091
38134327
38135307
38135320
38136228
38137559
38140881
38141589
38141805
38142288
38142426
38142925
38143164
38143273
38143910
38145382
38145855
38145884
38146241
38146243
38146244
38146245
38146246
38146247
38146248
38146249
38146250
38146252
38146497
38147050
38147122
38148300
38148673
38149187
38149335
38149371
38149565
38149653
38150450
38150863
38150956
38151059
38152944
38153596
38153965
38155309
38155392
38157883
38158102
38158312
38158422
38158450
38158660
38159825
38159826
38160204
38160234
38160492
38162564
38162884
38163561
38163562
38164267
38164462
38164892
38165904
38166924
38167036
38169776
38171916
38172141
38172321
38172747
38175038
38175528
38176976
38177555
38178312
38178347
38178699
38181255
38182025
38182484
38183062
38183560
38183593
38183672
38183973
38186091
38186775
38189435
38189854
38190827
38190955
38191152
38191155
38191157
38191160
38191161
38191163
38191165
38191169
38191831
38192621
38193231
38194131
38195173
38195250
38197187
38197281
38197283
38198041
38198371
38198718
38198834
38199053
38199632
38200158
38200640
38201870
38201902
38201936
38202119
38204757
38205635
38206707
38206743
38211616
38212017
38212039
38212498
38213091
38213234
38213246
38213865
38215111
38215309
38216200
38216396
38218028
38218568
38219036
38219216
38220385
38221565
38221772
38221997
38222288
38222713
38223090
38223283
38223420
38223810
38223821
38223822
38224150
38224396
38224423
38226296
38226838
38227079
38227091
38228998
38229447
38231290
38232785
38232873
38233048
38233305
38233902
38234616
38235198
38235817
38236093
38236398
38236928
38237453
38237510
38238510
38239133
38239134
38239136
38239139
38239144
38239145
38239158
38239361
38239504
38240086
38240189
38240454
38241537
38241548
38242798
38243559
38243571
38243880
38244487
38245382
38246996
38249599
38250677
38253273
38253274
38253409
38253470
38253847
38253859
38254056
38254356
38254467
38256337
38257102
38258611
38258877
38259856
38262341
38263038
38263941
38265012
38265798
38266455
38266948
38266949
38266995
38268042
38268761
38269549
38270584
38271858
38273087
38273233
38274399
38277549
38278192
38278749
38279232
38279444
38280741
38281123
38281199
38281937
38282517
38282711
38283386
38283596
38283741
38284731
38285088
38286461
38287790
38287859
38288424
38288478
38289312
38289886
38289887
38290897
38291582
38292041
38292834
38294747
38294753
38294756
38295661
38295923
38296505
38297396
38297410
38297421
38297967
38299639
38299677
38300194
38300838
38301097
38301138
38301530
38302805
38303124
38303979
38304587
38304696
38304947
38305135
38305401
38305402
38306312
38306371
38306507
38306555
38306823
38306943
38307727
38308227
38308258
38309228
38309959
38310025
38310218
38310573
38311542
38311970
38312062
38312591
38313386
38313599
38313843
38314806
38315040
38315119
38316611
38316727
38317402
38318605
38320346
38323334
38324806
38324888
38326366
38326739
38328614
38328956
38329679
38330806
38331026
38333369
38334061
38337134
38337366
38337627
38338288
38339048
38339501
38339635
38340974
38341316
38341637
38342624
38342693
38343757
38344377
38345352
38345583
38345884
38346885
38347252
38347792
38350242
38350299
38350518
38351506
38351622
38351701
38353094
38353384
38354820
38356760
38356817
38357079
38357098
38358613
38359168
38359492
38360684
38361038
38363496
38363817
38364185
38365756
38365767
38366675
38367146
38367367
38370002
38372059
38372272
38373630
38373762
38373763
38373771
38374106
38375412
38376040
38377980
38378358
38378423
38378434
38379000
38379403
38381095
38381584
38383251
38383431
38384159
38384164
38385186
38385536
38386359
38387017
38387146
38387683
38388265
38388276
38391236
38391402
38392073
38393421
38393452
38394188
38394501
38395014
38395179
38395201
38396280
38396363
38397870
38398236
38398883
38399995
38401045
38401072
38401078
38401098
38401197
38401393
38402475
38402583
38403315
38404008
38406872
38406930
38408710
38409728
38409809
38410229
38411747
38412809
38412867
38413030
38413031
38413032
38413033
38413034
38413036
38413040
38413043
38413184
38413955
38414325
38415160
38416341
38416654
38416698
38417600
38418140
38418244
38418752
38419442
38420783
38420951
38421244
38421352
38421507
38422761
38423162
38424580
38426483
38427579
38428657
38428876
38429378
38429940
38430076
38430157
38430352
38430558
38430738
38431788
38432804
38432818
38432877
38433155
38435485
38436241
38436864
38437631
38440179
38441190
38442933
38443246
38443317
38443685
38445407
38445481
38445609
38447622
38447976
38450161
38451925
38453573
38454051
38456567
38456645
38457013
38457558
38458180
38458786
38459277
38459553
38461255
38462028
38462252
38462358
38464646
38465131
38465436
38466710
38467353
38467502
38467507
38467962
38468126
38468169
38469632
38470813
38471276
38471318
38471368
38471594
38472053
38473037
38474706
38475745
38476091
38476200
38476474
38476917
38477370
38477787
38477902
38479233
38479635
38479934
38479940
38480374
38481785
38483623
38485030
38485852
38486318
38486417
38487926
38489674
38490827
38491916
38492132
38492510
38499796
38499950
38499998
38499999
38500092
38500153
38500318
38500320
38500322
38500323
38500324
38500325
38500429
38501365
38501424
38501597
38502819
38503613
38504188
38504436
38504535
38504545
38504604
38505061
38505914
38506028
38506457
38506864
38507149
38507966
38508617
38509741
38510244
38512624
38512653
38513063
38513753
38513931
38515410
38516440
38517591
38518131
38518170
38519581
38520118
38522001
38522048
38522660
38522825
38522941
38523171
38523883
38525803
38526323
38526803
38526969
38528074
38528253
38528815
38530419
38530771
38531928
38532151
38534386
38536776
38537084
38537487
38537909
38538810
38540660
38542694
38544649
38546175
38546288
38546428
38546456
38547625
38550458
38551430
38551545
38553189
38553359
38554387
38554886
38555198
38555532
38556127
38556478
38556904
38558004
38558676
38559853
38560341
38560980
38561111
38561946
38564963
38565407
38566932
38567441
38569706
38569774
38569782
38569843
38570305
38570350
38570473
38570486
38572023
38572119
38573429
38574186
38574477
38574769
38576138
38577198
38577937
38579054
38579055
38579134
38580024
38580189
38580452
38580857
38581185
38582208
38583765
38584331
38584876
38584908
38585420
38587506
38588856
38589483
38589967
38591200
38591920
38592282
38592434
38593677
38595612
38596595
38596867
38597270
38597394
38597495
38597892
38598080
38598180
38599068
38601897
38602180
38602892
38603860
38604020
38604908
38605374
38605512
38606233
38606269
38606647
38607205
38607612
38608052
38608118
38608331
38609827
38609889
38610535
38610896
38610988
38611704
38612712
38612967
38613072
38613322
38613379
38613563
38613937
38614518
38614946
38617122
38618465
38619394
38619407
38621179
38621467
38621468
38621721
38621725
38621726
38621732
38621736
38621947
38621989
38622434
38623340
38623714
38624071
38624192
38627309
38627500
38627972
38628028
38629369
38629652
38630160
38630162
38632058
38636180
38636573
38636677
38636820
38636998
38639521
38639609
38639624
38639629
38640350
38641960
38642539
38643466
38645786
38647724
38647764
38647807
38647912
38648000
38649201
38649202
38649203
38649204
38649206
38649207
38649208
38649239
38649879
38650149
38650407
38651460
38652438
38652453
38653622
38653887
38655993
38656061
38656173
38657248
38657398
38657706
38658276
38658388
38658468
38659018
38659575
38659606
38660700
38660808
38661065
38661187
38661363
38662232
38662762
38663049
38663562
38663782
38664173
38664207
38664695
38664883
38666526
38666717
38666767
38667652
38668885
38669262
38669399
38669816
38670027
38670272
38670470
38670551
38672181
38673695
38674912
38674937
38675152
38676325
38676381
38676502
38677569
38677927
38678618
38679495
38679767
38680894
38681970
38682910
38684391
38684616
38685349
38687160
38687343
38687774
38687924
38688116
38689534
38689663
38690008
38691359
38692015
38692172
38692214
38692417
38694090
38694162
38694293
38695503
38695854
38696233
38696479
38696831
38697379
38698274
38698583
38699835
38700252
38700606
38701176
38701312
38701956
38702115
38702162
38702222
38702866
38703872
38704024
38704451
38705013
38705988
38706364
38707064
38708842
38708999
38709188
38709356
38709741
38710612
38710656
38710872
38711706
38714632
38715166
38715602
38715827
38716687
38716889
38717633
38717759
38718821
38719659
38720225
38720277
38720435
38720714
38720862
38722101
38722726
38723386
38723920
38724897
38727128
38727775
38728461
38728508
38728794
38729114
38732007
38732625
38733382
38733710
38734556
38734601
38735085
38735280
38735388
38735483
38735622
38737808
38738174
38738179
38738469
38738648
38738888
38738896
38739239
38739310
38740008
38740109
38740706
38740760
38743126
38743886
38744069
38744426
38744568
38744625
38745405
38747020
38748897
38748909
38748938
38750550
38750855
38752194
38753171
38754823
38756909
38757031
38757321
38758158
38758979
38759323
38759698
38760307
38761241
38761337
38762187
38762576
38763034
38763308
38763372
38763503
38763557
38763880
38764097
38764101
38764104
38764114
38764115
38764117
38764119
38764120
38766794
38767573
38767628
38767640
38767648
38767887
38768018
38768613
38768993
38770484
38770602
38771800
38772250
38773460
38773539
38775581
38775768
38776147
38776706
38777451
38777478
38777724
38779348
38779519
38780008
38780814
38782080
38782236
38782504
38782509
38783620
38784206
38785032
38785272
38785519
38785972
38786598
38787579
38788090
38788522
38788667
38788908
38789015
38789486
38789804
38791271
38792465
38792944
38794686
38794708
38794716
38794748
38795085
38796648
38797337
38798046
38798220
38798853
38799786
38800993
38801269
38801500
38801617
38803124
38804174
38805158
38805169
38806118
38806301
38807113
38807643
38808353
38808885
38809154
38809206
38810328
38810629
38810818
38811416
38811450
38812057
38812168
38812190
38812194
38812464
38812528
38812820
38813344
38813803
38813841
38813905
38814228
38814605
38816482
38816878
38817300
38817408
38817411
38818860
38818910
38819009
38819187
38819639
38819696
38819785
38820012
38820114
38820341
38820403
38820708
38821333
38821755
38821965
38823183
38824979
38825026
38826497
38826546
38827289
38828800
38829154
38829546
38829563
38829687
38830759
38831572
38833172
38834581
38836472
38837362
38837638
38837949
38838054
38839736
38840065
38840132
38840292
38840405
38841803
38841988
38841995
38843046
38843202
38843393
38844046
38845365
38845489
38845495
38845551
38847145
38847671
38847692
38847703
38847768
38848028
38848208
38848297
38848775
38849408
38849418
38850270
38850620
38850830
38852490
38852601
38852926
38853038
38853414
38854179
38854271
38854698
38855111
38857634
38859613
38860628
38861546
38863479
38863591
38863821
38864209
38864969
38865064
38866917
38867082
38867235
38867317
38867534
38867629
38867630
38867633
38869144
38869219
38869686
38870748
38871037
38871241
38871592
38872168
38874448
38874802
38874866
38874903
38874969
38875369
38875379
38875429
38876219
38876667
38877621
38878393
38879052
38879225
38879457
38879757
38879883
38880626
38881436
38882362
38882409
38882714
38883612
38884428
38884698
38884896
38886536
38886787
38887315
38889313
38889442
38889563
38890182
38891591
38892006
38892615
38892661
38894587
38897349
38897799
38897800
38897801
38897803
38897804
38897810
38897964
38898923
38899778
38900293
38900361
38900642
38900721
38901046
38901491
38901719
38901949
38902693
38902859
38903928
38904052
38904340
38904602
38904615
38904823
38905409
38905412
38905420
38905498
38906529
38907709
38908197
38908495
38909291
38909513
38909682
38910374
38910822
38910886
38911421
38912759
38912788
38913100
38913131
38913652
38914151
38914161
38915010
38915954
38917838
38918064
38918956
38918994
38920693
38920853
38920955
38922315
38922475
38923030
38923873
38924104
38924506
38925241
38926087
38927101
38928002
38928175
38928460
38929462
38930859
38931124
38931295
38931313
38934278
38934521
38934532
38934558
38934644
38935074
38936456
38936644
38936951
38937576
38938120
38938444
38939911
38941032
38941959
38942154
38942182
38942361
38942739
38943277
38943533
38943838
38944946
38945038
38945204
38945892
38947765
38948315
38949992
38950488
38950710
38950794
38951012
38951831
38951913
38951947
38952511
38953180
38954475
38956630
38956916
38957181
38957330
38957454
38958062
38958173
38960540
38960621
38961505
38962827
38964106
38964960
38965524
38967804
38967873
38968506
38968514
38968523
38968769
38968958
38969370
38969555
38969610
38970512
38971546
38971753
38972065
38972090
38973423
38973540
38974599
38974755
38975796
38976863
38977170
38977591
38980240
38980957
38982789
38983316
38983341
38983403
38983417
38983958
38983997
38985228
38985345
38985380
38986164
38986590
38986595
38986597
38986601
38986891
38986940
38987007
38988155
38988709
38989411
38989604
38990052
38990401
38990450
38990465
38990478
38990482
38992260
38992641
38992863
38992885
38993806
38993833
38994311
38995276
38995444
38996656
38996859
38997739
38999802
38999805
39000324
39001955
39002141
39002774
39003596
39004224
39006031
39008569
39009689
39010120
39012869
39015245
39016346
39017779
39017975
39017981
39018146
39018873
39018994
39019211
39019353
39020484
39020485
39020489
39020492
39020493
39021169
39023479
39023776
39025760
39026220
39027883
39028703
39029068
39029099
39029350
39029711
39029715
39030449
39030535
39031023
39031219
39032323
39032483
39032929
39033586
39033726
39034832
39035370
39035732
39036427
39037250
39037416
39037429
39039343
39039671
39040626
39040953
39041092
39041098
39041131
39041158
39041161
39042815
39043113
39043332
39045660
39046467
39046552
39047275
39047876
39049731
39050327
39050762
39051071
39051325
39051421
39051553
39051578
39051586
39051906
39052600
39053246
39053297
39053718
39053814
39054514
39054660
39056810
39057409
39057410
39058685
39058838
39059275
39059807
39060890
39061509
39062474
39062789
39062829
39064695
39064744
39066534
39066540
39066542
39066685
39066774
39067786
39068547
39069797
39070340
39070472
39070804
39072406
39072464
39073307
39073516
39074075
39075140
39075948
39078172
39079445
39079819
39080071
39080684
39081245
39081698
39081717
39082953
39083170
39084570
39084893
39084894
39084906
39085005
39086058
39087096
39088370
39088486
39088981
39091545
39093549
39094096
39094260
39094355
39094438
39094848
39095860
39096427
39096700
39096860
39096936
39097970
39098320
39098809
39098894
39099383
39099670
39099985
39101925
39102032
39102254
39102471
39102482
39104339
39104477
39104929
39106167
39106982
39106983
39107751
39107936
39110047
39110247
39111495
39111521
39111784
39111786
39111790
39111791
39111792
39111796
39113216
39113799
39114180
39114675
39114727
39115013
39115583
39116781
39116888
39117856
39119197
39119464
39119947
39120763
39120967
39121552
39122388
39122611
39123382
39123712
39125270
39125297
39126743
39128101
39128700
39129305
39131208
39134013
39134103
39135117
39135672
39136509
39137879
39140590
39141187
39141484
39141633
39142363
39142714
39143484
39143770
39146030
39147245
39148307
39148368
39150621
39152992
39153884
39156102
39157002
39157918
39158605
39159324
39160202
39160300
39160402
39160422
39160805
39161145
39161419
39162367
39162790
39162890
39163033
39163720
39163761
39165094
39166408
39166411
39167137
39167346
39168395
39168643
39170564
39172302
39173721
39175145
39175539
39177045
39178138
39178625
39179476
39180649
39181282
39181774
39182001
39183098
39183390
39183572
39183990
39184668
39185878
39185909
39188919
39189103
39189615
39189802
39189819
39190086
39190121
39191965
39193863
39194148
39196649
39197673
39197962
39198228
39198820
39198836
39198875
39198934
39200270
39200284
39200945
39202545
39202863
39203035
39203846
39205569
39205616
39205822
39206780
39206789
39207304
39207682
39208417
39208500
39208671
39209008
39209235
39209368
39209577
39209755
39209779
39210236
39210342
39211280
39211424
39212361
39212726
39213195
39213245
39213490
39213790
39213989
39214497
39214960
39215211
39215517
39215801
39215951
39215972
39216183
39216335
39216793
39217594
39217652
39217889
39218124
39218219
39218349
39218395
39219191
39219425
39219633
39222221
39222236
39223353
39223647
39223806
39224053
39225782
39225810
39225883
39225943
39227926
39230105
39230175
39230198
39231086
39231633
39232349
39233378
39233508
39235509
39236007
39236355
39236645
39237235
39237701
39237987
39238071
39238264
39238296
39240370
39241208
39241228
39241341
39241347
39241554
39241698
39241893
39242235
39242504
39243110
39243201
39243332
39244943
39245009
39246000
39247422
39248364
39248478
39248484
39248559
39249654
39251010
39251143
39251465
39251568
39251993
39252121
39255833
39255946
39256531
39256890
39257326
39259054
39259086
39259143
39259145
39260201
39260838
39261318
39262170
39262251
39262715
39262734
39263082
39263745
39265562
39265569
39266323
39266862
39269184
39269406
39269782
39270676
39270698
39270979
39271348
39273041
39274262
39274493
39275291
39275303
39276474
39277713
39278290
39278693
39278929
39279046
39279706
39279751
39279944
39279957
39279976
39281462
39283579
39284501
39285759
39286149
39286238
39287242
39287310
39287536
39287671
39287845
39289777
39289792
39289998
39290199
39291464
39291679
39291740
39292955
39293422
39295096
39296630
39296829
39296908
39296910
39297456
39297536
39297814
39297818
39298929
39302405
39303649
39303747
39303910
39304481
39306086
39306211
39307654
39307737
39307768
39307813
39307816
39308061
39309637
39309989
39311470
39311785
39312012
39312315
39313165
39313286
39313434
39313599
39314015
39315756
39316239
39316542
39316544
39316895
39318014
39318282
39318287
39318295
39318296
39318299
39318307
39318309
39318310
39318311
39318312
39318317
39318319
39319424
39320044
39320336
39321093
39321111
39321131
39321186
39321461
39321857
39322831
39324246
39324682
39325561
39327561
39327843
39327863
39330005
39330756
39331086
39331913
39334299
39335103
39337067
39337575
39338353
39339268
39339662
39340148
39340157
39340626
39340629
39341297
39342080
39342304
39342481
39342721
39343108
39344397
39344619
39345061
39345062
39345070
39345084
39345135
39346349
39348048
39349292
39349393
39350820
39350988
39351093
39351184
39351319
39351739
39351881
39352877
39353110
39353256
39353666
39355363
39356429
39356538
39358154
39358615
39360302
39361504
39362034
39362322
39362330
39362450
39363177
39363834
39364621
39364842
39365796
39366299
39366551
39368335
39368783
39369463
39369764
39370062
39370237
39373512
39374396
39376777
39376991
39377809
39379965
39379978
39379983
39380217
39380228
39380229
39381473
39381846
39382289
39382336
39382364
39382555
39382602
39383026
39383124
39383420
39384055
39384189
39384298
39385442
39386289
39388100
39389037
39392607
39392768
39393518
39393561
39394046
39395765
39396501
39397355
39397761
39399173
39400563
39400653
39400782
39400981
39401739
39401806
39401809
39401810
39401811
39401813
39401814
39401816
39401822
39401826
39401827
39401832
39401836
39402073
39402210
39403308
39404059
39404093
39404605
39405793
39405955
39407177
39407379
39408264
39408265
39408573
39408901
39409483
39410954
39411572
39412049
39412767
39413552
39413982
39414746
39414945
39415755
39415839
39416279
39416607
39416633
39416754
39416833
39416988
39418024
39418172
39418824
39418841
39419154
39419622
39420309
39421086
39422387
39423218
39423272
39423947
39424254
39424263
39425131
39426907
39427737
39429426
39431943
39432497
39432736
39433166
39433361
39433362
39433363
39433365
39433368
39433370
39433373
39434353
39436270
39438142
39439423
39440777
39441043
39441503
39444101
39444103
39444156
39444407
39445773
39446747
39446998
39447066
39447383
39447764
39448215
39450586
39450912
39452563
39453820
39455476
39455570
39455990
39456207
39456847
39457342
39458064
39458423
39458460
39458493
39459643
39460675
39460688
39461064
39461386
39461989
39462554
39463100
39464767
39465794
39465829
39465871
39465961
39466023
39466207
39466277
39467692
39469648
39469783
39470212
39470523
39470610
39470831
39470920
39470921
39471000
39471736
39472974
39474020
39474976
39475860
39477536
39478022
39478130
39478397
39480673
39480678
39480679
39480680
39482196
39482810
39482823
39483963
39484865
39485117
39485259
39485550
39486768
39486784
39487675
39488426
39489364
39489990
39490430
39490711
39490956
39491445
39492141
39492489
39493898
39494098
39496309
39496728
39497200
39497262
39497389
39497898
39499222
39499412
39500341
39501291
39503638
39505194
39505200
39506777
39506807
39507759
39508039
39509038
39509846
39510120
39510448
39512156
39512319
39512707
39513100
39513174
39513625
39514279
39514334
39514421
39514431
39514432
39517369
39518052
39518073
39519166
39519287
39519795
39520030
39522696
39522877
39523483
39523856
39524045
39524130
39524546
39525167
39526677
39528001
39528081
39528199
39530288
39530437
39532037
39532054
39532403
39532442
39532446
39532448
39532455
39532534
39532577
39533218
39533408
39533443
39533447
39533608
39533628
39533632
39535240
39535557
39535738
39536052
39538043
39539443
39540025
39540602
39540855
39540906
39541016
39541610
39542049
39542467
39542484
39543463
39543734
39544746
39544766
39544811
39545887
39546877
39547824
39548357
39548553
39548907
39549917
39550318
39551243
39553182
39553206
39554499
39554637
39554650
39557196
39557269
39557427
39557428
39557429
39557430
39557431
39557433
39557434
39557435
39557440
39557441
39557546
39557656
39557774
39558045
39558234
39559091
39559099
39559819
39560021
39560516
39560552
39560708
39560950
39564472
39564797
39565401
39565437
39566223
39566404
39566755
39566856
39566948
39567307
39567554
39569552
39570178
39570348
39570404
39570907
39572413
39575307
39575393
39575847
39576061
39576093
39577394
39577608
39577714
39579008
39579034
39579035
39580112
39580131
39580236
39580618
39580653
39580819
39581482
39581506
39581857
39584682
39584690
39585572
39586193
39586228
39586248
39586427
39586654
39586656
39587209
39588522
39589476
39590336
39591948
39592076
39592695
39592901
39593010
39593460
39593552
39593605
39593614
39593688
39595343
39596234
39596294
39598536
39599607
39599642
39599681
39601946
39602095
39603923
39604348
39605991
39606918
39607556
39608125
39609444
39609950
39609993
39611598
39611913
39612396
39612461
39612736
39612780
39613473
39614180
39614639
39614858
39615184
39617087
39617111
39617150
39617245
39617694
39617712
39617816
39617867
39617868
39617972
39618028
39618141
39618188
39620153
39620369
39622438
39623265
39623555
39623557
39623660
39625467
39626189
39627032
39627136
39630320
39630523
39630556
39630705
39630732
39632481
39633648
39634862
39634880
39634913
39635015
39635663
39636091
39636417
39638645
39638737
39639122
39639196
39639410
39639714
39639791
39641609
39641722
39642711
39643421
39644655
39644700
39644740
39644858
39644877
39645096
39647839
39647901
39648702
39649833
39651717
39651737
39652033
39652211
39652413
39653105
39654223
39654272
39655884
39656880
39658374
39658375
39658376
39658379
39658380
39658384
39658990
39659264
39659898
39661916
39662110
39663074
39663313
39664126
39664792
39665982
39666016
39666356
39667195
39667238
39667941
39667977
39668613
39669845
39670548
39671538
39671973
39672374
39673183
39674049
39675059
39675947
39678436
39678556
39678602
39678903
39680199
39680291
39681480
39681481
39681482
39681483
39681484
39681485
39681486
39681487
39681490
39681610
39682040
39682050
39682942
39683395
39683402
39683439
39683484
39683499
39683535
39683547
39683589
39683593
39684707
39684723
39686001
39686455
39686501
39687551
39687743
39688516
39689394
39690198
39690730
39691196
39691749
39692412
39693030
39694147
39694423
39694773
39695924
39696836
39698570
39700183
39700221
39700761
39701375
39701684
39701695
39701705
39701718
39701724
39701768
39702254
39704353
39705425
39705427
39705478
39705909
39706240
39707311
39707424
39707637
39707744
39707865
39708439
39708963
39708997
39709216
39709367
39709690
39709911
39710292
39710445
39711061
39711097
39711857
39713116
39714904
39715143
39716230
39716708
39716758
39716763
39716929
39717928
39718357
39718596
39718597
39718730
39719277
39719815
39720643
39720835
39720931
39721835
39722193
39722645
39723118
39723333
39723667
39723938
39724325
39724525
39724575
39725420
39725515
39725620
39725985
39726921
39727812
39727987
39728160
39729699
39730019
39731626
39731655
39732210
39732259
39732636
39732687
39734089
39734372
39734602
39734795
39735393
39735399
39736521
39739526
39740049
39740382
39740898
39740922
39741920
39742412
39742423
39743002
39743043
39744464
39745671
39746272
39747380
39748248
39748403
39749900
39750535
39751649
39752839
39754054
39754452
39754933
39755185
39755779
39756013
39756588
39756978
39757262
39757344
39757612
39757635
39757969
39758261
39758311
39759207
39759492
39759549
39760041
39760374
39761838
39762636
39763260
39765161
39767782
39769155
39770106
39770441
39770574
39770958
39770973
39770990
39771007
39772374
39772936
39773449
39773612
39773822
39774355
39774468
39775509
39776028
39777870
39777879
39777880
39777881
39778275
39779014
39780739
39781754
39787088
39787157
39787573
39787699
39788166
39788451
39788460
39789023
39789056
39791208
39791753
39792005
39792256
39792346
39792576
39792753
39794185
39794448
39794662
39794820
39796303
39797512
39798935
39799129
39799211
39799437
39799478
39799710
39799794
39799935
39800028
39800248
39800413
39800631
39800962
39801112
39801733
39802595
39805763
39805766
39805787
39805797
39805995
39806478
39806660
39806726
39806957
39807251
39808574
39808690
39809159
39809168
39809224
39809503
39809653
39810055
39810851
39811326
39811511
39811858
39812003
39812370
39812679
39813464
39814121
39814323
39814622
39815407
39817128
39817365
39817373
39817446
39817792
39817823
39818123
39819389
39819546
39819839
39821381
39821443
39822772
39823892
39823925
39824496
39824673
39825278
39825469
39825913
39825964
39826338
39828143
39828301
39828318
39830099
39830325
39831705
39832696
39833064
39833301
39833519
39833940
39834103
39834271
39834388
39834460
39835551
39837292
39837300
39837672
39839904
39839905
39840155
39840659
39841769
39842398
39844568
39845379
39846139
39846370
39846944
39846946
39848238
39848319
39848652
39849073
39849088
39850114
39850521
39850606
39851052
39851194
39851546
39852880
39853195
39853386
39853559
39853659
39854393
39854599
39854746
39854749
39855518
39855834
39855951
39856565
39856867
39858215
39859010
39859108
39859364
39861018
39861370
39861415
39862767
39862793
39863998
39864188
39864262
39866300
39867041
39868407
39868565
39869428
39869482
39869761
39870367
39870748
39871800
39871839
39872654
39874337
39874372
39875020
39875113
39875204
39875927
39877334
39877540
39877773
39878424
39879729
39880320
39880662
39880665
39880716
39881199
39881662
39881907
39882753
39883061
39884571
39886361
39886838
39888175
39888564
39889157
39889189
39889410
39889677
39889835
39890058
39890088
39891262
39891573
39892280
39892604
39892720
39892805
39893779
39893782
39895325
39895817
39896832
39896946
39898251
39898594
39898670
39898820
39899590
39899833
39899994
39901745
39902793
39903480
39903654
39903735
39905363
39907215
39907697
39908116
39908126
39908269
39909207
39910032
39910562
39910739
39911755
39912444
39912445
39912602
39914108
39914280
39915581
39915586
39915957
39916643
39916662
39916958
39917647
39917920
39917928
39918432
39919213
39920883
39922237
39923815
39926683
39926730
39926760
39926949
39928296
39928712
39928794
39929049
39929663
39929696
39931688
39931805
39932147
39932277
39932525
39932655
39933106
39933408
39934587
39935659
39935985
39936792
39937165
39937969
39938571
39938590
39939018
39940057
39940255
39940405
39940424
39941458
39941644
39942609
39942712
39942713
39943463
39943756
39943759
39943761
39943767
39944400
39945116
39945796
39946693
39946773
39946932
39947333
39947940
39948661
39948845
39948924
39949380
39949700
39949727
39950029
39950314
39950814
39951210
39951251
39951448
39951927
39952235
39952315
39952549
39953826
39954319
39954463
39954658
39954833
39955382
39955664
39956035
39956398
39957154
39957156
39957165
39957173
39957175
39957303
39957304
39958322
39958538
39959749
39959784
39960074
39960278
39960960
39961429
39961753
39961754
39961755
39961757
39961759
39961762
39961936
39962542
39964031
39964101
39964920
39965542
39966333
39966774
39966819
39969353
39969375
39970876
39971569
39972354
39973276
39974477
39975419
39976060
39976072
39976133
39976654
39976668
39977217
39977411
39978331
39978455
39978558
39979049
39979617
39979891
39979901
39980387
39981042
39981363
39981887
39982961
39983235
39983759
39984967
39985773
39985851
39987064
39987734
39987994
39988505
39991716
39992739
39993070
39993542
39993668
39993755
39993969
39995109
39996418
39996602
39999122
39999906
40000104
40000507
40002427
40004063
40004191
40004896
40004963
40004972
40005028
40005119
40005286
40006145
40007441
40008520
40009049
40012221
40013158
40013680
40016154
40016484
40019185
40019501
40019598
40020132
40020137
40020747
40021023
40021024
40021946
40022289
40022437
40023627
40023632
40024111
40024243
40024388
40024453
40024869
40025476
40025911
40026546
40027560
40031673
40032383
40033763
40034721
40034737
40037398
40038867
40041000
40042160
40042369
40042687
40043425
40043571
40043583
40043841
40043852
40043950
40044193
40045209
40048011
40048119
40049985
40050810
40052319
40053806
40053808
40054869
40055837
40056631
40057224
40057244
40057752
40058580
40058808
40059047
40059048
40059049
40059050
40059053
40059056
40059749
40061135
40061275
40062490
40064464
40064496
40065148
40065447
40066608
40067161
40067573
40068058
40068070
40069471
40069718
40070325
40071246
40072394
40072608
40073717
40074199
40074793
40075120
40075287
40075613
40076464
40077612
40077653
40077722
40079847
40079914
40080096
40080251
40080306
40080352
40080513
40080608
40080781
40081008
40082095
40084536
40084877
40085023
40085028
40085994
40086075
40086619
40086636
40086862
40087184
40087680
40087739
40087906
40088203
40088871
40089990
40090130
40090284
40090717
40090958
40091109
40091239
40092956
40093954
40095142
40095543
40096692
40097211
40097215
40097217
40097218
40097230
40097324
40097335
40098174
40098326
40099382
40099595
40101066
40101074
40101178
40102784
40103375
40103376
40103377
40103379
40103382
40103383
40103880
40104195
40106114
40106813
40107254
40107884
40108272
40108919
40108938
40109464
40110036
40110986
40112631
40112941
40113475
40114109
40114162
40115843
40116240
40116412
40118296
40119762
40119971
40123456
40123605
40123891
40124133
40125297
40125512
40125732
40126052
40126859
40127892
40128056
40128722
40129201
40129385
40129948
40130256
40131137
40133564
40134699
40134785
40135025
40135177
40135292
40135774
40136872
40138071
40138259
40138389
40138776
40139265
40139370
40139646
40139767
40140000
40140313
40141298
40141831
40141978
40141994
40142224
40143196
40144648
40145634
40145668
40146210
40146242
40147494
40148097
40148297
40148929
40150822
40151110
40151119
40151120
40151121
40151131
40151436
40151438
40151965
40153020
40153028
40153809
40154579
40154899
40155890
40156262
40156396
40156397
40156803
40156818
40159291
40162400
40162611
40163851
40164280
40164328
40164347
40165187
40167850
40168156
40168506
40168567
40168878
40169314
40169513
40170103
40170210
40170635
40171008
40171160
40171270
40171620
40172077
40176024
40177192
40178216
40178716
40179604
40180346
40180572
40182129
40182307
40182600
40183030
40183888
40184086
40184097
40184100
40184112
40184143
40185188
40186210
40186262
40186311
40187623
40187937
40188308
40188828
40189047
40189641
40190044
40190345
40190965
40191865
40193681
40195201
40195706
40195915
40196017
40196093
40196364
40196965
40197199
40198955
40199822
40201729
40201731
40201854
40203813
40204199
40205249
40205568
40205594
40205608
40206581
40208181
40208368
40209826
40209965
40210176
40210575
40212170
40213169
40213216
40215402
40215764
40215819
40215821
40217443
40217836
40218858
40219030
40219888
40220420
40221258
40221684
40222111
40223074
40224979
40225352
40225699
40226075
40227702
40228253
40228263
40228370
40228372
40228419
40229156
40229157
40229159
40229166
40229168
40231484
40232374
40234918
40235271
40235527
40236879
40237523
40237740
40237799
40240122
40240481
40242090
40242929
40243079
40244217
40244573
40244694
40245983
40246094
40246789
40247729
40248381
40250086
40250639
40251146
40252198
40252437
40253594
40253954
40254555
40255536
40255662
40257467
40257585
40257926
40258394
40258526
40258627
40258679
40259298
40261359
40261465
40261531
40262933
40262934
40262935
40262936
40262937
40262939
40262940
40262996
40263045
40263783
40263917
40264088
40264327
40264388
40264442
40268084
40269359
40270059
40270263
40270955
40273014
40273199
40273679
40276181
40276312
40276464
40276853
40278944
40278958
40280151
40280375
40280615
40281446
40281451
40281555
40281781
40282445
40282861
40282913
40283120
40287314
40288054
40288287
40288581
40290065
40290607
40291448
40291455
40291643
40291842
40291867
40291872
40291892
40293888
40294098
40294254
40294829
40295333
40296603
40296623
40298059
40298061
40299180
40299266
40299729
40300014
40302863
40304239
40304760
40305092
40306553
40306664
40306915
40307940
40308372
40310503
40311479
40312644
40312971
40313496
40314033
40314908
40315727
40315954
40316118
40316153
40316768
40316916
40316982
40317042
40317390
40318414
40318535
40318944
40321077
40322646
40322799
40323846
40324053
40324688
40325652
40325676
40325699
40325700
40325713
40326309
40329247
40329262
40329718
40329927
40331125
40331369
40331681
40332238
40335165
40335395
40335674
40336399
40338349
40338925
40339227
40340110
40340689
40340819
40342028
40342392
40342939
40343400
40343523
40343601
40343657
40343795
40344579
40344995
40345271
40345470
40346658
40346990
40347546
40347600
40347927
40348499
40348517
40348845
40348860
40349545
40350449
40350764
40350823
40350848
40350891
40350933
40352290
40352479
40352818
40353925
40354602
40354838
40355165
40356770
40356998
40357193
40357566
40357819
40357901
40358879
40359186
40360090
40361719
40362741
40362817
40362819
40362854
40363749
40363917
40364487
40367144
40367511
40367573
40368405
40369919
40369921
40369922
40369923
40369924
40369927
40369931
40370646
40371957
40372383
40372449
40373404
40373798
40374152
40374210
40374400
40374592
40375076
40375092
40375149
40375369
40376939
40377578
40377811
40377967
40379985
40380251
40380357
40381125
40381166
40381252
40382681
40382759
40382884
40383247
40383256
40383985
40384049
40384385
40384998
40385019
40385060
40385573
40386559
40387368
40389318
40389682
40390143
40390189
40390302
40390613
40390614
40390615
40390616
40390617
40390618
40390619
40391398
40391501
40391580
40391827
40392830
40393441
40394253
40394623
40394917
40395742
40396322
40397221
40398561
40398703
40398705
40399719
40400107
40400428
40400738
40401871
40403582
40403617
40404185
40405209
40405772
40405945
40405980
40406243
40407146
40408801
40409580
40409738
40410849
40411139
40411348
40412056
40412094
40412271
40412286
40412302
40412454
40412751
40414817
40415422
40416058
40417141
40418859
40419393
40419397
40419899
40420172
40420272
40420543
40420618
40421823
40423657
40423677
40425349
40425630
40425853
40425973
40426065
40426728
40427011
40427978
40428208
40429320
40429851
40430390
40431403
40431555
40432562
40432646
40433263
40433923
40434728
40434884
40434973
40435704
40436440
40436687
40437330
40437518
40437527
40437703
40438721
40440258
40440836
40440916
40441462
40442345
40442669
40442709
40443907
40444380
40444624
40444640
40446313
40447223
40448236
40448818
40448991
40449037
40449361
40450240
40450492
40450584
40450796
40450932
40453250
40454147
40454737
40454741
40455676
40455679
40457358
40457716
40458071
40458304
40459015
40459144
40459150
40459527
40459745
40459796
40460824
40461213
40462044
40462781
40463950
40464419
40464461
40465001
40465118
40465634
40465703
40466146
40466829
40467022
40467223
40467225
40467290
40468032
40469989
40471457
40472704
40472720
40472927
40473822
40474017
40474773
40475351
40478787
40480426
40481343
40481612
40481925
40482861
40483151
40483168
40484833
40485117
40485422
40485795
40486003
40487830
40488304
40488684
40488685
40489225
40489408
40489675
40489796
40489869
40490599
40490676
40490788
40491104
40491314
40491629
40492107
40492286
40492747
40492750
40493319
40493418
40493549
40494390
40494411
40495158
40495208
40495416
40496364
40496689
40497027
40497572
40498411
40499621
40500803
40500815
40502826
40503450
40504310
40505101
40505861
40506755
40507141
40507145
40507204
40507336
40507812
40507904
40509054
40510098
40511168
40511247
40511422
40511615
40511857
40512138
40512375
40514211
40514390
40515371
40516005
40516244
40518609
40518773
40518777
40518778
40518784
40519030
40520031
40520163
40520457
40520904
40521422
40522425
40522525
40523549
40523702
40523983
40524297
40524301
40524305
40525037
40525075
40525350
40526282
40526651
40527062
40527501
40527792
40527849
40528050
40530523
40530837
40531151
40532490
40534482
40534889
40535633
40536688
40536824
40537176
40537391
40538511
40538582
40539066
40539144
40539343
40539488
40541392
40541747
40542236
40544277
40544754
40544977
40545299
40545529
40546116
40546606
40547140
40547768
40550653
40550664
40551158
40551282
40551643
40551644
40551645
40551646
40551649
40551652
40552988
40553534
40553719
40553980
40554572
40554870
40556050
40556294
40557027
40557248
40558109
40559234
40559384
40560240
40560403
40560521
40560956
40561744
40562587
40563070
40564074
40565170
40565187
40565232
40565971
40566816
40566931
40567007
40569518
40571840
40572023
40572756
40573110
40573172
40574292
40575604
40575874
40575938
40576721
40576727
40576750
40577425
40577547
40578679
40579960
40579994
40580576
40583529
40584228
40584505
40585643
40586202
40586350
40586925
40587521
40588640
40589337
40589409
40590265
40593027
40596392
40596707
40597024
40598228
40598717
40599271
40599441
40599673
40600806
40601214
40602075
40602364
40603084
40603121
40604458
40604606
40604937
40606563
40606589
40606731
40607608
40607862
40607963
40607992
40608865
40609217
40609675
40609797
40611045
40611671
40613003
40613072
40613435
40613787
40613807
40614166
40614376
40614466
40614467
40614488
40614618
40614979
40616597
40616625
40617044
40618145
40619132
40619705
40621326
40621695
40622207
40622369
40625987
40626852
40629607
40629633
40629641
40629893
40630711
40631877
40631936
40632043
40632600
40633539
40633692
40633762
40635402
40635856
40636752
40638964
40639242
40639311
40639997
40641196
40641717
40642756
40642809
40642890
40643767
40644271
40645000
40647170
40647278
40647296
40647338
40647721
40649358
40649782
40650082
40651230
40651772
40652540
40653365
40655062
40655708
40656299
40659292
40659542
40660553
40660559
40660607
40661940
40662157
40662595
40662854
40663436
40663806
40664113
40664406
40665336
40665700
40665717
40666606
40666775
40667516
40667915
40668773
40670164
40670170
40670171
40670173
40670175
40670930
40671006
40671181
40672366
40672439
40672819
40673305
40673802
40673844
40673869
40674263
40674855
40678610
40679074
40679246
40680333
40681127
40681209
40682108
40682163
40682478
40682982
40683522
40684525
40685227
40685498
40685662
40685719
40686138
40686144
40686145
40687588
40688301
40688305
40688587
40690201
40690702
40690751
40690825
40691023
40691025
40691026
40691027
40691028
40691032
40691769
40692944
40695569
40695649
40695662
40695844
40696609
40696679
40697404
40697645
40699646
40701129
40701220
40701596
40702242
40703279
40703359
40703413
40704433
40704819
40706140
40706712
40706958
40707152
40707371
40708048
40708119
40709466
40709630
40710479
40710539
40711721
40712098
40712839
40713117
40713350
40713587
40713955
40714530
40715538
40717591
40718031
40718938
40718975
40719204
40719350
40721012
40723205
40723904
40724874
40724921
40725403
40725879
40726076
40727680
40728104
40730130
40730275
40730402
40731916
40731935
40732596
40732897
40732929
40734531
40735036
40735744
40736420
40737250
40737513
40738122
40738753
40739203
40739862
40740021
40740071
40740920
40741005
40742342
40743683
40744231
40744414
40744662
40744888
40744909
40747262
40747709
40747993
40748395
40748548
40748667
40749809
40750039
40750865
40751193
40751228
40753041
40753796
40754029
40754568
40754836
40756512
40757856
40757984
40758208
40760611
40760926
40760935
40761154
40761220
40761667
40762756
40763037
40763965
40765021
40765097
40765131
40765201
40765567
40765865
40767222
40768548
40769872
40771218
40772120
40772645
40773861
40773964
40774707
40775774
40776654
40776779
40776874
40776875
40777177
40777606
40777670
40779005
40779147
40779914
40780540
40780719
40782216
40782764
40783656
40783852
40783857
40783863
40784914
40786053
40787897
40787993
40788219
40788869
40788881
40788918
40789570
40790756
40792098
40792300
40793826
40793883
40794160
40795526
40797418
40798973
40799202
40801473
40801996
40802408
40803613
40803881
40805066
40806091
40806142
40806321
40810009
40810224
40810225
40810229
40810231
40810236
40810704
40810787
40810934
40813465
40815847
40815944
40816165
40816302
40817430
40818019
40818311
40818939
40818969
40819540
40820043
40820062
40820687
40821128
40822303
40822954
40823702
40824014
40825690
40825694
40825695
40825706
40825719
40825894
40826685
40826758
40826794
40828383
40828899
40828933
40829297
40829485
40829997
40830852
40831324
40831755
40832142
40832705
40833017
40833650
40834098
40834688
40836169
40836211
40836410
40836492
40837741
40837814
40838926
40839339
40839603
40840151
40840825
40841481
40842139
40842979
40843071
40843911
40844059
40844138
40846070
40846516
40846517
40846518
40846519
40846522
40846861
40847402
40847801
40847865
40848689
40849381
40849447
40849458
40850241
40850332
40850402
40850655
40850823
40851132
40851363
40851436
40851734
40851967
40851968
40852345
40852842
40853258
40853261
40854377
40854680
40854851
40854852
40854853
40854854
40854858
40854859
40854862
40855083
40856681
40856793
40856829
40858412
40858564
40859166
40859508
40859541
40859564
40860664
40860839
40861214
40861670
40862035
40862373
40863144
40863586
40864416
40864449
40865661
40866595
40866775
40867347
40867641
40867839
40868108
40869488
40869579
40870418
40871607
40871663
40873077
40874859
40875152
40875565
40875699
40876098
40876551
40876886
40877137
40877601
40877811
40877852
40878605
40879101
40879803
40879841
40880678
40880691
40883194
40883820
40883824
40885986
40886059
40886867
40887487
40887495
40887796
40888674
40888947
40890470
40890795
40891779
40891882
40892213
40892502
40893039
40893360
40893718
40895754
40896354
40896900
40897573
40897982
40898240
40898905
40899893
40900241
40900247
40900339
40900432
40900833
40900878
40901102
40901290
40901589
40901890
40904087
40904132
40904157
40904234
40904435
40905015
40906169
40907339
40910201
40910581
40910746
40911740
40912359
40912707
40913193
40913858
40914150
40914430
40915534
40915875
40916006
40916355
40916521
40916525
40916541
40917350
40918406
40919119
40919693
40920291
40920585
40920667
40921230
40921946
40922037
40922305
40923144
40923150
40923448
40924306
40924823
40925233
40926886
40926940
40926993
40927795
40928506
40929099
40929884
40930293
40930977
40931569
40931621
40932072
40932073
40932074
40932075
40932076
40932079
40932543
40934001
40935238
40936393
40936725
40936907
40937411
40938065
40938111
40938960
40939219
40939480
40939710
40939893
40939945
40940051
40943405
40943623
40944037
40944123
40944142
40944242
40945225
40946396
40946823
40946991
40947440
40947696
40947861
40949429
40949492
40950836
40951837
40951902
40952661
40952889
40952961
40953142
40953233
40954051
40954053
40954057
40954058
40954060
40954404
40954636
40954639
40955192
40955526
40955796
40955847
40956288
40956457
40957299
40958222
40958329
40958685
40959151
40959777
40959821
40960165
40961539
40961681
40962224
40962721
40962723
40962724
40962727
40962728
40962729
40962730
40962732
40963131
40964881
40966124
40966192
40967073
40967081
40968515
40969839
40969950
40971728
40971843
40972257
40972728
40973202
40973724
40975381
40975648
40975909
40976344
40976667
40976785
40978061
40978178
40978285
40978960
40979148
40979478
40979486
40979852
40980332
40980420
40981164
40982122
40982150
40982391
40982709
40983409
40983496
40985906
40985954
40986464
40988151
40988483
40990232
40990659
40990766
40990914
40991404
40991959
40992150
40992247
40992441
40993485
40993781
40994712
40994958
40996187
40996198
40996482
40997113
40998881
40999410
40999435
40999449
41001015
41001134
41001551
41001862
41002979
41003013
41003992
41004114
41004855
41005283
41005658
41006145
41007726
41008401
41009612
41010443
41010499
41010691
41010977
41011557
41011761
41013514
41014885
41015064
41015130
41015810
41016220
41016294
41016641
41016887
41019426
41020146
41020673
41022262
41022924
41023542
41023722
41023741
41024239
41024290
41024879
41025069
41025437
41025845
41026405
41026492
41026582
41026681
41026887
41027667
41028107
41028656
41028744
41029033
41029085
41030326
41030878
41030905
41031055
41031176
41031436
41031551
41031618
41031774
41032481
41033775
41034371
41034621
41034912
41038156
41039269
41041343
41041962
41041966
41042187
41043175
41043592
41043843
41044024
41044203
41045123
41045170
41046081
41046328
41046377
41047053
41050645
41050754
41051006
41051130
41051616
41051991
41052669
41052691
41053079
41053294
41053935
41054140
41054171
41054179
41054463
41054759
41055223
41055772
41055827
41056390
41057124
41059234
41059917
41060042
41060915
41061030
41061317
41061999
41062152
41062291
41064086
41064274
41065611
41066303
41066875
41067172
41067205
41068148
41068753
41068813
41068905
41071523
41071977
41072244
41072599
41072704
41074412
41074517
41074521
41074525
41074533
41074726
41074971
41075129
41075520
41075712
41076070
41076216
41076308
41076972
41077019
41077318
41078050
41078153
41078219
41079945
41080557
41080957
41081308
41081431
41081571
41081680
41082059
41082984
41083053
41083438
41084264
41084434
41084461
41084480
41085217
41085824
41086186
41088028
41088191
41090678
41091017
41091405
41091433
41091931
41092094
41092221
41092568
41092833
41093020
41094366
41094541
41094745
41097200
41097229
41098008
41098622
41098674
41099550
41099587
41100515
41101592
41102052
41103351
41103454
41103523
41104623
41105168
41105553
41105834
41106206
41106569
41106709
41107737
41108334
41108598
41109034
41109043
41109096
41109790
41109804
41110212
41110483
41111377
41111640
41112738
41113044
41113132
41113703
41114550
41115144
41115327
41115357
41116039
41116822
41116983
41116984
41116986
41116988
41116990
41118013
41118458
41118648
41120676
41122717
41123527
41125176
41125472
41125800
41126113
41126401
41127548
41128036
41128780
41128911
41129872
41130468
41130579
41130697
41130926
41133153
41133299
41133339
41133518
41134133
41135322
41135941
41135946
41136355
41136829
41137241
41137512
41137798
41138179
41138457
41138570
41138871
41139264
41139279
41139378
41139608
41140195
41142187
41142624
41142962
41143548
41144022
41144033
41144100
41144380
41145104
41145311
41146177
41146582
41146827
41148447
41148531
41151198
41151647
41152052
41152428
41152760
41154399
41155170
41155203
41155499
41155679
41155771
41155893
41156167
41156542
41158518
41159395
41160277
41161993
41162755
41162852
41163926
41164551
41164821
41166712
41166906
41166911
41166915
41167532
41167752
41168281
41168300
41169406
41171585
41171764
41171982
41173047
41173080
41173473
41173926
41174557
41174685
41175510
41175585
41175717
41175992
41176136
41176178
41176184
41176683
41179650
41180131
41181591
41181619
41182019
41182331
41183717
41183922
41183932
41184826
41184969
41186623
41186791
41186800
41186831
41187358
41187583
41188164
41189159
41189212
41189245
41190695
41191085
41192653
41192763
41193540
41193824
41193983
41194244
41195268
41195920
41197245
41197754
41197783
41197910
41198886
41199799
41199987
41200988
41201100
41201756
41202344
41202347
41202375
41202397
41203018
41203761
41204007
41204196
41204643
41205394
41205711
41207269
41207271
41207916
41207976
41208755
41208866
41208915
41209154
41209288
41209506
41211649
41212721
41213045
41213233
41214402
41214680
41215984
41216006
41216743
41217615
41217686
41220710
41220937
41221582
41221726
41222770
41224422
41224610
41226537
41229465
41229900
41230015
41230169
41231108
41232175
41232428
41232708
41233171
41233218
41233851
41234968
41235306
41236071
41236447
41236871
41237367
41237966
41239256
41239294
41239673
41239696
41240215
41240536
41240815
41241993
41242556
41243129
41244935
41246317
41246324
41247371
41247745
41247820
41248113
41248363
41248399
41248400
41248408
41248643
41249063
41249095
41250975
41251181
41251451
41252544
41252994
41253294
41253444
41253445
41254058
41254931
41255083
41256797
41256933
41257942
41258320
41258671
41259207
41259607
41259611
41259621
41259628
41259629
41259953
41260484
41260538
41261021
41261022
41261023
41261028
41261537
41261538
41261545
41261547
41261559
41261614
41261666
41261679
41262996
41263129
41263828
41263836
41263886
41264913
41265216
41265259
41265305
41266641
41267780
41268249
41268282
41269040
41269360
41270578
41270656
41270806
41270879
41272418
41272479
41272496
41273956
41274790
41274796
41275954
41275978
41276449
41276664
41277510
41277766
41277791
41281532
41281732
41283635
41283989
41284569
41284575
41286641
41286966
41287008
41287139
41287367
41287889
41287971
41288697
41289070
41289315
41290068
41291817
41292042
41292374
41292771
41293446
41293764
41294333
41294853
41296396
41296603
41297203
41299126
41299128
41299371
41299437
41299561
41299720
41301403
41303258
41304820
41305629
41305641
41305683
41308251
41308563
41310106
41310239
41310932
41311079
41311205
41312593
41313411
41313951
41315504
41316557
41316574
41316614
41316642
41317165
41318595
41318770
41319240
41319932
41320114
41320288
41320312
41320887
41323420
41324134
41324366
41325693
41325937
41326266
41327705
41327758
41327886
41328428
41329218
41329472
41330160
41330396
41330862
41331862
41331992
41333364
41333583
41334634
41334710
41335173
41335552
41335890
41337836
41338311
41339168
41339219
41339228
41339291
41339949
41340004
41340307
41342472
41342618
41342757
41342987
41343096
41344013
41344227
41345003
41348326
41348736
41348772
41348963
41349333
41349354
41349456
41349728
41350141
41350992
41351041
41351220
41351297
41351938
41353045
41353091
41353215
41353984
41355288
41355350
41357515
41357636
41358146
41358978
41359054
41359516
41359562
41361375
41361389
41361709
41361728
41362880
41364169
41364377
41366370
41366387
41367019
41367026
41367129
41367222
41367906
41368112
41368588
41368692
41369388
41370427
41371746
41371889
41371892
41372748
41372788
41372867
41373073
41373949
41376216
41376234
41377564
41378035
41378272
41378660
41380206
41380494
41380644
41381570
41382361
41383000
41383466
41383798
41384432
41384483
41384518
41384622
41385121
41385833
41386308
41386628
41387850
41388216
41389238
41389491
41390992
41391208
41392050
41392531
41392563
41393288
41393581
41394293
41396394
41397717
41397722
41397727
41397728
41397828
41397881
41398826
41399203
41399384
41400180
41401101
41401136
41401601
41401982
41403470
41405152
41405225
41406481
41406702
41409267
41409453
41410828
41411216
41411699
41412301
41412801
41413394
41413604
41413722
41413920
41414816
41415565
41416068
41416253
41416688
41417331
41417393
41417730
41418136
41419043
41419124
41420164
41421592
41422628
41423154
41423224
41423291
41423304
41423388
41423718
41425719
41426565
41426574
41427056
41428118
41429612
41429682
41429844
41430331
41430738
41430994
41431298
41433344
41435591
41436117
41437677
41439307
41440259
41441556
41442957
41443092
41443910
41443912
41443913
41443914
41443915
41443918
41443919
41443920
41443921
41444762
41444839
41445828
41446326
41447366
41447843
41450490
41450867
41451174
41451814
41452428
41452513
41452681
41453292
41453429
41454256
41454349
41454660
41454895
41455456
41455539
41456294
41456295
41456986
41456990
41458259
41458494
41458748
41459083
41459872
41459890
41460832
41463126
41465903
41465941
41466047
41466705
41467617
41468525
41469050
41469063
41469282
41469643
41469646
41469720
41469953
41470759
41470862
41470902
41471336
41471378
41472548
41472549
41473336
41474155
41474578
41475404
41475813
41475879
41475902
41476304
41476853
41477654
41477912
41479185
41479614
41479727
41480447
41482111
41482169
41482869
41482875
41482907
41482914
41482916
41482917
41482918
41482920
41483269
41483349
41483486
41483731
41486963
41487034
41487820
41488535
41489845
41490636
41491531
41492340
41494151
41494250
41494619
41495793
41496045
41496047
41496110
41496147
41496150
41496769
41496773
41497746
41498277
41498759
41498898
41500363
41501215
41501577
41502198
41503363
41504159
41504633
41505075
41505809
41506109
41506249
41506643
41506952
41507050
41507560
41507722
41507726
41507755
41507954
41508081
41508088
41508092
41508167
41508214
41508814
41511735
41512601
41512636
41513067
41514165
41514400
41515247
41515258
41515289
41515487
41517553
41517657
41517658
41517687
41517735
41517789
41518650
41519020
41519318
41519623
41519677
41520079
41520497
41520501
41520710
41520847
41521551
41524597
41524873
41524945
41524952
41525148
41525172
41525799
41525872
41526070
41527519
41528408
41528571
41528729
41528995
41529516
41531391
41532172
41535950
41536507
41537295
41537313
41539419
41539856
41540372
41541051
41541189
41542772
41543190
41543815
41544255
41544308
41544309
41544720
41545042
41545818
41546213
41547232
41548366
41549461
41549871
41550058
41551144
41551826
41551867
41552992
41553027
41553229
41553923
41554935
41555511
41555584
41556010
41558024
41558182
41558459
41558540
41558703
41558706
41558711
41558719
41559977
41559994
41562149
41562509
41564522
41565032
41565200
41565223
41566189
41566545
41566727
41566728
41566729
41566730
41566731
41566733
41566737
41566738
41567807
41568131
41568365
41569724
41570378
41570661
41570700
41570785
41570965
41571210
41572027
41572059
41572498
41572597
41572812
41573499
41574639
41575357
41575449
41575797
41576184
41576876
41577154
41577375
41577918
41578494
41578516
41578634
41579316
41579364
41579981
41580138
41580240
41583532
41585165
41585804
41585879
41585901
41587139
41587227
41587899
41587904
41589575
41590636
41591262
41591321
41592448
41593585
41594874
41595590
41596207
41596402
41596949
41599817
41599945
41600249
41601148
41603662
41603715
41603833
41604113
41604189
41605371
41605805
41608484
41609043
41609222
41609304
41609355
41609464
41609620
41610368
41611292
41611337
41612523
41613311
41615388
41615559
41615570
41615582
41615944
41616665
41616682
41616684
41616882
41619401
41619564
41619836
41620805
41621341
41621346
41621348
41621763
41622613
41622932
41623304
41623678
41623856
41624173
41624970
41625356
41626092
41626403
41628027
41628034
41628179
41628188
41628483
41629834
41630200
41630219
41630228
41630279
41630980
41631722
41632027
41632063
41632957
41633692
41637335
41637874
41637916
41638457
41639685
41639935
41640550
41640615
41640952
41642353
41643533
41643873
41644465
41645589
41645933
41650683
41650876
41651921
41652477
41652582
41655431
41656233
41656235
41656363
41656711
41658566
41659826
41660115
41661027
41661213
41661261
41662651
41662654
41663467
41664559
41665352
41665432
41665460
41667024
41668042
41668083
41668172
41668679
41668813
41669123
41669332
41670139
41671707
41672020
41672520
41672915
41673763
41674055
41674308
41674515
41675213
41675983
41676177
41676799
41677468
41679371
41679911
41680003
41680896
41681904
41683316
41683896
41684045
41684092
41684127
41684537
41685326
41686548
41686703
41686781
41687332
41687567
41688115
41688284
41688964
41689227
41689306
41689324
41689540
41689631
41690031
41690654
41691722
41691860
41692806
41692856
41693023
41693546
41693710
41693772
41695835
41695841
41696872
41697157
41698016
41698020
41698627
41698688
41699790
41700369
41700933
41702057
41702149
41702272
41703096
41703407
41703833
41703993
41704029
41704617
41705654
41706175
41707749
41707810
41707884
41709265
41709570
41709972
41710291
41710394
41710500
41711005
41711151
41711200
41711778
41712216
41713254
41714869
41717546
41718606
41719951
41721318
41721401
41722069
41723912
41724286
41724398
41724481
41724505
41724527
41724606
41725927
41726258
41727902
41728409
41729337
41729616
41729809
41730554
41730764
41731196
41731299
41731575
41733497
41734610
41735062
41735063
41735064
41735065
41735214
41736018
41737186
41737539
41737842
41739224
41740818
41741977
41741983
41741986
41741987
41741991
41741993
41741996
41741998
41742288
41742437
41742703
41742965
41743446
41744053
41744130
41744294
41744948
41747791
41748178
41751005
41751166
41752454
41754164
41754168
41754212
41754220
41754836
41754867
41756395
41757464
41758402
41758815
41760036
41760279
41761454
41761965
41762910
41763187
41763491
41764449
41764527
41764543
41764939
41765945
41765996
41766149
41766153
41767521
41768937
41769462
41769930
41770539
41770560
41770644
41771389
41773166
41773318
41773447
41773753
41774650
41774738
41775004
41775466
41776397
41777131
41777144
41779759
41780102
41780132
41780438
41780836
41782485
41783108
41784838
41786451
41786866
41787413
41788230
41788575
41788733
41789602
41789811
41789857
41790238
41790383
41790679
41790680
41791008
41791220
41791600
41791797
41792076
41792631
41792699
41792927
41793931
41794895
41795294
41795496
41795540
41798849
41799227
41800089
41801063
41801085
41801841
41802795
41804554
41805821
41806502
41807247
41808193
41809221
41809360
41809531
41809619
41810508
41810847
41814697
41814715
41814735
41814741
41814823
41816488
41816493
41816844
41818127
41818249
41818307
41818923
41819412
41820038
41820945
41821045
41822262
41822614
41823638
41823889
41824892
41824903
41825106
41825157
41826519
41826894
41827525
41828336
41828611
41828916
41829884
41829954
41830643
41830783
41830868
41831282
41831501
41831528
41831738
41832846
41832866
41833317
41833700
41834452
41834547
41834549
41834987
41835086
41836315
41837144
41837404
41837947
41838346
41838713
41838996
41839222
41839577
41839579
41839580
41839581
41839582
41839586
41839587
41839588
41839592
41839598
41839600
41839601
41839603
41839729
41839730
41840122
41840883
41841598
41843163
41843666
41844585
41845237
41846209
41846212
41846392
41846715
41846765
41847835
41849087
41849339
41850488
41850498
41852275
41852452
41854140
41854749
41854804
41856020
41859131
41859922
41861455
41861650
41861688
41862837
41863759
41864385
41865457
41865689
41866077
41866261
41866478
41866921
41868126
41868130
41868826
41869692
41870495
41870947
41871306
41871606
41871887
41872845
41873283
41874466
41875000
41876714
41877153
41877394
41877798
41879369
41879404
41879405
41879442
41879895
41879994
41880472
41881664
41882297
41882573
41883170
41883587
41884570
41884812
41885748
41886086
41886286
41887327
41887649
41887691
41888768
41890576
41891180
41892442
41892960
41893025
41894131
41894502
41894721
41895045
41895157
41896349
41896823
41898194
41899240
41899480
41899716
41901107
41901159
41901644
41902532
41902667
41904294
41905096
41905472
41905517
41905730
41906200
41907478
41907786
41907859
41908350
41910701
41911077
41911215
41912109
41913479
41913488
41913800
41914061
41914243
41915432
41916074
41916828
41917321
41919726
41919835
41920538
41921253
41921332
41921865
41922296
41923026
41923086
41923104
41923256
41923907
41924539
41924736
41925071
41927169
41927398
41928640
41928669
41929763
41930007
41930010
41930390
41930406
41930483
41930558
41930749
41931447
41932195
41932403
41933456
41933465
41933975
41935364
41936006
41936654
41940217
41940573
41940581
41943008
41944111
41944596
41946599
41947352
41949422
41950551
41951067
41951092
41951707
41951848
41951901
41952515
41953402
41953598
41956405
41956520
41956789
41956975
41957536
41958137
41958307
41958581
41961057
41961190
41961516
41961852
41962471
41962610
41964553
41964947
41966356
41966357
41966794
41966844
41967209
41967456
41968054
41968560
41968766
41970128
41970289
41970323
41971071
41971479
41972668
41975170
41975391
41975429
41976472
41978099
41978131
41978181
41978636
41979147
41979226
41979308
41980112
41980254
41980413
41980682
41981416
41983502
41983800
41984132
41986806
41987003
41987277
41987439
41987440
41987441
41987445
41987446
41987449
41987456
41987624
41988338
41989223
41990935
41991345
41992401
41992528
41993051
41993982
41995291
41995562
41996041
41996667
41997636
41999142
41999182
41999830
42000588
42003163
42003699
42005434
42005480
42006890
42007490
42007516
42007671
42007672
42008542
42008941
42009085
42009733
42010417
42010512
42010533
42012939
42013083
42014243
42015632
42015633
42015634
42015637
42015640
42015645
42015768
42015786
42017301
42019690
42019994
42021328
42021673
42021886
42022062
42023849
42023972
42024150
42025003
42025881
42025914
42026107
42026621
42027669
42027733
42028440
42029414
42029783
42030129
42032588
42032701
42032821
42032958
42033089
42034032
42034131
42034201
42035213
42035552
42036265
42037222
42038140
42039911
42042598
42042689
42043662
42044019
42044159
42044373
42045040
42046081
42046792
42047480
42047937
42048112
42049527
42049742
42050155
42050494
42050644
42051748
42052196
42052299
42052772
42053364
42054041
42054770
42055420
42055716
42056937
42056970
42057299
42057854
42058138
42058192
42058246
42058808
42059053
42060509
42061085
42061105
42061128
42062027
42063701
42064987
42065177
42066020
42066057
42066661
42067062
42067586
42067924
42068188
42069160
42069428
42069567
42070316
42070323
42070660
42071823
42071865
42071876
42071881
42072350
42072404
42072731
42073531
42073991
42074149
42074745
42075029
42076937
42077070
42077587
42078627
42079017
42080711
42081440
42081613
42081899
42083117
42083640
42085096
42085764
42086366
42087286
42087346
42088810
42090412
42091334
42091844
42092132
42092331
42092579
42092924
42094598
42094894
42095787
42097237
42097868
42098807
42099087
42099192
42099442
42099446
42099590
42100128
42100256
42100286
42102002
42102088
42104428
42104553
42105270
42107852
42109168
42109267
42111367
42111807
42112126
42112337
42112345
42112583
42113787
42114217
42114438
42114937
42115243
42115394
42116770
42116771
42116772
42116775
42116776
42116778
42116779
42116780
42116781
42116782
42116784
42116790
42117410
42117469
42117718
42118387
42119625
42122013
42122997
42123346
42123818
42124342
42125503
42126279
42126615
42128433
42128482
42128517
42129361
42129760
42130077
42132479
42133213
42133255
42135569
42135665
42135693
42136191
42136239
42137144
42137366
42137427
42139788
42141474
42142147
42142739
42144851
42145757
42145770
42148864
42149321
42149357
42150221
42150829
42150836
42151830
42152593
42152638
42152719
42153502
42155249
42155725
42157061
42157414
42157563
42157952
42159818
42160492
42160921
42161050
42161189
42162672
42162855
42162943
42163232
42164337
42164357
42164453
42164686
42165159
42165798
42167008
42168431
42169794
42170435
42170984
42171856
42172933
42172934
42173214
42175481
42178075
42178887
42179005
42180605
42181178
42184243
42184365
42185055
42185056
42185057
42185061
42185063
42185572
42186691
42187891
42189557
42189747
42191050
42193420
42196113
42196945
42197051
42197062
42199768
42200357
42201031
42202075
42202270
42203114
42203238
42206629
42208303
42208705
42209316
42212284
42214992
42215072
42215154
42215410
42218532
42219066
42219932
42220277
42221106
42221125
42221324
42222417
42222533
42224774
42226497
42226872
42227513
42229096
42229980
42232745
42234395
42234539
42235844
42236255
42237408
42237442
42237513
42238864
42240188
42240472
42240736
42241180
42241691
42241870
42242853
42243278
42244314
42245301
42245493
42245697
42247330
42248695
42250026
42250129
42251808
42251832
42252217
42252949
42253685
42253964
42254229
42254744
42255005
42255248
42255327
42255814
42256702
42257759
42258444
42258818
42260483
42260872
42260918
42261035
42261541
42262669
42263954
42264804
42264805
42265965
42266135
42266172
42266954
42269639
42269799
42270403
42270885
42272674
42272700
42272806
42272836
42273520
42274073
42274745
42275444
42275875
42277576
42278994
42280329
42280420
42280433
42281042
42282346
42283039
42285172
42286845
42287322
42287868
42287882
42289186
42289315
42290771
42290786
42291578
42291585
42292584
42292663
42292972
42294347
42294365
42296011
42296200
42296378
42296650
42297248
42297593
42298114
42298563
42298753
42298999
42299242
42299296
42299674
42300513
42301370
42301656
42302296
42302879
42303244
42303312
42303354
42303359
42305535
42305547
42305865
42305896
42307486
42307765
42307841
42309231
42310018
42310255
42311560
42311993
42312208
42313031
42314603
42315245
42316063
42316358
42317442
42318059
42319083
42319865
42320438
42322828
42324324
42324888
42326021
42326124
42326314
42326338
42327864
42327994
42328434
42328593
42328945
42329344
42329354
42329834
42330753
42331289
42332504
42332531
42333626
42336710
42336995
42337543
42338204
42338379
42338488
42338582
42339919
42340140
42341514
42341528
42341856
42343511
42343512
42343513
42343515
42343520
42343522
42343529
42343531
42343674
42343675
42343676
42343678
42343683
42343831
42343849
42344533
42344604
42345622
42345918
42347905
42348025
42348039
42348354
42348611
42349681
42349942
42350843
42353198
42354228
42354388
42355755
42356039
42356308
42357854
42359007
42359199
42359330
42359984
42360653
42361950
42363369
42363554
42364367
42364537
42364674
42365408
42365414
42365418
42365657
42366047
42367108
42369078
42369151
42371222
42371340
42371539
42371840
42371936
42371993
42372198
42372218
42372487
42373429
42373501
42373923
42374645
42375445
42375983
42376403
42376418
42376425
42377197
42377231
42377426
42377907
42379386
42381645
42382056
42382059
42382776
42383022
42383293
42383884
42384099
42385045
42385949
42388959
42389264
42390051
42390651
42392714
42392780
42392802
42392806
42392814
42394157
42396694
42396757
42397982
42399892
42400993
42401526
42401797
42403716
42403831
42404389
42404983
42405384
42405394
42406800
42406849
42410909
42411514
42411528
42411702
42414646
42414772
42415496
42415571
42416281
42416997
42417324
42417943
42418040
42418263
42418688
42418937
42420026
42421357
42421876
42422910
42425558
42428503
42430260
42431053
42433423
42433844
42435821
42436948
42437705
42438796
42439290
42441416
42443075
42443077
42443078
42443080
42443081
42443084
42443094
42444223
42444823
42444850
42445155
42446325
42446443
42447970
42448945
42451464
42452904
42452987
42453039
42453069
42453512
42453572
42453591
42454106
42454677
42454797
42455385
42456132
42458156
42458370
42458449
42458895
42459321
42460073
42460838
42461149
42463195
42463601
42464224
42464390
42466703
42468781
42469038
42470532
42471283
42472796
42473923
42475098
42475306
42475444
42475613
42477650
42478542
42480413
42480617
42482575
42482576
42482577
42482578
42482579
42482580
42482581
42482582
42482583
42482585
42482589
42482993
42483105
42483374
42484240
42484702
42485741
42486458
42486821
42486830
42487192
42487291
42488242
42488551
42489178
42490566
42490770
42491276
42492437
42493817
42494137
42494529
42495648
42496318
42497521
42497788
42500458
42502524
42505226
42506375
