record_id,question_id,decision,reason_codes,confidence,evidence_basis,status
pubmed:10839071,HRS1_PERIOPERATIVE,deprioritize,population|off_topic,medium,abstract,ok
pubmed:10861158,HRS1_PERIOPERATIVE,retain,population|exposure|human_signal|design_signal,medium,abstract,ok
pubmed:10876447,HRS1_PERIOPERATIVE,retain,population|exposure|outcome|human_signal|design_signal,high,abstract,ok
pubmed:11090733,HRS1_PERIOPERATIVE,retain,population|exposure|human_signal|design_signal,medium,abstract,ok
pubmed:11103054,HRS1_PERIOPERATIVE,deprioritize,population|outcome|off_topic,medium,abstract,ok
pubmed:11111530,HRS1_PERIOPERATIVE,deprioritize,off_topic|insufficient_abstract,low,title_only,ok
pubmed:11132009,HRS1_PERIOPERATIVE,retain,population|exposure|outcome|human_signal|design_signal,high,abstract,ok
pubmed:11184531,HRS1_PERIOPERATIVE,uncertain,population|exposure|insufficient_abstract,low,title_only,ok
pubmed:11206893,HRS1_PERIOPERATIVE,retain,population|exposure|outcome|human_signal|design_signal,high,abstract,ok
pubmed:11251502,HRS1_PERIOPERATIVE,deprioritize,off_topic,high,abstract,ok
pubmed:11266639,HRS1_PERIOPERATIVE,retain,population|exposure|outcome,medium,abstract,ok
pubmed:11448284,HRS1_PERIOPERATIVE,retain,population|exposure|outcome|design_signal,high,abstract,ok
pubmed:11493302,HRS1_PERIOPERATIVE,retain,population|exposure|outcome|design_signal,high,abstract,ok
pubmed:11574384,HRS1_PERIOPERATIVE,retain,population|exposure|human_signal|design_signal,medium,abstract,ok
pubmed:11712472,HRS1_PERIOPERATIVE,retain,population|exposure|outcome,high,abstract,ok
pubmed:11783211,HRS1_PERIOPERATIVE,deprioritize,exposure|off_topic,medium,abstract,ok
pubmed:11789467,HRS1_PERIOPERATIVE,retain,population|exposure|outcome,high,abstract,ok
pubmed:11940341,HRS1_PERIOPERATIVE,deprioritize,off_topic,high,abstract,ok
pubmed:11958804,HRS1_PERIOPERATIVE,deprioritize,animal_term_present|off_topic,high,abstract,ok
pubmed:11969062,HRS1_PERIOPERATIVE,retain,population|exposure|outcome|human_signal|design_signal,high,abstract,ok
pubmed:12122516,HRS1_PERIOPERATIVE,retain,population|exposure|outcome|human_signal|design_signal,high,abstract,ok
pubmed:12134110,HRS1_PERIOPERATIVE,retain,population|exposure|outcome|human_signal|design_signal,medium,abstract,ok
pubmed:12190754,HRS1_PERIOPERATIVE,retain,population|exposure|outcome,high,abstract,ok
pubmed:12351304,HRS1_PERIOPERATIVE,deprioritize,population|off_topic,medium,abstract,ok
pubmed:12393786,HRS1_PERIOPERATIVE,retain,population|exposure|outcome|human_signal|design_signal,high,abstract,ok
pubmed:12422474,HRS1_PERIOPERATIVE,deprioritize,off_topic|insufficient_abstract,low,title_only,ok
pubmed:12514145,HRS1_PERIOPERATIVE,retain,population|exposure|human_signal|design_signal,medium,abstract,ok
pubmed:12528489,HRS1_PERIOPERATIVE,retain,population|exposure|outcome|human_signal|design_signal,high,abstract,ok
pubmed:12575376,HRS1_PERIOPERATIVE,deprioritize,exposure|off_topic,medium,abstract,ok
pubmed:12575883,HRS1_PERIOPERATIVE,uncertain,population,low,abstract,ok
pubmed:12769317,HRS1_PERIOPERATIVE,retain,population|exposure|outcome|human_signal|design_signal,medium,abstract,ok
pubmed:13678141,HRS1_PERIOPERATIVE,retain,population|exposure|outcome,high,abstract,ok
pubmed:13891485,HRS1_PERIOPERATIVE,deprioritize,off_topic|insufficient_abstract,low,title_only,ok
pubmed:14605480,HRS1_PERIOPERATIVE,retain,population|exposure|outcome|design_signal,medium,abstract,ok
pubmed:14666012,HRS1_PERIOPERATIVE,retain,population|exposure|outcome|design_signal,medium,abstract,ok
pubmed:14976886,HRS1_PERIOPERATIVE,retain,population|exposure|outcome|design_signal,medium,abstract,ok
pubmed:14984852,HRS1_PERIOPERATIVE,retain,population|exposure|human_signal|design_signal,medium,abstract,ok
pubmed:15017578,HRS1_PERIOPERATIVE,retain,population|exposure|outcome|human_signal|design_signal,medium,abstract,ok
pubmed:15109694,HRS1_PERIOPERATIVE,retain,population|exposure|outcome,high,abstract,ok
pubmed:15195032,HRS1_PERIOPERATIVE,retain,population|exposure|outcome|human_signal|design_signal,high,abstract,ok
pubmed:15385077,HRS1_PERIOPERATIVE,retain,population|exposure|outcome|human_signal|design_signal,high,abstract,ok
pubmed:15910344,HRS1_PERIOPERATIVE,retain,population|exposure|outcome|human_signal|design_signal,high,abstract,ok
pubmed:15960738,HRS1_PERIOPERATIVE,retain,exposure|outcome|insufficient_abstract,low,title_only,ok
pubmed:16093231,HRS1_PERIOPERATIVE,retain,exposure|outcome,low,abstract,ok
pubmed:16201292,HRS1_PERIOPERATIVE,deprioritize,exposure|off_topic,medium,abstract,ok
pubmed:16261853,HRS1_PERIOPERATIVE,deprioritize,population|off_topic,medium,abstract,ok
pubmed:16281740,HRS1_PERIOPERATIVE,retain,population|exposure|outcome|human_signal|design_signal,high,abstract,ok
pubmed:16337968,HRS1_PERIOPERATIVE,retain,exposure|outcome|human_signal|design_signal,medium,abstract,ok
pubmed:16543859,HRS1_PERIOPERATIVE,retain,population|exposure|insufficient_abstract,low,title_only,ok
pubmed:16613276,HRS1_PERIOPERATIVE,retain,population|exposure|outcome|design_signal,medium,abstract,ok
pubmed:16669953,HRS1_PERIOPERATIVE,deprioritize,off_topic,high,abstract,ok
pubmed:16758063,HRS1_PERIOPERATIVE,retain,population|exposure|insufficient_abstract,low,title_only,ok
pubmed:16932221,HRS1_PERIOPERATIVE,retain,population|exposure|insufficient_abstract,low,title_only,ok
pubmed:16935738,HRS1_PERIOPERATIVE,retain,population|exposure|outcome,high,abstract,ok
pubmed:16955723,HRS1_PERIOPERATIVE,retain,population|exposure|outcome|design_signal,medium,abstract,ok
pubmed:17058823,HRS1_PERIOPERATIVE,retain,population|exposure|outcome|design_signal,medium,abstract,ok
pubmed:17064525,HRS1_PERIOPERATIVE,retain,population|exposure|outcome|human_signal|design_signal,high,abstract,ok
pubmed:17094523,HRS1_PERIOPERATIVE,retain,population|exposure|outcome,high,abstract,ok
pubmed:17128108,HRS1_PERIOPERATIVE,deprioritize,exposure|off_topic,medium,abstract,ok
pubmed:17312476,HRS1_PERIOPERATIVE,retain,population|exposure|outcome|design_signal,high,abstract,ok
pubmed:17382219,HRS1_PERIOPERATIVE,deprioritize,population|off_topic,medium,abstract,ok
pubmed:17430769,HRS1_PERIOPERATIVE,retain,population|exposure|outcome,medium,abstract,ok
pubmed:17432678,HRS1_PERIOPERATIVE,retain,population|exposure|outcome|design_signal,medium,abstract,ok
pubmed:17466873,HRS1_PERIOPERATIVE,retain,population|exposure|outcome|human_signal|design_signal,high,abstract,ok
pubmed:17633371,HRS1_PERIOPERATIVE,retain,population|exposure|outcome|design_signal,medium,abstract,ok
pubmed:17640426,HRS1_PERIOPERATIVE,retain,population|exposure|outcome|design_signal,high,abstract,ok
pubmed:17672962,HRS1_PERIOPERATIVE,retain,population|exposure|outcome|human_signal|design_signal,high,abstract,ok
pubmed:17894152,HRS1_PERIOPERATIVE,deprioritize,population|off_topic,medium,abstract,ok
pubmed:18166748,HRS1_PERIOPERATIVE,retain,population|exposure|outcome|human_signal|design_signal,medium,abstract,ok
pubmed:18376362,HRS1_PERIOPERATIVE,deprioritize,exposure|off_topic,high,abstract,ok
pubmed:18418648,HRS1_PERIOPERATIVE,retain,population|exposure|outcome|design_signal,medium,abstract,ok
pubmed:18482012,HRS1_PERIOPERATIVE,deprioritize,population|off_topic,medium,abstract,ok
pubmed:18567171,HRS1_PERIOPERATIVE,retain,population|exposure|outcome|design_signal,medium,abstract,ok
pubmed:18605369,HRS1_PERIOPERATIVE,deprioritize,off_topic|insufficient_abstract,low,title_only,ok
pubmed:18637616,HRS1_PERIOPERATIVE,retain,population|exposure|outcome|human_signal|design_signal,high,abstract,ok
pubmed:18796123,HRS1_PERIOPERATIVE,retain,exposure|outcome|insufficient_abstract,low,title_only,ok
pubmed:19116576,HRS1_PERIOPERATIVE,retain,population|exposure|outcome|design_signal,high,abstract,ok
pubmed:19153029,HRS1_PERIOPERATIVE,retain,population|exposure|outcome|human_signal|design_signal,high,abstract,ok
pubmed:19224800,HRS1_PERIOPERATIVE,retain,population|exposure|outcome|design_signal,medium,abstract,ok
pubmed:19338151,HRS1_PERIOPERATIVE,retain,population|exposure|outcome|design_signal,medium,abstract,ok
pubmed:19476768,HRS1_PERIOPERATIVE,retain,population|exposure|outcome|human_signal|design_signal,high,abstract,ok
pubmed:19526755,HRS1_PERIOPERATIVE,retain,population|exposure|outcome|design_signal,medium,abstract,ok
pubmed:19570440,HRS1_PERIOPERATIVE,retain,population|exposure|outcome|human_signal|design_signal,medium,abstract,ok
pubmed:19590205,HRS1_PERIOPERATIVE,deprioritize,population|off_topic,medium,abstract,ok
pubmed:19825176,HRS1_PERIOPERATIVE,retain,population|exposure|outcome|human_signal|design_signal,high,abstract,ok
pubmed:19921983,HRS1_PERIOPERATIVE,retain,population|exposure|outcome|human_signal|design_signal,high,abstract,ok
pubmed:19922917,HRS1_PERIOPERATIVE,retain,exposure|outcome|insufficient_abstract,low,title_only,ok
pubmed:19994614,HRS1_PERIOPERATIVE,deprioritize,population|off_topic,medium,abstract,ok
pubmed:20052816,HRS1_PERIOPERATIVE,deprioritize,population|outcome|off_topic,medium,abstract,ok
pubmed:20085130,HRS1_PERIOPERATIVE,retain,exposure|outcome|human_signal|design_signal,medium,abstract,ok
pubmed:20098971,HRS1_PERIOPERATIVE,retain,population|exposure|outcome|human_signal|design_signal,medium,abstract,ok
pubmed:20233176,HRS1_PERIOPERATIVE,retain,population|exposure|outcome|human_signal|design_signal,high,abstract,ok
pubmed:20373930,HRS1_PERIOPERATIVE,retain,population|exposure|outcome|human_signal|design_signal,high,abstract,ok
pubmed:20417509,HRS1_PERIOPERATIVE,uncertain,exposure|insufficient_abstract,low,title_only,ok
pubmed:20581318,HRS1_PERIOPERATIVE,retain,population|exposure|outcome,low,abstract,ok
pubmed:20599078,HRS1_PERIOPERATIVE,deprioritize,population|off_topic,high,abstract,ok
pubmed:20622656,HRS1_PERIOPERATIVE,retain,population|exposure|outcome|design_signal,medium,abstract,ok
pubmed:20627706,HRS1_PERIOPERATIVE,deprioritize,population|off_topic,medium,abstract,ok
pubmed:20651752,HRS1_PERIOPERATIVE,uncertain,exposure|insufficient_abstract,low,title_only,ok
pubmed:20669666,HRS1_PERIOPERATIVE,retain,population|exposure|outcome|design_signal,medium,abstract,ok
pubmed:20683279,HRS1_PERIOPERATIVE,retain,population|exposure|outcome|design_signal,medium,abstract,ok
pubmed:20883870,HRS1_PERIOPERATIVE,uncertain,outcome|insufficient_abstract,low,title_only,ok
pubmed:20931479,HRS1_PERIOPERATIVE,uncertain,exposure|insufficient_abstract,low,title_only,ok
pubmed:20954959,HRS1_PERIOPERATIVE,retain,population|exposure|outcome|insufficient_abstract,low,title_only,ok
pubmed:20974030,HRS1_PERIOPERATIVE,deprioritize,population|off_topic,medium,abstract,ok
pubmed:21111880,HRS1_PERIOPERATIVE,retain,population|exposure|outcome|insufficient_abstract,low,title_only,ok
pubmed:21195151,HRS1_PERIOPERATIVE,deprioritize,exposure|off_topic,medium,abstract,ok
pubmed:21336558,HRS1_PERIOPERATIVE,deprioritize,off_topic,medium,abstract,ok
pubmed:21423055,HRS1_PERIOPERATIVE,retain,population|exposure|outcome|human_signal|design_signal,high,abstract,ok
pubmed:21575004,HRS1_PERIOPERATIVE,retain,population|exposure|outcome,low,abstract,ok
pubmed:21624132,HRS1_PERIOPERATIVE,retain,population|exposure|outcome|human_signal|design_signal,medium,abstract,ok
pubmed:21625908,HRS1_PERIOPERATIVE,deprioritize,population|off_topic,medium,abstract,ok
pubmed:21912817,HRS1_PERIOPERATIVE,deprioritize,animal_term_present|off_topic,high,abstract,ok
pubmed:21987426,HRS1_PERIOPERATIVE,deprioritize,population|off_topic,medium,abstract,ok
pubmed:22048283,HRS1_PERIOPERATIVE,retain,population|exposure|outcome|design_signal,medium,abstract,ok
pubmed:22063371,HRS1_PERIOPERATIVE,retain,population|exposure|design_signal,low,abstract,ok
pubmed:22076561,HRS1_PERIOPERATIVE,deprioritize,off_topic,high,abstract,ok
pubmed:22099619,HRS1_PERIOPERATIVE,retain,population|exposure|outcome,high,abstract,ok
pubmed:22196577,HRS1_PERIOPERATIVE,deprioritize,population|off_topic,medium,abstract,ok
pubmed:22268970,HRS1_PERIOPERATIVE,retain,population|exposure|outcome|human_signal|design_signal,medium,abstract,ok
pubmed:22269200,HRS1_PERIOPERATIVE,retain,population|exposure|outcome|human_signal|design_signal,high,abstract,ok
pubmed:22296924,HRS1_PERIOPERATIVE,deprioritize,off_topic,high,abstract,ok
pubmed:22392970,HRS1_PERIOPERATIVE,deprioritize,population|off_topic,medium,abstract,ok
pubmed:22395325,HRS1_PERIOPERATIVE,retain,population|exposure|outcome|design_signal,high,abstract,ok
pubmed:22395326,HRS1_PERIOPERATIVE,deprioritize,off_topic|insufficient_abstract,low,title_only,ok
pubmed:22403970,HRS1_PERIOPERATIVE,deprioritize,population|off_topic,high,abstract,ok
pubmed:22483186,HRS1_PERIOPERATIVE,deprioritize,animal_term_present|off_topic,high,abstract,ok
pubmed:22581258,HRS1_PERIOPERATIVE,retain,population|exposure|outcome|human_signal|design_signal,high,abstract,ok
pubmed:22788052,HRS1_PERIOPERATIVE,retain,population|exposure|outcome|human_signal|design_signal,high,abstract,ok
pubmed:22906201,HRS1_PERIOPERATIVE,retain,population|exposure|outcome|human_signal|design_signal,high,abstract,ok
pubmed:22939643,HRS1_PERIOPERATIVE,retain,population|exposure|outcome|design_signal,medium,abstract,ok
pubmed:22943356,HRS1_PERIOPERATIVE,deprioritize,off_topic|insufficient_abstract,low,title_only,ok
pubmed:23044161,HRS1_PERIOPERATIVE,retain,population|exposure|outcome|design_signal,medium,abstract,ok
pubmed:23128104,HRS1_PERIOPERATIVE,retain,population|exposure|outcome|human_signal|design_signal,high,abstract,ok
pubmed:23163143,HRS1_PERIOPERATIVE,retain,population|exposure|outcome|design_signal,medium,abstract,ok
pubmed:23262963,HRS1_PERIOPERATIVE,deprioritize,off_topic,medium,abstract,ok
pubmed:23420598,HRS1_PERIOPERATIVE,deprioritize,off_topic,high,abstract,ok
pubmed:23510951,HRS1_PERIOPERATIVE,retain,population|exposure|outcome|human_signal|design_signal,medium,abstract,ok
pubmed:23724529,HRS1_PERIOPERATIVE,retain,population|exposure|outcome|human_signal|design_signal,medium,abstract,ok
pubmed:23829573,HRS1_PERIOPERATIVE,deprioritize,population|off_topic,high,abstract,ok
pubmed:23867209,HRS1_PERIOPERATIVE,retain,population|exposure|outcome|human_signal|design_signal,medium,abstract,ok
pubmed:24039820,HRS1_PERIOPERATIVE,retain,population|exposure|outcome|design_signal,high,abstract,ok
pubmed:24085049,HRS1_PERIOPERATIVE,uncertain,population|outcome,low,abstract,ok
pubmed:243856,HRS1_PERIOPERATIVE,deprioritize,off_topic|insufficient_abstract,low,title_only,ok
pubmed:24462651,HRS1_PERIOPERATIVE,uncertain,population|outcome,low,abstract,ok
pubmed:24488003,HRS1_PERIOPERATIVE,retain,population|exposure|outcome|human_signal|design_signal,high,abstract,ok
pubmed:24587663,HRS1_PERIOPERATIVE,retain,population|exposure|outcome|design_signal,low,abstract,ok
pubmed:24992796,HRS1_PERIOPERATIVE,retain,population|exposure|design_signal,low,abstract,ok
pubmed:24993438,HRS1_PERIOPERATIVE,retain,population|exposure|outcome,high,abstract,ok
pubmed:24996802,HRS1_PERIOPERATIVE,deprioritize,population|off_topic,medium,abstract,ok
pubmed:25106547,HRS1_PERIOPERATIVE,retain,population|exposure|outcome|human_signal|design_signal,medium,abstract,ok
pubmed:25140597,HRS1_PERIOPERATIVE,retain,population|exposure|outcome|design_signal,medium,abstract,ok
pubmed:25199335,HRS1_PERIOPERATIVE,retain,population|exposure|outcome|design_signal,medium,abstract,ok
pubmed:25264330,HRS1_PERIOPERATIVE,deprioritize,population|off_topic,medium,abstract,ok
pubmed:25309668,HRS1_PERIOPERATIVE,retain,population|exposure|insufficient_abstract,low,title_only,ok
pubmed:25312751,HRS1_PERIOPERATIVE,retain,population|exposure|outcome|design_signal,low,abstract,ok
pubmed:25486915,HRS1_PERIOPERATIVE,retain,population|exposure|outcome|design_signal,medium,abstract,ok
pubmed:25847559,HRS1_PERIOPERATIVE,retain,population|exposure|outcome|design_signal,medium,abstract,ok
pubmed:25892528,HRS1_PERIOPERATIVE,retain,population|exposure|outcome|human_signal|design_signal,medium,abstract,ok
pubmed:26123286,HRS1_PERIOPERATIVE,retain,population|exposure|outcome|design_signal,medium,abstract,ok
pubmed:26342151,HRS1_PERIOPERATIVE,retain,population|exposure|outcome|design_signal,medium,abstract,ok
pubmed:26467546,HRS1_PERIOPERATIVE,retain,population|exposure|outcome|design_signal,high,abstract,ok
pubmed:26826922,HRS1_PERIOPERATIVE,retain,population|exposure|outcome|design_signal,low,abstract,ok
pubmed:27119920,HRS1_PERIOPERATIVE,retain,population|exposure|outcome|design_signal,medium,abstract,ok
pubmed:27286046,HRS1_PERIOPERATIVE,retain,population|exposure|design_signal,low,abstract,ok
pubmed:27461168,HRS1_PERIOPERATIVE,retain,population|exposure|outcome|human_signal|design_signal,medium,abstract,ok
pubmed:27610010,HRS1_PERIOPERATIVE,deprioritize,off_topic,medium,abstract,ok
pubmed:27658661,HRS1_PERIOPERATIVE,deprioritize,population|off_topic,medium,abstract,ok
pubmed:27751305,HRS1_PERIOPERATIVE,retain,population|exposure|outcome|human_signal|design_signal,high,abstract,ok
pubmed:27829428,HRS1_PERIOPERATIVE,deprioritize,population|off_topic,medium,abstract,ok
pubmed:27876239,HRS1_PERIOPERATIVE,deprioritize,exposure|off_topic,medium,abstract,ok
pubmed:27878352,HRS1_PERIOPERATIVE,retain,population|exposure|outcome|human_signal|design_signal,high,abstract,ok
pubmed:28007717,HRS1_PERIOPERATIVE,retain,population|exposure|outcome|human_signal|design_signal,high,abstract,ok
pubmed:2842680,HRS1_PERIOPERATIVE,retain,population|exposure|outcome|design_signal,medium,abstract,ok
pubmed:28460624,HRS1_PERIOPERATIVE,deprioritize,population|off_topic,medium,abstract,ok
pubmed:28724657,HRS1_PERIOPERATIVE,retain,exposure|outcome|design_signal,low,abstract,ok
pubmed:28914190,HRS1_PERIOPERATIVE,retain,population|exposure|outcome|design_signal,high,abstract,ok
pubmed:29395485,HRS1_PERIOPERATIVE,retain,population|exposure|outcome|design_signal,medium,abstract,ok
pubmed:29546292,HRS1_PERIOPERATIVE,retain,population|exposure|outcome|design_signal,medium,abstract,ok
pubmed:29627068,HRS1_PERIOPERATIVE,retain,population|exposure|outcome|design_signal,high,abstract,ok
pubmed:29667233,HRS1_PERIOPERATIVE,retain,population|exposure|outcome|human_signal|design_signal,high,abstract,ok
pubmed:29856175,HRS1_PERIOPERATIVE,retain,population|exposure|outcome|design_signal,medium,abstract,ok
pubmed:29880619,HRS1_PERIOPERATIVE,deprioritize,off_topic,medium,abstract,ok
pubmed:29882344,HRS1_PERIOPERATIVE,retain,population|exposure|outcome|human_signal|design_signal,high,abstract,ok
pubmed:29888990,HRS1_PERIOPERATIVE,retain,population|exposure|outcome|human_signal|design_signal,high,abstract,ok
pubmed:30013020,HRS1_PERIOPERATIVE,retain,population|exposure|outcome|human_signal|design_signal,high,abstract,ok
pubmed:30017873,HRS1_PERIOPERATIVE,retain,population|exposure|outcome|design_signal,medium,abstract,ok
pubmed:30110009,HRS1_PERIOPERATIVE,deprioritize,population|off_topic,medium,abstract,ok
pubmed:30232527,HRS1_PERIOPERATIVE,retain,population|exposure|outcome|design_signal,medium,abstract,ok
pubmed:30309814,HRS1_PERIOPERATIVE,uncertain,population|exposure,low,abstract,ok
pubmed:30334261,HRS1_PERIOPERATIVE,retain,population|exposure|outcome|design_signal,medium,abstract,ok
pubmed:30351804,HRS1_PERIOPERATIVE,retain,population|exposure|outcome,high,abstract,ok
pubmed:30431563,HRS1_PERIOPERATIVE,retain,population|exposure|outcome|design_signal,medium,abstract,ok
pubmed:30461638,HRS1_PERIOPERATIVE,deprioritize,off_topic,medium,abstract,ok
pubmed:30528849,HRS1_PERIOPERATIVE,retain,population|exposure|outcome|design_signal,medium,abstract,ok
pubmed:30571332,HRS1_PERIOPERATIVE,retain,population|exposure|outcome|human_signal|design_signal,high,abstract,ok
pubmed:30648494,HRS1_PERIOPERATIVE,deprioritize,population|off_topic,medium,abstract,ok
pubmed:30925514,HRS1_PERIOPERATIVE,retain,population|exposure|outcome,low,abstract,ok
pubmed:31094086,HRS1_PERIOPERATIVE,deprioritize,exposure|off_topic,medium,abstract,ok
pubmed:31186035,HRS1_PERIOPERATIVE,deprioritize,population|outcome|off_topic,medium,abstract,ok
pubmed:31475045,HRS1_PERIOPERATIVE,retain,population|exposure|outcome|design_signal,medium,abstract,ok
pubmed:31535811,HRS1_PERIOPERATIVE,retain,population|exposure|outcome|design_signal,medium,abstract,ok
pubmed:31537438,HRS1_PERIOPERATIVE,retain,population|exposure|outcome,low,abstract,ok
pubmed:31577540,HRS1_PERIOPERATIVE,retain,population|exposure|outcome|human_signal|design_signal,high,abstract,ok
pubmed:31580814,HRS1_PERIOPERATIVE,retain,population|exposure|outcome,high,abstract,ok
pubmed:31605493,HRS1_PERIOPERATIVE,retain,population|exposure|outcome|design_signal,medium,abstract,ok
pubmed:31870899,HRS1_PERIOPERATIVE,deprioritize,exposure|off_topic,medium,abstract,ok
pubmed:32201122,HRS1_PERIOPERATIVE,deprioritize,population|off_topic,high,abstract,ok
pubmed:32252936,HRS1_PERIOPERATIVE,deprioritize,off_topic,medium,abstract,ok
pubmed:32398461,HRS1_PERIOPERATIVE,retain,population|exposure|outcome|human_signal|design_signal,high,abstract,ok
pubmed:32442096,HRS1_PERIOPERATIVE,retain,population|exposure|outcome|human_signal|design_signal,medium,abstract,ok
pubmed:32487501,HRS1_PERIOPERATIVE,retain,population|exposure|outcome|design_signal,medium,abstract,ok
pubmed:32545511,HRS1_PERIOPERATIVE,deprioritize,exposure|off_topic,medium,abstract,ok
pubmed:32659245,HRS1_PERIOPERATIVE,retain,population|exposure|outcome|design_signal,high,abstract,ok
pubmed:32691389,HRS1_PERIOPERATIVE,retain,population|exposure|outcome|design_signal,high,abstract,ok
pubmed:32748472,HRS1_PERIOPERATIVE,retain,population|exposure|outcome|design_signal,medium,abstract,ok
pubmed:32769964,HRS1_PERIOPERATIVE,retain,population|exposure|outcome|design_signal,medium,abstract,ok
pubmed:32842823,HRS1_PERIOPERATIVE,deprioritize,off_topic,medium,abstract,ok
pubmed:32901242,HRS1_PERIOPERATIVE,deprioritize,population|off_topic,medium,abstract,ok
pubmed:33053814,HRS1_PERIOPERATIVE,retain,population|exposure|outcome|design_signal,medium,abstract,ok
pubmed:33218878,HRS1_PERIOPERATIVE,retain,population|exposure|outcome|design_signal,medium,abstract,ok
pubmed:33261258,HRS1_PERIOPERATIVE,retain,population|exposure|outcome|design_signal,medium,abstract,ok
pubmed:33350724,HRS1_PERIOPERATIVE,retain,population|exposure|outcome|design_signal,medium,abstract,ok
pubmed:33450748,HRS1_PERIOPERATIVE,deprioritize,exposure|off_topic,medium,abstract,ok
pubmed:33731638,HRS1_PERIOPERATIVE,deprioritize,off_topic|insufficient_abstract,low,title_only,ok
pubmed:3393932,HRS1_PERIOPERATIVE,deprioritize,exposure|off_topic,medium,abstract,ok
pubmed:33965294,HRS1_PERIOPERATIVE,retain,population|exposure|outcome|design_signal,medium,abstract,ok
pubmed:34184927,HRS1_PERIOPERATIVE,retain,population|exposure|outcome|design_signal,medium,abstract,ok
pubmed:34232163,HRS1_PERIOPERATIVE,retain,population|exposure|outcome|design_signal,high,abstract,ok
pubmed:34411017,HRS1_PERIOPERATIVE,retain,population|exposure|outcome|design_signal,medium,abstract,ok
pubmed:3443716,HRS1_PERIOPERATIVE,deprioritize,off_topic,medium,abstract,ok
pubmed:34559371,HRS1_PERIOPERATIVE,retain,population|exposure|outcome|design_signal,medium,abstract,ok
pubmed:34686401,HRS1_PERIOPERATIVE,retain,population|exposure|outcome|human_signal|design_signal,medium,abstract,ok
pubmed:34710946,HRS1_PERIOPERATIVE,retain,population|exposure|outcome|design_signal,medium,abstract,ok
pubmed:34844500,HRS1_PERIOPERATIVE,retain,population|exposure|design_signal,low,abstract,ok
pubmed:34859459,HRS1_PERIOPERATIVE,retain,population|exposure|outcome|design_signal,medium,abstract,ok
pubmed:35063205,HRS1_PERIOPERATIVE,retain,population|exposure|outcome|human_signal|design_signal,high,abstract,ok
pubmed:35085018,HRS1_PERIOPERATIVE,deprioritize,population|off_topic,medium,abstract,ok
pubmed:35283042,HRS1_PERIOPERATIVE,retain,population|exposure|outcome|design_signal,medium,abstract,ok
pubmed:35317870,HRS1_PERIOPERATIVE,retain,population|exposure|outcome|design_signal,medium,abstract,ok
pubmed:35382835,HRS1_PERIOPERATIVE,deprioritize,population|off_topic,high,abstract,ok
pubmed:35392839,HRS1_PERIOPERATIVE,retain,population|exposure|outcome|design_signal,medium,abstract,ok
pubmed:35417958,HRS1_PERIOPERATIVE,retain,population|exposure|outcome|design_signal,medium,abstract,ok
pubmed:35779783,HRS1_PERIOPERATIVE,deprioritize,exposure|off_topic,medium,abstract,ok
pubmed:35877927,HRS1_PERIOPERATIVE,deprioritize,population|off_topic,medium,abstract,ok
pubmed:36054262,HRS1_PERIOPERATIVE,deprioritize,population|off_topic,high,abstract,ok
pubmed:36107525,HRS1_PERIOPERATIVE,retain,population|exposure|outcome|design_signal,medium,abstract,ok
pubmed:36182059,HRS1_PERIOPERATIVE,deprioritize,exposure|off_topic,medium,abstract,ok
pubmed:36476355,HRS1_PERIOPERATIVE,deprioritize,population|off_topic,medium,abstract,ok
pubmed:36580029,HRS1_PERIOPERATIVE,retain,population|exposure|outcome|design_signal,medium,abstract,ok
pubmed:36611148,HRS1_PERIOPERATIVE,retain,population|exposure|outcome|design_signal,medium,abstract,ok
pubmed:36735455,HRS1_PERIOPERATIVE,retain,population|exposure|outcome|design_signal,medium,abstract,ok
pubmed:36966086,HRS1_PERIOPERATIVE,deprioritize,population|off_topic,high,abstract,ok
pubmed:37450384,HRS1_PERIOPERATIVE,retain,population|exposure|outcome|design_signal,medium,abstract,ok
pubmed:37565875,HRS1_PERIOPERATIVE,deprioritize,exposure|off_topic,medium,abstract,ok
pubmed:37625454,HRS1_PERIOPERATIVE,retain,population|exposure|outcome|design_signal,medium,abstract,ok
pubmed:37634077,HRS1_PERIOPERATIVE,retain,population|exposure|outcome|design_signal,medium,abstract,ok
pubmed:37658611,HRS1_PERIOPERATIVE,deprioritize,population|outcome|off_topic,medium,abstract,ok
pubmed:37729964,HRS1_PERIOPERATIVE,retain,population|exposure|outcome|design_signal,medium,abstract,ok
pubmed:37858617,HRS1_PERIOPERATIVE,deprioritize,population|off_topic,medium,abstract,ok
pubmed:37904349,HRS1_PERIOPERATIVE,retain,population|exposure|outcome|design_signal,medium,abstract,ok
pubmed:38502819,HRS1_PERIOPERATIVE,deprioritize,population|off_topic,medium,abstract,ok
pubmed:38613937,HRS1_PERIOPERATIVE,retain,population|exposure|outcome,high,abstract,ok
pubmed:38735483,HRS1_PERIOPERATIVE,retain,population|exposure|outcome|design_signal,medium,abstract,ok
pubmed:38776147,HRS1_PERIOPERATIVE,deprioritize,population|off_topic,medium,abstract,ok
pubmed:38847768,HRS1_PERIOPERATIVE,retain,population|exposure|outcome|design_signal,medium,abstract,ok
pubmed:38886787,HRS1_PERIOPERATIVE,deprioritize,exposure|off_topic,medium,abstract,ok
pubmed:39066774,HRS1_PERIOPERATIVE,deprioritize,population|off_topic,medium,abstract,ok
pubmed:39141633,HRS1_PERIOPERATIVE,deprioritize,exposure|off_topic,medium,abstract,ok
pubmed:39400653,HRS1_PERIOPERATIVE,deprioritize,population|off_topic,medium,abstract,ok
pubmed:39548553,HRS1_PERIOPERATIVE,retain,population|exposure|outcome|design_signal,medium,abstract,ok
pubmed:39817823,HRS1_PERIOPERATIVE,retain,population|exposure|outcome|design_signal,high,abstract,ok
pubmed:39931805,HRS1_PERIOPERATIVE,retain,population|exposure|outcome|design_signal,high,abstract,ok
pubmed:40043583,HRS1_PERIOPERATIVE,retain,population|exposure|outcome|design_signal,medium,abstract,ok
pubmed:40189047,HRS1_PERIOPERATIVE,retain,population|exposure|outcome|design_signal,medium,abstract,ok
pubmed:40495208,HRS1_PERIOPERATIVE,retain,population|exposure|outcome|design_signal,medium,abstract,ok
pubmed:40695569,HRS1_PERIOPERATIVE,retain,population|exposure|outcome|human_signal|design_signal,medium,abstract,ok
pubmed:40793826,HRS1_PERIOPERATIVE,retain,population|exposure|outcome|design_signal,medium,abstract,ok
pubmed:40981164,HRS1_PERIOPERATIVE,deprioritize,population|off_topic,medium,abstract,ok
pubmed:41003992,HRS1_PERIOPERATIVE,retain,population|exposure|outcome|design_signal,medium,abstract,ok
pubmed:41034912,HRS1_PERIOPERATIVE,retain,population|exposure|outcome|design_signal,high,abstract,ok
pubmed:41076308,HRS1_PERIOPERATIVE,deprioritize,population|off_topic,medium,abstract,ok
pubmed:41133518,HRS1_PERIOPERATIVE,retain,population|exposure|outcome|design_signal,medium,abstract,ok
pubmed:41192763,HRS1_PERIOPERATIVE,retain,population|exposure|outcome|design_signal,medium,abstract,ok
pubmed:41553229,HRS1_PERIOPERATIVE,deprioritize,population|off_topic,medium,abstract,ok
pubmed:42037222,HRS1_PERIOPERATIVE,retain,population|exposure|outcome,high,abstract,ok
pubmed:42341514,HRS1_PERIOPERATIVE,retain,population|exposure|outcome|human_signal|design_signal,medium,abstract,ok
pubmed:4402736,HRS1_PERIOPERATIVE,deprioritize,off_topic|insufficient_abstract,low,title_only,ok
pubmed:4532204,HRS1_PERIOPERATIVE,deprioritize,off_topic|insufficient_abstract,low,title_only,ok
pubmed:4631363,HRS1_PERIOPERATIVE,deprioritize,off_topic|insufficient_abstract,low,title_only,ok
pubmed:4719819,HRS1_PERIOPERATIVE,uncertain,population|insufficient_abstract,low,title_only,ok
pubmed:5954926,HRS1_PERIOPERATIVE,deprioritize,population|off_topic|insufficient_abstract,low,title_only,ok
pubmed:6348818,HRS1_PERIOPERATIVE,retain,population|exposure|design_signal,low,abstract,ok
pubmed:825361,HRS1_PERIOPERATIVE,retain,population|exposure|insufficient_abstract,low,title_only,ok
pubmed:9549914,HRS1_PERIOPERATIVE,deprioritize,off_topic|insufficient_abstract,low,title_only,ok
pubmed:9549917,HRS1_PERIOPERATIVE,deprioritize,population|off_topic,medium,abstract,ok
pubmed:11422925,HRS2_KIDNEY_DISEASE,retain,population|exposure|outcome,high,abstract,ok
pubmed:11877593,HRS2_KIDNEY_DISEASE,retain,population|exposure|outcome|human_signal|design_signal,high,abstract,ok
pubmed:14535226,HRS2_KIDNEY_DISEASE,retain,population|exposure|outcome,high,abstract,ok
pubmed:14690253,HRS2_KIDNEY_DISEASE,retain,population|exposure|outcome|design_signal,low,abstract,ok
pubmed:15821423,HRS2_KIDNEY_DISEASE,retain,population|exposure|outcome|design_signal,medium,abstract,ok
pubmed:16053010,HRS2_KIDNEY_DISEASE,retain,population|exposure|outcome|human_signal|design_signal,high,abstract,ok
pubmed:16581343,HRS2_KIDNEY_DISEASE,retain,population|exposure|outcome,high,abstract,ok
pubmed:17720098,HRS2_KIDNEY_DISEASE,retain,population|exposure|outcome|human_signal|design_signal,high,abstract,ok
pubmed:18845368,HRS2_KIDNEY_DISEASE,retain,population|exposure|outcome|design_signal,high,abstract,ok
pubmed:19176796,HRS2_KIDNEY_DISEASE,retain,population|exposure|outcome|human_signal|design_signal,medium,abstract,ok
pubmed:19359080,HRS2_KIDNEY_DISEASE,retain,population|exposure|outcome|design_signal,medium,abstract,ok
pubmed:19696220,HRS2_KIDNEY_DISEASE,retain,population|exposure|outcome,medium,abstract,ok
pubmed:19715929,HRS2_KIDNEY_DISEASE,retain,population|exposure|outcome|human_signal|design_signal,medium,abstract,ok
pubmed:19816042,HRS2_KIDNEY_DISEASE,retain,population|exposure|design_signal,low,abstract,ok
pubmed:20089499,HRS2_KIDNEY_DISEASE,retain,population|exposure|outcome,medium,abstract,ok
pubmed:20089502,HRS2_KIDNEY_DISEASE,retain,population|exposure|outcome|design_signal,high,abstract,ok
pubmed:20194238,HRS2_KIDNEY_DISEASE,retain,population|exposure|outcome|design_signal,medium,abstract,ok
pubmed:20196499,HRS2_KIDNEY_DISEASE,retain,population|exposure|outcome,low,abstract,ok
pubmed:20298505,HRS2_KIDNEY_DISEASE,deprioritize,population|off_topic,medium,abstract,ok
pubmed:20533155,HRS2_KIDNEY_DISEASE,retain,population|exposure|outcome|human_signal|design_signal,high,abstract,ok
pubmed:20586941,HRS2_KIDNEY_DISEASE,retain,population|exposure|outcome,high,abstract,ok
pubmed:20851307,HRS2_KIDNEY_DISEASE,retain,population|exposure|design_signal,low,abstract,ok
pubmed:21323790,HRS2_KIDNEY_DISEASE,retain,population|exposure|outcome,low,abstract,ok
pubmed:21543028,HRS2_KIDNEY_DISEASE,retain,population|exposure|outcome|human_signal|design_signal,high,abstract,ok
pubmed:21546836,HRS2_KIDNEY_DISEASE,retain,population|exposure|outcome,high,abstract,ok
pubmed:21617120,HRS2_KIDNEY_DISEASE,retain,population|exposure,low,abstract,ok
pubmed:21843148,HRS2_KIDNEY_DISEASE,retain,population|exposure|outcome,medium,abstract,ok
pubmed:22178174,HRS2_KIDNEY_DISEASE,retain,population|exposure|outcome|human_signal|design_signal,high,abstract,ok
pubmed:22536772,HRS2_KIDNEY_DISEASE,retain,population|exposure|outcome,medium,abstract,ok
pubmed:22550196,HRS2_KIDNEY_DISEASE,retain,population|exposure|outcome|human_signal|design_signal,high,abstract,ok
pubmed:22652728,HRS2_KIDNEY_DISEASE,retain,population|exposure|outcome,medium,abstract,ok
pubmed:22669774,HRS2_KIDNEY_DISEASE,deprioritize,population|off_topic,medium,abstract,ok
pubmed:22695899,HRS2_KIDNEY_DISEASE,retain,population|exposure|outcome|design_signal,high,abstract,ok
pubmed:22786510,HRS2_KIDNEY_DISEASE,retain,population|exposure|outcome|design_signal,high,abstract,ok
pubmed:22837272,HRS2_KIDNEY_DISEASE,retain,population|exposure|outcome,high,abstract,ok
pubmed:22962411,HRS2_KIDNEY_DISEASE,retain,population|exposure|outcome|human_signal|design_signal,high,abstract,ok
pubmed:23626678,HRS2_KIDNEY_DISEASE,retain,population|exposure|outcome|design_signal,high,abstract,ok
pubmed:23664686,HRS2_KIDNEY_DISEASE,retain,exposure|outcome|insufficient_abstract,low,title_only,ok
pubmed:23703822,HRS2_KIDNEY_DISEASE,retain,exposure|outcome|human_signal|design_signal,medium,abstract,ok
pubmed:23855149,HRS2_KIDNEY_DISEASE,retain,exposure|outcome|insufficient_abstract,low,title_only,ok
pubmed:24241095,HRS2_KIDNEY_DISEASE,retain,population|exposure|design_signal,low,abstract,ok
pubmed:24290246,HRS2_KIDNEY_DISEASE,retain,population|exposure|outcome|human_signal|design_signal,high,abstract,ok
pubmed:24646518,HRS2_KIDNEY_DISEASE,retain,population|exposure|outcome|design_signal,medium,abstract,ok
pubmed:24665660,HRS2_KIDNEY_DISEASE,retain,population|exposure|outcome,high,abstract,ok
pubmed:24862489,HRS2_KIDNEY_DISEASE,deprioritize,exposure|off_topic,medium,abstract,ok
pubmed:25317905,HRS2_KIDNEY_DISEASE,retain,population|exposure|outcome|design_signal,medium,abstract,ok
pubmed:25599730,HRS2_KIDNEY_DISEASE,retain,population|exposure|outcome,high,abstract,ok
pubmed:25609654,HRS2_KIDNEY_DISEASE,retain,population|exposure|outcome|human_signal|design_signal,high,abstract,ok
pubmed:25746727,HRS2_KIDNEY_DISEASE,retain,population|exposure|outcome|human_signal|design_signal,medium,abstract,ok
pubmed:25770176,HRS2_KIDNEY_DISEASE,retain,population|exposure|outcome|human_signal|design_signal,high,abstract,ok
pubmed:25874904,HRS2_KIDNEY_DISEASE,retain,population|exposure|outcome|design_signal,medium,abstract,ok
pubmed:25884981,HRS2_KIDNEY_DISEASE,retain,population|exposure|outcome|human_signal|design_signal,high,abstract,ok
pubmed:26211501,HRS2_KIDNEY_DISEASE,retain,population|exposure|outcome,medium,abstract,ok
pubmed:26239363,HRS2_KIDNEY_DISEASE,deprioritize,population|off_topic,medium,abstract,ok
pubmed:26498106,HRS2_KIDNEY_DISEASE,retain,population|exposure|outcome,high,abstract,ok
pubmed:26757660,HRS2_KIDNEY_DISEASE,uncertain,outcome|insufficient_abstract,low,title_only,ok
pubmed:26786148,HRS2_KIDNEY_DISEASE,deprioritize,exposure|off_topic,medium,abstract,ok
pubmed:27514606,HRS2_KIDNEY_DISEASE,retain,population|exposure|outcome|human_signal|design_signal,medium,abstract,ok
pubmed:27791225,HRS2_KIDNEY_DISEASE,retain,population|exposure|outcome|human_signal|design_signal,medium,abstract,ok
pubmed:27858927,HRS2_KIDNEY_DISEASE,retain,population|exposure|outcome|design_signal,high,abstract,ok
pubmed:27903997,HRS2_KIDNEY_DISEASE,retain,population|exposure|outcome|design_signal,medium,abstract,ok
pubmed:27923526,HRS2_KIDNEY_DISEASE,retain,population|exposure|outcome|design_signal,medium,abstract,ok
pubmed:27928454,HRS2_KIDNEY_DISEASE,retain,population|exposure|outcome|design_signal,medium,abstract,ok
pubmed:28001186,HRS2_KIDNEY_DISEASE,retain,population|exposure|outcome|human_signal|design_signal,high,abstract,ok
pubmed:28160765,HRS2_KIDNEY_DISEASE,retain,population|exposure|outcome|human_signal|design_signal,high,abstract,ok
pubmed:28271466,HRS2_KIDNEY_DISEASE,deprioritize,population|off_topic,medium,abstract,ok
pubmed:28346348,HRS2_KIDNEY_DISEASE,retain,population|exposure|outcome,medium,abstract,ok
pubmed:28375181,HRS2_KIDNEY_DISEASE,retain,population|exposure|outcome,low,abstract,ok
pubmed:28574937,HRS2_KIDNEY_DISEASE,deprioritize,exposure|off_topic,medium,abstract,ok
pubmed:29484540,HRS2_KIDNEY_DISEASE,retain,population|exposure|outcome|design_signal,medium,abstract,ok
pubmed:29779028,HRS2_KIDNEY_DISEASE,deprioritize,animal_term_present|off_topic,high,abstract,ok
pubmed:29961059,HRS2_KIDNEY_DISEASE,retain,population|exposure|outcome|design_signal,high,abstract,ok
pubmed:30056379,HRS2_KIDNEY_DISEASE,retain,population|exposure|outcome|design_signal,high,abstract,ok
pubmed:30125457,HRS2_KIDNEY_DISEASE,retain,population|exposure|outcome|human_signal|design_signal,high,abstract,ok
pubmed:30181461,HRS2_KIDNEY_DISEASE,retain,population|exposure|outcome|design_signal,high,abstract,ok
pubmed:30229462,HRS2_KIDNEY_DISEASE,deprioritize,population|off_topic,medium,abstract,ok
pubmed:30642029,HRS2_KIDNEY_DISEASE,retain,population|exposure|outcome,medium,abstract,ok
pubmed:30684283,HRS2_KIDNEY_DISEASE,retain,population|exposure|outcome,medium,abstract,ok
pubmed:31092669,HRS2_KIDNEY_DISEASE,retain,population|exposure|outcome|design_signal,high,abstract,ok
pubmed:31425172,HRS2_KIDNEY_DISEASE,deprioritize,exposure|off_topic,medium,abstract,ok
pubmed:31581752,HRS2_KIDNEY_DISEASE,retain,population|exposure|outcome,medium,abstract,ok
pubmed:31585781,HRS2_KIDNEY_DISEASE,retain,population|exposure|outcome,high,abstract,ok
pubmed:31829927,HRS2_KIDNEY_DISEASE,retain,population|exposure|outcome,high,abstract,ok
pubmed:31928802,HRS2_KIDNEY_DISEASE,retain,population|exposure,low,abstract,ok
pubmed:31996592,HRS2_KIDNEY_DISEASE,retain,population|exposure|outcome|design_signal,high,abstract,ok
pubmed:32162241,HRS2_KIDNEY_DISEASE,retain,population|exposure|outcome|human_signal|design_signal,high,abstract,ok
pubmed:32659245,HRS2_KIDNEY_DISEASE,retain,population|exposure|outcome,high,abstract,ok
pubmed:33121637,HRS2_KIDNEY_DISEASE,retain,population|exposure|outcome,high,abstract,ok
pubmed:33142717,HRS2_KIDNEY_DISEASE,retain,population|exposure|outcome|design_signal,medium,abstract,ok
pubmed:33367869,HRS2_KIDNEY_DISEASE,retain,population|exposure|outcome|human_signal|design_signal,high,abstract,ok
pubmed:33597108,HRS2_KIDNEY_DISEASE,retain,population|exposure|outcome|design_signal,medium,abstract,ok
pubmed:34155082,HRS2_KIDNEY_DISEASE,retain,population|exposure|outcome|human_signal|design_signal,medium,abstract,ok
pubmed:34254256,HRS2_KIDNEY_DISEASE,retain,population|exposure|outcome|human_signal|design_signal,high,abstract,ok
pubmed:34286806,HRS2_KIDNEY_DISEASE,retain,population|exposure|outcome|design_signal,high,abstract,ok
pubmed:34343992,HRS2_KIDNEY_DISEASE,retain,population|exposure|outcome,high,abstract,ok
pubmed:34378863,HRS2_KIDNEY_DISEASE,retain,population|exposure|outcome|human_signal|design_signal,high,abstract,ok
pubmed:34469084,HRS2_KIDNEY_DISEASE,retain,population|exposure|outcome,medium,abstract,ok
pubmed:34578879,HRS2_KIDNEY_DISEASE,retain,population|exposure|outcome|design_signal,medium,abstract,ok
pubmed:34669303,HRS2_KIDNEY_DISEASE,retain,population|exposure|outcome,high,abstract,ok
pubmed:34704483,HRS2_KIDNEY_DISEASE,retain,population|exposure,low,abstract,ok
pubmed:34740538,HRS2_KIDNEY_DISEASE,retain,population|exposure|outcome|human_signal|design_signal,medium,abstract,ok
pubmed:34802788,HRS2_KIDNEY_DISEASE,retain,population|exposure|outcome|human_signal|design_signal,medium,abstract,ok
pubmed:34905018,HRS2_KIDNEY_DISEASE,retain,population|exposure|outcome|design_signal,medium,abstract,ok
pubmed:35011106,HRS2_KIDNEY_DISEASE,retain,population|exposure|outcome|human_signal|design_signal,high,abstract,ok
pubmed:35073986,HRS2_KIDNEY_DISEASE,retain,population|exposure|outcome|design_signal,medium,abstract,ok
pubmed:35597332,HRS2_KIDNEY_DISEASE,retain,population|exposure|outcome|human_signal|design_signal,high,abstract,ok
pubmed:35609996,HRS2_KIDNEY_DISEASE,retain,population|exposure|outcome|human_signal|design_signal,high,abstract,ok
pubmed:35745210,HRS2_KIDNEY_DISEASE,retain,population|exposure|outcome|human_signal|design_signal,high,abstract,ok
pubmed:36041061,HRS2_KIDNEY_DISEASE,deprioritize,exposure|off_topic,medium,abstract,ok
pubmed:36749131,HRS2_KIDNEY_DISEASE,retain,population|exposure|outcome|human_signal|design_signal,high,abstract,ok
pubmed:37202214,HRS2_KIDNEY_DISEASE,retain,population|exposure|outcome|design_signal,high,abstract,ok
pubmed:37408329,HRS2_KIDNEY_DISEASE,retain,population|exposure|outcome|human_signal|design_signal,high,abstract,ok
pubmed:37870148,HRS2_KIDNEY_DISEASE,retain,population|exposure|outcome|design_signal,high,abstract,ok
pubmed:38056999,HRS2_KIDNEY_DISEASE,retain,population|exposure|outcome|human_signal|design_signal,high,abstract,ok
pubmed:38128853,HRS2_KIDNEY_DISEASE,retain,population|exposure|outcome|human_signal|design_signal,high,abstract,ok
pubmed:38199618,HRS2_KIDNEY_DISEASE,retain,population|exposure|outcome|design_signal,high,abstract,ok
pubmed:38728008,HRS2_KIDNEY_DISEASE,retain,population|exposure|outcome,medium,abstract,ok
pubmed:38810556,HRS2_KIDNEY_DISEASE,retain,population|exposure|outcome|human_signal|design_signal,high,abstract,ok
pubmed:38893451,HRS2_KIDNEY_DISEASE,retain,population|exposure|outcome|design_signal,medium,abstract,ok
pubmed:38931153,HRS2_KIDNEY_DISEASE,retain,population|exposure|outcome,medium,abstract,ok
pubmed:39436083,HRS2_KIDNEY_DISEASE,retain,population|exposure|outcome|human_signal|design_signal,medium,abstract,ok
pubmed:39639196,HRS2_KIDNEY_DISEASE,retain,population|exposure|outcome|human_signal|design_signal,high,abstract,ok
pubmed:39826005,HRS2_KIDNEY_DISEASE,retain,population|exposure|outcome|human_signal|design_signal,medium,abstract,ok
pubmed:40011815,HRS2_KIDNEY_DISEASE,retain,population|exposure|outcome|human_signal|design_signal,medium,abstract,ok
pubmed:40259348,HRS2_KIDNEY_DISEASE,retain,population|exposure|outcome|human_signal|design_signal,medium,abstract,ok
pubmed:40381110,HRS2_KIDNEY_DISEASE,retain,population|exposure|outcome|human_signal|design_signal,medium,abstract,ok
pubmed:40435579,HRS2_KIDNEY_DISEASE,retain,population|exposure|outcome|design_signal,medium,abstract,ok
pubmed:40594210,HRS2_KIDNEY_DISEASE,retain,population|exposure|outcome|human_signal|design_signal,medium,abstract,ok
pubmed:40690436,HRS2_KIDNEY_DISEASE,retain,population|exposure|outcome|design_signal,medium,abstract,ok
pubmed:41032243,HRS2_KIDNEY_DISEASE,retain,population|exposure|outcome|design_signal,medium,abstract,ok
pubmed:41201837,HRS2_KIDNEY_DISEASE,retain,population|exposure|outcome|human_signal|design_signal,high,abstract,ok
pubmed:41367906,HRS2_KIDNEY_DISEASE,retain,population|exposure|outcome|human_signal|design_signal,high,abstract,ok
pubmed:41683304,HRS2_KIDNEY_DISEASE,retain,population|exposure|outcome|human_signal|design_signal,medium,abstract,ok
pubmed:41692069,HRS2_KIDNEY_DISEASE,retain,population|exposure|outcome|design_signal,high,abstract,ok
pubmed:41813705,HRS2_KIDNEY_DISEASE,retain,population|exposure|human_signal,low,abstract,ok
pubmed:41851014,HRS2_KIDNEY_DISEASE,retain,population|exposure|outcome|design_signal,high,abstract,ok
pubmed:41933167,HRS2_KIDNEY_DISEASE,retain,population|exposure|outcome|human_signal|design_signal,medium,abstract,ok
pubmed:41961655,HRS2_KIDNEY_DISEASE,retain,population|exposure|outcome|human_signal|design_signal,high,abstract,ok
pubmed:10221607,HRS3_PREGNANCY,retain,population|exposure|outcome,high,abstract,ok
pubmed:10565401,HRS3_PREGNANCY,deprioritize,exposure|off_topic,medium,abstract,ok
pubmed:10597956,HRS3_PREGNANCY,retain,population|exposure|outcome|human_signal|design_signal,high,abstract,ok
pubmed:10597957,HRS3_PREGNANCY,retain,population|exposure|outcome|human_signal|design_signal,high,abstract,ok
pubmed:10618814,HRS3_PREGNANCY,deprioritize,exposure|off_topic,medium,abstract,ok
pubmed:10632957,HRS3_PREGNANCY,retain,population|exposure|outcome,medium,abstract,ok
pubmed:10791559,HRS3_PREGNANCY,deprioritize,population|outcome|off_topic,medium,abstract,ok
pubmed:10797835,HRS3_PREGNANCY,retain,population|exposure|outcome,low,abstract,ok
pubmed:10799405,HRS3_PREGNANCY,retain,population|exposure|outcome,high,abstract,ok
pubmed:10799410,HRS3_PREGNANCY,retain,population|exposure|outcome,high,abstract,ok
pubmed:10799411,HRS3_PREGNANCY,retain,population|exposure|outcome,medium,abstract,ok
pubmed:11246572,HRS3_PREGNANCY,retain,population|exposure|outcome|insufficient_abstract,low,title_only,ok
pubmed:11389365,HRS3_PREGNANCY,deprioritize,population|off_topic,medium,abstract,ok
pubmed:11710548,HRS3_PREGNANCY,retain,population|exposure|outcome,medium,abstract,ok
pubmed:11986454,HRS3_PREGNANCY,retain,population|exposure|outcome|human_signal|design_signal,high,abstract,ok
pubmed:12069403,HRS3_PREGNANCY,retain,population|exposure|outcome,low,abstract,ok
pubmed:12577128,HRS3_PREGNANCY,retain,population|exposure|outcome|design_signal,high,abstract,ok
pubmed:12589608,HRS3_PREGNANCY,retain,population|exposure|outcome,low,abstract,ok
pubmed:12592417,HRS3_PREGNANCY,retain,population|exposure|outcome|human_signal|design_signal,high,abstract,ok
pubmed:12636950,HRS3_PREGNANCY,retain,population|exposure|outcome|human_signal|design_signal,high,abstract,ok
pubmed:12790884,HRS3_PREGNANCY,retain,population|exposure|outcome,medium,abstract,ok
pubmed:1290771,HRS3_PREGNANCY,deprioritize,population|off_topic,medium,abstract,ok
pubmed:12910485,HRS3_PREGNANCY,retain,population|exposure|outcome|design_signal,high,abstract,ok
pubmed:12927015,HRS3_PREGNANCY,retain,population|exposure|outcome|human_signal|design_signal,medium,abstract,ok
pubmed:13053202,HRS3_PREGNANCY,retain,population|exposure|outcome|insufficient_abstract,low,title_only,ok
pubmed:13236236,HRS3_PREGNANCY,retain,population|exposure|insufficient_abstract,low,title_only,ok
pubmed:13907465,HRS3_PREGNANCY,retain,population|exposure|insufficient_abstract,low,title_only,ok
pubmed:14531887,HRS3_PREGNANCY,deprioritize,off_topic|insufficient_abstract,low,title_only,ok
pubmed:14662212,HRS3_PREGNANCY,retain,population|exposure|outcome|human_signal|design_signal,high,abstract,ok
pubmed:14755429,HRS3_PREGNANCY,retain,population|exposure|outcome|design_signal,high,abstract,ok
pubmed:15029739,HRS3_PREGNANCY,retain,population|exposure|outcome,high,abstract,ok
pubmed:15097014,HRS3_PREGNANCY,deprioritize,population|outcome|off_topic,medium,abstract,ok
pubmed:15123124,HRS3_PREGNANCY,retain,population|exposure|outcome,high,abstract,ok
pubmed:15166109,HRS3_PREGNANCY,retain,population|exposure|outcome|human_signal|design_signal,medium,abstract,ok
pubmed:15357625,HRS3_PREGNANCY,retain,population|exposure|outcome|human_signal|design_signal,high,abstract,ok
pubmed:15531434,HRS3_PREGNANCY,retain,population|exposure|outcome|human_signal|design_signal,medium,abstract,ok
pubmed:15615817,HRS3_PREGNANCY,retain,population|exposure|outcome|human_signal|design_signal,medium,abstract,ok
pubmed:15745642,HRS3_PREGNANCY,retain,population|exposure|outcome,medium,abstract,ok
pubmed:15802416,HRS3_PREGNANCY,retain,population|exposure|outcome|design_signal,high,abstract,ok
pubmed:15823690,HRS3_PREGNANCY,deprioritize,exposure|off_topic,medium,abstract,ok
pubmed:15846695,HRS3_PREGNANCY,retain,population|exposure|outcome|design_signal,high,abstract,ok
pubmed:15846696,HRS3_PREGNANCY,retain,population|exposure|outcome|design_signal,high,abstract,ok
pubmed:15847033,HRS3_PREGNANCY,retain,population|exposure|outcome,medium,abstract,ok
pubmed:15850143,HRS3_PREGNANCY,retain,population|exposure|outcome,medium,abstract,ok
pubmed:15863553,HRS3_PREGNANCY,retain,population|exposure|outcome,high,abstract,ok
pubmed:15894212,HRS3_PREGNANCY,retain,population|exposure|outcome,high,abstract,ok
pubmed:15907654,HRS3_PREGNANCY,deprioritize,population|outcome|off_topic,medium,abstract,ok
pubmed:15937944,HRS3_PREGNANCY,retain,population|exposure|outcome|human_signal|design_signal,high,abstract,ok
pubmed:15985279,HRS3_PREGNANCY,retain,population|exposure|outcome|human_signal|design_signal,medium,abstract,ok
pubmed:16037648,HRS3_PREGNANCY,retain,population|exposure|outcome,medium,abstract,ok
pubmed:16168747,HRS3_PREGNANCY,retain,population|exposure|outcome|human_signal|design_signal,medium,abstract,ok
pubmed:16320666,HRS3_PREGNANCY,retain,population|exposure|outcome,medium,abstract,ok
pubmed:16325743,HRS3_PREGNANCY,deprioritize,exposure|animal_term_present,medium,abstract,ok
pubmed:16492971,HRS3_PREGNANCY,deprioritize,animal_term_present|off_topic,high,abstract,ok
pubmed:16511885,HRS3_PREGNANCY,retain,population|exposure|human_signal|design_signal,low,abstract,ok
pubmed:16538237,HRS3_PREGNANCY,retain,population|exposure|human_signal|design_signal,low,abstract,ok
pubmed:16625530,HRS3_PREGNANCY,retain,population|exposure|outcome|design_signal,high,abstract,ok
pubmed:16740440,HRS3_PREGNANCY,retain,population|exposure|outcome|human_signal|design_signal,high,abstract,ok
pubmed:16763902,HRS3_PREGNANCY,deprioritize,exposure|off_topic,medium,abstract,ok
pubmed:16901666,HRS3_PREGNANCY,retain,population|exposure|outcome|human_signal|design_signal,high,abstract,ok
pubmed:16969438,HRS3_PREGNANCY,retain,population|exposure|outcome,medium,abstract,ok
pubmed:16988650,HRS3_PREGNANCY,retain,population|exposure|design_signal,low,abstract,ok
pubmed:17000569,HRS3_PREGNANCY,retain,population|exposure|outcome,low,abstract,ok
pubmed:17022907,HRS3_PREGNANCY,retain,population|exposure|outcome|design_signal,high,abstract,ok
pubmed:17054223,HRS3_PREGNANCY,retain,population|exposure|outcome|design_signal,high,abstract,ok
pubmed:17103190,HRS3_PREGNANCY,retain,population|exposure|outcome|human_signal|design_signal,medium,abstract,ok
pubmed:17133404,HRS3_PREGNANCY,retain,population|exposure|outcome|design_signal,high,abstract,ok
pubmed:17194171,HRS3_PREGNANCY,deprioritize,population|outcome|off_topic,medium,abstract,ok
pubmed:17299499,HRS3_PREGNANCY,retain,population|exposure|outcome|human_signal|design_signal,high,abstract,ok
pubmed:17325558,HRS3_PREGNANCY,retain,population|exposure|outcome|human_signal|design_signal,medium,abstract,ok
pubmed:17472477,HRS3_PREGNANCY,retain,population|exposure|outcome|human_signal|design_signal,medium,abstract,ok
pubmed:17526463,HRS3_PREGNANCY,retain,population|exposure|outcome,low,abstract,ok
pubmed:17889811,HRS3_PREGNANCY,deprioritize,population|outcome|off_topic,medium,abstract,ok
pubmed:18064661,HRS3_PREGNANCY,retain,population|exposure|outcome,medium,abstract,ok
pubmed:18076885,HRS3_PREGNANCY,retain,population|exposure|outcome|human_signal|design_signal,high,abstract,ok
pubmed:18088161,HRS3_PREGNANCY,retain,exposure|outcome|design_signal,low,abstract,ok
pubmed:18443550,HRS3_PREGNANCY,deprioritize,population|off_topic,medium,abstract,ok
pubmed:18461244,HRS3_PREGNANCY,retain,population|exposure|human_signal|design_signal,low,abstract,ok
pubmed:18467540,HRS3_PREGNANCY,deprioritize,off_topic|insufficient_abstract,low,title_only,ok
pubmed:18482454,HRS3_PREGNANCY,retain,population|exposure|outcome|human_signal|design_signal,high,abstract,ok
pubmed:18595980,HRS3_PREGNANCY,retain,population|exposure|outcome|human_signal|design_signal,high,abstract,ok
pubmed:18941947,HRS3_PREGNANCY,retain,population|exposure|outcome|human_signal|design_signal,medium,abstract,ok
pubmed:18978170,HRS3_PREGNANCY,retain,population|exposure|outcome|design_signal,medium,abstract,ok
pubmed:19056637,HRS3_PREGNANCY,retain,population|exposure|outcome,medium,abstract,ok
pubmed:19081432,HRS3_PREGNANCY,retain,population|exposure|outcome,high,abstract,ok
pubmed:19096117,HRS3_PREGNANCY,deprioritize,exposure|off_topic,medium,abstract,ok
pubmed:19219097,HRS3_PREGNANCY,retain,population|exposure|outcome|design_signal,medium,abstract,ok
pubmed:19254990,HRS3_PREGNANCY,retain,population|exposure|insufficient_abstract,low,title_only,ok
pubmed:19270804,HRS3_PREGNANCY,retain,population|exposure|outcome|human_signal|design_signal,medium,abstract,ok
pubmed:19318940,HRS3_PREGNANCY,retain,population|exposure|outcome,low,abstract,ok
pubmed:19476472,HRS3_PREGNANCY,retain,population|exposure|outcome,medium,abstract,ok
pubmed:19487083,HRS3_PREGNANCY,retain,population|exposure|outcome,high,abstract,ok
pubmed:19527380,HRS3_PREGNANCY,retain,population|exposure|outcome|human_signal|design_signal,high,abstract,ok
pubmed:19559066,HRS3_PREGNANCY,deprioritize,exposure|off_topic,medium,abstract,ok
pubmed:19622956,HRS3_PREGNANCY,retain,population|exposure|outcome|human_signal|design_signal,high,abstract,ok
pubmed:19804947,HRS3_PREGNANCY,retain,population|exposure|outcome,high,abstract,ok
pubmed:20024603,HRS3_PREGNANCY,retain,population|exposure|outcome,high,abstract,ok
pubmed:20027048,HRS3_PREGNANCY,deprioritize,population|off_topic,medium,abstract,ok
pubmed:20089774,HRS3_PREGNANCY,retain,population|exposure|outcome|human_signal|design_signal,high,abstract,ok
pubmed:20099994,HRS3_PREGNANCY,retain,population|exposure|outcome|design_signal,medium,abstract,ok
pubmed:20128938,HRS3_PREGNANCY,retain,population|exposure|outcome|human_signal|design_signal,high,abstract,ok
pubmed:20141666,HRS3_PREGNANCY,retain,population|exposure|outcome|human_signal|design_signal,high,abstract,ok
pubmed:20180693,HRS3_PREGNANCY,retain,population|exposure|outcome|human_signal|design_signal,medium,abstract,ok
pubmed:20353456,HRS3_PREGNANCY,retain,population|exposure|outcome|human_signal|design_signal,high,abstract,ok
pubmed:20368374,HRS3_PREGNANCY,retain,population|exposure|outcome|human_signal|design_signal,high,abstract,ok
pubmed:20369151,HRS3_PREGNANCY,retain,population|exposure|outcome,high,abstract,ok
pubmed:20381313,HRS3_PREGNANCY,retain,population|exposure|outcome|human_signal|design_signal,high,abstract,ok
pubmed:20435345,HRS3_PREGNANCY,retain,population|exposure|outcome|human_signal|design_signal,high,abstract,ok
pubmed:20504979,HRS3_PREGNANCY,deprioritize,population|off_topic,medium,abstract,ok
pubmed:20980489,HRS3_PREGNANCY,retain,population|exposure|outcome|human_signal|design_signal,high,abstract,ok
pubmed:21039913,HRS3_PREGNANCY,retain,population|exposure|outcome|human_signal|design_signal,high,abstract,ok
pubmed:21252966,HRS3_PREGNANCY,retain,population|exposure|outcome,high,abstract,ok
pubmed:21367581,HRS3_PREGNANCY,retain,population|exposure|outcome|human_signal|design_signal,medium,abstract,ok
pubmed:21424548,HRS3_PREGNANCY,retain,population|exposure|outcome,low,abstract,ok
pubmed:21470265,HRS3_PREGNANCY,retain,population|exposure|outcome|human_signal|design_signal,low,abstract,ok
pubmed:21470367,HRS3_PREGNANCY,deprioritize,population|outcome|off_topic,medium,abstract,ok
pubmed:21481234,HRS3_PREGNANCY,retain,population|exposure|outcome|human_signal|design_signal,high,abstract,ok
pubmed:21481821,HRS3_PREGNANCY,deprioritize,population|off_topic,medium,abstract,ok
pubmed:21527433,HRS3_PREGNANCY,retain,population|exposure|outcome|human_signal,medium,abstract,ok
pubmed:21544706,HRS3_PREGNANCY,deprioritize,population|off_topic,medium,abstract,ok
pubmed:21597985,HRS3_PREGNANCY,retain,population|exposure|outcome|human_signal|design_signal,medium,abstract,ok
pubmed:21643774,HRS3_PREGNANCY,deprioritize,population|off_topic,medium,abstract,ok
pubmed:21706518,HRS3_PREGNANCY,retain,population|exposure|outcome|human_signal|design_signal,high,abstract,ok
pubmed:21838165,HRS3_PREGNANCY,deprioritize,population|off_topic,medium,abstract,ok
pubmed:21895892,HRS3_PREGNANCY,retain,population|exposure|outcome|design_signal,high,abstract,ok
pubmed:21915935,HRS3_PREGNANCY,retain,population|exposure|outcome,high,abstract,ok
pubmed:22002219,HRS3_PREGNANCY,retain,population|exposure|outcome,medium,abstract,ok
pubmed:22047825,HRS3_PREGNANCY,retain,population|exposure|outcome|human_signal|design_signal,low,abstract,ok
pubmed:22056564,HRS3_PREGNANCY,deprioritize,animal_term_present|off_topic,high,abstract,ok
pubmed:22059409,HRS3_PREGNANCY,retain,population|exposure|outcome|human_signal|design_signal,high,abstract,ok
pubmed:22081889,HRS3_PREGNANCY,retain,population|exposure|outcome|human_signal|design_signal,medium,abstract,ok
pubmed:22235686,HRS3_PREGNANCY,deprioritize,exposure|off_topic,medium,abstract,ok
pubmed:22269042,HRS3_PREGNANCY,retain,population|exposure|outcome|human_signal|design_signal,medium,abstract,ok
pubmed:22325302,HRS3_PREGNANCY,retain,population|exposure|outcome,high,abstract,ok
pubmed:22327736,HRS3_PREGNANCY,retain,population|exposure|outcome|design_signal,high,abstract,ok
pubmed:22349090,HRS3_PREGNANCY,retain,population|exposure|outcome,medium,abstract,ok
pubmed:22369393,HRS3_PREGNANCY,retain,population|exposure|outcome|human_signal|design_signal,high,abstract,ok
pubmed:22435354,HRS3_PREGNANCY,retain,exposure|outcome|design_signal,medium,abstract,ok
pubmed:22659194,HRS3_PREGNANCY,retain,population|exposure|design_signal,low,abstract,ok
pubmed:22734580,HRS3_PREGNANCY,retain,population|exposure|outcome|human_signal|design_signal,low,abstract,ok
pubmed:22771225,HRS3_PREGNANCY,retain,population|exposure|outcome,high,abstract,ok
pubmed:22786531,HRS3_PREGNANCY,retain,population|exposure|outcome|design_signal,high,abstract,ok
pubmed:22900183,HRS3_PREGNANCY,retain,population|exposure|outcome,medium,abstract,ok
pubmed:22943726,HRS3_PREGNANCY,retain,population|exposure|outcome|insufficient_abstract,low,title_only,ok
pubmed:22951628,HRS3_PREGNANCY,retain,population|exposure|outcome|design_signal,high,abstract,ok
pubmed:23029616,HRS3_PREGNANCY,deprioritize,population|off_topic,medium,abstract,ok
pubmed:23131462,HRS3_PREGNANCY,retain,population|exposure|outcome|human_signal|design_signal,high,abstract,ok
pubmed:23152228,HRS3_PREGNANCY,retain,population|exposure|outcome|design_signal,high,abstract,ok
pubmed:23157584,HRS3_PREGNANCY,retain,exposure|outcome|design_signal,medium,abstract,ok
pubmed:23205866,HRS3_PREGNANCY,retain,population|exposure|outcome|design_signal,high,abstract,ok
pubmed:232204,HRS3_PREGNANCY,retain,population|exposure|outcome,medium,abstract,ok
pubmed:23262963,HRS3_PREGNANCY,retain,population|exposure|outcome,low,abstract,ok
pubmed:23268736,HRS3_PREGNANCY,retain,population|exposure|outcome|human_signal|design_signal,high,abstract,ok
pubmed:23275017,HRS3_PREGNANCY,retain,population|exposure|outcome,high,abstract,ok
pubmed:23342891,HRS3_PREGNANCY,deprioritize,population|off_topic,medium,abstract,ok
pubmed:23350208,HRS3_PREGNANCY,retain,population|exposure|outcome,medium,abstract,ok
pubmed:23420136,HRS3_PREGNANCY,retain,population|exposure|outcome,high,abstract,ok
pubmed:23435582,HRS3_PREGNANCY,retain,population|exposure|outcome|design_signal,high,abstract,ok
pubmed:23442391,HRS3_PREGNANCY,retain,population|exposure|outcome|human_signal|design_signal,high,abstract,ok
pubmed:23539202,HRS3_PREGNANCY,retain,population|exposure|outcome,low,abstract,ok
pubmed:23559082,HRS3_PREGNANCY,retain,population|exposure|outcome|human_signal|design_signal,high,abstract,ok
pubmed:23578649,HRS3_PREGNANCY,deprioritize,animal_term_present|off_topic,high,abstract,ok
pubmed:23587190,HRS3_PREGNANCY,retain,population|exposure|outcome|human_signal|design_signal,high,abstract,ok
pubmed:23639938,HRS3_PREGNANCY,retain,population|exposure|outcome|human_signal|design_signal,medium,abstract,ok
pubmed:23684997,HRS3_PREGNANCY,retain,population|exposure|outcome,medium,abstract,ok
pubmed:23716465,HRS3_PREGNANCY,retain,population|exposure|outcome|human_signal|design_signal,medium,abstract,ok
pubmed:23815874,HRS3_PREGNANCY,retain,population|exposure|outcome|human_signal,low,abstract,ok
pubmed:24032278,HRS3_PREGNANCY,retain,population|exposure|outcome,high,abstract,ok
pubmed:24054765,HRS3_PREGNANCY,retain,population|exposure|outcome,high,abstract,ok
pubmed:24120698,HRS3_PREGNANCY,retain,population|exposure|outcome,medium,abstract,ok
pubmed:24164813,HRS3_PREGNANCY,retain,population|exposure|outcome|design_signal,high,abstract,ok
pubmed:24176229,HRS3_PREGNANCY,deprioritize,population|off_topic,medium,abstract,ok
pubmed:24233255,HRS3_PREGNANCY,retain,population|exposure|outcome|human_signal|design_signal,high,abstract,ok
pubmed:24277681,HRS3_PREGNANCY,retain,population|exposure|outcome|design_signal,medium,abstract,ok
pubmed:24451224,HRS3_PREGNANCY,retain,population|exposure|outcome,low,abstract,ok
pubmed:24535321,HRS3_PREGNANCY,retain,population|exposure|outcome|design_signal,high,abstract,ok
pubmed:24614387,HRS3_PREGNANCY,retain,population|exposure|outcome|design_signal,high,abstract,ok
pubmed:24642205,HRS3_PREGNANCY,retain,population|exposure|outcome|design_signal,high,abstract,ok
pubmed:24645773,HRS3_PREGNANCY,deprioritize,exposure|off_topic,high,abstract,ok
pubmed:24645975,HRS3_PREGNANCY,deprioritize,exposure|off_topic,high,abstract,ok
pubmed:24679067,HRS3_PREGNANCY,retain,population|exposure|outcome|human_signal|design_signal,medium,abstract,ok
pubmed:24686805,HRS3_PREGNANCY,retain,population|exposure|outcome|design_signal,low,abstract,ok
pubmed:24696187,HRS3_PREGNANCY,retain,population|exposure|outcome|design_signal,high,abstract,ok
pubmed:24720591,HRS3_PREGNANCY,retain,population|exposure|outcome,medium,abstract,ok
pubmed:24754328,HRS3_PREGNANCY,retain,population|exposure|outcome|human_signal|design_signal,medium,abstract,ok
pubmed:24762311,HRS3_PREGNANCY,deprioritize,population|off_topic,high,abstract,ok
pubmed:24806435,HRS3_PREGNANCY,uncertain,exposure|outcome,low,abstract,ok
pubmed:24810692,HRS3_PREGNANCY,retain,population|exposure|outcome|design_signal,high,abstract,ok
pubmed:24975195,HRS3_PREGNANCY,retain,population|exposure|outcome|design_signal,medium,abstract,ok
pubmed:25044451,HRS3_PREGNANCY,retain,population|exposure|outcome,low,abstract,ok
pubmed:25093607,HRS3_PREGNANCY,retain,population|exposure|outcome|human_signal|design_signal,high,abstract,ok
pubmed:25117752,HRS3_PREGNANCY,retain,population|exposure|outcome|human_signal|design_signal,medium,abstract,ok
pubmed:25180056,HRS3_PREGNANCY,retain,population|exposure|outcome|design_signal,low,abstract,ok
pubmed:25293764,HRS3_PREGNANCY,retain,population|exposure|outcome|human_signal|design_signal,high,abstract,ok
pubmed:25398206,HRS3_PREGNANCY,retain,population|exposure|outcome,high,abstract,ok
pubmed:25415364,HRS3_PREGNANCY,retain,population|exposure|outcome|design_signal,high,abstract,ok
pubmed:25424556,HRS3_PREGNANCY,retain,population|exposure|outcome|human_signal|design_signal,high,abstract,ok
pubmed:25488886,HRS3_PREGNANCY,retain,population|exposure|outcome|design_signal,medium,abstract,ok
pubmed:256028,HRS3_PREGNANCY,retain,population|exposure|insufficient_abstract,low,title_only,ok
pubmed:25866306,HRS3_PREGNANCY,retain,population|exposure|outcome|human_signal|design_signal,medium,abstract,ok
pubmed:25872115,HRS3_PREGNANCY,retain,population|exposure|outcome|design_signal,medium,abstract,ok
pubmed:25971830,HRS3_PREGNANCY,retain,population|exposure|outcome|human_signal|design_signal,high,abstract,ok
pubmed:26039815,HRS3_PREGNANCY,retain,population|exposure|outcome|design_signal,high,abstract,ok
pubmed:26099195,HRS3_PREGNANCY,retain,population|exposure|outcome|human_signal|design_signal,high,abstract,ok
pubmed:26178749,HRS3_PREGNANCY,retain,population|exposure|outcome,medium,abstract,ok
pubmed:26198451,HRS3_PREGNANCY,retain,population|exposure|outcome|design_signal,high,abstract,ok
pubmed:26228703,HRS3_PREGNANCY,retain,population|exposure|outcome|human_signal|design_signal,high,abstract,ok
pubmed:26240050,HRS3_PREGNANCY,retain,population|exposure|outcome|design_signal,high,abstract,ok
pubmed:26247661,HRS3_PREGNANCY,retain,population|exposure|outcome|human_signal|design_signal,medium,abstract,ok
pubmed:26280534,HRS3_PREGNANCY,retain,population|exposure|outcome|human_signal|design_signal,high,abstract,ok
pubmed:26301282,HRS3_PREGNANCY,retain,population|exposure|outcome|insufficient_abstract,low,title_only,ok
pubmed:26334606,HRS3_PREGNANCY,retain,population|exposure|outcome|design_signal,high,abstract,ok
pubmed:26343254,HRS3_PREGNANCY,retain,population|exposure|outcome|design_signal,high,abstract,ok
pubmed:26343712,HRS3_PREGNANCY,retain,population|exposure|outcome|human_signal|design_signal,medium,abstract,ok
pubmed:26348751,HRS3_PREGNANCY,retain,population|exposure|outcome|human_signal|design_signal,high,abstract,ok
pubmed:26374177,HRS3_PREGNANCY,retain,population|exposure|outcome,high,abstract,ok
pubmed:26375995,HRS3_PREGNANCY,deprioritize,exposure|off_topic,medium,abstract,ok
pubmed:26415762,HRS3_PREGNANCY,retain,population|exposure|outcome|design_signal,high,abstract,ok
pubmed:26441065,HRS3_PREGNANCY,retain,population|exposure|outcome|design_signal,high,abstract,ok
pubmed:26456736,HRS3_PREGNANCY,retain,population|exposure|outcome|human_signal|design_signal,medium,abstract,ok
pubmed:26457716,HRS3_PREGNANCY,retain,population|exposure|outcome|human_signal|design_signal,low,abstract,ok
pubmed:26476891,HRS3_PREGNANCY,retain,population|exposure|outcome,medium,abstract,ok
pubmed:26482110,HRS3_PREGNANCY,retain,population|exposure|outcome|design_signal,high,abstract,ok
pubmed:26522344,HRS3_PREGNANCY,retain,population|exposure|outcome|design_signal,high,abstract,ok
pubmed:26601850,HRS3_PREGNANCY,retain,population|exposure|outcome|design_signal,medium,abstract,ok
pubmed:26662928,HRS3_PREGNANCY,retain,population|exposure|outcome|design_signal,high,abstract,ok
pubmed:26732633,HRS3_PREGNANCY,retain,population|exposure|outcome|design_signal,high,abstract,ok
pubmed:26817380,HRS3_PREGNANCY,deprioritize,population|off_topic,medium,abstract,ok
pubmed:26886241,HRS3_PREGNANCY,retain,population|exposure|outcome,low,abstract,ok
pubmed:26900104,HRS3_PREGNANCY,deprioritize,animal_term_present|off_topic,high,abstract,ok
pubmed:26901401,HRS3_PREGNANCY,retain,population|exposure|outcome|design_signal,high,abstract,ok
pubmed:26909852,HRS3_PREGNANCY,retain,population|exposure|outcome,high,abstract,ok
pubmed:26944421,HRS3_PREGNANCY,retain,population|exposure|outcome|human_signal|design_signal,high,abstract,ok
pubmed:26956254,HRS3_PREGNANCY,retain,population|exposure|outcome,high,abstract,ok
pubmed:27211322,HRS3_PREGNANCY,deprioritize,animal_term_present|off_topic,high,abstract,ok
pubmed:27246791,HRS3_PREGNANCY,retain,population|exposure|outcome|design_signal,high,abstract,ok
pubmed:27440542,HRS3_PREGNANCY,retain,population|exposure|outcome|design_signal,medium,abstract,ok
pubmed:27540762,HRS3_PREGNANCY,retain,population|exposure|outcome|human_signal|design_signal,medium,abstract,ok
pubmed:27544544,HRS3_PREGNANCY,retain,population|exposure|outcome|human_signal|design_signal,medium,abstract,ok
pubmed:27571855,HRS3_PREGNANCY,retain,population|exposure|outcome,high,abstract,ok
pubmed:27611852,HRS3_PREGNANCY,deprioritize,animal_term_present|off_topic,high,abstract,ok
pubmed:27697077,HRS3_PREGNANCY,retain,population|exposure|outcome|design_signal,high,abstract,ok
pubmed:27716105,HRS3_PREGNANCY,retain,population|exposure|outcome|human_signal|design_signal,high,abstract,ok
pubmed:27718306,HRS3_PREGNANCY,retain,population|exposure|outcome,high,abstract,ok
pubmed:27720038,HRS3_PREGNANCY,retain,population|exposure|outcome,medium,abstract,ok
pubmed:27724923,HRS3_PREGNANCY,retain,population|exposure|outcome|design_signal,high,abstract,ok
pubmed:27754451,HRS3_PREGNANCY,retain,population|exposure|outcome|design_signal,medium,abstract,ok
pubmed:27780751,HRS3_PREGNANCY,retain,population|exposure|outcome,medium,abstract,ok
pubmed:27888033,HRS3_PREGNANCY,retain,population|exposure|outcome|design_signal,high,abstract,ok
pubmed:28097361,HRS3_PREGNANCY,retain,population|exposure|outcome|design_signal,high,abstract,ok
pubmed:28097362,HRS3_PREGNANCY,retain,population|exposure|outcome,high,abstract,ok
pubmed:28162128,HRS3_PREGNANCY,retain,population|exposure|outcome|human_signal|design_signal,high,abstract,ok
pubmed:28188842,HRS3_PREGNANCY,retain,population|exposure|outcome,high,abstract,ok
pubmed:28217829,HRS3_PREGNANCY,retain,population|exposure|outcome,medium,abstract,ok
pubmed:28336109,HRS3_PREGNANCY,retain,population|exposure|outcome|design_signal,high,abstract,ok
pubmed:28407219,HRS3_PREGNANCY,retain,population|exposure|outcome|design_signal,high,abstract,ok
pubmed:28486989,HRS3_PREGNANCY,deprioritize,animal_term_present|off_topic,high,abstract,ok
pubmed:28495620,HRS3_PREGNANCY,retain,population|exposure|outcome|design_signal,high,abstract,ok
pubmed:28518221,HRS3_PREGNANCY,deprioritize,population|off_topic,high,abstract,ok
pubmed:28617257,HRS3_PREGNANCY,retain,population|exposure|human_signal|design_signal,low,abstract,ok
pubmed:28693088,HRS3_PREGNANCY,retain,population|exposure|outcome|human_signal|design_signal,medium,abstract,ok
pubmed:28724657,HRS3_PREGNANCY,retain,population|exposure|outcome|human_signal|design_signal,high,abstract,ok
pubmed:28818086,HRS3_PREGNANCY,retain,population|exposure|outcome,medium,abstract,ok
pubmed:28934093,HRS3_PREGNANCY,retain,population|exposure|outcome|human_signal|design_signal,medium,abstract,ok
pubmed:28938431,HRS3_PREGNANCY,deprioritize,population|off_topic,medium,abstract,ok
pubmed:29019855,HRS3_PREGNANCY,retain,population|exposure|outcome|human_signal|design_signal,high,abstract,ok
pubmed:29030199,HRS3_PREGNANCY,retain,population|exposure|outcome|human_signal|design_signal,high,abstract,ok
pubmed:29070554,HRS3_PREGNANCY,retain,population|exposure|outcome|design_signal,high,abstract,ok
pubmed:29155442,HRS3_PREGNANCY,retain,population|exposure|outcome,high,abstract,ok
pubmed:29160184,HRS3_PREGNANCY,retain,population|exposure|human_signal|design_signal,low,abstract,ok
pubmed:29196155,HRS3_PREGNANCY,retain,population|exposure|outcome|human_signal|design_signal,high,abstract,ok
pubmed:29215383,HRS3_PREGNANCY,retain,population|exposure|outcome,medium,abstract,ok
pubmed:29272167,HRS3_PREGNANCY,retain,population|exposure|outcome,medium,abstract,ok
pubmed:29298985,HRS3_PREGNANCY,retain,population|exposure|outcome,medium,abstract,ok
pubmed:29350490,HRS3_PREGNANCY,retain,population|exposure|outcome|human_signal|design_signal,high,abstract,ok
pubmed:29411302,HRS3_PREGNANCY,deprioritize,population|off_topic,medium,abstract,ok
pubmed:29417644,HRS3_PREGNANCY,retain,population|exposure|outcome,high,abstract,ok
pubmed:29458926,HRS3_PREGNANCY,retain,population|exposure|outcome|human_signal|design_signal,high,abstract,ok
pubmed:29679395,HRS3_PREGNANCY,retain,population|exposure|outcome,low,abstract,ok
pubmed:29722838,HRS3_PREGNANCY,retain,population|exposure|outcome|human_signal|design_signal,high,abstract,ok
pubmed:29782556,HRS3_PREGNANCY,retain,population|exposure|outcome|design_signal,medium,abstract,ok
pubmed:29788364,HRS3_PREGNANCY,retain,population|exposure|outcome|human_signal|design_signal,high,abstract,ok
pubmed:29801482,HRS3_PREGNANCY,retain,population|exposure|outcome|human_signal|design_signal,high,abstract,ok
pubmed:29882092,HRS3_PREGNANCY,retain,population|exposure|outcome,low,abstract,ok
pubmed:29882344,HRS3_PREGNANCY,retain,population|exposure|outcome|human_signal|design_signal,high,abstract,ok
pubmed:29976852,HRS3_PREGNANCY,retain,population|exposure|outcome,high,abstract,ok
pubmed:30002014,HRS3_PREGNANCY,retain,population|exposure|human_signal|design_signal,low,abstract,ok
pubmed:30089075,HRS3_PREGNANCY,retain,population|exposure|outcome|human_signal|design_signal,high,abstract,ok
pubmed:30149482,HRS3_PREGNANCY,retain,population|exposure|outcome|human_signal|design_signal,high,abstract,ok
pubmed:30185932,HRS3_PREGNANCY,retain,population|exposure|outcome|human_signal|design_signal,medium,abstract,ok
pubmed:30281229,HRS3_PREGNANCY,retain,population|exposure|outcome,medium,abstract,ok
pubmed:30392317,HRS3_PREGNANCY,retain,population|exposure|outcome|human_signal|design_signal,high,abstract,ok
pubmed:30480773,HRS3_PREGNANCY,retain,population|exposure|outcome|design_signal,high,abstract,ok
pubmed:30552064,HRS3_PREGNANCY,retain,population|exposure|outcome|human_signal|design_signal,high,abstract,ok
pubmed:30561844,HRS3_PREGNANCY,retain,population|exposure|outcome|design_signal,medium,abstract,ok
pubmed:30570133,HRS3_PREGNANCY,retain,population|exposure|outcome|design_signal,medium,abstract,ok
pubmed:30699214,HRS3_PREGNANCY,retain,population|exposure|outcome|human_signal|design_signal,medium,abstract,ok
pubmed:30873598,HRS3_PREGNANCY,retain,population|exposure|outcome|design_signal,high,abstract,ok
pubmed:30901325,HRS3_PREGNANCY,retain,population|exposure|outcome|design_signal,high,abstract,ok
pubmed:30909386,HRS3_PREGNANCY,retain,population|exposure|outcome,high,abstract,ok
pubmed:30969204,HRS3_PREGNANCY,retain,population|exposure|outcome|design_signal,high,abstract,ok
pubmed:30977622,HRS3_PREGNANCY,retain,population|exposure|human_signal|design_signal,low,abstract,ok
pubmed:31053513,HRS3_PREGNANCY,retain,population|exposure|outcome|human_signal|design_signal,high,abstract,ok
pubmed:31104187,HRS3_PREGNANCY,retain,population|exposure|human_signal,low,abstract,ok
pubmed:31109614,HRS3_PREGNANCY,retain,population|exposure|outcome,low,abstract,ok
pubmed:31177763,HRS3_PREGNANCY,retain,population|exposure|outcome,medium,abstract,ok
pubmed:31220527,HRS3_PREGNANCY,deprioritize,exposure|animal_term_present,medium,abstract,ok
pubmed:31241129,HRS3_PREGNANCY,retain,population|exposure|outcome,low,abstract,ok
pubmed:31257442,HRS3_PREGNANCY,retain,population|exposure|outcome|human_signal|design_signal,high,abstract,ok
pubmed:31259764,HRS3_PREGNANCY,deprioritize,animal_term_present|off_topic,medium,abstract,ok
pubmed:31348529,HRS3_PREGNANCY,retain,population|exposure|outcome|design_signal,high,abstract,ok
pubmed:31353725,HRS3_PREGNANCY,deprioritize,animal_term_present|off_topic,high,abstract,ok
pubmed:31368026,HRS3_PREGNANCY,retain,population|exposure|outcome|design_signal,high,abstract,ok
pubmed:31441896,HRS3_PREGNANCY,deprioritize,population|off_topic,medium,abstract,ok
pubmed:31496456,HRS3_PREGNANCY,retain,population|exposure|outcome|human_signal|design_signal,low,abstract,ok
pubmed:31509674,HRS3_PREGNANCY,retain,population|exposure|outcome|human_signal|design_signal,high,abstract,ok
pubmed:31584939,HRS3_PREGNANCY,retain,population|exposure|outcome|human_signal|design_signal,high,abstract,ok
pubmed:31607468,HRS3_PREGNANCY,retain,population|exposure|outcome|human_signal|design_signal,high,abstract,ok
pubmed:31937153,HRS3_PREGNANCY,retain,population|exposure|outcome|design_signal,high,abstract,ok
pubmed:31994568,HRS3_PREGNANCY,deprioritize,population|off_topic,medium,abstract,ok
pubmed:32131751,HRS3_PREGNANCY,retain,population|exposure|design_signal,low,abstract,ok
pubmed:32182980,HRS3_PREGNANCY,retain,population|exposure|outcome|design_signal,medium,abstract,ok
pubmed:32238218,HRS3_PREGNANCY,retain,population|exposure|outcome|human_signal|design_signal,high,abstract,ok
pubmed:32312690,HRS3_PREGNANCY,retain,population|exposure|outcome,medium,abstract,ok
pubmed:32330373,HRS3_PREGNANCY,deprioritize,population|off_topic,medium,abstract,ok
pubmed:32403449,HRS3_PREGNANCY,deprioritize,animal_term_present|off_topic,high,abstract,ok
pubmed:32539219,HRS3_PREGNANCY,deprioritize,animal_term_present|off_topic,high,abstract,ok
pubmed:32575163,HRS3_PREGNANCY,retain,population|exposure|outcome|design_signal,high,abstract,ok
pubmed:32578335,HRS3_PREGNANCY,deprioritize,population|off_topic,medium,abstract,ok
pubmed:32599866,HRS3_PREGNANCY,retain,population|exposure|outcome,low,abstract,ok
pubmed:32607698,HRS3_PREGNANCY,retain,population|exposure|outcome,medium,abstract,ok
pubmed:32616489,HRS3_PREGNANCY,deprioritize,population|off_topic,medium,abstract,ok
pubmed:3264767,HRS3_PREGNANCY,deprioritize,off_topic|insufficient_abstract,low,title_only,ok
pubmed:32730862,HRS3_PREGNANCY,uncertain,population|outcome,low,abstract,ok
pubmed:32843079,HRS3_PREGNANCY,retain,population|exposure|outcome|design_signal,high,abstract,ok
pubmed:32851085,HRS3_PREGNANCY,retain,population|exposure|outcome|design_signal,high,abstract,ok
pubmed:32856479,HRS3_PREGNANCY,retain,population|exposure|human_signal|design_signal,low,abstract,ok
pubmed:32871021,HRS3_PREGNANCY,deprioritize,population|off_topic,medium,abstract,ok
pubmed:32887377,HRS3_PREGNANCY,retain,population|exposure|outcome,medium,abstract,ok
pubmed:32938966,HRS3_PREGNANCY,deprioritize,animal_term_present|off_topic,high,abstract,ok
pubmed:32944940,HRS3_PREGNANCY,deprioritize,population|off_topic,medium,abstract,ok
pubmed:32949211,HRS3_PREGNANCY,retain,population|exposure|outcome|design_signal,medium,abstract,ok
pubmed:33023067,HRS3_PREGNANCY,retain,population|exposure|outcome|human_signal|design_signal,high,abstract,ok
pubmed:33028282,HRS3_PREGNANCY,retain,population|exposure|outcome|design_signal,high,abstract,ok
pubmed:33080891,HRS3_PREGNANCY,retain,population|exposure|outcome,high,abstract,ok
pubmed:33109248,HRS3_PREGNANCY,retain,population|exposure|outcome|design_signal,high,abstract,ok
pubmed:33164294,HRS3_PREGNANCY,retain,population|exposure|outcome,high,abstract,ok
pubmed:33226277,HRS3_PREGNANCY,retain,population|exposure|outcome|human_signal|design_signal,high,abstract,ok
pubmed:33243156,HRS3_PREGNANCY,retain,population|exposure|outcome|human_signal|design_signal,medium,abstract,ok
pubmed:33297793,HRS3_PREGNANCY,deprioritize,animal_term_present|off_topic,high,abstract,ok
pubmed:33305966,HRS3_PREGNANCY,deprioritize,population|off_topic,medium,abstract,ok
pubmed:33348254,HRS3_PREGNANCY,deprioritize,animal_term_present|off_topic,high,abstract,ok
pubmed:33494847,HRS3_PREGNANCY,retain,population|exposure|outcome|human_signal|design_signal,high,abstract,ok
pubmed:33540920,HRS3_PREGNANCY,retain,population|exposure|outcome|human_signal|design_signal,medium,abstract,ok
pubmed:33783077,HRS3_PREGNANCY,retain,population|exposure|outcome,medium,abstract,ok
pubmed:33811784,HRS3_PREGNANCY,retain,population|exposure|outcome|design_signal,medium,abstract,ok
pubmed:33880752,HRS3_PREGNANCY,retain,population|exposure|outcome|human_signal|design_signal,high,abstract,ok
pubmed:33890337,HRS3_PREGNANCY,retain,population|exposure|outcome,high,abstract,ok
pubmed:34036101,HRS3_PREGNANCY,retain,population|exposure|outcome,medium,abstract,ok
pubmed:34063091,HRS3_PREGNANCY,retain,population|exposure|outcome,high,abstract,ok
pubmed:34071548,HRS3_PREGNANCY,retain,population|exposure|outcome,high,abstract,ok
pubmed:34444905,HRS3_PREGNANCY,retain,population|exposure|outcome,medium,abstract,ok
pubmed:34819147,HRS3_PREGNANCY,retain,population|exposure|outcome|design_signal,high,abstract,ok
pubmed:35023227,HRS3_PREGNANCY,retain,population|exposure|outcome|design_signal,high,abstract,ok
pubmed:35043647,HRS3_PREGNANCY,retain,population|exposure|outcome,medium,abstract,ok
pubmed:35057537,HRS3_PREGNANCY,retain,population|exposure|human_signal|design_signal,low,abstract,ok
pubmed:35098705,HRS3_PREGNANCY,retain,population|exposure|outcome|human_signal|design_signal,high,abstract,ok
pubmed:35182530,HRS3_PREGNANCY,retain,population|exposure|outcome|human_signal|design_signal,high,abstract,ok
pubmed:35204698,HRS3_PREGNANCY,retain,population|exposure|outcome,high,abstract,ok
pubmed:35241006,HRS3_PREGNANCY,retain,population|exposure|outcome|human_signal|design_signal,medium,abstract,ok
pubmed:35300564,HRS3_PREGNANCY,deprioritize,population|off_topic,medium,abstract,ok
pubmed:35427363,HRS3_PREGNANCY,retain,population|exposure|outcome|human_signal|design_signal,high,abstract,ok
pubmed:35560315,HRS3_PREGNANCY,retain,population|exposure|outcome|human_signal|design_signal,high,abstract,ok
pubmed:35577577,HRS3_PREGNANCY,retain,population|exposure|outcome|human_signal|design_signal,high,abstract,ok
pubmed:35685517,HRS3_PREGNANCY,retain,population|exposure|outcome|design_signal,medium,abstract,ok
pubmed:35691683,HRS3_PREGNANCY,retain,population|exposure|outcome,high,abstract,ok
pubmed:35725392,HRS3_PREGNANCY,deprioritize,population|off_topic,medium,abstract,ok
pubmed:35726870,HRS3_PREGNANCY,deprioritize,animal_term_present|off_topic,high,abstract,ok
pubmed:35744047,HRS3_PREGNANCY,deprioritize,animal_term_present|off_topic,high,abstract,ok
pubmed:35779783,HRS3_PREGNANCY,retain,population|exposure|outcome|design_signal,medium,abstract,ok
pubmed:35905821,HRS3_PREGNANCY,deprioritize,animal_term_present|off_topic,high,abstract,ok
pubmed:360841,HRS3_PREGNANCY,deprioritize,population|off_topic,medium,abstract,ok
pubmed:36108911,HRS3_PREGNANCY,retain,population|exposure|outcome|human_signal|design_signal,high,abstract,ok
pubmed:36200449,HRS3_PREGNANCY,retain,population|exposure|outcome,high,abstract,ok
pubmed:36323641,HRS3_PREGNANCY,retain,population|exposure|outcome|human_signal|design_signal,high,abstract,ok
pubmed:36361738,HRS3_PREGNANCY,retain,population|exposure|outcome,high,abstract,ok
pubmed:36401450,HRS3_PREGNANCY,deprioritize,population|off_topic,medium,abstract,ok
pubmed:36432476,HRS3_PREGNANCY,retain,population|exposure|outcome,high,abstract,ok
pubmed:36597650,HRS3_PREGNANCY,retain,population|exposure|outcome,medium,abstract,ok
pubmed:36728680,HRS3_PREGNANCY,retain,population|exposure|outcome|design_signal,high,abstract,ok
pubmed:36803517,HRS3_PREGNANCY,retain,population|exposure|human_signal|design_signal,low,abstract,ok
pubmed:36815494,HRS3_PREGNANCY,retain,population|exposure|outcome|human_signal|design_signal,high,abstract,ok
pubmed:36925361,HRS3_PREGNANCY,retain,population|exposure|outcome|human_signal|design_signal,high,abstract,ok
pubmed:37031691,HRS3_PREGNANCY,retain,population|exposure|outcome|human_signal|design_signal,high,abstract,ok
pubmed:37062185,HRS3_PREGNANCY,retain,population|exposure|outcome|design_signal,medium,abstract,ok
pubmed:37256661,HRS3_PREGNANCY,deprioritize,animal_term_present|off_topic,high,abstract,ok
pubmed:37301431,HRS3_PREGNANCY,retain,population|exposure|outcome|design_signal,high,abstract,ok
pubmed:37330569,HRS3_PREGNANCY,retain,population|exposure|outcome,high,abstract,ok
pubmed:37403900,HRS3_PREGNANCY,retain,population|exposure|outcome|design_signal,high,abstract,ok
pubmed:37432271,HRS3_PREGNANCY,retain,population|exposure|outcome|design_signal,high,abstract,ok
pubmed:37452793,HRS3_PREGNANCY,retain,population|exposure|outcome,medium,abstract,ok
pubmed:37536702,HRS3_PREGNANCY,retain,exposure|outcome|human_signal|design_signal,low,abstract,ok
pubmed:37585103,HRS3_PREGNANCY,retain,population|exposure|outcome,medium,abstract,ok
pubmed:3762196,HRS3_PREGNANCY,deprioritize,animal_term_present|off_topic,high,abstract,ok
pubmed:37630816,HRS3_PREGNANCY,deprioritize,population|off_topic,medium,abstract,ok
pubmed:37643857,HRS3_PREGNANCY,deprioritize,population|off_topic,high,abstract,ok
pubmed:37686762,HRS3_PREGNANCY,retain,population|exposure|outcome|human_signal|design_signal,medium,abstract,ok
pubmed:37757928,HRS3_PREGNANCY,deprioritize,animal_term_present|off_topic,high,abstract,ok
pubmed:37778518,HRS3_PREGNANCY,retain,population|exposure|outcome|design_signal,medium,abstract,ok
pubmed:38039856,HRS3_PREGNANCY,deprioritize,animal_term_present|off_topic,high,abstract,ok
pubmed:38045667,HRS3_PREGNANCY,retain,population|exposure|outcome|design_signal,high,abstract,ok
pubmed:38071990,HRS3_PREGNANCY,deprioritize,population|off_topic,high,abstract,ok
pubmed:38167523,HRS3_PREGNANCY,retain,population|exposure|outcome|design_signal,high,abstract,ok
pubmed:38213293,HRS3_PREGNANCY,retain,population|exposure|outcome|human_signal|design_signal,high,abstract,ok
pubmed:38214544,HRS3_PREGNANCY,retain,population|exposure|outcome|human_signal|design_signal,high,abstract,ok
pubmed:38263894,HRS3_PREGNANCY,retain,population|exposure|outcome|human_signal|design_signal,medium,abstract,ok
pubmed:38297273,HRS3_PREGNANCY,retain,population|exposure|outcome|human_signal|design_signal,high,abstract,ok
pubmed:38341546,HRS3_PREGNANCY,retain,population|exposure|outcome|design_signal,medium,abstract,ok
pubmed:38342151,HRS3_PREGNANCY,deprioritize,animal_term_present|off_topic,high,abstract,ok
pubmed:38399492,HRS3_PREGNANCY,retain,population|exposure|outcome|design_signal,low,abstract,ok
pubmed:38444046,HRS3_PREGNANCY,deprioritize,population|off_topic,medium,abstract,ok
pubmed:38580949,HRS3_PREGNANCY,retain,population|exposure|human_signal|design_signal,low,abstract,ok
pubmed:38581744,HRS3_PREGNANCY,retain,population|exposure|outcome|human_signal|design_signal,medium,abstract,ok
pubmed:38651794,HRS3_PREGNANCY,retain,population|exposure|outcome|human_signal|design_signal,high,abstract,ok
pubmed:38807919,HRS3_PREGNANCY,retain,population|exposure|outcome,high,abstract,ok
pubmed:38886787,HRS3_PREGNANCY,retain,population|exposure|outcome|human_signal|design_signal,high,abstract,ok
pubmed:38955352,HRS3_PREGNANCY,retain,population|exposure|outcome|human_signal|design_signal,high,abstract,ok
pubmed:38965577,HRS3_PREGNANCY,retain,population|exposure|outcome|design_signal,low,abstract,ok
pubmed:39077939,HRS3_PREGNANCY,retain,population|exposure|outcome|design_signal,high,abstract,ok
pubmed:39140983,HRS3_PREGNANCY,deprioritize,population|off_topic,medium,abstract,ok
pubmed:39145520,HRS3_PREGNANCY,retain,population|exposure|outcome|design_signal,high,abstract,ok
pubmed:39181559,HRS3_PREGNANCY,retain,population|exposure|outcome|design_signal,medium,abstract,ok
pubmed:39269153,HRS3_PREGNANCY,retain,population|exposure|outcome|design_signal,high,abstract,ok
pubmed:39365348,HRS3_PREGNANCY,retain,population|exposure|outcome,medium,abstract,ok
pubmed:39457263,HRS3_PREGNANCY,retain,population|exposure|outcome|human_signal|design_signal,medium,abstract,ok
pubmed:39516964,HRS3_PREGNANCY,retain,population|exposure|outcome|design_signal,low,abstract,ok
pubmed:39596234,HRS3_PREGNANCY,retain,population|exposure|outcome,high,abstract,ok
pubmed:39665982,HRS3_PREGNANCY,retain,population|exposure|outcome,medium,abstract,ok
pubmed:39674256,HRS3_PREGNANCY,deprioritize,animal_term_present|off_topic,high,abstract,ok
pubmed:39674324,HRS3_PREGNANCY,retain,population|exposure|outcome|human_signal|design_signal,medium,abstract,ok
pubmed:39675840,HRS3_PREGNANCY,retain,population|exposure|outcome,high,abstract,ok
pubmed:39681134,HRS3_PREGNANCY,retain,population|exposure|outcome|human_signal|design_signal,medium,abstract,ok
pubmed:39683462,HRS3_PREGNANCY,retain,population|exposure|outcome|design_signal,low,abstract,ok
pubmed:39716171,HRS3_PREGNANCY,retain,population|exposure|outcome|design_signal,high,abstract,ok
pubmed:39755576,HRS3_PREGNANCY,retain,population|exposure|outcome|design_signal,high,abstract,ok
pubmed:39756471,HRS3_PREGNANCY,retain,population|exposure|outcome|design_signal,high,abstract,ok
pubmed:39796491,HRS3_PREGNANCY,retain,population|exposure|outcome|design_signal,medium,abstract,ok
pubmed:39833730,HRS3_PREGNANCY,retain,population|exposure|outcome,high,abstract,ok
pubmed:39888921,HRS3_PREGNANCY,retain,population|exposure|design_signal,low,abstract,ok
pubmed:39930022,HRS3_PREGNANCY,retain,population|exposure|outcome,high,abstract,ok
pubmed:39936792,HRS3_PREGNANCY,retain,population|exposure|outcome|human_signal|design_signal,high,abstract,ok
pubmed:40139536,HRS3_PREGNANCY,retain,population|exposure|outcome|human_signal|design_signal,medium,abstract,ok
pubmed:40145707,HRS3_PREGNANCY,retain,population|exposure|outcome,medium,abstract,ok
pubmed:40252729,HRS3_PREGNANCY,retain,population|exposure|outcome|design_signal,high,abstract,ok
pubmed:40334749,HRS3_PREGNANCY,retain,population|exposure|outcome|human_signal|design_signal,high,abstract,ok
pubmed:40340805,HRS3_PREGNANCY,retain,population|exposure|design_signal,low,abstract,ok
pubmed:40442923,HRS3_PREGNANCY,retain,population|exposure|outcome|human_signal|design_signal,high,abstract,ok
pubmed:40506758,HRS3_PREGNANCY,retain,population|exposure|outcome|human_signal|design_signal,high,abstract,ok
pubmed:40507208,HRS3_PREGNANCY,retain,population|exposure|outcome,medium,abstract,ok
pubmed:40509740,HRS3_PREGNANCY,retain,population|exposure|outcome,high,abstract,ok
pubmed:40517226,HRS3_PREGNANCY,retain,population|exposure|outcome|design_signal,high,abstract,ok
pubmed:4054028,HRS3_PREGNANCY,retain,population|exposure|insufficient_abstract,low,title_only,ok
pubmed:40548170,HRS3_PREGNANCY,retain,population|exposure|human_signal|design_signal,low,abstract,ok
pubmed:40634250,HRS3_PREGNANCY,retain,population|exposure|outcome|human_signal|design_signal,medium,abstract,ok
pubmed:40643866,HRS3_PREGNANCY,retain,population|exposure|outcome|design_signal,high,abstract,ok
pubmed:40657707,HRS3_PREGNANCY,retain,population|exposure|outcome|design_signal,high,abstract,ok
pubmed:40736606,HRS3_PREGNANCY,retain,population|exposure|outcome,high,abstract,ok
pubmed:40792481,HRS3_PREGNANCY,retain,population|exposure|outcome|design_signal,high,abstract,ok
pubmed:40876035,HRS3_PREGNANCY,retain,population|exposure|outcome,medium,abstract,ok
pubmed:40920401,HRS3_PREGNANCY,retain,population|exposure|outcome|human_signal|design_signal,high,abstract,ok
pubmed:40956656,HRS3_PREGNANCY,deprioritize,animal_term_present|off_topic,high,abstract,ok
pubmed:40996763,HRS3_PREGNANCY,deprioritize,population|off_topic,medium,abstract,ok
pubmed:41048272,HRS3_PREGNANCY,retain,population|exposure|outcome,medium,abstract,ok
pubmed:41055223,HRS3_PREGNANCY,retain,population|exposure|outcome|human_signal|design_signal,high,abstract,ok
pubmed:41172352,HRS3_PREGNANCY,retain,population|exposure|outcome|human_signal|design_signal,high,abstract,ok
pubmed:41219813,HRS3_PREGNANCY,deprioritize,population|outcome|off_topic,medium,abstract,ok
pubmed:41254684,HRS3_PREGNANCY,retain,population|exposure|outcome|design_signal,medium,abstract,ok
pubmed:41430994,HRS3_PREGNANCY,retain,population|exposure|outcome|design_signal,high,abstract,ok
pubmed:41589020,HRS3_PREGNANCY,retain,population|exposure|outcome,low,abstract,ok
pubmed:41618740,HRS3_PREGNANCY,retain,population|exposure|outcome,medium,abstract,ok
pubmed:41702641,HRS3_PREGNANCY,retain,population|exposure|outcome|human_signal|design_signal,medium,abstract,ok
pubmed:41722754,HRS3_PREGNANCY,retain,population|exposure|outcome|human_signal|design_signal,high,abstract,ok
pubmed:41866191,HRS3_PREGNANCY,retain,population|exposure|outcome,high,abstract,ok
pubmed:41876129,HRS3_PREGNANCY,retain,population|exposure|outcome|human_signal|design_signal,high,abstract,ok
pubmed:41921332,HRS3_PREGNANCY,retain,population|exposure|outcome|design_signal,high,abstract,ok
pubmed:41956401,HRS3_PREGNANCY,retain,population|exposure|outcome,high,abstract,ok
pubmed:42004696,HRS3_PREGNANCY,deprioritize,population|off_topic,medium,abstract,ok
pubmed:42025271,HRS3_PREGNANCY,retain,population|exposure|outcome|human_signal|design_signal,high,abstract,ok
pubmed:42068814,HRS3_PREGNANCY,retain,population|exposure|outcome,low,abstract,ok
pubmed:42087087,HRS3_PREGNANCY,retain,population|exposure|outcome|human_signal|design_signal,high,abstract,ok
pubmed:42124073,HRS3_PREGNANCY,retain,population|exposure|outcome,medium,abstract,ok
pubmed:42127489,HRS3_PREGNANCY,retain,population|exposure|human_signal|design_signal,low,abstract,ok
pubmed:42170966,HRS3_PREGNANCY,retain,population|exposure|outcome|human_signal|design_signal,high,abstract,ok
pubmed:42251807,HRS3_PREGNANCY,retain,population|exposure|outcome|design_signal,medium,abstract,ok
pubmed:42261719,HRS3_PREGNANCY,retain,population|exposure|outcome|design_signal,high,abstract,ok
pubmed:42341514,HRS3_PREGNANCY,retain,population|exposure|outcome|human_signal|design_signal,high,abstract,ok
pubmed:42356229,HRS3_PREGNANCY,retain,population|exposure|outcome|human_signal|design_signal,medium,abstract,ok
pubmed:42356378,HRS3_PREGNANCY,retain,population|exposure|outcome|human_signal|design_signal,medium,abstract,ok
pubmed:4943633,HRS3_PREGNANCY,retain,population|exposure|insufficient_abstract,low,title_only,ok
pubmed:6350405,HRS3_PREGNANCY,retain,exposure|outcome,medium,abstract,ok
pubmed:7215271,HRS3_PREGNANCY,deprioritize,off_topic|insufficient_abstract,low,title_only,ok
pubmed:7439085,HRS3_PREGNANCY,retain,population|exposure|insufficient_abstract,low,title_only,ok
pubmed:8296827,HRS3_PREGNANCY,retain,population|exposure|outcome,low,abstract,ok
pubmed:9089914,HRS3_PREGNANCY,retain,population|exposure|outcome|human_signal|design_signal,high,abstract,ok
pubmed:9122886,HRS3_PREGNANCY,deprioritize,animal_term_present|off_topic,medium,abstract,ok
pubmed:9133789,HRS3_PREGNANCY,retain,population|exposure|insufficient_abstract,low,title_only,ok
pubmed:9430326,HRS3_PREGNANCY,deprioritize,exposure|off_topic,medium,abstract,ok
pubmed:9464741,HRS3_PREGNANCY,retain,population|exposure|outcome|design_signal,high,abstract,ok
pubmed:9488247,HRS3_PREGNANCY,retain,population|exposure|outcome,medium,abstract,ok
pubmed:9544922,HRS3_PREGNANCY,retain,population|exposure|outcome|human_signal|design_signal,high,abstract,ok
pubmed:9699175,HRS3_PREGNANCY,retain,population|exposure|outcome,medium,abstract,ok
pubmed:9762383,HRS3_PREGNANCY,retain,population|exposure|outcome|design_signal,high,abstract,ok
pubmed:9818920,HRS3_PREGNANCY,retain,population|exposure|outcome,medium,abstract,ok
pubmed:9857270,HRS3_PREGNANCY,retain,population|exposure|outcome,high,abstract,ok
pubmed:9883915,HRS3_PREGNANCY,retain,population|exposure|outcome|insufficient_abstract,low,title_only,ok
pubmed:10347134,HRS4_LIVER_DISEASE,deprioritize,animal_term_present|off_topic,high,abstract,ok
pubmed:10366933,HRS4_LIVER_DISEASE,retain,population|exposure|outcome|insufficient_abstract,low,title_only,ok
pubmed:10462287,HRS4_LIVER_DISEASE,retain,population|exposure|outcome|insufficient_abstract,low,title_only,ok
pubmed:10584584,HRS4_LIVER_DISEASE,retain,population|exposure|outcome|insufficient_abstract,low,title_only,ok
pubmed:10586838,HRS4_LIVER_DISEASE,retain,population|exposure|outcome|human_signal|design_signal,high,abstract,ok
pubmed:10589261,HRS4_LIVER_DISEASE,retain,population|exposure|outcome|insufficient_abstract,low,title_only,ok
pubmed:10802502,HRS4_LIVER_DISEASE,uncertain,exposure|insufficient_abstract,low,title_only,ok
pubmed:10946563,HRS4_LIVER_DISEASE,retain,population|exposure|outcome,medium,abstract,ok
pubmed:11106086,HRS4_LIVER_DISEASE,retain,population|exposure|outcome,high,abstract,ok
pubmed:11151906,HRS4_LIVER_DISEASE,retain,population|exposure|outcome|human_signal|design_signal,high,abstract,ok
pubmed:11276298,HRS4_LIVER_DISEASE,retain,population|exposure|outcome,high,abstract,ok
pubmed:11432014,HRS4_LIVER_DISEASE,retain,population|exposure|outcome,medium,abstract,ok
pubmed:11527172,HRS4_LIVER_DISEASE,retain,population|exposure|outcome|human_signal|design_signal,high,abstract,ok
pubmed:11598552,HRS4_LIVER_DISEASE,retain,population|exposure|outcome|insufficient_abstract,low,title_only,ok
pubmed:1173650,HRS4_LIVER_DISEASE,deprioritize,exposure|off_topic,medium,abstract,ok
pubmed:1173917,HRS4_LIVER_DISEASE,deprioritize,exposure|off_topic,high,abstract,ok
pubmed:11787084,HRS4_LIVER_DISEASE,retain,population|exposure|outcome|insufficient_abstract,low,title_only,ok
pubmed:11787086,HRS4_LIVER_DISEASE,retain,population|exposure|outcome|insufficient_abstract,low,title_only,ok
pubmed:11826667,HRS4_LIVER_DISEASE,retain,population|exposure|outcome,high,abstract,ok
pubmed:11826672,HRS4_LIVER_DISEASE,retain,population|exposure|outcome|human_signal|design_signal,high,abstract,ok
pubmed:11873112,HRS4_LIVER_DISEASE,retain,population|exposure|outcome|human_signal|design_signal,high,abstract,ok
pubmed:11877593,HRS4_LIVER_DISEASE,retain,population|exposure|outcome|human_signal|design_signal,medium,abstract,ok
pubmed:11902035,HRS4_LIVER_DISEASE,retain,exposure|outcome|insufficient_abstract,low,title_only,ok
pubmed:11951318,HRS4_LIVER_DISEASE,retain,exposure|insufficient_abstract,low,title_only,ok
pubmed:11955027,HRS4_LIVER_DISEASE,retain,population|exposure|outcome|human_signal|design_signal,high,abstract,ok
pubmed:11955030,HRS4_LIVER_DISEASE,uncertain,exposure|insufficient_abstract,low,title_only,ok
pubmed:11955047,HRS4_LIVER_DISEASE,retain,population|exposure|outcome|insufficient_abstract,low,title_only,ok
pubmed:11959540,HRS4_LIVER_DISEASE,uncertain,exposure|insufficient_abstract,low,title_only,ok
pubmed:11994028,HRS4_LIVER_DISEASE,retain,population|exposure|outcome|design_signal,high,abstract,ok
pubmed:12014355,HRS4_LIVER_DISEASE,retain,population|exposure|outcome|insufficient_abstract,low,title_only,ok
pubmed:12120808,HRS4_LIVER_DISEASE,retain,population|exposure|outcome|human_signal|design_signal,high,abstract,ok
pubmed:12125181,HRS4_LIVER_DISEASE,retain,population|exposure|outcome,high,abstract,ok
pubmed:12125250,HRS4_LIVER_DISEASE,retain,population|exposure|outcome|design_signal,medium,abstract,ok
pubmed:12131903,HRS4_LIVER_DISEASE,retain,exposure|outcome|insufficient_abstract,low,title_only,ok
pubmed:12163142,HRS4_LIVER_DISEASE,retain,population|exposure|outcome,high,abstract,ok
pubmed:12174378,HRS4_LIVER_DISEASE,retain,population|exposure|outcome|human_signal|design_signal,high,abstract,ok
pubmed:12244883,HRS4_LIVER_DISEASE,retain,population|exposure|outcome,high,abstract,ok
pubmed:12361828,HRS4_LIVER_DISEASE,retain,exposure|outcome|insufficient_abstract,low,title_only,ok
pubmed:12391560,HRS4_LIVER_DISEASE,deprioritize,animal_term_present|off_topic,high,abstract,ok
pubmed:12414243,HRS4_LIVER_DISEASE,retain,exposure|outcome|insufficient_abstract,low,title_only,ok
pubmed:12499812,HRS4_LIVER_DISEASE,uncertain,exposure|insufficient_abstract,low,title_only,ok
pubmed:12500906,HRS4_LIVER_DISEASE,retain,population|exposure|outcome|human_signal|design_signal,high,abstract,ok
pubmed:12503940,HRS4_LIVER_DISEASE,retain,population|exposure|outcome|human_signal|design_signal,high,abstract,ok
pubmed:12515265,HRS4_LIVER_DISEASE,retain,population|exposure|outcome|insufficient_abstract,low,title_only,ok
pubmed:12575547,HRS4_LIVER_DISEASE,retain,population|exposure|outcome|design_signal,medium,abstract,ok
pubmed:12693919,HRS4_LIVER_DISEASE,retain,population|exposure|outcome|insufficient_abstract,low,title_only,ok
pubmed:12697018,HRS4_LIVER_DISEASE,retain,population|exposure|outcome|insufficient_abstract,low,title_only,ok
pubmed:12720510,HRS4_LIVER_DISEASE,retain,population|exposure|outcome|human_signal|design_signal,high,abstract,ok
pubmed:12772052,HRS4_LIVER_DISEASE,retain,population|exposure|outcome,high,abstract,ok
pubmed:12788957,HRS4_LIVER_DISEASE,retain,population|exposure|outcome,low,abstract,ok
pubmed:12806613,HRS4_LIVER_DISEASE,retain,population|exposure|outcome|human_signal|design_signal,high,abstract,ok
pubmed:12807347,HRS4_LIVER_DISEASE,retain,population|exposure|outcome,high,abstract,ok
pubmed:12808361,HRS4_LIVER_DISEASE,retain,population|exposure|outcome,high,abstract,ok
pubmed:12808475,HRS4_LIVER_DISEASE,uncertain,exposure|insufficient_abstract,low,title_only,ok
pubmed:12816621,HRS4_LIVER_DISEASE,retain,population|exposure|outcome|insufficient_abstract,low,title_only,ok
pubmed:12816629,HRS4_LIVER_DISEASE,retain,population|exposure|outcome,medium,abstract,ok
pubmed:12879994,HRS4_LIVER_DISEASE,retain,population|exposure|outcome,high,abstract,ok
pubmed:12910431,HRS4_LIVER_DISEASE,retain,population|exposure|outcome|insufficient_abstract,low,title_only,ok
pubmed:12912743,HRS4_LIVER_DISEASE,retain,population|exposure|outcome|human_signal|design_signal,high,abstract,ok
pubmed:12916070,HRS4_LIVER_DISEASE,deprioritize,animal_term_present|off_topic,high,abstract,ok
pubmed:12916078,HRS4_LIVER_DISEASE,deprioritize,animal_term_present|off_topic,high,abstract,ok
pubmed:12923378,HRS4_LIVER_DISEASE,retain,population|exposure|outcome|human_signal|design_signal,high,abstract,ok
pubmed:12950418,HRS4_LIVER_DISEASE,retain,population|exposure|outcome|design_signal,high,abstract,ok
pubmed:12957297,HRS4_LIVER_DISEASE,retain,population|exposure|outcome|design_signal,medium,abstract,ok
pubmed:13679326,HRS4_LIVER_DISEASE,retain,population|exposure|outcome|human_signal|design_signal,high,abstract,ok
pubmed:13679348,HRS4_LIVER_DISEASE,retain,population|exposure|outcome|insufficient_abstract,low,title_only,ok
pubmed:14535172,HRS4_LIVER_DISEASE,retain,population|exposure|outcome|human_signal|design_signal,high,abstract,ok
pubmed:14572599,HRS4_LIVER_DISEASE,retain,population|exposure|outcome|insufficient_abstract,low,title_only,ok
pubmed:14587886,HRS4_LIVER_DISEASE,retain,population|exposure|outcome|human_signal|design_signal,high,abstract,ok
pubmed:14627335,HRS4_LIVER_DISEASE,retain,population|exposure|outcome|insufficient_abstract,low,title_only,ok
pubmed:14638649,HRS4_LIVER_DISEASE,retain,exposure|outcome|design_signal,low,abstract,ok
pubmed:14638650,HRS4_LIVER_DISEASE,retain,exposure|insufficient_abstract,low,title_only,ok
pubmed:14714956,HRS4_LIVER_DISEASE,retain,population|exposure|outcome|human_signal|design_signal,high,abstract,ok
pubmed:14735431,HRS4_LIVER_DISEASE,retain,exposure|outcome|insufficient_abstract,low,title_only,ok
pubmed:14748890,HRS4_LIVER_DISEASE,retain,population|exposure|outcome|insufficient_abstract,low,title_only,ok
pubmed:1478408,HRS4_LIVER_DISEASE,retain,population|exposure|outcome|human_signal|design_signal,high,abstract,ok
pubmed:1478415,HRS4_LIVER_DISEASE,retain,population|exposure|outcome|insufficient_abstract,low,title_only,ok
pubmed:1493887,HRS4_LIVER_DISEASE,retain,population|exposure|outcome|insufficient_abstract,low,title_only,ok
pubmed:1493895,HRS4_LIVER_DISEASE,retain,population|exposure|outcome|insufficient_abstract,low,title_only,ok
pubmed:1493896,HRS4_LIVER_DISEASE,retain,population|exposure|outcome|human_signal|design_signal,high,abstract,ok
pubmed:14960147,HRS4_LIVER_DISEASE,retain,population|exposure|outcome|insufficient_abstract,low,title_only,ok
pubmed:14976355,HRS4_LIVER_DISEASE,retain,population|exposure|outcome,high,abstract,ok
pubmed:14995055,HRS4_LIVER_DISEASE,retain,population|exposure|outcome,high,abstract,ok
pubmed:15009783,HRS4_LIVER_DISEASE,retain,exposure|outcome|design_signal,low,abstract,ok
pubmed:15068826,HRS4_LIVER_DISEASE,retain,population|exposure|outcome,high,abstract,ok
pubmed:15069011,HRS4_LIVER_DISEASE,retain,population|exposure|outcome|insufficient_abstract,low,title_only,ok
pubmed:15075963,HRS4_LIVER_DISEASE,uncertain,outcome|insufficient_abstract,low,title_only,ok
pubmed:15114493,HRS4_LIVER_DISEASE,retain,population|exposure|outcome,high,abstract,ok
pubmed:15128366,HRS4_LIVER_DISEASE,retain,population|exposure|outcome|human_signal|design_signal,high,abstract,ok
pubmed:15146159,HRS4_LIVER_DISEASE,retain,population|exposure|outcome|insufficient_abstract,low,title_only,ok
pubmed:15153351,HRS4_LIVER_DISEASE,retain,population|exposure|outcome|insufficient_abstract,low,title_only,ok
pubmed:15232366,HRS4_LIVER_DISEASE,retain,population|exposure|outcome|human_signal|design_signal,high,abstract,ok
pubmed:15237856,HRS4_LIVER_DISEASE,retain,population|exposure|outcome,high,abstract,ok
pubmed:15243386,HRS4_LIVER_DISEASE,retain,population|exposure|outcome|insufficient_abstract,low,title_only,ok
pubmed:15264453,HRS4_LIVER_DISEASE,retain,population|exposure|outcome,high,abstract,ok
pubmed:1537487,HRS4_LIVER_DISEASE,retain,population|exposure|outcome|human_signal|design_signal,high,abstract,ok
pubmed:15385719,HRS4_LIVER_DISEASE,retain,population|exposure|outcome,high,abstract,ok
pubmed:15504145,HRS4_LIVER_DISEASE,deprioritize,population|off_topic,medium,abstract,ok
pubmed:15545179,HRS4_LIVER_DISEASE,retain,population|exposure|outcome|human_signal|design_signal,high,abstract,ok
pubmed:15582145,HRS4_LIVER_DISEASE,retain,population|exposure|outcome|insufficient_abstract,low,title_only,ok
pubmed:15670659,HRS4_LIVER_DISEASE,retain,population|exposure|outcome,medium,abstract,ok
pubmed:15729622,HRS4_LIVER_DISEASE,retain,population|exposure|outcome|human_signal,medium,abstract,ok
pubmed:15756090,HRS4_LIVER_DISEASE,retain,population|exposure|outcome,high,abstract,ok
pubmed:15764158,HRS4_LIVER_DISEASE,retain,population|exposure|outcome|human_signal|design_signal,high,abstract,ok
pubmed:15801887,HRS4_LIVER_DISEASE,retain,population|exposure|outcome|human_signal|design_signal,high,abstract,ok
pubmed:15818148,HRS4_LIVER_DISEASE,retain,population|exposure|outcome,medium,abstract,ok
pubmed:15846671,HRS4_LIVER_DISEASE,retain,population|exposure|outcome|design_signal,high,abstract,ok
pubmed:15852491,HRS4_LIVER_DISEASE,deprioritize,animal_term_present|off_topic,high,abstract,ok
pubmed:15891270,HRS4_LIVER_DISEASE,retain,population|exposure|outcome,low,abstract,ok
pubmed:15898823,HRS4_LIVER_DISEASE,retain,population|exposure|outcome|design_signal,high,abstract,ok
pubmed:15934014,HRS4_LIVER_DISEASE,deprioritize,animal_term_present|off_topic,high,abstract,ok
pubmed:15984105,HRS4_LIVER_DISEASE,deprioritize,outcome|off_topic,medium,abstract,ok
pubmed:16035205,HRS4_LIVER_DISEASE,deprioritize,outcome|off_topic,medium,abstract,ok
pubmed:16097177,HRS4_LIVER_DISEASE,retain,population|exposure|outcome|insufficient_abstract,low,title_only,ok
pubmed:16099027,HRS4_LIVER_DISEASE,deprioritize,animal_term_present,medium,abstract,ok
pubmed:16145729,HRS4_LIVER_DISEASE,retain,population|exposure|outcome|insufficient_abstract,low,title_only,ok
pubmed:16148563,HRS4_LIVER_DISEASE,retain,population|exposure|outcome|human_signal|design_signal,high,abstract,ok
pubmed:16171893,HRS4_LIVER_DISEASE,retain,exposure|outcome|insufficient_abstract,low,title_only,ok
pubmed:16176636,HRS4_LIVER_DISEASE,retain,population|exposure|outcome|human_signal|design_signal,high,abstract,ok
pubmed:16187178,HRS4_LIVER_DISEASE,retain,population|exposure|outcome|design_signal,high,abstract,ok
pubmed:16206505,HRS4_LIVER_DISEASE,retain,population|exposure|outcome|human_signal|design_signal,high,abstract,ok
pubmed:16279916,HRS4_LIVER_DISEASE,retain,population|exposure|outcome|design_signal,high,abstract,ok
pubmed:16281702,HRS4_LIVER_DISEASE,retain,exposure|outcome,medium,abstract,ok
pubmed:16293915,HRS4_LIVER_DISEASE,retain,population|exposure|outcome|human_signal|design_signal,medium,abstract,ok
pubmed:16304634,HRS4_LIVER_DISEASE,retain,exposure|outcome,medium,abstract,ok
pubmed:16365102,HRS4_LIVER_DISEASE,retain,population|exposure|outcome|design_signal,high,abstract,ok
pubmed:16389263,HRS4_LIVER_DISEASE,retain,population|exposure|outcome|insufficient_abstract,low,title_only,ok
pubmed:16409962,HRS4_LIVER_DISEASE,deprioritize,exposure|off_topic,medium,abstract,ok
pubmed:16505774,HRS4_LIVER_DISEASE,retain,population|exposure|outcome|insufficient_abstract,low,title_only,ok
pubmed:16550036,HRS4_LIVER_DISEASE,deprioritize,exposure|off_topic,medium,abstract,ok
pubmed:16610575,HRS4_LIVER_DISEASE,retain,population|exposure|outcome|human_signal|design_signal,high,abstract,ok
pubmed:16645871,HRS4_LIVER_DISEASE,retain,population|exposure|outcome|human_signal|design_signal,high,abstract,ok
pubmed:16710916,HRS4_LIVER_DISEASE,uncertain,exposure|insufficient_abstract,low,title_only,ok
pubmed:167241,HRS4_LIVER_DISEASE,retain,population|exposure|outcome,medium,abstract,ok
pubmed:16772545,HRS4_LIVER_DISEASE,retain,population|exposure|outcome,medium,abstract,ok
pubmed:16837801,HRS4_LIVER_DISEASE,retain,population|exposure|outcome|human_signal|design_signal,high,abstract,ok
pubmed:16868813,HRS4_LIVER_DISEASE,retain,population|exposure|outcome|insufficient_abstract,low,title_only,ok
pubmed:16915552,HRS4_LIVER_DISEASE,retain,population|exposure|outcome|insufficient_abstract,low,title_only,ok
pubmed:16915554,HRS4_LIVER_DISEASE,retain,population|exposure|outcome|insufficient_abstract,low,title_only,ok
pubmed:16965738,HRS4_LIVER_DISEASE,retain,population|exposure|outcome,medium,abstract,ok
pubmed:17055186,HRS4_LIVER_DISEASE,retain,exposure|outcome|insufficient_abstract,low,title_only,ok
pubmed:17059987,HRS4_LIVER_DISEASE,retain,exposure|outcome|human_signal|design_signal,medium,abstract,ok
pubmed:17068398,HRS4_LIVER_DISEASE,retain,exposure|outcome|insufficient_abstract,low,title_only,ok
pubmed:17105737,HRS4_LIVER_DISEASE,retain,population|exposure|outcome|human_signal|design_signal,high,abstract,ok
pubmed:17151585,HRS4_LIVER_DISEASE,retain,population|exposure|outcome|human_signal|design_signal,high,abstract,ok
pubmed:17157086,HRS4_LIVER_DISEASE,retain,population|exposure|outcome|human_signal|design_signal,high,abstract,ok
pubmed:17222587,HRS4_LIVER_DISEASE,retain,population|exposure|outcome|design_signal,high,abstract,ok
pubmed:17266882,HRS4_LIVER_DISEASE,retain,exposure|outcome|insufficient_abstract,low,title_only,ok
pubmed:17304407,HRS4_LIVER_DISEASE,retain,population|exposure|outcome,high,abstract,ok
pubmed:17331318,HRS4_LIVER_DISEASE,retain,exposure|outcome,low,abstract,ok
pubmed:17331820,HRS4_LIVER_DISEASE,retain,population|exposure|outcome|design_signal,high,abstract,ok
pubmed:17335712,HRS4_LIVER_DISEASE,retain,population|exposure|outcome|human_signal|design_signal,high,abstract,ok
pubmed:17380073,HRS4_LIVER_DISEASE,retain,population|exposure|outcome|human_signal|design_signal,high,abstract,ok
pubmed:17509944,HRS4_LIVER_DISEASE,retain,population|exposure|outcome|human_signal|design_signal,high,abstract,ok
pubmed:17510798,HRS4_LIVER_DISEASE,retain,population|exposure|outcome|human_signal|design_signal,high,abstract,ok
pubmed:17548794,HRS4_LIVER_DISEASE,retain,population|exposure|outcome,medium,abstract,ok
pubmed:17562348,HRS4_LIVER_DISEASE,retain,population|exposure|outcome|insufficient_abstract,low,title_only,ok
pubmed:17591018,HRS4_LIVER_DISEASE,retain,population|exposure|outcome|design_signal,high,abstract,ok
pubmed:17597525,HRS4_LIVER_DISEASE,retain,population|exposure|outcome|human_signal|design_signal,high,abstract,ok
pubmed:17690950,HRS4_LIVER_DISEASE,retain,population|exposure|outcome|human_signal|design_signal,high,abstract,ok
pubmed:17692989,HRS4_LIVER_DISEASE,retain,population|exposure|outcome|human_signal|design_signal,high,abstract,ok
pubmed:17723921,HRS4_LIVER_DISEASE,retain,population|exposure|outcome,high,abstract,ok
pubmed:17805402,HRS4_LIVER_DISEASE,retain,exposure|outcome|insufficient_abstract,low,title_only,ok
pubmed:17897352,HRS4_LIVER_DISEASE,retain,population|exposure|outcome|insufficient_abstract,low,title_only,ok
pubmed:17924304,HRS4_LIVER_DISEASE,retain,population|exposure|outcome|human_signal|design_signal,high,abstract,ok
pubmed:17943794,HRS4_LIVER_DISEASE,retain,population|exposure|outcome|design_signal,high,abstract,ok
pubmed:17955597,HRS4_LIVER_DISEASE,retain,population|exposure|outcome|insufficient_abstract,low,title_only,ok
pubmed:18166905,HRS4_LIVER_DISEASE,retain,population|exposure|outcome|insufficient_abstract,low,title_only,ok
pubmed:18187367,HRS4_LIVER_DISEASE,retain,population|exposure|outcome|human_signal|design_signal,high,abstract,ok
pubmed:18203607,HRS4_LIVER_DISEASE,retain,population|exposure|outcome|human_signal|design_signal,high,abstract,ok
pubmed:18214927,HRS4_LIVER_DISEASE,deprioritize,animal_term_present|off_topic,high,abstract,ok
pubmed:18272627,HRS4_LIVER_DISEASE,uncertain,insufficient_abstract,low,title_only,ok
pubmed:18274956,HRS4_LIVER_DISEASE,retain,exposure|outcome,medium,abstract,ok
pubmed:18318821,HRS4_LIVER_DISEASE,retain,population|exposure|outcome,high,abstract,ok
pubmed:18327867,HRS4_LIVER_DISEASE,retain,population|exposure|outcome|human_signal|design_signal,high,abstract,ok
pubmed:18376362,HRS4_LIVER_DISEASE,retain,population|exposure|outcome,high,abstract,ok
pubmed:18377795,HRS4_LIVER_DISEASE,deprioritize,exposure|off_topic,medium,abstract,ok
pubmed:18403950,HRS4_LIVER_DISEASE,retain,population|exposure|outcome|human_signal|design_signal,high,abstract,ok
pubmed:18408456,HRS4_LIVER_DISEASE,retain,population|exposure|outcome,medium,abstract,ok
pubmed:18452122,HRS4_LIVER_DISEASE,retain,population|exposure|outcome|human_signal|design_signal,high,abstract,ok
pubmed:18537660,HRS4_LIVER_DISEASE,retain,population|exposure|outcome,medium,abstract,ok
pubmed:18550201,HRS4_LIVER_DISEASE,retain,population|exposure|outcome|insufficient_abstract,low,title_only,ok
pubmed:18571274,HRS4_LIVER_DISEASE,retain,population|exposure|outcome|insufficient_abstract,low,title_only,ok
pubmed:18580499,HRS4_LIVER_DISEASE,retain,population|exposure|outcome|insufficient_abstract,low,title_only,ok
pubmed:18679001,HRS4_LIVER_DISEASE,retain,population|exposure|outcome|human_signal|design_signal,high,abstract,ok
pubmed:18714667,HRS4_LIVER_DISEASE,retain,exposure|outcome|insufficient_abstract,low,title_only,ok
pubmed:18783691,HRS4_LIVER_DISEASE,retain,population|exposure|outcome,high,abstract,ok
pubmed:18813027,HRS4_LIVER_DISEASE,retain,population|exposure|outcome|insufficient_abstract,low,title_only,ok
pubmed:18838736,HRS4_LIVER_DISEASE,retain,population|exposure|outcome|insufficient_abstract,low,title_only,ok
pubmed:18841189,HRS4_LIVER_DISEASE,retain,population|exposure|outcome,high,abstract,ok
pubmed:18955056,HRS4_LIVER_DISEASE,retain,population|exposure|outcome|human_signal|design_signal,high,abstract,ok
pubmed:18989142,HRS4_LIVER_DISEASE,retain,population|exposure|outcome|human_signal|design_signal,high,abstract,ok
pubmed:18991516,HRS4_LIVER_DISEASE,retain,population|exposure|outcome|human_signal|design_signal,high,abstract,ok
pubmed:19010564,HRS4_LIVER_DISEASE,retain,population|exposure|outcome|human_signal|design_signal,high,abstract,ok
pubmed:19010650,HRS4_LIVER_DISEASE,retain,population|exposure|outcome|human_signal|design_signal,high,abstract,ok
pubmed:19032721,HRS4_LIVER_DISEASE,retain,population|exposure|outcome,high,abstract,ok
pubmed:19038698,HRS4_LIVER_DISEASE,retain,population|exposure|outcome|human_signal|design_signal,high,abstract,ok
pubmed:19058338,HRS4_LIVER_DISEASE,retain,population|exposure|outcome|human_signal|design_signal,high,abstract,ok
pubmed:19124889,HRS4_LIVER_DISEASE,deprioritize,population|outcome|off_topic,medium,abstract,ok
pubmed:19150236,HRS4_LIVER_DISEASE,deprioritize,animal_term_present|off_topic,high,abstract,ok
pubmed:19157382,HRS4_LIVER_DISEASE,retain,population|exposure|outcome|human_signal|design_signal,high,abstract,ok
pubmed:19159172,HRS4_LIVER_DISEASE,retain,population|exposure|outcome|human_signal|design_signal,high,abstract,ok
pubmed:19192130,HRS4_LIVER_DISEASE,retain,population|exposure|outcome|human_signal|design_signal,high,abstract,ok
pubmed:19238093,HRS4_LIVER_DISEASE,retain,population|exposure|outcome|human_signal|design_signal,high,abstract,ok
pubmed:19303273,HRS4_LIVER_DISEASE,retain,population|exposure|outcome|human_signal|design_signal,high,abstract,ok
pubmed:19339903,HRS4_LIVER_DISEASE,retain,population|exposure|outcome|human_signal|design_signal,high,abstract,ok
pubmed:19404202,HRS4_LIVER_DISEASE,retain,population|exposure|outcome|human_signal|design_signal,high,abstract,ok
pubmed:19452589,HRS4_LIVER_DISEASE,retain,population|exposure|outcome|human_signal|design_signal,high,abstract,ok
pubmed:19465104,HRS4_LIVER_DISEASE,deprioritize,animal_term_present|off_topic,high,abstract,ok
pubmed:19498316,HRS4_LIVER_DISEASE,retain,population|exposure|outcome|human_signal|design_signal,high,abstract,ok
pubmed:19505188,HRS4_LIVER_DISEASE,retain,population|exposure|outcome,medium,abstract,ok
pubmed:19521547,HRS4_LIVER_DISEASE,deprioritize,animal_term_present|off_topic,high,abstract,ok
pubmed:19533803,HRS4_LIVER_DISEASE,deprioritize,exposure|off_topic,medium,abstract,ok
pubmed:19586731,HRS4_LIVER_DISEASE,retain,population|exposure|outcome|human_signal|design_signal,high,abstract,ok
pubmed:19615308,HRS4_LIVER_DISEASE,retain,population|exposure|outcome,high,abstract,ok
pubmed:19638084,HRS4_LIVER_DISEASE,retain,population|exposure|outcome|human_signal|design_signal,high,abstract,ok
pubmed:19680221,HRS4_LIVER_DISEASE,retain,population|exposure|outcome|human_signal|design_signal,high,abstract,ok
pubmed:19779363,HRS4_LIVER_DISEASE,retain,population|exposure|outcome|human_signal|design_signal,high,abstract,ok
pubmed:19781876,HRS4_LIVER_DISEASE,retain,exposure|outcome|insufficient_abstract,low,title_only,ok
pubmed:19826967,HRS4_LIVER_DISEASE,retain,population|exposure|outcome,medium,abstract,ok
pubmed:19826968,HRS4_LIVER_DISEASE,retain,population|exposure|outcome,medium,abstract,ok
pubmed:19826971,HRS4_LIVER_DISEASE,retain,population|exposure|outcome,high,abstract,ok
pubmed:19865579,HRS4_LIVER_DISEASE,retain,population|exposure|outcome|human_signal|design_signal,high,abstract,ok
pubmed:19884634,HRS4_LIVER_DISEASE,retain,population|exposure|outcome|insufficient_abstract,low,title_only,ok
pubmed:19925744,HRS4_LIVER_DISEASE,retain,population|exposure|outcome|human_signal|design_signal,high,abstract,ok
pubmed:20014183,HRS4_LIVER_DISEASE,retain,population|exposure|outcome|human_signal|design_signal,high,abstract,ok
pubmed:20102976,HRS4_LIVER_DISEASE,retain,exposure|outcome|insufficient_abstract,low,title_only,ok
pubmed:20104221,HRS4_LIVER_DISEASE,retain,population|exposure|outcome|human_signal|design_signal,high,abstract,ok
pubmed:20112250,HRS4_LIVER_DISEASE,deprioritize,animal_term_present|outcome,medium,abstract,ok
pubmed:20121691,HRS4_LIVER_DISEASE,retain,population|exposure|outcome|insufficient_abstract,low,title_only,ok
pubmed:20186054,HRS4_LIVER_DISEASE,retain,population|exposure|outcome,medium,abstract,ok
pubmed:20191055,HRS4_LIVER_DISEASE,retain,population|exposure|outcome|human_signal|design_signal,high,abstract,ok
pubmed:20216279,HRS4_LIVER_DISEASE,retain,population|exposure|outcome|human_signal|design_signal,high,abstract,ok
pubmed:20332334,HRS4_LIVER_DISEASE,retain,population|exposure|outcome|human_signal|design_signal,high,abstract,ok
pubmed:20333973,HRS4_LIVER_DISEASE,retain,population|exposure|outcome|insufficient_abstract,low,title_only,ok
pubmed:20400915,HRS4_LIVER_DISEASE,retain,population|exposure|outcome|human_signal|design_signal,high,abstract,ok
pubmed:20423219,HRS4_LIVER_DISEASE,retain,population|exposure|outcome|human_signal|design_signal,high,abstract,ok
pubmed:20506691,HRS4_LIVER_DISEASE,retain,exposure|outcome,low,abstract,ok
pubmed:20564545,HRS4_LIVER_DISEASE,retain,population|exposure|outcome,high,abstract,ok
pubmed:20564754,HRS4_LIVER_DISEASE,retain,population|exposure|outcome,medium,abstract,ok
pubmed:20573093,HRS4_LIVER_DISEASE,retain,population|exposure|outcome|insufficient_abstract,low,title_only,ok
pubmed:20586134,HRS4_LIVER_DISEASE,retain,population|exposure|outcome|human_signal|design_signal,high,abstract,ok
pubmed:20587764,HRS4_LIVER_DISEASE,retain,population|exposure|outcome|human_signal|design_signal,high,abstract,ok
pubmed:20630022,HRS4_LIVER_DISEASE,retain,population|exposure|outcome,high,abstract,ok
pubmed:20690409,HRS4_LIVER_DISEASE,retain,exposure|insufficient_abstract,low,title_only,ok
pubmed:20691383,HRS4_LIVER_DISEASE,deprioritize,exposure|off_topic,medium,abstract,ok
pubmed:20720265,HRS4_LIVER_DISEASE,retain,population|exposure|outcome|human_signal,high,abstract,ok
pubmed:20821822,HRS4_LIVER_DISEASE,deprioritize,animal_term_present|off_topic,high,abstract,ok
pubmed:20827114,HRS4_LIVER_DISEASE,retain,exposure|outcome|insufficient_abstract,low,title_only,ok
pubmed:20831679,HRS4_LIVER_DISEASE,retain,population|exposure|outcome|human_signal|design_signal,high,abstract,ok
pubmed:20856101,HRS4_LIVER_DISEASE,retain,population|exposure|outcome|human_signal|design_signal,high,abstract,ok
pubmed:20861797,HRS4_LIVER_DISEASE,retain,population|exposure|outcome|human_signal|design_signal,high,abstract,ok
pubmed:20937576,HRS4_LIVER_DISEASE,retain,population|exposure|outcome|human_signal|design_signal,high,abstract,ok
pubmed:21046988,HRS4_LIVER_DISEASE,retain,population|exposure|outcome|human_signal|design_signal,high,abstract,ok
pubmed:21081732,HRS4_LIVER_DISEASE,retain,exposure|outcome|insufficient_abstract,low,title_only,ok
pubmed:21112196,HRS4_LIVER_DISEASE,retain,population|exposure|outcome,high,abstract,ok
pubmed:21174361,HRS4_LIVER_DISEASE,retain,exposure|outcome|insufficient_abstract,low,title_only,ok
pubmed:21198946,HRS4_LIVER_DISEASE,deprioritize,exposure|off_topic,high,abstract,ok
pubmed:21222373,HRS4_LIVER_DISEASE,retain,population|exposure|outcome|human_signal|design_signal,high,abstract,ok
pubmed:21228727,HRS4_LIVER_DISEASE,retain,population|exposure|outcome|human_signal|design_signal,high,abstract,ok
pubmed:21334992,HRS4_LIVER_DISEASE,retain,population|exposure|outcome|insufficient_abstract,low,title_only,ok
pubmed:21391842,HRS4_LIVER_DISEASE,deprioritize,animal_term_present|off_topic,high,abstract,ok
pubmed:21416745,HRS4_LIVER_DISEASE,retain,population|exposure|outcome|insufficient_abstract,low,title_only,ok
pubmed:21457433,HRS4_LIVER_DISEASE,retain,population|exposure|outcome|design_signal,high,abstract,ok
pubmed:21499580,HRS4_LIVER_DISEASE,retain,population|exposure|outcome|human_signal|design_signal,high,abstract,ok
pubmed:21501038,HRS4_LIVER_DISEASE,deprioritize,animal_term_present|off_topic,high,abstract,ok
pubmed:21507780,HRS4_LIVER_DISEASE,retain,population|exposure|outcome|insufficient_abstract,low,title_only,ok
pubmed:21520191,HRS4_LIVER_DISEASE,uncertain,exposure|insufficient_abstract,low,title_only,ok
pubmed:21540101,HRS4_LIVER_DISEASE,deprioritize,animal_term_present|off_topic,high,abstract,ok
pubmed:21563361,HRS4_LIVER_DISEASE,retain,population|exposure|outcome,medium,abstract,ok
pubmed:21587150,HRS4_LIVER_DISEASE,retain,population|exposure|outcome,medium,abstract,ok
pubmed:21605584,HRS4_LIVER_DISEASE,deprioritize,animal_term_present|off_topic,high,abstract,ok
pubmed:21658156,HRS4_LIVER_DISEASE,retain,population|exposure|outcome|insufficient_abstract,low,title_only,ok
pubmed:21677326,HRS4_LIVER_DISEASE,retain,population|exposure|outcome|human_signal|design_signal,high,abstract,ok
pubmed:21704188,HRS4_LIVER_DISEASE,deprioritize,animal_term_present|off_topic,high,abstract,ok
pubmed:21727224,HRS4_LIVER_DISEASE,retain,exposure|outcome|insufficient_abstract,low,title_only,ok
pubmed:21745293,HRS4_LIVER_DISEASE,retain,exposure|outcome|insufficient_abstract,low,title_only,ok
pubmed:21751292,HRS4_LIVER_DISEASE,retain,population|exposure|outcome|human_signal|design_signal,high,abstract,ok
pubmed:21779107,HRS4_LIVER_DISEASE,retain,population|exposure|outcome|human_signal|design_signal,high,abstract,ok
pubmed:21807932,HRS4_LIVER_DISEASE,deprioritize,animal_term_present,medium,abstract,ok
pubmed:21867653,HRS4_LIVER_DISEASE,retain,exposure|outcome|insufficient_abstract,low,title_only,ok
pubmed:21867654,HRS4_LIVER_DISEASE,retain,population|exposure|outcome,high,abstract,ok
pubmed:21879526,HRS4_LIVER_DISEASE,retain,exposure|outcome,medium,abstract,ok
pubmed:21951116,HRS4_LIVER_DISEASE,uncertain,exposure|insufficient_abstract,low,title_only,ok
pubmed:21953288,HRS4_LIVER_DISEASE,deprioritize,population|off_topic,medium,abstract,ok
pubmed:22014735,HRS4_LIVER_DISEASE,deprioritize,animal_term_present|off_topic,high,abstract,ok
pubmed:22120862,HRS4_LIVER_DISEASE,retain,exposure|outcome,medium,abstract,ok
pubmed:22189691,HRS4_LIVER_DISEASE,retain,population|exposure|outcome|human_signal|design_signal,high,abstract,ok
pubmed:22228296,HRS4_LIVER_DISEASE,retain,population|exposure|outcome|insufficient_abstract,low,title_only,ok
pubmed:22293208,HRS4_LIVER_DISEASE,deprioritize,population|off_topic,high,abstract,ok
pubmed:22294306,HRS4_LIVER_DISEASE,retain,population|exposure|outcome|human_signal|design_signal,high,abstract,ok
pubmed:22295888,HRS4_LIVER_DISEASE,retain,population|exposure|outcome|insufficient_abstract,low,title_only,ok
pubmed:22304375,HRS4_LIVER_DISEASE,retain,population|exposure|outcome|insufficient_abstract,low,title_only,ok
pubmed:22312273,HRS4_LIVER_DISEASE,retain,population|exposure|outcome,medium,abstract,ok
pubmed:22313878,HRS4_LIVER_DISEASE,retain,population|exposure|outcome,medium,abstract,ok
pubmed:22345346,HRS4_LIVER_DISEASE,retain,population|exposure|outcome|human_signal|design_signal,high,abstract,ok
pubmed:22378810,HRS4_LIVER_DISEASE,retain,population|exposure|outcome|human_signal|design_signal,high,abstract,ok
pubmed:22407600,HRS4_LIVER_DISEASE,retain,exposure|outcome|insufficient_abstract,low,title_only,ok
pubmed:22438173,HRS4_LIVER_DISEASE,retain,population|exposure|outcome|design_signal,high,abstract,ok
pubmed:22475136,HRS4_LIVER_DISEASE,retain,population|exposure|outcome|human_signal|design_signal,high,abstract,ok
pubmed:22477279,HRS4_LIVER_DISEASE,retain,population|exposure|outcome,high,abstract,ok
pubmed:22540904,HRS4_LIVER_DISEASE,retain,population|exposure|outcome|design_signal,high,abstract,ok
pubmed:22571268,HRS4_LIVER_DISEASE,deprioritize,animal_term_present|off_topic,high,abstract,ok
pubmed:22688507,HRS4_LIVER_DISEASE,uncertain,exposure|insufficient_abstract,low,title_only,ok
pubmed:22700641,HRS4_LIVER_DISEASE,retain,population|exposure|outcome|human_signal|design_signal,high,abstract,ok
pubmed:22711078,HRS4_LIVER_DISEASE,retain,population|exposure|outcome|human_signal|design_signal,high,abstract,ok
pubmed:22711083,HRS4_LIVER_DISEASE,retain,exposure|outcome|insufficient_abstract,low,title_only,ok
pubmed:22711101,HRS4_LIVER_DISEASE,retain,population|exposure|outcome|insufficient_abstract,low,title_only,ok
pubmed:22733303,HRS4_LIVER_DISEASE,retain,population|exposure|outcome|human_signal|design_signal,high,abstract,ok
pubmed:22734251,HRS4_LIVER_DISEASE,deprioritize,animal_term_present|off_topic,high,abstract,ok
pubmed:22751194,HRS4_LIVER_DISEASE,uncertain,insufficient_abstract,low,title_only,ok
pubmed:22789967,HRS4_LIVER_DISEASE,deprioritize,animal_term_present|off_topic,high,abstract,ok
pubmed:22809474,HRS4_LIVER_DISEASE,retain,population|exposure|outcome|human_signal|design_signal,high,abstract,ok
pubmed:22831551,HRS4_LIVER_DISEASE,retain,population|exposure|outcome,high,abstract,ok
pubmed:22878995,HRS4_LIVER_DISEASE,retain,population|exposure|outcome|human_signal|design_signal,high,abstract,ok
pubmed:22897137,HRS4_LIVER_DISEASE,retain,population|exposure|outcome,high,abstract,ok
pubmed:22898065,HRS4_LIVER_DISEASE,deprioritize,animal_term_present|off_topic,high,abstract,ok
pubmed:22928722,HRS4_LIVER_DISEASE,retain,population|exposure|outcome|design_signal,high,abstract,ok
pubmed:22940254,HRS4_LIVER_DISEASE,retain,population|exposure|outcome|human_signal|design_signal,high,abstract,ok
pubmed:22943726,HRS4_LIVER_DISEASE,retain,population|exposure|outcome|insufficient_abstract,low,title_only,ok
pubmed:23065568,HRS4_LIVER_DISEASE,retain,exposure|outcome|insufficient_abstract,low,title_only,ok
pubmed:23091804,HRS4_LIVER_DISEASE,retain,population|exposure|outcome,high,abstract,ok
pubmed:23092866,HRS4_LIVER_DISEASE,retain,population|exposure|outcome|design_signal,medium,abstract,ok
pubmed:23101983,HRS4_LIVER_DISEASE,retain,population|exposure|outcome,high,abstract,ok
pubmed:23108213,HRS4_LIVER_DISEASE,retain,population|exposure|outcome|insufficient_abstract,low,title_only,ok
pubmed:23108215,HRS4_LIVER_DISEASE,retain,exposure|insufficient_abstract,low,title_only,ok
pubmed:23121117,HRS4_LIVER_DISEASE,retain,population|exposure|outcome|design_signal,high,abstract,ok
pubmed:23221715,HRS4_LIVER_DISEASE,deprioritize,animal_term_present|off_topic,high,abstract,ok
pubmed:23239775,HRS4_LIVER_DISEASE,retain,population|exposure|outcome|human_signal|design_signal,high,abstract,ok
pubmed:23257938,HRS4_LIVER_DISEASE,retain,population|exposure|outcome|human_signal|design_signal,high,abstract,ok
pubmed:23277154,HRS4_LIVER_DISEASE,retain,exposure|outcome,low,abstract,ok
pubmed:23293189,HRS4_LIVER_DISEASE,retain,population|exposure|outcome,high,abstract,ok
pubmed:23361353,HRS4_LIVER_DISEASE,retain,population|exposure|outcome,high,abstract,ok
pubmed:23391366,HRS4_LIVER_DISEASE,retain,population|exposure|outcome|human_signal|design_signal,high,abstract,ok
pubmed:23419359,HRS4_LIVER_DISEASE,retain,population|exposure|outcome|human_signal|design_signal,high,abstract,ok
pubmed:23433055,HRS4_LIVER_DISEASE,deprioritize,animal_term_present|off_topic,high,abstract,ok
pubmed:23458441,HRS4_LIVER_DISEASE,retain,population|exposure|outcome,high,abstract,ok
pubmed:23458533,HRS4_LIVER_DISEASE,retain,exposure|outcome|insufficient_abstract,low,title_only,ok
pubmed:23458534,HRS4_LIVER_DISEASE,retain,exposure|outcome|insufficient_abstract,low,title_only,ok
pubmed:23469602,HRS4_LIVER_DISEASE,retain,population|exposure|outcome|human_signal|design_signal,high,abstract,ok
pubmed:23510966,HRS4_LIVER_DISEASE,retain,population|exposure|outcome|design_signal,high,abstract,ok
pubmed:23569745,HRS4_LIVER_DISEASE,deprioritize,animal_term_present|off_topic,high,abstract,ok
pubmed:23618528,HRS4_LIVER_DISEASE,deprioritize,animal_term_present|off_topic,high,abstract,ok
pubmed:23623967,HRS4_LIVER_DISEASE,uncertain,exposure|insufficient_abstract,low,title_only,ok
pubmed:23624001,HRS4_LIVER_DISEASE,deprioritize,animal_term_present|off_topic,high,abstract,ok
pubmed:23625293,HRS4_LIVER_DISEASE,retain,population|exposure|outcome|human_signal|design_signal,high,abstract,ok
pubmed:23704820,HRS4_LIVER_DISEASE,retain,population|exposure|outcome,high,abstract,ok
pubmed:23742226,HRS4_LIVER_DISEASE,deprioritize,animal_term_present|off_topic,high,abstract,ok
pubmed:23750872,HRS4_LIVER_DISEASE,retain,population|exposure|outcome|human_signal|design_signal,high,abstract,ok
pubmed:23757319,HRS4_LIVER_DISEASE,retain,population|exposure|outcome|human_signal|design_signal,high,abstract,ok
pubmed:23758691,HRS4_LIVER_DISEASE,deprioritize,exposure|off_topic,medium,abstract,ok
pubmed:23821313,HRS4_LIVER_DISEASE,deprioritize,animal_term_present|off_topic,high,abstract,ok
pubmed:23851411,HRS4_LIVER_DISEASE,retain,exposure|outcome,medium,abstract,ok
pubmed:23855299,HRS4_LIVER_DISEASE,deprioritize,exposure|off_topic,medium,abstract,ok
pubmed:23892757,HRS4_LIVER_DISEASE,retain,population|exposure|outcome|human_signal|design_signal,high,abstract,ok
pubmed:23924877,HRS4_LIVER_DISEASE,retain,population|exposure|outcome,high,abstract,ok
pubmed:23964154,HRS4_LIVER_DISEASE,retain,population|exposure|outcome|human_signal|design_signal,high,abstract,ok
pubmed:23983444,HRS4_LIVER_DISEASE,retain,population|exposure|outcome|human_signal|design_signal,high,abstract,ok
pubmed:23995915,HRS4_LIVER_DISEASE,retain,exposure|outcome,low,abstract,ok
pubmed:24081297,HRS4_LIVER_DISEASE,retain,population|exposure|outcome|insufficient_abstract,low,title_only,ok
pubmed:24083935,HRS4_LIVER_DISEASE,retain,population|exposure|outcome|human_signal|design_signal,high,abstract,ok
pubmed:24099018,HRS4_LIVER_DISEASE,retain,population|exposure|outcome,medium,abstract,ok
pubmed:24099027,HRS4_LIVER_DISEASE,retain,population|exposure|outcome,high,abstract,ok
pubmed:24140589,HRS4_LIVER_DISEASE,deprioritize,animal_term_present|off_topic,high,abstract,ok
pubmed:24182989,HRS4_LIVER_DISEASE,deprioritize,animal_term_present|off_topic,high,abstract,ok
pubmed:24193065,HRS4_LIVER_DISEASE,retain,population|exposure|outcome|insufficient_abstract,low,title_only,ok
pubmed:24217902,HRS4_LIVER_DISEASE,retain,population|exposure|outcome|human_signal|design_signal,high,abstract,ok
pubmed:24227554,HRS4_LIVER_DISEASE,retain,population|exposure|outcome|human_signal|design_signal,high,abstract,ok
pubmed:24316315,HRS4_LIVER_DISEASE,retain,population|exposure|outcome|insufficient_abstract,low,title_only,ok
pubmed:24366059,HRS4_LIVER_DISEASE,deprioritize,population|off_topic,high,abstract,ok
pubmed:24388027,HRS4_LIVER_DISEASE,retain,population|exposure|outcome,medium,abstract,ok
pubmed:24427969,HRS4_LIVER_DISEASE,retain,exposure|insufficient_abstract,low,title_only,ok
pubmed:24456360,HRS4_LIVER_DISEASE,deprioritize,animal_term_present|off_topic,high,abstract,ok
pubmed:24470142,HRS4_LIVER_DISEASE,retain,exposure|outcome|insufficient_abstract,low,title_only,ok
pubmed:24483102,HRS4_LIVER_DISEASE,retain,population|exposure|outcome|design_signal,high,abstract,ok
pubmed:24520780,HRS4_LIVER_DISEASE,retain,population|exposure|outcome|human_signal|design_signal,high,abstract,ok
pubmed:24570131,HRS4_LIVER_DISEASE,retain,exposure|outcome|insufficient_abstract,low,title_only,ok
pubmed:24572451,HRS4_LIVER_DISEASE,retain,population|exposure|outcome|human_signal|design_signal,high,abstract,ok
pubmed:24627311,HRS4_LIVER_DISEASE,retain,population|exposure|outcome,low,abstract,ok
pubmed:24633115,HRS4_LIVER_DISEASE,retain,exposure|insufficient_abstract,low,title_only,ok
pubmed:24650230,HRS4_LIVER_DISEASE,deprioritize,animal_term_present|off_topic,high,abstract,ok
pubmed:24657312,HRS4_LIVER_DISEASE,retain,population|exposure|outcome|human_signal|design_signal,high,abstract,ok
pubmed:24661785,HRS4_LIVER_DISEASE,retain,population|exposure|outcome|human_signal|design_signal,high,abstract,ok
pubmed:24679099,HRS4_LIVER_DISEASE,retain,population|exposure|outcome|human_signal|design_signal,high,abstract,ok
pubmed:24689808,HRS4_LIVER_DISEASE,deprioritize,population|off_topic,high,abstract,ok
pubmed:24693886,HRS4_LIVER_DISEASE,retain,exposure|outcome|insufficient_abstract,low,title_only,ok
pubmed:24725925,HRS4_LIVER_DISEASE,retain,exposure|outcome,low,abstract,ok
pubmed:24761695,HRS4_LIVER_DISEASE,retain,exposure|insufficient_abstract,low,title_only,ok
pubmed:24828027,HRS4_LIVER_DISEASE,deprioritize,animal_term_present|off_topic,high,abstract,ok
pubmed:24844799,HRS4_LIVER_DISEASE,retain,population|exposure|outcome|design_signal,high,abstract,ok
pubmed:24862489,HRS4_LIVER_DISEASE,retain,population|exposure|outcome|human_signal|design_signal,high,abstract,ok
pubmed:24867504,HRS4_LIVER_DISEASE,retain,population|exposure|outcome|human_signal|design_signal,high,abstract,ok
pubmed:24879976,HRS4_LIVER_DISEASE,uncertain,insufficient_abstract,low,title_only,ok
pubmed:24879982,HRS4_LIVER_DISEASE,retain,population|exposure|outcome,high,abstract,ok
pubmed:24915453,HRS4_LIVER_DISEASE,retain,population|exposure|outcome|human_signal|design_signal,high,abstract,ok
pubmed:24916713,HRS4_LIVER_DISEASE,retain,population|exposure|outcome|human_signal|design_signal,high,abstract,ok
pubmed:24933018,HRS4_LIVER_DISEASE,deprioritize,animal_term_present|off_topic,high,abstract,ok
pubmed:24935270,HRS4_LIVER_DISEASE,retain,population|exposure|outcome|design_signal,high,abstract,ok
pubmed:24969520,HRS4_LIVER_DISEASE,deprioritize,animal_term_present,medium,abstract,ok
pubmed:25043597,HRS4_LIVER_DISEASE,retain,population|exposure|outcome|human_signal|design_signal,high,abstract,ok
pubmed:25048610,HRS4_LIVER_DISEASE,deprioritize,animal_term_present|off_topic,high,abstract,ok
pubmed:25059038,HRS4_LIVER_DISEASE,deprioritize,animal_term_present|off_topic,high,abstract,ok
pubmed:25089364,HRS4_LIVER_DISEASE,deprioritize,population|off_topic,high,abstract,ok
pubmed:25091255,HRS4_LIVER_DISEASE,retain,population|exposure|outcome|insufficient_abstract,low,title_only,ok
pubmed:25096265,HRS4_LIVER_DISEASE,deprioritize,animal_term_present|off_topic,high,abstract,ok
pubmed:25103314,HRS4_LIVER_DISEASE,retain,population|exposure|outcome|human_signal|design_signal,high,abstract,ok
pubmed:2513032,HRS4_LIVER_DISEASE,retain,exposure|outcome|insufficient_abstract,low,title_only,ok
pubmed:25167337,HRS4_LIVER_DISEASE,retain,population|exposure|outcome|human_signal|design_signal,high,abstract,ok
pubmed:25202144,HRS4_LIVER_DISEASE,retain,exposure|outcome|insufficient_abstract,low,title_only,ok
pubmed:25242078,HRS4_LIVER_DISEASE,deprioritize,animal_term_present,medium,abstract,ok
pubmed:25280007,HRS4_LIVER_DISEASE,deprioritize,animal_term_present|off_topic,high,abstract,ok
pubmed:25356040,HRS4_LIVER_DISEASE,retain,exposure|outcome,low,abstract,ok
pubmed:25371567,HRS4_LIVER_DISEASE,deprioritize,animal_term_present|off_topic,high,abstract,ok
pubmed:25371570,HRS4_LIVER_DISEASE,deprioritize,animal_term_present|off_topic,high,abstract,ok
pubmed:25391087,HRS4_LIVER_DISEASE,retain,exposure|outcome|insufficient_abstract,low,title_only,ok
pubmed:25412679,HRS4_LIVER_DISEASE,deprioritize,animal_term_present|off_topic,high,abstract,ok
pubmed:25417766,HRS4_LIVER_DISEASE,deprioritize,animal_term_present|off_topic,high,abstract,ok
pubmed:25435714,HRS4_LIVER_DISEASE,deprioritize,animal_term_present|off_topic,high,abstract,ok
pubmed:25450083,HRS4_LIVER_DISEASE,retain,population|exposure|outcome|human_signal|design_signal,high,abstract,ok
pubmed:25450583,HRS4_LIVER_DISEASE,retain,population|exposure|outcome|human_signal|design_signal,high,abstract,ok
pubmed:25495794,HRS4_LIVER_DISEASE,deprioritize,animal_term_present|off_topic,high,abstract,ok
pubmed:25500423,HRS4_LIVER_DISEASE,retain,population|exposure|outcome,high,abstract,ok
pubmed:25512112,HRS4_LIVER_DISEASE,retain,exposure|outcome,medium,abstract,ok
pubmed:25536637,HRS4_LIVER_DISEASE,retain,population|exposure|outcome|design_signal,high,abstract,ok
pubmed:25544415,HRS4_LIVER_DISEASE,retain,population|exposure|outcome|human_signal|design_signal,high,abstract,ok
pubmed:25546878,HRS4_LIVER_DISEASE,retain,population|exposure|outcome,high,abstract,ok
pubmed:25573494,HRS4_LIVER_DISEASE,retain,population|exposure|outcome|human_signal|design_signal,high,abstract,ok
pubmed:25579757,HRS4_LIVER_DISEASE,retain,exposure|outcome|insufficient_abstract,low,title_only,ok
pubmed:25618544,HRS4_LIVER_DISEASE,retain,population|exposure|outcome,medium,abstract,ok
pubmed:25668233,HRS4_LIVER_DISEASE,retain,population|exposure|outcome|human_signal|design_signal,high,abstract,ok
pubmed:25680499,HRS4_LIVER_DISEASE,retain,population|exposure|outcome,high,abstract,ok
pubmed:2571536,HRS4_LIVER_DISEASE,retain,population|exposure|outcome|human_signal|design_signal,high,abstract,ok
pubmed:25733099,HRS4_LIVER_DISEASE,retain,population|exposure|outcome|human_signal|design_signal,high,abstract,ok
pubmed:25743713,HRS4_LIVER_DISEASE,uncertain,insufficient_abstract,low,title_only,ok
pubmed:25743714,HRS4_LIVER_DISEASE,uncertain,insufficient_abstract,low,title_only,ok
pubmed:25744927,HRS4_LIVER_DISEASE,retain,population|exposure|outcome|human_signal|design_signal,high,abstract,ok
pubmed:25746479,HRS4_LIVER_DISEASE,deprioritize,animal_term_present|off_topic,high,abstract,ok
pubmed:25804917,HRS4_LIVER_DISEASE,retain,exposure|outcome|insufficient_abstract,low,title_only,ok
pubmed:25809237,HRS4_LIVER_DISEASE,retain,population|exposure|outcome|design_signal,medium,abstract,ok
pubmed:25811114,HRS4_LIVER_DISEASE,retain,population|exposure|outcome|insufficient_abstract,low,title_only,ok
pubmed:25823877,HRS4_LIVER_DISEASE,retain,population|exposure|outcome|human_signal|design_signal,high,abstract,ok
pubmed:25857314,HRS4_LIVER_DISEASE,deprioritize,animal_term_present|off_topic,high,abstract,ok
pubmed:25910227,HRS4_LIVER_DISEASE,deprioritize,animal_term_present|off_topic,high,abstract,ok
pubmed:25923145,HRS4_LIVER_DISEASE,retain,population|exposure|outcome|human_signal|design_signal,high,abstract,ok
pubmed:25948859,HRS4_LIVER_DISEASE,retain,population|exposure|outcome|human_signal|design_signal,high,abstract,ok
pubmed:25956487,HRS4_LIVER_DISEASE,retain,population|exposure|outcome|design_signal,high,abstract,ok
pubmed:25956676,HRS4_LIVER_DISEASE,retain,population|exposure|outcome|human_signal|design_signal,high,abstract,ok
pubmed:25962859,HRS4_LIVER_DISEASE,deprioritize,population|off_topic,high,abstract,ok
pubmed:25971830,HRS4_LIVER_DISEASE,retain,population|exposure|outcome|human_signal|design_signal,high,abstract,ok
pubmed:25975988,HRS4_LIVER_DISEASE,retain,population|exposure|outcome|design_signal,high,abstract,ok
pubmed:25980398,HRS4_LIVER_DISEASE,retain,population|exposure|outcome|insufficient_abstract,low,title_only,ok
pubmed:26045135,HRS4_LIVER_DISEASE,deprioritize,exposure|off_topic,medium,abstract,ok
pubmed:26051348,HRS4_LIVER_DISEASE,retain,population|exposure|outcome|human_signal|design_signal,high,abstract,ok
pubmed:26066646,HRS4_LIVER_DISEASE,retain,population|exposure|outcome|design_signal,medium,abstract,ok
pubmed:26069918,HRS4_LIVER_DISEASE,retain,exposure|outcome|insufficient_abstract,low,title_only,ok
pubmed:26076377,HRS4_LIVER_DISEASE,retain,population|exposure|outcome|human_signal|design_signal,high,abstract,ok
pubmed:26114074,HRS4_LIVER_DISEASE,retain,population|exposure|outcome|human_signal|design_signal,high,abstract,ok
pubmed:26126259,HRS4_LIVER_DISEASE,retain,population|exposure|outcome|human_signal|design_signal,high,abstract,ok
pubmed:26149408,HRS4_LIVER_DISEASE,retain,population|exposure|outcome,high,abstract,ok
pubmed:26243373,HRS4_LIVER_DISEASE,retain,population|exposure|outcome|human_signal|design_signal,high,abstract,ok
pubmed:26273591,HRS4_LIVER_DISEASE,retain,population|exposure|outcome,low,abstract,ok
pubmed:26298863,HRS4_LIVER_DISEASE,retain,population|exposure|outcome|insufficient_abstract,low,title_only,ok
pubmed:26299642,HRS4_LIVER_DISEASE,deprioritize,animal_term_present|off_topic,high,abstract,ok
pubmed:26302024,HRS4_LIVER_DISEASE,retain,population|exposure|outcome|human_signal|design_signal,high,abstract,ok
pubmed:26325335,HRS4_LIVER_DISEASE,deprioritize,animal_term_present|off_topic,high,abstract,ok
pubmed:26327730,HRS4_LIVER_DISEASE,retain,population|exposure|outcome|human_signal|design_signal,high,abstract,ok
pubmed:26333346,HRS4_LIVER_DISEASE,deprioritize,animal_term_present,medium,abstract,ok
pubmed:26377694,HRS4_LIVER_DISEASE,retain,exposure|outcome,low,abstract,ok
pubmed:26436170,HRS4_LIVER_DISEASE,retain,exposure|outcome|insufficient_abstract,low,title_only,ok
pubmed:26459430,HRS4_LIVER_DISEASE,retain,population|exposure|outcome|human_signal|design_signal,high,abstract,ok
pubmed:26475488,HRS4_LIVER_DISEASE,retain,population|exposure|outcome|insufficient_abstract,low,title_only,ok
pubmed:26517853,HRS4_LIVER_DISEASE,retain,population|exposure|outcome|insufficient_abstract,low,title_only,ok
pubmed:26538199,HRS4_LIVER_DISEASE,retain,population|exposure|outcome|human_signal|design_signal,high,abstract,ok
pubmed:26560492,HRS4_LIVER_DISEASE,retain,population|exposure|outcome|human_signal|design_signal,high,abstract,ok
pubmed:26561740,HRS4_LIVER_DISEASE,retain,exposure|outcome,low,abstract,ok
pubmed:26626635,HRS4_LIVER_DISEASE,retain,population|exposure|outcome,high,abstract,ok
pubmed:26626645,HRS4_LIVER_DISEASE,retain,population|exposure|outcome|human_signal|design_signal,high,abstract,ok
pubmed:26626648,HRS4_LIVER_DISEASE,retain,population|exposure|outcome|human_signal|design_signal,high,abstract,ok
pubmed:26669124,HRS4_LIVER_DISEASE,retain,population|exposure|outcome,high,abstract,ok
pubmed:26670668,HRS4_LIVER_DISEASE,uncertain,exposure|insufficient_abstract,low,title_only,ok
pubmed:26683486,HRS4_LIVER_DISEASE,deprioritize,animal_term_present|off_topic,high,abstract,ok
pubmed:26696029,HRS4_LIVER_DISEASE,retain,population|exposure|outcome,medium,abstract,ok
pubmed:26710547,HRS4_LIVER_DISEASE,retain,population|exposure|outcome,high,abstract,ok
pubmed:26712744,HRS4_LIVER_DISEASE,retain,population|exposure|outcome,high,abstract,ok
pubmed:26713057,HRS4_LIVER_DISEASE,retain,population|exposure|outcome|human_signal|design_signal,high,abstract,ok
pubmed:26719300,HRS4_LIVER_DISEASE,deprioritize,off_topic|insufficient_abstract,low,title_only,ok
pubmed:26731241,HRS4_LIVER_DISEASE,deprioritize,population|off_topic,high,abstract,ok
pubmed:26755857,HRS4_LIVER_DISEASE,retain,population|exposure|outcome|design_signal,high,abstract,ok
pubmed:26827101,HRS4_LIVER_DISEASE,retain,population|exposure|outcome,medium,abstract,ok
pubmed:26861284,HRS4_LIVER_DISEASE,retain,population|exposure|outcome,high,abstract,ok
pubmed:26875483,HRS4_LIVER_DISEASE,retain,population|exposure|outcome|human_signal|design_signal,high,abstract,ok
pubmed:26876280,HRS4_LIVER_DISEASE,deprioritize,animal_term_present|off_topic,high,abstract,ok
pubmed:26882579,HRS4_LIVER_DISEASE,retain,population|exposure|outcome|human_signal|design_signal,high,abstract,ok
pubmed:26912176,HRS4_LIVER_DISEASE,deprioritize,animal_term_present|off_topic,high,abstract,ok
pubmed:26938524,HRS4_LIVER_DISEASE,deprioritize,exposure|off_topic,medium,abstract,ok
pubmed:26950122,HRS4_LIVER_DISEASE,retain,population|exposure|outcome,high,abstract,ok
pubmed:26971288,HRS4_LIVER_DISEASE,retain,population|exposure|outcome|human_signal|design_signal,high,abstract,ok
pubmed:27016852,HRS4_LIVER_DISEASE,retain,population|exposure|outcome|insufficient_abstract,low,title_only,ok
pubmed:27020633,HRS4_LIVER_DISEASE,retain,population|exposure|outcome|human_signal|design_signal,high,abstract,ok
pubmed:27043516,HRS4_LIVER_DISEASE,deprioritize,animal_term_present|off_topic,high,abstract,ok
pubmed:27043544,HRS4_LIVER_DISEASE,retain,population|exposure|outcome|human_signal|design_signal,high,abstract,ok
pubmed:27070596,HRS4_LIVER_DISEASE,retain,population|exposure|outcome|design_signal,high,abstract,ok
pubmed:27118685,HRS4_LIVER_DISEASE,deprioritize,animal_term_present,medium,abstract,ok
pubmed:27128912,HRS4_LIVER_DISEASE,retain,population|exposure|outcome,high,abstract,ok
pubmed:27142670,HRS4_LIVER_DISEASE,retain,population|exposure|outcome|human_signal|design_signal,high,abstract,ok
pubmed:27187363,HRS4_LIVER_DISEASE,retain,population|exposure|outcome,medium,abstract,ok
pubmed:27189593,HRS4_LIVER_DISEASE,retain,population|exposure|outcome|human_signal|design_signal,high,abstract,ok
pubmed:27273168,HRS4_LIVER_DISEASE,deprioritize,exposure|off_topic,medium,abstract,ok
pubmed:27310002,HRS4_LIVER_DISEASE,retain,exposure|outcome,low,abstract,ok
pubmed:27367536,HRS4_LIVER_DISEASE,retain,population|exposure|outcome|human_signal|design_signal,high,abstract,ok
pubmed:27402097,HRS4_LIVER_DISEASE,retain,population|exposure|outcome|design_signal,high,abstract,ok
pubmed:27404261,HRS4_LIVER_DISEASE,retain,population|exposure|outcome|human_signal|design_signal,high,abstract,ok
pubmed:27428996,HRS4_LIVER_DISEASE,deprioritize,animal_term_present|off_topic,high,abstract,ok
pubmed:27471014,HRS4_LIVER_DISEASE,retain,exposure|outcome|insufficient_abstract,low,title_only,ok
pubmed:27479144,HRS4_LIVER_DISEASE,retain,population|exposure|outcome|human_signal|design_signal,high,abstract,ok
pubmed:27491219,HRS4_LIVER_DISEASE,retain,population|exposure|outcome|insufficient_abstract,low,title_only,ok
pubmed:27562319,HRS4_LIVER_DISEASE,deprioritize,animal_term_present|off_topic,high,abstract,ok
pubmed:27608014,HRS4_LIVER_DISEASE,retain,population|exposure|outcome,medium,abstract,ok
pubmed:27627914,HRS4_LIVER_DISEASE,deprioritize,animal_term_present|off_topic,high,abstract,ok
pubmed:27644137,HRS4_LIVER_DISEASE,retain,exposure|outcome|human_signal|design_signal,medium,abstract,ok
pubmed:27677775,HRS4_LIVER_DISEASE,retain,population|exposure|outcome,high,abstract,ok
pubmed:27740529,HRS4_LIVER_DISEASE,retain,population|exposure|outcome|human_signal|design_signal,high,abstract,ok
pubmed:27771930,HRS4_LIVER_DISEASE,deprioritize,exposure|off_topic,medium,abstract,ok
pubmed:27842768,HRS4_LIVER_DISEASE,retain,population|exposure|outcome,high,abstract,ok
pubmed:27842775,HRS4_LIVER_DISEASE,retain,population|exposure|outcome,medium,abstract,ok
pubmed:27856182,HRS4_LIVER_DISEASE,retain,population|exposure|outcome|human_signal|design_signal,high,abstract,ok
pubmed:27871867,HRS4_LIVER_DISEASE,deprioritize,animal_term_present|off_topic,high,abstract,ok
pubmed:27890005,HRS4_LIVER_DISEASE,retain,exposure|outcome,medium,abstract,ok
pubmed:27890791,HRS4_LIVER_DISEASE,deprioritize,animal_term_present|off_topic,high,abstract,ok
pubmed:27956449,HRS4_LIVER_DISEASE,retain,population|exposure|outcome,medium,abstract,ok
pubmed:27959299,HRS4_LIVER_DISEASE,retain,population|exposure|outcome,medium,abstract,ok
pubmed:27978926,HRS4_LIVER_DISEASE,retain,population|exposure|outcome|design_signal,high,abstract,ok
pubmed:27981596,HRS4_LIVER_DISEASE,retain,population|exposure|outcome|human_signal|design_signal,high,abstract,ok
pubmed:28018115,HRS4_LIVER_DISEASE,retain,population|exposure|outcome|human_signal|design_signal,high,abstract,ok
pubmed:28025058,HRS4_LIVER_DISEASE,retain,population|exposure|outcome|human_signal|design_signal,high,abstract,ok
pubmed:28062872,HRS4_LIVER_DISEASE,retain,population|exposure|outcome,high,abstract,ok
pubmed:28078299,HRS4_LIVER_DISEASE,retain,population|exposure|outcome,high,abstract,ok
pubmed:28121193,HRS4_LIVER_DISEASE,deprioritize,exposure|off_topic,medium,abstract,ok
pubmed:28152355,HRS4_LIVER_DISEASE,retain,population|exposure|outcome,high,abstract,ok
pubmed:28196290,HRS4_LIVER_DISEASE,deprioritize,animal_term_present|off_topic,high,abstract,ok
pubmed:28219592,HRS4_LIVER_DISEASE,retain,population|exposure|outcome|human_signal|design_signal,high,abstract,ok
pubmed:28230908,HRS4_LIVER_DISEASE,retain,population|exposure|outcome|design_signal,high,abstract,ok
pubmed:28276270,HRS4_LIVER_DISEASE,uncertain,insufficient_abstract,low,title_only,ok
pubmed:28325574,HRS4_LIVER_DISEASE,deprioritize,animal_term_present|off_topic,high,abstract,ok
pubmed:28379595,HRS4_LIVER_DISEASE,retain,population|exposure|outcome|design_signal,high,abstract,ok
pubmed:28379599,HRS4_LIVER_DISEASE,retain,population|exposure|outcome,high,abstract,ok
pubmed:28400341,HRS4_LIVER_DISEASE,retain,exposure|outcome|human_signal|design_signal,high,abstract,ok
pubmed:28405790,HRS4_LIVER_DISEASE,retain,population|exposure|outcome,high,abstract,ok
pubmed:28506365,HRS4_LIVER_DISEASE,retain,population|exposure|outcome,medium,abstract,ok
pubmed:28543822,HRS4_LIVER_DISEASE,retain,population|exposure|outcome|human_signal|design_signal,high,abstract,ok
pubmed:28555362,HRS4_LIVER_DISEASE,retain,population|exposure|outcome|human_signal|design_signal,high,abstract,ok
pubmed:28571502,HRS4_LIVER_DISEASE,retain,population|exposure|outcome,high,abstract,ok
pubmed:28573253,HRS4_LIVER_DISEASE,deprioritize,animal_term_present|off_topic,high,abstract,ok
pubmed:28594241,HRS4_LIVER_DISEASE,deprioritize,population|off_topic,medium,abstract,ok
pubmed:28596675,HRS4_LIVER_DISEASE,retain,population|exposure|outcome,high,abstract,ok
pubmed:28617329,HRS4_LIVER_DISEASE,deprioritize,animal_term_present|off_topic,high,abstract,ok
pubmed:28627645,HRS4_LIVER_DISEASE,deprioritize,exposure|off_topic,medium,abstract,ok
pubmed:28647510,HRS4_LIVER_DISEASE,deprioritize,animal_term_present|off_topic,high,abstract,ok
pubmed:28765194,HRS4_LIVER_DISEASE,retain,population|exposure|outcome|human_signal|design_signal,high,abstract,ok
pubmed:28771932,HRS4_LIVER_DISEASE,retain,population|exposure|outcome,medium,abstract,ok
pubmed:28807851,HRS4_LIVER_DISEASE,retain,exposure|outcome|human_signal,medium,abstract,ok
pubmed:28843594,HRS4_LIVER_DISEASE,deprioritize,animal_term_present,high,abstract,ok
pubmed:28864554,HRS4_LIVER_DISEASE,retain,population|exposure|outcome|human_signal|design_signal,high,abstract,ok
pubmed:28873351,HRS4_LIVER_DISEASE,retain,population|exposure|outcome|human_signal|design_signal,high,abstract,ok
pubmed:28895915,HRS4_LIVER_DISEASE,retain,population|exposure|outcome,high,abstract,ok
pubmed:28933492,HRS4_LIVER_DISEASE,deprioritize,animal_term_present|off_topic,high,abstract,ok
pubmed:28968354,HRS4_LIVER_DISEASE,retain,population|exposure|outcome|human_signal|design_signal,medium,abstract,ok
pubmed:28972878,HRS4_LIVER_DISEASE,retain,population|exposure|outcome,medium,abstract,ok
pubmed:29087122,HRS4_LIVER_DISEASE,retain,population|exposure|outcome,high,abstract,ok
pubmed:29117101,HRS4_LIVER_DISEASE,retain,exposure|outcome,high,abstract,ok
pubmed:29196155,HRS4_LIVER_DISEASE,retain,population|exposure|outcome|human_signal|design_signal,high,abstract,ok
pubmed:29268595,HRS4_LIVER_DISEASE,retain,population|exposure|outcome,medium,abstract,ok
pubmed:29277608,HRS4_LIVER_DISEASE,deprioritize,animal_term_present|off_topic,high,abstract,ok
pubmed:29289796,HRS4_LIVER_DISEASE,deprioritize,animal_term_present|off_topic,high,abstract,ok
pubmed:29307848,HRS4_LIVER_DISEASE,retain,population|exposure|outcome|human_signal|design_signal,high,abstract,ok
pubmed:29310849,HRS4_LIVER_DISEASE,retain,population|exposure|outcome|human_signal|design_signal,high,abstract,ok
pubmed:29364842,HRS4_LIVER_DISEASE,retain,exposure|outcome,low,abstract,ok
pubmed:29397594,HRS4_LIVER_DISEASE,retain,population|exposure|outcome|human_signal|design_signal,high,abstract,ok
pubmed:2942280,HRS4_LIVER_DISEASE,uncertain,population|insufficient_abstract,low,title_only,ok
pubmed:29423815,HRS4_LIVER_DISEASE,retain,exposure|outcome|insufficient_abstract,low,title_only,ok
pubmed:29433390,HRS4_LIVER_DISEASE,deprioritize,animal_term_present,medium,abstract,ok
pubmed:29433393,HRS4_LIVER_DISEASE,deprioritize,animal_term_present|off_topic,high,abstract,ok
pubmed:29471563,HRS4_LIVER_DISEASE,retain,population|exposure|outcome,high,abstract,ok
pubmed:29486131,HRS4_LIVER_DISEASE,retain,population|exposure|outcome|human_signal|design_signal,high,abstract,ok
pubmed:29507653,HRS4_LIVER_DISEASE,retain,population|exposure|outcome,low,abstract,ok
pubmed:29521706,HRS4_LIVER_DISEASE,retain,population|exposure|outcome,high,abstract,ok
pubmed:29526703,HRS4_LIVER_DISEASE,retain,exposure|outcome,low,abstract,ok
pubmed:29600768,HRS4_LIVER_DISEASE,deprioritize,animal_term_present,medium,abstract,ok
pubmed:29744362,HRS4_LIVER_DISEASE,deprioritize,animal_term_present|off_topic,high,abstract,ok
pubmed:29749323,HRS4_LIVER_DISEASE,retain,population|exposure|outcome|human_signal|design_signal,high,abstract,ok
pubmed:29751876,HRS4_LIVER_DISEASE,retain,population|exposure|outcome,medium,abstract,ok
pubmed:29770511,HRS4_LIVER_DISEASE,retain,population|exposure|outcome|human_signal|design_signal,high,abstract,ok
pubmed:29782898,HRS4_LIVER_DISEASE,retain,exposure|outcome,low,abstract,ok
pubmed:29802521,HRS4_LIVER_DISEASE,retain,population|exposure|outcome|human_signal|design_signal,high,abstract,ok
pubmed:29808546,HRS4_LIVER_DISEASE,retain,population|exposure|outcome,medium,abstract,ok
pubmed:29857089,HRS4_LIVER_DISEASE,retain,population|exposure|outcome|human_signal|design_signal,high,abstract,ok
pubmed:29870727,HRS4_LIVER_DISEASE,retain,exposure|outcome|insufficient_abstract,low,title_only,ok
pubmed:29906537,HRS4_LIVER_DISEASE,deprioritize,animal_term_present|off_topic,high,abstract,ok
pubmed:29920288,HRS4_LIVER_DISEASE,deprioritize,animal_term_present|exposure,medium,abstract,ok
pubmed:29920648,HRS4_LIVER_DISEASE,retain,population|exposure|outcome,high,abstract,ok
pubmed:29953177,HRS4_LIVER_DISEASE,retain,population|exposure|outcome,high,abstract,ok
pubmed:29969892,HRS4_LIVER_DISEASE,deprioritize,animal_term_present|off_topic,high,abstract,ok
pubmed:30003672,HRS4_LIVER_DISEASE,retain,population|exposure|outcome,medium,abstract,ok
pubmed:30010169,HRS4_LIVER_DISEASE,deprioritize,animal_term_present|off_topic,high,abstract,ok
pubmed:3001402,HRS4_LIVER_DISEASE,retain,exposure|outcome,low,abstract,ok
pubmed:30079536,HRS4_LIVER_DISEASE,retain,exposure|outcome,medium,abstract,ok
pubmed:30080294,HRS4_LIVER_DISEASE,retain,population|exposure|outcome|design_signal,high,abstract,ok
pubmed:30158570,HRS4_LIVER_DISEASE,retain,population|exposure|outcome,medium,abstract,ok
pubmed:30213010,HRS4_LIVER_DISEASE,retain,population|exposure|outcome|human_signal|design_signal,high,abstract,ok
pubmed:30274144,HRS4_LIVER_DISEASE,retain,population|exposure|outcome|design_signal,high,abstract,ok
pubmed:30327154,HRS4_LIVER_DISEASE,deprioritize,animal_term_present,medium,abstract,ok
pubmed:30343418,HRS4_LIVER_DISEASE,retain,population|exposure|outcome,medium,abstract,ok
pubmed:30357773,HRS4_LIVER_DISEASE,retain,population|exposure|outcome,high,abstract,ok
pubmed:30378260,HRS4_LIVER_DISEASE,retain,exposure|outcome,low,abstract,ok
pubmed:30390892,HRS4_LIVER_DISEASE,retain,population|exposure|outcome|design_signal,high,abstract,ok
pubmed:30612458,HRS4_LIVER_DISEASE,deprioritize,animal_term_present|off_topic,high,abstract,ok
pubmed:30626086,HRS4_LIVER_DISEASE,deprioritize,animal_term_present|off_topic,high,abstract,ok
pubmed:30670256,HRS4_LIVER_DISEASE,retain,population|exposure|outcome|human_signal|design_signal,high,abstract,ok
pubmed:30742832,HRS4_LIVER_DISEASE,retain,population|exposure|outcome|human_signal|design_signal,high,abstract,ok
pubmed:30782046,HRS4_LIVER_DISEASE,deprioritize,animal_term_present|off_topic,high,abstract,ok
pubmed:30802610,HRS4_LIVER_DISEASE,deprioritize,animal_term_present|off_topic,high,abstract,ok
pubmed:30888761,HRS4_LIVER_DISEASE,deprioritize,exposure|off_topic,high,abstract,ok
pubmed:30910808,HRS4_LIVER_DISEASE,retain,population|exposure|outcome|human_signal|design_signal,high,abstract,ok
pubmed:30914020,HRS4_LIVER_DISEASE,retain,population|exposure|outcome,high,abstract,ok
pubmed:30920318,HRS4_LIVER_DISEASE,retain,population|exposure|outcome|human_signal|design_signal,high,abstract,ok
pubmed:30926241,HRS4_LIVER_DISEASE,retain,population|exposure|outcome,high,abstract,ok
pubmed:30927921,HRS4_LIVER_DISEASE,deprioritize,animal_term_present|off_topic,high,abstract,ok
pubmed:30934130,HRS4_LIVER_DISEASE,retain,population|exposure|outcome|human_signal|design_signal,high,abstract,ok
pubmed:30939785,HRS4_LIVER_DISEASE,deprioritize,population|off_topic,high,abstract,ok
pubmed:30955354,HRS4_LIVER_DISEASE,retain,population|exposure|outcome|human_signal|design_signal,high,abstract,ok
pubmed:30974967,HRS4_LIVER_DISEASE,deprioritize,animal_term_present|off_topic,high,abstract,ok
pubmed:31004881,HRS4_LIVER_DISEASE,retain,population|exposure|outcome|design_signal,high,abstract,ok
pubmed:31077227,HRS4_LIVER_DISEASE,retain,population|exposure|outcome|human_signal|design_signal,high,abstract,ok
pubmed:31122041,HRS4_LIVER_DISEASE,deprioritize,animal_term_present|off_topic,high,abstract,ok
pubmed:31140472,HRS4_LIVER_DISEASE,deprioritize,animal_term_present,high,abstract,ok
pubmed:31199767,HRS4_LIVER_DISEASE,retain,exposure|outcome|human_signal|design_signal,high,abstract,ok
pubmed:31204407,HRS4_LIVER_DISEASE,retain,population|exposure|design_signal,medium,abstract,ok
pubmed:31243985,HRS4_LIVER_DISEASE,deprioritize,exposure|off_topic,medium,abstract,ok
pubmed:31271321,HRS4_LIVER_DISEASE,retain,population|exposure|outcome|insufficient_abstract,low,title_only,ok
pubmed:31279342,HRS4_LIVER_DISEASE,retain,population|exposure|outcome|design_signal,high,abstract,ok
pubmed:31307586,HRS4_LIVER_DISEASE,retain,population|exposure|outcome,medium,abstract,ok
pubmed:31314970,HRS4_LIVER_DISEASE,uncertain,exposure|insufficient_abstract,low,title_only,ok
pubmed:31350744,HRS4_LIVER_DISEASE,retain,population|exposure|outcome,medium,abstract,ok
pubmed:31366891,HRS4_LIVER_DISEASE,retain,exposure|outcome|design_signal,high,abstract,ok
pubmed:31498101,HRS4_LIVER_DISEASE,retain,population|exposure|outcome,medium,abstract,ok
pubmed:31501836,HRS4_LIVER_DISEASE,deprioritize,animal_term_present|off_topic,high,abstract,ok
pubmed:31557595,HRS4_LIVER_DISEASE,retain,exposure|outcome|human_signal|design_signal,high,abstract,ok
pubmed:31563808,HRS4_LIVER_DISEASE,deprioritize,animal_term_present,medium,abstract,ok
pubmed:31569771,HRS4_LIVER_DISEASE,deprioritize,animal_term_present|off_topic,high,abstract,ok
pubmed:31571251,HRS4_LIVER_DISEASE,deprioritize,animal_term_present|off_topic,high,abstract,ok
pubmed:31689910,HRS4_LIVER_DISEASE,retain,population|exposure|outcome,medium,abstract,ok
pubmed:31701433,HRS4_LIVER_DISEASE,deprioritize,outcome|off_topic,medium,abstract,ok
pubmed:31720699,HRS4_LIVER_DISEASE,retain,population|exposure|outcome|human_signal|design_signal,high,abstract,ok
pubmed:31753246,HRS4_LIVER_DISEASE,retain,population|exposure|outcome,medium,abstract,ok
pubmed:31753247,HRS4_LIVER_DISEASE,retain,population|exposure|outcome,high,abstract,ok
pubmed:31767895,HRS4_LIVER_DISEASE,deprioritize,outcome|off_topic,medium,abstract,ok
pubmed:31775657,HRS4_LIVER_DISEASE,retain,population|exposure|outcome|human_signal|design_signal,high,abstract,ok
pubmed:31809787,HRS4_LIVER_DISEASE,deprioritize,animal_term_present|off_topic,high,abstract,ok
pubmed:31846399,HRS4_LIVER_DISEASE,deprioritize,animal_term_present|off_topic,high,abstract,ok
pubmed:31857773,HRS4_LIVER_DISEASE,retain,population|exposure|outcome,high,abstract,ok
pubmed:31879192,HRS4_LIVER_DISEASE,retain,population|exposure|outcome|insufficient_abstract,low,title_only,ok
pubmed:31991029,HRS4_LIVER_DISEASE,retain,population|exposure|outcome|human_signal|design_signal,high,abstract,ok
pubmed:32017253,HRS4_LIVER_DISEASE,retain,population|exposure|outcome|human_signal|design_signal,high,abstract,ok
pubmed:32037709,HRS4_LIVER_DISEASE,retain,population|exposure|outcome|insufficient_abstract,low,title_only,ok
pubmed:32123300,HRS4_LIVER_DISEASE,retain,population|exposure|outcome,high,abstract,ok
pubmed:32147478,HRS4_LIVER_DISEASE,deprioritize,population|off_topic,medium,abstract,ok
pubmed:32192741,HRS4_LIVER_DISEASE,retain,population|exposure|outcome|human_signal|design_signal,high,abstract,ok
pubmed:32267550,HRS4_LIVER_DISEASE,deprioritize,animal_term_present|off_topic,high,abstract,ok
pubmed:32312690,HRS4_LIVER_DISEASE,retain,population|exposure|outcome,medium,abstract,ok
pubmed:32331258,HRS4_LIVER_DISEASE,deprioritize,animal_term_present|off_topic,high,abstract,ok
pubmed:32496340,HRS4_LIVER_DISEASE,deprioritize,off_topic|insufficient_abstract,low,title_only,ok
pubmed:32513044,HRS4_LIVER_DISEASE,deprioritize,animal_term_present|off_topic,high,abstract,ok
pubmed:32525269,HRS4_LIVER_DISEASE,retain,population|exposure|outcome|human_signal|design_signal,high,abstract,ok
pubmed:32532617,HRS4_LIVER_DISEASE,retain,population|exposure|outcome|human_signal|design_signal,high,abstract,ok
pubmed:32538091,HRS4_LIVER_DISEASE,deprioritize,animal_term_present|off_topic,high,abstract,ok
pubmed:32595263,HRS4_LIVER_DISEASE,retain,population|exposure|outcome|human_signal|design_signal,high,abstract,ok
pubmed:32634627,HRS4_LIVER_DISEASE,deprioritize,exposure|off_topic,medium,abstract,ok
pubmed:32652917,HRS4_LIVER_DISEASE,deprioritize,animal_term_present|off_topic,high,abstract,ok
pubmed:32656820,HRS4_LIVER_DISEASE,retain,population|exposure|outcome|human_signal|design_signal,high,abstract,ok
pubmed:32668632,HRS4_LIVER_DISEASE,deprioritize,exposure|off_topic,high,abstract,ok
pubmed:32690854,HRS4_LIVER_DISEASE,retain,population|exposure|outcome|human_signal|design_signal,high,abstract,ok
pubmed:32693115,HRS4_LIVER_DISEASE,retain,population|exposure|outcome,medium,abstract,ok
pubmed:32702243,HRS4_LIVER_DISEASE,retain,exposure|outcome|design_signal,high,abstract,ok
pubmed:32715778,HRS4_LIVER_DISEASE,retain,population|exposure|outcome|human_signal,low,abstract,ok
pubmed:32718364,HRS4_LIVER_DISEASE,deprioritize,animal_term_present|off_topic,high,abstract,ok
pubmed:32813127,HRS4_LIVER_DISEASE,retain,population|exposure|outcome,medium,abstract,ok
pubmed:32818465,HRS4_LIVER_DISEASE,retain,population|exposure|outcome,medium,abstract,ok
pubmed:32852569,HRS4_LIVER_DISEASE,retain,population|exposure|outcome,medium,abstract,ok
pubmed:32892374,HRS4_LIVER_DISEASE,retain,population|exposure|outcome|human_signal|design_signal,high,abstract,ok
pubmed:32895142,HRS4_LIVER_DISEASE,retain,population|exposure|outcome,medium,abstract,ok
pubmed:32942158,HRS4_LIVER_DISEASE,retain,exposure|outcome,low,abstract,ok
pubmed:32961280,HRS4_LIVER_DISEASE,retain,population|exposure|outcome,high,abstract,ok
pubmed:33004548,HRS4_LIVER_DISEASE,deprioritize,animal_term_present,medium,abstract,ok
pubmed:33027883,HRS4_LIVER_DISEASE,retain,population|exposure|outcome,high,abstract,ok
pubmed:33154553,HRS4_LIVER_DISEASE,retain,population|exposure|outcome|human_signal|design_signal,high,abstract,ok
pubmed:33203174,HRS4_LIVER_DISEASE,retain,population|exposure|outcome,low,abstract,ok
pubmed:33213177,HRS4_LIVER_DISEASE,deprioritize,exposure|off_topic,medium,abstract,ok
pubmed:33222432,HRS4_LIVER_DISEASE,retain,population|exposure|outcome,medium,abstract,ok
pubmed:33250192,HRS4_LIVER_DISEASE,retain,population|exposure|outcome|insufficient_abstract,low,title_only,ok
pubmed:33258346,HRS4_LIVER_DISEASE,deprioritize,animal_term_present|off_topic,high,abstract,ok
pubmed:33274511,HRS4_LIVER_DISEASE,deprioritize,off_topic|insufficient_abstract,low,title_only,ok
pubmed:33322162,HRS4_LIVER_DISEASE,retain,population|exposure|outcome,medium,abstract,ok
pubmed:33346172,HRS4_LIVER_DISEASE,retain,population|exposure|outcome|human_signal|design_signal,high,abstract,ok
pubmed:33353302,HRS4_LIVER_DISEASE,deprioritize,animal_term_present|off_topic,high,abstract,ok
pubmed:33382359,HRS4_LIVER_DISEASE,deprioritize,animal_term_present|off_topic,high,abstract,ok
pubmed:33434654,HRS4_LIVER_DISEASE,retain,population|exposure|outcome|human_signal|design_signal,high,abstract,ok
pubmed:33501840,HRS4_LIVER_DISEASE,deprioritize,animal_term_present|off_topic,high,abstract,ok
pubmed:33508520,HRS4_LIVER_DISEASE,retain,population|exposure|outcome|human_signal|design_signal,high,abstract,ok
pubmed:33514869,HRS4_LIVER_DISEASE,retain,population|exposure|outcome|human_signal|design_signal,high,abstract,ok
pubmed:33551105,HRS4_LIVER_DISEASE,deprioritize,population|off_topic,high,abstract,ok
pubmed:33572973,HRS4_LIVER_DISEASE,retain,exposure|outcome|design_signal,high,abstract,ok
pubmed:33579656,HRS4_LIVER_DISEASE,retain,population|exposure|outcome|human_signal|design_signal,high,abstract,ok
pubmed:33609753,HRS4_LIVER_DISEASE,retain,population|exposure|outcome,high,abstract,ok
pubmed:33621669,HRS4_LIVER_DISEASE,retain,population|exposure|outcome|insufficient_abstract,low,title_only,ok
pubmed:33629115,HRS4_LIVER_DISEASE,deprioritize,animal_term_present|exposure,medium,abstract,ok
pubmed:33657990,HRS4_LIVER_DISEASE,deprioritize,animal_term_present|off_topic,high,abstract,ok
pubmed:33678036,HRS4_LIVER_DISEASE,deprioritize,animal_term_present|off_topic,high,abstract,ok
pubmed:33794784,HRS4_LIVER_DISEASE,retain,population|exposure|outcome|human_signal|design_signal,high,abstract,ok
pubmed:33832332,HRS4_LIVER_DISEASE,deprioritize,animal_term_present|off_topic,high,abstract,ok
pubmed:33836412,HRS4_LIVER_DISEASE,retain,population|exposure|human_signal,low,abstract,ok
pubmed:33846832,HRS4_LIVER_DISEASE,retain,population|exposure|outcome,medium,abstract,ok
pubmed:33864432,HRS4_LIVER_DISEASE,retain,population|exposure|outcome|human_signal|design_signal,high,abstract,ok
pubmed:33929376,HRS4_LIVER_DISEASE,retain,population|exposure|outcome,high,abstract,ok
pubmed:33945827,HRS4_LIVER_DISEASE,retain,population|exposure|outcome,low,abstract,ok
pubmed:33953643,HRS4_LIVER_DISEASE,deprioritize,animal_term_present|off_topic,high,abstract,ok
pubmed:33954202,HRS4_LIVER_DISEASE,retain,population|exposure|outcome|human_signal|design_signal,high,abstract,ok
pubmed:33962922,HRS4_LIVER_DISEASE,retain,population|exposure|outcome|human_signal|design_signal,high,abstract,ok
pubmed:33977953,HRS4_LIVER_DISEASE,deprioritize,animal_term_present|off_topic,high,abstract,ok
pubmed:34063021,HRS4_LIVER_DISEASE,retain,exposure|outcome,low,abstract,ok
pubmed:34082111,HRS4_LIVER_DISEASE,deprioritize,animal_term_present|off_topic,high,abstract,ok
pubmed:34146619,HRS4_LIVER_DISEASE,deprioritize,animal_term_present|off_topic,high,abstract,ok
pubmed:34265382,HRS4_LIVER_DISEASE,deprioritize,outcome|off_topic,high,abstract,ok
pubmed:34272737,HRS4_LIVER_DISEASE,retain,population|exposure|outcome|human_signal|design_signal,high,abstract,ok
pubmed:34309869,HRS4_LIVER_DISEASE,deprioritize,animal_term_present|off_topic,high,abstract,ok
pubmed:34331346,HRS4_LIVER_DISEASE,retain,population|exposure|outcome|human_signal|design_signal,high,abstract,ok
pubmed:34370392,HRS4_LIVER_DISEASE,retain,population|exposure|outcome|human_signal|design_signal,high,abstract,ok
pubmed:34382132,HRS4_LIVER_DISEASE,retain,population|exposure|outcome|human_signal|design_signal,high,abstract,ok
pubmed:34386975,HRS4_LIVER_DISEASE,retain,population|exposure|outcome|insufficient_abstract,low,title_only,ok
pubmed:34400200,HRS4_LIVER_DISEASE,deprioritize,animal_term_present|off_topic,high,abstract,ok
pubmed:34400337,HRS4_LIVER_DISEASE,retain,population|exposure|outcome|human_signal|design_signal,high,abstract,ok
pubmed:34409912,HRS4_LIVER_DISEASE,deprioritize,animal_term_present|off_topic,high,abstract,ok
pubmed:34432218,HRS4_LIVER_DISEASE,retain,population|exposure|outcome,low,abstract,ok
pubmed:34491307,HRS4_LIVER_DISEASE,retain,population|exposure|outcome|design_signal,high,abstract,ok
pubmed:34546256,HRS4_LIVER_DISEASE,deprioritize,animal_term_present|off_topic,high,abstract,ok
pubmed:34549998,HRS4_LIVER_DISEASE,deprioritize,animal_term_present|off_topic,high,abstract,ok
pubmed:34585848,HRS4_LIVER_DISEASE,deprioritize,exposure|off_topic,medium,abstract,ok
pubmed:34603279,HRS4_LIVER_DISEASE,deprioritize,animal_term_present|off_topic,high,abstract,ok
pubmed:34685712,HRS4_LIVER_DISEASE,deprioritize,animal_term_present|exposure,high,abstract,ok
pubmed:34688802,HRS4_LIVER_DISEASE,deprioritize,animal_term_present|off_topic,high,abstract,ok
pubmed:34772600,HRS4_LIVER_DISEASE,retain,population|exposure|outcome,medium,abstract,ok
pubmed:34825768,HRS4_LIVER_DISEASE,retain,population|exposure|outcome|insufficient_abstract,low,title_only,ok
pubmed:34882134,HRS4_LIVER_DISEASE,retain,population|exposure|outcome|human_signal|design_signal,high,abstract,ok
pubmed:34883213,HRS4_LIVER_DISEASE,retain,population|exposure|outcome,medium,abstract,ok
pubmed:34937168,HRS4_LIVER_DISEASE,deprioritize,animal_term_present|off_topic,high,abstract,ok
pubmed:34981106,HRS4_LIVER_DISEASE,deprioritize,animal_term_present|off_topic,high,abstract,ok
pubmed:34985089,HRS4_LIVER_DISEASE,retain,population|exposure|outcome|human_signal|design_signal,high,abstract,ok
pubmed:35037744,HRS4_LIVER_DISEASE,retain,population|exposure|outcome|human_signal|design_signal,high,abstract,ok
pubmed:35066755,HRS4_LIVER_DISEASE,retain,population|exposure|outcome|insufficient_abstract,low,title_only,ok
pubmed:35081550,HRS4_LIVER_DISEASE,retain,population|exposure|outcome|human_signal|design_signal,high,abstract,ok
pubmed:35082485,HRS4_LIVER_DISEASE,retain,exposure|outcome,low,abstract,ok
pubmed:35084797,HRS4_LIVER_DISEASE,retain,population|exposure|outcome,medium,abstract,ok
pubmed:35107323,HRS4_LIVER_DISEASE,deprioritize,animal_term_present|off_topic,high,abstract,ok
pubmed:35119232,HRS4_LIVER_DISEASE,retain,population|exposure|outcome,medium,abstract,ok
pubmed:35122190,HRS4_LIVER_DISEASE,retain,population|exposure|outcome|human_signal|design_signal,medium,abstract,ok
pubmed:35165344,HRS4_LIVER_DISEASE,deprioritize,animal_term_present|off_topic,high,abstract,ok
pubmed:3522704,HRS4_LIVER_DISEASE,deprioritize,animal_term_present,medium,abstract,ok
pubmed:35318201,HRS4_LIVER_DISEASE,retain,population|exposure|outcome|human_signal|design_signal,high,abstract,ok
pubmed:35353431,HRS4_LIVER_DISEASE,retain,population|exposure|outcome,medium,abstract,ok
pubmed:35417778,HRS4_LIVER_DISEASE,retain,population|exposure|outcome|human_signal|design_signal,high,abstract,ok
pubmed:35596597,HRS4_LIVER_DISEASE,retain,population|exposure|outcome|design_signal,high,abstract,ok
pubmed:35645018,HRS4_LIVER_DISEASE,retain,population|exposure|outcome,medium,abstract,ok
pubmed:35682720,HRS4_LIVER_DISEASE,deprioritize,animal_term_present|off_topic,high,abstract,ok
pubmed:35710615,HRS4_LIVER_DISEASE,retain,population|exposure|outcome|design_signal,high,abstract,ok
pubmed:35771985,HRS4_LIVER_DISEASE,retain,exposure|outcome,low,abstract,ok
pubmed:35843842,HRS4_LIVER_DISEASE,retain,population|exposure|outcome,medium,abstract,ok
pubmed:35899384,HRS4_LIVER_DISEASE,retain,population|exposure|outcome|insufficient_abstract,low,title_only,ok
pubmed:35899490,HRS4_LIVER_DISEASE,retain,population|exposure|outcome|human_signal|design_signal,high,abstract,ok
pubmed:35955942,HRS4_LIVER_DISEASE,retain,population|exposure|outcome|design_signal,high,abstract,ok
pubmed:36038343,HRS4_LIVER_DISEASE,retain,population|exposure|outcome|human_signal|design_signal,high,abstract,ok
pubmed:36155352,HRS4_LIVER_DISEASE,retain,population|exposure|outcome|insufficient_abstract,low,title_only,ok
pubmed:36178169,HRS4_LIVER_DISEASE,retain,population|exposure|outcome|human_signal|design_signal,high,abstract,ok
pubmed:36183923,HRS4_LIVER_DISEASE,retain,population|exposure|outcome,high,abstract,ok
pubmed:36282208,HRS4_LIVER_DISEASE,retain,population|exposure|outcome,medium,abstract,ok
pubmed:36326112,HRS4_LIVER_DISEASE,deprioritize,population|off_topic,high,abstract,ok
pubmed:36332223,HRS4_LIVER_DISEASE,deprioritize,exposure|off_topic,medium,abstract,ok
pubmed:36515339,HRS4_LIVER_DISEASE,retain,population|exposure|outcome|human_signal|design_signal,high,abstract,ok
pubmed:36524620,HRS4_LIVER_DISEASE,deprioritize,population|off_topic,high,abstract,ok
pubmed:36615814,HRS4_LIVER_DISEASE,retain,population|exposure|outcome,medium,abstract,ok
pubmed:36747270,HRS4_LIVER_DISEASE,deprioritize,outcome|off_topic,high,abstract,ok
pubmed:36863159,HRS4_LIVER_DISEASE,deprioritize,animal_term_present|off_topic,high,abstract,ok
pubmed:36868489,HRS4_LIVER_DISEASE,retain,population|exposure|outcome,high,abstract,ok
pubmed:36900932,HRS4_LIVER_DISEASE,retain,population|exposure|outcome|human_signal|design_signal,high,abstract,ok
pubmed:36902432,HRS4_LIVER_DISEASE,retain,population|exposure|outcome,medium,abstract,ok
pubmed:36907542,HRS4_LIVER_DISEASE,deprioritize,animal_term_present|off_topic,high,abstract,ok
pubmed:36913077,HRS4_LIVER_DISEASE,retain,population|exposure|outcome,high,abstract,ok
pubmed:36930784,HRS4_LIVER_DISEASE,retain,population|exposure|outcome|human_signal|design_signal,high,abstract,ok
pubmed:36958264,HRS4_LIVER_DISEASE,deprioritize,animal_term_present|off_topic,high,abstract,ok
pubmed:36961176,HRS4_LIVER_DISEASE,retain,population|exposure|outcome|human_signal|design_signal,high,abstract,ok
pubmed:36986190,HRS4_LIVER_DISEASE,deprioritize,animal_term_present|off_topic,high,abstract,ok
pubmed:37040544,HRS4_LIVER_DISEASE,retain,population|exposure|outcome|human_signal|design_signal,high,abstract,ok
pubmed:37077515,HRS4_LIVER_DISEASE,retain,population|exposure|outcome,medium,abstract,ok
pubmed:37099000,HRS4_LIVER_DISEASE,deprioritize,animal_term_present|off_topic,high,abstract,ok
pubmed:37121435,HRS4_LIVER_DISEASE,retain,population|exposure|outcome|human_signal|design_signal,high,abstract,ok
pubmed:37127122,HRS4_LIVER_DISEASE,deprioritize,population|off_topic,high,abstract,ok
pubmed:37164270,HRS4_LIVER_DISEASE,retain,population|exposure|outcome,high,abstract,ok
pubmed:37208493,HRS4_LIVER_DISEASE,retain,population|exposure|outcome|human_signal|design_signal,high,abstract,ok
pubmed:37248976,HRS4_LIVER_DISEASE,retain,population|exposure|outcome,high,abstract,ok
pubmed:37282884,HRS4_LIVER_DISEASE,retain,population|exposure|outcome,high,abstract,ok
pubmed:37354055,HRS4_LIVER_DISEASE,deprioritize,animal_term_present|off_topic,high,abstract,ok
pubmed:37365109,HRS4_LIVER_DISEASE,retain,population|exposure|outcome,medium,abstract,ok
pubmed:37380287,HRS4_LIVER_DISEASE,retain,population|exposure|outcome,medium,abstract,ok
pubmed:37449514,HRS4_LIVER_DISEASE,retain,population|exposure|outcome|human_signal|design_signal,high,abstract,ok
pubmed:37460037,HRS4_LIVER_DISEASE,deprioritize,population|off_topic,medium,abstract,ok
pubmed:37505972,HRS4_LIVER_DISEASE,retain,population|exposure|outcome|design_signal,high,abstract,ok
pubmed:37544344,HRS4_LIVER_DISEASE,retain,exposure|outcome,low,abstract,ok
pubmed:37648521,HRS4_LIVER_DISEASE,deprioritize,animal_term_present|off_topic,high,abstract,ok
pubmed:37660725,HRS4_LIVER_DISEASE,retain,exposure|outcome,low,abstract,ok
pubmed:37706365,HRS4_LIVER_DISEASE,retain,population|exposure|outcome|human_signal|design_signal,high,abstract,ok
pubmed:37756041,HRS4_LIVER_DISEASE,retain,population|exposure|outcome|human_signal|design_signal,high,abstract,ok
pubmed:37831308,HRS4_LIVER_DISEASE,retain,population|exposure|outcome|design_signal,high,abstract,ok
pubmed:37840104,HRS4_LIVER_DISEASE,retain,population|exposure|outcome,medium,abstract,ok
pubmed:37843100,HRS4_LIVER_DISEASE,retain,population|exposure|outcome|human_signal|design_signal,high,abstract,ok
pubmed:37982556,HRS4_LIVER_DISEASE,retain,population|exposure|outcome|human_signal,high,abstract,ok
pubmed:38039856,HRS4_LIVER_DISEASE,deprioritize,animal_term_present|off_topic,high,abstract,ok
pubmed:38055372,HRS4_LIVER_DISEASE,retain,exposure|outcome|human_signal,medium,abstract,ok
pubmed:38057000,HRS4_LIVER_DISEASE,retain,population|exposure|outcome|human_signal|design_signal,high,abstract,ok
pubmed:38059982,HRS4_LIVER_DISEASE,retain,population|exposure|outcome|design_signal,high,abstract,ok
pubmed:38062980,HRS4_LIVER_DISEASE,retain,population|exposure|outcome,high,abstract,ok
pubmed:38158894,HRS4_LIVER_DISEASE,retain,population|exposure|outcome,medium,abstract,ok
pubmed:38193433,HRS4_LIVER_DISEASE,retain,population|exposure|outcome|human_signal|design_signal,high,abstract,ok
pubmed:38372012,HRS4_LIVER_DISEASE,retain,population|exposure|outcome|human_signal|design_signal,high,abstract,ok
pubmed:38402364,HRS4_LIVER_DISEASE,retain,population|exposure|outcome,high,abstract,ok
pubmed:38404263,HRS4_LIVER_DISEASE,retain,population|exposure|outcome|human_signal|design_signal,high,abstract,ok
pubmed:38492132,HRS4_LIVER_DISEASE,retain,population|exposure|outcome,medium,abstract,ok
pubmed:38528750,HRS4_LIVER_DISEASE,retain,population|exposure|outcome,high,abstract,ok
pubmed:38562009,HRS4_LIVER_DISEASE,retain,exposure|outcome|design_signal,low,abstract,ok
pubmed:38569427,HRS4_LIVER_DISEASE,deprioritize,animal_term_present|off_topic,high,abstract,ok
pubmed:38579127,HRS4_LIVER_DISEASE,retain,population|exposure|outcome|design_signal,high,abstract,ok
pubmed:38636613,HRS4_LIVER_DISEASE,deprioritize,animal_term_present,medium,abstract,ok
pubmed:38640296,HRS4_LIVER_DISEASE,retain,population|exposure|outcome,high,abstract,ok
pubmed:38646869,HRS4_LIVER_DISEASE,deprioritize,animal_term_present|off_topic,high,abstract,ok
pubmed:38687644,HRS4_LIVER_DISEASE,retain,population|exposure|outcome|human_signal|design_signal,high,abstract,ok
pubmed:38701490,HRS4_LIVER_DISEASE,retain,population|exposure|outcome|human_signal|design_signal,high,abstract,ok
pubmed:38703829,HRS4_LIVER_DISEASE,deprioritize,population|off_topic,medium,abstract,ok
pubmed:38724177,HRS4_LIVER_DISEASE,deprioritize,population|off_topic,high,abstract,ok
pubmed:38874448,HRS4_LIVER_DISEASE,retain,population|exposure|outcome|human_signal|design_signal,high,abstract,ok
pubmed:38898191,HRS4_LIVER_DISEASE,retain,population|exposure|outcome|human_signal|design_signal,high,abstract,ok
pubmed:38904414,HRS4_LIVER_DISEASE,retain,population|exposure|outcome,high,abstract,ok
pubmed:38906588,HRS4_LIVER_DISEASE,retain,exposure|outcome,low,abstract,ok
pubmed:38918075,HRS4_LIVER_DISEASE,deprioritize,animal_term_present|off_topic,high,abstract,ok
pubmed:38937862,HRS4_LIVER_DISEASE,deprioritize,animal_term_present|off_topic,high,abstract,ok
pubmed:38992407,HRS4_LIVER_DISEASE,retain,population|exposure|outcome|human_signal|design_signal,high,abstract,ok
pubmed:39067685,HRS4_LIVER_DISEASE,deprioritize,animal_term_present|off_topic,high,abstract,ok
pubmed:39068798,HRS4_LIVER_DISEASE,deprioritize,animal_term_present|off_topic,high,abstract,ok
pubmed:39072556,HRS4_LIVER_DISEASE,deprioritize,animal_term_present|off_topic,high,abstract,ok
pubmed:39089652,HRS4_LIVER_DISEASE,retain,population|exposure|outcome|human_signal|design_signal,high,abstract,ok
pubmed:39102266,HRS4_LIVER_DISEASE,retain,population|exposure|outcome|human_signal|design_signal,high,abstract,ok
pubmed:39121063,HRS4_LIVER_DISEASE,retain,population|exposure|outcome,medium,abstract,ok
pubmed:39136211,HRS4_LIVER_DISEASE,retain,population|exposure|outcome,high,abstract,ok
pubmed:39158846,HRS4_LIVER_DISEASE,retain,population|exposure|outcome,low,abstract,ok
pubmed:39168095,HRS4_LIVER_DISEASE,retain,population|exposure|outcome|human_signal|design_signal,high,abstract,ok
pubmed:39174901,HRS4_LIVER_DISEASE,retain,population|exposure|outcome|design_signal,high,abstract,ok
pubmed:39197740,HRS4_LIVER_DISEASE,retain,population|exposure|outcome|insufficient_abstract,low,title_only,ok
pubmed:39225253,HRS4_LIVER_DISEASE,retain,population|exposure|outcome|human_signal|design_signal,high,abstract,ok
pubmed:39275155,HRS4_LIVER_DISEASE,retain,population|exposure|outcome,medium,abstract,ok
pubmed:39304112,HRS4_LIVER_DISEASE,retain,population|exposure|outcome,high,abstract,ok
pubmed:39316257,HRS4_LIVER_DISEASE,retain,population|exposure|outcome,medium,abstract,ok
pubmed:39318011,HRS4_LIVER_DISEASE,retain,population|exposure|outcome,medium,abstract,ok
pubmed:39342324,HRS4_LIVER_DISEASE,deprioritize,animal_term_present,medium,abstract,ok
pubmed:39354283,HRS4_LIVER_DISEASE,retain,population|exposure|outcome|human_signal|design_signal,high,abstract,ok
pubmed:39381846,HRS4_LIVER_DISEASE,retain,population|exposure|outcome|human_signal|design_signal,high,abstract,ok
pubmed:39393795,HRS4_LIVER_DISEASE,retain,exposure|outcome,low,abstract,ok
pubmed:39404730,HRS4_LIVER_DISEASE,retain,population|exposure|outcome,medium,abstract,ok
pubmed:39445862,HRS4_LIVER_DISEASE,retain,population|exposure|outcome,high,abstract,ok
pubmed:39449622,HRS4_LIVER_DISEASE,deprioritize,animal_term_present|off_topic,high,abstract,ok
pubmed:39450425,HRS4_LIVER_DISEASE,deprioritize,population|off_topic,medium,abstract,ok
pubmed:39492827,HRS4_LIVER_DISEASE,deprioritize,exposure|off_topic,medium,abstract,ok
pubmed:39548712,HRS4_LIVER_DISEASE,deprioritize,exposure|off_topic,medium,abstract,ok
pubmed:39610253,HRS4_LIVER_DISEASE,retain,population|exposure|outcome|human_signal,medium,abstract,ok
pubmed:39658842,HRS4_LIVER_DISEASE,deprioritize,animal_term_present|off_topic,high,abstract,ok
pubmed:39674324,HRS4_LIVER_DISEASE,retain,population|exposure|outcome|human_signal|design_signal,high,abstract,ok
pubmed:39708119,HRS4_LIVER_DISEASE,deprioritize,animal_term_present|off_topic,high,abstract,ok
pubmed:3972224,HRS4_LIVER_DISEASE,retain,population|exposure|outcome|human_signal|design_signal,high,abstract,ok
pubmed:39846785,HRS4_LIVER_DISEASE,retain,population|exposure|outcome,low,abstract,ok
pubmed:39854767,HRS4_LIVER_DISEASE,deprioritize,animal_term_present|off_topic,high,abstract,ok
pubmed:39861457,HRS4_LIVER_DISEASE,retain,population|exposure|outcome|human_signal|design_signal,high,abstract,ok
pubmed:39875778,HRS4_LIVER_DISEASE,deprioritize,animal_term_present|off_topic,high,abstract,ok
pubmed:39927421,HRS4_LIVER_DISEASE,retain,population|exposure|outcome,high,abstract,ok
pubmed:39982029,HRS4_LIVER_DISEASE,retain,population|exposure|outcome,low,abstract,ok
pubmed:40034049,HRS4_LIVER_DISEASE,deprioritize,animal_term_present|off_topic,high,abstract,ok
pubmed:40035662,HRS4_LIVER_DISEASE,deprioritize,animal_term_present|off_topic,high,abstract,ok
pubmed:40064630,HRS4_LIVER_DISEASE,retain,population|exposure|outcome|human_signal|design_signal,medium,abstract,ok
pubmed:40134104,HRS4_LIVER_DISEASE,retain,population|exposure|outcome,low,abstract,ok
pubmed:40137450,HRS4_LIVER_DISEASE,retain,population|exposure|outcome|human_signal|design_signal,high,abstract,ok
pubmed:40145283,HRS4_LIVER_DISEASE,deprioritize,animal_term_present|off_topic,high,abstract,ok
pubmed:40314389,HRS4_LIVER_DISEASE,retain,population|exposure|outcome,high,abstract,ok
pubmed:40338652,HRS4_LIVER_DISEASE,retain,population|exposure|outcome|human_signal|design_signal,high,abstract,ok
pubmed:40388649,HRS4_LIVER_DISEASE,retain,population|exposure|outcome|human_signal|design_signal,high,abstract,ok
pubmed:40418327,HRS4_LIVER_DISEASE,deprioritize,exposure|off_topic,medium,abstract,ok
pubmed:40441699,HRS4_LIVER_DISEASE,retain,population|exposure|outcome,low,abstract,ok
pubmed:40464499,HRS4_LIVER_DISEASE,retain,population|exposure|outcome,medium,abstract,ok
pubmed:40555541,HRS4_LIVER_DISEASE,retain,population|exposure|outcome|human_signal|design_signal,high,abstract,ok
pubmed:40586486,HRS4_LIVER_DISEASE,deprioritize,animal_term_present|off_topic,high,abstract,ok
pubmed:40600841,HRS4_LIVER_DISEASE,deprioritize,animal_term_present|off_topic,high,abstract,ok
pubmed:40615075,HRS4_LIVER_DISEASE,retain,population|exposure|outcome|human_signal|design_signal,high,abstract,ok
pubmed:40649724,HRS4_LIVER_DISEASE,retain,population|exposure|outcome|design_signal,high,abstract,ok
pubmed:40675653,HRS4_LIVER_DISEASE,retain,population|exposure|outcome|human_signal|design_signal,high,abstract,ok
pubmed:40706203,HRS4_LIVER_DISEASE,deprioritize,animal_term_present|off_topic,high,abstract,ok
pubmed:40712261,HRS4_LIVER_DISEASE,deprioritize,animal_term_present,medium,abstract,ok
pubmed:40762759,HRS4_LIVER_DISEASE,retain,population|exposure|outcome|human_signal|design_signal,high,abstract,ok
pubmed:40770480,HRS4_LIVER_DISEASE,deprioritize,animal_term_present|off_topic,high,abstract,ok
pubmed:40797501,HRS4_LIVER_DISEASE,retain,population|exposure|outcome|design_signal,high,abstract,ok
pubmed:40820824,HRS4_LIVER_DISEASE,retain,exposure|outcome,low,abstract,ok
pubmed:40849767,HRS4_LIVER_DISEASE,retain,population|exposure|outcome,low,abstract,ok
pubmed:40857202,HRS4_LIVER_DISEASE,retain,population|exposure|outcome|human_signal|design_signal,high,abstract,ok
pubmed:40905602,HRS4_LIVER_DISEASE,retain,population|exposure|outcome|human_signal|design_signal,high,abstract,ok
pubmed:40944226,HRS4_LIVER_DISEASE,retain,population|exposure|outcome|design_signal,high,abstract,ok
pubmed:40969002,HRS4_LIVER_DISEASE,deprioritize,animal_term_present|off_topic,high,abstract,ok
pubmed:41014426,HRS4_LIVER_DISEASE,retain,population|exposure|outcome|human_signal|design_signal,high,abstract,ok
pubmed:41037809,HRS4_LIVER_DISEASE,deprioritize,outcome|off_topic,high,abstract,ok
pubmed:41042615,HRS4_LIVER_DISEASE,deprioritize,exposure|off_topic,medium,abstract,ok
pubmed:41072084,HRS4_LIVER_DISEASE,retain,population|exposure|outcome|human_signal|design_signal,high,abstract,ok
pubmed:41168313,HRS4_LIVER_DISEASE,retain,population|exposure|outcome|human_signal|design_signal,high,abstract,ok
pubmed:41178689,HRS4_LIVER_DISEASE,retain,exposure|outcome,low,abstract,ok
pubmed:41205638,HRS4_LIVER_DISEASE,retain,population|exposure|outcome|human_signal|design_signal,high,abstract,ok
pubmed:41262061,HRS4_LIVER_DISEASE,retain,population|exposure|outcome|design_signal,high,abstract,ok
pubmed:41270879,HRS4_LIVER_DISEASE,retain,population|exposure|outcome|human_signal|design_signal,high,abstract,ok
pubmed:41342618,HRS4_LIVER_DISEASE,retain,population|exposure|outcome|human_signal|design_signal,high,abstract,ok
pubmed:41350964,HRS4_LIVER_DISEASE,retain,population|exposure|outcome,medium,abstract,ok
pubmed:41380411,HRS4_LIVER_DISEASE,retain,population|exposure|outcome,high,abstract,ok
pubmed:41418959,HRS4_LIVER_DISEASE,deprioritize,animal_term_present|off_topic,high,abstract,ok
pubmed:41609368,HRS4_LIVER_DISEASE,retain,population|exposure|outcome,medium,abstract,ok
pubmed:41636749,HRS4_LIVER_DISEASE,deprioritize,animal_term_present|off_topic,high,abstract,ok
pubmed:41698451,HRS4_LIVER_DISEASE,deprioritize,population|off_topic,medium,abstract,ok
pubmed:41754125,HRS4_LIVER_DISEASE,deprioritize,animal_term_present,high,abstract,ok
pubmed:41802599,HRS4_LIVER_DISEASE,retain,population|exposure|outcome,high,abstract,ok
pubmed:41831501,HRS4_LIVER_DISEASE,retain,population|exposure|outcome,medium,abstract,ok
pubmed:42010989,HRS4_LIVER_DISEASE,deprioritize,animal_term_present|off_topic,high,abstract,ok
pubmed:42092331,HRS4_LIVER_DISEASE,retain,population|exposure|outcome,high,abstract,ok
pubmed:42101166,HRS4_LIVER_DISEASE,retain,population|exposure|outcome,medium,abstract,ok
pubmed:42116385,HRS4_LIVER_DISEASE,retain,population|exposure|outcome|human_signal|design_signal,high,abstract,ok
pubmed:42160492,HRS4_LIVER_DISEASE,retain,population|exposure|outcome|human_signal|design_signal,high,abstract,ok
pubmed:42253964,HRS4_LIVER_DISEASE,retain,population|exposure|outcome|human_signal|design_signal,medium,abstract,ok
pubmed:42280426,HRS4_LIVER_DISEASE,retain,population|exposure|outcome,low,abstract,ok
pubmed:42364655,HRS4_LIVER_DISEASE,retain,population|exposure|outcome|design_signal,high,abstract,ok
pubmed:42373439,HRS4_LIVER_DISEASE,retain,population|exposure|outcome|human_signal,medium,abstract,ok
pubmed:42444028,HRS4_LIVER_DISEASE,retain,population|exposure|outcome|human_signal|design_signal,high,abstract,ok
pubmed:42475234,HRS4_LIVER_DISEASE,retain,population|exposure|outcome,high,abstract,ok
pubmed:4790684,HRS4_LIVER_DISEASE,deprioritize,off_topic|insufficient_abstract,low,title_only,ok
pubmed:4835003,HRS4_LIVER_DISEASE,deprioritize,exposure|off_topic|insufficient_abstract,low,title_only,ok
pubmed:6139688,HRS4_LIVER_DISEASE,retain,population|exposure|outcome|insufficient_abstract,low,title_only,ok
pubmed:6779941,HRS4_LIVER_DISEASE,retain,population|exposure|outcome|human_signal|design_signal,high,abstract,ok
pubmed:6797209,HRS4_LIVER_DISEASE,retain,population|exposure|outcome|human_signal|design_signal,high,abstract,ok
pubmed:733681,HRS4_LIVER_DISEASE,retain,population|exposure|outcome|human_signal|design_signal,high,abstract,ok
pubmed:7970342,HRS4_LIVER_DISEASE,retain,exposure|outcome|insufficient_abstract,low,title_only,ok
pubmed:7985711,HRS4_LIVER_DISEASE,retain,population|exposure|outcome|human_signal|design_signal,high,abstract,ok
pubmed:8125230,HRS4_LIVER_DISEASE,retain,population|exposure|outcome|human_signal|design_signal,high,abstract,ok
pubmed:8337605,HRS4_LIVER_DISEASE,retain,population|exposure|outcome,medium,abstract,ok
pubmed:8450317,HRS4_LIVER_DISEASE,deprioritize,animal_term_present|off_topic,high,abstract,ok
pubmed:8520411,HRS4_LIVER_DISEASE,retain,exposure|outcome|insufficient_abstract,low,title_only,ok
pubmed:8688761,HRS4_LIVER_DISEASE,retain,exposure|outcome|insufficient_abstract,low,title_only,ok
pubmed:9129552,HRS4_LIVER_DISEASE,retain,population|exposure|outcome|human_signal|design_signal,high,abstract,ok
pubmed:9138129,HRS4_LIVER_DISEASE,retain,exposure|outcome|insufficient_abstract,low,title_only,ok
pubmed:9230022,HRS4_LIVER_DISEASE,retain,population|exposure|outcome|insufficient_abstract,low,title_only,ok
pubmed:9333815,HRS4_LIVER_DISEASE,retain,population|exposure|outcome|human_signal|design_signal,high,abstract,ok
pubmed:959916,HRS4_LIVER_DISEASE,retain,population|exposure|outcome|human_signal|design_signal,high,abstract,ok
pubmed:9773106,HRS4_LIVER_DISEASE,retain,population|exposure|outcome|insufficient_abstract,low,title_only,ok
pubmed:10030196,HRS5_ANTICOAGULATION,retain,population|exposure|outcome,high,abstract,ok
pubmed:10417036,HRS5_ANTICOAGULATION,retain,population|exposure|outcome|human_signal|design_signal,high,abstract,ok
pubmed:10531760,HRS5_ANTICOAGULATION,retain,population|exposure|outcome|design_signal,high,abstract,ok
pubmed:10902065,HRS5_ANTICOAGULATION,retain,population|exposure|outcome,high,abstract,ok
pubmed:10920504,HRS5_ANTICOAGULATION,retain,population|exposure|outcome,high,abstract,ok
pubmed:10994537,HRS5_ANTICOAGULATION,retain,population|exposure|outcome,high,abstract,ok
pubmed:11020834,HRS5_ANTICOAGULATION,retain,population|exposure|outcome,medium,abstract,ok
pubmed:11144706,HRS5_ANTICOAGULATION,retain,population|exposure|outcome|design_signal,high,abstract,ok
pubmed:11193392,HRS5_ANTICOAGULATION,retain,population|exposure|outcome|human_signal|design_signal,high,abstract,ok
pubmed:11198952,HRS5_ANTICOAGULATION,retain,exposure|outcome,low,abstract,ok
pubmed:11206893,HRS5_ANTICOAGULATION,retain,population|exposure|outcome|human_signal|design_signal,high,abstract,ok
pubmed:11370698,HRS5_ANTICOAGULATION,retain,population|exposure|outcome,medium,abstract,ok
pubmed:11464169,HRS5_ANTICOAGULATION,retain,population|exposure|insufficient_abstract,low,title_only,ok
pubmed:11547487,HRS5_ANTICOAGULATION,retain,population|exposure|outcome,medium,abstract,ok
pubmed:11711691,HRS5_ANTICOAGULATION,retain,population|exposure|outcome,high,abstract,ok
pubmed:11712472,HRS5_ANTICOAGULATION,retain,population|exposure|outcome,high,abstract,ok
pubmed:11736868,HRS5_ANTICOAGULATION,retain,population|exposure|outcome|design_signal,high,abstract,ok
pubmed:11772128,HRS5_ANTICOAGULATION,retain,population|exposure|outcome|design_signal,high,abstract,ok
pubmed:11909887,HRS5_ANTICOAGULATION,retain,population|exposure|outcome|human_signal|design_signal,high,abstract,ok
pubmed:11924555,HRS5_ANTICOAGULATION,retain,population|exposure|outcome,medium,abstract,ok
pubmed:11961942,HRS5_ANTICOAGULATION,retain,population|exposure|outcome,medium,abstract,ok
pubmed:12008092,HRS5_ANTICOAGULATION,retain,population|exposure|outcome,medium,abstract,ok
pubmed:12081669,HRS5_ANTICOAGULATION,retain,population|exposure|outcome|human_signal|design_signal,high,abstract,ok
pubmed:12426769,HRS5_ANTICOAGULATION,retain,population|exposure|outcome,medium,abstract,ok
pubmed:12472978,HRS5_ANTICOAGULATION,retain,exposure|outcome,medium,abstract,ok
pubmed:12577350,HRS5_ANTICOAGULATION,retain,population|exposure|outcome|human_signal|design_signal,medium,abstract,ok
pubmed:12597263,HRS5_ANTICOAGULATION,retain,population|exposure|outcome,medium,abstract,ok
pubmed:12664712,HRS5_ANTICOAGULATION,uncertain,exposure|insufficient_abstract,low,title_only,ok
pubmed:12756423,HRS5_ANTICOAGULATION,retain,population|exposure|outcome|design_signal,high,abstract,ok
pubmed:12772396,HRS5_ANTICOAGULATION,retain,population|exposure|outcome|human_signal|design_signal,high,abstract,ok
pubmed:12773074,HRS5_ANTICOAGULATION,retain,population|exposure|outcome|human_signal|design_signal,high,abstract,ok
pubmed:12803100,HRS5_ANTICOAGULATION,retain,exposure|outcome|insufficient_abstract,low,title_only,ok
pubmed:13678141,HRS5_ANTICOAGULATION,retain,population|exposure|outcome,high,abstract,ok
pubmed:14565795,HRS5_ANTICOAGULATION,retain,population|exposure|outcome|human_signal|design_signal,high,abstract,ok
pubmed:14596440,HRS5_ANTICOAGULATION,retain,population|exposure|outcome,medium,abstract,ok
pubmed:14610534,HRS5_ANTICOAGULATION,deprioritize,exposure|off_topic,medium,abstract,ok
pubmed:14639889,HRS5_ANTICOAGULATION,retain,population|exposure|outcome|insufficient_abstract,low,title_only,ok
pubmed:14640772,HRS5_ANTICOAGULATION,retain,population|exposure|outcome,high,abstract,ok
pubmed:14717783,HRS5_ANTICOAGULATION,retain,population|exposure|outcome|human_signal|design_signal,medium,abstract,ok
pubmed:14766022,HRS5_ANTICOAGULATION,retain,population|exposure|outcome,medium,abstract,ok
pubmed:15049433,HRS5_ANTICOAGULATION,retain,population|exposure|outcome|design_signal,high,abstract,ok
pubmed:15076080,HRS5_ANTICOAGULATION,retain,population|exposure|insufficient_abstract,low,title_only,ok
pubmed:15186565,HRS5_ANTICOAGULATION,retain,population|exposure|outcome|human_signal|design_signal,high,abstract,ok
pubmed:15199454,HRS5_ANTICOAGULATION,retain,population|exposure|outcome,medium,abstract,ok
pubmed:15213041,HRS5_ANTICOAGULATION,retain,exposure|outcome|human_signal|design_signal,high,abstract,ok
pubmed:15231565,HRS5_ANTICOAGULATION,retain,population|exposure|outcome|human_signal|design_signal,high,abstract,ok
pubmed:15238367,HRS5_ANTICOAGULATION,retain,population|exposure|outcome|human_signal|design_signal,high,abstract,ok
pubmed:15238393,HRS5_ANTICOAGULATION,retain,population|exposure|outcome|insufficient_abstract,low,title_only,ok
pubmed:15289492,HRS5_ANTICOAGULATION,retain,population|exposure|outcome|human_signal|design_signal,medium,abstract,ok
pubmed:15340879,HRS5_ANTICOAGULATION,uncertain,exposure|insufficient_abstract,low,title_only,ok
pubmed:15340883,HRS5_ANTICOAGULATION,retain,population|exposure|outcome|insufficient_abstract,low,title_only,ok
pubmed:15449760,HRS5_ANTICOAGULATION,retain,population|outcome|insufficient_abstract,low,title_only,ok
pubmed:15499702,HRS5_ANTICOAGULATION,retain,population|exposure|outcome|design_signal,high,abstract,ok
pubmed:15543329,HRS5_ANTICOAGULATION,retain,population|exposure|outcome|human_signal|design_signal,high,abstract,ok
pubmed:15583242,HRS5_ANTICOAGULATION,retain,population|exposure|outcome|insufficient_abstract,low,title_only,ok
pubmed:15676159,HRS5_ANTICOAGULATION,retain,population|exposure|outcome|design_signal,high,abstract,ok
pubmed:15779134,HRS5_ANTICOAGULATION,uncertain,exposure|insufficient_abstract,low,title_only,ok
pubmed:15814041,HRS5_ANTICOAGULATION,retain,population|exposure|outcome|insufficient_abstract,low,title_only,ok
pubmed:15825811,HRS5_ANTICOAGULATION,retain,population|exposure|outcome,high,abstract,ok
pubmed:15916450,HRS5_ANTICOAGULATION,retain,population|exposure|outcome|design_signal,high,abstract,ok
pubmed:15921725,HRS5_ANTICOAGULATION,retain,population|exposure|outcome|insufficient_abstract,low,title_only,ok
pubmed:15928264,HRS5_ANTICOAGULATION,retain,population|exposure|outcome,medium,abstract,ok
pubmed:15934277,HRS5_ANTICOAGULATION,uncertain,exposure|insufficient_abstract,low,title_only,ok
pubmed:15935039,HRS5_ANTICOAGULATION,uncertain,insufficient_abstract,low,title_only,ok
pubmed:15999084,HRS5_ANTICOAGULATION,uncertain,exposure|insufficient_abstract,low,title_only,ok
pubmed:16035690,HRS5_ANTICOAGULATION,retain,population|exposure|outcome,high,abstract,ok
pubmed:16043212,HRS5_ANTICOAGULATION,retain,population|exposure|outcome|insufficient_abstract,low,title_only,ok
pubmed:16114087,HRS5_ANTICOAGULATION,retain,population|exposure|outcome|human_signal|design_signal,high,abstract,ok
pubmed:16115136,HRS5_ANTICOAGULATION,retain,population|exposure|outcome|human_signal|design_signal,high,abstract,ok
pubmed:16168817,HRS5_ANTICOAGULATION,retain,population|exposure|outcome|insufficient_abstract,low,title_only,ok
pubmed:16190498,HRS5_ANTICOAGULATION,retain,population|exposure|outcome|insufficient_abstract,low,title_only,ok
pubmed:16428030,HRS5_ANTICOAGULATION,retain,population|exposure|outcome|design_signal,medium,abstract,ok
pubmed:16442130,HRS5_ANTICOAGULATION,retain,population|exposure|outcome,medium,abstract,ok
pubmed:16553520,HRS5_ANTICOAGULATION,retain,population|exposure|outcome|human_signal|design_signal,high,abstract,ok
pubmed:16610971,HRS5_ANTICOAGULATION,retain,population|exposure|outcome,high,abstract,ok
pubmed:16628990,HRS5_ANTICOAGULATION,retain,population|exposure|outcome|insufficient_abstract,low,title_only,ok
pubmed:16945054,HRS5_ANTICOAGULATION,retain,population|exposure|outcome,high,abstract,ok
pubmed:16989032,HRS5_ANTICOAGULATION,retain,population|exposure|outcome|design_signal,high,abstract,ok
pubmed:17030294,HRS5_ANTICOAGULATION,retain,population|exposure|outcome|human_signal|design_signal,high,abstract,ok
pubmed:17110451,HRS5_ANTICOAGULATION,retain,population|exposure|outcome|human_signal|design_signal,high,abstract,ok
pubmed:17229055,HRS5_ANTICOAGULATION,retain,population|exposure|insufficient_abstract,low,title_only,ok
pubmed:17299176,HRS5_ANTICOAGULATION,retain,population|exposure|outcome,medium,abstract,ok
pubmed:17322159,HRS5_ANTICOAGULATION,retain,population|exposure|outcome,medium,abstract,ok
pubmed:17323135,HRS5_ANTICOAGULATION,retain,population|exposure|outcome|human_signal|design_signal,high,abstract,ok
pubmed:17351849,HRS5_ANTICOAGULATION,deprioritize,exposure|off_topic,high,abstract,ok
pubmed:17483128,HRS5_ANTICOAGULATION,deprioritize,exposure|off_topic,high,abstract,ok
pubmed:17598002,HRS5_ANTICOAGULATION,retain,population|exposure|outcome,medium,abstract,ok
pubmed:17640426,HRS5_ANTICOAGULATION,retain,population|exposure|outcome|design_signal,high,abstract,ok
pubmed:17666020,HRS5_ANTICOAGULATION,retain,population|exposure|outcome|human_signal|design_signal,high,abstract,ok
pubmed:17672344,HRS5_ANTICOAGULATION,deprioritize,animal_term_present|off_topic,high,abstract,ok
pubmed:17723077,HRS5_ANTICOAGULATION,retain,population|exposure|outcome|human_signal|design_signal,high,abstract,ok
pubmed:17785609,HRS5_ANTICOAGULATION,retain,population|exposure|outcome|human_signal|design_signal,high,abstract,ok
pubmed:17906915,HRS5_ANTICOAGULATION,retain,population|exposure|outcome,high,abstract,ok
pubmed:17908423,HRS5_ANTICOAGULATION,retain,population|exposure|outcome,high,abstract,ok
pubmed:17918162,HRS5_ANTICOAGULATION,retain,population|exposure|outcome,high,abstract,ok
pubmed:17926840,HRS5_ANTICOAGULATION,retain,population|exposure|outcome|design_signal,medium,abstract,ok
pubmed:17955954,HRS5_ANTICOAGULATION,retain,population|exposure|outcome|design_signal,high,abstract,ok
pubmed:17966138,HRS5_ANTICOAGULATION,retain,exposure|outcome,low,abstract,ok
pubmed:18236826,HRS5_ANTICOAGULATION,retain,population|exposure|outcome,high,abstract,ok
pubmed:18363538,HRS5_ANTICOAGULATION,retain,population|exposure|outcome|human_signal|design_signal,high,abstract,ok
pubmed:18367983,HRS5_ANTICOAGULATION,retain,population|exposure|outcome,medium,abstract,ok
pubmed:18383637,HRS5_ANTICOAGULATION,retain,population|exposure|outcome|human_signal,high,abstract,ok
pubmed:18406992,HRS5_ANTICOAGULATION,deprioritize,exposure|off_topic,medium,abstract,ok
pubmed:18418966,HRS5_ANTICOAGULATION,retain,population|exposure|outcome|human_signal|design_signal,medium,abstract,ok
pubmed:18570167,HRS5_ANTICOAGULATION,retain,population|exposure|outcome|human_signal|design_signal,high,abstract,ok
pubmed:18602145,HRS5_ANTICOAGULATION,retain,population|exposure|outcome|human_signal|design_signal,high,abstract,ok
pubmed:18637192,HRS5_ANTICOAGULATION,retain,population|exposure|outcome|design_signal,high,abstract,ok
pubmed:18695375,HRS5_ANTICOAGULATION,retain,population|exposure|outcome|design_signal,high,abstract,ok
pubmed:18756654,HRS5_ANTICOAGULATION,retain,population|exposure|outcome,medium,abstract,ok
pubmed:19011140,HRS5_ANTICOAGULATION,deprioritize,exposure|off_topic|insufficient_abstract,low,title_only,ok
pubmed:19058474,HRS5_ANTICOAGULATION,retain,population|exposure|outcome|human_signal|design_signal,high,abstract,ok
pubmed:19075623,HRS5_ANTICOAGULATION,retain,population|exposure|outcome|design_signal,high,abstract,ok
pubmed:19077919,HRS5_ANTICOAGULATION,retain,population|outcome|human_signal,low,abstract,ok
pubmed:19109115,HRS5_ANTICOAGULATION,retain,population|exposure|outcome|human_signal|design_signal,high,abstract,ok
pubmed:19247403,HRS5_ANTICOAGULATION,retain,population|exposure|outcome,medium,abstract,ok
pubmed:19323340,HRS5_ANTICOAGULATION,retain,exposure|outcome|insufficient_abstract,low,title_only,ok
pubmed:19349858,HRS5_ANTICOAGULATION,retain,population|outcome|human_signal,low,abstract,ok
pubmed:19535655,HRS5_ANTICOAGULATION,retain,population|exposure|outcome,medium,abstract,ok
pubmed:19587643,HRS5_ANTICOAGULATION,retain,population|exposure|outcome|design_signal,high,abstract,ok
pubmed:19844860,HRS5_ANTICOAGULATION,retain,population|exposure|outcome,medium,abstract,ok
pubmed:19882793,HRS5_ANTICOAGULATION,deprioritize,exposure|off_topic,medium,abstract,ok
pubmed:19902529,HRS5_ANTICOAGULATION,deprioritize,population|off_topic,medium,abstract,ok
pubmed:20028328,HRS5_ANTICOAGULATION,retain,exposure|outcome|design_signal,medium,abstract,ok
pubmed:20052816,HRS5_ANTICOAGULATION,deprioritize,exposure|off_topic,medium,abstract,ok
pubmed:20071011,HRS5_ANTICOAGULATION,retain,exposure|outcome|human_signal|design_signal,medium,abstract,ok
pubmed:20206792,HRS5_ANTICOAGULATION,retain,population|exposure|outcome|human_signal|design_signal,high,abstract,ok
pubmed:20213948,HRS5_ANTICOAGULATION,retain,population|exposure|outcome|insufficient_abstract,low,title_only,ok
pubmed:20373930,HRS5_ANTICOAGULATION,retain,population|exposure|outcome|human_signal|design_signal,high,abstract,ok
pubmed:20432867,HRS5_ANTICOAGULATION,retain,population|exposure|outcome|insufficient_abstract,low,title_only,ok
pubmed:20509982,HRS5_ANTICOAGULATION,retain,population|exposure|outcome,medium,abstract,ok
pubmed:20567279,HRS5_ANTICOAGULATION,retain,population|exposure|outcome|insufficient_abstract,low,title_only,ok
pubmed:20584229,HRS5_ANTICOAGULATION,retain,population|exposure|outcome|design_signal,high,abstract,ok
pubmed:20617421,HRS5_ANTICOAGULATION,retain,population|exposure|outcome,high,abstract,ok
pubmed:20653669,HRS5_ANTICOAGULATION,retain,population|exposure|outcome,high,abstract,ok
pubmed:20733548,HRS5_ANTICOAGULATION,retain,population|exposure|outcome|insufficient_abstract,low,title_only,ok
pubmed:20966981,HRS5_ANTICOAGULATION,uncertain,exposure|insufficient_abstract,low,title_only,ok
pubmed:21151052,HRS5_ANTICOAGULATION,uncertain,insufficient_abstract,low,title_only,ok
pubmed:21168291,HRS5_ANTICOAGULATION,retain,population|exposure|outcome,medium,abstract,ok
pubmed:21184395,HRS5_ANTICOAGULATION,retain,population|exposure|outcome,medium,abstract,ok
pubmed:21193422,HRS5_ANTICOAGULATION,retain,population|exposure|outcome|human_signal|design_signal,high,abstract,ok
pubmed:21205949,HRS5_ANTICOAGULATION,retain,population|exposure|outcome|human_signal|design_signal,high,abstract,ok
pubmed:21211555,HRS5_ANTICOAGULATION,deprioritize,animal_term_present|off_topic,high,abstract,ok
pubmed:21395940,HRS5_ANTICOAGULATION,retain,population|exposure|outcome|insufficient_abstract,low,title_only,ok
pubmed:21400007,HRS5_ANTICOAGULATION,retain,population|exposure|outcome|human_signal|design_signal,high,abstract,ok
pubmed:21423055,HRS5_ANTICOAGULATION,retain,population|exposure|outcome|human_signal|design_signal,high,abstract,ok
pubmed:21429387,HRS5_ANTICOAGULATION,retain,population|exposure|outcome|insufficient_abstract,low,title_only,ok
pubmed:21569923,HRS5_ANTICOAGULATION,uncertain,exposure|insufficient_abstract,low,title_only,ok
pubmed:21631362,HRS5_ANTICOAGULATION,deprioritize,animal_term_present|off_topic,high,abstract,ok
pubmed:21641521,HRS5_ANTICOAGULATION,retain,population|exposure|outcome|design_signal,medium,abstract,ok
pubmed:21649517,HRS5_ANTICOAGULATION,retain,population|exposure|outcome|human_signal|design_signal,high,abstract,ok
pubmed:21914559,HRS5_ANTICOAGULATION,retain,population|exposure|outcome|design_signal,high,abstract,ok
pubmed:21934490,HRS5_ANTICOAGULATION,deprioritize,animal_term_present|off_topic,high,abstract,ok
pubmed:22257511,HRS5_ANTICOAGULATION,deprioritize,outcome|off_topic,medium,abstract,ok
pubmed:22261575,HRS5_ANTICOAGULATION,deprioritize,population|off_topic,medium,abstract,ok
pubmed:22300597,HRS5_ANTICOAGULATION,retain,population|exposure|outcome|design_signal,high,abstract,ok
pubmed:22473647,HRS5_ANTICOAGULATION,deprioritize,population|off_topic,medium,abstract,ok
pubmed:22562327,HRS5_ANTICOAGULATION,retain,population|exposure|outcome|design_signal,high,abstract,ok
pubmed:22651380,HRS5_ANTICOAGULATION,retain,population|exposure|outcome|design_signal,high,abstract,ok
pubmed:22751234,HRS5_ANTICOAGULATION,retain,population|exposure|outcome|human_signal|design_signal,high,abstract,ok
pubmed:22876743,HRS5_ANTICOAGULATION,retain,population|exposure|outcome|human_signal|design_signal,high,abstract,ok
pubmed:23023353,HRS5_ANTICOAGULATION,retain,exposure|outcome,medium,abstract,ok
pubmed:23067030,HRS5_ANTICOAGULATION,retain,population|exposure|outcome|design_signal,high,abstract,ok
pubmed:23256106,HRS5_ANTICOAGULATION,retain,population|exposure|outcome|human_signal|design_signal,medium,abstract,ok
pubmed:23262963,HRS5_ANTICOAGULATION,deprioritize,exposure|off_topic,medium,abstract,ok
pubmed:23277336,HRS5_ANTICOAGULATION,retain,population|exposure|outcome|insufficient_abstract,low,title_only,ok
pubmed:23530987,HRS5_ANTICOAGULATION,retain,population|exposure|outcome|human_signal|design_signal,high,abstract,ok
pubmed:23608838,HRS5_ANTICOAGULATION,deprioritize,exposure|off_topic,medium,abstract,ok
pubmed:23701161,HRS5_ANTICOAGULATION,retain,population|exposure|outcome,medium,abstract,ok
pubmed:23744743,HRS5_ANTICOAGULATION,retain,population|exposure|outcome|design_signal,high,abstract,ok
pubmed:23770559,HRS5_ANTICOAGULATION,retain,population|exposure|outcome|human_signal|design_signal,high,abstract,ok
pubmed:23844469,HRS5_ANTICOAGULATION,retain,population|exposure|outcome|human_signal|design_signal,high,abstract,ok
pubmed:23946031,HRS5_ANTICOAGULATION,uncertain,exposure|insufficient_abstract,low,title_only,ok
pubmed:23963976,HRS5_ANTICOAGULATION,deprioritize,animal_term_present|off_topic,high,abstract,ok
pubmed:23969472,HRS5_ANTICOAGULATION,retain,population|exposure|outcome|human_signal|design_signal,high,abstract,ok
pubmed:24003671,HRS5_ANTICOAGULATION,retain,exposure|outcome,low,abstract,ok
pubmed:24170485,HRS5_ANTICOAGULATION,retain,population|exposure|outcome|design_signal,high,abstract,ok
pubmed:24171723,HRS5_ANTICOAGULATION,retain,population|exposure|outcome|human_signal|design_signal,high,abstract,ok
pubmed:24386762,HRS5_ANTICOAGULATION,deprioritize,exposure|off_topic,medium,abstract,ok
pubmed:24387348,HRS5_ANTICOAGULATION,retain,population|exposure|outcome,high,abstract,ok
pubmed:24488003,HRS5_ANTICOAGULATION,retain,population|exposure|outcome|human_signal|design_signal,high,abstract,ok
pubmed:24657955,HRS5_ANTICOAGULATION,retain,population|exposure|outcome|human_signal|design_signal,high,abstract,ok
pubmed:24725925,HRS5_ANTICOAGULATION,retain,exposure|outcome,medium,abstract,ok
pubmed:24956073,HRS5_ANTICOAGULATION,retain,population|exposure|outcome|human_signal|design_signal,high,abstract,ok
pubmed:24966255,HRS5_ANTICOAGULATION,retain,population|exposure|outcome|human_signal|design_signal,high,abstract,ok
pubmed:25062404,HRS5_ANTICOAGULATION,retain,population|exposure|outcome,high,abstract,ok
pubmed:25063588,HRS5_ANTICOAGULATION,retain,population|exposure|outcome|design_signal,high,abstract,ok
pubmed:25225959,HRS5_ANTICOAGULATION,retain,population|exposure|outcome,high,abstract,ok
pubmed:25232640,HRS5_ANTICOAGULATION,retain,population|exposure|outcome,high,abstract,ok
pubmed:25233607,HRS5_ANTICOAGULATION,retain,population|exposure|outcome|human_signal|design_signal,high,abstract,ok
pubmed:25359648,HRS5_ANTICOAGULATION,retain,population|exposure|outcome,high,abstract,ok
pubmed:25486915,HRS5_ANTICOAGULATION,retain,population|exposure|outcome,medium,abstract,ok
pubmed:25636978,HRS5_ANTICOAGULATION,retain,population|exposure|outcome,medium,abstract,ok
pubmed:26135478,HRS5_ANTICOAGULATION,retain,exposure|outcome,low,abstract,ok
pubmed:26137942,HRS5_ANTICOAGULATION,retain,population|exposure|outcome|human_signal|design_signal,high,abstract,ok
pubmed:26321585,HRS5_ANTICOAGULATION,retain,exposure|outcome,low,abstract,ok
pubmed:26346860,HRS5_ANTICOAGULATION,retain,population|exposure|outcome|design_signal,high,abstract,ok
pubmed:26375995,HRS5_ANTICOAGULATION,retain,population|exposure|outcome,medium,abstract,ok
pubmed:26412225,HRS5_ANTICOAGULATION,deprioritize,population|off_topic,medium,abstract,ok
pubmed:26422426,HRS5_ANTICOAGULATION,retain,population|exposure|outcome|design_signal,high,abstract,ok
pubmed:26962786,HRS5_ANTICOAGULATION,retain,population|exposure|outcome|design_signal,high,abstract,ok
pubmed:27157958,HRS5_ANTICOAGULATION,retain,population|exposure|outcome|human_signal|design_signal,high,abstract,ok
pubmed:27184904,HRS5_ANTICOAGULATION,deprioritize,population|off_topic,medium,abstract,ok
pubmed:27475864,HRS5_ANTICOAGULATION,retain,exposure|outcome,low,abstract,ok
pubmed:27693910,HRS5_ANTICOAGULATION,retain,population|exposure|outcome,medium,abstract,ok
pubmed:27760978,HRS5_ANTICOAGULATION,retain,population|exposure|outcome|human_signal|design_signal,high,abstract,ok
pubmed:27842952,HRS5_ANTICOAGULATION,retain,population|exposure|outcome|human_signal|design_signal,medium,abstract,ok
pubmed:27878352,HRS5_ANTICOAGULATION,retain,population|exposure|outcome|human_signal|design_signal,high,abstract,ok
pubmed:27993635,HRS5_ANTICOAGULATION,deprioritize,animal_term_present|off_topic,high,abstract,ok
pubmed:28033135,HRS5_ANTICOAGULATION,retain,population|exposure|outcome|human_signal|design_signal,high,abstract,ok
pubmed:28082800,HRS5_ANTICOAGULATION,deprioritize,exposure|off_topic,high,abstract,ok
pubmed:28166786,HRS5_ANTICOAGULATION,deprioritize,population|off_topic,medium,abstract,ok
pubmed:28359849,HRS5_ANTICOAGULATION,retain,exposure|outcome,low,abstract,ok
pubmed:28460624,HRS5_ANTICOAGULATION,retain,population|exposure|outcome,medium,abstract,ok
pubmed:28610453,HRS5_ANTICOAGULATION,retain,population|exposure|outcome|design_signal,high,abstract,ok
pubmed:28635328,HRS5_ANTICOAGULATION,retain,population|exposure|outcome,high,abstract,ok
pubmed:28701443,HRS5_ANTICOAGULATION,retain,population|exposure|outcome|insufficient_abstract,low,title_only,ok
pubmed:28838081,HRS5_ANTICOAGULATION,retain,population|exposure|outcome,high,abstract,ok
pubmed:28868879,HRS5_ANTICOAGULATION,retain,population|exposure|outcome,medium,abstract,ok
pubmed:29196903,HRS5_ANTICOAGULATION,retain,population|exposure|outcome|design_signal,high,abstract,ok
pubmed:29283063,HRS5_ANTICOAGULATION,deprioritize,population|off_topic,medium,abstract,ok
pubmed:29295118,HRS5_ANTICOAGULATION,retain,population|exposure|outcome|human_signal|design_signal,high,abstract,ok
pubmed:29353070,HRS5_ANTICOAGULATION,retain,exposure|outcome,low,abstract,ok
pubmed:29580525,HRS5_ANTICOAGULATION,deprioritize,population|off_topic,medium,abstract,ok
pubmed:29627068,HRS5_ANTICOAGULATION,retain,population|exposure|outcome|design_signal,high,abstract,ok
pubmed:29710546,HRS5_ANTICOAGULATION,retain,exposure|outcome,low,abstract,ok
pubmed:30040996,HRS5_ANTICOAGULATION,retain,population|exposure|outcome,low,abstract,ok
pubmed:30142539,HRS5_ANTICOAGULATION,retain,exposure|outcome,low,abstract,ok
pubmed:30157115,HRS5_ANTICOAGULATION,retain,population|exposure|outcome|human_signal|design_signal,medium,abstract,ok
pubmed:30406661,HRS5_ANTICOAGULATION,deprioritize,animal_term_present|off_topic,high,abstract,ok
pubmed:30424528,HRS5_ANTICOAGULATION,deprioritize,animal_term_present|off_topic,high,abstract,ok
pubmed:30621248,HRS5_ANTICOAGULATION,deprioritize,population|off_topic,medium,abstract,ok
pubmed:31078440,HRS5_ANTICOAGULATION,deprioritize,exposure|off_topic,high,abstract,ok
pubmed:31186035,HRS5_ANTICOAGULATION,deprioritize,exposure|off_topic,medium,abstract,ok
pubmed:31409123,HRS5_ANTICOAGULATION,retain,population|exposure|outcome|human_signal|design_signal,high,abstract,ok
pubmed:31444045,HRS5_ANTICOAGULATION,deprioritize,exposure|off_topic,medium,abstract,ok
pubmed:31604354,HRS5_ANTICOAGULATION,retain,population|exposure|outcome,high,abstract,ok
pubmed:31633199,HRS5_ANTICOAGULATION,retain,population|exposure|outcome|human_signal|design_signal,high,abstract,ok
pubmed:31658372,HRS5_ANTICOAGULATION,retain,population|exposure|outcome|human_signal|design_signal,high,abstract,ok
pubmed:31721714,HRS5_ANTICOAGULATION,retain,population|exposure|outcome,medium,abstract,ok
pubmed:31742659,HRS5_ANTICOAGULATION,retain,population|exposure|outcome,high,abstract,ok
pubmed:31770359,HRS5_ANTICOAGULATION,retain,exposure|insufficient_abstract,low,title_only,ok
pubmed:31872715,HRS5_ANTICOAGULATION,retain,population|exposure|outcome,low,abstract,ok
pubmed:31986476,HRS5_ANTICOAGULATION,deprioritize,exposure|off_topic,medium,abstract,ok
pubmed:32027817,HRS5_ANTICOAGULATION,retain,exposure|outcome|design_signal,medium,abstract,ok
pubmed:32151478,HRS5_ANTICOAGULATION,retain,population|exposure|outcome|human_signal|design_signal,high,abstract,ok
pubmed:32334790,HRS5_ANTICOAGULATION,retain,population|exposure|outcome,low,abstract,ok
pubmed:32378676,HRS5_ANTICOAGULATION,retain,population|exposure|outcome|human_signal|design_signal,high,abstract,ok
pubmed:32478963,HRS5_ANTICOAGULATION,retain,population|exposure|outcome|design_signal,high,abstract,ok
pubmed:32482107,HRS5_ANTICOAGULATION,deprioritize,exposure|off_topic,medium,abstract,ok
pubmed:32531538,HRS5_ANTICOAGULATION,retain,exposure|outcome,low,abstract,ok
pubmed:32634649,HRS5_ANTICOAGULATION,retain,population|exposure|outcome|human_signal|design_signal,medium,abstract,ok
pubmed:32842823,HRS5_ANTICOAGULATION,deprioritize,exposure|off_topic,medium,abstract,ok
pubmed:33036662,HRS5_ANTICOAGULATION,deprioritize,outcome|off_topic,medium,abstract,ok
pubmed:33368259,HRS5_ANTICOAGULATION,retain,population|exposure|outcome,high,abstract,ok
pubmed:33624893,HRS5_ANTICOAGULATION,retain,population|exposure|outcome|design_signal,high,abstract,ok
pubmed:33731638,HRS5_ANTICOAGULATION,deprioritize,exposure|off_topic|insufficient_abstract,low,title_only,ok
pubmed:34015833,HRS5_ANTICOAGULATION,retain,population|exposure|outcome|design_signal,high,abstract,ok
pubmed:3443716,HRS5_ANTICOAGULATION,retain,population|exposure|outcome|human_signal,low,abstract,ok
pubmed:34445237,HRS5_ANTICOAGULATION,retain,population|exposure|outcome,high,abstract,ok
pubmed:34579096,HRS5_ANTICOAGULATION,deprioritize,animal_term_present|off_topic,high,abstract,ok
pubmed:34978734,HRS5_ANTICOAGULATION,deprioritize,exposure|off_topic,medium,abstract,ok
pubmed:35253736,HRS5_ANTICOAGULATION,retain,population|exposure|outcome|human_signal|design_signal,medium,abstract,ok
pubmed:35409970,HRS5_ANTICOAGULATION,retain,population|exposure|outcome|human_signal|design_signal,high,abstract,ok
pubmed:35440328,HRS5_ANTICOAGULATION,retain,population|exposure|outcome|human_signal|design_signal,high,abstract,ok
pubmed:35594715,HRS5_ANTICOAGULATION,retain,exposure|outcome,low,abstract,ok
pubmed:35838235,HRS5_ANTICOAGULATION,deprioritize,exposure|off_topic,high,abstract,ok
pubmed:35871859,HRS5_ANTICOAGULATION,deprioritize,exposure|off_topic,medium,abstract,ok
pubmed:35877927,HRS5_ANTICOAGULATION,deprioritize,exposure|off_topic,medium,abstract,ok
pubmed:35921950,HRS5_ANTICOAGULATION,retain,population|exposure|outcome,medium,abstract,ok
pubmed:36351584,HRS5_ANTICOAGULATION,deprioritize,exposure|off_topic,medium,abstract,ok
pubmed:36525104,HRS5_ANTICOAGULATION,retain,population|exposure|outcome|human_signal|design_signal,high,abstract,ok
pubmed:36624575,HRS5_ANTICOAGULATION,retain,population|exposure|outcome|design_signal,high,abstract,ok
pubmed:36972532,HRS5_ANTICOAGULATION,retain,population|exposure|outcome|human_signal|design_signal,high,abstract,ok
pubmed:37565875,HRS5_ANTICOAGULATION,retain,population|exposure|outcome|human_signal|design_signal,high,abstract,ok
pubmed:37634077,HRS5_ANTICOAGULATION,retain,population|exposure|outcome|human_signal,medium,abstract,ok
pubmed:37658611,HRS5_ANTICOAGULATION,deprioritize,exposure|off_topic,medium,abstract,ok
pubmed:38305013,HRS5_ANTICOAGULATION,retain,population|exposure|outcome,medium,abstract,ok
pubmed:38735483,HRS5_ANTICOAGULATION,retain,population|exposure|outcome,high,abstract,ok
pubmed:39344282,HRS5_ANTICOAGULATION,retain,exposure|outcome,low,abstract,ok
pubmed:39747809,HRS5_ANTICOAGULATION,retain,population|exposure|outcome|design_signal,high,abstract,ok
pubmed:39956102,HRS5_ANTICOAGULATION,retain,population|exposure|outcome|human_signal|design_signal,high,abstract,ok
pubmed:39984862,HRS5_ANTICOAGULATION,retain,population|exposure|outcome|human_signal|design_signal,high,abstract,ok
pubmed:40167627,HRS5_ANTICOAGULATION,retain,population|exposure|outcome,medium,abstract,ok
pubmed:40695569,HRS5_ANTICOAGULATION,retain,population|exposure|outcome|human_signal|design_signal,high,abstract,ok
pubmed:41343054,HRS5_ANTICOAGULATION,retain,population|exposure|outcome|human_signal|design_signal,high,abstract,ok
pubmed:41347947,HRS5_ANTICOAGULATION,retain,population|exposure|outcome|human_signal|design_signal,high,abstract,ok
pubmed:41785409,HRS5_ANTICOAGULATION,deprioritize,animal_term_present|off_topic,high,abstract,ok
pubmed:41921254,HRS5_ANTICOAGULATION,retain,population|exposure|outcome,medium,abstract,ok
pubmed:42105017,HRS5_ANTICOAGULATION,retain,population|exposure|outcome|human_signal|design_signal,high,abstract,ok
pubmed:42438796,HRS5_ANTICOAGULATION,deprioritize,outcome|off_topic,medium,abstract,ok
pubmed:42502488,HRS5_ANTICOAGULATION,deprioritize,population|off_topic,high,abstract,ok
pubmed:9621803,HRS5_ANTICOAGULATION,retain,population|exposure|outcome|human_signal|design_signal,high,abstract,ok
pubmed:9818800,HRS5_ANTICOAGULATION,retain,population|exposure|outcome,high,abstract,ok
