question_id,record_id,source,provider_id,title,abstract,authors,year,venue,publication_types,doi,url,screening_decision,regex_passed,source_scope,locator,locator_text,dose,outcome,key_finding,population,priority_score,raw_source_path,raw_source_sha256,extracted_effect_value,extracted_effect_status,status
HRS1_PERIOPERATIVE,pubmed:36580029,pubmed,36580029,Benefits of pre-operative oral Sucrosomial® iron supplementation in cardiac surgery: influence of patient's baseline hemoglobin and gender.,"BACKGROUND: The prevalence of low pre-operative hemoglobin (Hb) among cardiac surgery patients is high. As iron homeostasis is often impaired in these patients, restoration of iron availability might over-ride iron-restricted erythropoiesis. This post-hoc analysis of a previously published, large, randomized clinical trial (ClincalTrials.gov NCT03560687; n=1,000) assesses which sub-cohort of patients benefits the most from pre-operative Hb optimization with oral Sucrosomial® iron.
MATERIALS AND METHODS: Patients without baseline Hb (n=349) or receiving >5 red blood cell units (n=57) were excluded from the study. Data from the remaining 594 were reanalyzed according to treatment, baseline anemia (Hb <13 g/dL) or gender. Patients (pt) received a one-month course of 60 mg/day Sucrosomial® iron (Iron group, n=309) or routine care (Control group, n=285) prior to elective cardiac surgery. Main end-point variables were increase in Hb from randomization to hospital admission, transfusion requirements, and cost-effectiveness of Sucrosomial® iron administration.
RESULTS: At hospital admission, Hb had increased 0.7 g/dL and 0.1 g/dL, for Iron and Control groups, respectively (p<0.001), with no gender-related differences, leading to a decrease in transfusion rate (30 vs 59%, respectively; p<0.001) and transfusion index (0.5 units/patient vs 1.2 units/pt, respectively; p<0.001). Sucrosomial® iron administration was well-tolerated, and yielded cost-savings of €92/pt (p<0.001), particularly in those presenting with baseline Hb <13 g/dL.
CONCLUSIONS: This post-hoc analysis confirms pre-operative Sucrosomial® iron administration is a safe and cost-effective strategy to increase preoperative Hb and decrease transfusion requirements in elective cardiac surgery, especially in those anemic at baseline.",Weltert LP; De Rosa A; Rondinelli MB; Falco M; Turani F; Pierelli L,2023,Blood transfusion = Trasfusione del sangue,Randomized Controlled Trial|Journal Article,10.2450/2022.0222-22,https://pubmed.ncbi.nlm.nih.gov/36580029/,retain,true,abstract_only,ABSTRACT_SENTENCE_8,"RESULTS: At hospital admission, Hb had increased 0.7 g/dL and 0.1 g/dL, for Iron and Control groups, respectively (p<0.001), with no gender-related differences, leading to a decrease in transfusion rate (30 vs 59%, respectively; p<0.001) and transfusion index (0.5 units/patient vs 1.2 units/pt, respectively; p<0.001).",13 g/d | 60 mg/d | 0.7 g/d | 0.1 g/d | 0.5 units | 1.2 units,"Main end-point variables were increase in Hb from randomization to hospital admission, transfusion requirements, and cost-effectiveness of Sucrosomial® iron administration. | RESULTS: At hospital admission, Hb had increased 0.7 g/dL and 0.1 g/dL, for Iron and Control groups, respectively (p<0.001), with no gender-related differences, leading to a decrease in transfusion rate (30 vs 59%, respectively; p<0.001) and transfusion index (0.5 units/patient vs 1.2 units/pt, respectively; p<0.001). | CONCLUSIONS: This post-hoc analysis confirms pre-operative Sucrosomial® iron administration is a safe and cost-effective strategy to increase preoperative Hb and decrease transfusion requirements in elective cardiac surgery, especially in those anemic at baseline.","RESULTS: At hospital admission, Hb had increased 0.7 g/dL and 0.1 g/dL, for Iron and Control groups, respectively (p<0.001), with no gender-related differences, leading to a decrease in transfusion rate (30 vs 59%, respectively; p<0.001) and transfusion index (0.5 units/patient vs 1.2 units/pt, respectively; p<0.001).","BACKGROUND: The prevalence of low pre-operative hemoglobin (Hb) among cardiac surgery patients is high. | Patients (pt) received a one-month course of 60 mg/day Sucrosomial® iron (Iron group, n=309) or routine care (Control group, n=285) prior to elective cardiac surgery. | CONCLUSIONS: This post-hoc analysis confirms pre-operative Sucrosomial® iron administration is a safe and cost-effective strategy to increase preoperative Hb and decrease transfusion requirements in elective cardiac surgery, especially in those anemic at baseline.",22,research/searches_v4/HRS1_PERIOPERATIVE/pubmed/20260728T014125Z/efetch_00014.xml,120766be866e7d8da03f2bdb8f3575db55d66a93f2cd22513d228ad991cac255,,not_observed,ai_screened_regex_confirmed
HRS1_PERIOPERATIVE,pubmed:40572756,pubmed,40572756,Value of Probiotics on Outcome in Patients Following Liver Surgery: A Systematic Review and Meta-Analysis.,"Background and Objectives: The gut-liver axis plays a crucial role in the development of post-surgical infections. Surgery-induced dysbiosis can lead to increased bacterial translocation, impairing the liver's detoxification capacity and negatively affecting surgical outcomes. Following liver surgery, approximately a third of the patients develop bacterial infections, with a high risk of bacteremia or even sepsis-related liver failure and death. The potential advantages of administering pro- or synbiotics before/after surgery remain a topic of discussion. Therefore, a systematic review of randomized clinical trials comparing patients with and without supplementation and their outcomes and effects after liver resection (LR) or liver transplantation (LT) was conducted. Materials and Methods: A computer-based search of electronic databases was conducted to gather randomized controlled trials (RCTs) that focused on probiotic/synbiotic use during the perioperative period for liver surgery patients. Two researchers independently screened the studies, extracted the data, evaluated the risk of bias, and performed a meta-analysis using RevMan Web. Results: Our research revealed 19 relevant randomized controlled studies that included a total of 1698 patients on the perioperative use of pro-/symbiotic administration in liver surgery. Eight studies were performed on liver transplantation (LT), and 11 studies were performed for liver resection (LR). The results of the meta-analysis demonstrated that the probiotic group exhibited lower rates of postoperative infectious complications (OR = 0.34; 95%CI 0.25 to 0.45; p < 0.0001), hospital stay duration (SMD = -0.13; 95%CI -0.25 to -0.00; p = 0.05), lower serum endotoxin levels (SMD = -0.39%CI -0.59 to -19; p < 0.0001), and white blood cell counts (SMD = -SMD = -0.35; 95%CI -0.56 to -0.13; p = 0.002) compared to the control group. Further, with regard to liver function, we observed significant postoperative differences in alanine aminotransferase (ALT)-levels (SMD = -0.46; 95%CI -0.63 to -0.29; p < 0.0001), aspartate aminotransferase (AST) levels (SMD = -0.53; 95%CI -0.71 to -0.34; p < 0.0001), bilirubin levels (SMD = -0.35; 95%CI -0.50 to -0.19; p < 0.0001), and international ratio (INR) levels (SMD = -0.1; 95%CI -0.12 to -0.08; p ≤ 0.0001), favoring the symbiotic group compared to the control group. Conclusions: The use of pro-/synbiotics during the perioperative period reduces the risk of postoperative infections, support postoperative liver function, and recovery and shortens hospital stays for liver surgery patients. However, they do not appear to particularly aid in inflammation reduction.",Karitnig R; Bogner A; Jahn N; Vlachos C; Lederer A; Geisler A; Sucher R; Hau HM,2025,"Medicina (Kaunas, Lithuania)",Journal Article|Meta-Analysis|Systematic Review,10.3390/medicina61061068,https://pubmed.ncbi.nlm.nih.gov/40572756/,retain,true,abstract_only,ABSTRACT_SENTENCE_10,"The results of the meta-analysis demonstrated that the probiotic group exhibited lower rates of postoperative infectious complications (OR = 0.34; 95%CI 0.25 to 0.45; p < 0.0001), hospital stay duration (SMD = -0.13; 95%CI -0.25 to -0.00; p = 0.05), lower serum endotoxin levels (SMD = -0.39%CI -0.59 to -19; p < 0.0001), and white blood cell counts (SMD = -SMD = -0.35; 95%CI -0.56 to -0.13; p = 0.002) compared to the control group.",95% | 0.39%,"The results of the meta-analysis demonstrated that the probiotic group exhibited lower rates of postoperative infectious complications (OR = 0.34; 95%CI 0.25 to 0.45; p < 0.0001), hospital stay duration (SMD = -0.13; 95%CI -0.25 to -0.00; p = 0.05), lower serum endotoxin levels (SMD = -0.39%CI -0.59 to -19; p < 0.0001), and white blood cell counts (SMD = -SMD = -0.35; 95%CI -0.56 to -0.13; p = 0.002) compared to the control group.","The results of the meta-analysis demonstrated that the probiotic group exhibited lower rates of postoperative infectious complications (OR = 0.34; 95%CI 0.25 to 0.45; p < 0.0001), hospital stay duration (SMD = -0.13; 95%CI -0.25 to -0.00; p = 0.05), lower serum endotoxin levels (SMD = -0.39%CI -0.59 to -19; p < 0.0001), and white blood cell counts (SMD = -SMD = -0.35; 95%CI -0.56 to -0.13; p = 0.002) compared to the control group.","Background and Objectives: The gut-liver axis plays a crucial role in the development of post-surgical infections. | Surgery-induced dysbiosis can lead to increased bacterial translocation, impairing the liver's detoxification capacity and negatively affecting surgical outcomes. | Following liver surgery, approximately a third of the patients develop bacterial infections, with a high risk of bacteremia or even sepsis-related liver failure and death.",20,research/searches_v4/HRS1_PERIOPERATIVE/pubmed/20260728T014125Z/efetch_00046.xml,50ae9219ad0904b30b31f2deb176181362e1adb7fa9555a926edacb72b844c66,,not_observed,ai_screened_regex_confirmed
HRS1_PERIOPERATIVE,pubmed:35093535,pubmed,35093535,Triiodothyronine Supplementation in Infants Undergoing Cardiopulmonary Bypass: A Randomized Controlled Trial.,"Cardiopulmonary bypass (CPB) profoundly suppresses circulating thyroid hormone levels in infants. We performed a multicenter randomized placebo controlled trial to determine if triiodothyronine (T3) supplementation improves reduces time to extubation (TTE) in infants after CPB. Infants (n = 220) undergoing cardiac surgery with CPB and stratified into 2 age cohorts: ≤30 days and >30 days to <152 days were randomization to receive either intravenous triiodothyronine or placebo bolus followed by study drug infusion until extubated or at 48 hours, whichever preceded. T3 did not significantly alter the primary endpoint, TTE (hazard ratio for chance of extubation (1.08, 95% CI: 0.82-1.43, P = 0.575) in the entire randomized population with censoring at 21 days. T3 showed no significant effect on TTE (HR 0.82, 95% CI:0.55-1.23, P = 0.341) in the younger subgroup or in the older (HR 1.38, 95% CI:0.95-2.2, P = 0.095). T3 also did not significantly impact TTE during the first 48 hours while T3 levels were maintained (HR 1.371, 95% CI:0.942-1.95, P = 0.099) No significant differences occurred for arrhythmias or other sentinel adverse events in the entire cohort or in the subgroups. This trial showed no significant benefit on TTE in the entire cohort. T3 supplementation appears safe as it did not cause an increase in adverse events. The study implementation and analysis were complicated by marked variability in surgical risk, although risk categories were balanced between treatment groups.",Portman MA; Slee AE; Roth SJ; Radman M; Olson AK; Mainwaring RD; Kamerkar A; Nuri M; Hastings L; TRICC Investigators,2023,Seminars in thoracic and cardiovascular surgery,Randomized Controlled Trial|Multicenter Study|Journal Article,10.1053/j.semtcvs.2022.01.005,https://pubmed.ncbi.nlm.nih.gov/35093535/,retain,true,abstract_only,ABSTRACT_SENTENCE_6,"T3 also did not significantly impact TTE during the first 48 hours while T3 levels were maintained (HR 1.371, 95% CI:0.942-1.95, P = 0.099) No significant differences occurred for arrhythmias or other sentinel adverse events in the entire cohort or in the subgroups.",,"T3 also did not significantly impact TTE during the first 48 hours while T3 levels were maintained (HR 1.371, 95% CI:0.942-1.95, P = 0.099) No significant differences occurred for arrhythmias or other sentinel adverse events in the entire cohort or in the subgroups. | T3 supplementation appears safe as it did not cause an increase in adverse events.","T3 also did not significantly impact TTE during the first 48 hours while T3 levels were maintained (HR 1.371, 95% CI:0.942-1.95, P = 0.099) No significant differences occurred for arrhythmias or other sentinel adverse events in the entire cohort or in the subgroups.","Infants (n = 220) undergoing cardiac surgery with CPB and stratified into 2 age cohorts: ≤30 days and >30 days to <152 days were randomization to receive either intravenous triiodothyronine or placebo bolus followed by study drug infusion until extubated or at 48 hours, whichever preceded. | The study implementation and analysis were complicated by marked variability in surgical risk, although risk categories were balanced between treatment groups.",19,research/searches_v4/HRS1_PERIOPERATIVE/pubmed/20260728T014125Z/efetch_00003.xml,1cf269464a318091c2751630dae1cb42b7618cc17f21a5d5bc900320c07cb1f6,,not_observed,ai_screened_regex_confirmed
HRS1_PERIOPERATIVE,pubmed:35988825,pubmed,35988825,Vitamin D3 Supplementation Prior to Total Knee Arthroplasty: A Randomized Controlled Trial.,"BACKGROUND: The purpose of this randomized controlled trial was to determine if a one-time dose of vitamin D3 prior to total knee arthroplasty improves function and patient-reported outcomes, while decreasing complications.
METHODS: One hundred seven patients undergoing primary total knee arthroplasty were randomized to receive 50,000 international units vitamin D3 (57 patients) or placebo (50 patients) on the morning of surgery. Power analysis determined 45 patients were required in each cohort to detect a minimal clinically important difference of 6 points in the functional component of the 2011 version of the Knee Society Score (KSS), assuming an alpha of 0.05 and power of 80%. KSS and a Timed Up and Go Test (TUGT) were measured preoperatively and at 3 and 6 weeks postoperatively.
RESULTS: There was no difference in improvement of KSS at 3 weeks (+4.8 points vitamin D3 versus +3.0 points placebo; P = .6) or 6 weeks (+14.5 points vitamin D3 versus +12.4 points placebo; P = .5) from baseline. There was no difference in change in TUGT at 3 weeks (+1.2 seconds vitamin D3 versus +0.6 seconds placebo; P = .6) or 6 weeks (-0.3 seconds vitamin D3 versus -0.9 seconds placebo; P = .6) from baseline. There were 4 complications in the placebo cohort within the first 90 days postoperatively and 5 complications in the vitamin D3 cohort (P = 1.0).
CONCLUSION: Supplementation with 50,000 international units vitamin D3 on the day of surgery failed to demonstrate statistical significant differences in functional KSS, TUGT times, or complications in the early postoperative period compared to placebo.
LEVEL OF EVIDENCE: Level I, therapeutic study.",Weintraub MT; Guntin J; Yang J; DeBenedetti A; Karas V; Della Valle CJ; Nam D,2023,The Journal of arthroplasty,Randomized Controlled Trial|Journal Article,10.1016/j.arth.2022.08.020,https://pubmed.ncbi.nlm.nih.gov/35988825/,retain,true,abstract_only,ABSTRACT_SENTENCE_8,"CONCLUSION: Supplementation with 50,000 international units vitamin D3 on the day of surgery failed to demonstrate statistical significant differences in functional KSS, TUGT times, or complications in the early postoperative period compared to placebo.",,"BACKGROUND: The purpose of this randomized controlled trial was to determine if a one-time dose of vitamin D3 prior to total knee arthroplasty improves function and patient-reported outcomes, while decreasing complications. | There were 4 complications in the placebo cohort within the first 90 days postoperatively and 5 complications in the vitamin D3 cohort (P = 1.0). | CONCLUSION: Supplementation with 50,000 international units vitamin D3 on the day of surgery failed to demonstrate statistical significant differences in functional KSS, TUGT times, or complications in the early postoperative period compared to placebo.","CONCLUSION: Supplementation with 50,000 international units vitamin D3 on the day of surgery failed to demonstrate statistical significant differences in functional KSS, TUGT times, or complications in the early postoperative period compared to placebo.","METHODS: One hundred seven patients undergoing primary total knee arthroplasty were randomized to receive 50,000 international units vitamin D3 (57 patients) or placebo (50 patients) on the morning of surgery. | KSS and a Timed Up and Go Test (TUGT) were measured preoperatively and at 3 and 6 weeks postoperatively. | There were 4 complications in the placebo cohort within the first 90 days postoperatively and 5 complications in the vitamin D3 cohort (P = 1.0).",19,research/searches_v4/HRS1_PERIOPERATIVE/pubmed/20260728T014125Z/efetch_00010.xml,cb49c7ce8a9189bad8ca6de16237893e4a2c2a4d183eaf989fc9ee911587c47b,,not_observed,ai_screened_regex_confirmed
HRS1_PERIOPERATIVE,pubmed:39051906,pubmed,39051906,Effect of amino acid supplementation on short-term complications after gastrointestinal tumor surgery: the AMIGITS randomized clinical trial.,"BACKGROUND: There is a scarcity of large randomized clinical trials on the efficacy and safety of high-dose amino acid supplementation (AAS) in patients with gastrointestinal tumors undergoing surgical treatment.
METHODS: This pragmatic, randomized, controlled, single-center, open-label, parallel-group AMIGITS trial was performed in a tertiary care teaching hospital. Patients with gastrointestinal tumors were randomly assigned to receive either AAS or standard care (SC). Amino acid targets were 2.0 g/kg per day in the AAS group and 1.2 g/kg per day in the SC group. The AAS group received additional amino acids intravenously, while the SC group received an iso-energetic 5% glucose intravenously.
RESULTS: Overall, 407 patients (AAS group, 204; SC group, 203) were included in this study. During the intervention, the actual mean daily energy intake did not differ significantly between the AAS and SC groups (25.53 vs. 25.16 kcal/kg per day, P =0.493). However, the actual mean daily amino acid intake was significantly higher in the AAS group than that in the SC group (1.81 vs. 0.94 g/kg per day, P <0.001). The infection incidence during hospitalization and within 30 days of surgery was significantly lower in the AAS group than that in the SC group ( P =0.031 and P= 0.024, respectively). The 30-day postoperative incidence of amino acid treatment-related adverse events and other complications did not significantly differ between the two groups. The postoperative hospital stay was significantly different between the two groups ( P< 0.001).
CONCLUSIONS: AAS was associated with a reduced infection incidence within 30 days of major surgery in patients with gastrointestinal tumors and can be a promising strategy.",Wang J; Chen Y; Zhao Z; Lian G; Peng L; Zhou X; Sha S; Qiao W; Tian H; Li L; Tian F; Jing C,2024,"International journal of surgery (London, England)",Journal Article|Randomized Controlled Trial|Pragmatic Clinical Trial,10.1097/JS9.0000000000001818,https://pubmed.ncbi.nlm.nih.gov/39051906/,retain,true,abstract_only,ABSTRACT_SENTENCE_12,The 30-day postoperative incidence of amino acid treatment-related adverse events and other complications did not significantly differ between the two groups.,2.0 g | 1.2 g | 0.94 g,The 30-day postoperative incidence of amino acid treatment-related adverse events and other complications did not significantly differ between the two groups.,The 30-day postoperative incidence of amino acid treatment-related adverse events and other complications did not significantly differ between the two groups.,"BACKGROUND: There is a scarcity of large randomized clinical trials on the efficacy and safety of high-dose amino acid supplementation (AAS) in patients with gastrointestinal tumors undergoing surgical treatment. | The infection incidence during hospitalization and within 30 days of surgery was significantly lower in the AAS group than that in the SC group ( P =0.031 and P= 0.024, respectively). | The 30-day postoperative incidence of amino acid treatment-related adverse events and other complications did not significantly differ between the two groups.",19,research/searches_v4/HRS1_PERIOPERATIVE/pubmed/20260728T014125Z/efetch_00032.xml,d1ced6ae8e2a322bdfa650ad8a0cfc5128cd62264ea6509e30cb1082cea00927,,not_observed,ai_screened_regex_confirmed
HRS1_PERIOPERATIVE,pubmed:39243332,pubmed,39243332,Protein Supplement Tolerability and Patient Satisfaction after Bariatric Surgery.,"PURPOSE: Disproportional fat-free mass loss often occurs post-bariatric surgery, partly due to insufficient protein intake during the post-surgery recovery phase. We compared five protein-enhancing strategies (PES) on patient tolerability, satisfaction and protein intake.
MATERIALS AND METHODS: Ninety-four participants, scheduled for bariatric surgery, were enrolled and allocated to either of the following: (1) whey powder, (2) hydrolysed collagen powder, (3) plant-based powder, (4) protein-rich products, (5) protein gel, or control. PES groups were instructed to add 30 g of powder or 2 gels or protein products to their diet. Patient satisfaction and tolerability were evaluated with questionnaires. Dietary intake was assessed prior to and during PES use.
RESULTS: Seven patients dropped out (i.e. loss of contact, personal reasons or post-surgery complications) yielding an analytical cohort of 87 participants. The majority of patients (61%) did not experience dietary complaints from PES and could use PES ≥ 5 days of the week. PES non-usage was mainly related to taste dislike (58%). Hydrolysed collagen scored highest on tolerability and satisfaction: 86% of the participants could use HC ≥ 5 days and 71% were satisfied with the product. PES increased protein intake from 54.7 ± 21.5 g/day to 64.7 ± 23.4 g/day during the intervention (p = 0.002), which differed from the control group (+ 10.1 ± 24.5 g/day vs. - 6.3 ± 23.8 g/day for controls, p = 0.019). Whey showed the highest increase, namely + 18.3 ± 16.3 g/day (p = 0.009).
CONCLUSION: PES were tolerated by the majority of participants, and an improved protein intake with PES use was seen. However, the taste of the products could be improved to further enhance satisfaction and tolerability.",Luijpers CLH; Nuijten MAH; Groenhuijzen EJ; van Hogezand LL; Monpellier VM; Eijsvogels TMH; Hopman MTE,2024,Obesity surgery,"Journal Article|Randomized Controlled Trial|Comparative Study|Research Support, Non-U.S. Gov't",10.1007/s11695-024-07462-4,https://pubmed.ncbi.nlm.nih.gov/39243332/,retain,true,abstract_only,ABSTRACT_SENTENCE_7,"RESULTS: Seven patients dropped out (i.e. loss of contact, personal reasons or post-surgery complications) yielding an analytical cohort of 87 participants.",30 g | 21.5 g/d | 23.4 g/d | 24.5 g/d | 23.8 g/d | 16.3 g/d,"RESULTS: Seven patients dropped out (i.e. loss of contact, personal reasons or post-surgery complications) yielding an analytical cohort of 87 participants.","RESULTS: Seven patients dropped out (i.e. loss of contact, personal reasons or post-surgery complications) yielding an analytical cohort of 87 participants.","PURPOSE: Disproportional fat-free mass loss often occurs post-bariatric surgery, partly due to insufficient protein intake during the post-surgery recovery phase. | MATERIALS AND METHODS: Ninety-four participants, scheduled for bariatric surgery, were enrolled and allocated to either of the following: (1) whey powder, (2) hydrolysed collagen powder, (3) plant-based powder, (4) protein-rich products, (5) protein gel, or control. | RESULTS: Seven patients dropped out (i.e. loss of contact, personal reasons or post-surgery complications) yielding an analytical cohort of 87 participants.",19,research/searches_v4/HRS1_PERIOPERATIVE/pubmed/20260728T014125Z/efetch_00034.xml,9d1ce6006471e00546e7f5fb49ed9dfa5f6b5593aaf7674f339c39e96986f7b5,,not_observed,ai_screened_regex_confirmed
HRS1_PERIOPERATIVE,pubmed:39519287,pubmed,39519287,Comparison of n-3 PUFA-Enriched vs. Olive-Oil-Based Lipid Emulsion on Oxidative Stress and Inflammatory Response in Critically Ill Post-Surgery Adults: Secondary Analysis of a Randomized Controlled Trial.,"Malnutrition in critically ill patients represents a major concern as it can lead to adverse outcomes including increased morbidity and mortality. These patients exhibit an impaired immune response accompanied by increased oxidative stress. Nutritional support, including parenteral nutrition (PN), is critical in these patients. Intravenous lipid emulsions (ILEs), a key component of PN, provide energy and intervene in the modulation of inflammation. This was a secondary study of a randomized clinical trial at the Reina Sofia University Hospital (Murcia, Spain) for critically ill patients following major abdominal surgery that were administered PN supplemented with olive-oil-based ILE (OO-ILE, n = 29) or a mixed-lipid ILE (soybean oil, medium chain triglycerides, OO and fish oil, SMOF-ILE, n = 25). The effects on clinical outcomes, metabolic markers, oxidative stress, and inflammation were evaluated. No significant differences were observed between groups in the clinical parameters and outcomes, oxidative stress, or inflammatory markers. The within-group evaluation demonstrated an increase in total antioxidant capacity in both groups, while OO-ILE increased the levels of 15-F2t-isoprostane. In addition, the results showed that both mixtures reduced the release of IL-1β and IL-6. These findings suggest that both treatments had similar effects on oxidative stress and inflammatory response in this type of patient.",Cuartero-Corbalán N; Martínez-Lozano Aranaga F; Gómez-Ramos MJ; Gómez-Sánchez MB; Avilés-Plaza FV; Núñez-Sánchez MA; Morillas-Ruiz JM,2024,International journal of molecular sciences,"Clinical Trial, Phase III|Comparative Study|Equivalence Trial|Journal Article|Randomized Controlled Trial",10.3390/ijms252111739,https://pubmed.ncbi.nlm.nih.gov/39519287/,retain,true,abstract_only,ABSTRACT_SENTENCE_1,Malnutrition in critically ill patients represents a major concern as it can lead to adverse outcomes including increased morbidity and mortality.,,Malnutrition in critically ill patients represents a major concern as it can lead to adverse outcomes including increased morbidity and mortality.,Malnutrition in critically ill patients represents a major concern as it can lead to adverse outcomes including increased morbidity and mortality.,"This was a secondary study of a randomized clinical trial at the Reina Sofia University Hospital (Murcia, Spain) for critically ill patients following major abdominal surgery that were administered PN supplemented with olive-oil-based ILE (OO-ILE, n = 29) or a mixed-lipid ILE (soybean oil, medium chain triglycerides, OO and fish oil, SMOF-ILE, n = 25).",19,research/searches_v4/HRS1_PERIOPERATIVE/pubmed/20260728T014125Z/efetch_00036.xml,6aed2b5b4740c1c3016e9272d4eba431380af0443ce7dfe05675dfaed37b72c3,,not_observed,ai_screened_regex_confirmed
HRS1_PERIOPERATIVE,pubmed:41712216,pubmed,41712216,Routine vs Selective Calcium Supplementation After Total Thyroidectomy: A Randomized Clinical Trial.,"IMPORTANCE: Postoperative hypocalcemia is the most frequent complication after total thyroidectomy. Prophylactic supplementation with calcium and calcitriol (C+C) is widely used, but selective administration based on early postoperative parathyroid hormone (PTH) levels may reduce overtreatment.
OBJECTIVE: To compare the incidence of symptomatic and biochemical hypocalcemia with routine prophylactic C+C and selective supplementation guided by postoperative PTH levels.
DESIGN, SETTINGS, AND PARTICIPANTS: This was a multicenter, pragmatic, randomized clinical trial conducted from June 1, 2022, to July 31, 2024, at 3 tertiary hospitals with adult patients undergoing total thyroidectomy for benign or malignant disease. Exclusion criteria included prior parathyroid surgery and calcium metabolism disorders. Data were analyzed from October 1, 2024, to March 30, 2025.
INTERVENTIONS: Selective supplementation when 4-hour postoperative PTH level was less than 15 pg/mL (PTH group; to convert to ng/L, multiply by 1) or routine prophylactic C+C for 15 days (C+C group).
MAIN OUTCOMES AND MEASURES: Symptomatic hypocalcemia at 15 days postoperatively, assessed via a symptom scale. Secondary outcomes included biochemical hypocalcemia adverse events, calcium supplementation, and readmissions.
RESULTS: The analysis included a total of 258 participants; the PTH group comprised 117 patients (mean [SD] age, 50.3 [15.2] years; 100 women [85.5%]) and the C+C group, 141 patients (mean [SD] age, 49.8 [15.9] years; 118 women [83.7%]). Bethesda III to VI nodules were present in 57 (48.7%) and 62 patients (44.0%), respectively. Symptomatic hypocalcemia occurred in 24 patients overall (9.3%), 11 (7.8%) in PTH group and 13 (11.1%) in C+C group (odds ratio [OR], 0.68; 95% CI, 0.29-1.57; P = .36). In the subgroup with complete biochemical data, biochemical hypocalcemia was observed in 29 of 148 participants (16 in PTH [21.6%] and 13 in C+C [17.6%]) (OR, 1.29; 95% CI, 0.57-2.93; P = .53). Adverse events and complications were similar across groups. The PTH group needed less calcium supplementation.
CONCLUSIONS AND RELEVANCE: This randomized clinical trial found that selective calcium supplementation based on postoperative PTH values was not superior to routine calcium supplementation for preventing symptomatic or biochemical hypocalcemia after total thyroidectomy. Either strategy may be used, with choice depending on resource availability and clinical setting.
TRIAL REGISTRATION: ClinicalTrials.gov Identifier: NCT05252884.",Garcia-Lozano C; Betancourt C; Sanchez JG; Pinillos P; Trujillo Y; Marulanda M; Olivera MP; Ariza A; Figueroa-Bohorquez D; Mendieta L; Santivañez JJ; Sanabria A,2026,JAMA otolaryngology-- head & neck surgery,Journal Article|Randomized Controlled Trial|Multicenter Study|Pragmatic Clinical Trial|Comparative Study,10.1001/jamaoto.2025.5514,https://pubmed.ncbi.nlm.nih.gov/41712216/,retain,true,abstract_only,ABSTRACT_SENTENCE_9,"Secondary outcomes included biochemical hypocalcemia adverse events, calcium supplementation, and readmissions.",,"IMPORTANCE: Postoperative hypocalcemia is the most frequent complication after total thyroidectomy. | Secondary outcomes included biochemical hypocalcemia adverse events, calcium supplementation, and readmissions. | Adverse events and complications were similar across groups.","Secondary outcomes included biochemical hypocalcemia adverse events, calcium supplementation, and readmissions.","IMPORTANCE: Postoperative hypocalcemia is the most frequent complication after total thyroidectomy. | Prophylactic supplementation with calcium and calcitriol (C+C) is widely used, but selective administration based on early postoperative parathyroid hormone (PTH) levels may reduce overtreatment. | OBJECTIVE: To compare the incidence of symptomatic and biochemical hypocalcemia with routine prophylactic C+C and selective supplementation guided by postoperative PTH levels.",19,research/searches_v4/HRS1_PERIOPERATIVE/pubmed/20260728T014125Z/efetch_00056.xml,d5f502743b27c636118737923da90c4810adc7dc6c365cef353590add7b20c99,,not_observed,ai_screened_regex_confirmed
HRS1_PERIOPERATIVE,pubmed:41754168,pubmed,41754168,Effect of Perioperative Supplementation with Arginine and Omega-3 on Postoperative Complications in Patients Undergoing Gastrointestinal Cancer Surgery: A Pilot Open-Label Randomized Controlled Trial.,"BACKGROUND: Perioperative immunonutrition, including arginine and omega-3 fatty acids, has been proposed to support postoperative recovery by modulating immune function.
AIM: To evaluate the effects of perioperative arginine and omega-3 supplementation on postoperative infectious complications, mortality, hospital length of stay, intensive care unit duration, and inflammatory markers in patients undergoing gastrointestinal cancer surgery.
METHODS: In this Pilot Open-Label randomized trial, 35 adult patients scheduled for elective gastrointestinal cancer surgery at Salah Azaiez Institute were randomly assigned to receive either perioperative immunonutrition (n = 18; three daily capsules of omega-3 and one sachet of Arginine+ for 7 days preoperatively and 7 days postoperatively) or standard care (n = 17). Primary endpoints were postoperative infectious complications and 1-month mortality. Secondary endpoints included hospital length of stay, ICU duration, and postoperative biochemical markers.
RESULTS: No statistically significant differences were observed between groups in 1-month mortality (p = 0.324), hospital length of stay (median 7 vs. 7 days, p = 0.392), or ICU duration (median 5 vs. 6 days, p = 0.601). Urinary tract infection (5.9% vs. 11.1%, p = 0.939) and wound infection rates (5.9% vs. 11.1%, p = 0.581) were comparable. Importantly, postoperative C-reactive protein and other inflammatory markers did not differ significantly between groups (CRP: 165 vs. 175 mg/L; intergroup p = 0.798).
CONCLUSIONS: In this trial, perioperative immunonutrition with arginine and omega-3 fatty acids did not improve postoperative clinical outcomes or inflammatory markers in patients undergoing gastrointestinal cancer surgery. At the administered dose and within a small, heterogeneous cohort, immunonutrition did not provide additional benefit beyond standard care. Larger, adequately powered multicenter trials with optimized dosing are required to clarify its role in gastrointestinal oncology.",Sakhri S; Othman RB; Jerbi C; Ceylan Hİ; Naija L; Zemni I; Jamoussi H; Dhiab TB; Ceylan NB; Stefanica V; Dergaa I,2026,Nutrients,Journal Article|Randomized Controlled Trial,10.3390/nu18040651,https://pubmed.ncbi.nlm.nih.gov/41754168/,retain,true,abstract_only,ABSTRACT_SENTENCE_6,"RESULTS: No statistically significant differences were observed between groups in 1-month mortality (p = 0.324), hospital length of stay (median 7 vs.",175 mg,"AIM: To evaluate the effects of perioperative arginine and omega-3 supplementation on postoperative infectious complications, mortality, hospital length of stay, intensive care unit duration, and inflammatory markers in patients undergoing gastrointestinal cancer surgery. | Primary endpoints were postoperative infectious complications and 1-month mortality. | RESULTS: No statistically significant differences were observed between groups in 1-month mortality (p = 0.324), hospital length of stay (median 7 vs.","RESULTS: No statistically significant differences were observed between groups in 1-month mortality (p = 0.324), hospital length of stay (median 7 vs.","BACKGROUND: Perioperative immunonutrition, including arginine and omega-3 fatty acids, has been proposed to support postoperative recovery by modulating immune function. | AIM: To evaluate the effects of perioperative arginine and omega-3 supplementation on postoperative infectious complications, mortality, hospital length of stay, intensive care unit duration, and inflammatory markers in patients undergoing gastrointestinal cancer surgery. | METHODS: In this Pilot Open-Label randomized trial, 35 adult patients scheduled for elective gastrointestinal cancer surgery at Salah Azaiez Institute were randomly assigned to receive either perioperative immunonutrition (n = 18; three daily capsules of omega-3 and one sachet of Arginine+ for 7 days preoperatively and 7 days postoperatively) or standard care (n = 17).",19,research/searches_v4/HRS1_PERIOPERATIVE/pubmed/20260728T014125Z/efetch_00056.xml,d5f502743b27c636118737923da90c4810adc7dc6c365cef353590add7b20c99,,not_observed,ai_screened_regex_confirmed
HRS1_PERIOPERATIVE,pubmed:41299126,pubmed,41299126,Postoperative Spirulina Platensis Supplementation Optimizes Body Composition Improvement without Adverse Effects in Women Undergoing Gastric Bypass: a Pilot Study Randomized and Placebo-Controlled.,"INTRODUCTION: Roux-en-Y gastric bypass (RYGB) is an effective treatment for obesity and metabolic disorders. Co-administration of Spirulina (SP), a cyanobacterium of the genus Arthrospira platensis, accelerates weight loss and improves body composition. It is believed that supplementing with 2 g of SP for 30 days is safe and improves body composition in women undergoing RYGB. OBJECTIVE: To evaluate the effects of SP supplementation on body composition and blood parameters of women undergoing RYGB. METHODS: Forty-nine women indicated for RYGB were divided into two groups: SP (n =25), which received 2 g of SP, and placebo (PL, n =24), which received 2 g of starch. The parameters were analyzed at baseline and after 30 days of post-RYGB intervention. ANCOVA and chi-square were performed in SPSS (version 25), with a significance level of 5% (p < 0.05). RESULTS: Thirty patients (SP, n = 15; PL, n = 15) with a mean age of 42.82±9.35 years concluded the study. Post-RYGB, the SP group exhibited significant decreases in arm circumference (p = 0.035), fat mass (p = 0.033), muscle mass loss (p <0.001), body fat (p = 0.018), subcutaneous fat (p = 0.019), and blood urea levels (p = 0.042) compared to the PL group. The SP group had significantly more lean mass (p = 0.036) and skeletal muscle mass (p = 0.030), elevated BMR (p = 0.034), and a higher percentage of fat mass loss (p <0.001), along with increased levels of body protein (p = 0.028) and hydration (p = 0.037) in comparison to the PL group. CONCLUSION: Supplementation with 2 g of SP for 30 days was safe, improved body composition, and decreased urea levels in women with obesity undergoing RYGB.",de Almeida PC; da Rosa Lima T; Pereira Avila ET; Brito GA; Malheios NO; Vilela Leal R; Alves Junior ER; Peres Pimenta G; Navalta JW; Damazo AS,2026,Obesity surgery,Journal Article|Randomized Controlled Trial,10.1007/s11695-025-08400-8,https://pubmed.ncbi.nlm.nih.gov/41299126/,retain,true,abstract_only,ABSTRACT_SENTENCE_11,"CONCLUSION: Supplementation with 2 g of SP for 30 days was safe, improved body composition, and decreased urea levels in women with obesity undergoing RYGB.",2 g,,"CONCLUSION: Supplementation with 2 g of SP for 30 days was safe, improved body composition, and decreased urea levels in women with obesity undergoing RYGB.",,18,research/searches_v4/HRS1_PERIOPERATIVE/pubmed/20260728T014125Z/efetch_00052.xml,8bec2ce79d57abf79905246b3c403a67dbabada2c5f7ae5685e33566fc068019,,not_observed,ai_screened_regex_confirmed
HRS1_PERIOPERATIVE,pubmed:39306086,pubmed,39306086,Preoperative Micronutrient Repletion Strategies in Metabolic and Bariatric Surgery: A Systematic Review.,"BACKGROUND: Evidence is lacking to inform how micronutrient deficiencies should be prevented and treated before metabolic-bariatric surgery to optimize patient outcomes.
OBJECTIVE: This systematic review aimed to examine the effect of preoperative repletion strategies for micronutrient deficiencies on micronutrient biochemistry, quality of life, and complication rates among candidates for metabolic and bariatric surgery compared with usual care, alternate strategies, or no treatment.
METHODS: PubMed, Embase, CINAHL, and CENTRAL was searched in April 2024. A grey literature search was updated in April 2024 via Google search. Eligible observational and interventional studies were those that provided micronutrient repletion before the surgery and measured micronutrient status pre- and/or postsurgery. Studies with participants who were pregnant, lactating, or elected jejunocolic bypass, jejunoileal bypass, vertical banded gastroplasty, and biliopancreatic diversion were excluded. Risk of bias was assessed using the Academy of Nutrition and Dietetics Quality Criteria Checklist. Findings were narratively synthesized and the Grading of Recommendation, Assessment, Development and Evaluations was adopted when applicable. Twenty studies (n = 27 groups) were included (n = 15 observational; n = 5 interventional).
RESULTS: Strategies targeted vitamins A, D, E, B6, B12, C, thiamin, folate, calcium, iron, selenium, and zinc, including chronic dosing of oral supplements and multivitamins (n = 21), megadoses of oral supplements (n = 1), intramuscular injection (n = 1), intravenous infusion (n = 1), and a mix of injection and oral supplements (n = 3). Preoperative repletion strategies varied in efficacy. Chronic dosing of oral supplements increased vitamin D levels (n = 4 interventional studies; Grading of Recommendation, Assessment, Development and Evaluations rating: moderate). Multivitamins did not improve vitamin B12 status but improved status of vitamin B6, vitamin C, and folate. Iron infusion (n = 1) increased ferritin levels, despite small sample size and low adherence rate, whereas oral iron supplementation resulted in unchanged (n = 4) or decreased (n = 1) ferritin levels.
CONCLUSIONS: Proactive and personalized micronutrient repletion schedules may decrease the risk of preoperative and early postoperative deficiency.",Tang X; Reidlinger DP; Crichton M; Craggs-Dino L; Fayet-Moore F; Marshall S,2025,Journal of the Academy of Nutrition and Dietetics,Journal Article|Systematic Review,10.1016/j.jand.2024.09.007,https://pubmed.ncbi.nlm.nih.gov/39306086/,retain,true,abstract_only,ABSTRACT_SENTENCE_14,"Iron infusion (n = 1) increased ferritin levels, despite small sample size and low adherence rate, whereas oral iron supplementation resulted in unchanged (n = 4) or decreased (n = 1) ferritin levels.",,"OBJECTIVE: This systematic review aimed to examine the effect of preoperative repletion strategies for micronutrient deficiencies on micronutrient biochemistry, quality of life, and complication rates among candidates for metabolic and bariatric surgery compared with usual care, alternate strategies, or no treatment.","Iron infusion (n = 1) increased ferritin levels, despite small sample size and low adherence rate, whereas oral iron supplementation resulted in unchanged (n = 4) or decreased (n = 1) ferritin levels.","BACKGROUND: Evidence is lacking to inform how micronutrient deficiencies should be prevented and treated before metabolic-bariatric surgery to optimize patient outcomes. | OBJECTIVE: This systematic review aimed to examine the effect of preoperative repletion strategies for micronutrient deficiencies on micronutrient biochemistry, quality of life, and complication rates among candidates for metabolic and bariatric surgery compared with usual care, alternate strategies, or no treatment. | Eligible observational and interventional studies were those that provided micronutrient repletion before the surgery and measured micronutrient status pre- and/or postsurgery.",17,research/searches_v4/HRS1_PERIOPERATIVE/pubmed/20260728T014125Z/efetch_00034.xml,9d1ce6006471e00546e7f5fb49ed9dfa5f6b5593aaf7674f339c39e96986f7b5,,not_observed,ai_screened_regex_confirmed
HRS1_PERIOPERATIVE,pubmed:39817823,pubmed,39817823,Preoperative intravenous versus oral iron supplementation for elective surgery: evidence based on 12 randomized trials.,"AIM: This study aims to clarify hematological parameters, transfusion requirements, and adverse events of preoperative intravenous (IVIS) versus oral iron supplementation (OIS) in elective surgery patients.
METHODS: We conducted a comprehensive literature search across multiple databases up to 10 December 2023. Twelve RCTs involving 930 participants met our eligibility criteria. Our analysis focused on post-treatment hemoglobin levels, changes in hemoglobin from baseline, ferritin levels, hemoglobin attainment rates, transfusion requirements, and adverse events. We employed the random-effects model for data synthesis, calculating pooled standard mean differences (SMD) or mean differences (MD) or risk ratios (RR) with 95% confidence intervals (CI). Methodological quality was assessed using the Cochrane ROB 2 tool. The GRADE approach evaluated the confidence in effect estimates.
FINDINGS: IVIS significantly improved post-treatment hemoglobin levels (MD = 0.77 g/dL, 95% CI [0.30 to 1.23]), hemoglobin increments (MD = 0.69 g/dL, 95% CI [0.01 to 1.37]), and ferritin levels (MD = 260.03 ng/mL, 95% CI [119.65 to 400.42]) compared to OIS. IVIS also led to a higher hemoglobin attainment rate (RR = 1.88, 95% CI [1.24 to 2.86]). No significant differences were noted in transfusion rates or volumes. IVIS was associated with fewer digestive (RR = 0.10, 95% CI [0.05 to 0.22]; I2 = 0%) but more pain-related adverse events (RR = 7.79, 95% CI [1.78 to 34.07]; I2 = 0%). Hospital stay durations and mortality rates were similar between the two groups.
INTERPRETATION: IVIS offers a superior improvement in hematological parameters for elective surgery patients but not reducing transfusion needs compared to OIS. While IVIS has fewer digestive adverse events, it increases pain-related complications. These findings highlight the importance of personalized approaches in selecting iron supplementation methods, carefully balancing time, efficacy, and adverse event profiles.
REGISTRATION: PROSPERO CRD42023483284.",Yue L; Zhang J; Li C; Wang Z; Qi L; Zhao Y; Wang S; Shang M; Li C; Sun H,2025,Postgraduate medicine,Journal Article|Meta-Analysis|Systematic Review,10.1080/00325481.2025.2454218,https://pubmed.ncbi.nlm.nih.gov/39817823/,retain,true,abstract_only,ABSTRACT_SENTENCE_11,"IVIS was associated with fewer digestive (RR = 0.10, 95% CI [0.05 to 0.22]; I2 = 0%) but more pain-related adverse events (RR = 7.79, 95% CI [1.78 to 34.07]; I2 = 0%).",0.77 g/d | 0.69 g/d,"AIM: This study aims to clarify hematological parameters, transfusion requirements, and adverse events of preoperative intravenous (IVIS) versus oral iron supplementation (OIS) in elective surgery patients. | Our analysis focused on post-treatment hemoglobin levels, changes in hemoglobin from baseline, ferritin levels, hemoglobin attainment rates, transfusion requirements, and adverse events. | No significant differences were noted in transfusion rates or volumes.","IVIS was associated with fewer digestive (RR = 0.10, 95% CI [0.05 to 0.22]; I2 = 0%) but more pain-related adverse events (RR = 7.79, 95% CI [1.78 to 34.07]; I2 = 0%).","AIM: This study aims to clarify hematological parameters, transfusion requirements, and adverse events of preoperative intravenous (IVIS) versus oral iron supplementation (OIS) in elective surgery patients. | INTERPRETATION: IVIS offers a superior improvement in hematological parameters for elective surgery patients but not reducing transfusion needs compared to OIS.",17,research/searches_v4/HRS1_PERIOPERATIVE/pubmed/20260728T014125Z/efetch_00039.xml,f834e3644b7a46fe9dafa10f97a72ec5b72ca945dc7ec9cb72632074a294a0f3,,not_observed,ai_screened_regex_confirmed
HRS1_PERIOPERATIVE,pubmed:41616682,pubmed,41616682,Herbal decoction with post-surgery for tibiofibular fracture: A systematic review.,"INTRODUCTION: We evaluated the efficacy and safety of Taohong Siwu decoction (THSWD) as an adjunct to the usual therapy after surgery for tibiofibular fractures.
METHODS: We conducted a comprehensive literature search across seven databases (MEDLINE [via PubMed], Embase, CENTRAL, CNKI, Wanfang, Sinomed, and CiNii) for relevant articles published from database inception through July 9, 2025. Meta-analyses were performed using a random-effects model. Depending on the outcome types, the results are reported as risk ratios (RRs), odds ratios (ORs), or mean differences (MDs), each with their corresponding 95% confidence intervals (CIs).
RESULTS: We included 24 randomized controlled trials involving 2,048 participants. Compared to treatment as usual (TAU) alone, combined THSWD and TAU was associated with improvements in pain (MD -1.34; 95% CI -1.79 to -0.88, I² = 97%), time to fracture healing (MD -3.68; 95% CI -5.37 to -1.99, I² = 95%), the Hospital for Special Surgery Knee-Rating Scale score (MD 9.00; 95% CI 5.61 to 12.40), and the clinical response (RR = 1.16; 95% CI 1.12 to 1.21). The OR for adverse events was also significantly lower (OR 0.13; 95% CI 0.07 to 0.26) with THSWD combined with TAU. However, the included trials generally had low methodological quality, as assessed by RoB 2.0.
CONCLUSION: THSWD may serve as an effective adjunctive therapy to TAU to enhance recovery after tibiofibular fracture surgery, although the certainty of the evidence remains low, while potentially reducing adverse events.
SYSTEMATIC REVIEW REGISTRATION: www.crd.york.ac.uk/prospero (CRD420251107355).",Pyun J; Hwang M; Yang T; Kwon S; Jung Y; Yeum C; Cho SH,2026,"Explore (New York, N.Y.)",Journal Article|Systematic Review|Meta-Analysis|Review,10.1016/j.explore.2026.103327,https://pubmed.ncbi.nlm.nih.gov/41616682/,retain,true,abstract_only,ABSTRACT_SENTENCE_7,The OR for adverse events was also significantly lower (OR 0.13; 95% CI 0.07 to 0.26) with THSWD combined with TAU.,,"The OR for adverse events was also significantly lower (OR 0.13; 95% CI 0.07 to 0.26) with THSWD combined with TAU. | CONCLUSION: THSWD may serve as an effective adjunctive therapy to TAU to enhance recovery after tibiofibular fracture surgery, although the certainty of the evidence remains low, while potentially reducing adverse events.",The OR for adverse events was also significantly lower (OR 0.13; 95% CI 0.07 to 0.26) with THSWD combined with TAU.,"INTRODUCTION: We evaluated the efficacy and safety of Taohong Siwu decoction (THSWD) as an adjunct to the usual therapy after surgery for tibiofibular fractures. | Compared to treatment as usual (TAU) alone, combined THSWD and TAU was associated with improvements in pain (MD -1.34; 95% CI -1.79 to -0.88, I² = 97%), time to fracture healing (MD -3.68; 95% CI -5.37 to -1.99, I² = 95%), the Hospital for Special Surgery Knee-Rating Scale score (MD 9.00; 95% CI 5.61 to 12.40), and the clinical response (RR = 1.16; 95% CI 1.12 to 1.21). | CONCLUSION: THSWD may serve as an effective adjunctive therapy to TAU to enhance recovery after tibiofibular fracture surgery, although the certainty of the evidence remains low, while potentially reducing adverse events.",17,research/searches_v4/HRS1_PERIOPERATIVE/pubmed/20260728T014125Z/efetch_00055.xml,007304d7e6248f16d6af1683e236d12a5cc82dc0f727cf6e6923a0d9cef3650a,,not_observed,ai_screened_regex_confirmed
HRS1_PERIOPERATIVE,pubmed:42023849,pubmed,42023849,Immunonutrition in surgical patients with colorectal cancer: a systematic review.,"Introduction: surgery in patients with colorectal cancer often leads to complications, affecting recovery, prolonging hospital stay, and impacting quality of life. Immunonutrition plays an important role by modulating the immune system and may contribute to the reduction of these complications. Objective: to assess the effect of immunonutrient supplementation on complications in surgical patients with colorectal cancer. Materials and methods: a literature search was conducted in PubMed, Web of Science, Embase, and Cochrane, following the PRISMA model. A total of 20 clinical trials and two observational studies published between 2000 and 2025 were selected, analyzing postoperative complications, physical or nutritional status, immune response, and length of hospital stay. Results: a reduction in postoperative complications was observed with combined immunonutrient supplementation (arginine, omega-3 fatty acids, nucleotides, L-alanine, and L-glutamine), particularly in wound infections. No benefits were found with isolated supplementation. Conclusion: combined immunonutrient administration may improve postoperative complications, especially wound infections, although results regarding hospital stay are inconsistent. Isolated supplementation with omega-3 fatty acids shows no benefit.",Rodríguez-Criado C; Gavilán-Díaz R; Cabañas Alite L,2026,Nutricion hospitalaria,Journal Article|Systematic Review,10.20960/nh.06378,https://pubmed.ncbi.nlm.nih.gov/42023849/,retain,true,abstract_only,ABSTRACT_SENTENCE_8,"Conclusion: combined immunonutrient administration may improve postoperative complications, especially wound infections, although results regarding hospital stay are inconsistent.",,"Introduction: surgery in patients with colorectal cancer often leads to complications, affecting recovery, prolonging hospital stay, and impacting quality of life. | Immunonutrition plays an important role by modulating the immune system and may contribute to the reduction of these complications. | Objective: to assess the effect of immunonutrient supplementation on complications in surgical patients with colorectal cancer.","Conclusion: combined immunonutrient administration may improve postoperative complications, especially wound infections, although results regarding hospital stay are inconsistent.","Introduction: surgery in patients with colorectal cancer often leads to complications, affecting recovery, prolonging hospital stay, and impacting quality of life. | Objective: to assess the effect of immunonutrient supplementation on complications in surgical patients with colorectal cancer. | A total of 20 clinical trials and two observational studies published between 2000 and 2025 were selected, analyzing postoperative complications, physical or nutritional status, immune response, and length of hospital stay.",17,research/searches_v4/HRS1_PERIOPERATIVE/pubmed/20260728T014125Z/efetch_00058.xml,07aa3feca60545d0cf5285ced833e4cf95f69adaac9cd57485e792b69f828119,,not_observed,ai_screened_regex_confirmed
HRS1_PERIOPERATIVE,pubmed:42144851,pubmed,42144851,Meta Analysis of DHA and EPA Supplementation on Cardiovascular Outcomes and Atrial Fibrillation Risk.,"Cardiovascular diseases (CVD) remain to impose a main global burden of morbidity and mortality despite advances in anticipation and treatment. Omega-3 fatty acids, mainly eicosapentaenoic acid (EPA) and docosahexaenoic acid (DHA), have been extensively studied for potential cardioprotective effects, yet their impact on cardiovascular outcomes remains debated due to heterogeneity in formulation, dose, and patient subgroups. This meta-analysis evaluated the effects of EPA and DHA supplementation on major adverse cardiovascular events (MACE) and atrial fibrillation (AF), including postoperative AF (POAF), in patients with established CVD. A systematic search of Embase, PubMed/MEDLINE, Scopus, and Web of Science (January 2010-December 2021) identified randomized controlled trials (RCTs) of combined EPA + DHA supplementation in secondary prevention or perioperative settings. Data were synthesized using RevMan v5.3 with a random-effects model, and study quality was assessed via the Cochrane RoB 2 tool. From 3682 records, 25 RCTs (n = 25 578 patients) were included. Pooled analysis showed no significant reduction in MACE (effect estimate 0.042 ± 0.0499, Z = 0.850, 95% CI [-0.055, 0.140], p = 0.396; low heterogeneity) or AF/POAF incidence (trend toward reduction: -0.198 ± 0.1498, Z = -1.319, 95% CI [-0.491, 0.096], p = 0.187; modest heterogeneity). Neutral findings likely reflect moderate-dose combined EPA + DHA use, limited subgroup reporting on metabolic comorbidities (e.g., diabetes, hypertriglyceridemia) or concomitant therapies (e.g., statins), and high background guideline-directed medical therapy reducing residual risk. Although omega-3 fatty acids exert anti-inflammatory, antithrombotic, and lipid-modulating effects, this analysis indicates no broad benefit in reducing MACE or AF risk with combined moderate-dose EPA + DHA in heterogeneous post-event populations. Recent evidence highlights more MACE reductions with high-dose purified EPA monotherapy in high-metabolic-risk subgroups, balanced against dose-dependent AF increases at high doses (> 1.5 g/day). Future large-scale RCTs should prioritize biomarker-verified compliance, metabolic/concomitant therapy stratification, and formulation-specific comparisons to define targeted therapeutic roles. Trial Registration: This study has been registered in PROSPERO, and the registration code is 642795.",Shayan SK; Abbood RS; Al-Taie SF; Nataj PG; Khamdamjonovna MM; Aminnezhad S; Boushehri YG; Sindorovich JJ; Sinehsepehr A; Zare F; Pakmehr SA; Abdollahi E; Vahedinezhad M,2026,Pharmacology research & perspectives,Journal Article|Meta-Analysis|Review,10.1002/prp2.70265,https://pubmed.ncbi.nlm.nih.gov/42144851/,retain,true,abstract_only,ABSTRACT_SENTENCE_3,"This meta-analysis evaluated the effects of EPA and DHA supplementation on major adverse cardiovascular events (MACE) and atrial fibrillation (AF), including postoperative AF (POAF), in patients with established CVD.",1.5 g/d,"Cardiovascular diseases (CVD) remain to impose a main global burden of morbidity and mortality despite advances in anticipation and treatment. | This meta-analysis evaluated the effects of EPA and DHA supplementation on major adverse cardiovascular events (MACE) and atrial fibrillation (AF), including postoperative AF (POAF), in patients with established CVD.","This meta-analysis evaluated the effects of EPA and DHA supplementation on major adverse cardiovascular events (MACE) and atrial fibrillation (AF), including postoperative AF (POAF), in patients with established CVD.","This meta-analysis evaluated the effects of EPA and DHA supplementation on major adverse cardiovascular events (MACE) and atrial fibrillation (AF), including postoperative AF (POAF), in patients with established CVD. | A systematic search of Embase, PubMed/MEDLINE, Scopus, and Web of Science (January 2010-December 2021) identified randomized controlled trials (RCTs) of combined EPA + DHA supplementation in secondary prevention or perioperative settings.",17,research/searches_v4/HRS1_PERIOPERATIVE/pubmed/20260728T014125Z/efetch_00059.xml,fc466e4faa31810354bab50b169747d8f5b8ea2756ff7b43ecaf911df1a1ef1d,,not_observed,ai_screened_regex_confirmed
HRS2_KIDNEY_DISEASE,pubmed:34392411,pubmed,34392411,Randomized trial of two maintenance doses of vitamin D in children with chronic kidney disease.,"BACKGROUND: Correction of nutritional vitamin deficiency is recommended in children with chronic kidney disease (CKD). The optimal daily dose of vitamin D to achieve or maintain vitamin D sufficiency is unknown.
METHODS: We conducted a phase III, double-blind, randomized trial of two doses of vitamin D3 in children ≥ 9 years of age with CKD stages 3-5 or kidney transplant recipients. Patients were randomized to 1000 IU or 4000 IU of daily vitamin D3 orally. We measured 25-hydroxvitamin D (25(OH)D) levels at baseline, 3 months and 6 months. The primary efficacy outcome was the percentage of patients who were vitamin D replete (25(OH)D ≥ 30 ng/mL) at 6 months.
RESULTS: Ninety-eight patients were enrolled: 49 randomized into each group. Eighty (81.6%) patients completed the study and were analyzed. Baseline plasma 25(OH)D levels were ≥ 30 ng/mL in 12 (35.3%) and 12 (27.3%) patients in the 1000 IU and 4000 IU treatment groups, respectively. At 6 months, plasma 25(OH)D levels were ≥ 30 ng/mL in 33.3% (95% CI: 18.0-51.8%) and 74.4% (95% CI: 58.8-86.5%) in the 1000 IU and 4000 IU treatment groups, respectively (p = 0.0008). None of the patients developed vitamin D toxicity or hypercalcemia.
CONCLUSIONS: In children with CKD, 1000 IU of daily vitamin D3 is unlikely to achieve or maintain a plasma 25(OH)D ≥ 30 ng/mL. In children with CKD stages 3-5, a dose of vitamin D3 4000 IU daily was effective in achieving or maintaining vitamin D sufficiency.
CLINICAL TRIAL REGISTRATION: ClinicalTrials.gov identifier: NCT01909115.",Nadeem S; Tangpricha V; Ziegler TR; Rhodes JE; Leong T; Xiang Y; Greenbaum LA,2022,"Pediatric nephrology (Berlin, Germany)","Clinical Trial, Phase III|Journal Article|Randomized Controlled Trial|Research Support, Non-U.S. Gov't",10.1007/s00467-021-05228-z,https://pubmed.ncbi.nlm.nih.gov/34392411/,retain,true,abstract_only,ABSTRACT_SENTENCE_11,None of the patients developed vitamin D toxicity or hypercalcemia.,1000 IU | 4000 IU,None of the patients developed vitamin D toxicity or hypercalcemia.,None of the patients developed vitamin D toxicity or hypercalcemia.,"BACKGROUND: Correction of nutritional vitamin deficiency is recommended in children with chronic kidney disease (CKD). | METHODS: We conducted a phase III, double-blind, randomized trial of two doses of vitamin D3 in children ≥ 9 years of age with CKD stages 3-5 or kidney transplant recipients. | CONCLUSIONS: In children with CKD, 1000 IU of daily vitamin D3 is unlikely to achieve or maintain a plasma 25(OH)D ≥ 30 ng/mL.",19,research/searches_v4/HRS2_KIDNEY_DISEASE/pubmed/20260728T014125Z/efetch_00001.xml,7540b393742ca8246ce64bf20d9a6137c43ee94d7b33ae88b0418845c73a7367,,not_observed,ai_screened_regex_confirmed
HRS2_KIDNEY_DISEASE,pubmed:37696667,pubmed,37696667,Efficacy and Safety of Upacicalcet in Hemodialysis Patients with Secondary Hyperparathyroidism: A Randomized Placebo-Controlled Trial.,"BACKGROUND: Secondary hyperparathyroidism is a major complication of patients undergoing hemodialysis (HD). Upacicalcet, a new injectable calcimimetic, acts on calcium-sensing receptors to suppress parathyroid hormone (PTH) secretion. We examined the efficacy and safety of upacicalcet in patients with secondary hyperparathyroidism receiving HD.
METHODS: In this phase 3, double-blind, placebo-controlled study, we randomized Japanese patients undergoing HD with serum intact PTH (iPTH) concentrations >240 pg/ml and corrected calcium concentrations ≥8.4 mg/dl. Either upacicalcet or placebo was administered after each HD session for 24 weeks. The primary outcome was the percentage of participants achieving the target mean serum iPTH concentration (60-240 pg/ml) at weeks 22-24.
RESULTS: A total of 103 participants received upacicalcet, and 50 participants received the placebo. The percentage of participants achieving mean serum iPTH concentrations of 60-240 pg/ml during the evaluation period was 67% (69/103) in the upacicalcet group and 8% (4/50) in the placebo group. The difference between the two groups was 59% (95% confidence interval, 48% to 71%). Upacicalcet also decreased serum fibroblast growth factor-23, bone-specific alkaline phosphatase, total type 1 procollagen-N-propeptide, and tartrate-resistant acid phosphatase-5b concentrations. Adverse events were reported in 85% (88/103) and 72% (36/50) participants in the upacicalcet and placebo groups, respectively. The incidence of upper gastrointestinal adverse events, such as nausea and vomiting, was similar between the two groups. Serum corrected calcium concentrations <7.5 mg/dl were observed in 2% of participants in the upacicalcet group and no participants in the placebo group.
CONCLUSIONS: Upacicalcet, a novel injectable calcimimetic, is effective and safe for secondary hyperparathyroidism patients receiving HD.
CLINICAL TRIAL REGISTRY NAME AND REGISTRATION NUMBER: Phase 3 Study of SK-1403, NCT03801980 .",Shigematsu T; Koiwa F; Isaka Y; Fukagawa M; Hagita K; Watanabe YS; Honda D; Akizawa T,2023,Clinical journal of the American Society of Nephrology : CJASN,"Randomized Controlled Trial|Clinical Trial, Phase III|Journal Article|Research Support, Non-U.S. Gov't",10.2215/CJN.0000000000000253,https://pubmed.ncbi.nlm.nih.gov/37696667/,retain,true,abstract_only,ABSTRACT_SENTENCE_11,"Adverse events were reported in 85% (88/103) and 72% (36/50) participants in the upacicalcet and placebo groups, respectively.",8.4 mg/d | 7.5 mg/d,"Adverse events were reported in 85% (88/103) and 72% (36/50) participants in the upacicalcet and placebo groups, respectively. | The incidence of upper gastrointestinal adverse events, such as nausea and vomiting, was similar between the two groups.","Adverse events were reported in 85% (88/103) and 72% (36/50) participants in the upacicalcet and placebo groups, respectively.",BACKGROUND: Secondary hyperparathyroidism is a major complication of patients undergoing hemodialysis (HD).,19,research/searches_v4/HRS2_KIDNEY_DISEASE/pubmed/20260728T014125Z/efetch_00009.xml,9c54c06265bc8e3962aafce2868796021dc4f66b5545ee3440171a2e4d4c5519,,not_observed,ai_screened_regex_confirmed
HRS2_KIDNEY_DISEASE,pubmed:39680321,pubmed,39680321,Effect of vitamin K1 supplementation on coronary calcifications in hemodialysis patients: a randomized controlled trial.,"BACKGROUND: Chronic kidney disease (CKD) is associated with several adverse cardiovascular outcomes, including coronary heart disease, heart failure, and arrhythmias. The severity of arterial calcifications predicts the risk of coronary heart disease and increases the risk of premature cardiovascular death. In experimental models, vitamin K1 supplementation appears to reduce coronary artery calcifications.
METHODS: In this single-center clinical trial (NCT04247087 on 07/09/2019), we randomized 60 Mexican patients on chronic hemodialysis and a coronary calcification score > 10 Agatston units to receive 10 mg intravenous vitamin K1 or placebo at the end of the hemodialysis session thrice weekly for 12 months. The primary outcome was the progression of coronary artery calcifications as assessed by the absolute change in Agatston and coronary calcium volume scores.
RESULTS: The baseline coronary calcium score was 112.50 (14-2027) Agatston units in the vitamin K1 group and 177 (10-2843); Agatston units in the placebo group (p = 0.71), and after 12 months, the coronary calcium score in the vitamin K1 group was 78.50 (10-1915) Agatston units in the vitamin K1 group versus 344 (10-3323); Agatston units (p = 0.05) in the placebo group. Progression of coronary calcification was 20.8% in the vitamin K1 group versus 44% in the placebo group, with a relative risk (RR) of 0.45 (CI 95% 0.18-1.15).
CONCLUSIONS: In the Mexican hemodialysis cohort enrolled in this study intravenous vitamin K1 supplementation reduced the progression of coronary artery calcifications by 55% compared with placebo over a 12-month follow-up period.",Macias-Cervantes HE; Ocampo-Apolonio MA; Guardado-Mendoza R; Baron-Manzo M; Pereyra-Nobara TA; Hinojosa-Gutiérrez LR; Escalante-Gutiérrez SE; Castillo-Velázquez MA; Aguilar-Guerrero R,2025,Journal of nephrology,Journal Article|Randomized Controlled Trial,10.1007/s40620-024-02154-9,https://pubmed.ncbi.nlm.nih.gov/39680321/,retain,true,abstract_only,ABSTRACT_SENTENCE_1,"BACKGROUND: Chronic kidney disease (CKD) is associated with several adverse cardiovascular outcomes, including coronary heart disease, heart failure, and arrhythmias.",10 mg,"BACKGROUND: Chronic kidney disease (CKD) is associated with several adverse cardiovascular outcomes, including coronary heart disease, heart failure, and arrhythmias. | The severity of arterial calcifications predicts the risk of coronary heart disease and increases the risk of premature cardiovascular death.","BACKGROUND: Chronic kidney disease (CKD) is associated with several adverse cardiovascular outcomes, including coronary heart disease, heart failure, and arrhythmias.","BACKGROUND: Chronic kidney disease (CKD) is associated with several adverse cardiovascular outcomes, including coronary heart disease, heart failure, and arrhythmias. | METHODS: In this single-center clinical trial (NCT04247087 on 07/09/2019), we randomized 60 Mexican patients on chronic hemodialysis and a coronary calcification score > 10 Agatston units to receive 10 mg intravenous vitamin K1 or placebo at the end of the hemodialysis session thrice weekly for 12 months. | CONCLUSIONS: In the Mexican hemodialysis cohort enrolled in this study intravenous vitamin K1 supplementation reduced the progression of coronary artery calcifications by 55% compared with placebo over a 12-month follow-up period.",19,research/searches_v4/HRS2_KIDNEY_DISEASE/pubmed/20260728T014125Z/efetch_00015.xml,cb3ff58323621a8048bafef0282b54fc2233d48fa95588ccd316eb1557c4fef6,,not_observed,ai_screened_regex_confirmed
HRS2_KIDNEY_DISEASE,pubmed:37063062,pubmed,37063062,Efficacy and safety of calcium polystyrene sulfonate in patients with hyperkalemia and stage 3-5 non-dialysis chronic kidney disease: a single-center randomized controlled trial.,"OBJECTIVE: To observe the clinical efficacy and safety of the short-term administration of different doses of calcium polystyrene sulfonate in the treatment of hyperkalemia in patients with stage 3-5 non-dialysis chronic kidney disease.
METHODS: A prospective, open, randomized, controlled, single-center clinical observation was conducted. In total, 107 patients were randomly assigned to receive calcium polystyrene sulfonate at 15 (group A) or 30 mg/day (group B) for 1 week. Patients were assessed on days 0, 3, and 7.
RESULTS: After 3 days of treatment, the serum potassium levels in groups A and B had decreased by 0.68 ± 0.46 and 0.75 ± 0.43 mmol/L, respectively. After 7 days, the serum potassium levels in groups A and B had decreased by 0.64 ± 0.37 and 0.94 ± 0.49 mmol/L, respectively. Conversely, serum sodium, phosphorus, and calcium levels did not significantly change during the treatment period. Constipation was the most common adverse drug reaction, and no treatment-related serious adverse events were observed.
CONCLUSION: Calcium polystyrene sulfonate administered at a dose of 15 or 30 g/day can rapidly reduce potassium levels in patients with stage 3-5 non-dialysis chronic kidney disease without adverse effects on sodium, phosphorus, or calcium levels.",Wang X; Chen D; Song X; Wang J; Zhang H,2023,The Journal of international medical research,Randomized Controlled Trial|Journal Article,10.1177/03000605231167516,https://pubmed.ncbi.nlm.nih.gov/37063062/,retain,true,abstract_only,ABSTRACT_SENTENCE_9,"CONCLUSION: Calcium polystyrene sulfonate administered at a dose of 15 or 30 g/day can rapidly reduce potassium levels in patients with stage 3-5 non-dialysis chronic kidney disease without adverse effects on sodium, phosphorus, or calcium levels.",30 mg/d | 0.43 mmol | 0.49 mmol | 30 g/d,"OBJECTIVE: To observe the clinical efficacy and safety of the short-term administration of different doses of calcium polystyrene sulfonate in the treatment of hyperkalemia in patients with stage 3-5 non-dialysis chronic kidney disease. | Constipation was the most common adverse drug reaction, and no treatment-related serious adverse events were observed. | CONCLUSION: Calcium polystyrene sulfonate administered at a dose of 15 or 30 g/day can rapidly reduce potassium levels in patients with stage 3-5 non-dialysis chronic kidney disease without adverse effects on sodium, phosphorus, or calcium levels.","CONCLUSION: Calcium polystyrene sulfonate administered at a dose of 15 or 30 g/day can rapidly reduce potassium levels in patients with stage 3-5 non-dialysis chronic kidney disease without adverse effects on sodium, phosphorus, or calcium levels.","OBJECTIVE: To observe the clinical efficacy and safety of the short-term administration of different doses of calcium polystyrene sulfonate in the treatment of hyperkalemia in patients with stage 3-5 non-dialysis chronic kidney disease. | CONCLUSION: Calcium polystyrene sulfonate administered at a dose of 15 or 30 g/day can rapidly reduce potassium levels in patients with stage 3-5 non-dialysis chronic kidney disease without adverse effects on sodium, phosphorus, or calcium levels.",18,research/searches_v4/HRS2_KIDNEY_DISEASE/pubmed/20260728T014125Z/efetch_00008.xml,ea77b2c1d405fd20f567696d7c7bc9ff2455ba9e6c98bdd8ff185b87e5264663,,not_observed,ai_screened_regex_confirmed
HRS2_KIDNEY_DISEASE,pubmed:38810556,pubmed,38810556,"Add-on astragalus in type 2 diabetes and chronic kidney disease: A multi-center, assessor-blind, randomized controlled trial.","BACKGROUND: Diabetes leads to chronic kidney disease (CKD) and kidney failure, requiring dialysis or transplantation. Astragalus, a common herbal medicine and US pharmacopeia-registered food ingredient, is shown kidney protective by retrospective and preclinical data but with limited long-term prospective clinical evidence. This trial aimed to assess the effectiveness of astragalus on kidney function decline in macroalbuminuric diabetic CKD patients.
METHODS: This randomized, assessor-blind, standard care-controlled, multi-center clinical trial randomly assigned 118 patients with estimated glomerular filtration rate (eGFR) of 30-90 ml/min/1.73m2 and urinary albumin-to-creatinine ratio (UACR) of 300-5000 mg/g from 7 public outpatient clinics and the community in Hong Kong between July 2018 and April 2022 to add-on oral astragalus granules (15 gs of raw herbs daily equivalent) or to continue standard care alone as control for 48 weeks. Primary outcomes were the slope of change of eGFR (used for sample size calculation) and UACR of the intention-to-treat population. Secondary outcomes included endpoint blood pressures, biochemistry, biomarkers, concomitant drug change and adverse events. (ClinicalTrials.gov: NCT03535935) RESULTS: During the 48-week period, the estimated difference in the slope of eGFR decline was 4.6 ml/min/1.73m2 per year (95 %CI: 1.5 to 7.6, p = 0.003) slower with astragalus. For UACR, the estimated inter-group proportional difference in the slope of change was insignificant (1.14, 95 %CI: 0.85 to 1.52, p = 0.392). 117 adverse events from 31 astragalus-treated patients and 41 standard care-controlled patients were documented. The 48-week endpoint systolic blood pressure was 7.9 mmHg lower (95 %CI: -12.9 to -2.8, p = 0.003) in the astragalus-treated patients. 113 (96 %) and 107 (91 %) patients had post-randomization and endpoint primary outcome measures, respectively.
CONCLUSION: In patients with type 2 diabetes, stage 2 to 3 CKD and macroalbuminuria, add-on astragalus for 48 weeks further stabilized kidney function on top of standard care.",Chan KW; Kwong ASK; Tsui PN; Chan GCW; Choi WF; Yiu WH; Cheung SCY; Wong MMY; Zhang ZJ; Tan KCB; Lao L; Lai KN; Tang SCW; READY and SCHEMATIC research group,2024,Phytomedicine : international journal of phytotherapy and phytopharmacology,Journal Article|Randomized Controlled Trial|Multicenter Study,10.1016/j.phymed.2024.155457,https://pubmed.ncbi.nlm.nih.gov/38810556/,retain,true,abstract_only,ABSTRACT_SENTENCE_6,"Secondary outcomes included endpoint blood pressures, biochemistry, biomarkers, concomitant drug change and adverse events. (ClinicalTrials.gov: NCT03535935) RESULTS: During the 48-week period, the estimated difference in the slope of eGFR decline was 4.6 ml/min/1.73m2 per year (95 %CI: 1.5 to 7.6, p = 0.003) slower with astragalus.",30-90 ml | 300-5000 mg | 4.6 ml | 95 %,"Secondary outcomes included endpoint blood pressures, biochemistry, biomarkers, concomitant drug change and adverse events. (ClinicalTrials.gov: NCT03535935) RESULTS: During the 48-week period, the estimated difference in the slope of eGFR decline was 4.6 ml/min/1.73m2 per year (95 %CI: 1.5 to 7.6, p = 0.003) slower with astragalus. | 117 adverse events from 31 astragalus-treated patients and 41 standard care-controlled patients were documented.","Secondary outcomes included endpoint blood pressures, biochemistry, biomarkers, concomitant drug change and adverse events. (ClinicalTrials.gov: NCT03535935) RESULTS: During the 48-week period, the estimated difference in the slope of eGFR decline was 4.6 ml/min/1.73m2 per year (95 %CI: 1.5 to 7.6, p = 0.003) slower with astragalus.","BACKGROUND: Diabetes leads to chronic kidney disease (CKD) and kidney failure, requiring dialysis or transplantation. | Astragalus, a common herbal medicine and US pharmacopeia-registered food ingredient, is shown kidney protective by retrospective and preclinical data but with limited long-term prospective clinical evidence. | This trial aimed to assess the effectiveness of astragalus on kidney function decline in macroalbuminuric diabetic CKD patients.",18,research/searches_v4/HRS2_KIDNEY_DISEASE/pubmed/20260728T014125Z/efetch_00013.xml,efa193ae08301cf2c2f1917d6c8dbd9f0b178c45be39747ea877b92f1f0f038f,,not_observed,ai_screened_regex_confirmed
HRS2_KIDNEY_DISEASE,pubmed:38952053,pubmed,38952053,Dietary magnesium supplementation in cats with chronic kidney disease: A prospective double-blind randomized controlled trial.,"BACKGROUND: Plasma total magnesium concentration (tMg) is a prognostic indicator in cats with chronic kidney disease (CKD), shorter survival time being associated with hypomagnesemia. Whether this risk factor is modifiable with dietary magnesium supplementation remains unexplored.
OBJECTIVES: Evaluate effects of a magnesium-enriched phosphate-restricted diet (PRD) on CKD-mineral bone disorder (CKD-MBD) variables.
ANIMALS: Sixty euthyroid client-owned cats with azotemic CKD, with 27 and 33 allocated to magnesium-enriched PRD or control PRD, respectively.
METHODS: Prospective double-blind, parallel-group randomized trial. Cats with CKD, stabilized on a PRD, without hypermagnesemia (tMg >2.43 mg/dL) or hypercalcemia (plasma ionized calcium concentration, (iCa) >6 mg/dL), were recruited. Both intention-to-treat and per-protocol (eating ≥50% of study diet) analyses were performed; effects of dietary magnesium supplementation on clinicopathological variables were evaluated using linear mixed effects models.
RESULTS: In the per-protocol analysis, tMg increased in cats consuming a magnesium-enriched PRD (β, 0.25 ± .07 mg/dL/month; P < .001). Five magnesium supplemented cats had tMg >2.92 mg/dL, but none experienced adverse effects. Rate of change in iCa differed between groups (P = .01), with decreasing and increasing trends observed in cats fed magnesium-enriched PRD and control PRD, respectively. Four control cats developed ionized hypercalcemia versus none in the magnesium supplemented group. Log-transformed plasma fibroblast growth factor-23 concentration (FGF23) increased significantly in controls (β, 0.14 ± .05 pg/mL/month; P = .01), but remained stable in the magnesium supplemented group (β, 0.05±.06 pg/mL/month; P =.37).
CONCLUSIONS AND CLINICAL IMPORTANCE: Magnesium-enriched PRD is a novel therapeutic strategy for managing feline CKD-MBD in cats, further stabilizing plasma FGF23 and preventing hypercalcemia.",Tang PK; van den Broek DHN; Jepson RE; Geddes RF; Chang YM; Lötter N; Moniot D; Biourge V; Elliott J,2024,Journal of veterinary internal medicine,"Journal Article|Randomized Controlled Trial, Veterinary",10.1111/jvim.17134,https://pubmed.ncbi.nlm.nih.gov/38952053/,retain,true,abstract_only,ABSTRACT_SENTENCE_9,"Five magnesium supplemented cats had tMg >2.92 mg/dL, but none experienced adverse effects.",2.43 mg/d | 6 mg/d | 07 mg/d | 2.92 mg/d,"Cats with CKD, stabilized on a PRD, without hypermagnesemia (tMg >2.43 mg/dL) or hypercalcemia (plasma ionized calcium concentration, (iCa) >6 mg/dL), were recruited. | Five magnesium supplemented cats had tMg >2.92 mg/dL, but none experienced adverse effects. | Four control cats developed ionized hypercalcemia versus none in the magnesium supplemented group.","Five magnesium supplemented cats had tMg >2.92 mg/dL, but none experienced adverse effects.","BACKGROUND: Plasma total magnesium concentration (tMg) is a prognostic indicator in cats with chronic kidney disease (CKD), shorter survival time being associated with hypomagnesemia. | OBJECTIVES: Evaluate effects of a magnesium-enriched phosphate-restricted diet (PRD) on CKD-mineral bone disorder (CKD-MBD) variables. | ANIMALS: Sixty euthyroid client-owned cats with azotemic CKD, with 27 and 33 allocated to magnesium-enriched PRD or control PRD, respectively.",18,research/searches_v4/HRS2_KIDNEY_DISEASE/pubmed/20260728T014125Z/efetch_00013.xml,efa193ae08301cf2c2f1917d6c8dbd9f0b178c45be39747ea877b92f1f0f038f,,not_observed,ai_screened_regex_confirmed
HRS2_KIDNEY_DISEASE,pubmed:41933167,pubmed,41933167,Effect of active vitamin D supplementation on muscle mass and function in peritoneal dialysis patients with sarcopenia: a randomized controlled trial.,"The data regarding the influence of active vitamin D supplementation on muscle mass and function in end-stage renal disease (ESRD) patients have been inconclusive. Our study aimed to determine the effectiveness of vitamin D supplementation on the alterations in muscle mass and function in peritoneal dialysis (PD) patients with sarcopenia. This single-center, randomized, open-label, parallel-controlled clinical trial was conducted at the Ningbo No.2 Hospital, which serves as a tertiary care center in the Ningbo region of Zhejiang Province, China. ESRD patients with sarcopenia and vitamin D insufficiency or deficiency (serum 25(OH)D levels < 30 ng/mL) who were undergoing PD were recruited for the study. Participants were randomly allocated in a 1:1 ratio to either the intervention group (n = 25) or the control group (n = 25). Participants within the intervention group were prescribed alfacalcidol soft capsules at a daily dosage of 0.5 µg. By contrast, participants assigned to the control group were explicitly prohibited from using alfacalcidol or any other pharmaceutical formulations that contained active vitamin D components. The primary endpoint was the improvement in skeletal muscle mass or function (a composite endpoint) from the baseline assessment to Week 48. Primary efficacy analyses were based on the intention-to-treat (ITT) population who completed randomization. Sensitivity analyses of the per-protocol (PP) population and the population adjusted for potential confounders were performed. Safety and tolerability were monitored. This trial was registered at the Chinese Clinical Trial Registry, ChiCTR2400084107. Participants had a good adherence to treatment. During the 48-week outpatient follow-up, 30.0% (15/50) of participants achieved improvement in muscle mass or function. Specifically, 48.0% (12/25) of participants in the alfacalcidol group and 12.0% (3/25) in the control group achieved improvement in muscle mass or function, yielding an absolute difference of 36.0% (95% CI 12.6% – 59.4%; P = 0.005), with a relative risk (RR) of 1.69 (95% CI 1.13–2.53). For the PP population, the results showed an absolute difference of 38.6% (95% CI 13.7% – 63.5%; P = 0.006), with a RR of 1.81 (95% CI 1.14–2.86), between the two groups. For the population adjusted for baseline age and serum 25(OH)D in the multivariate model, vitamin D supplementation was still significantly correlated with the improvement in muscle mass and function (odds ratio (OR) 11.89, 95% CI 1.92–73.5; P = 0.008). The incidence of adverse events did not differ between the two groups, and the daily administration of 0.5 µg of alfacalcidol was well-tolerated. These results indicate that the administration of active vitamin D has the potential to improve muscle mass and function in ESRD patients with sarcopenia and vitamin D insufficiency or deficiency who were undergoing PD. Nevertheless, due to the risk of biases stemming from study limitations, these findings should be interpreted as exploratory, and the generalizability (external validity) of the results warrants further investigation.Registration and Protocol Availability: The trial has been registered with the Chinese Clinical Trial Registry ( http://www.chictr.org.cn ) under registration number ChiCTR2400084107, and the registration date is May 10, 2024. The detailed protocol can be accessed directly from the website.",Wang L; Zhu B; Xue C; Zhou F; Luo Q,2026,Scientific reports,Journal Article|Randomized Controlled Trial,10.1038/s41598-026-47141-1,https://pubmed.ncbi.nlm.nih.gov/41933167/,retain,true,abstract_only,ABSTRACT_SENTENCE_18,"The incidence of adverse events did not differ between the two groups, and the daily administration of 0.5 µg of alfacalcidol was well-tolerated.",0.5 µg,"This single-center, randomized, open-label, parallel-controlled clinical trial was conducted at the Ningbo No.2 Hospital, which serves as a tertiary care center in the Ningbo region of Zhejiang Province, China. | The incidence of adverse events did not differ between the two groups, and the daily administration of 0.5 µg of alfacalcidol was well-tolerated.","The incidence of adverse events did not differ between the two groups, and the daily administration of 0.5 µg of alfacalcidol was well-tolerated.",The data regarding the influence of active vitamin D supplementation on muscle mass and function in end-stage renal disease (ESRD) patients have been inconclusive. | Our study aimed to determine the effectiveness of vitamin D supplementation on the alterations in muscle mass and function in peritoneal dialysis (PD) patients with sarcopenia. | ESRD patients with sarcopenia and vitamin D insufficiency or deficiency (serum 25(OH)D levels < 30 ng/mL) who were undergoing PD were recruited for the study.,18,research/searches_v4/HRS2_KIDNEY_DISEASE/pubmed/20260728T014125Z/efetch_00022.xml,a959e57f068de111dc7e24e7e80477a1414d9a95ac89682a59bc007ad82c78f5,,not_observed,ai_screened_regex_confirmed
HRS2_KIDNEY_DISEASE,pubmed:38334322,pubmed,38334322,Meta-analysis of traditional Chinese medicine on chronic kidney disease.,"OBJECTIVE: To explore the effect of traditional Chinese medicine (TCM) on the treatment of chronic kidney disease (CKD).
METHODS: Databases were used for literature research until 16 December 2022, including PubMed, Cochrane Library, China National Knowledge Infrastructure (CNKI), and Embase. After full-text screening, data were extracted by two researchers independently. The Cochrane ROB tool was applied for quality assessment. The heterogeneity was tested using the Chi-squared-based Q statistic test and the I2 statistic.
RESULTS: The findings revealed that the use of TCM significantly improved the total effective rate (pooled odds ratio (OR) = 1.35, 95% confidence interval (CI) = [1.15, 1.57]), reduced the serum creatinine (SCr) level (pooled mean difference (MD) = -0.11, 95% CI = [-0.20, -0.03]), and increased the estimated glomerular filtration rate (eGFR, pooled MD = 3.76, 95% CI = [2.66, 4.87]) in patients with CKD, compared with non-TCM treatment. Meanwhile, TCM performed better effect on 24-h proteinuria (pooled MD = 0.17, 95% CI = [0.04, 0.31]) than non-TCM. No significant difference in the incidence of adverse events was found between TCM and non-TCM treatment (pooled OR = 0.63, 95% CI = [0.32, 1.24]). Sensitivity analysis demonstrated the stability of the pooled estimates.
CONCLUSION: TCM has the advantage over non-TCM treatment and is worth popularizing and applying in the prevention and cure of CKD.
PROSPERO REGISTRATION NUMBER: CRD42021279281.",Wang XY; Zhao SH; Wang AN; Zou D,2024,Expert review of pharmacoeconomics & outcomes research,Journal Article|Meta-Analysis|Comparative Study|Systematic Review,10.1080/14737167.2024.2306805,https://pubmed.ncbi.nlm.nih.gov/38334322/,retain,true,abstract_only,ABSTRACT_SENTENCE_8,"No significant difference in the incidence of adverse events was found between TCM and non-TCM treatment (pooled OR = 0.63, 95% CI = [0.32, 1.24]).",,"No significant difference in the incidence of adverse events was found between TCM and non-TCM treatment (pooled OR = 0.63, 95% CI = [0.32, 1.24]).","No significant difference in the incidence of adverse events was found between TCM and non-TCM treatment (pooled OR = 0.63, 95% CI = [0.32, 1.24]).","OBJECTIVE: To explore the effect of traditional Chinese medicine (TCM) on the treatment of chronic kidney disease (CKD). | RESULTS: The findings revealed that the use of TCM significantly improved the total effective rate (pooled odds ratio (OR) = 1.35, 95% confidence interval (CI) = [1.15, 1.57]), reduced the serum creatinine (SCr) level (pooled mean difference (MD) = -0.11, 95% CI = [-0.20, -0.03]), and increased the estimated glomerular filtration rate (eGFR, pooled MD = 3.76, 95% CI = [2.66, 4.87]) in patients with CKD, compared with non-TCM treatment. | CONCLUSION: TCM has the advantage over non-TCM treatment and is worth popularizing and applying in the prevention and cure of CKD.",17,research/searches_v4/HRS2_KIDNEY_DISEASE/pubmed/20260728T014125Z/efetch_00011.xml,1dceb7a9d190e05dea84ee276f63fe6fac5f6990b47f75bc2db8253628060c28,,not_observed,ai_screened_regex_confirmed
HRS2_KIDNEY_DISEASE,pubmed:40332575,pubmed,40332575,Updated Meta-Analysis on Vitamin Supplementation for Chronic Pruritus: Expanding Evidence Beyond Vitamin D.,"Chronic pruritus is a distressing condition associated with various dermatological and systemic diseases, significantly impairing patients' quality of life. While conventional treatments such as antihistamines and corticosteroids offer relief, their efficacy varies, and long-term use may lead to adverse effects. Emerging evidence suggests that certain vitamins, including vitamin D, vitamin E, vitamin B12, and niacinamide (B3), may play a role in alleviating pruritus through their anti-inflammatory, immune-regulatory, and skin barrier-enhancing properties. However, the effectiveness of these vitamins in managing chronic pruritus remains unclear. This meta-analysis aims to update and expand the evaluation of vitamin supplementation in reducing pruritus severity across different underlying conditions, extending the scope beyond vitamin D to include vitamins B and E. A comprehensive search was performed across PubMed, Embase, Web of Science, and Cochrane Library databases up to January 2025 to identify randomized controlled trials (RCTs) evaluating the effects of vitamin supplementation on chronic pruritus. A total of 21 RCTs (n = 1723) were included in the meta-analysis. Compared to placebo, vitamin supplementation demonstrated a significant reduction in pruritus severity (Standardized Mean Difference [SMD]: -0.578, 95% CI: -0.736 to -0.419, p = 0.000; I2 = 53.630, p = 0.003). Subgroup analysis revealed that topical vitamin B12 and vitamin D3 showed the most pronounced antipruritic effects, particularly in patients with atopic dermatitis and chronic kidney disease-associated pruritus. Sensitivity analysis confirmed the robustness of the findings; however, potential publication bias was suggested by Egger's regression test (p = 0.00979), indicating that the overall effect may be influenced by small-study effects or underreporting of negative results. This meta-analysis indicates that vitamin B, D, and E supplementation may serve as effective adjunct therapies for managing chronic pruritus. However, the variability among the included studies highlights the necessity for well-structured, long-term RCTs to determine the ideal dosage, treatment duration, and target patient populations that would derive the greatest benefit from vitamin-based interventions.",Kuo WH; Chang KS; Chang MH; Hsiao Y; Tsai RY,2025,International journal of molecular sciences,Journal Article|Meta-Analysis,10.3390/ijms26083840,https://pubmed.ncbi.nlm.nih.gov/40332575/,retain,true,abstract_only,ABSTRACT_SENTENCE_2,"While conventional treatments such as antihistamines and corticosteroids offer relief, their efficacy varies, and long-term use may lead to adverse effects.",,"While conventional treatments such as antihistamines and corticosteroids offer relief, their efficacy varies, and long-term use may lead to adverse effects.","While conventional treatments such as antihistamines and corticosteroids offer relief, their efficacy varies, and long-term use may lead to adverse effects.","Subgroup analysis revealed that topical vitamin B12 and vitamin D3 showed the most pronounced antipruritic effects, particularly in patients with atopic dermatitis and chronic kidney disease-associated pruritus.",17,research/searches_v4/HRS2_KIDNEY_DISEASE/pubmed/20260728T014125Z/efetch_00017.xml,9907268695b3ca4a81d2de280e8dd3be242f2855a1d4e44cc4bbb6ebc46110f5,,not_observed,ai_screened_regex_confirmed
HRS2_KIDNEY_DISEASE,pubmed:40669844,pubmed,40669844,Adynamic bone disorder in chronic kidney disease: meta-analysis and narrative review of potential biomarkers as diagnosis and therapeutic targets.,"Adynamic bone disorder, common in chronic kidney disease (CKD), results from reduced bone turnover, often due to medications such as calcimimetics or high-dose vitamin D analogs that induce low parathyroid hormone (PTH) levels. Numerous factors contributing to PTH hyporesponsiveness, which also induces low bone turnover, include deficient PTH, uremic toxins like indoxyl sulfate, malnutrition, inflammation, and diabetes. Diagnosis typically involves bone biopsy, although it is inconvenient. Biomarkers like bone-specific alkaline phosphatase (BALP) and intact PTH (iPTH) show promise in distinguishing between low and high bone turnover. Meta-analysis suggests that levels of iPTH below 150 pg/mL or BALP levels below 20 μg/l indicate low bone turnover. Treatments aim to improve bone density without hindering repair, with osteo-anabolic medications being favored for low PTH levels and anti-resorptive agents being cautioned. Romosozumab, while effective, has safety concerns that limit its use. Uremic toxins are reduced by AST-120 treatment, which alleviates PTH hypo-responsiveness and bone toxicity. Adjunctive measures include addressing vitamin D deficiency, and diabetes, and utilizing antioxidant and anti-inflammatory therapies. Overall, BALP and iPTH appear as potential promising biomarkers for diagnosing and monitoring adynamic bone disorder in CKD, effectively guiding therapeutic interventions.",Chao CT; Hou YC; Liao MT; Tsai KW; Hung KC; Shih LJ; Lu KC,2025,Renal failure,Journal Article|Review|Meta-Analysis,10.1080/0886022X.2025.2530162,https://pubmed.ncbi.nlm.nih.gov/40669844/,retain,true,abstract_only,ABSTRACT_SENTENCE_8,"Uremic toxins are reduced by AST-120 treatment, which alleviates PTH hypo-responsiveness and bone toxicity.",20 μg,"Uremic toxins are reduced by AST-120 treatment, which alleviates PTH hypo-responsiveness and bone toxicity.","Uremic toxins are reduced by AST-120 treatment, which alleviates PTH hypo-responsiveness and bone toxicity.","Adynamic bone disorder, common in chronic kidney disease (CKD), results from reduced bone turnover, often due to medications such as calcimimetics or high-dose vitamin D analogs that induce low parathyroid hormone (PTH) levels. | Overall, BALP and iPTH appear as potential promising biomarkers for diagnosing and monitoring adynamic bone disorder in CKD, effectively guiding therapeutic interventions.",17,research/searches_v4/HRS2_KIDNEY_DISEASE/pubmed/20260728T014125Z/efetch_00019.xml,162562b2a156fcb1937c110eca27b34cd7736c4cb3fb80a6260cfa04d2179e87,,not_observed,ai_screened_regex_confirmed
HRS2_KIDNEY_DISEASE,pubmed:41692069,pubmed,41692069,Anti-inflammatory effects and safety of omega-3 fatty acids in haemodialysis: A systematic review and meta-analysis.,"INTRODUCTION: Evidence on the anti-inflammatory effects and safety of omega-3 fatty acid supplementation in haemodialysis (HD) patients remains limited, particularly regarding the influence of eicosapentaenoic acid (EPA) and docosahexaenoic acid (DHA) dose, composition, and source.
METHODS: We searched PubMed (n = 345), CENTRAL (n = 148) and EMBASE (n = 706) to July 2025. Studies were screened using Covidence, risk of bias was assessed using the Cochrane ROB 1 tool, and analyses were conducted in Review Manager 9.5.1. Only trials reporting C-reactive protein (CRP) were included. Pre-planned subgroup analyses examined formulation type, total daily dose, active ingredient dose, and DHA:EPA composition. Random-effects models were used to generate pooled standardised mean differences (SMDs), with heterogeneity assessed using I2. A sensitivity analysis excluded studies at high risk of bias. The protocol is registered on the Open Science Framework (https://doi.org/10.17605/OSF.IO/JCBHN).
RESULTS: Thirteen studies (n = 678) were included (12 in meta-analyses). Two studies were judged high risk of bias, one unclear, and the remainder low risk. Adverse events were poorly reported: eight trials did not report any events, while five described only mild, transient effects (e.g., diarrhoea). Omega-3 fatty acids reduced CRP more than comparators across triglyceride formulations (SMD -0.62, 95 % CI -1.22 to -0.03; P = 0.04, I2 = 74 %); in the <2000 mg/day total dose subgroup (SMD -0.32, 95 % CI -0.61 to -0.04; P = 0.02, I2 = 29 %); and in the <2000 mg/day active ingredient subgroup (SMD -0.36, 95 % CI -0.59 to -0.13; P = 0.003, I2 = 31 %). No statistically significant differences were observed between subgroups. Sensitivity analyses did not materially change the results.
CONCLUSION: A daily dose <2000 mg of omega-3 fatty acids in natural triglyceride form appears more effective than synthetic ethyl ester formulations for lowering CRP in HD patients. Larger, high-quality trials are required to confirm therapeutic benefit, determine optimal dosing, and clarify the ideal EPA:DHA composition for this population.",Blair C; Slee A; McKeaveney C; Maxwell AP; Awan F; Brown M; Davenport A; Fogarty D; Fouque D; Johnston W; Kalantar-Zadeh K; Mullan R; Noble H; Porter S; Seres DS; Shields J; Swaine I; Witham M; Reid J,2026,Clinical nutrition ESPEN,Journal Article|Systematic Review|Meta-Analysis,10.1016/j.clnesp.2026.102957,https://pubmed.ncbi.nlm.nih.gov/41692069/,retain,true,abstract_only,ABSTRACT_SENTENCE_11,"Adverse events were poorly reported: eight trials did not report any events, while five described only mild, transient effects (e.g., diarrhoea).",2000 mg/d | 2000 mg,"Adverse events were poorly reported: eight trials did not report any events, while five described only mild, transient effects (e.g., diarrhoea).","Adverse events were poorly reported: eight trials did not report any events, while five described only mild, transient effects (e.g., diarrhoea).","INTRODUCTION: Evidence on the anti-inflammatory effects and safety of omega-3 fatty acid supplementation in haemodialysis (HD) patients remains limited, particularly regarding the influence of eicosapentaenoic acid (EPA) and docosahexaenoic acid (DHA) dose, composition, and source.",17,research/searches_v4/HRS2_KIDNEY_DISEASE/pubmed/20260728T014125Z/efetch_00022.xml,a959e57f068de111dc7e24e7e80477a1414d9a95ac89682a59bc007ad82c78f5,,not_observed,ai_screened_regex_confirmed
HRS2_KIDNEY_DISEASE,pubmed:41851014,pubmed,41851014,Omega-3 polyunsaturated fatty acid exposure and cardiovascular outcomes in dialysis: a systematic review and meta-analysis.,"BACKGROUND: Patients with dialysis-dependent chronic kidney disease (CKD) have a high cardiovascular burden, prompting interest in fish oils or long-chain omega-3 polyunsaturated fatty acids (n-3 PUFAs) as potential risk-reducing therapies in this population.
METHODS: We conducted a systematic review and meta-analysis of studies in adults receiving dialysis that assessed associations between n-3 PUFA supplementation, baseline levels, or dietary intake and CV outcomes, or all-cause mortality. Hazard ratios (HRs) were pooled using random-effects models.
RESULTS: Twelve studies met inclusion criteria. In hemodialysis-dependent CKD, fish oil supplementation lowered cardiovascular events by 44% (HR 0.56; 95% CI 0.46-0.68) and myocardial infarction by 48% (HR 0.52; 95% CI 0.34-0.78). Higher baseline n-3 PUFA levels were associated with a 31% reduction in all-cause mortality (HR 0.69; 95% CI 0.54-0.88). Higher dietary n-3 PUFA intake showed a non-significant trend toward lower all-cause mortality (HR 0.92; 95% CI 0.79-1.08).
CONCLUSION: In dialysis-dependent CKD, higher n-3 PUFA exposure through fish oil supplementation or higher baseline levels was associated with fewer cardiovascular events and all-cause mortality. Appropriately dosed n-3 PUFA supplementation represents a promising cardiovascular risk reduction strategy in dialysis-dependent CKD, although confirmatory randomized trials are warranted.",Shokravi A; Sharma S; Singh R; Seth J; Mancini GBJ,2026,Future cardiology,Journal Article|Systematic Review|Meta-Analysis|Review,10.1080/14796678.2026.2645005,https://pubmed.ncbi.nlm.nih.gov/41851014/,retain,true,abstract_only,ABSTRACT_SENTENCE_8,"CONCLUSION: In dialysis-dependent CKD, higher n-3 PUFA exposure through fish oil supplementation or higher baseline levels was associated with fewer cardiovascular events and all-cause mortality.",,"BACKGROUND: Patients with dialysis-dependent chronic kidney disease (CKD) have a high cardiovascular burden, prompting interest in fish oils or long-chain omega-3 polyunsaturated fatty acids (n-3 PUFAs) as potential risk-reducing therapies in this population. | METHODS: We conducted a systematic review and meta-analysis of studies in adults receiving dialysis that assessed associations between n-3 PUFA supplementation, baseline levels, or dietary intake and CV outcomes, or all-cause mortality. | In hemodialysis-dependent CKD, fish oil supplementation lowered cardiovascular events by 44% (HR 0.56; 95% CI 0.46-0.68) and myocardial infarction by 48% (HR 0.52; 95% CI 0.34-0.78).","CONCLUSION: In dialysis-dependent CKD, higher n-3 PUFA exposure through fish oil supplementation or higher baseline levels was associated with fewer cardiovascular events and all-cause mortality.","BACKGROUND: Patients with dialysis-dependent chronic kidney disease (CKD) have a high cardiovascular burden, prompting interest in fish oils or long-chain omega-3 polyunsaturated fatty acids (n-3 PUFAs) as potential risk-reducing therapies in this population. | METHODS: We conducted a systematic review and meta-analysis of studies in adults receiving dialysis that assessed associations between n-3 PUFA supplementation, baseline levels, or dietary intake and CV outcomes, or all-cause mortality. | In hemodialysis-dependent CKD, fish oil supplementation lowered cardiovascular events by 44% (HR 0.56; 95% CI 0.46-0.68) and myocardial infarction by 48% (HR 0.52; 95% CI 0.34-0.78).",17,research/searches_v4/HRS2_KIDNEY_DISEASE/pubmed/20260728T014125Z/efetch_00022.xml,a959e57f068de111dc7e24e7e80477a1414d9a95ac89682a59bc007ad82c78f5,,not_observed,ai_screened_regex_confirmed
HRS2_KIDNEY_DISEASE,pubmed:42027563,pubmed,42027563,"Effects of sodium bicarbonate, cholecalciferol, and protein supplementation interventions on muscle mass and metabolic disturbances in patients with chronic kidney disease: a systematic review and network meta-analysis.","BACKGROUND: Patients with chronic kidney disease (CKD) often experience a decline in muscle mass and metabolic disturbances, which may increase the risk of cardiovascular events and all-cause mortality. Sodium bicarbonate, cholecalciferol, and protein supplementation are commonly used pharmacological and nutritional interventions; however, systematic evidence comparing their effects on muscle mass, metabolic status, and related outcomes in CKD patients remains lacking.
METHODS: We systematically searched PubMed, Embase, Web of Science, and the Cochrane Library from inception to July 1, 2025, and included eligible comparative clinical studies. Conventional meta-analysis and network meta-analysis (NMA) were used to compare the three categories of interventions in outcomes such as muscle mass, muscle function, and serum metabolic parameters, and surface under the cumulative ranking curve (SUCRA) values were used to rank intervention effects.
RESULTS: A total of 22 studies involving 2,879 patients were included, comprising 11 on sodium bicarbonate, 5 on cholecalciferol, and 6 on protein supplementation. Conventional meta-analysis indicated that sodium bicarbonate may be more effective in improving HCO₃- and potassium levels in the early stage and may have certain effects on eGFR and systolic blood pressure at 24 months. NMA results showed that cholecalciferol was advantageous in increasing muscle mass (SMD = 0.68, 95% CI = 0.09 to 1.27), sodium bicarbonate performed better in improving serum albumin (SMD = 0.50, 95% CI = 0.01 to 0.99), and protein supplementation ranked highest for reducing serum phosphorus (SUCRA = 64.9%) and the incidence of adverse events (SUCRA = 71.9%). However, no significant differences were observed among the three interventions in muscle mass or serum metabolic parameters.
CONCLUSION: Sodium bicarbonate and cholecalciferol may have potential advantages in improving serum albumin and increasing muscle mass, respectively. While protein supplementation may offer some value in reducing serum phosphorus and the incidence of adverse events. Given the limited number of included studies, small sample sizes, and substantial heterogeneity in intervention protocols, these conclusions should be further validated in future large-scale, rigorously designed randomized controlled trials.
SYSTEMATIC REVIEW REGISTRATION: https://www.crd.york.ac.uk/PROSPERO/view/CRD420251126837, identifier PROSPERO (CRD420251126837).",Leng S; Wu M; Yao J; Jiang X,2026,Frontiers in nutrition,Journal Article|Systematic Review,10.3389/fnut.2026.1698991,https://pubmed.ncbi.nlm.nih.gov/42027563/,retain,true,abstract_only,ABSTRACT_SENTENCE_7,"NMA results showed that cholecalciferol was advantageous in increasing muscle mass (SMD = 0.68, 95% CI = 0.09 to 1.27), sodium bicarbonate performed better in improving serum albumin (SMD = 0.50, 95% CI = 0.01 to 0.99), and protein supplementation ranked highest for reducing serum phosphorus (SUCRA = 64.9%) and the incidence of adverse events (SUCRA = 71.9%).",,"BACKGROUND: Patients with chronic kidney disease (CKD) often experience a decline in muscle mass and metabolic disturbances, which may increase the risk of cardiovascular events and all-cause mortality. | NMA results showed that cholecalciferol was advantageous in increasing muscle mass (SMD = 0.68, 95% CI = 0.09 to 1.27), sodium bicarbonate performed better in improving serum albumin (SMD = 0.50, 95% CI = 0.01 to 0.99), and protein supplementation ranked highest for reducing serum phosphorus (SUCRA = 64.9%) and the incidence of adverse events (SUCRA = 71.9%). | While protein supplementation may offer some value in reducing serum phosphorus and the incidence of adverse events.","NMA results showed that cholecalciferol was advantageous in increasing muscle mass (SMD = 0.68, 95% CI = 0.09 to 1.27), sodium bicarbonate performed better in improving serum albumin (SMD = 0.50, 95% CI = 0.01 to 0.99), and protein supplementation ranked highest for reducing serum phosphorus (SUCRA = 64.9%) and the incidence of adverse events (SUCRA = 71.9%).","BACKGROUND: Patients with chronic kidney disease (CKD) often experience a decline in muscle mass and metabolic disturbances, which may increase the risk of cardiovascular events and all-cause mortality. | Sodium bicarbonate, cholecalciferol, and protein supplementation are commonly used pharmacological and nutritional interventions; however, systematic evidence comparing their effects on muscle mass, metabolic status, and related outcomes in CKD patients remains lacking.",17,research/searches_v4/HRS2_KIDNEY_DISEASE/pubmed/20260728T014125Z/efetch_00023.xml,fbc08285734f0aacab3c343669f4771bbe496dc7e78f4bb34e226caabdfc29ca,,not_observed,ai_screened_regex_confirmed
HRS2_KIDNEY_DISEASE,pubmed:42047771,pubmed,42047771,Effects of turmeric and curcumin in patients on dialysis or using immunosuppressive agents: a systematic review.,"There is an increased risk of oxidative stress and inflammation in hemodialysis (HD) patients, as well as nephrotoxicity in individuals receiving immunosuppressive drugs. Turmeric (Curcuma longa) and its active compound, curcumin, demonstrate nephroprotective effects through their antioxidant, anti-inflammatory, and anti-apoptotic properties. This article evaluates the effects of turmeric and curcumin as interventions to reduce oxidative stress and inflammation in HD patients and as nephroprotective agents in patients undergoing immunosuppressive therapy. We conducted this systematic review following the PRISMA guidelines. We searched Web of Science, PubMed, and Scopus up to April 9, 2025, using combinations of terms related to turmeric, curcumin, chronic kidney disease, dialysis, and immunosuppressive agents. Only randomized controlled trials (RCTs) and case reports involving human subjects were included. Four colleagues independently screened the studies and extracted the data. Twenty-one studies were included in our analysis, evaluating interventions involving turmeric or curcumin as monotherapy or in combination with other compounds such as quercetin, piperine, and resveratrol. According to high-quality studies, turmeric and curcumin demonstrated antioxidant and anti-inflammatory benefits in HD patients; however, these compounds did not exhibit a lipid-lowering effect. Additionally, they showed a nephroprotective role in users of immunosuppressive drugs. Conversely, a food-drug interaction between immunosuppressive drugs and high doses of turmeric caused nephrotoxicity. Turmeric and curcumin may serve as supportive therapeutic strategies for HD patients and individuals using immunosuppressive drugs. However, larger sample sizes and high-quality trials with longer follow-up periods are necessary to confirm their efficacy.",Rajabian F; Khajavi Rad A; Ghorban Sabbagh M; Hosseinzadeh H,2026,Naunyn-Schmiedeberg's archives of pharmacology,Systematic Review|Journal Article|Review,10.1007/s00210-026-05131-0,https://pubmed.ncbi.nlm.nih.gov/42047771/,retain,true,abstract_only,ABSTRACT_SENTENCE_1,"There is an increased risk of oxidative stress and inflammation in hemodialysis (HD) patients, as well as nephrotoxicity in individuals receiving immunosuppressive drugs.",,"There is an increased risk of oxidative stress and inflammation in hemodialysis (HD) patients, as well as nephrotoxicity in individuals receiving immunosuppressive drugs. | Conversely, a food-drug interaction between immunosuppressive drugs and high doses of turmeric caused nephrotoxicity.","There is an increased risk of oxidative stress and inflammation in hemodialysis (HD) patients, as well as nephrotoxicity in individuals receiving immunosuppressive drugs.","There is an increased risk of oxidative stress and inflammation in hemodialysis (HD) patients, as well as nephrotoxicity in individuals receiving immunosuppressive drugs. | Turmeric (Curcuma longa) and its active compound, curcumin, demonstrate nephroprotective effects through their antioxidant, anti-inflammatory, and anti-apoptotic properties. | This article evaluates the effects of turmeric and curcumin as interventions to reduce oxidative stress and inflammation in HD patients and as nephroprotective agents in patients undergoing immunosuppressive therapy.",17,research/searches_v4/HRS2_KIDNEY_DISEASE/pubmed/20260728T014125Z/efetch_00023.xml,fbc08285734f0aacab3c343669f4771bbe496dc7e78f4bb34e226caabdfc29ca,,not_observed,ai_screened_regex_confirmed
HRS2_KIDNEY_DISEASE,pubmed:42246040,pubmed,42246040,Efficacy and safety of pharmacological treatments for restless legs syndrome in hemodialysis patients: a systematic review and meta-analysis.,"BACKGROUND: Restless Legs Syndrome (RLS) is highly prevalent among adults receiving maintenance hemodialysis and significantly impairs sleep, psychological well-being, and quality of life. While Western pharmacological treatments such as dopaminergic agents, gabapentinoids, and iron therapy are commonly studied, Traditional Chinese Medicine (TCM) is also widely used in clinical practice-particularly for syndromes corresponding to RLS such as blood deficiency (Xue Xu), liver-kidney yin deficiency (Gan Shen Bu Zu), and blood stasis (Xue Yu). However, the evidence base for TCM pharmacologic interventions in hemodialysis-related RLS remains unclear. This systematic review and meta-analysis evaluated the efficacy and safety of pharmacological therapies, including any available TCM-related pharmacologic treatments, in adults undergoing hemodialysis.
METHODS: A comprehensive search of PubMed, EMBASE, CENTRAL, Scopus, Web of Science, ClinicalTrials.gov, and Chinese-language databases was conducted from inception to January 2025. Eligible studies included randomized, quasi-experimental, and observational studies of pharmacologic therapies-Western medications or TCM-derived pharmaceutical preparations-administered for RLS in adults on hemodialysis. The primary outcome was change in International Restless Legs Scale (IRLS) scores; secondary outcomes included sleep quality, quality of life, dialysis adequacy, and adverse events. Random-effects meta-analyses, subgroup analyses, and GRADE assessments were performed.
RESULTS: Sixteen studies (n = 1,324) met inclusion criteria, with nine included in the quantitative analysis. Pharmacologic therapy significantly improved IRLS scores (MD -7.84), sleep quality (SMD -0.82), and quality of life (SMD 0.48). Gabapentinoids produced the largest symptom reductions, followed by dopaminergic agents and iron therapy. No treatment affected dialysis adequacy. Adverse events increased modestly (RR 1.28), highest with dopaminergic agents. Although the search identified several TCM-related clinical studies, none met criteria for inclusion in the meta-analysis due to lack of standardized RLS diagnosis, inconsistent outcome reporting, or mixed non-pharmacologic interventions. Thus, TCM pharmacologic treatments could not be quantitatively evaluated. Subgroup analyses by drug class demonstrated that gabapentinoids produced the largest reductions in RLS symptom severity, followed by dopaminergic agents and iron therapy. Bar plots illustrate these comparative effects on RLS severity, sleep quality, and quality of life. A heatmap further revealed that dopaminergic agents were associated with the highest frequency of adverse events, particularly nausea, hypotension, and augmentation.
CONCLUSION: Western pharmacologic agents-particularly gabapentinoids-are effective for managing RLS in hemodialysis patients. Dopaminergic agents are beneficial but limited by higher adverse event risks, while iron therapy offers moderate benefits with good tolerability. Although TCM is widely used for symptom patterns associated with RLS and shows theoretical promise, high-quality, hemodialysis-specific pharmacologic TCM trials are lacking. To support integrated Chinese-Western clinical practice, rigorous future RCTs of standardized TCM formulations are urgently needed. This study provides evidence to guide clinical decision-making and emphasizes the importance of individualizing treatment approaches to balance efficacy and safety for patients undergoing hemodialysis.",Zhang J; Huang Y; Liang J; Li H,2026,Frontiers in neurology,Journal Article|Systematic Review,10.3389/fneur.2026.1790771,https://pubmed.ncbi.nlm.nih.gov/42246040/,retain,true,abstract_only,ABSTRACT_SENTENCE_13,"Adverse events increased modestly (RR 1.28), highest with dopaminergic agents.",,"The primary outcome was change in International Restless Legs Scale (IRLS) scores; secondary outcomes included sleep quality, quality of life, dialysis adequacy, and adverse events. | Adverse events increased modestly (RR 1.28), highest with dopaminergic agents. | A heatmap further revealed that dopaminergic agents were associated with the highest frequency of adverse events, particularly nausea, hypotension, and augmentation.","Adverse events increased modestly (RR 1.28), highest with dopaminergic agents.","BACKGROUND: Restless Legs Syndrome (RLS) is highly prevalent among adults receiving maintenance hemodialysis and significantly impairs sleep, psychological well-being, and quality of life. | While Western pharmacological treatments such as dopaminergic agents, gabapentinoids, and iron therapy are commonly studied, Traditional Chinese Medicine (TCM) is also widely used in clinical practice-particularly for syndromes corresponding to RLS such as blood deficiency (Xue Xu), liver-kidney yin deficiency (Gan Shen Bu Zu), and blood stasis (Xue Yu). | However, the evidence base for TCM pharmacologic interventions in hemodialysis-related RLS remains unclear.",17,research/searches_v4/HRS2_KIDNEY_DISEASE/pubmed/20260728T014125Z/efetch_00023.xml,fbc08285734f0aacab3c343669f4771bbe496dc7e78f4bb34e226caabdfc29ca,,not_observed,ai_screened_regex_confirmed
HRS3_PREGNANCY,pubmed:40869296,pubmed,40869296,Folic Acid Supplementation and Risk of Gestational Diabetes Mellitus: A Systematic Review of the Literature.,"Gestational diabetes mellitus (GDM) affects approximately 14% of pregnancies globally and has been hypothesized to be influenced by periconceptional and early pregnancy folic acid (FA) supplementation, a practice recommended to prevent neural tube defects. To evaluate this association, we conducted a systematic review of studies published between 2015 and 2024 examining FA use and GDM risk. Twelve studies met the inclusion criteria, including ten cohort studies and two case-control studies. While findings were mixed, several prospective studies suggested that high daily FA intake (≥800 μg) or prolonged use (>3-6 months) may be associated with increased odds of GDM, especially when initiated preconceptionally. Conversely, standard-dose supplementation (≈400 μg) appeared neutral or potentially protective in some populations. Notably, high folate status combined with low vitamin B12 was linked to increased GDM risk, suggesting metabolic interaction. Overall, most studies were of moderate to high methodological quality. Although current evidence is inconclusive, these results support cautious use of high-dose FA supplementation and the importance of individualized prenatal nutrition, particularly considering B12 status. Further research is needed to clarify biological mechanisms.",Gómez-Cabrera AS; González-Santiago AE; Castañeda-Arellano R; Corona-Meraz FI; Baptista-Rosas RC; Sánchez-Parada MG,2025,International journal of molecular sciences,Journal Article|Systematic Review,10.3390/ijms26167977,https://pubmed.ncbi.nlm.nih.gov/40869296/,retain,true,abstract_only,ABSTRACT_SENTENCE_4,"While findings were mixed, several prospective studies suggested that high daily FA intake (≥800 μg) or prolonged use (>3-6 months) may be associated with increased odds of GDM, especially when initiated preconceptionally.",800 μg | 400 μg,,"While findings were mixed, several prospective studies suggested that high daily FA intake (≥800 μg) or prolonged use (>3-6 months) may be associated with increased odds of GDM, especially when initiated preconceptionally.","Gestational diabetes mellitus (GDM) affects approximately 14% of pregnancies globally and has been hypothesized to be influenced by periconceptional and early pregnancy folic acid (FA) supplementation, a practice recommended to prevent neural tube defects. | Although current evidence is inconclusive, these results support cautious use of high-dose FA supplementation and the importance of individualized prenatal nutrition, particularly considering B12 status.",24,research/searches_v4/HRS3_PREGNANCY/pubmed/20260728T014125Z/efetch_00081.xml,6d1d2c0a967cc5f0755264e84ca285cf1a2b0379b578e1fbee4d8677efbb0282,,not_observed,ai_screened_regex_confirmed
HRS3_PREGNANCY,pubmed:35388472,pubmed,35388472,Multivitamin use and risk of preeclampsia: A systematic review and meta-analysis.,"INTRODUCTION: Preeclampsia is associated with adverse maternal and neonatal outcomes. It is unclear whether multivitamin use reduces the risk of preeclampsia. This systematic review and meta-analysis aimed to evaluate the association between multivitamin use and the risk of preeclampsia.
MATERIAL AND METHODS: We searched PubMed, Embase and the Cochrane Library from database inception to July 2021. Randomized controlled trials (RCTs), case-control and cohort studies assessing the association between multivitamin use and risk of preeclampsia were eligible. Studies of treatment with a single micronutrient were excluded. Relative risks and 95% confidence intervals (95% CI) were calculated using random-effects models. RoB2, the Newcastle Ottawa Scale and GRADE were used to assess risk of bias and quality of evidence. The protocol was registered in PROSPERO (no. CRD42021214153).
RESULTS: Six studies were included (33 356 women). Only two RCTs were found, both showing a significantly decreased risk of preeclampsia in multivitamin users. These studies were not compatible for meta-analysis due to clinical heterogeneity. A meta-analysis of observational studies using a random-effects model showed an unchanged risk of preeclampsia following multivitamin use (relative risk 0.85, 95% CI 0.69-1.03). The quality of evidence according to GRADE was very low.
CONCLUSIONS: Very weak evidence suggests that multivitamin use might reduce the risk of preeclampsia; however, more research is needed. Large RCTs should be prioritized. The results of this review do not allow any final conclusions to be drawn regarding a preventive effect of multivitamin use in relation to preeclampsia.",Christiansen CH; Høgh S; Rode L; Schroll JB; Hegaard HK; Wolf HT,2022,Acta obstetricia et gynecologica Scandinavica,Journal Article|Meta-Analysis|Systematic Review,10.1111/aogs.14356,https://pubmed.ncbi.nlm.nih.gov/35388472/,retain,true,abstract_only,ABSTRACT_SENTENCE_1,INTRODUCTION: Preeclampsia is associated with adverse maternal and neonatal outcomes.,,INTRODUCTION: Preeclampsia is associated with adverse maternal and neonatal outcomes.,INTRODUCTION: Preeclampsia is associated with adverse maternal and neonatal outcomes.,INTRODUCTION: Preeclampsia is associated with adverse maternal and neonatal outcomes.,21,research/searches_v4/HRS3_PREGNANCY/pubmed/20260728T014125Z/efetch_00010.xml,75a39213c09d55681771f51b51fb4c9cbb1c16b1c48be542ca10e7ac619002d0,,not_observed,ai_screened_regex_confirmed
HRS3_PREGNANCY,pubmed:36648071,pubmed,36648071,Is antenatal or early-life vitamin D associated with eczema or food allergy in childhood? A systematic review.,"OBJECTIVE: To summarise the associations between antenatal or early-life blood vitamin D and the development of eczema/food allergy in childhood.
DESIGN: A systematic review and meta-analyses were conducted to synthesize the published literature. Two reviewers independently performed the study selection and data extraction on Covidence. We assessed the risk of bias for observational studies by using the Newcastle-Ottawa Scale and the Cochrane Risk of Bias tool for clinical trials. The certainty of the evidence was assessed using Grading of Recommendations, Assessment, Development and Evaluations (GRADE).
DATA SOURCES: We systematically searched PubMed and Embase from inception and April 2022.
ELIGIBILITY CRITERIA: Human studies that investigated prospective associations between antenatal or early-life blood vitamin D levels, dietary intake or supplementation and childhood eczema/food allergy.
RESULTS: Forty-three articles including six randomised controlled trials (RCTs) were included. Four RCTs of vitamin D supplementation during pregnancy showed no evidence of an effect on the incidence of eczema (pooled odds ratio [OR] = 0.85; 0.67-1.08, I2 = 6.7%, n = 2074). Three RCTs reported null associations between supplementation in pregnancy/infancy and food allergy. From six cohort studies, increasing cord blood vitamin D levels were associated with reduced prevalence of eczema at/close to age one (OR per 10 nmol/L increase = 0.89; 0.84-0.94, I2 = 0%, 2025 participants). We found no evidence of an association between maternal antenatal or infant vitamin D level or dietary intake and the development of food allergy or eczema in offspring.
CONCLUSIONS: We found an association between higher vitamin D levels in cord blood and reduced risk of eczema in cohort studies. Further trials with maternal and infant supplementation are needed to confirm if vitamin D supplementation can effectively prevent eczema or food allergy in childhood.
SYSTEMATIC REVIEW REGISTRATION: PROSPERO, No. CRD42013005559.",Zeng R; Li Y; Shen S; Qiu X; Chang CL; Koplin JJ; Perrett KP; Dharmage SC; Lodge CJ; Lowe AJ,2023,Clinical and experimental allergy : journal of the British Society for Allergy and Clinical Immunology,"Journal Article|Research Support, Non-U.S. Gov't|Systematic Review",10.1111/cea.14281,https://pubmed.ncbi.nlm.nih.gov/36648071/,retain,true,abstract_only,ABSTRACT_SENTENCE_11,"From six cohort studies, increasing cord blood vitamin D levels were associated with reduced prevalence of eczema at/close to age one (OR per 10 nmol/L increase = 0.89; 0.84-0.94, I2 = 0%, 2025 participants).",,DESIGN: A systematic review and meta-analyses were conducted to synthesize the published literature.,"From six cohort studies, increasing cord blood vitamin D levels were associated with reduced prevalence of eczema at/close to age one (OR per 10 nmol/L increase = 0.89; 0.84-0.94, I2 = 0%, 2025 participants).","Four RCTs of vitamin D supplementation during pregnancy showed no evidence of an effect on the incidence of eczema (pooled odds ratio [OR] = 0.85; 0.67-1.08, I2 = 6.7%, n = 2074). | Three RCTs reported null associations between supplementation in pregnancy/infancy and food allergy. | We found no evidence of an association between maternal antenatal or infant vitamin D level or dietary intake and the development of food allergy or eczema in offspring.",21,research/searches_v4/HRS3_PREGNANCY/pubmed/20260728T014125Z/efetch_00026.xml,4059976d03db57d4cdc39cfa6fe09cb2f79223b51b8a5f330a44a0dfcc90570f,,not_observed,ai_screened_regex_confirmed
HRS3_PREGNANCY,pubmed:38369772,pubmed,38369772,Maternal exposure to folate antagonists and susceptibility to congenital heart disease in offspring: A systematic review and meta-analysis.,"AIMS: The objective of this meta-analysis was to determine whether maternal exposure to folate antagonists is associated with increased rates of congenital heart disease in offspring.
METHODS: A comprehensive search for articles in the MEDLINE (PubMed) and EMBASE databases published up to 21 August 2023 was performed. The search strategy was not limited by study design but only for articles in the English language.
RESULTS: Analysis of 6 cohort studies and 5 cross-sectional studies, published between 1976 and 2020, showed significant increase in rate of congenital heart disease (odds ratio 1.55, 95% confidence interval, 1.28-1.87) when exposed to folate antagonists compared with the control. Further subgroup analysis showed the increased rate for exposure to both dihydrofolate reductase inhibitors and antiepileptic drugs separately. No differences were observed when analyses were stratified by timing of study.
CONCLUSION: Administration of folate antagonists within the 12-week period preceding conception and throughout the second and third months of gestation exhibited a statistically significant elevation in the susceptibility to congenital heart diseases. Notably, the protective effect of folic acid supplementation was reported in cases of congenital heart disease linked to dihydrofolate reductase inhibitors but not that associated with antiepileptic drugs.",Luitel P; Yadav R; Mandal P; Adhikari N; Paudel S; Mudvari A,2024,British journal of clinical pharmacology,Journal Article|Meta-Analysis|Systematic Review,10.1111/bcp.16021,https://pubmed.ncbi.nlm.nih.gov/38369772/,retain,true,abstract_only,ABSTRACT_SENTENCE_4,"RESULTS: Analysis of 6 cohort studies and 5 cross-sectional studies, published between 1976 and 2020, showed significant increase in rate of congenital heart disease (odds ratio 1.55, 95% confidence interval, 1.28-1.87) when exposed to folate antagonists compared with the control.",,"AIMS: The objective of this meta-analysis was to determine whether maternal exposure to folate antagonists is associated with increased rates of congenital heart disease in offspring. | RESULTS: Analysis of 6 cohort studies and 5 cross-sectional studies, published between 1976 and 2020, showed significant increase in rate of congenital heart disease (odds ratio 1.55, 95% confidence interval, 1.28-1.87) when exposed to folate antagonists compared with the control. | CONCLUSION: Administration of folate antagonists within the 12-week period preceding conception and throughout the second and third months of gestation exhibited a statistically significant elevation in the susceptibility to congenital heart diseases.","RESULTS: Analysis of 6 cohort studies and 5 cross-sectional studies, published between 1976 and 2020, showed significant increase in rate of congenital heart disease (odds ratio 1.55, 95% confidence interval, 1.28-1.87) when exposed to folate antagonists compared with the control.",AIMS: The objective of this meta-analysis was to determine whether maternal exposure to folate antagonists is associated with increased rates of congenital heart disease in offspring. | CONCLUSION: Administration of folate antagonists within the 12-week period preceding conception and throughout the second and third months of gestation exhibited a statistically significant elevation in the susceptibility to congenital heart diseases.,21,research/searches_v4/HRS3_PREGNANCY/pubmed/20260728T014125Z/efetch_00048.xml,d4d46c64fa53d3f603849237d9d5750d8d2ee12895b57dee03670e44bcfd0d6c,,not_observed,ai_screened_regex_confirmed
HRS3_PREGNANCY,pubmed:41519415,pubmed,41519415,Benefits and risks of herbal medicine use during pregnancy on offspring outcomes: A systematic review and meta-analysis of randomized controlled trials and observational studies.,"PURPOSE: Herbal medicines are widely used during pregnancy, yet their potential effects on offspring remain uncertain. This systematic review aimed to comprehensively evaluate both the potential benefits and risks of prenatal herbal medicine use on offspring outcomes by synthesizing evidence from randomized controlled trials (RCTs) and observational studies.
METHODS: We searched PubMed, Embase, and the Cochrane Central Register of Controlled Trials from inception to November 9, 2024. Eligible studies reported maternal use of herbal medicines during pregnancy and assessed offspring-related outcomes.
RESULTS: A total of 111 studies met the inclusion criteria, comprising 39 RCTs, 36 cohort studies, 18 case-control studies, and 18 cross-sectional surveys. In RCTs, prenatal use of certain herbal medicines was associated the live birth rate (RR=1.14, 95 % CI: 1.05-1.24) and a lower risk of birth defects (RR=0.46, 95 % CI: 0.22-0.94), primarily among women undergoing assisted reproduction; reductions in miscarriage were observed among those with threatened or recurrent miscarriage. At the overall level, observational studies adjusted for confounding did not show significant associations between prenatal herbal medicine use and major adverse offspring outcomes (including birth defects, miscarriage, stillbirth, or preterm birth). Exploratory analyses of individual herbal products suggested that some specific herbs-such as almond oil and Glycyrrhiza (with preterm birth), betel quid (with low birth weight), An-Tai-Yin (with musculoskeletal malformations), khat (with nervous system malformations), and Coptidis Rhizoma (with nervous system and genital organ malformations)-may be linked to increased risks. However, these signals were based on a limited number of studies and should be interpreted with caution given variability in exposure definitions, study quality, and potential residual confounding.
CONCLUSIONS: For women undergoing assisted reproduction or those at increased risk of miscarriage, certain herbal medicines may offer potential benefits during pregnancy. Overall, evidence from RCTs and adjusted observational studies does not indicate a clear increase in adverse offspring outcomes associated with prenatal herbal medicine use. Nonetheless, a few herbs have been linked to potential safety concerns, although the supporting evidence remains limited and heterogeneous. Cautious use is advised, particularly for products without robust data on fetal and long-term postnatal safety.",Chen C; Li Y; Wang W; Liu C; Luo Q; Ren Y; Xiong Y; Sun X; Tan J,2026,Pharmacological research,Journal Article|Systematic Review|Meta-Analysis|Review,10.1016/j.phrs.2026.108092,https://pubmed.ncbi.nlm.nih.gov/41519415/,retain,true,abstract_only,ABSTRACT_SENTENCE_6,"In RCTs, prenatal use of certain herbal medicines was associated the live birth rate (RR=1.14, 95 % CI: 1.05-1.24) and a lower risk of birth defects (RR=0.46, 95 % CI: 0.22-0.94), primarily among women undergoing assisted reproduction; reductions in miscarriage were observed among those with threatened or recurrent miscarriage.",,"In RCTs, prenatal use of certain herbal medicines was associated the live birth rate (RR=1.14, 95 % CI: 1.05-1.24) and a lower risk of birth defects (RR=0.46, 95 % CI: 0.22-0.94), primarily among women undergoing assisted reproduction; reductions in miscarriage were observed among those with threatened or recurrent miscarriage. | At the overall level, observational studies adjusted for confounding did not show significant associations between prenatal herbal medicine use and major adverse offspring outcomes (including birth defects, miscarriage, stillbirth, or preterm birth). | Exploratory analyses of individual herbal products suggested that some specific herbs-such as almond oil and Glycyrrhiza (with preterm birth), betel quid (with low birth weight), An-Tai-Yin (with musculoskeletal malformations), khat (with nervous system malformations), and Coptidis Rhizoma (with nervous system and genital organ malformations)-may be linked to increased risks.","In RCTs, prenatal use of certain herbal medicines was associated the live birth rate (RR=1.14, 95 % CI: 1.05-1.24) and a lower risk of birth defects (RR=0.46, 95 % CI: 0.22-0.94), primarily among women undergoing assisted reproduction; reductions in miscarriage were observed among those with threatened or recurrent miscarriage.","PURPOSE: Herbal medicines are widely used during pregnancy, yet their potential effects on offspring remain uncertain. | This systematic review aimed to comprehensively evaluate both the potential benefits and risks of prenatal herbal medicine use on offspring outcomes by synthesizing evidence from randomized controlled trials (RCTs) and observational studies. | Eligible studies reported maternal use of herbal medicines during pregnancy and assessed offspring-related outcomes.",21,research/searches_v4/HRS3_PREGNANCY/pubmed/20260728T014125Z/efetch_00090.xml,5957fcb2a3249eb397fb67d4c4a38182e311c3a44c2213008f2c5ed1cb753471,,not_observed,ai_screened_regex_confirmed
HRS3_PREGNANCY,pubmed:42426275,pubmed,42426275,Efficacy and safety of intravenous ferric carboxymaltose versus oral iron in pregnant women with anemia: a systematic review and meta-analysis.,"OBJECTIVE: Intravenous (IV) ferric carboxymaltose represents an alternative to oral iron that enables rapid iron repletion through a single infusion, demonstrating promising efficacy and safety across diverse clinical settings. This study aims to evaluate the efficacy and safety of IV ferric carboxymaltose compared with oral iron in managing pregnancy-related anemia.
MATERIALS AND METHODS: We systematically searched four databases for randomized controlled trials (RCTs) and observational cohorts comparing IV ferric carboxymaltose with oral iron in pregnant women with anemia. Randomized controlled trials and observational cohorts comparing intravenous ferric carboxymaltose with oral iron in pregnant women with anemia were included. Random-effects meta-analyses were performed using mean differences (MDs) for continuous outcomes and risk ratios (RRs) for dichotomous outcomes, each with 95% confidence intervals (CIs).
RESULTS: Twelve studies (Eight RCTs and four cohorts) were included. IV ferric carboxymaltose significantly improved Hb concentrations compared with oral iron (7 RCTs & 4 Cohorts; 6,495 patients; MD = + 0.91 g/dL; 95% CI 0.30-1.51; p = 0.0035) and increased serum ferritin (5 studies; 4,420 patients; MD = + 63.8 ng/mL; 95% CI 37.3-90.4; p < 0.001). The benefit of Hb was most evident at pre-delivery (8 studies; 1,575 patients; MD = 1.22 g/dL, 95% CI [0.55-1.89], p = 0.0003) but not in the postpartum period (4 Studies, 5,141 patients; MD = 0.74, 95% CI [ -0.50-1.98], p = 0.24). Safety analyses demonstrated lower risks of drug-related adverse events (3 studies; 471 patients; RR = 0.42, 95% CI [0.19-0.91], p = 0.02) and nausea ( 3 studies; 3,284 patients; RR = 0.27, 95% CI [0.09-0.75], p = 0.012) with IV ferric carboxymaltose.
CONCLUSIONS: Intravenous ferric carboxymaltose appears more effective than oral iron in improving hematologic indices in pregnant women with anemia and shows a favorable tolerability profile, including fewer drug-related adverse events and nausea. However, the findings should be interpreted cautiously, given the substantial heterogeneity across studies.",Ali MS; Elfiki M; Elfeky A; Ibrahim A; Zayed M; Sobhy A; Ashour M; Hendawy AA; Elshazly A; El-Nemr AF; Elshahat A,2026,European journal of clinical pharmacology,Journal Article|Systematic Review|Meta-Analysis|Comparative Study|Review,10.1007/s00228-026-04111-w,https://pubmed.ncbi.nlm.nih.gov/42426275/,retain,true,abstract_only,ABSTRACT_SENTENCE_9,"Safety analyses demonstrated lower risks of drug-related adverse events (3 studies; 471 patients; RR = 0.42, 95% CI [0.19-0.91], p = 0.02) and nausea ( 3 studies; 3,284 patients; RR = 0.27, 95% CI [0.09-0.75], p = 0.012) with IV ferric carboxymaltose.",0.91 g/d | 1.22 g/d,"Safety analyses demonstrated lower risks of drug-related adverse events (3 studies; 471 patients; RR = 0.42, 95% CI [0.19-0.91], p = 0.02) and nausea ( 3 studies; 3,284 patients; RR = 0.27, 95% CI [0.09-0.75], p = 0.012) with IV ferric carboxymaltose. | CONCLUSIONS: Intravenous ferric carboxymaltose appears more effective than oral iron in improving hematologic indices in pregnant women with anemia and shows a favorable tolerability profile, including fewer drug-related adverse events and nausea.","Safety analyses demonstrated lower risks of drug-related adverse events (3 studies; 471 patients; RR = 0.42, 95% CI [0.19-0.91], p = 0.02) and nausea ( 3 studies; 3,284 patients; RR = 0.27, 95% CI [0.09-0.75], p = 0.012) with IV ferric carboxymaltose.",This study aims to evaluate the efficacy and safety of IV ferric carboxymaltose compared with oral iron in managing pregnancy-related anemia. | MATERIALS AND METHODS: We systematically searched four databases for randomized controlled trials (RCTs) and observational cohorts comparing IV ferric carboxymaltose with oral iron in pregnant women with anemia. | Randomized controlled trials and observational cohorts comparing intravenous ferric carboxymaltose with oral iron in pregnant women with anemia were included.,21,research/searches_v4/HRS3_PREGNANCY/pubmed/20260728T014125Z/efetch_00102.xml,ac0dc6eb50fa567f2afaf98d91309bdae23382569823d9f137725ac8c5c5fdf9,,not_observed,ai_screened_regex_confirmed
HRS3_PREGNANCY,pubmed:38045667,pubmed,38045667,The Efficacy and Safety of Myo-inositol Supplementation for the Prevention of Gestational Diabetes Mellitus in Overweight and Obese Pregnant Women: A Systematic Review and Meta-Analysis.,"BACKGROUND: Myo-inositol has emerged as one of the preventive therapies for the development of gestational diabetes mellitus in at-risk populations. This systematic review and meta-analysis was conducted to determine the efficacy and safety of myo-inositol in decreasing the incidence of gestational diabetes in overweight and obese pregnant women.
METHODOLOGY: This meta-analysis was conducted using the standard Cochrane methodology and reported in accordance with the Preferred Reporting Items for Systematic Reviews and Meta-analyses (PRISMA) 2020 guidelines. Inclusion criteria were randomized controlled trials (RCTs) that enrolled overweight and obese pregnant women and used myo-inositol supplementation. The primary outcome was the incidence of gestational diabetes mellitus at 24-28 weeks. Secondary outcomes included cesarean section rate, the incidence of pregnancy-induced hypertension, macrosomia and preterm delivery. Risk ratios (RRs) and 95% confidence intervals (CIs) were used for dichotomous data.
RESULTS: Six RCTs were included. Compared to standard micronutrient supplementation, standard dose of myo-inositol (4 g) may reduce the incidence of GDM (RR 0.54; CI [0.30, 0.96]; n = 887 women), but the certainty of evidence is low to very low. With low-dose myo-inositol however, evidence is uncertain about its benefit on the incidence of gestational diabetes mellitus in overweight and obese women with RR 0.71; CI [0.14, 3.50]. No adverse effects were noted. For the secondary outcomes, standard dose myo-inositol appears to reduce the incidence of pregnancy-induced hypertension and preterm delivery, but the certainty of evidence is low to very low.
CONCLUSION: Current evidence is uncertain on the potential benefit of myo-inositol supplementation in overweight and obese pregnant women. While studies show that 4 g myo-inositol per day may decrease the incidence of GDM, pregnancy-induced hypertension and pre-term birth with no associated risk of serious adverse events, the certainty of evidence is low to very low. Future high-quality trials may provide more compelling evidence to support practice recommendations.",Factor PA; Corpuz H,2023,Journal of the ASEAN Federation of Endocrine Societies,Meta-Analysis|Systematic Review|Journal Article,10.15605/jafes.038.02.11,https://pubmed.ncbi.nlm.nih.gov/38045667/,retain,true,abstract_only,ABSTRACT_SENTENCE_14,"While studies show that 4 g myo-inositol per day may decrease the incidence of GDM, pregnancy-induced hypertension and pre-term birth with no associated risk of serious adverse events, the certainty of evidence is low to very low.",4 g,"Secondary outcomes included cesarean section rate, the incidence of pregnancy-induced hypertension, macrosomia and preterm delivery. | No adverse effects were noted. | For the secondary outcomes, standard dose myo-inositol appears to reduce the incidence of pregnancy-induced hypertension and preterm delivery, but the certainty of evidence is low to very low.","While studies show that 4 g myo-inositol per day may decrease the incidence of GDM, pregnancy-induced hypertension and pre-term birth with no associated risk of serious adverse events, the certainty of evidence is low to very low.",BACKGROUND: Myo-inositol has emerged as one of the preventive therapies for the development of gestational diabetes mellitus in at-risk populations. | This systematic review and meta-analysis was conducted to determine the efficacy and safety of myo-inositol in decreasing the incidence of gestational diabetes in overweight and obese pregnant women. | Inclusion criteria were randomized controlled trials (RCTs) that enrolled overweight and obese pregnant women and used myo-inositol supplementation.,20,research/searches_v4/HRS3_PREGNANCY/pubmed/20260728T014125Z/efetch_00044.xml,fdeb0d969b8ead1a8dadf4e0e932d662699ee74d3de7ca053b8e5dd144b97beb,,not_observed,ai_screened_regex_confirmed
HRS3_PREGNANCY,pubmed:39834271,pubmed,39834271,The benefits and harms of oral iron supplementation in non-anaemic pregnant women: a systematic review and meta-analysis.,"BACKGROUND: Iron deficiency during pregnancy poses a significant risk to both maternal and foetal health. Current international guidelines provide discrepant advice on antenatal iron supplementation for non-anaemic women.
OBJECTIVE: We aimed to quantify the benefits and harms of routine antenatal supplementation in non-anaemic women.
METHODS: The Cochrane Library, MEDLINE, Embase, and clinical trial registries were searched for randomized controlled trials and observational studies comparing oral iron supplementation with placebo or no supplement in non-anaemic pregnant women. Risk of bias was assessed for each study and the results were synthesized via meta-analysis.
RESULTS: Twenty-three eligible studies were identified with 4492 non-anaemic pregnant women. Supplemented groups had higher haemoglobin [mean difference = 6.95 g/l, 95% confidence interval (CI): 4.81-9.09, P < .001, moderate certainty, I2 = 91%] and ferritin (mean difference = 12.22 ng/ml, 95% CI: 6.92-17.52, P < .001, moderate certainty, I2 = 87%) and were at lower risk of anaemia (relative risk = 0.50, 95% CI: 0.34-0.74, P < .001, high certainty, I2 = 42%, number needed to treat (NNT) = 10). There was no difference in birth weight, preterm birth, and rate of caesarean section. Reporting on harms was inconsistent and there was insufficient evidence to determine an association between iron supplements and any negative outcome.
DISCUSSION: Prophylactic iron supplementation likely results in a large reduction in maternal anaemia during pregnancy. Future research should qualify the impact of this benefit on women's quality of life and determine which subpopulations benefit most. Evidence surrounding the harms of iron supplementation in the non-anaemic population is poor quality and inconsistent. Randomized controlled trials quantifying the risk of gastrointestinal (GI) disturbance and iron overload are essential to inform iron supplement use and reduce unwarranted variations in international guidelines.",Watt A; Eaton H; Eastwick-Jones K; Thomas ET; Plüddemann A,2025,Family practice,Journal Article|Systematic Review|Meta-Analysis,10.1093/fampra/cmae079,https://pubmed.ncbi.nlm.nih.gov/39834271/,retain,true,abstract_only,ABSTRACT_SENTENCE_7,"Supplemented groups had higher haemoglobin [mean difference = 6.95 g/l, 95% confidence interval (CI): 4.81-9.09, P < .001, moderate certainty, I2 = 91%] and ferritin (mean difference = 12.22 ng/ml, 95% CI: 6.92-17.52, P < .001, moderate certainty, I2 = 87%) and were at lower risk of anaemia (relative risk = 0.50, 95% CI: 0.34-0.74, P < .001, high certainty, I2 = 42%, number needed to treat (NNT) = 10).",6.95 g,"There was no difference in birth weight, preterm birth, and rate of caesarean section.","Supplemented groups had higher haemoglobin [mean difference = 6.95 g/l, 95% confidence interval (CI): 4.81-9.09, P < .001, moderate certainty, I2 = 91%] and ferritin (mean difference = 12.22 ng/ml, 95% CI: 6.92-17.52, P < .001, moderate certainty, I2 = 87%) and were at lower risk of anaemia (relative risk = 0.50, 95% CI: 0.34-0.74, P < .001, high certainty, I2 = 42%, number needed to treat (NNT) = 10).","BACKGROUND: Iron deficiency during pregnancy poses a significant risk to both maternal and foetal health. | METHODS: The Cochrane Library, MEDLINE, Embase, and clinical trial registries were searched for randomized controlled trials and observational studies comparing oral iron supplementation with placebo or no supplement in non-anaemic pregnant women. | RESULTS: Twenty-three eligible studies were identified with 4492 non-anaemic pregnant women.",20,research/searches_v4/HRS3_PREGNANCY/pubmed/20260728T014125Z/efetch_00068.xml,0e019df157131e1ab2aa3b5b429731b79f73a8e0ce71e2af9c2e3af9d748d11d,,not_observed,ai_screened_regex_confirmed
HRS3_PREGNANCY,pubmed:41272611,pubmed,41272611,Prenatal exposure to medication and risk of childhood cancer - a systematic review and meta-analysis.,"BACKGROUND: The use of medication during pregnancy carries a potential health risk, including childhood cancer, for the unborn child. However, most drugs examined in previous observational studies have shown inconsistent results with the risk of childhood cancer, and these findings have not been consolidated in drug-specific meta-analyses. METHODS: We conducted a systematic search in the databases PubMed and Web of Science for studies on medication use during pregnancy and childhood cancer risk. Studies with exposure to diethylstilbestrol as a known teratogen were excluded. Meta-analyses were conducted if ≥ 3 studies on the same research question were available to calculate pooled estimates for random effects models with 95% confidence intervals (CI). The I2 statistic was calculated to quantify between-study heterogeneity. Statistical significance of I2 was analyzed using Q statistic (P value for heterogeneity (P)). Study quality was assessed with a scoring tool adapted from the Newcastle–Ottawa Scale and ROBINS-E/I. RESULTS: Of 2,366 identified studies, 80 were included in the systematic review. Of these, 68 studies with a total of 14,396,922 participants were included in meta-analyses, covering 13 medication types and 11 childhood cancer sites across 70 analyses. From 54 site-specific analyses, we observed four risk reductions and eleven increases in risk. We found an increased risk for prenatal exposure to any kind of antibiotics and acute lymphoblastic leukemia (ALL; estimate (ES) = 1.14 (95%CI 1.03; 1.25), I2 = 19.1%, P = 0.26). For specific antibiotics, nitrosatable antibiotics were associated with an increased risk of childhood cancer overall (ES = 1.32 (1.13; 1.55), I2 = 0.0%, P = 0.98). Maternal intake of vitamin and mineral supplements was associated with a reduced risk of acute leukemia (AL) (ES = 0.72 (0.54; 0.96), I2=46.3%, P = 0.16), ALL (ES = 0.81 (0.67; 0.99), I2 = 66.6%, P = 0.001) and tumors of the central nervous system (CNS; ES = 0.77 (0.62; 0.96), I2 = 67.2%, P = 0.002). DISCUSSION: Our results suggest that the use of antibiotics during pregnancy was associated with an increased childhood cancer risk, although this association is likely influenced by the underlying maternal infections that required treatment. This highlights the importance of considering maternal health factors when interpreting medication–related associations. Supplementation of vitamins and minerals during pregnancy might decrease the risk of AL, ALL and CNS tumors in children.",Lübtow A; Marron M; Nagrani R; Mulanje L; Ahrens W; Brackmann LK,2025,BMC cancer,Systematic Review|Journal Article|Meta-Analysis,10.1186/s12885-025-15316-0,https://pubmed.ncbi.nlm.nih.gov/41272611/,retain,true,abstract_only,ABSTRACT_SENTENCE_12,"We found an increased risk for prenatal exposure to any kind of antibiotics and acute lymphoblastic leukemia (ALL; estimate (ES) = 1.14 (95%CI 1.03; 1.25), I2 = 19.1%, P = 0.26).",95%,Studies with exposure to diethylstilbestrol as a known teratogen were excluded.,"We found an increased risk for prenatal exposure to any kind of antibiotics and acute lymphoblastic leukemia (ALL; estimate (ES) = 1.14 (95%CI 1.03; 1.25), I2 = 19.1%, P = 0.26).","BACKGROUND: The use of medication during pregnancy carries a potential health risk, including childhood cancer, for the unborn child. | METHODS: We conducted a systematic search in the databases PubMed and Web of Science for studies on medication use during pregnancy and childhood cancer risk. | We found an increased risk for prenatal exposure to any kind of antibiotics and acute lymphoblastic leukemia (ALL; estimate (ES) = 1.14 (95%CI 1.03; 1.25), I2 = 19.1%, P = 0.26).",20,research/searches_v4/HRS3_PREGNANCY/pubmed/20260728T014125Z/efetch_00087.xml,87b6bd4e9560e0be0b3a4aeca0f3e6b9eddaa2bdf7516bf24cfd65554473201e,,not_observed,ai_screened_regex_confirmed
HRS3_PREGNANCY,pubmed:37437720,pubmed,37437720,"Antenatal depression and adverse birth outcomes among pregnant women living with HIV in Dar es Salaam, Tanzania.","BACKGROUND: Women who experience antenatal depression may be at increased risk of adverse birth outcomes. Few studies have examined this association among women living with HIV (WHIV).
METHODS: We conducted a prospective cohort study of 2298 pregnant WHIV on antiretroviral therapy (ART) in Dar es Salaam, Tanzania, who were participants in a randomized trial of vitamin D3 supplementation. Depressive symptoms were assessed at 12-27 weeks gestation using the Hopkins Symptoms Checklist (HSCL-25). Generalized estimating equations to account for twins were used to assess the relative risks of adverse birth outcomes.
RESULTS: Approximately 67 % of the women in our study population reported symptoms consistent with depression. We observed a 4.0 % prevalence of stillbirth and a 25.1 % prevalence of preterm birth. We found that low social support, higher education, and more recent initiation of ART were associated with a greater risk of antenatal depression. There was no association of antenatal depression with risk of fetal loss, stillbirth, low birth weight, birth weight, preterm birth, gestational age at delivery, or small-for-gestational age.
LIMITATIONS: Depression was self-reported and only collected at one timepoint in pregnancy. Our findings may not be generalizable to all WHIV.
CONCLUSIONS: Our findings illustrate the high risk of both depression and adverse birth outcomes among WHIV and underscore the need for interventions to improve their mental health and the health of their infants; however, the relationship between depression and birth outcomes remains unclear. Further research on this topic is merited, particularly examining the chronicity and timing of depression in pregnancy.",Regan M; Muhihi A; Saleh A; Duggan CP; Ulenga N; Alwy Al-Beity FM; Aboud S; Fawzi WW; Manji KP; Sudfeld CR,2023,Journal of affective disorders,"Randomized Controlled Trial|Journal Article|Research Support, N.I.H., Extramural",10.1016/j.jad.2023.07.047,https://pubmed.ncbi.nlm.nih.gov/37437720/,retain,true,abstract_only,ABSTRACT_SENTENCE_12,"CONCLUSIONS: Our findings illustrate the high risk of both depression and adverse birth outcomes among WHIV and underscore the need for interventions to improve their mental health and the health of their infants; however, the relationship between depression and birth outcomes remains unclear.",,BACKGROUND: Women who experience antenatal depression may be at increased risk of adverse birth outcomes. | Generalized estimating equations to account for twins were used to assess the relative risks of adverse birth outcomes. | We observed a 4.0 % prevalence of stillbirth and a 25.1 % prevalence of preterm birth.,"CONCLUSIONS: Our findings illustrate the high risk of both depression and adverse birth outcomes among WHIV and underscore the need for interventions to improve their mental health and the health of their infants; however, the relationship between depression and birth outcomes remains unclear.","BACKGROUND: Women who experience antenatal depression may be at increased risk of adverse birth outcomes. | METHODS: We conducted a prospective cohort study of 2298 pregnant WHIV on antiretroviral therapy (ART) in Dar es Salaam, Tanzania, who were participants in a randomized trial of vitamin D3 supplementation. | Depressive symptoms were assessed at 12-27 weeks gestation using the Hopkins Symptoms Checklist (HSCL-25).",19,research/searches_v4/HRS3_PREGNANCY/pubmed/20260728T014125Z/efetch_00036.xml,8258769c7de88682024fa79a3238ec564068d6b64ee78c2ed96ec6b2ee833f30,,not_observed,ai_screened_regex_confirmed
HRS3_PREGNANCY,pubmed:37956906,pubmed,37956906,"The effect of oral probiotics on glycemic control of women with gestational diabetes mellitus-a multicenter, randomized, double-blind, placebo-controlled trial.","BACKGROUND: Gestational diabetes mellitus should be treated adequately to avoid maternal hyperglycemia-related complications. Previously, probiotic supplements were suggested to improve fasting blood glucose in women with gestational diabetes mellitus. However, a major limitation of previous studies was that preprandial and especially postprandial glucose values, which are important predictors of pregnancy outcomes, were not studied.
OBJECTIVE: This study aimed to examine the effect of a mixture of probiotic strains on maternal glycemic parameters, particularly preprandial and postprandial glucose values and pregnancy outcomes among women with gestational diabetes mellitus.
STUDY DESIGN: A multicenter prospective randomized, double-blind, placebo-controlled trial was conducted. Women newly diagnosed with gestational diabetes mellitus were randomly allocated into a research group, receiving 2 capsules of oral probiotic formula containing Bifidobacterium bifidum, B lactis, Lactobacillus acidophilus, L paracasei, L rhamnosus, and Streptococcus thermophilus (>6 × 109/capsule), and a control group, receiving a placebo (2 capsules/day) until delivery. Glycemic control was evaluated by daily glucose charts. After 2 weeks, pharmacotherapy was started in case of poor glycemic control. The primary outcomes were the rate of women requiring medications for glycemic control and mean daily glucose charts after 2 weeks of treatment with the study products.
RESULTS: Forty-one and 44 women were analyzed in the treatment and placebo cohorts, respectively. Mean daily glucose during the first 2 weeks in the probiotics and placebo groups was 99.7±7.9 and 98.0±9.3 mg/dL, respectively (P=.35). The rate of women needing pharmacotherapy because of poor glycemic control after 2 weeks of treatment in the probiotics and placebo groups was 24 (59%) and 18 (41%), respectively (P=.10). Mean preprandial and postprandial glucose levels throughout the study period were similar between the groups (P>.05). There were no differences in maternal and neonatal outcomes, including birthweight and adverse effect profile between the groups.
CONCLUSION: The oral probiotic product tested in this study did not affect glycemic control of women with gestational diabetes mellitus.",Nachum Z; Perlitz Y; Shavit LY; Magril G; Vitner D; Zipori Y; Weiner E; Alon AS; Ganor-Paz Y; Nezer M; Harel N; Soltsman S; Yefet E,2024,American journal of obstetrics & gynecology MFM,"Randomized Controlled Trial|Multicenter Study|Journal Article|Research Support, Non-U.S. Gov't",10.1016/j.ajogmf.2023.101224,https://pubmed.ncbi.nlm.nih.gov/37956906/,retain,true,abstract_only,ABSTRACT_SENTENCE_14,"There were no differences in maternal and neonatal outcomes, including birthweight and adverse effect profile between the groups.",9.3 mg/d,"BACKGROUND: Gestational diabetes mellitus should be treated adequately to avoid maternal hyperglycemia-related complications. | There were no differences in maternal and neonatal outcomes, including birthweight and adverse effect profile between the groups.","There were no differences in maternal and neonatal outcomes, including birthweight and adverse effect profile between the groups.","BACKGROUND: Gestational diabetes mellitus should be treated adequately to avoid maternal hyperglycemia-related complications. | Previously, probiotic supplements were suggested to improve fasting blood glucose in women with gestational diabetes mellitus. | However, a major limitation of previous studies was that preprandial and especially postprandial glucose values, which are important predictors of pregnancy outcomes, were not studied.",19,research/searches_v4/HRS3_PREGNANCY/pubmed/20260728T014125Z/efetch_00043.xml,383771d650eabae81619cfeb4746fab2245ce71290f0b7b5758f379a70cb9c7c,,not_observed,ai_screened_regex_confirmed
HRS3_PREGNANCY,pubmed:38569788,pubmed,38569788,"Fish oil supplementation during pregnancy, anthropometrics, and metabolic health at age ten: A randomized clinical trial.","BACKGROUND: We previously reported that children of mothers who received fish oil supplementation during pregnancy had higher body mass index [BMI (in kg/m2)] at 6 y of age as well as a concomitant increase in fat-, muscle, and bone mass, but no difference in fat percentage.
OBJECTIVES: Here, we report follow-up at age 10 y including assessment of metabolic health.
METHODS: This is a follow-up analysis of a randomized clinical trial conducted among 736 pregnant females and their offspring participating in the Copenhagen Prospective Studies on Asthma in Childhood mother-child cohort. The intervention was 2.4 g n-3 (ω-3) Long-Chain PolyUnsaturated Fatty Acid (n-3 LCPUFA) or control daily from pregnancy week 24 until 1 wk after birth. Outcomes were anthropometric measurements, body composition from Bioelectrical Impedance Analysis, blood pressure, concentrations of triglycerides, cholesterol, glucose, and C-peptide from fasting blood samples, and a metabolic syndrome score was calculated. Anthropometric measurements and body composition were prespecified secondary endpoints of the n-3 LCPUFA trial, and others were exploratory.
RESULTS: Children in the n-3 LCPUFA group had a higher mean BMI at age 10 year compared to the control group: 17.4 (SD: 2.44) compared with 16.9 (2.28); P = 0.020 and a higher odds ratio of having overweight (odds ratio: 1.53; 95% CI: 1.01, 2.33; P = 0.047). This corresponded to differences in body composition in terms of increased lean mass (0.49 kg; 95% CI: -0.20, 1.14; P = 0.17), fat mass (0.49 kg; 95% CI: -0.03, 1.01; P = 0.06), and fat percent (0.74%; 95% CI: -0.01, 1.49; P = 0.053) compared to the control group. Children in the n-3 LCPUFA group had a higher metabolic syndrome score compared to the control (mean difference: 0.19; 95% CI: -0.02, 0.39; P = 0.053).
CONCLUSIONS: In this randomized clinical trial, children of mothers receiving n-3 LCPUFA supplementation had increased BMI at age 10 y, increased risk of being overweight, and a tendency of increased fat percentage and higher metabolic syndrome score. These findings suggest potential adverse health effects from n-3 LCPUFA supplementation during pregnancy and need to be replicated in future independent studies. This trial was registered at clinicaltrials.gov as NCT00798226.",Vinding RK; Sevelsted A; Horner D; Vahman N; Lauritzen L; Hagen CP; Chawes B; Stokholm J; Bønnelykke K,2024,The American journal of clinical nutrition,"Randomized Controlled Trial|Journal Article|Research Support, Non-U.S. Gov't",10.1016/j.ajcnut.2023.12.015,https://pubmed.ncbi.nlm.nih.gov/38569788/,retain,true,abstract_only,ABSTRACT_SENTENCE_11,These findings suggest potential adverse health effects from n-3 LCPUFA supplementation during pregnancy and need to be replicated in future independent studies.,2.4 g,These findings suggest potential adverse health effects from n-3 LCPUFA supplementation during pregnancy and need to be replicated in future independent studies.,These findings suggest potential adverse health effects from n-3 LCPUFA supplementation during pregnancy and need to be replicated in future independent studies.,"BACKGROUND: We previously reported that children of mothers who received fish oil supplementation during pregnancy had higher body mass index [BMI (in kg/m2)] at 6 y of age as well as a concomitant increase in fat-, muscle, and bone mass, but no difference in fat percentage. | METHODS: This is a follow-up analysis of a randomized clinical trial conducted among 736 pregnant females and their offspring participating in the Copenhagen Prospective Studies on Asthma in Childhood mother-child cohort. | The intervention was 2.4 g n-3 (ω-3) Long-Chain PolyUnsaturated Fatty Acid (n-3 LCPUFA) or control daily from pregnancy week 24 until 1 wk after birth.",19,research/searches_v4/HRS3_PREGNANCY/pubmed/20260728T014125Z/efetch_00051.xml,bf0124d215e000cf2725ddfe95f37fcad5b0799502719b7d61306df46b818036,,not_observed,ai_screened_regex_confirmed
HRS3_PREGNANCY,pubmed:40005000,pubmed,40005000,Effect of Supplementation with a Specific Probiotic (Bifidobacterium bifidum PRL2010) in Pregnancy for the Prevention of Atopic Dermatitis in Children: Preliminary Results of a Randomized Trial.,"BACKGROUND: Atopic dermatitis (AD) is a chronic inflammatory skin disease characterized by the appearance of recurrent eczematous lesions and intense itching. The World Allergy Organization (WAO) suggested the administration of probiotics in pregnant women at high risk of allergies in their children.
OBJECTIVES: Our study aims to evaluate the role of administering the Bifidobacterium bifidum strain PRL2010 during pregnancy and breastfeeding in preventing and/or reducing the severity of AD manifestations in children.
METHODS: It is a monocentric, randomized, double-blind, placebo-controlled trial with probiotic/placebo administration since the 36th week of gestation to mothers with atopy or a family history of atopy; the effects were evaluated over the first 12 months of the children's lives.
RESULTS: No severe adverse effects due to probiotic intake were reported in our cohort. Although proportionally fewer children with AD were in the probiotic group, the statistical analysis showed no significant differences between the probiotic and placebo groups. However, infants who developed the most severe forms of AD in the probiotic group showed a better clinical course during follow-up compared to those in the placebo group.
CONCLUSIONS: In conclusion, administering the probiotic Bifidobacterium bifidum strain PRL2010 during pregnancy and breastfeeding is safe and potentially beneficial; further large-scale studies may confirm its usefulness in improving the clinical manifestation of AD in children with a family history of atopy.",Anania C; Matys V; Marra S; De Canditiis D; Olivero F; Carraro C; Giugliano A; Zicari AM; Piccioni MG,2025,Nutrients,Journal Article|Randomized Controlled Trial,10.3390/nu17040673,https://pubmed.ncbi.nlm.nih.gov/40005000/,retain,true,abstract_only,ABSTRACT_SENTENCE_5,RESULTS: No severe adverse effects due to probiotic intake were reported in our cohort.,,RESULTS: No severe adverse effects due to probiotic intake were reported in our cohort.,RESULTS: No severe adverse effects due to probiotic intake were reported in our cohort.,"The World Allergy Organization (WAO) suggested the administration of probiotics in pregnant women at high risk of allergies in their children. | OBJECTIVES: Our study aims to evaluate the role of administering the Bifidobacterium bifidum strain PRL2010 during pregnancy and breastfeeding in preventing and/or reducing the severity of AD manifestations in children. | METHODS: It is a monocentric, randomized, double-blind, placebo-controlled trial with probiotic/placebo administration since the 36th week of gestation to mothers with atopy or a family history of atopy; the effects were evaluated over the first 12 months of the children's lives.",19,research/searches_v4/HRS3_PREGNANCY/pubmed/20260728T014125Z/efetch_00070.xml,487864810ba66f8ae2f0f0fdcc68a1e25485d625840570fdaa890b3bc1651ae0,,not_observed,ai_screened_regex_confirmed
HRS3_PREGNANCY,pubmed:41982769,pubmed,41982769,Dietary fiber supplementation mitigates gestational diabetes risk and preterm birth via gut microbiota modulation: a randomized controlled trial.,"BACKGROUND: Gestational Diabetes Mellitus (GDM) poses severe health risks to mother and child, yet effective, non-invasive preventive strategies remain elusive. While the gut microbiota is known to influence glucose metabolism, its potential as a therapeutic target and predictive biomarker in high-risk pregnancies is underexplored. This study investigated whether soluble dietary fiber supplementation could remodel the gut microbiome to prevent GDM and improve pregnancy outcomes.
METHODS: We performed a single-center, randomized controlled trial with 98 pregnant women at elevated risk for GDM. For 5 weeks, from 20 to 24+6 weeks of pregnancy, participants were randomly assigned to either a fiber group (getting soluble fiber supplements every day) or a control group (getting normal care). Clinical outcomes encompassed OGTT results, gestational weight gain (GWG), and delivery outcomes. We used 16S rRNA sequencing to look at changes in gut flora. Furthermore, we developed a novel nomogram integrating clinical variables with microbial signatures to predict GDM risk.
RESULTS: Although GDM incidence did not statistically differ, the fiber group exhibited significantly improved glycemic excursions (predominantly lower 1h-PG, and reduced whole-OGTT glucose AUC and iAUC), reduced GWG during the 5-week intervention period (1.83 vs. 2.54 kg; P = 0.016), and a complete absence of preterm births (0% vs. 12.0%; P = 0.040). Microbiome analysis revealed that fiber intake enriched Bifidobacterium and Limosilactobacillus while suppressing Phascolarctobacterium. Functional prediction indicated a downregulation of inflammation-related pathways (HIF-1, AMPK) in the Fiber group. Crucially, a prediction model combining clinical factors with a specific ""micro-balance"" (Bifidobacterium ratio) achieved superior predictive accuracy (AUC 0.821) compared to clinical factors alone.
CONCLUSIONS: Preliminary findings suggest that dietary fiber supplementation serves as a potent ""biotic"" intervention in high-risk pregnancies, improving 1-hour postprandial glucose homeostasis and eliminating preterm birth in this cohort. The mechanism appears associated with the specific enrichment of Bifidobacterium. Additionally, we validated a novel clinical-microbial nomogram, suggesting that integrating gut microbiome data can significantly enhance GDM risk stratification. Future extensive research is need to confirm these results.",Zhang D; Sheng J; He P; Wang J; Zhou M; Sun Y; Cao Y; Jiang Y; Jia H; Wang L; Xu X; Teng Y,2026,Frontiers in endocrinology,Journal Article|Randomized Controlled Trial,10.3389/fendo.2026.1794560,https://pubmed.ncbi.nlm.nih.gov/41982769/,retain,true,abstract_only,ABSTRACT_SENTENCE_15,"CONCLUSIONS: Preliminary findings suggest that dietary fiber supplementation serves as a potent ""biotic"" intervention in high-risk pregnancies, improving 1-hour postprandial glucose homeostasis and eliminating preterm birth in this cohort.",,"2.54 kg; P = 0.016), and a complete absence of preterm births (0% vs. | CONCLUSIONS: Preliminary findings suggest that dietary fiber supplementation serves as a potent ""biotic"" intervention in high-risk pregnancies, improving 1-hour postprandial glucose homeostasis and eliminating preterm birth in this cohort.","CONCLUSIONS: Preliminary findings suggest that dietary fiber supplementation serves as a potent ""biotic"" intervention in high-risk pregnancies, improving 1-hour postprandial glucose homeostasis and eliminating preterm birth in this cohort.","BACKGROUND: Gestational Diabetes Mellitus (GDM) poses severe health risks to mother and child, yet effective, non-invasive preventive strategies remain elusive. | While the gut microbiota is known to influence glucose metabolism, its potential as a therapeutic target and predictive biomarker in high-risk pregnancies is underexplored. | This study investigated whether soluble dietary fiber supplementation could remodel the gut microbiome to prevent GDM and improve pregnancy outcomes.",19,research/searches_v4/HRS3_PREGNANCY/pubmed/20260728T014125Z/efetch_00096.xml,922b67349b1c2d8fe074651dab2e33ce74131a0067c99d785dd73413583a90d8,,not_observed,ai_screened_regex_confirmed
HRS3_PREGNANCY,pubmed:42024457,pubmed,42024457,Impact of oral iron dosing regimens on iron biomarkers during pregnancy: insights from the PANDA trial.,"Iron deficiency during pregnancy remains a global health burden, yet pregnancy-related physiological adaptations complicate the interpretation of iron biomarkers. Modified oral iron regimens are increasingly used to balance iron intake, absorption, and tolerability. This study evaluated the effects of daily, alternate-day, and 3-times-weekly oral iron supplementation on iron status biomarkers in nonanaemic pregnant participants. In the PANDA (Primary prevention of maternal Anemia to avoid preterm Delivery and other Adverse outcomes) dose-finding trial, nonanemic pregnant women were randomized to receive 200 mg of ferrous sulfate daily, on alternate days, or 3-times-weekly. Blood samples were collected at 9 to 13 and 26 to 30 weeks' gestation (N = 135 participants). Hepcidin and soluble transferrin receptor (sTfR) were measured by enzyme-linked immunosorbent assay, and serum iron, ferritin, transferrin, and C-reactive protein using automated biochemistry. Linear mixed-effects models assessed within- and between-group biomarker changes. Hepcidin, ferritin, and transferrin saturation declined significantly between baseline and follow-up in all groups (P< .001). sTfR increased in the alternate-day (P = .003) and 3-times-weekly groups (P< .001), but not in the daily group (P = .084). Despite supplementation and maintenance of hemoglobin levels, 69% to 72% of women were iron deficient (ferritin <30 μg/L) at 26 to 30 weeks' gestation. Iron status declined across pregnancy regardless of supplementation regimen, suggesting physiological adaptations may dominate over dosing effects. The absence of a significant rise in sTfR in the daily group suggests that daily dosing best meets the iron demand of pregnancy, though confirmation in larger, adequately powered studies is required. This trial was registered at the UK trial registry as #ISRCTN12911644.",Haynes S; Armitage AE; Roy NBA; Morovat A; Drakesmith H; Churchill D; Stanworth SJ,2026,Blood advances,Journal Article|Randomized Controlled Trial,10.1182/bloodadvances.2026019740,https://pubmed.ncbi.nlm.nih.gov/42024457/,retain,true,abstract_only,ABSTRACT_SENTENCE_4,"In the PANDA (Primary prevention of maternal Anemia to avoid preterm Delivery and other Adverse outcomes) dose-finding trial, nonanemic pregnant women were randomized to receive 200 mg of ferrous sulfate daily, on alternate days, or 3-times-weekly.",200 mg | 30 μg,"In the PANDA (Primary prevention of maternal Anemia to avoid preterm Delivery and other Adverse outcomes) dose-finding trial, nonanemic pregnant women were randomized to receive 200 mg of ferrous sulfate daily, on alternate days, or 3-times-weekly.","In the PANDA (Primary prevention of maternal Anemia to avoid preterm Delivery and other Adverse outcomes) dose-finding trial, nonanemic pregnant women were randomized to receive 200 mg of ferrous sulfate daily, on alternate days, or 3-times-weekly.","Iron deficiency during pregnancy remains a global health burden, yet pregnancy-related physiological adaptations complicate the interpretation of iron biomarkers. | This study evaluated the effects of daily, alternate-day, and 3-times-weekly oral iron supplementation on iron status biomarkers in nonanaemic pregnant participants. | In the PANDA (Primary prevention of maternal Anemia to avoid preterm Delivery and other Adverse outcomes) dose-finding trial, nonanemic pregnant women were randomized to receive 200 mg of ferrous sulfate daily, on alternate days, or 3-times-weekly.",18,research/searches_v4/HRS3_PREGNANCY/pubmed/20260728T014125Z/efetch_00097.xml,4affa30ae3ba81915d75eb05274a0f88b36130f0738c3d7afef0b38747d37ed2,,not_observed,ai_screened_regex_confirmed
HRS4_LIVER_DISEASE,pubmed:39636494,pubmed,39636494,Efficacy and Safety of Erzhu Jiedu Decoction Granules in Treating Mid-advanced Hepatitis B Virus-Associated Primary Liver Cancer Patients with Pi (Spleen)-Deficiency and Dampness-Heat Syndrome.,"OBJECTIVE: To assess the efficacy and safety of Erzhu Jiedu Decoction (EZJDD) Granules in treating mid-advanced hepatitis B virus-associated primary liver cancer (HBV-PLC) patients with Pi (Spleen)-deficiency and dampness-heat syndrome.
METHODS: From January 2021 to June 2023, a cohort of 132 patients were enrolled and randomly assigned to a control group or a EZJDD group according to the random numbers, with 66 patients in each group. The patients in the control group received conventional treatment for 3 months, followed by a 3-month follow-up. In addition to the conventional treatment, patients in the EZJDD group were administered EZJDD Granules (10.9 g/pack, 2 packs twice per day) orally for same duration. Progression-free survival (PFS) as primary outcome was evaluated by Kaplan Meier method. Karnofsky performance status (KPS) scores were used to assess the quality of life in two groups before and after treatment, and survival rates were determined as well. The efficacy of Chinese medicine syndrome was calculated with Nimodipine method. Liver function, tumor indicators and T lymphocyte subsets were measured, respectively. Safety indicators were recorded and assessed.
RESULTS: Of the 116 patients who completed the study, 57 were in the control group and 59 in the EZJDD group. The median PFS was 3.53 months (106 days) in the EZJDD group compared to 2.33 months (70 days) in the control group (P=0.005). Six-month survival rate was 52.63% (30/57) in the control group and 69.49% (41/59) in the EZJDD group (P=0.039). The median KPS score in the EZJDD group [70(63, 90)] was higher than that in the control group [70(60, 80)] (P=0.013). The total effective rate of CM syndrome was 52.63% (30/57) in the control group and 77.97% (46/59) in the EZJDD group (P=0.005). The levels of alpha fetoprotein, alpha fetoprotein-L3, alpha-L-fucosidase and protein induced by Vitamin K absence or antagonist- II in the EZJDD group increased less than the control group (P>0.05). CD8+ levels were decreased, while CD3+ and CD4+ levels, as well as CD4+/CD8+ ratio were significantly increased in the EZZJD group (P<0.05). No treatment-related adverse reactions were observed during the study.
CONCLUSION: EZJDD Granules significantly prolonged the median PFS and improved 6-month survival rate in patients with mid-advanced HBV-PLC (Registration No. ChiCTR2200056922).",Cheng Y; Wang HY; Wan CY; Shi JW; Jin YY; He SL; Yin BB; Chen JJ,2025,Chinese journal of integrative medicine,Journal Article|Randomized Controlled Trial,10.1007/s11655-024-3818-1,https://pubmed.ncbi.nlm.nih.gov/39636494/,retain,true,abstract_only,ABSTRACT_SENTENCE_17,No treatment-related adverse reactions were observed during the study.,10.9 g,No treatment-related adverse reactions were observed during the study.,No treatment-related adverse reactions were observed during the study.,"OBJECTIVE: To assess the efficacy and safety of Erzhu Jiedu Decoction (EZJDD) Granules in treating mid-advanced hepatitis B virus-associated primary liver cancer (HBV-PLC) patients with Pi (Spleen)-deficiency and dampness-heat syndrome. | Liver function, tumor indicators and T lymphocyte subsets were measured, respectively.",19,research/searches_v4/HRS4_LIVER_DISEASE/pubmed/20260728T014125Z/efetch_00021.xml,fdab935e68401609487ea23c6ce1843c4d31a7b858292bb0a5e055ce7b336fe8,,not_observed,ai_screened_regex_confirmed
HRS4_LIVER_DISEASE,pubmed:40660986,pubmed,40660986,[A phase Ⅲ clinical study to evaluate the efficacy and safety profile of antaitasvir phosphate combined with yiqibuvir in the treatment of adults with chronic hepatitis C].,"Objective: To assess the efficacy and safety profile of antaitasvir phosphate combined with yiqibuvir in the treatment of chronic hepatitis C (CHC) of various genotypes, without cirrhosis or with compensated cirrhosis. Methods: 394 cases with CHC from 22 centers were collected from October 2021 to April 2023. They were randomly assigned to receive either the experimental drugs (antaitasvir phosphate 100 mg+yiqibuvir 600 mg) or placebo treatment in a 3∶1 ratio. The patients were administered drugs once a day for 12 consecutive weeks, and then followed up for 24 weeks after treatment cessation. All subjects were unblinded at the four-week follow-up following drug discontinuation, with the experimental drug group continuing to complete subsequent post-discontinuation follow-up. The placebo group was switched to receive the experimental drugs for a repeated 12-week treatment period and followed up for another 24 weeks after discontinuation of the drug (placebo delayed treatment phase).The sustained virologic response rate (SVR12) was observed for subjects in the double-blind phase and the placebo delayed-treatment phase at 12 weeks after treatment cessation.Virological resistance analysis was performed on subjects who failed treatment. The primary efficacy endpoint was SVR12. The number and percentage of subjects who achieved ""HCV RNA<quantitative lower limit"" with the experimental drug (antaitasvir phosphate capsule combined with yiqibuvir tablet) were calculated. The safety profile of the drug was evaluated by the incidence and severity degree of adverse events. All efficacy endpoints and safety profile data were summarized using descriptive statistical methods. Results: The results of the full analysis set (FAS) showed that the overall SVR12 rate in the experimental drug group during the double-blind phase was 94.1% (270/287), with SVR12 rates for genotypes 1, 2, 3, and 6 were 98.6% (138/140), 98.4% (60/61), 75.0% (33/44), and 92.9% (39/42), respectively. The SVR12 rate for subjects with compensated cirrhosis was 90.9% (30/33) and those without cirrhosis was 94.5% (240/254). A total of 96 subjects in the placebo group entered the placebo delayed treatment cohort, with an overall SVR12 rate of 95.8% (92/96), with SVR12 rates for genotypes 1, 2, 3, and 6 were 100% (48/48), 100% (21/21), 84.6% (11/13), and 85.7% (12/14), respectively. The rate for subjects with compensated cirrhosis was 92.3% (12/13), and those without cirrhosis was 96.4% (80/83). The results of virology resistance analysis suggested that most virological failures in this study was associated with newly introduced mutation sites or increased mutation proportions, with baseline amino acid mutations had no overall impact on the SVR12 treatment outcomes. The adverse events (TEAEs) related to the experimental drug during this study were mostly grade 1 or grade 2, primarily including hyperuricemia, hypercholesterolemia, and hypertriglyceridemia, with overall good safety and well-tolerability. A total of one case (0.3%) in the experimental drug group was suspended due to TEAEs (fatigue, dizziness, and myalgia), but no TEAEs occurred that led to permanent discontinuation of the drug, termination of treatment, early withdrawal, or death. Conclusions: The combination of antaitasvir phosphate 100 mg combined with yiqibuvir 600 mg demonstrates significant efficacy and a good safety profile in patients with CHC with genotypes 1, 2, 3, and 6, without cirrhosis or with compensated cirrhosis, who have received interferon-based treatment or have received initial treatment.",Wei L; Shang J; An X; Zhang GQ; Guan YJ; Piao HX; Jin JL; Bai L; Yang XX; Yang DK; Luo XH; Yuan SF; Zhao YR; Ma YJ; Li GM; Lin F; Wu XP; Geng JW; Zou GZ; Chang JB; Gong ZJ; Mao XR; Zhu J; Guo WT; He QW; Luo L; Zhuang YL; Xie HM; Zhang YJ,2025,Zhonghua gan zang bing za zhi = Zhonghua ganzangbing zazhi = Chinese journal of hepatology,"Journal Article|Randomized Controlled Trial|Clinical Trial, Phase III|Multicenter Study|English Abstract",10.3760/cma.j.cn501113-20240521-00257,https://pubmed.ncbi.nlm.nih.gov/40660986/,retain,true,abstract_only,ABSTRACT_SENTENCE_15,"The results of virology resistance analysis suggested that most virological failures in this study was associated with newly introduced mutation sites or increased mutation proportions, with baseline amino acid mutations had no overall impact on the SVR12 treatment outcomes.",100 mg | 600 mg,"The safety profile of the drug was evaluated by the incidence and severity degree of adverse events. | The results of virology resistance analysis suggested that most virological failures in this study was associated with newly introduced mutation sites or increased mutation proportions, with baseline amino acid mutations had no overall impact on the SVR12 treatment outcomes. | The adverse events (TEAEs) related to the experimental drug during this study were mostly grade 1 or grade 2, primarily including hyperuricemia, hypercholesterolemia, and hypertriglyceridemia, with overall good safety and well-tolerability.","The results of virology resistance analysis suggested that most virological failures in this study was associated with newly introduced mutation sites or increased mutation proportions, with baseline amino acid mutations had no overall impact on the SVR12 treatment outcomes.","Objective: To assess the efficacy and safety profile of antaitasvir phosphate combined with yiqibuvir in the treatment of chronic hepatitis C (CHC) of various genotypes, without cirrhosis or with compensated cirrhosis. | The SVR12 rate for subjects with compensated cirrhosis was 90.9% (30/33) and those without cirrhosis was 94.5% (240/254). | The rate for subjects with compensated cirrhosis was 92.3% (12/13), and those without cirrhosis was 96.4% (80/83).",19,research/searches_v4/HRS4_LIVER_DISEASE/pubmed/20260728T014125Z/efetch_00026.xml,b6fa3d921a811bd0110e67b8cda47b1c35df424a09c981061a55d2e169590466,,not_observed,ai_screened_regex_confirmed
HRS4_LIVER_DISEASE,pubmed:37120548,pubmed,37120548,Efficacy and safety of carnitine supplementation on NAFLD: a systematic review and meta-analysis.,"BACKGROUND AND OBJECTIVE: The efficacy and safety of L-carnitine supplementation on non-alcoholic fatty liver disease (NAFLD) are unclear. This systematic review and meta-analysis aimed to assess the efficacy and safety of L-carnitine supplementation on NAFLD.
METHODS: We searched in four databases (PubMed, Embase, Cochrane Library, and Web of Science) from inception to 1 November 2022 (updated on March 20, 2023) for potentially relevant records without language restrictions. We collected information on the first author, publication year, country, setting, study design, population characteristics, duration of follow-up, outcome variables of interest, and sources of funding. We used a modified Cochrane risk of bias tool to assess the risk of bias, used GRADE to assess the certainty of evidence, and used the Credibility of Effect Modification Analyses (ICEMAN) tool to assess the credibility of any apparent subgroup effect.
RESULTS: This systematic review and meta-analysis included eight eligible randomized controlled trials (RCTs). Compared to placebo, low certainty evidence show that L-carnitine supplementation significantly changes (reduced) more in AST levels and ALT levels (MD: - 26.38, 95%CI: - 45.46 to - 7.30), and moderate certainty evidence show that L-carnitine supplementation significantly changes (reduced) more in HDL cholesterol levels (MD: 1.14, 95%CI: 0.21 to 2.07) and triglyceride levels (MD: - 6.92, 95%CI: - 13.82 to - 0.03). Moderate credibility of ICEMAN results shows that L-carnitine supplementation has no difference in changes of AST and ALT levels in younger ones (MD: 0.5, 95%CI: - 0.70 to 1.70) but has significant changes (reduced) in adults (MD: - 20.3, 95%CI: - 28.62 to - 12.28) compared to placebo.
CONCLUSION: L-carnitine supplementation may improve liver function and regulate triglyceride metabolism in patients with NAFLD, and with no significant adverse effects.",Liu A; Cai Y; Yuan Y; Liu M; Zhang Z; Xu Y; Jiao P,2023,Systematic reviews,Meta-Analysis|Systematic Review|Journal Article,10.1186/s13643-023-02238-w,https://pubmed.ncbi.nlm.nih.gov/37120548/,retain,true,abstract_only,ABSTRACT_SENTENCE_9,"CONCLUSION: L-carnitine supplementation may improve liver function and regulate triglyceride metabolism in patients with NAFLD, and with no significant adverse effects.",95%,"CONCLUSION: L-carnitine supplementation may improve liver function and regulate triglyceride metabolism in patients with NAFLD, and with no significant adverse effects.","CONCLUSION: L-carnitine supplementation may improve liver function and regulate triglyceride metabolism in patients with NAFLD, and with no significant adverse effects.","BACKGROUND AND OBJECTIVE: The efficacy and safety of L-carnitine supplementation on non-alcoholic fatty liver disease (NAFLD) are unclear. | CONCLUSION: L-carnitine supplementation may improve liver function and regulate triglyceride metabolism in patients with NAFLD, and with no significant adverse effects.",17,research/searches_v4/HRS4_LIVER_DISEASE/pubmed/20260728T014125Z/efetch_00010.xml,f0a7119381527427e691d3f612c943ced8bcd7c3a5484fef60e99e91691e03f4,,not_observed,ai_screened_regex_confirmed
HRS4_LIVER_DISEASE,pubmed:37625603,pubmed,37625603,The therapeutic principle of combined clearing heat and resolving toxin plus TACE on primary liver cancer: A systematic review and meta-analysis.,"ETHNOPHARMACOLOGICAL RELEVANCE: Transcatheter arterial chemoembolization (TACE) is recommended as the first-line therapy for unresected primary liver cancer (PLC), but only partial patients could benefit from TACE due to the serious adverse reactions. Clearing heat and resolving toxin (CHRT), one of most critical traditional Chinese medicine (TCM) therapeutic principles, has been widely used in the treatment of PLC patients especially after TACE. However, there is no enough clinical evidence to confirm the efficacy and safety of the combined therapy.
AIM OF THE STUDY: To comprehensively evaluate the efficacy and safety of the combined CHRT-CHF with TACE in the treatment of PLC.
MATERIALS AND METHODS: 7 databases were searched from their inception until February 1, 2023. The primary outcomes included survival rate (1-, 2-year), objective response rate (ORR) and disease control rate (DCR), liver function indicators (AST, ALT), adverse reactions including fever, upper digestive tract side and myelosuppression, AFP were selected as the secondary outcomes. RevMan5.4 software was used to evaluate the quality of included studies; meta-analysis, subgroup analysis, meta-regression analysis, publication bias and trial sequential analyses (TSA) was conducted by Stata software 12.0.
RESULTS: There were 40 RCTs involving 3649 patients. Patients treated with TACE plus CHRT-CHF showed significantly better 1-, 2-year survival (respectively: OR, 2.23 [1.67-2.97]; OR, 2.13 [1.56-2.92]), ORR (OR, 2.14 [1.82-2.52]), DCR (OR, 2.13 [1.73-2.62]) compared with TACE alone. There was a decreased incidence of aspartate transaminase (AST), alanine transaminase (ALT), alpha-fetoprotein (AFP) and postembolization syndrome (PES) in patients receiving the combined TACE with CHRT-CHF compared with TACE alone. Subgroup analysis found that lower proportion (20-30%) of CHRT-CHF significantly enhanced survival rate and DCR, higher proportion (≥40%) of CHRT-CHF reduced PES after TACE treatment.
CONCLUSION: The efficacy and safety of the combined CHRT-CHF with TACE were validated in this meta-analysis, the optimal proportion of CHRT-CHF in enhancing the efficacy may be 20-30%; Additionally, higher proportion (≥40%) of CHRT-CHF appears to reduce PES after TACE treatment. The potential role of combined relative proportion of CHRT-CHF with TACE should be emphasized in clinic.",Wang Y; Lin W; Huang G; Nie S; Yu Q; Hou F; Zong S,2024,Journal of ethnopharmacology,Meta-Analysis|Systematic Review|Journal Article,10.1016/j.jep.2023.117072,https://pubmed.ncbi.nlm.nih.gov/37625603/,retain,true,abstract_only,ABSTRACT_SENTENCE_6,"The primary outcomes included survival rate (1-, 2-year), objective response rate (ORR) and disease control rate (DCR), liver function indicators (AST, ALT), adverse reactions including fever, upper digestive tract side and myelosuppression, AFP were selected as the secondary outcomes.",,"ETHNOPHARMACOLOGICAL RELEVANCE: Transcatheter arterial chemoembolization (TACE) is recommended as the first-line therapy for unresected primary liver cancer (PLC), but only partial patients could benefit from TACE due to the serious adverse reactions. | The primary outcomes included survival rate (1-, 2-year), objective response rate (ORR) and disease control rate (DCR), liver function indicators (AST, ALT), adverse reactions including fever, upper digestive tract side and myelosuppression, AFP were selected as the secondary outcomes.","The primary outcomes included survival rate (1-, 2-year), objective response rate (ORR) and disease control rate (DCR), liver function indicators (AST, ALT), adverse reactions including fever, upper digestive tract side and myelosuppression, AFP were selected as the secondary outcomes.","ETHNOPHARMACOLOGICAL RELEVANCE: Transcatheter arterial chemoembolization (TACE) is recommended as the first-line therapy for unresected primary liver cancer (PLC), but only partial patients could benefit from TACE due to the serious adverse reactions. | The primary outcomes included survival rate (1-, 2-year), objective response rate (ORR) and disease control rate (DCR), liver function indicators (AST, ALT), adverse reactions including fever, upper digestive tract side and myelosuppression, AFP were selected as the secondary outcomes.",17,research/searches_v4/HRS4_LIVER_DISEASE/pubmed/20260728T014125Z/efetch_00012.xml,b2f5d8137d37f2616e7b417a408ab51b324fbc5cc03b5b5f31a32e6e2e7b0e0f,,not_observed,ai_screened_regex_confirmed
HRS4_LIVER_DISEASE,pubmed:37642137,pubmed,37642137,Effects of branched-chain amino acids supplementation on patients undergoing hepatic intervention: a meta-analysis of randomised controlled trials.,"The benefits of branched-chain amino acid (BCAA) administration after hepatic intervention in patients with liver diseases remain unclear. We conducted a systematic review and meta-analysis to evaluate the effects of BCAA on patients undergoing hepatectomy, trans-arterial embolisation and radiofrequency ablation. Relevant randomised controlled trials (RCT) were obtained from PubMed, EMBASE and Cochrane Library databases. A meta-analysis was performed to calculate the pooled effect size by using random-effects models. The primary outcomes were survival and tumour recurrence. The secondary outcomes were hospital stay, nutrition status, biochemistry profile, complication rate of liver treatment and adverse effect of BCAA supplementation. In total, eleven RCT involving 750 patients were included. Our meta-analysis showed no significant difference in the rates of tumour recurrence and overall survival between the BCAA and control groups. However, the pooled estimate showed that BCAA supplementation in patients undergoing hepatic intervention significantly increased serum albumin (mean difference (MD): 0·11 g/dl, 95 % CI: 0·02, 0·20; 5 RCT) at 6 months and cholinesterase level (MD: 50·00 U/L, 95 % CI: 21·08, 78·92; 1 RCT) at 12 months and reduced ascites incidence (risk ratio: 0·39, 95 % CI: 0·21, 0·71; 4 RCT) at 12 months compared with the control group. Additionally, BCAA administration significantly increased body weight at 6 months and 12 months and increased arm circumference at 12 months. In conclusion, BCAA supplementation significantly improved the liver function, reduced the incidence of ascites and increased body weight and arm circumference. Thus, BCAA supplementation may beneficial for selected patients undergoing liver intervention.",Hsu YM; Kuan HC; Chen YA; Chiu CW; Chen PC; Tam KW,2024,The British journal of nutrition,"Meta-Analysis|Systematic Review|Journal Article|Research Support, Non-U.S. Gov't",10.1017/S0007114523001885,https://pubmed.ncbi.nlm.nih.gov/37642137/,retain,true,abstract_only,ABSTRACT_SENTENCE_6,"The secondary outcomes were hospital stay, nutrition status, biochemistry profile, complication rate of liver treatment and adverse effect of BCAA supplementation.",11 g/d,"The secondary outcomes were hospital stay, nutrition status, biochemistry profile, complication rate of liver treatment and adverse effect of BCAA supplementation.","The secondary outcomes were hospital stay, nutrition status, biochemistry profile, complication rate of liver treatment and adverse effect of BCAA supplementation.","The benefits of branched-chain amino acid (BCAA) administration after hepatic intervention in patients with liver diseases remain unclear. | The secondary outcomes were hospital stay, nutrition status, biochemistry profile, complication rate of liver treatment and adverse effect of BCAA supplementation. | However, the pooled estimate showed that BCAA supplementation in patients undergoing hepatic intervention significantly increased serum albumin (mean difference (MD): 0·11 g/dl, 95 % CI: 0·02, 0·20; 5 RCT) at 6 months and cholinesterase level (MD: 50·00 U/L, 95 % CI: 21·08, 78·92; 1 RCT) at 12 months and reduced ascites incidence (risk ratio: 0·39, 95 % CI: 0·21, 0·71; 4 RCT) at 12 months compared with the control group.",17,research/searches_v4/HRS4_LIVER_DISEASE/pubmed/20260728T014125Z/efetch_00012.xml,b2f5d8137d37f2616e7b417a408ab51b324fbc5cc03b5b5f31a32e6e2e7b0e0f,,not_observed,ai_screened_regex_confirmed
HRS4_LIVER_DISEASE,pubmed:38663781,pubmed,38663781,A comprehensive review of bupleuri radix and its bioactive components： with a major focus on treating chronic liver diseases.,"ETHNOPHARMACOLOGICAL RELEVANCE: Bupleuri Radix (BR) has been recognized as an essential herbal medicine for relieving liver depression for thousands of years. Contemporary research has provided compelling evidence of its pharmacological effects, including anti-inflammatory, immunomodulatory, metabolic regulation, and anticancer properties, positioning it as a promising treatment option for various liver diseases. Hepatitis, steatohepatitis, cirrhosis, and liver cancer are among the prevalent and impactful liver diseases worldwide. However, there remains a lack of comprehensive systematic reviews that explore the prescription, bio-active components, and underlying mechanisms of BR in treating liver diseases.
AIM OF THE REVIEW: To summarize the BR classical Chinese medical prescription and ingredients in treating liver diseases and their mechanisms to inform reference for further development and research.
MATERIALS AND METHODS: Literature in the last three decades of BR and its classical Chinese medical prescription and ingredients were collated and summarized by searching PubMed, Wiley, Springer, Google Scholar, Web of Science, CNKI, etc. RESULTS: BR and its classical prescriptions, such as Xiao Chai Hu decoction, Da Chai Hu decoction, Si Ni San, and Chai Hu Shu Gan San, have been utilized for centuries as effective therapies for liver diseases, including hepatitis, steatohepatitis, cirrhosis, and liver cancer. BR is a rich source of active ingredients, such as saikosaponins, polysaccharides, flavonoids, sterols, organic acids, and so on. These bioactive compounds exhibit a wide range of beneficial effects, including anti-inflammatory, antioxidant, immunomodulatory, and lipid metabolism regulation. However, it is important to acknowledge that BR and its constituents can also possess hepatotoxicity, which is associated with cytochrome P450 (CYP450) enzymes and oxidative stress. Therefore, caution should be exercised when using BR in therapeutic applications to ensure the safe and appropriate utilization of its potential benefits while minimizing any potential risks.
CONCLUSIONS: To sum up, BR, its compounds, and its based traditional Chinese medicine are effective in liver diseases through multiple targets, multiple pathways, and multiple effects. Advances in pharmacological and toxicological investigations of BR and its bio-active components in the future will provide further contributions to the discovery of novel therapeutics for liver diseases.",Zhong Y; Li J; Zhu X; Huang N; Liu R; Sun R,2024,Journal of ethnopharmacology,Journal Article|Systematic Review,10.1016/j.jep.2024.118244,https://pubmed.ncbi.nlm.nih.gov/38663781/,retain,true,abstract_only,ABSTRACT_SENTENCE_10,"However, it is important to acknowledge that BR and its constituents can also possess hepatotoxicity, which is associated with cytochrome P450 (CYP450) enzymes and oxidative stress.",,"However, it is important to acknowledge that BR and its constituents can also possess hepatotoxicity, which is associated with cytochrome P450 (CYP450) enzymes and oxidative stress.","However, it is important to acknowledge that BR and its constituents can also possess hepatotoxicity, which is associated with cytochrome P450 (CYP450) enzymes and oxidative stress.","ETHNOPHARMACOLOGICAL RELEVANCE: Bupleuri Radix (BR) has been recognized as an essential herbal medicine for relieving liver depression for thousands of years. | Contemporary research has provided compelling evidence of its pharmacological effects, including anti-inflammatory, immunomodulatory, metabolic regulation, and anticancer properties, positioning it as a promising treatment option for various liver diseases. | Hepatitis, steatohepatitis, cirrhosis, and liver cancer are among the prevalent and impactful liver diseases worldwide.",17,research/searches_v4/HRS4_LIVER_DISEASE/pubmed/20260728T014125Z/efetch_00016.xml,f34ee1329d78065742d9b91abc003b96e963e6aee5351fa8ea9097c60501e8e0,,not_observed,ai_screened_regex_confirmed
HRS4_LIVER_DISEASE,pubmed:39519500,pubmed,39519500,S-Adenosylmethionine (SAMe) for Liver Health: A Systematic Review.,"BACKGROUND/OBJECTIVES: S-adenosylmethionine (SAMe) is a natural compound implicated in the treatment of liver dysfunction. In this systematic review, our objective was to determine the efficacy, safety, and optimal dose of SAMe in liver diseases.
METHODS: Using the PRISMA methodology, we searched PubMed, CINAHL, and Web of Science using key MeSH search terms. For title/abstract screening, full-text review, and data extraction, two independent researchers reviewed articles, and a third researcher resolved conflicts. Data extraction also included a quality assessment of included articles.
RESULTS: Of the 1881 non-duplicated studies, 15 articles focusing on SAMe use in the liver were included. All included studies (n = 15) scored a 4 or 5 out of 5 points on the quality assessment, which indicated high study quality. Overall, SAMe was effective in improving liver-related parameters with few adverse events, which were primarily mild, transient gastrointestinal complaints.
CONCLUSIONS: The most common doses were SAMe 1000 mg or 1200 mg per day with or without another treatment or natural supplement. Future studies are needed to assess long-term efficacy and safety data of SAMe and the optimal route of administration in liver diseases.",Baden KER; McClain H; Craig E; Gibson N; Draime JA; Chen AMH,2024,Nutrients,Journal Article|Systematic Review,10.3390/nu16213668,https://pubmed.ncbi.nlm.nih.gov/39519500/,retain,true,abstract_only,ABSTRACT_SENTENCE_8,"Overall, SAMe was effective in improving liver-related parameters with few adverse events, which were primarily mild, transient gastrointestinal complaints.",1000 mg | 1200 mg,"Overall, SAMe was effective in improving liver-related parameters with few adverse events, which were primarily mild, transient gastrointestinal complaints.","Overall, SAMe was effective in improving liver-related parameters with few adverse events, which were primarily mild, transient gastrointestinal complaints.","BACKGROUND/OBJECTIVES: S-adenosylmethionine (SAMe) is a natural compound implicated in the treatment of liver dysfunction. | In this systematic review, our objective was to determine the efficacy, safety, and optimal dose of SAMe in liver diseases. | RESULTS: Of the 1881 non-duplicated studies, 15 articles focusing on SAMe use in the liver were included.",17,research/searches_v4/HRS4_LIVER_DISEASE/pubmed/20260728T014125Z/efetch_00021.xml,fdab935e68401609487ea23c6ce1843c4d31a7b858292bb0a5e055ce7b336fe8,,not_observed,ai_screened_regex_confirmed
HRS4_LIVER_DISEASE,pubmed:39756858,pubmed,39756858,Kampo medicine inducing drug-induced liver injury: A case report and systematic review.,"Kampo medicine, comprising various conventional crude drug products, poses challenges in identifying adverse event causality. We present a case of severe liver injury following the administration of Saibokuto and attempted to identify the likely causative crude drug inducing liver injury through a systematic literature review. A 29-year-old woman developed severe liver injury approximately two months after Saibokuto administration, necessitating steroid pulse therapy for recovery. The literature search was conducted on February 15, 2023 in Japan. Using PubMed and the ""Igaku Chuo Zasshi (ICHUSHI) database,"" two individuals independently selected studies published between January 1997 and February 15, 2023. The search focused on studies involving human subjects, published in either English or Japanese, and specifically investigated Kampo medicines categorized as over-the-counter or prescription drugs suspected as causative agents of drug-induced liver injury (DILI). Studies on health supplements, discontinued Kampo medicines, and autoimmune hepatitis, were excluded. As it is ethically impossible to rechallenge drugs that cause liver injury, this review primarily relied on case report literature. Through the review, 37 cases (men/women: 12/25, including present case) were analyzed, including 32 reports (36 cases) from 3,055 studies that met the inclusion criteria. Notably, 65.9% of cases were associated with Scutellariae radix, with onset occurring within 45 (1-730) days and recovery within 35 (7-184) days. Our case study and literature review underscore a prevalent association between liver injury and Kampo medicines containing Scutellariae radix. Vigilant liver function monitoring, particularly within the first 2 months of administration, is recommended, especially for formulations containing Scutellariae radix.",Hoshi A; Funakoshi H; Otoyama Y; Yoshida H; Momo K,2025,Drug discoveries & therapeutics,Journal Article|Systematic Review|Case Reports,10.5582/ddt.2024.01087,https://pubmed.ncbi.nlm.nih.gov/39756858/,retain,true,abstract_only,ABSTRACT_SENTENCE_1,"Kampo medicine, comprising various conventional crude drug products, poses challenges in identifying adverse event causality.",,"Kampo medicine, comprising various conventional crude drug products, poses challenges in identifying adverse event causality. | We present a case of severe liver injury following the administration of Saibokuto and attempted to identify the likely causative crude drug inducing liver injury through a systematic literature review. | A 29-year-old woman developed severe liver injury approximately two months after Saibokuto administration, necessitating steroid pulse therapy for recovery.","Kampo medicine, comprising various conventional crude drug products, poses challenges in identifying adverse event causality.","We present a case of severe liver injury following the administration of Saibokuto and attempted to identify the likely causative crude drug inducing liver injury through a systematic literature review. | A 29-year-old woman developed severe liver injury approximately two months after Saibokuto administration, necessitating steroid pulse therapy for recovery. | The search focused on studies involving human subjects, published in either English or Japanese, and specifically investigated Kampo medicines categorized as over-the-counter or prescription drugs suspected as causative agents of drug-induced liver injury (DILI).",17,research/searches_v4/HRS4_LIVER_DISEASE/pubmed/20260728T014125Z/efetch_00022.xml,57290a89853063834c83bb64cd925061079b92971039301d6130ce6545152bdb,,not_observed,ai_screened_regex_confirmed
HRS4_LIVER_DISEASE,pubmed:40134104,pubmed,40134104,Epigenetic modifications in drug-induced liver injury: A systematic review.,"Genetic susceptibility has been identified in idiosyncratic drug-induced liver injury, a potentially severe adverse reaction towards drugs, herbal products and dietary supplements. However, its occurrence cannot be fully explained by the presence of genetic variants in specific genes, suggesting that other factors are involved. Drug-induced liver injury epigenetic signatures could help explain genetic regulatory mechanisms behind this disease and might provide disease biomarkers. This systematic review aims to analyse all available information on epigenetic risk association studies in drug-induced liver injury. The main inclusion criterion was population studies on idiosyncratic drug-induced liver injury with significant risk association analysis between drug-induced liver injury and an epigenetic regulation mechanism. Out of the 7 included articles, 6 focused on DNA methylation and 1 on long noncoding RNA. All of the studies were on antituberculosis drug-induced liver injury and came from Asia. CpG site methylation in the CYP2D6 (odds ratio: 9.19, 95% confidence interval: 3.26-25.89, P < .001) and NAT2 (odds ratio: 8.37, 95% confidence interval: 2.39-29.32, P = .001) promoters conferred the highest risk. Hypomethylation of LINE-1 and Alu transposable elements has potential as antituberculosis drug-induced liver injury biomarkers, showing an area under the curve value of 0.94. To conclude, the studies mainly focused on DNA methylation modifications associated with antituberculosis drug-induced liver injury, with all of them coming from Asia, where tuberculosis is a public health burden. Despite the lack of knowledge in this area, the evidence has shown that DNA methylation alterations in antituberculosis drug-induced liver injury could have potential as a new diagnostic and therapeutic target.",de Los Santos-Fernández RL; Segovia-Zafra A; Paz-López G; Matilla-Cabello G; Niu H; Álvarez-Álvarez I; Stephens C; González-Jiménez A; Lucena MI; Andrade RJ; Medina-Cáliz I,2025,British journal of clinical pharmacology,Journal Article|Systematic Review,10.1002/bcp.70053,https://pubmed.ncbi.nlm.nih.gov/40134104/,retain,true,abstract_only,ABSTRACT_SENTENCE_10,"To conclude, the studies mainly focused on DNA methylation modifications associated with antituberculosis drug-induced liver injury, with all of them coming from Asia, where tuberculosis is a public health burden.",,"Genetic susceptibility has been identified in idiosyncratic drug-induced liver injury, a potentially severe adverse reaction towards drugs, herbal products and dietary supplements. | Drug-induced liver injury epigenetic signatures could help explain genetic regulatory mechanisms behind this disease and might provide disease biomarkers. | This systematic review aims to analyse all available information on epigenetic risk association studies in drug-induced liver injury.","To conclude, the studies mainly focused on DNA methylation modifications associated with antituberculosis drug-induced liver injury, with all of them coming from Asia, where tuberculosis is a public health burden.","Genetic susceptibility has been identified in idiosyncratic drug-induced liver injury, a potentially severe adverse reaction towards drugs, herbal products and dietary supplements. | Drug-induced liver injury epigenetic signatures could help explain genetic regulatory mechanisms behind this disease and might provide disease biomarkers. | This systematic review aims to analyse all available information on epigenetic risk association studies in drug-induced liver injury.",17,research/searches_v4/HRS4_LIVER_DISEASE/pubmed/20260728T014125Z/efetch_00023.xml,c8e0ba9dabbb9e0e3697e985dbb380270236d1eae6961a31709c78ec7b130fce,,not_observed,ai_screened_regex_confirmed
HRS4_LIVER_DISEASE,pubmed:40441053,pubmed,40441053,Omega-3 polyunsaturated fatty acids and nonalcoholic fatty liver disease in adults: A meta-analysis of randomized controlled trials.,"BACKGROUND AND AIMS: Nonalcoholic fatty liver disease (NAFLD) is the leading cause of liver disease worldwide. Previous meta-analyses investigating the effects of omega-3 polyunsaturated fatty acids (ω-3 PUFA) on NAFLD have reported inconsistent findings. This study aimed to evaluate the efficacy and adverse events (AEs) of ω-3 PUFA in adults with NAFLD.
METHODS: PubMed, MEDLINE, Embase, and Cochrane Library databases were searched for randomized controlled trials (RCTs) published until November 30, 2024. Data were pooled, and meta-analyses were conducted using a random-effects model. The Cochrane Collaboration's Risk of Bias 2.0 tool was used. Subgroup analyses of aspartate aminotransferase (AST) and alanine transaminase (ALT) levels were performed based on treatment duration, dosage, metabolic dysfunction-associated steatotic liver disease (MASLD), nonalcoholic steatohepatitis (NASH), age, sex, and funding source.
RESULTS: Twenty RCTs with 1615 participants were included. The overall risk of bias was 5/20 low risk (25 %), 4/20 high risk (20 %) and 11/20 some concerns (55 %). ω-3 PUFA supplementation significantly improved gamma-glutamyltransferase (GGT) (WMD = -5.38 IU/L, 95 % CI: -9.16 to -1.61) and hepatic steatosis assessed by ultrasonography (US) (OR = 3.83, 95 % CI: 1.03 to 14.27) compared with the control group, although publication bias was observed. No significant effects were observed on AST, ALT, or hepatic fat measured by magnetic resonance spectroscopy (MRS) or MRI-proton density fat fraction (MRI-PDFF), hepatic stiffness, or histology. ω-3 PUFA group was more likely to experience overall AEs compared with the control group. However, the number of RCTs reporting sufficient information was limited.
CONCLUSIONS: ω-3 PUFA supplementation may improve GGT levels and hepatic steatosis assessed by US. However, substantial heterogeneity and the limited number of ultrasound-based studies necessitate further well-designed RCTs. Moreover, careful monitoring of AEs during supplementation was necessary, highlighting the need for long-term safety data.",Kim SJ; Cho SH; Yun JM,2025,"Clinical nutrition (Edinburgh, Scotland)",Journal Article|Meta-Analysis|Systematic Review,10.1016/j.clnu.2025.05.013,https://pubmed.ncbi.nlm.nih.gov/40441053/,retain,true,abstract_only,ABSTRACT_SENTENCE_3,This study aimed to evaluate the efficacy and adverse events (AEs) of ω-3 PUFA in adults with NAFLD.,5.38 IU,"This study aimed to evaluate the efficacy and adverse events (AEs) of ω-3 PUFA in adults with NAFLD. | Subgroup analyses of aspartate aminotransferase (AST) and alanine transaminase (ALT) levels were performed based on treatment duration, dosage, metabolic dysfunction-associated steatotic liver disease (MASLD), nonalcoholic steatohepatitis (NASH), age, sex, and funding source.",This study aimed to evaluate the efficacy and adverse events (AEs) of ω-3 PUFA in adults with NAFLD.,"BACKGROUND AND AIMS: Nonalcoholic fatty liver disease (NAFLD) is the leading cause of liver disease worldwide. | Subgroup analyses of aspartate aminotransferase (AST) and alanine transaminase (ALT) levels were performed based on treatment duration, dosage, metabolic dysfunction-associated steatotic liver disease (MASLD), nonalcoholic steatohepatitis (NASH), age, sex, and funding source. | The overall risk of bias was 5/20 low risk (25 %), 4/20 high risk (20 %) and 11/20 some concerns (55 %). ω-3 PUFA supplementation significantly improved gamma-glutamyltransferase (GGT) (WMD = -5.38 IU/L, 95 % CI: -9.16 to -1.61) and hepatic steatosis assessed by ultrasonography (US) (OR = 3.83, 95 % CI: 1.03 to 14.27) compared with the control group, although publication bias was observed.",17,research/searches_v4/HRS4_LIVER_DISEASE/pubmed/20260728T014125Z/efetch_00025.xml,69bf21922a6b05e4461e186d415b8c01d45b59c10c35fe50cc5edea763e0e26e,,not_observed,ai_screened_regex_confirmed
HRS4_LIVER_DISEASE,pubmed:40441699,pubmed,40441699,Epigenetic modifications in drug-induced liver injury: A systematic review.,"Genetic susceptibility has been identified in idiosyncratic drug-induced liver injury, a potentially severe adverse reaction towards drugs, herbal products and dietary supplements. However, its occurrence cannot be fully explained by the presence of genetic variants in specific genes, suggesting that other factors are involved. Drug-induced liver injury epigenetic signatures could help explain genetic regulatory mechanisms behind this disease and might provide disease biomarkers. This systematic review aims to analyse all available information on epigenetic risk association studies in drug-induced liver injury. The main inclusion criterion was population studies on idiosyncratic drug-induced liver injury with significant risk association analysis between drug-induced liver injury and an epigenetic regulation mechanism. Out of the 7 included articles, 6 focused on DNA methylation and 1 on long noncoding RNA. All of the studies were on antituberculosis drug-induced liver injury and came from Asia. CpG site methylation in the CYP2D6 (odds ratio: 9.19, 95% confidence interval: 3.26-25.89, P < .001) and NAT2 (odds ratio: 8.37, 95% confidence interval: 2.39-29.32, P = .001) promoters conferred the highest risk. Hypomethylation of LINE-1 and Alu transposable elements has potential as antituberculosis drug-induced liver injury biomarkers, showing an area under the curve value of 0.94. To conclude, the studies mainly focused on DNA methylation modifications associated with antituberculosis drug-induced liver injury, with all of them coming from Asia, where tuberculosis is a public health burden. Despite the lack of knowledge in this area, the evidence has shown that DNA methylation alterations in antituberculosis drug-induced liver injury could have potential as a new diagnostic and therapeutic target.",de Los Santos-Fernández RL; Segovia-Zafra A; Paz-López G; Matilla-Cabello G; Niu H; Álvarez-Álvarez I; Stephens C; González-Jiménez A; Lucena MI; Andrade RJ; Medina-Cáliz I,2025,British journal of clinical pharmacology,Journal Article|Systematic Review,10.1111/bcp.70053,https://pubmed.ncbi.nlm.nih.gov/40441699/,retain,true,abstract_only,ABSTRACT_SENTENCE_10,"To conclude, the studies mainly focused on DNA methylation modifications associated with antituberculosis drug-induced liver injury, with all of them coming from Asia, where tuberculosis is a public health burden.",,"Genetic susceptibility has been identified in idiosyncratic drug-induced liver injury, a potentially severe adverse reaction towards drugs, herbal products and dietary supplements. | Drug-induced liver injury epigenetic signatures could help explain genetic regulatory mechanisms behind this disease and might provide disease biomarkers. | This systematic review aims to analyse all available information on epigenetic risk association studies in drug-induced liver injury.","To conclude, the studies mainly focused on DNA methylation modifications associated with antituberculosis drug-induced liver injury, with all of them coming from Asia, where tuberculosis is a public health burden.","Genetic susceptibility has been identified in idiosyncratic drug-induced liver injury, a potentially severe adverse reaction towards drugs, herbal products and dietary supplements. | Drug-induced liver injury epigenetic signatures could help explain genetic regulatory mechanisms behind this disease and might provide disease biomarkers. | This systematic review aims to analyse all available information on epigenetic risk association studies in drug-induced liver injury.",17,research/searches_v4/HRS4_LIVER_DISEASE/pubmed/20260728T014125Z/efetch_00025.xml,69bf21922a6b05e4461e186d415b8c01d45b59c10c35fe50cc5edea763e0e26e,,not_observed,ai_screened_regex_confirmed
HRS4_LIVER_DISEASE,pubmed:40552569,pubmed,40552569,Silymarin for adults with metabolic dysfunction-associated steatotic liver disease.,"RATIONALE: Metabolic dysfunction-associated steatotic liver disease (MASLD) is a major public health challenge, with approximately 32.4% of adults globally diagnosed with the condition and a steadily increasing prevalence. Currently, no specific medicines are approved to manage MASLD effectively. Silymarin, a common herbal agent with antioxidant, anti-inflammatory, and antifibrotic properties, presents potential therapeutic benefits for MASLD in both its monotherapy and complex forms (complexation with solubilising agents, such as vitamin E, phosphatidyl choline, etc.).
OBJECTIVES: To evaluate the benefits and harms of silymarin monotherapy and silymarin complex in adults with MASLD.
SEARCH METHODS: We searched CENTRAL, MEDLINE, Embase, LILACS, Web of Science, three Chinese regional bibliographic databases, and two trial registries; we also performed reference checking and contacted trial authors for relevant studies (search date: 15 May 2024).
ELIGIBILITY CRITERIA: We included randomised clinical trials comparing silymarin monotherapy or silymarin complex versus no intervention, placebo, or other interventions in adults with MASLD. We excluded quasi-randomised and observational studies. There were no restrictions on the publication language, date, or status.
OUTCOMES: Critical outcomes were the proportion of people with serious adverse events, all-cause mortality, and quality of life. Some of the most important outcomes were liver enzymes (i.e. alanine transaminase (ALT), aspartate aminotransferase (AST), and gamma glutamyl transpeptidase (GGT)), and the proportion of people with adverse events considered non-serious. We analysed these outcomes at the end of treatment and during maximal follow-up.
RISK OF BIAS: We assessed the risk of bias using the RoB 2 tool.
SYNTHESIS METHODS: We conducted meta-analyses of available data at maximal follow-up, using the random-effects model as our primary analysis. We calculated risk ratio (RR) for dichotomous data and mean difference (MD) for continuous data, both with 95% confidence intervals (CI). For rare events, we used the Peto odds ratio (OR) and 95% CI. When meta-analysis was not feasible, we synthesised the data narratively. We used GRADE to assess the certainty of evidence for prespecified outcomes.
INCLUDED STUDIES: We included 17 RCTs with 2069 participants having MASLD (78 participants were diagnosed with MASLD, 423 with metabolic-associated steatohepatitis (MASH), and the diagnosis of 1568 participants was not classified). Four trials were multicentre and 13 were single-centre trials. Twelve trials were conducted in Asia, four in Europe, and one in North America. Silymarin monotherapy (nine trials) and silymarin complex (eight trials) were compared with no intervention, placebo, or other interventions. The number of participants ranged from 36 to 494 (median: 90). Participants' mean age was 43.2 years with a mean proportion of males of 55.6% in the trials reporting on this. The follow-up ranged from four weeks to 48 weeks.
SYNTHESIS OF RESULTS: The evidence suggests that silymarin monotherapy versus no intervention or placebo may result in little to no difference in serious adverse events (Peto OR 1.55, 95% CI 0.26 to 9.28; 4 trials, 304 participants; low-certainty evidence). The evidence is very uncertain about the effect of silymarin monotherapy versus no intervention or placebo on non-serious adverse events (RR 1.29, 95% CI 0.88 to 1.89; 4 trials, 282 participants; very low-certainty evidence). Silymarin monotherapy versus no intervention or placebo may decrease ALT (MD -7.21 U/L, 95% CI -10.62 to -3.80; 6 trials, 409 participants; very low-certainty evidence) and GGT (MD -8.30 U/L, 95% CI -12.43 to -4.17; 1 trial, 45 participants; very low-certainty evidence), but the evidence is very uncertain. We did not perform a meta-analysis for AST due to considerable heterogeneity (I2 = 77%). The evidence is very uncertain about the effect of silymarin monotherapy versus other interventions on serious adverse events (Peto OR not estimable, no events observed; 1 trial, 45 participants; very low-certainty evidence), non-serious adverse events (RR 0.67, 95% CI 0.08 to 5.88; 1 trial, 45 participants; very low-certainty evidence), ALT (MD -0.89 U/L, 95% CI -3.78 to 2.00; 2 trials, 111 participants; very low-certainty evidence), AST (MD 0.09 U/L, 95% CI -3.94 to 4.12; 2 trials, 111 participants; very low-certainty evidence), and GGT (MD 2.79 U/L, 95% CI -1.04 to 6.62; 1 trial, 45 participants; very low-certainty evidence). The evidence is very uncertain about the effect of silymarin complex versus no intervention or placebo on serious adverse events (Peto OR not estimable, no events observed; 2 trials, 179 participants; very low-certainty evidence), ALT (MD -1.10 U/L, 95% CI -8.12 to 5.92; 4 trials, 309 participants; very low-certainty evidence), AST (MD 0.84 U/L, 95% CI -1.03 to 2.71; 4 trials, 309 participants; very low-certainty evidence), GGT (MD -1.21 U/L, 95% CI -6.76 to 4.35; 3 trials, 249 participants; very low-certainty evidence), and non-serious adverse events (RR 0.73, 95% CI 0.42 to 1.27; 2 trials, 157 participants; very low-certainty evidence). Silymarin complex versus other interventions probably results in little to no difference in serious adverse events (Peto OR not estimable, no events observed; 3 trials, 920 participants; moderate-certainty evidence). The evidence suggests that silymarin complex may result in little to no difference in GGT (MD 11.60 U/L, 95% CI -12.11 to 35.31; 1 trial, 126 participants; low-certainty evidence). We did not perform meta-analyses for ALT, AST, and non-serious adverse events due to considerable heterogeneity (I2 = 77%, I2 = 82%, and I2 = 90%, respectively). None of the trials included in the comparisons reported all-cause mortality and quality of life.
AUTHORS' CONCLUSIONS: The benefits and harms of silymarin in adults with MASLD are unclear. Although one trial reported the occurrence of serious adverse events, none were deemed to be related to the study drugs. When compared with no intervention or placebo, silymarin monotherapy, rather than silymarin complex, may decrease liver enzymes. However, neither silymarin monotherapy nor silymarin complex showed a reduction in liver enzyme levels compared with other interventions. The certainty of evidence for these findings varied from low to very low due to insufficient power, serious risk of bias, and moderate-to-substantial heterogeneity across studies. Well-designed clinical trials that consider people-related important clinical outcomes, such as all-cause mortality and quality of life, are needed.
FUNDING: This Cochrane review had no dedicated funding.
REGISTRATION: Protocol available via doi.org/10.1002/14651858.CD015524.",Wang C; Shang Y; Kanaan G; Chai L; Li H; Qi X,2025,The Cochrane database of systematic reviews,Journal Article|Meta-Analysis|Systematic Review,10.1002/14651858.CD015524.pub2,https://pubmed.ncbi.nlm.nih.gov/40552569/,retain,true,abstract_only,ABSTRACT_SENTENCE_25,"SYNTHESIS OF RESULTS: The evidence suggests that silymarin monotherapy versus no intervention or placebo may result in little to no difference in serious adverse events (Peto OR 1.55, 95% CI 0.26 to 9.28; 4 trials, 304 participants; low-certainty evidence).",,"OUTCOMES: Critical outcomes were the proportion of people with serious adverse events, all-cause mortality, and quality of life. | Some of the most important outcomes were liver enzymes (i.e. alanine transaminase (ALT), aspartate aminotransferase (AST), and gamma glutamyl transpeptidase (GGT)), and the proportion of people with adverse events considered non-serious. | SYNTHESIS OF RESULTS: The evidence suggests that silymarin monotherapy versus no intervention or placebo may result in little to no difference in serious adverse events (Peto OR 1.55, 95% CI 0.26 to 9.28; 4 trials, 304 participants; low-certainty evidence).","SYNTHESIS OF RESULTS: The evidence suggests that silymarin monotherapy versus no intervention or placebo may result in little to no difference in serious adverse events (Peto OR 1.55, 95% CI 0.26 to 9.28; 4 trials, 304 participants; low-certainty evidence).","RATIONALE: Metabolic dysfunction-associated steatotic liver disease (MASLD) is a major public health challenge, with approximately 32.4% of adults globally diagnosed with the condition and a steadily increasing prevalence. | Some of the most important outcomes were liver enzymes (i.e. alanine transaminase (ALT), aspartate aminotransferase (AST), and gamma glutamyl transpeptidase (GGT)), and the proportion of people with adverse events considered non-serious. | INCLUDED STUDIES: We included 17 RCTs with 2069 participants having MASLD (78 participants were diagnosed with MASLD, 423 with metabolic-associated steatohepatitis (MASH), and the diagnosis of 1568 participants was not classified).",17,research/searches_v4/HRS4_LIVER_DISEASE/pubmed/20260728T014125Z/efetch_00026.xml,b6fa3d921a811bd0110e67b8cda47b1c35df424a09c981061a55d2e169590466,,not_observed,ai_screened_regex_confirmed
HRS4_LIVER_DISEASE,pubmed:41517800,pubmed,41517800,The effectiveness and safety of Yi Guan Jian decoction in the treatment of primary liver cancer: A systematic review and meta-analysis of randomized controlled trials.,"BACKGROUND: Yi Guan Jian decoction (YGJ) is a well-known traditional Chinese medicine (TCM) formula that has been widely used in the clinical treatment of primary liver cancer (PLC). The primary objective of this study is to systematically evaluate the clinical efficacy and safety of YGJ decoction in the treatment of PLC.
METHODS: We searched China National Knowledge Infrastructure, Wanfang Data, Chinese Science and Technology Journal Database (VIP), PubMed, Sinomed, Web of Science, and Cochrane Library from inception to March 2025. Randomized controlled trials involving YGJ or its modified formulations for PLC treatment were included. Study quality was assessed using RevMan 5.4. Count data were analyzed using relative risk and odds ratio; continuous data were analyzed using mean difference (MD) and standardized MD. All statistical indicators were calculated with 95% confidence intervals (CI) and P values. Data were grouped and analyzed based on intervention duration and control group treatment methods.
RESULTS: A total of 10 randomized controlled trials were included, involving 745 patients. Meta-analysis showed that YGJ or its modified versions, combined with Western medical supportive treatments, significantly increased treatment effectiveness (OR = 1.84, 95% CI: 1.32-2.58), improved Karnofsky performance status score (MD = 7.00, 95% CI: 4.80-9.21), decreased serum alpha-fetoprotein (AFP) (SMD = -0.36, 95% CI: -0.58 to -0.14), improved TCM syndrome scores (MD = -3.10, 95% CI: -3.78 to -2.42), reduced total bilirubin (MD = -1.52, 95% CI: -2.25 to -0.78), and lowered gastrointestinal adverse reactions (OR = 0.53, 95% CI: 0.33-0.84).
CONCLUSION: The combination of YGJ or its modified versions with modern medical therapies significantly enhances treatment effectiveness, Karnofsky performance status scores, and TCM syndrome scores, reduces AFP levels, and decreases gastrointestinal adverse reactions compared to modern medical therapies alone. These results suggest that YGJ may be a valuable addition to clinical treatment strategies. However, the included studies had small sample sizes, were geographically limited, and mostly lacked blinding. Future research should involve larger, more diverse samples and rigorous study designs to confirm these findings.",He Z; Cao X; Zhao L; He S,2026,Medicine,Journal Article|Systematic Review|Meta-Analysis,10.1097/MD.0000000000047153,https://pubmed.ncbi.nlm.nih.gov/41517800/,retain,true,abstract_only,ABSTRACT_SENTENCE_10,"Meta-analysis showed that YGJ or its modified versions, combined with Western medical supportive treatments, significantly increased treatment effectiveness (OR = 1.84, 95% CI: 1.32-2.58), improved Karnofsky performance status score (MD = 7.00, 95% CI: 4.80-9.21), decreased serum alpha-fetoprotein (AFP) (SMD = -0.36, 95% CI: -0.58 to -0.14), improved TCM syndrome scores (MD = -3.10, 95% CI: -3.78 to -2.42), reduced total bilirubin (MD = -1.52, 95% CI: -2.25 to -0.78), and lowered gastrointestinal adverse reactions (OR = 0.53, 95% CI: 0.33-0.84).",,"Meta-analysis showed that YGJ or its modified versions, combined with Western medical supportive treatments, significantly increased treatment effectiveness (OR = 1.84, 95% CI: 1.32-2.58), improved Karnofsky performance status score (MD = 7.00, 95% CI: 4.80-9.21), decreased serum alpha-fetoprotein (AFP) (SMD = -0.36, 95% CI: -0.58 to -0.14), improved TCM syndrome scores (MD = -3.10, 95% CI: -3.78 to -2.42), reduced total bilirubin (MD = -1.52, 95% CI: -2.25 to -0.78), and lowered gastrointestinal adverse reactions (OR = 0.53, 95% CI: 0.33-0.84). | CONCLUSION: The combination of YGJ or its modified versions with modern medical therapies significantly enhances treatment effectiveness, Karnofsky performance status scores, and TCM syndrome scores, reduces AFP levels, and decreases gastrointestinal adverse reactions compared to modern medical therapies alone.","Meta-analysis showed that YGJ or its modified versions, combined with Western medical supportive treatments, significantly increased treatment effectiveness (OR = 1.84, 95% CI: 1.32-2.58), improved Karnofsky performance status score (MD = 7.00, 95% CI: 4.80-9.21), decreased serum alpha-fetoprotein (AFP) (SMD = -0.36, 95% CI: -0.58 to -0.14), improved TCM syndrome scores (MD = -3.10, 95% CI: -3.78 to -2.42), reduced total bilirubin (MD = -1.52, 95% CI: -2.25 to -0.78), and lowered gastrointestinal adverse reactions (OR = 0.53, 95% CI: 0.33-0.84).",BACKGROUND: Yi Guan Jian decoction (YGJ) is a well-known traditional Chinese medicine (TCM) formula that has been widely used in the clinical treatment of primary liver cancer (PLC).,17,research/searches_v4/HRS4_LIVER_DISEASE/pubmed/20260728T014125Z/efetch_00030.xml,5056fe3b2f352a0ce3c1cfb84f2642455d342acb070c555d033cfbc4e8a16edd,,not_observed,ai_screened_regex_confirmed
HRS4_LIVER_DISEASE,pubmed:41754125,pubmed,41754125,Efficacy of Probiotic Treatment in Alcoholic Liver Disease: A Systematic Review of Animal Studies.,"BACKGROUND/OBJECTIVES: Alcohol-associated liver disease (ALD) is a major cause of chronic liver injury, in which disruption of the gut-liver axis plays a key pathogenic role. Probiotics have been proposed as a potential therapeutic strategy to mitigate alcohol-induced liver damage; however, the preclinical evidence has not been systematically synthesised. This systematic review aimed to evaluate and summarise the hepatoprotective effects of probiotic supplementation in experimental animal models of ALD.
METHODS: The review protocol was pre-registered in PROSPERO (CRD420250653666) and followed PRISMA guidelines. A systematic search was conducted across PubMed, EMBASE and AGRICOLA databases using relevant keywords from inception to 30 April 2025. We included preclinical randomised controlled trials evaluating single-strain probiotic interventions against placebo or untreated controls in animal models of ALD. Risk of bias was assessed using SYRCLE's tool, and the certainty of evidence for critical outcomes was evaluated using the GRADE framework. A narrative synthesis was performed, as a quantitative meta-analysis was precluded by incomplete numerical outcome reporting.
RESULTS: From initial 628 records, 36 studies were included in the final synthesis. Probiotic supplementation consistently attenuated alcohol-induced liver injury, as evidenced by marked reductions in serum ALT and AST levels and improved liver histology. Mechanistically, probiotics restored gut barrier integrity, reduced systemic endotoxemia, and suppressed pro-inflammatory pathways. Furthermore, probiotic treatment effectively counteracted alcohol-induced gut dysbiosis by increasing microbial diversity and restoring taxonomic balance, notably by reversing the alcohol-induced expansion of Proteobacteria. Despite these consistent directional effects, the overall certainty of evidence for the critical outcomes was rated as very low.
CONCLUSIONS: Although the preclinical literature suggests hepatoprotective effects of probiotics in experimental ALD, these findings should be interpreted with caution due to the very low certainty of evidence. The observed benefits are limited by methodological shortcomings, indirectness inherent to animal models, and incomplete outcome reporting. This review provides a structured preclinical framework to inform the design of future translational studies and well-controlled clinical trials evaluating probiotics as potential adjunctive therapies in human ALD.",Sosnowski K; Kucharski R; Przybyłkowski A,2026,Nutrients,Journal Article|Systematic Review|Review,10.3390/nu18040608,https://pubmed.ncbi.nlm.nih.gov/41754125/,retain,true,abstract_only,ABSTRACT_SENTENCE_1,"BACKGROUND/OBJECTIVES: Alcohol-associated liver disease (ALD) is a major cause of chronic liver injury, in which disruption of the gut-liver axis plays a key pathogenic role.",,"BACKGROUND/OBJECTIVES: Alcohol-associated liver disease (ALD) is a major cause of chronic liver injury, in which disruption of the gut-liver axis plays a key pathogenic role. | Probiotic supplementation consistently attenuated alcohol-induced liver injury, as evidenced by marked reductions in serum ALT and AST levels and improved liver histology.","BACKGROUND/OBJECTIVES: Alcohol-associated liver disease (ALD) is a major cause of chronic liver injury, in which disruption of the gut-liver axis plays a key pathogenic role.","BACKGROUND/OBJECTIVES: Alcohol-associated liver disease (ALD) is a major cause of chronic liver injury, in which disruption of the gut-liver axis plays a key pathogenic role. | Probiotics have been proposed as a potential therapeutic strategy to mitigate alcohol-induced liver damage; however, the preclinical evidence has not been systematically synthesised. | Probiotic supplementation consistently attenuated alcohol-induced liver injury, as evidenced by marked reductions in serum ALT and AST levels and improved liver histology.",17,research/searches_v4/HRS4_LIVER_DISEASE/pubmed/20260728T014125Z/efetch_00031.xml,43cdd984f220def4c96dc1747159f42ffc27ef528ff02ca648cdba02c1fa64fd,,not_observed,ai_screened_regex_confirmed
HRS4_LIVER_DISEASE,pubmed:42381151,pubmed,42381151,Traditional Chinese Medicines for Metabolic Dysfunction-Associated Steatotic Liver Disease: A Mixed-Method Systematic Review.,"OBJECTIVE: This mixed-method systematic review evaluated the efficacy and safety of Traditional Chinese Medicine (TCM) for metabolic dysfunction-associated steatotic liver disease (MASLD) and identified core TCM herbs/compatibility regimens.
METHODS: Six databases were searched (inception to December 31, 2025) for randomized controlled trials (RCTs) of TCM combinations for adult MASLD, with placebo/treatment-as-usual (TAU) as controls. Two independent teams performed screening, data extraction and quality assessment. Quantitative synthesis included meta-analysis with subgroup/meta-regression analyses, publication bias assessment and sensitivity analysis; qualitative synthesis used TCM data mining to identify core herbs and compatibility patterns.
RESULTS: A total of 56 RCTs were included. TCM significantly improved TCM Symptom Score, clinical effective rate, liver controlled attenuation parameter (CAP), liver function (ALT, AST, GGT), lipid metabolism (TC, TG, LDL-C) and reduced BMI, with no benefit for HDL-C. Male proportion had no moderating effect on outcomes. TCM-related adverse events (mainly diarrhea and gastrointestinal discomfort) were mild and rare; 63.2% of studies reported no adverse events. Included RCTs had suboptimal methodological quality (high unclear bias in allocation concealment and blinding). Qualitative analysis of 39 studies identified 78 TCM herbs, with Crataegus pinnatifida (Shan Zha) the most frequent. Six core herbs were identified, with Salvia miltiorrhiza (Dan Shen) and Crataegus pinnatifida (Shan Zha) as the core of the compatibility regimens.
CONCLUSIONS: TCM formulations may provide symptomatic and metabolic benefits for MASLD with acceptable safety and identifiable core herbs; however, evidence certainty is very low due to pervasive poor methodological quality of included RCTs, which severely undermines confidence in findings. High-quality RCTs and mechanistic research are warranted.",Wei Z; Guo L; Zhang G; Qian Y; Lan Z; Yang K,2026,Journal of evidence-based medicine,Journal Article|Systematic Review|Meta-Analysis,10.1111/jebm.70149,https://pubmed.ncbi.nlm.nih.gov/42381151/,retain,true,abstract_only,ABSTRACT_SENTENCE_8,TCM-related adverse events (mainly diarrhea and gastrointestinal discomfort) were mild and rare; 63.2% of studies reported no adverse events.,,TCM-related adverse events (mainly diarrhea and gastrointestinal discomfort) were mild and rare; 63.2% of studies reported no adverse events.,TCM-related adverse events (mainly diarrhea and gastrointestinal discomfort) were mild and rare; 63.2% of studies reported no adverse events.,"OBJECTIVE: This mixed-method systematic review evaluated the efficacy and safety of Traditional Chinese Medicine (TCM) for metabolic dysfunction-associated steatotic liver disease (MASLD) and identified core TCM herbs/compatibility regimens. | TCM significantly improved TCM Symptom Score, clinical effective rate, liver controlled attenuation parameter (CAP), liver function (ALT, AST, GGT), lipid metabolism (TC, TG, LDL-C) and reduced BMI, with no benefit for HDL-C.",17,research/searches_v4/HRS4_LIVER_DISEASE/pubmed/20260728T014125Z/efetch_00035.xml,764e671234abd63aad6eb0c1032b3e8d9bbbf18af04851c4debb40468f44b1d2,,not_observed,ai_screened_regex_confirmed
HRS5_ANTICOAGULATION,pubmed:35037779,pubmed,35037779,Prevention of nNon-Vitamin K Oral Anticoagulants-Related Gastrointestinal Bleeding With Acid Suppressants: A Systematic Review and Meta-Analysis.,"Whether the use of acid suppressants can reduce non-vitamin K oral anticoagulants (NOACs)-related gastrointestinal bleeding (GIB) remains unclear. To systemically evaluate the effect of acid suppressants on the risk of GIB in patients treated with NOACs. All related studies were searched in four databases (Cochrane, Embase, PubMed, and Web of Science) from their establishment to August 10, 2021. The Preferred Reporting Items for Systematic Reviews and Meta-Analyses (PRISMA) statement was used to identify studies and Stata 16.0 software was used for meta-analysis, including sensitivity and subgroup analysis. Six retrospective cohort studies were included in this study. The use of acid suppressants significantly reduced the GIB risk in patients taking NOACs, with an overall relative risk (RR) of 0.70 (95% confidence interval [CI]: 0.61-0.82; P < 0.001; I2 = 56.3%). This trend of reduced risk for GIB in NOACs was more significant in upper GIB (UGIB; RR: 0.45; 95%CI: 0.22-0.90; P = 0.025; I2 = 71.1%). The reduction was stronger for dabigatran than for rivaroxaban and apixaban. The least reduction in the risk of GIB with acid suppressant co-therapy was rivaroxaban (dabigatran: RR: 0.53; 95% CI: 0.45-0.62; P = <0.001; I2 = 39.8%; apixaban: RR: 0.67; 95% CI: 0.54-0.84; P = <0.001; I2 = 0; rivaroxaban: RR: 0.73; 95% CI: 0.66-0.81; P = <0.001; I2 = 37.6%). The included studies revealed the protective effect of acid suppressants against NOACs-related GIB, especially in the upper gastrointestinal tract. The protective effect was even stronger in patients using dabigatran than in those using Xa inhibitors (rivaroxaban and apixaban).",Dong Y; He S; Li X; Zhou Z,2022,Clinical and applied thrombosis/hemostasis : official journal of the International Academy of Clinical and Applied Thrombosis/Hemostasis,Journal Article|Meta-Analysis|Systematic Review,10.1177/10760296211064897,https://pubmed.ncbi.nlm.nih.gov/35037779/,retain,true,abstract_only,ABSTRACT_SENTENCE_1,Whether the use of acid suppressants can reduce non-vitamin K oral anticoagulants (NOACs)-related gastrointestinal bleeding (GIB) remains unclear.,95%,Whether the use of acid suppressants can reduce non-vitamin K oral anticoagulants (NOACs)-related gastrointestinal bleeding (GIB) remains unclear.,Whether the use of acid suppressants can reduce non-vitamin K oral anticoagulants (NOACs)-related gastrointestinal bleeding (GIB) remains unclear.,Whether the use of acid suppressants can reduce non-vitamin K oral anticoagulants (NOACs)-related gastrointestinal bleeding (GIB) remains unclear. | The reduction was stronger for dabigatran than for rivaroxaban and apixaban. | The least reduction in the risk of GIB with acid suppressant co-therapy was rivaroxaban (dabigatran: RR: 0.53; 95% CI: 0.45-0.62; P = <0.001; I2 = 39.8%; apixaban: RR: 0.67; 95% CI: 0.54-0.84; P = <0.001; I2 = 0; rivaroxaban: RR: 0.73; 95% CI: 0.66-0.81; P = <0.001; I2 = 37.6%).,21,research/searches_v4/HRS5_ANTICOAGULATION/pubmed/20260728T014125Z/efetch_00002.xml,61a3c842569c238209a5059632ca732c4623593dee604b24e082cf6b613384fd,,not_observed,ai_screened_regex_confirmed
HRS5_ANTICOAGULATION,pubmed:36323905,pubmed,36323905,Use of tramadol and the risk of bleeding complications in patients on oral anticoagulants: a systematic review and meta-analysis.,"PURPOSE: This systematic review and meta-analysis aimed to determine whether tramadol intake increases the risk of bleeding in patients receiving oral anticoagulants.
METHODS: This systematic review was registered on PROSPERO, CRD42022327230. We searched PubMed and Embase up to 14 April 2022, and references and citations of included studies were screened. Comparative and non-comparative studies exploring bleeding complications among adult patients on oral anticoagulants and tramadol were included. Risk of bias was assessed using an adaptation of the Drug Interaction Probability Scale for case reports and case series and the Newcastle-Ottawa Scale for comparative studies. A meta-analysis was performed for the risk of serious bleeding (leading to hospitalisation or death) associated with tramadol in patients on vitamin K antagonists.
RESULTS: A total of 17 studies were included: 1 case series, 12 case reports, 2 case-control studies and 2 cohort studies. Most of the studies described tramadol-vitamin K antagonists' concomitant use; one case-control study also assessed dabigatran and rivaroxaban; one case report involved dabigatran. Among case reports/series, a total of 33 patients had a bleeding complication while using tramadol and an oral anticoagulant. The 4 comparative studies reported an increased bleeding risk during tramadol and vitamin K antagonist intake which was statistically significant in one study; the pooled risk ratio of serious bleeding was 2.68 [95% CI: 1.45 to 4.96; p < 0.001].
CONCLUSION: This systematic review confirms an association between tramadol use and risk of bleeding in patients on vitamin K antagonists. Evidence is too limited to assess whether this risk extends to patients on direct oral anticoagulants, and further studies are needed.",Lévy C; Gosselin L; Vilcu AM; Steichen O,2022,European journal of clinical pharmacology,Meta-Analysis|Systematic Review|Case Reports|Journal Article,10.1007/s00228-022-03411-1,https://pubmed.ncbi.nlm.nih.gov/36323905/,retain,true,abstract_only,ABSTRACT_SENTENCE_10,The 4 comparative studies reported an increased bleeding risk during tramadol and vitamin K antagonist intake which was statistically significant in one study; the pooled risk ratio of serious bleeding was 2.68 [95% CI: 1.45 to 4.96; p < 0.001].,,PURPOSE: This systematic review and meta-analysis aimed to determine whether tramadol intake increases the risk of bleeding in patients receiving oral anticoagulants. | Comparative and non-comparative studies exploring bleeding complications among adult patients on oral anticoagulants and tramadol were included. | Risk of bias was assessed using an adaptation of the Drug Interaction Probability Scale for case reports and case series and the Newcastle-Ottawa Scale for comparative studies.,The 4 comparative studies reported an increased bleeding risk during tramadol and vitamin K antagonist intake which was statistically significant in one study; the pooled risk ratio of serious bleeding was 2.68 [95% CI: 1.45 to 4.96; p < 0.001].,PURPOSE: This systematic review and meta-analysis aimed to determine whether tramadol intake increases the risk of bleeding in patients receiving oral anticoagulants. | Comparative and non-comparative studies exploring bleeding complications among adult patients on oral anticoagulants and tramadol were included. | Most of the studies described tramadol-vitamin K antagonists' concomitant use; one case-control study also assessed dabigatran and rivaroxaban; one case report involved dabigatran.,21,research/searches_v4/HRS5_ANTICOAGULATION/pubmed/20260728T014125Z/efetch_00005.xml,c33f57fccf9e095081cfe23e73d62e8e31c9e3bba80529bde4075a011dfa391e,,not_observed,ai_screened_regex_confirmed
HRS5_ANTICOAGULATION,pubmed:41791665,pubmed,41791665,Rate of abnormal uterine bleeding in women on anticoagulation for venous thromboembolism: systematic review and meta-analysis.,"Venous thromboembolism (VTE) disproportionately affects women of reproductive age, and abnormal uterine bleeding (AUB) associated with anticoagulation, particularly direct oral anticoagulants (DOACs), remains underreported. Suboptimal AUB management may lead to iron deficiency anemia and recurrent VTE. We aimed to compare the incidence and risk of AUB in women receiving DOACs vs low-molecular-weight heparin (LMWH)/vitamin K antagonists (VKAs) for VTE and quantify anemia and iron deficiency risks. We conducted a systematic review and meta-analysis using MEDLINE, Embase, and Cochrane databases (since inception to June 2024) for randomized trials and prospective studies. Eligible studies reported AUB in women receiving DOACs, LMWH/VKA, aspirin, or placebo. Primary outcomes were major bleeding (MB), clinically relevant nonmajor bleeding (CRNMB) from uterine sites, and unspecified AUB; secondary outcomes were iron deficiency anemia and recurrent VTE. Pooled incidence and relative risks (RRs) were calculated using random-effects models. Twenty-one studies were included (10 randomized controlled trials and 11 cohorts). AUB definitions varied: MB (n = 12), CRNMB uterine bleeding (n = 10), pictorial bleeding assessment chart (n = 2), and unspecified AUB (n = 7). The overall uterine bleeding risk did not differ between DOACs and LMWH/VKA (RR, 1.47; 95% CI, 0.93-2.33). DOACs showed no increased MB/CRNMB risk but had higher unspecified AUB (RR, 2.68; 95% CI, 1.57-4.57). Rivaroxaban showed a 2.7-fold higher AUB risk than LMWH/VKA (P < .01). Data on iron deficiency and anemia were limited. AUB risk with DOACs varies by bleeding definition. The increased risk of non-International Society on Thrombosis and Haemostasis-defined AUB, particularly with rivaroxaban, is obscured when relying on standard bleeding criteria. Improved reporting and consistent definitions are needed to better understand gender disparities in VTE treatment.",Taree NA; Lee A; Sivak A; Rich R; Zhu N; Wei Linda Sun H; Wu C,2026,Journal of thrombosis and haemostasis : JTH,Journal Article|Systematic Review|Meta-Analysis|Review,10.1016/j.jtha.2026.01.030,https://pubmed.ncbi.nlm.nih.gov/41791665/,retain,true,abstract_only,ABSTRACT_SENTENCE_9,"AUB definitions varied: MB (n = 12), CRNMB uterine bleeding (n = 10), pictorial bleeding assessment chart (n = 2), and unspecified AUB (n = 7).",,"Venous thromboembolism (VTE) disproportionately affects women of reproductive age, and abnormal uterine bleeding (AUB) associated with anticoagulation, particularly direct oral anticoagulants (DOACs), remains underreported. | Primary outcomes were major bleeding (MB), clinically relevant nonmajor bleeding (CRNMB) from uterine sites, and unspecified AUB; secondary outcomes were iron deficiency anemia and recurrent VTE. | AUB definitions varied: MB (n = 12), CRNMB uterine bleeding (n = 10), pictorial bleeding assessment chart (n = 2), and unspecified AUB (n = 7).","AUB definitions varied: MB (n = 12), CRNMB uterine bleeding (n = 10), pictorial bleeding assessment chart (n = 2), and unspecified AUB (n = 7).","Venous thromboembolism (VTE) disproportionately affects women of reproductive age, and abnormal uterine bleeding (AUB) associated with anticoagulation, particularly direct oral anticoagulants (DOACs), remains underreported. | We aimed to compare the incidence and risk of AUB in women receiving DOACs vs low-molecular-weight heparin (LMWH)/vitamin K antagonists (VKAs) for VTE and quantify anemia and iron deficiency risks. | Rivaroxaban showed a 2.7-fold higher AUB risk than LMWH/VKA (P < .01).",21,research/searches_v4/HRS5_ANTICOAGULATION/pubmed/20260728T014125Z/efetch_00018.xml,cd2e854d383f4778becc4d9f27ca8f4bc371d5159c9ae0e6ebb8fbdb8cc33fa5,,not_observed,ai_screened_regex_confirmed
HRS5_ANTICOAGULATION,pubmed:38252269,pubmed,38252269,SAMe-TT2R2 Score to Predict Time in Therapeutic Range of Vitamin K Antagonists in Asian and Non-Asian patients: A Systematic Review and Meta-analysis.,"BACKGROUND: Sex, age, medical history, treatment, tobacco use, and race (SAMe-TT2R2) score helps detect patients at risk of suboptimal anticoagulation control. A score above two suggests poor control; however, non-Caucasian status being assigned two points might hinder the recognition of poor control in patients of other races.
OBJECTIVE: To evaluate the SAMe-TT2R2 score's ability to predict poor anticoagulation control [defined as time in therapeutic range (TTR) < 60-70%] in Asian and non-Asian populations on vitamin K antagonists (VKAs).
METHODS: We searched PubMed, Cochrane Library, Scopus, SpringerLink, and Web of Science using the keyword ""SAMe-TT2R2."" Articles published before April 2022 were screened. We gathered mean TTR and diagnostic accuracy data for different SAMe-TT2R2 thresholds and conducted meta-analyses using random-effects models.
RESULTS: A total of 30 studies were included (N = 36,690). The overall mean TTR differences were - 4.88 and - 6.41 for the cutoffs of ≥ 3 and ≥ 4, respectively. For non-Asian patients, the mean TTR differences were - 3.86, - 5.12, and - 8.09 for the cutoffs ≥ 2, ≥ 3, and ≥ 4, respectively. For Asian patients, the mean TTR differences were - 3.99 and - 4.07 for the cut-offs ≥ 3 and ≥ 4, respectively. The highest positive likelihood ratio (LR+) for the Asian subgroup was 1.17 [95% confidence interval (CI): 1.06-1.28; I2 = 0%, p heterogeneity = 0.500] at cutoff ≥ 4 and for the non-Asian subgroup, at cut-off ≥ 3, the LR+ was 1.24 (95% CI 1.14-1.34; I2 = 0% p heterogeneity = 0.455). The lowest LR- was found at a lower cutoff for both races (at cutoff ≥ 3 and ≥ 2 for Asian and non-Asian subgroups, respectively). The pooled results of other accuracy parameters were modest at all cutoffs, except for the sensitivity at cutoff ≥ 3 in the Asian subgroup (83.05%).
CONCLUSION: Our study results suggest that a higher SAMe-TT2R2 score resulted in a greater reduction of TTR among Asian and all races. The accuracy parameters showed the highest sensitivity for poor TTR at the SAMe-TT2R2 cutoff of ≥ 3 for Asian patients. However, the ability to identify patients likely to have poor TTR was limited. Further research is needed to enhance the risk assessment for poor anticoagulation control with VKAs.
REGISTRATION: The protocol of this systematic review was registered in the International Prospective Register of Scientific Reviews: PROSPERO, registration number CRD42021291865.",Poonchuay N; Saokaew S; Incomenoy S,2024,"American journal of cardiovascular drugs : drugs, devices, and other interventions",Journal Article|Meta-Analysis|Systematic Review,10.1007/s40256-023-00623-3,https://pubmed.ncbi.nlm.nih.gov/38252269/,retain,true,abstract_only,ABSTRACT_SENTENCE_1,"BACKGROUND: Sex, age, medical history, treatment, tobacco use, and race (SAMe-TT2R2) score helps detect patients at risk of suboptimal anticoagulation control.",,"BACKGROUND: Sex, age, medical history, treatment, tobacco use, and race (SAMe-TT2R2) score helps detect patients at risk of suboptimal anticoagulation control. | OBJECTIVE: To evaluate the SAMe-TT2R2 score's ability to predict poor anticoagulation control [defined as time in therapeutic range (TTR) < 60-70%] in Asian and non-Asian populations on vitamin K antagonists (VKAs). | Further research is needed to enhance the risk assessment for poor anticoagulation control with VKAs.","BACKGROUND: Sex, age, medical history, treatment, tobacco use, and race (SAMe-TT2R2) score helps detect patients at risk of suboptimal anticoagulation control.","BACKGROUND: Sex, age, medical history, treatment, tobacco use, and race (SAMe-TT2R2) score helps detect patients at risk of suboptimal anticoagulation control. | OBJECTIVE: To evaluate the SAMe-TT2R2 score's ability to predict poor anticoagulation control [defined as time in therapeutic range (TTR) < 60-70%] in Asian and non-Asian populations on vitamin K antagonists (VKAs). | Further research is needed to enhance the risk assessment for poor anticoagulation control with VKAs.",17,research/searches_v4/HRS5_ANTICOAGULATION/pubmed/20260728T014125Z/efetch_00010.xml,b0a84be7a5a9257917ea7551b9faa0c81d5b01d4f42223a9a0fa226b827cf74b,,not_observed,ai_screened_regex_confirmed
HRS5_ANTICOAGULATION,pubmed:40261502,pubmed,40261502,Advances and Challenges in the Application of Novel Oral Anticoagulants for Venous Thromboembolism Prevention Following Colorectal Cancer Surgery.,"BACKGROUND: Venous thromboembolism (VTE) is a common but severe complication following colorectal cancer (CRC) surgery. Traditional anticoagulants such as low molecular weight heparin (LMWH) and vitamin K antagonists face limitations in clinical due to requirements for frequent monitoring, subcutaneous administration, and poor patient adherence. Novel Oral Anticoagulants (NOACs), with advantages including oral administration, stable pharmacokinetics, and no requirement for routine monitoring, have emerged as potential alternatives for postoperative VTE prophylaxis.
METHODS: This narrative review synthesized evidence from PubMed and Web of Science (up to October 2024). Initial plans for a systematic review were adjusted due to limited CRC-specific trials, focusing instead on bridging existing evidence to emerging clinical applications.
RESULTS: Postoperative VTE incidence remains heterogeneous, influenced by symptom-driven versus systematic detection and temporal improvements in perioperative care. Extended LMWH reduces VTE risk, yet adherence remains low. The PROLAPS II trial demonstrated rivaroxaban's efficacy in reducing VTE after laparoscopic CRC surgery, with comparable major bleeding rates to placebo. Meta-analyses confirm NOACs' non-inferiority to LMWH for short-term prophylaxis, but CRC-specific extended regimens lack validation. Safety concerns include heightened gastrointestinal/genitourinary bleeding risks and potential drug interactions with anticancer therapies. Clinician familiarity gaps and patient resistance to injectable agents further impede guideline adherence. Conflicting guidelines underscore unresolved debates on ideal regimens.
CONCLUSION: NOACs offer practical advantages over LMWH for extended thromboprophylaxis in CRC surgery, particularly in enhancing adherence. However, bleeding risks and limited high-quality evidence necessitate cautious clinical integration. Future research must prioritize large-scale RCTs to validate LMWH-NOAC sequential regimens, optimize risk-stratified protocols, and address interactions within enhanced recovery pathways. Harmonized guidelines and provider education are critical to bridging implementation gaps.",Kun Y; Song Z,2025,Journal of gastrointestinal cancer,Journal Article|Systematic Review,10.1007/s12029-025-01232-w,https://pubmed.ncbi.nlm.nih.gov/40261502/,retain,true,abstract_only,ABSTRACT_SENTENCE_15,"Future research must prioritize large-scale RCTs to validate LMWH-NOAC sequential regimens, optimize risk-stratified protocols, and address interactions within enhanced recovery pathways.",,"BACKGROUND: Venous thromboembolism (VTE) is a common but severe complication following colorectal cancer (CRC) surgery. | Traditional anticoagulants such as low molecular weight heparin (LMWH) and vitamin K antagonists face limitations in clinical due to requirements for frequent monitoring, subcutaneous administration, and poor patient adherence. | Novel Oral Anticoagulants (NOACs), with advantages including oral administration, stable pharmacokinetics, and no requirement for routine monitoring, have emerged as potential alternatives for postoperative VTE prophylaxis.","Future research must prioritize large-scale RCTs to validate LMWH-NOAC sequential regimens, optimize risk-stratified protocols, and address interactions within enhanced recovery pathways.","Traditional anticoagulants such as low molecular weight heparin (LMWH) and vitamin K antagonists face limitations in clinical due to requirements for frequent monitoring, subcutaneous administration, and poor patient adherence. | Novel Oral Anticoagulants (NOACs), with advantages including oral administration, stable pharmacokinetics, and no requirement for routine monitoring, have emerged as potential alternatives for postoperative VTE prophylaxis. | The PROLAPS II trial demonstrated rivaroxaban's efficacy in reducing VTE after laparoscopic CRC surgery, with comparable major bleeding rates to placebo.",17,research/searches_v4/HRS5_ANTICOAGULATION/pubmed/20260728T014125Z/efetch_00015.xml,5915bb9f28c4b44288a4f33d734b12ae42fb842f80b2d074c4114b778d66f2fa,,not_observed,ai_screened_regex_confirmed
HRS5_ANTICOAGULATION,pubmed:37704534,pubmed,37704534,"Clinical, economic, and humanistic impact of a multidisciplinary medication review with follow-up for anticoagulated patients treated with vitamin K antagonists in primary care: A cluster randomised controlled trial.","BACKGROUND: Interdisciplinary collaboration between general practitioner, nurses and pharmacists can favour the control of patients treated with vitamin K antagonists (VKA), increasing their safety and effectiveness. The aim of the study was to evaluate the impact of pharmaceutical interventions on patients treated with VKA within the framework of a Pharmacotherapeutic Follow-up service on clinical, economic and humanistic outcomes.
METHODS: Controlled and randomized study in patients from two health areas of Zaragoza in treatment with VKA with Time in Therapeutic Range (TTR) according to the Rosendaal method less than 70% in the last 6 months. Patients were recruited at the pharmacy and assigned to two groups: control and intervention. A Pharmacotherapeutic Follow-up Program was established for the intervention group for 6 months. The outcome variables were INR stability, pharmacological adherence, vitamin K intake, knowledge about the use of acenocoumarol, quality of life, satisfaction with treatment, associated costs and avoided costs. A descriptive analysis was performed, and the Students' T test or Mann-Whitney U test was used for the association between quantitative variables and Chi-square or Fisher's test for qualitative variables.
RESULTS: A total of 123 patients were included, 65 in the intervention group (IG) and 58 in the control group (CG). A total of 108 interventions were conducted (1.7 interventions/patient) and the most common were those related to the proper taking of medications (41.0%). In IG, TTR (p = 0.019), adherence to treatment (p = 0.038) and knowledge about acenocoumarol (p = 0.031) improved, compared to CG. A higher proportion of patients in IG achieved a TTR>65% (p = 0.024). In addition, patients whose interventions were accepted by the physician (p = 0.027) and those who received vitamin K optimization interventions (p = 0.003) achieved TTR>65% in greater proportion.
CONCLUSIONS: Community pharmacist medication review, in collaboration with general practitioners improve knowledge and adherence of patients treated with oral anti-vitamin K agents and enhances the achievement of their therapeutic INR ranges. Investment needed to achieve this clinical impact is low and patient satisfaction is high.
TRIAL REGISTRATION: This study has been registered with Clinical Trials.gov dated 25/05/2017: NCT03154489.",Sáez-Benito A; Berenguer N; Magallón R; Oliván B; Ezquerra L; Sáez-Benito L,2023,Research in social & administrative pharmacy : RSAP,"Journal Article|Randomized Controlled Trial|Research Support, Non-U.S. Gov't",10.1016/j.sapharm.2023.08.007,https://pubmed.ncbi.nlm.nih.gov/37704534/,retain,true,abstract_only,ABSTRACT_SENTENCE_13,"CONCLUSIONS: Community pharmacist medication review, in collaboration with general practitioners improve knowledge and adherence of patients treated with oral anti-vitamin K agents and enhances the achievement of their therapeutic INR ranges.",,"The outcome variables were INR stability, pharmacological adherence, vitamin K intake, knowledge about the use of acenocoumarol, quality of life, satisfaction with treatment, associated costs and avoided costs. | CONCLUSIONS: Community pharmacist medication review, in collaboration with general practitioners improve knowledge and adherence of patients treated with oral anti-vitamin K agents and enhances the achievement of their therapeutic INR ranges.","CONCLUSIONS: Community pharmacist medication review, in collaboration with general practitioners improve knowledge and adherence of patients treated with oral anti-vitamin K agents and enhances the achievement of their therapeutic INR ranges.",,15,research/searches_v4/HRS5_ANTICOAGULATION/pubmed/20260728T014125Z/efetch_00009.xml,3b9af8bae872b9562ce1c921e12c3fdaec8cd7c56505960b873956f756e74d77,,not_observed,ai_screened_regex_confirmed
HRS5_ANTICOAGULATION,pubmed:40491104,pubmed,40491104,Role of Low Molecular Weight Heparin in Unexplained Recurrent Pregnancy Loss.,"OBJECTIVE: To evaluate the effectiveness of low molecular weight heparin (LMWH) in unexplained recurrent pregnancy loss (URPL).
STUDY DESIGN: Open-labelled, single-centre, randomised controlled trial. Place and Duration of the Study: Department of Obstetrics and Gynaecology, DG Khan Hospital, Dera Ghazi Khan, Pakistan, from June 2023 to December 2024.
METHODOLOGY: One hundred and seventy pregnant women aged 18-44 years with a gestational age exceeding 8 weeks and a history of three or more consecutive first-trimester pregnancy losses were randomly assigned to one of two groups using the sealed envelope lottery method. The LMWH group (n = 85) received a daily subcutaneous injection of 40 mg LMWH, while the placebo group (n = 85) was given a multivitamin tablet as a placebo. The primary outcome was assessed in terms of efficacy, defined as live births occurring after reaching 24 weeks of gestation. Secondary outcomes included both maternal and foetal health outcomes. Numeric data were compared by applying the Mann-Whitney U test, while categorical data were compared by employing the Chi-square test. For all inferential statistics, a value of p <0.05 was considered statistically significant.
RESULTS: In a total of 170 women, the median age was 32.00 (30.00-35.00) years. In the LMWH group, the proportion of live-births was 88.0% versus 73.4% in the placebo group (p = 0.019). It was found that the proportion of caesarean section was significantly higher among women of the LMWH group (72.6% vs. 51.7%, p = 0.014). The proportion of premature birth was significantly high in placebo group (25.9% vs. 9.6%, p = 0.013).
CONCLUSION: This study demonstrates that the LMWH is associated with a significantly higher live birth rate in women with RPL, without increasing the risk of adverse maternal and neonatal outcomes.
KEY WORDS: Heparin, Gestational age, Low birth weight, Placebo, Pregnancy loss.",Parveen R; Sultana H; Siddiqa A,2025,Journal of the College of Physicians and Surgeons--Pakistan : JCPSP,Journal Article|Randomized Controlled Trial,10.29271/jcpsp.2025.06.717,https://pubmed.ncbi.nlm.nih.gov/40491104/,retain,true,abstract_only,ABSTRACT_SENTENCE_16,"CONCLUSION: This study demonstrates that the LMWH is associated with a significantly higher live birth rate in women with RPL, without increasing the risk of adverse maternal and neonatal outcomes.",40 mg,"CONCLUSION: This study demonstrates that the LMWH is associated with a significantly higher live birth rate in women with RPL, without increasing the risk of adverse maternal and neonatal outcomes.","CONCLUSION: This study demonstrates that the LMWH is associated with a significantly higher live birth rate in women with RPL, without increasing the risk of adverse maternal and neonatal outcomes.","OBJECTIVE: To evaluate the effectiveness of low molecular weight heparin (LMWH) in unexplained recurrent pregnancy loss (URPL). | KEY WORDS: Heparin, Gestational age, Low birth weight, Placebo, Pregnancy loss.",15,research/searches_v4/HRS5_ANTICOAGULATION/pubmed/20260728T014125Z/efetch_00015.xml,5915bb9f28c4b44288a4f33d734b12ae42fb842f80b2d074c4114b778d66f2fa,,not_observed,ai_screened_regex_confirmed
HRS5_ANTICOAGULATION,pubmed:38154516,pubmed,38154516,Association evaluations of oral anticoagulants with dementia risk based on genomic and real-world data.,"BACKGROUND: Several observational studies have suggested that oral anticoagulants (OACs) might reduce the risk of dementia in the elderly, but the evidence is inconclusive. And the consistency of this relationship across different OAC classes and dementia subtypes is still uncertain.
METHODS: To comprehensively evaluate this association, we applied Mendelian randomization (MR) combined with pharmacovigilance analysis. MR was used to assess the associations between genetic proxies for three target genes of OACs (VKORC1, F2, and F10) and dementia, including Alzheimer's disease (AD) and vascular dementia (VaD). This genetic analysis was supplemented with real-world pharmacovigilance data, employing disproportionality analysis for more reliable causal inference.
RESULTS: Increased expression of the VKORC1 gene was strongly associated with increased risk of dementia, especially for AD (OR = 1.28, 95% CI = 1.14-1.43; p value < 0.001). Based on pharmacovigilance data, vitamin K antagonists (VKAs, inhibitors targeting VKORC1) exhibited a protective effect against dementia risk (ROR = 0.43, 95% CI = 0.28-0.67). Additional sensitivity analyses, including different MR models and cohorts, supported these results. Conversely, no strong causal associations of genetically proxied F2 and F10 target genes with dementia and its subtypes were found.
CONCLUSIONS: This study reveals that the inhibition of genetically proxied VKORC1 expression or VKAs exposure is associated with a reduced risk of Alzheimer's dementia. However, there is little evidence to support similar associations with direct oral anticoagulants (F2 inhibitors and F10 inhibitors). Further research is warranted to clinically validate our findings.",Ma J; Chen H; Zou C; Yang G,2024,Progress in neuro-psychopharmacology & biological psychiatry,"Journal Article|Research Support, Non-U.S. Gov't",10.1016/j.pnpbp.2023.110929,https://pubmed.ncbi.nlm.nih.gov/38154516/,retain,true,abstract_only,ABSTRACT_SENTENCE_1,"BACKGROUND: Several observational studies have suggested that oral anticoagulants (OACs) might reduce the risk of dementia in the elderly, but the evidence is inconclusive.",,"BACKGROUND: Several observational studies have suggested that oral anticoagulants (OACs) might reduce the risk of dementia in the elderly, but the evidence is inconclusive. | However, there is little evidence to support similar associations with direct oral anticoagulants (F2 inhibitors and F10 inhibitors).","BACKGROUND: Several observational studies have suggested that oral anticoagulants (OACs) might reduce the risk of dementia in the elderly, but the evidence is inconclusive.","BACKGROUND: Several observational studies have suggested that oral anticoagulants (OACs) might reduce the risk of dementia in the elderly, but the evidence is inconclusive. | However, there is little evidence to support similar associations with direct oral anticoagulants (F2 inhibitors and F10 inhibitors).",13,research/searches_v4/HRS5_ANTICOAGULATION/pubmed/20260728T014125Z/efetch_00010.xml,b0a84be7a5a9257917ea7551b9faa0c81d5b01d4f42223a9a0fa226b827cf74b,,not_observed,ai_screened_regex_confirmed
HRS5_ANTICOAGULATION,pubmed:39288907,pubmed,39288907,"Pharmacokinetic and Pharmacodynamic Interactions between Food or Herbal Products and Oral Anticoagulants: Evidence Review, Practical Recommendations, and Knowledge Gaps.","Interactions between food and oral anticoagulants (OACs), particularly vitamin K antagonists such as warfarin, are widely recognized and may also be clinically relevant for direct OACs. Pharmacokinetic and pharmacodynamic interactions with food or herbs can lead to anticoagulation potentiation, increased risk of bleeding, or reduced drug efficacy, all compromising patient safety. We conducted a systematic search for randomized controlled trials (RCTs) on PubMed for assessments of interactions between OACs and various ingestants. Since the RCT evidence was slim, we also reviewed prospective longitudinal studies, case series, and case reports to identify possible associations between foods and anticoagulation therapy. We referred to basic or translational studies that shared putative explanations for such interactions, but we failed to identify high-quality evidence in most cases. The limited evidence, small sample size of the studies, conflicting results, and possible heterogeneity in the contents of herbal products prevent a conclusive assessment of these interactions. Existing evidence suggests that (1) cranberry juice consumption (up to 240 mL/d and probably even more) with warfarin is safe; (2) use of green leafy vegetables with a high daily content (more than 250 µg) of vitamin K should be cautioned for patients receiving warfarin, because it may decrease warfarin efficacy. It is also advisable for patients to maintain highly constant intake of green leafy vegetables to ensure stable warfarin effectiveness; (3) ginger, even in small quantities (excluding commercial ginger-flavored beverages, which contain only negligible amounts of ginger), and mango (more than one fruit) can both potentiate warfarin effects; (4) patients taking OACs should avoid St. John's wort due to diminished anticoagulant effect; and (5) consumption of less than 240 mL of grapefruit juice daily is unlikely to interact with OACs. Future longitudinal observational cohort studies and RCTs with larger sample sizes are needed to study specific interactions between food or herbal products and OACs.",Talasaz AH; McGonagle B; HajiQasemi M; Ghelichkhan ZA; Sadeghipour P; Rashedi S; Cuker A; Lech T; Goldhaber SZ; Jennings DL; Piazza G; Bikdeli B,2025,Seminars in thrombosis and hemostasis,Journal Article|Review,10.1055/s-0044-1790258,https://pubmed.ncbi.nlm.nih.gov/39288907/,retain,true,abstract_only,ABSTRACT_SENTENCE_2,"Pharmacokinetic and pharmacodynamic interactions with food or herbs can lead to anticoagulation potentiation, increased risk of bleeding, or reduced drug efficacy, all compromising patient safety.",240 mL/d | 250 µg | 240 mL,"Interactions between food and oral anticoagulants (OACs), particularly vitamin K antagonists such as warfarin, are widely recognized and may also be clinically relevant for direct OACs. | Pharmacokinetic and pharmacodynamic interactions with food or herbs can lead to anticoagulation potentiation, increased risk of bleeding, or reduced drug efficacy, all compromising patient safety. | We conducted a systematic search for randomized controlled trials (RCTs) on PubMed for assessments of interactions between OACs and various ingestants.","Pharmacokinetic and pharmacodynamic interactions with food or herbs can lead to anticoagulation potentiation, increased risk of bleeding, or reduced drug efficacy, all compromising patient safety.","Interactions between food and oral anticoagulants (OACs), particularly vitamin K antagonists such as warfarin, are widely recognized and may also be clinically relevant for direct OACs. | Pharmacokinetic and pharmacodynamic interactions with food or herbs can lead to anticoagulation potentiation, increased risk of bleeding, or reduced drug efficacy, all compromising patient safety. | Since the RCT evidence was slim, we also reviewed prospective longitudinal studies, case series, and case reports to identify possible associations between foods and anticoagulation therapy.",13,research/searches_v4/HRS5_ANTICOAGULATION/pubmed/20260728T014125Z/efetch_00013.xml,18c1dbe32d68c78915c4890213293306c4032bce1efbb9d35a57870a2e67a5bd,,not_observed,ai_screened_regex_confirmed
HRS5_ANTICOAGULATION,pubmed:39655196,pubmed,39655196,Impact of Time in Therapeutic Range on Adverse Events in Atrial Fibrillation Patients in an Ambulatory Care Setting.,"Purpose: This study examines the correlation between time-in-therapeutic range (TTR) and anticoagulation-related adverse events (AEs) in patients with atrial fibrillation (Afib) in a pharmacist-managed ambulatory care clinic. Methods: A single-center, retrospective cohort study was conducted at a community hospital-based outpatient anticoagulation clinic to investigate the predictive value of suboptimal TTR percentages for hemorrhagic or thromboembolic events in Afib patients. Eligible participants were aged 18 years or older, diagnosed with Afib, and receiving warfarin therapy as current or past enrollees in the anticoagulation management program. Patients seen at the clinic between April 2017 and June 2023 were included and categorized into 2 groups based on their TTR: TTR < 65% or TTR ≥ 65%. The primary outcome assessed was the TTR achieved by clinic patients. Secondary outcomes included the duration of warfarin therapy, percentage of thromboembolic events, percentage of hemorrhagic events, CHADs-VASc score, HAS-BLED score, and reasons documented for suboptimal TTR. Results: A total of 193 patients were included, with an average TTR of 66.17%. Baseline characteristics were similar between groups. Five patients in the TTR < 65% group and 3 in the TTR ≥ 65% group (P = .391) experienced thromboembolic events; 19 and 15 patients (P = .291) experienced hemorrhagic events, respectively. Those with TTR ≥ 65% had longer warfarin durations and lower HAS-BLED scores. CHADs-VASc scores were comparable. Main reasons for suboptimal TTR included drug-drug interactions, missed warfarin doses, dietary vitamin K intake changes, held warfarin doses, and incorrect warfarin dosing. Conclusion: This study found that at an outpatient pharmacist-managed anticoagulation clinic, the average TTR for atrial fibrillation patients with an INR goal range of 2 to 3 was greater than 65%. Additionally, there were no differences in bleeding or stroke events for patients whose TTR < 65% when compared to those patients whose TTR was ≥ 65%.",Smith S; Hogan AR; Richow W,2025,Hospital pharmacy,Journal Article,10.1177/00185787241303914,https://pubmed.ncbi.nlm.nih.gov/39655196/,retain,true,abstract_only,ABSTRACT_SENTENCE_14,"Additionally, there were no differences in bleeding or stroke events for patients whose TTR < 65% when compared to those patients whose TTR was ≥ 65%.",,"Purpose: This study examines the correlation between time-in-therapeutic range (TTR) and anticoagulation-related adverse events (AEs) in patients with atrial fibrillation (Afib) in a pharmacist-managed ambulatory care clinic. | Methods: A single-center, retrospective cohort study was conducted at a community hospital-based outpatient anticoagulation clinic to investigate the predictive value of suboptimal TTR percentages for hemorrhagic or thromboembolic events in Afib patients. | Eligible participants were aged 18 years or older, diagnosed with Afib, and receiving warfarin therapy as current or past enrollees in the anticoagulation management program.","Additionally, there were no differences in bleeding or stroke events for patients whose TTR < 65% when compared to those patients whose TTR was ≥ 65%.","Purpose: This study examines the correlation between time-in-therapeutic range (TTR) and anticoagulation-related adverse events (AEs) in patients with atrial fibrillation (Afib) in a pharmacist-managed ambulatory care clinic. | Methods: A single-center, retrospective cohort study was conducted at a community hospital-based outpatient anticoagulation clinic to investigate the predictive value of suboptimal TTR percentages for hemorrhagic or thromboembolic events in Afib patients. | Eligible participants were aged 18 years or older, diagnosed with Afib, and receiving warfarin therapy as current or past enrollees in the anticoagulation management program.",13,research/searches_v4/HRS5_ANTICOAGULATION/pubmed/20260728T014125Z/efetch_00013.xml,18c1dbe32d68c78915c4890213293306c4032bce1efbb9d35a57870a2e67a5bd,,not_observed,ai_screened_regex_confirmed
HRS5_ANTICOAGULATION,pubmed:39994875,pubmed,39994875,Prescriptions of CYP3A4- and P-gp inducers for patients on direct oral anticoagulants: Bridging the gap between epidemiology and patient management for optimal thromboembolic event prevention.,"Direct oral anticoagulants (DOACs) are frequently used for the treatment and prevention of ischaemic stroke in patients with non-valvular atrial fibrillation. Compared to vitamin K antagonists, DOACs have significant advantages, although their drug-drug interaction (DDI) profile may complicate drug efficacy and safety. This narrative review addresses the clinical challenges posed by these DDIs and the potential pharmacological alternatives and monitoring strategies available. A PubMed search was conducted (1 January 2000-31 December 2023) including human DDI studies on DOAC use and CYP3A4/P-gp inducers in adult patients, evaluating patient outcome data and recommendations for DDI management. Twenty-two studies were included. Case reports (n = 6) indicated that antiepileptic drugs such as carbamazepine, phenobarbital and phenytoin may be associated with thromboembolic events. The nested case-control studies (n = 2) and cohort studies (n = 9) found that co-administration of DOACs and CYP3A4/P-gp inducers, particularly carbamazepine and phenytoin, increased the risk of thromboembolic events. Pharmacovigilance database analyses indicated a significant association between DOAC DDIs and increased reported stroke rates. Management recommendations in systematic reviews (n = 5) highlighted monitoring when DOACs were combined with inducers. Strategies included using alternative drugs with a weaker or preferentially absent inducing profile. Limited evidence suggests that edoxaban may be an acceptable option in case of DOAC and CYP3A4/P-gp inducer interactions; however, robust clinical data confirming safety are needed. Present literature indicates a higher thromboembolic risk in patients on DOAC treatment combining CYP3A4- and/or P-gp inducers. DOAC management should be tailored to the individual patient through collaboration between expert healthcare professionals.",Wuyts SCM; Moor J; Jochmans K; Cortoos PJ; Vandervorst F; Steurbaut S; Dupont AG; Cornu P,2025,British journal of clinical pharmacology,Journal Article|Review,10.1002/bcp.70007,https://pubmed.ncbi.nlm.nih.gov/39994875/,retain,true,abstract_only,ABSTRACT_SENTENCE_7,"The nested case-control studies (n = 2) and cohort studies (n = 9) found that co-administration of DOACs and CYP3A4/P-gp inducers, particularly carbamazepine and phenytoin, increased the risk of thromboembolic events.",,"Direct oral anticoagulants (DOACs) are frequently used for the treatment and prevention of ischaemic stroke in patients with non-valvular atrial fibrillation. | Compared to vitamin K antagonists, DOACs have significant advantages, although their drug-drug interaction (DDI) profile may complicate drug efficacy and safety. | Case reports (n = 6) indicated that antiepileptic drugs such as carbamazepine, phenobarbital and phenytoin may be associated with thromboembolic events.","The nested case-control studies (n = 2) and cohort studies (n = 9) found that co-administration of DOACs and CYP3A4/P-gp inducers, particularly carbamazepine and phenytoin, increased the risk of thromboembolic events.",Direct oral anticoagulants (DOACs) are frequently used for the treatment and prevention of ischaemic stroke in patients with non-valvular atrial fibrillation.,13,research/searches_v4/HRS5_ANTICOAGULATION/pubmed/20260728T014125Z/efetch_00014.xml,0fc045ba9135e832543cafd44a136843b8758363930c1cce07928823e3942e5a,,not_observed,ai_screened_regex_confirmed
HRS5_ANTICOAGULATION,pubmed:40068513,pubmed,40068513,The utility of coagulation factor testing in non-anticoagulated elderly patients presenting with low-risk mechanical falls in the emergency department.,"INTRODUCTION: Data on the utility of coagulation factor testing (INR, aPTT) in non-anticoagulated patients with low-risk trauma is limited. In this study, we describe the rate in which coagulation studies are ordered this population and report the frequency in which these tests were abnormal and resulted in intervention.
METHODS: This was a multi-center retrospective observational study evaluating patients aged 65 years and older with low-risk mechanical falls not on chronic oral anticoagulation. If blood work was obtained, we documented the initial/highest INR and the initial/highest aPTT. Our primary outcome was the frequency of intervention due to abnormal coagulation studies, defined as (1) administration of vitamin K, FFP, PCC, or protamine and/or (2) admission/observation due to the abnormal coagulation study.
RESULTS: A total of 1208 patients were included. The frequency in which an INR was obtained was 559 (46.3 %). The median value of the INR was 1.1 (range 0.9-1.6). There were 536 patients (44.4 %) who had aPTT drawn. The median value was 26.2 (range 20.1-43.4). There were no instances of our primary outcome (abnormal INR or aPTT that required intervention).
CONCLUSION: In this cohort of 1208 patients, approximately 45 % percent had coagulation studies ordered and nearly 95 % of these studies were normal. None of them were critically elevated, necessitating intervention. Our findings suggest that for patients similar to those in our study cohort, routine coagulation studies may have limited utility and are unlikely to result in changes in ED management.",Michaelides C; Raio C; Bulba N; Shah R; Fasanya C; Petrou S; Klein L,2025,The American journal of emergency medicine,Journal Article|Observational Study|Multicenter Study,10.1016/j.ajem.2025.02.046,https://pubmed.ncbi.nlm.nih.gov/40068513/,retain,true,abstract_only,ABSTRACT_SENTENCE_3,METHODS: This was a multi-center retrospective observational study evaluating patients aged 65 years and older with low-risk mechanical falls not on chronic oral anticoagulation.,,"INTRODUCTION: Data on the utility of coagulation factor testing (INR, aPTT) in non-anticoagulated patients with low-risk trauma is limited. | In this study, we describe the rate in which coagulation studies are ordered this population and report the frequency in which these tests were abnormal and resulted in intervention. | METHODS: This was a multi-center retrospective observational study evaluating patients aged 65 years and older with low-risk mechanical falls not on chronic oral anticoagulation.",METHODS: This was a multi-center retrospective observational study evaluating patients aged 65 years and older with low-risk mechanical falls not on chronic oral anticoagulation.,"INTRODUCTION: Data on the utility of coagulation factor testing (INR, aPTT) in non-anticoagulated patients with low-risk trauma is limited. | METHODS: This was a multi-center retrospective observational study evaluating patients aged 65 years and older with low-risk mechanical falls not on chronic oral anticoagulation.",13,research/searches_v4/HRS5_ANTICOAGULATION/pubmed/20260728T014125Z/efetch_00014.xml,0fc045ba9135e832543cafd44a136843b8758363930c1cce07928823e3942e5a,,not_observed,ai_screened_regex_confirmed
HRS5_ANTICOAGULATION,pubmed:40397288,pubmed,40397288,Triggers for identifying anticoagulation-associated adverse drug events in hospitalized patients: a systematic review and meta-analysis.,"BACKGROUND: Anticoagulation therapy presents a high risk of adverse drug events (ADEs) in hospitalized patients, highlighting the need for effective detection strategies in clinical practice.
AIM: The review aimed to identify triggers for detecting anticoagulation-associated ADEs in hospitalized patients and describe the performance of these triggers.
METHOD: PubMed, Cochrane, and Embase were queried until April 19, 2024. We included studies on trigger tools for detecting anticoagulation-related ADEs in hospitalized patients. The study quality was assessed using the Quality Assessment Trigger framework based on the QUADAS-2 tool for diagnostic accuracy. We performed random-effects meta-analyses to pool positive predictive values (PPV), with heterogeneity assessed via I2 statistic and Cochran's Q test.
RESULTS: Twenty-three studies were included. Seventeen triggers were reported and categorized into three modules: abnormal laboratory values (11 triggers), medications or antidotes (three triggers), and care (three triggers). Elevated international normalized ratio (INR) was the most prevalent trigger (16 studies) with a PPV of 0.539 (95% Confidence Interval [CI] 0.310-0.768). Other triggers exhibited lower pooled PPVs than elevated INR, including vitamin K administration (15 studies, PPV 0.222, 95% CI 0.153-0.290), abrupt medication cessation (14 studies, PPV 0.418, 95% CI 0.169-0.667), and activated partial thromboplastin time > 100 s (11 studies, PPV 0.336, 95% CI 0.173-0.498). Importantly, in-hospital stroke (three studies) had the highest pooled PPV of 0.964 (95% CI 0.803-1.000).
CONCLUSION: This review demonstrated the variability in PPVs of triggers for anticoagulation-associated ADEs, emphasizing the necessity for a specialized trigger tool for hospitalized patients on anticoagulants.",Nguyen UT; Duong KNC; Nguyen PTL; Tran HN; Nguyen HM; Cao HTT; Vu HD; Nguyen HA,2025,International journal of clinical pharmacy,Journal Article|Systematic Review|Meta-Analysis,10.1007/s11096-025-01916-0,https://pubmed.ncbi.nlm.nih.gov/40397288/,retain,true,abstract_only,ABSTRACT_SENTENCE_10,"Other triggers exhibited lower pooled PPVs than elevated INR, including vitamin K administration (15 studies, PPV 0.222, 95% CI 0.153-0.290), abrupt medication cessation (14 studies, PPV 0.418, 95% CI 0.169-0.667), and activated partial thromboplastin time > 100 s (11 studies, PPV 0.336, 95% CI 0.173-0.498).",,"BACKGROUND: Anticoagulation therapy presents a high risk of adverse drug events (ADEs) in hospitalized patients, highlighting the need for effective detection strategies in clinical practice. | AIM: The review aimed to identify triggers for detecting anticoagulation-associated ADEs in hospitalized patients and describe the performance of these triggers. | We included studies on trigger tools for detecting anticoagulation-related ADEs in hospitalized patients.","Other triggers exhibited lower pooled PPVs than elevated INR, including vitamin K administration (15 studies, PPV 0.222, 95% CI 0.153-0.290), abrupt medication cessation (14 studies, PPV 0.418, 95% CI 0.169-0.667), and activated partial thromboplastin time > 100 s (11 studies, PPV 0.336, 95% CI 0.173-0.498).","BACKGROUND: Anticoagulation therapy presents a high risk of adverse drug events (ADEs) in hospitalized patients, highlighting the need for effective detection strategies in clinical practice. | AIM: The review aimed to identify triggers for detecting anticoagulation-associated ADEs in hospitalized patients and describe the performance of these triggers. | We included studies on trigger tools for detecting anticoagulation-related ADEs in hospitalized patients.",13,research/searches_v4/HRS5_ANTICOAGULATION/pubmed/20260728T014125Z/efetch_00015.xml,5915bb9f28c4b44288a4f33d734b12ae42fb842f80b2d074c4114b778d66f2fa,,not_observed,ai_screened_regex_confirmed
HRS5_ANTICOAGULATION,pubmed:40697654,pubmed,40697654,Clinical pharmacokinetics of potassium competitive acid blockers: a systematic review and meta-analysis.,"BACKGROUND: Potassium competitive acid blockers (P-CABs) are a new class of acid suppressants that provide rapid and sustained inhibition of gastric acid secretion. Understanding the pharmacokinetic (PK) characteristics of P-CABs in various therapeutic uses is essential for optimizing treatment. This study aims to investigate the PK properties of P-CABs, focusing on drug interactions, food effects, and formulation impacts on their exposure and bioavailability.
METHODS: We systematically searched MEDLINE and Embase up to July 2024. The search terms included ""Potassium competitive acid blockers"" or ""P-CABs"" or ""revaprazan"" or ""vonoprazan"" or ""tegoprazan"" or ""fexuprazan"" or ""keverprazan"" or ""zastaprazan"" and ""pharmacokinetics"".
RESULTS: A total of 37 studies were included. Meta-analysis and qualitative studies indicated that clarithromycin significantly increased vonoprazan and tegoprazan exposure [geometric mean ratio (GMR) (90% confidence interval (CI))] of AUC and Cmax: 1.565 (1.443, 1.687) and 1.538 (1.454, 1.621) for vonoprazan, 2.624 (2.513, 2.735) and 1.876 (1.771, 1.981) for tegoprazan, respectively. Vonoprazan had more of an inhibitory effect on cytochrome P450 (CYP) 3A and CYP2C19 compared to tegoprazan. P-CABs showed minimal interactions with nonsteroidal anti-inflammatory drugs or aspirin and were largely unaffected by food intake, except keverprazan and zastaprazan, which showed increased exposure.
DISCUSSION: It is important to select the appropriate P-CABs by considering the degree of influence on CYP enzymes, the dosage form, and food interactions. Studies on the interaction between P-CABs and antibiotics used to treat H. pylori infections, such as metronidazole, tetracycline, levofloxacin, or rifabutin, as well as non-vitamin K antagonist oral anticoagulants are lacking, and further research is needed.",Liu J; Hahn J,2025,Frontiers in pharmacology,Journal Article|Systematic Review,10.3389/fphar.2025.1580969,https://pubmed.ncbi.nlm.nih.gov/40697654/,retain,true,abstract_only,ABSTRACT_SENTENCE_9,"P-CABs showed minimal interactions with nonsteroidal anti-inflammatory drugs or aspirin and were largely unaffected by food intake, except keverprazan and zastaprazan, which showed increased exposure.",,"This study aims to investigate the PK properties of P-CABs, focusing on drug interactions, food effects, and formulation impacts on their exposure and bioavailability. | P-CABs showed minimal interactions with nonsteroidal anti-inflammatory drugs or aspirin and were largely unaffected by food intake, except keverprazan and zastaprazan, which showed increased exposure. | DISCUSSION: It is important to select the appropriate P-CABs by considering the degree of influence on CYP enzymes, the dosage form, and food interactions.","P-CABs showed minimal interactions with nonsteroidal anti-inflammatory drugs or aspirin and were largely unaffected by food intake, except keverprazan and zastaprazan, which showed increased exposure.","Studies on the interaction between P-CABs and antibiotics used to treat H. pylori infections, such as metronidazole, tetracycline, levofloxacin, or rifabutin, as well as non-vitamin K antagonist oral anticoagulants are lacking, and further research is needed.",13,research/searches_v4/HRS5_ANTICOAGULATION/pubmed/20260728T014125Z/efetch_00016.xml,a564a6ff1f960fd8c70d84387e962a4568a43a75796e79a6140772627e8200c4,,not_observed,ai_screened_regex_confirmed
HRS5_ANTICOAGULATION,pubmed:42075654,pubmed,42075654,Patient Satisfaction with Anticoagulation for Venous Thromboembolic Disease: A Systematic Review of Oral and Parenteral Regiments.,"Background and Objectives: Venous thromboembolic disease (VTE), including deep vein thrombosis (DVT) and pulmonary embolism (PE), is a major cause of morbidity and mortality worldwide and imposes a substantial financial burden on health systems due to both the direct and indirect costs of acute management and long-term complications. This systematic review aimed to assess patient satisfaction with anticoagulation therapy for VTE and to highlight potential differences according to the type of anticoagulant. The review focused on factors influencing the patient experience, such as perceived efficacy, ease of use, adverse effects, and health-related quality of life. Materials and Methods: A systematic review, without quantitative meta-analysis, was conducted in accordance with PRISMA 2020 guidelines. Articles were identified through searches in major databases (PubMed, Scopus, Cochrane Library and others) using keywords including ""patient satisfaction"", ""anticoagulation"", ""venous thromboembolic disease"", and ""quality of life"". In total, 21 studies published between 2009 and 2025 met the inclusion criteria. The studies assessed patient satisfaction with different types of anticoagulation, including vitamin K antagonists (VKAs), direct oral anticoagulants (DOACs), and low-molecular-weight heparin (LMWH) injections. Results: Across the included studies, patients generally reported higher levels of treatment satisfaction with DOACs compared with VKAs, mainly due to the absence of routine laboratory monitoring and fewer dietary restrictions. However, satisfaction varied according to age, sex, and clinical status. In specific patient populations, such as those with cancer-associated thrombosis, factors including fewer drug-drug interactions and perceptions of safety with LMWH appeared to influence treatment choice and satisfaction. Adverse effects, particularly bleeding, were identified as major drivers of dissatisfaction. Several studies suggested that higher treatment satisfaction was associated with better adherence, while quality of life appeared to improve in patients treated with DOACs in comparison with VKAs. Conclusions: Patient satisfaction is a critical component of successful VTE management. Overall, DOACs appear to be associated with higher treatment satisfaction than traditional therapies such as VKAs, although further high-quality research is needed to individualise anticoagulation strategies. Systematic incorporation of patient-reported satisfaction into clinical decision-making and into international guidelines may improve adherence, enhance quality of life, and ultimately increase the effectiveness of anticoagulation therapy.",Lefkou EE; Fragkaki A; Miliori MM; Latsou D; Panagiotopoulou K; Kotsi P; Gerotziafas G; Geitona M,2026,"Medicina (Kaunas, Lithuania)",Journal Article|Systematic Review|Review,10.3390/medicina62040783,https://pubmed.ncbi.nlm.nih.gov/42075654/,retain,true,abstract_only,ABSTRACT_SENTENCE_1,"Background and Objectives: Venous thromboembolic disease (VTE), including deep vein thrombosis (DVT) and pulmonary embolism (PE), is a major cause of morbidity and mortality worldwide and imposes a substantial financial burden on health systems due to both the direct and indirect costs of acute management and long-term complications.",,"Background and Objectives: Venous thromboembolic disease (VTE), including deep vein thrombosis (DVT) and pulmonary embolism (PE), is a major cause of morbidity and mortality worldwide and imposes a substantial financial burden on health systems due to both the direct and indirect costs of acute management and long-term complications. | This systematic review aimed to assess patient satisfaction with anticoagulation therapy for VTE and to highlight potential differences according to the type of anticoagulant. | The review focused on factors influencing the patient experience, such as perceived efficacy, ease of use, adverse effects, and health-related quality of life.","Background and Objectives: Venous thromboembolic disease (VTE), including deep vein thrombosis (DVT) and pulmonary embolism (PE), is a major cause of morbidity and mortality worldwide and imposes a substantial financial burden on health systems due to both the direct and indirect costs of acute management and long-term complications.","This systematic review aimed to assess patient satisfaction with anticoagulation therapy for VTE and to highlight potential differences according to the type of anticoagulant. | Articles were identified through searches in major databases (PubMed, Scopus, Cochrane Library and others) using keywords including ""patient satisfaction"", ""anticoagulation"", ""venous thromboembolic disease"", and ""quality of life"". | The studies assessed patient satisfaction with different types of anticoagulation, including vitamin K antagonists (VKAs), direct oral anticoagulants (DOACs), and low-molecular-weight heparin (LMWH) injections.",13,research/searches_v4/HRS5_ANTICOAGULATION/pubmed/20260728T014125Z/efetch_00018.xml,cd2e854d383f4778becc4d9f27ca8f4bc371d5159c9ae0e6ebb8fbdb8cc33fa5,,not_observed,ai_screened_regex_confirmed
