question_id,record_id,source,provider_id,title,abstract,authors,year,venue,publication_types,doi,url,screening_decision,regex_passed,source_scope,locator,locator_text,dose,outcome,key_finding,population,priority_score,raw_source_path,raw_source_sha256,extracted_effect_value,extracted_effect_status,status
HRS1_PERIOPERATIVE,pubmed:36580029,pubmed,36580029,Benefits of pre-operative oral Sucrosomial® iron supplementation in cardiac surgery: influence of patient's baseline hemoglobin and gender.,"BACKGROUND: The prevalence of low pre-operative hemoglobin (Hb) among cardiac surgery patients is high. As iron homeostasis is often impaired in these patients, restoration of iron availability might over-ride iron-restricted erythropoiesis. This post-hoc analysis of a previously published, large, randomized clinical trial (ClincalTrials.gov NCT03560687; n=1,000) assesses which sub-cohort of patients benefits the most from pre-operative Hb optimization with oral Sucrosomial® iron.
MATERIALS AND METHODS: Patients without baseline Hb (n=349) or receiving >5 red blood cell units (n=57) were excluded from the study. Data from the remaining 594 were reanalyzed according to treatment, baseline anemia (Hb <13 g/dL) or gender. Patients (pt) received a one-month course of 60 mg/day Sucrosomial® iron (Iron group, n=309) or routine care (Control group, n=285) prior to elective cardiac surgery. Main end-point variables were increase in Hb from randomization to hospital admission, transfusion requirements, and cost-effectiveness of Sucrosomial® iron administration.
RESULTS: At hospital admission, Hb had increased 0.7 g/dL and 0.1 g/dL, for Iron and Control groups, respectively (p<0.001), with no gender-related differences, leading to a decrease in transfusion rate (30 vs 59%, respectively; p<0.001) and transfusion index (0.5 units/patient vs 1.2 units/pt, respectively; p<0.001). Sucrosomial® iron administration was well-tolerated, and yielded cost-savings of €92/pt (p<0.001), particularly in those presenting with baseline Hb <13 g/dL.
CONCLUSIONS: This post-hoc analysis confirms pre-operative Sucrosomial® iron administration is a safe and cost-effective strategy to increase preoperative Hb and decrease transfusion requirements in elective cardiac surgery, especially in those anemic at baseline.",Weltert LP; De Rosa A; Rondinelli MB; Falco M; Turani F; Pierelli L,2023,Blood transfusion = Trasfusione del sangue,Randomized Controlled Trial|Journal Article,10.2450/2022.0222-22,https://pubmed.ncbi.nlm.nih.gov/36580029/,retain,true,abstract_only,ABSTRACT_SENTENCE_8,"RESULTS: At hospital admission, Hb had increased 0.7 g/dL and 0.1 g/dL, for Iron and Control groups, respectively (p<0.001), with no gender-related differences, leading to a decrease in transfusion rate (30 vs 59%, respectively; p<0.001) and transfusion index (0.5 units/patient vs 1.2 units/pt, respectively; p<0.001).",13 g/d | 60 mg/d | 0.7 g/d | 0.1 g/d | 0.5 units | 1.2 units,"Main end-point variables were increase in Hb from randomization to hospital admission, transfusion requirements, and cost-effectiveness of Sucrosomial® iron administration. | RESULTS: At hospital admission, Hb had increased 0.7 g/dL and 0.1 g/dL, for Iron and Control groups, respectively (p<0.001), with no gender-related differences, leading to a decrease in transfusion rate (30 vs 59%, respectively; p<0.001) and transfusion index (0.5 units/patient vs 1.2 units/pt, respectively; p<0.001). | CONCLUSIONS: This post-hoc analysis confirms pre-operative Sucrosomial® iron administration is a safe and cost-effective strategy to increase preoperative Hb and decrease transfusion requirements in elective cardiac surgery, especially in those anemic at baseline.","RESULTS: At hospital admission, Hb had increased 0.7 g/dL and 0.1 g/dL, for Iron and Control groups, respectively (p<0.001), with no gender-related differences, leading to a decrease in transfusion rate (30 vs 59%, respectively; p<0.001) and transfusion index (0.5 units/patient vs 1.2 units/pt, respectively; p<0.001).","BACKGROUND: The prevalence of low pre-operative hemoglobin (Hb) among cardiac surgery patients is high. | Patients (pt) received a one-month course of 60 mg/day Sucrosomial® iron (Iron group, n=309) or routine care (Control group, n=285) prior to elective cardiac surgery. | CONCLUSIONS: This post-hoc analysis confirms pre-operative Sucrosomial® iron administration is a safe and cost-effective strategy to increase preoperative Hb and decrease transfusion requirements in elective cardiac surgery, especially in those anemic at baseline.",22,research/searches_v3/HRS1_PERIOPERATIVE/pubmed/20260726T163628Z/efetch_001.xml,d16494b4ef867995123d4af928ed406abcaca3ecc3aa1bb53d5fadffe8f26f2b,,not_observed,ai_screened_regex_confirmed
HRS1_PERIOPERATIVE,pubmed:2842680,pubmed,2842680,Reduction in the rate of early restenosis after coronary angioplasty by a diet supplemented with n-3 fatty acids.,"To determine the safety and benefit of n-3 fatty acid therapy in the prevention of early restenosis after coronary angioplasty, we conducted a randomized, unblinded study comparing a conventional antiplatelet regimen (325 mg of aspirin and 225 mg of dipyridamole per day; control group) with a similar regimen supplemented with 3.2 g of eicosapentaenoic acid per day (treatment group). Treatment began seven days before angioplasty and continued for six months afterward. All angiographic analyses were blinded and performed by a method that was validated by comparison with quantitative coronary angiography. In 82 male patients, 103 coronary lesions were dilated. Both groups had similar base-line clinical and angiographic characteristics. The incidence of early vessel restenosis, as determined on a second angiogram three to four months after angioplasty, was 36 percent in the control group and 16 percent in the treatment group (P = 0.026). The incidence of restenosis per patient was also significantly lower in the treatment group (46 vs. 19 percent). Both multiple logistic regression and Mantel-Haenszel statistical analyses demonstrated a significant independent benefit of treatment with n-3 fatty acids. No important bleeding complications developed in the treated patients. These results, in a male population at relatively high risk for restenosis, suggest that a dietary supplement of n-3 fatty acids, administered for one week before and for six months after coronary angioplasty, is safe and reduces the occurrence of early restenosis after that procedure. Whether this beneficial effect also applies to other populations is unknown.",Dehmer GJ; Popma JJ; van den Berg EK; Eichhorn EJ; Prewitt JB; Campbell WB; Jennings L; Willerson JT; Schmitz JM,1988,The New England journal of medicine,"Clinical Trial|Comparative Study|Journal Article|Randomized Controlled Trial|Research Support, Non-U.S. Gov't|Research Support, U.S. Gov't, Non-P.H.S.|Research Support, U.S. Gov't, P.H.S.",10.1056/NEJM198809223191201,https://pubmed.ncbi.nlm.nih.gov/2842680/,retain,true,abstract_only,ABSTRACT_SENTENCE_10,No important bleeding complications developed in the treated patients.,325 mg | 225 mg | 3.2 g,No important bleeding complications developed in the treated patients.,No important bleeding complications developed in the treated patients.,"These results, in a male population at relatively high risk for restenosis, suggest that a dietary supplement of n-3 fatty acids, administered for one week before and for six months after coronary angioplasty, is safe and reduces the occurrence of early restenosis after that procedure.",19,research/searches_v3/HRS1_PERIOPERATIVE/pubmed/20260726T163628Z/efetch_002.xml,1ab0cfb1821f719d121490b636551cfc1f4489a4bffbab30b2a7f4c44c2a48fb,,not_observed,ai_screened_regex_confirmed
HRS1_PERIOPERATIVE,pubmed:30571332,pubmed,30571332,Fish Oil and Perioperative Bleeding.,"Background Fish oil is among the most common natural supplements for treatment of hypertriglyceridemia or prevention of cardiovascular disease. However, concerns about theoretical bleeding risk have led to recommendations that patients should stop taking fish oil before surgery or delay in elective procedures for patients taking fish oil by some health care professionals. Methods and Results We tested the effect of fish oil supplementation on perioperative bleeding in a multinational, placebo-controlled trial involving 1516 patients who were randomized to perioperative fish oil (eicosapentaenoic acid+docosahexaenoic acid; 8-10 g for 2-5 days preoperatively, and then 2 g/d postoperatively) or placebo. Primary outcome was major perioperative bleeding as defined by the Bleeding Academic Research Consortium. Secondary outcomes include perioperative bleeding per thrombolysis in myocardial infarction and International Society on Thrombosis and Hemostasis definitions, chest tube output, and total units of blood transfused. Participants' mean (SD) age was 63 (13) years, and planned surgery included coronary artery bypass graft (52%) and valve surgery (50%). The primary outcome occurred in 92 patients (6.1%). Compared with placebo, risk of Bleeding Academic Research Consortium bleeding was not higher in the fish oil group: odds ratio, 0.81; 95% CI, 0.53-1.24; absolute risk difference, 1.1% lower (95% CI, -3.0% to 1.8%). Similar findings were seen for secondary bleeding definitions. The total units of blood transfused were significantly lower in the fish oil group compared with placebo (mean, 1.61 versus 1.92; P<0.001). Evaluating achieved plasma phospholipid omega-3 polyunsaturated fatty acids levels with supplementation (on the morning of surgery), higher levels were associated with lower risk of Bleeding Academic Research Consortium bleeding, with substantially lower risk in the third (odds ratio, 0.30 [95% CI, 0.11-0.78]) and fourth (0.36 [95% CI, 0.15-0.87]) quartiles, compared with the lowest quartile. Conclusions Fish oil supplementation did not increase perioperative bleeding and reduced the number of blood transfusions. Higher achieved n-3-PUFA levels were associated with lower risk of bleeding. These novel findings support the need for reconsideration of current recommendations to stop fish oil or delay procedures before cardiac surgery. Clinical Trial Registration URL: https://www.clinicaltrials.gov . Unique identifier: NCT00970489.",Akintoye E; Sethi P; Harris WS; Thompson PA; Marchioli R; Tavazzi L; Latini R; Pretorius M; Brown NJ; Libby P; Mozaffarian D,2018,Circulation. Cardiovascular quality and outcomes,Journal Article|Multicenter Study|Randomized Controlled Trial,10.1161/CIRCOUTCOMES.118.004584,https://pubmed.ncbi.nlm.nih.gov/30571332/,retain,true,abstract_only,ABSTRACT_SENTENCE_3,"Methods and Results We tested the effect of fish oil supplementation on perioperative bleeding in a multinational, placebo-controlled trial involving 1516 patients who were randomized to perioperative fish oil (eicosapentaenoic acid+docosahexaenoic acid; 8-10 g for 2-5 days preoperatively, and then 2 g/d postoperatively) or placebo.",8-10 g | 2 g/d,"However, concerns about theoretical bleeding risk have led to recommendations that patients should stop taking fish oil before surgery or delay in elective procedures for patients taking fish oil by some health care professionals. | Methods and Results We tested the effect of fish oil supplementation on perioperative bleeding in a multinational, placebo-controlled trial involving 1516 patients who were randomized to perioperative fish oil (eicosapentaenoic acid+docosahexaenoic acid; 8-10 g for 2-5 days preoperatively, and then 2 g/d postoperatively) or placebo. | Primary outcome was major perioperative bleeding as defined by the Bleeding Academic Research Consortium.","Methods and Results We tested the effect of fish oil supplementation on perioperative bleeding in a multinational, placebo-controlled trial involving 1516 patients who were randomized to perioperative fish oil (eicosapentaenoic acid+docosahexaenoic acid; 8-10 g for 2-5 days preoperatively, and then 2 g/d postoperatively) or placebo.","However, concerns about theoretical bleeding risk have led to recommendations that patients should stop taking fish oil before surgery or delay in elective procedures for patients taking fish oil by some health care professionals. | Methods and Results We tested the effect of fish oil supplementation on perioperative bleeding in a multinational, placebo-controlled trial involving 1516 patients who were randomized to perioperative fish oil (eicosapentaenoic acid+docosahexaenoic acid; 8-10 g for 2-5 days preoperatively, and then 2 g/d postoperatively) or placebo. | Primary outcome was major perioperative bleeding as defined by the Bleeding Academic Research Consortium.",18,research/searches_v3/HRS1_PERIOPERATIVE/pubmed/20260726T163628Z/efetch_001.xml,d16494b4ef867995123d4af928ed406abcaca3ecc3aa1bb53d5fadffe8f26f2b,,not_observed,ai_screened_regex_confirmed
HRS1_PERIOPERATIVE,pubmed:33965294,pubmed,33965294,Effectiveness of Iron Supplementation With or Without Erythropoiesis-Stimulating Agents on Red Blood Cell Utilization in Patients With Preoperative Anaemia Undergoing Elective Surgery: A Systematic Review and Meta-Analysis.,"Patient Blood Management (PBM) is an evidence-based, multidisciplinary, patient-centred approach to optimizing the care of patients who might need a blood transfusion. This systematic review aimed to collect the best available evidence on the effectiveness of preoperative iron supplementation with or without erythropoiesis-stimulating agents (ESAs) on red blood cell (RBC) utilization in all-cause anaemic patients scheduled for elective surgery. Five databases and two trial registries were screened. Primary outcomes were the number of patients and the number of RBC units transfused. Effect estimates were synthesized by conducting meta-analyses. GRADE (Grades of Recommendation, Assessment, Development and Evaluation) was used to assess the certainty of evidence. We identified 29 randomized controlled trials (RCTs) and 2 non-RCTs comparing the effectiveness of preoperative iron monotherapy, or iron + ESAs, to control (no treatment, usual care, placebo). We found that: (1) IV and/or oral iron monotherapy may not result in a reduced number of units transfused and IV iron may not reduce the number of patients transfused (low-certainty evidence); (2) uncertainty exists whether the administration route of iron therapy (IV vs oral) differentially affects RBC utilization (very low-certainty evidence); (3) IV ferric carboxymaltose monotherapy may not result in a different number of patients transfused compared to IV iron sucrose monotherapy (low-certainty evidence); (4) oral iron + ESAs probably results in a reduced number of patients transfused and number of units transfused (moderate-certainty evidence); (5) IV iron + ESAs may result in a reduced number of patients transfused (low-certainty evidence); (6) oral and/or IV iron + ESAs probably results in a reduced number of RBC units transfused in transfused patients (moderate-certainty evidence); (7) uncertainty exists about the effect of oral and/or IV iron + ESAs on the number of patients requiring transfusion of multiple units (very low-certainty evidence). Effect estimates of different haematological parameters and length of stay were synthesized as secondary outcomes. In conclusion, in patients with anaemia of any cause scheduled for elective surgery, the preoperative administration of iron monotherapy may not result in a reduced number of patients or units transfused (low-certainty evidence). Iron supplementation in addition to ESAs probably results in a reduced RBC utilization (moderate-certainty evidence).",Van Remoortel H; Laermans J; Avau B; Bekkering G; Georgsen J; Manzini PM; Meybohm P; Ozier Y; De Buck E; Compernolle V; Vandekerckhove P,2021,Transfusion medicine reviews,"Journal Article|Meta-Analysis|Research Support, Non-U.S. Gov't|Systematic Review",10.1016/j.tmrv.2021.03.004,https://pubmed.ncbi.nlm.nih.gov/33965294/,retain,true,abstract_only,ABSTRACT_SENTENCE_8,We found that: (1) IV and/or oral iron monotherapy may not result in a reduced number of units transfused and IV iron may not reduce the number of patients transfused (low-certainty evidence); (2) uncertainty exists whether the administration route of iron therapy (IV vs oral) differentially affects RBC utilization (very low-certainty evidence); (3) IV ferric carboxymaltose monotherapy may not result in a different number of patients transfused compared to IV iron sucrose monotherapy (low-certainty evidence); (4) oral iron + ESAs probably results in a reduced number of patients transfused and number of units transfused (moderate-certainty evidence); (5) IV iron + ESAs may result in a reduced number of patients transfused (low-certainty evidence); (6) oral and/or IV iron + ESAs probably results in a reduced number of RBC units transfused in transfused patients (moderate-certainty evidence); (7) uncertainty exists about the effect of oral and/or IV iron + ESAs on the number of patients requiring transfusion of multiple units (very low-certainty evidence).,,"Patient Blood Management (PBM) is an evidence-based, multidisciplinary, patient-centred approach to optimizing the care of patients who might need a blood transfusion. | Primary outcomes were the number of patients and the number of RBC units transfused. | We found that: (1) IV and/or oral iron monotherapy may not result in a reduced number of units transfused and IV iron may not reduce the number of patients transfused (low-certainty evidence); (2) uncertainty exists whether the administration route of iron therapy (IV vs oral) differentially affects RBC utilization (very low-certainty evidence); (3) IV ferric carboxymaltose monotherapy may not result in a different number of patients transfused compared to IV iron sucrose monotherapy (low-certainty evidence); (4) oral iron + ESAs probably results in a reduced number of patients transfused and number of units transfused (moderate-certainty evidence); (5) IV iron + ESAs may result in a reduced number of patients transfused (low-certainty evidence); (6) oral and/or IV iron + ESAs probably results in a reduced number of RBC units transfused in transfused patients (moderate-certainty evidence); (7) uncertainty exists about the effect of oral and/or IV iron + ESAs on the number of patients requiring transfusion of multiple units (very low-certainty evidence).",We found that: (1) IV and/or oral iron monotherapy may not result in a reduced number of units transfused and IV iron may not reduce the number of patients transfused (low-certainty evidence); (2) uncertainty exists whether the administration route of iron therapy (IV vs oral) differentially affects RBC utilization (very low-certainty evidence); (3) IV ferric carboxymaltose monotherapy may not result in a different number of patients transfused compared to IV iron sucrose monotherapy (low-certainty evidence); (4) oral iron + ESAs probably results in a reduced number of patients transfused and number of units transfused (moderate-certainty evidence); (5) IV iron + ESAs may result in a reduced number of patients transfused (low-certainty evidence); (6) oral and/or IV iron + ESAs probably results in a reduced number of RBC units transfused in transfused patients (moderate-certainty evidence); (7) uncertainty exists about the effect of oral and/or IV iron + ESAs on the number of patients requiring transfusion of multiple units (very low-certainty evidence).,"This systematic review aimed to collect the best available evidence on the effectiveness of preoperative iron supplementation with or without erythropoiesis-stimulating agents (ESAs) on red blood cell (RBC) utilization in all-cause anaemic patients scheduled for elective surgery. | We identified 29 randomized controlled trials (RCTs) and 2 non-RCTs comparing the effectiveness of preoperative iron monotherapy, or iron + ESAs, to control (no treatment, usual care, placebo). | In conclusion, in patients with anaemia of any cause scheduled for elective surgery, the preoperative administration of iron monotherapy may not result in a reduced number of patients or units transfused (low-certainty evidence).",17,research/searches_v3/HRS1_PERIOPERATIVE/pubmed/20260726T163628Z/efetch_001.xml,d16494b4ef867995123d4af928ed406abcaca3ecc3aa1bb53d5fadffe8f26f2b,,not_observed,ai_screened_regex_confirmed
HRS1_PERIOPERATIVE,pubmed:34232163,pubmed,34232163,Perioperative omega-3 fatty acids for liver surgery: A meta-analysis of randomized controlled trials.,"INTRODUCTION: The effect of perioperative omega-3 fatty acids for liver surgery remained controversial. We conducted a systematic review and meta-analysis to explore the influence of omega-3 fatty acids versus placebo in patients undergoing liver surgery.
METHODS: We have searched PubMed, EMbase, Web of science, EBSCO, and Cochrane library databases through May 2020, and included randomized controlled trials (RCTs) assessing the effect of omega-3 fatty acids versus placebo for liver surgery. This meta-analysis was performed using the random-effect model.
RESULTS: Five RCTs were included in the meta-analysis. Overall, compared with control group for liver surgery, omega-3 fatty acids were associated with substantially reduced incidence of infection (odd ratio [OR]=0.56; 95% confidence interval [CI] =0.34-0.91; P = .02), but revealed no remarkable influence on complications (OR = 0.60; 95% CI = 0.29-1.24; P = .17), mortality (OR = 0.76; 95% CI = 0.06-9.37; P = .83), liver failure (OR = 0.72; 95% CI = 0.10 to 5.00; P = 0.74), biliary leakage (OR=1.24; 95% CI = 0.41 to 3.76; P = .70), bleeding (OR = 1.76; 95% CI = 0.63-4.95; P = .28), or ileus (OR = 0.39; 95% CI = 0.07-2.05; P = .27).
CONCLUSION: Perioperative omega-3 fatty acids may be beneficial to reduce the incidence of infection after liver surgery.",Xiao F; Han W; Yue Q; Ke J; Jia B; Fu X,2021,Medicine,Journal Article|Meta-Analysis|Systematic Review,10.1097/MD.0000000000025743,https://pubmed.ncbi.nlm.nih.gov/34232163/,retain,true,abstract_only,ABSTRACT_SENTENCE_6,"Overall, compared with control group for liver surgery, omega-3 fatty acids were associated with substantially reduced incidence of infection (odd ratio [OR]=0.56; 95% confidence interval [CI] =0.34-0.91; P = .02), but revealed no remarkable influence on complications (OR = 0.60; 95% CI = 0.29-1.24; P = .17), mortality (OR = 0.76; 95% CI = 0.06-9.37; P = .83), liver failure (OR = 0.72; 95% CI = 0.10 to 5.00; P = 0.74), biliary leakage (OR=1.24; 95% CI = 0.41 to 3.76; P = .70), bleeding (OR = 1.76; 95% CI = 0.63-4.95; P = .28), or ileus (OR = 0.39; 95% CI = 0.07-2.05; P = .27).",,"Overall, compared with control group for liver surgery, omega-3 fatty acids were associated with substantially reduced incidence of infection (odd ratio [OR]=0.56; 95% confidence interval [CI] =0.34-0.91; P = .02), but revealed no remarkable influence on complications (OR = 0.60; 95% CI = 0.29-1.24; P = .17), mortality (OR = 0.76; 95% CI = 0.06-9.37; P = .83), liver failure (OR = 0.72; 95% CI = 0.10 to 5.00; P = 0.74), biliary leakage (OR=1.24; 95% CI = 0.41 to 3.76; P = .70), bleeding (OR = 1.76; 95% CI = 0.63-4.95; P = .28), or ileus (OR = 0.39; 95% CI = 0.07-2.05; P = .27).","Overall, compared with control group for liver surgery, omega-3 fatty acids were associated with substantially reduced incidence of infection (odd ratio [OR]=0.56; 95% confidence interval [CI] =0.34-0.91; P = .02), but revealed no remarkable influence on complications (OR = 0.60; 95% CI = 0.29-1.24; P = .17), mortality (OR = 0.76; 95% CI = 0.06-9.37; P = .83), liver failure (OR = 0.72; 95% CI = 0.10 to 5.00; P = 0.74), biliary leakage (OR=1.24; 95% CI = 0.41 to 3.76; P = .70), bleeding (OR = 1.76; 95% CI = 0.63-4.95; P = .28), or ileus (OR = 0.39; 95% CI = 0.07-2.05; P = .27).","INTRODUCTION: The effect of perioperative omega-3 fatty acids for liver surgery remained controversial. | We conducted a systematic review and meta-analysis to explore the influence of omega-3 fatty acids versus placebo in patients undergoing liver surgery. | METHODS: We have searched PubMed, EMbase, Web of science, EBSCO, and Cochrane library databases through May 2020, and included randomized controlled trials (RCTs) assessing the effect of omega-3 fatty acids versus placebo for liver surgery.",17,research/searches_v3/HRS1_PERIOPERATIVE/pubmed/20260726T163628Z/efetch_001.xml,d16494b4ef867995123d4af928ed406abcaca3ecc3aa1bb53d5fadffe8f26f2b,,not_observed,ai_screened_regex_confirmed
HRS1_PERIOPERATIVE,pubmed:37904349,pubmed,37904349,Effects of intraoperative or postoperative administration of intravenous iron supplements on hemoglobin recovery in patients with total knee arthroplasty: A systematic review and meta-analysis.,"BACKGROUND: The objectives of the researchers are as follows: First, to investigate whether intraoperative or postoperative administration of Intravenous (IV) iron supplements in patients undergoing primary total knee arthroplasty (TKA) can contribute to the hemoglobin recovery during the postoperative period (between 4 and 8 weeks after surgery). Second, to examine whether the administration of IV iron supplements during or immediately after TKA in patients undergoing primary TKA can reduce the need for allogenic blood transfusion during hospitalization.
METHODS: Articles published between January 1, 1990, and June 30, 2023 were searched in PubMed, Cochrane, and Embase. The population, intervention, comparison, and outcome of this study are as follows; Population: Patients undergoing primary total knee arthroplasty; Intervention: Administration of IV iron supplements during or immediately after surgery; Comparison: Non-administration of IV iron supplements; Outcome: Degree of hemoglobin recovery (between 4 and 8 weeks after surgery) and the need for blood transfusion during hospitalization.
RESULTS: There was a statistically significant difference in the amount of change in hemoglobin between iron supplementation group and non-iron supplementation group. The effect size were -0.44 (95% confidence interval: -0.69 to -0.19, P value < .001) in all patients. This means that the amount of change in hemoglobin were significantly reduced in the iron supplementation group than in the non-iron supplementation group. There was a statistically significant difference for post-operative transfusion rate between 2 groups. The effect size were 0.28 (95% confidence interval: 0.10-0.81, P value = .02) in all patients. This means that the post-operative transfusion rate was significantly less in the iron supplementation group than in the non-iron supplementation group.
CONCLUSION: The administration of IV iron supplements during or after TKA surgery increases hemoglobin recovery between 4 and 8 weeks after surgery and reduces the need for allogeneic blood transfusion during hospitalization.",Kwak SG; Kwon JB; Bae JW; Bae DJ; Kim DK; Choi WK,2023,Medicine,Meta-Analysis|Systematic Review|Journal Article,10.1097/MD.0000000000035744,https://pubmed.ncbi.nlm.nih.gov/37904349/,retain,true,abstract_only,ABSTRACT_SENTENCE_11,CONCLUSION: The administration of IV iron supplements during or after TKA surgery increases hemoglobin recovery between 4 and 8 weeks after surgery and reduces the need for allogeneic blood transfusion during hospitalization.,,"Second, to examine whether the administration of IV iron supplements during or immediately after TKA in patients undergoing primary TKA can reduce the need for allogenic blood transfusion during hospitalization. | The population, intervention, comparison, and outcome of this study are as follows; Population: Patients undergoing primary total knee arthroplasty; Intervention: Administration of IV iron supplements during or immediately after surgery; Comparison: Non-administration of IV iron supplements; Outcome: Degree of hemoglobin recovery (between 4 and 8 weeks after surgery) and the need for blood transfusion during hospitalization. | There was a statistically significant difference for post-operative transfusion rate between 2 groups.",CONCLUSION: The administration of IV iron supplements during or after TKA surgery increases hemoglobin recovery between 4 and 8 weeks after surgery and reduces the need for allogeneic blood transfusion during hospitalization.,"BACKGROUND: The objectives of the researchers are as follows: First, to investigate whether intraoperative or postoperative administration of Intravenous (IV) iron supplements in patients undergoing primary total knee arthroplasty (TKA) can contribute to the hemoglobin recovery during the postoperative period (between 4 and 8 weeks after surgery). | The population, intervention, comparison, and outcome of this study are as follows; Population: Patients undergoing primary total knee arthroplasty; Intervention: Administration of IV iron supplements during or immediately after surgery; Comparison: Non-administration of IV iron supplements; Outcome: Degree of hemoglobin recovery (between 4 and 8 weeks after surgery) and the need for blood transfusion during hospitalization. | CONCLUSION: The administration of IV iron supplements during or after TKA surgery increases hemoglobin recovery between 4 and 8 weeks after surgery and reduces the need for allogeneic blood transfusion during hospitalization.",17,research/searches_v3/HRS1_PERIOPERATIVE/pubmed/20260726T163628Z/efetch_001.xml,d16494b4ef867995123d4af928ed406abcaca3ecc3aa1bb53d5fadffe8f26f2b,,not_observed,ai_screened_regex_confirmed
HRS1_PERIOPERATIVE,pubmed:41034912,pubmed,41034912,The impact of vitamin C supplementation on the perioperative outcomes after total hip and knee arthroplasty: a systematic review and meta-analysis.,"BACKGROUND: The perioperative efficacy of vitamin C (VC) supplementation in total hip and knee arthroplasty (THA/TKA) remains underexplored. This systematic review and meta-analysis comprehensively evaluated, for the first time, the impact of VC on perioperative outcomes in THA/TKA. METHODS: In accordance with the PRISMA guidelines and prospectively registered with PROSPERO, we searched PubMed, Web of Science, Embase, and the Cochrane Library databases up to April 30, 2025. Two independent investigators performed literature screening, data extraction, and Cochrane risk-of-bias assessments. Meta-analyses were conducted using RevMan 5.4 software, and qualitative synthesis was applied where appropriate. RESULTS: Eight RCTs involving 852 patients were included. Meta-analysis revealed that, compared to controls, VC supplementation significantly reduced postoperative 24-hour visual analog scale (VAS) scores (MD = -0.60, 95% CI -1.14 to -0.07), C-reactive protein (CRP) levels (MD = -14.88, 95% CI -16.84 to -12.92), and interleukin-6 (IL-6) levels (MD = -9.17, 95% CI -12.94 to -5.41). However, no significant differences were observed in these outcomes at 48 h postoperatively (P > 0.05). Qualitative analysis suggested that perioperative VC supplementation may decrease the risk of complex regional pain syndrome (CRPS) and bleeding, reduce propofol dosage, lower the incidence of nausea, and potentially protect against cardiac issues and arthrofibrosis development. CONCLUSION: Perioperative VC supplementation for THA/TKA may alleviate pain and reduce inflammatory responses within 24 h. Large-scale, high-quality RCTs employing standardized VC protocols are required in the future to establish reliable evidence-based foundations for clinical implementation. TRIAL REGISTRATION: This study was prospectively registered in the PROSPERO database (registration number: CRD42025633608) on January 17, 2025.",Liu X; Guo J; Li Y; Yang Y; Liu M; Gao Q; Yang Y; Wu X; Yue C,2025,BMC musculoskeletal disorders,Journal Article|Systematic Review|Meta-Analysis,10.1186/s12891-025-09163-0,https://pubmed.ncbi.nlm.nih.gov/41034912/,retain,true,abstract_only,ABSTRACT_SENTENCE_9,"Qualitative analysis suggested that perioperative VC supplementation may decrease the risk of complex regional pain syndrome (CRPS) and bleeding, reduce propofol dosage, lower the incidence of nausea, and potentially protect against cardiac issues and arthrofibrosis development.",,"Qualitative analysis suggested that perioperative VC supplementation may decrease the risk of complex regional pain syndrome (CRPS) and bleeding, reduce propofol dosage, lower the incidence of nausea, and potentially protect against cardiac issues and arthrofibrosis development.","Qualitative analysis suggested that perioperative VC supplementation may decrease the risk of complex regional pain syndrome (CRPS) and bleeding, reduce propofol dosage, lower the incidence of nausea, and potentially protect against cardiac issues and arthrofibrosis development.","BACKGROUND: The perioperative efficacy of vitamin C (VC) supplementation in total hip and knee arthroplasty (THA/TKA) remains underexplored. | This systematic review and meta-analysis comprehensively evaluated, for the first time, the impact of VC on perioperative outcomes in THA/TKA. | Meta-analysis revealed that, compared to controls, VC supplementation significantly reduced postoperative 24-hour visual analog scale (VAS) scores (MD = -0.60, 95% CI -1.14 to -0.07), C-reactive protein (CRP) levels (MD = -14.88, 95% CI -16.84 to -12.92), and interleukin-6 (IL-6) levels (MD = -9.17, 95% CI -12.94 to -5.41).",17,research/searches_v3/HRS1_PERIOPERATIVE/pubmed/20260726T163628Z/efetch_001.xml,d16494b4ef867995123d4af928ed406abcaca3ecc3aa1bb53d5fadffe8f26f2b,,not_observed,ai_screened_regex_confirmed
HRS1_PERIOPERATIVE,pubmed:12134110,pubmed,12134110,Early enteral supply of lactobacillus and fiber versus selective bowel decontamination: a controlled trial in liver transplant recipients.,"BACKGROUND: Early enteral nutrition with solutions containing prebiotics (fiber) and probiotics (Lactobacillus) is suggested to reduce bacterial translocation and minimize the incidence of infections after liver transplantation.
METHODS: In a prospective, randomized placebo-controlled trial consisting of 95 patients, we compared the incidence of postoperative infections and other complications after liver transplantation among three different groups, all supplied with early enteral nutrition: (a) standard formula plus selective bowel decontamination (SBD), (b) fiber-containing formula plus living Lactobacillus plantarum 299, and (c) fiber-containing formula plus heat-killed L plantarum 299.
RESULTS: The groups were comparable regarding preoperative American Society of Anesthesiologists classification, Child-Pugh classification of cirrhosis, operative data, and degree of immunosuppression. The patients who received living lactobacilli plus fiber developed significantly fewer bacterial infections (13%) than the patients with SBD (48%). The incidence of infections was 34% in the group with inactivated lactobacilli and fiber. Cholangitis and pneumonia were the leading infections and enterococci the most commonly isolated bacteria. In the living Lactobacillus group, the mean duration of antibiotic therapy, the mean total hospital stay, and the stay on the intensive care unit were also shorter than in the groups with inactivated lactobacilli and fiber as well as with SBD. However, these differences did not reach statistical significance.
CONCLUSIONS: Early enteral nutrition with fiber-containing solutions and living L plantarum 299 was well tolerated. It decreases markedly the rate of postoperative infections both in comparison with inactivated L plantarum 299 and significantly with SBD and a standard enteral nutrition formula. As it is a cheap and feasible alternative to SBD, further studies should evaluate whether this ecoimmunonutrition should be already started while patients are on the waiting list for transplantation.",Rayes N; Seehofer D; Hansen S; Boucsein K; Müller AR; Serke S; Bengmark S; Neuhaus P,2002,Transplantation,Clinical Trial|Journal Article|Randomized Controlled Trial,10.1097/00007890-200207150-00021,https://pubmed.ncbi.nlm.nih.gov/12134110/,retain,true,abstract_only,ABSTRACT_SENTENCE_2,"METHODS: In a prospective, randomized placebo-controlled trial consisting of 95 patients, we compared the incidence of postoperative infections and other complications after liver transplantation among three different groups, all supplied with early enteral nutrition: (a) standard formula plus selective bowel decontamination (SBD), (b) fiber-containing formula plus living Lactobacillus plantarum 299, and (c) fiber-containing formula plus heat-killed L plantarum 299.",,"METHODS: In a prospective, randomized placebo-controlled trial consisting of 95 patients, we compared the incidence of postoperative infections and other complications after liver transplantation among three different groups, all supplied with early enteral nutrition: (a) standard formula plus selective bowel decontamination (SBD), (b) fiber-containing formula plus living Lactobacillus plantarum 299, and (c) fiber-containing formula plus heat-killed L plantarum 299.","METHODS: In a prospective, randomized placebo-controlled trial consisting of 95 patients, we compared the incidence of postoperative infections and other complications after liver transplantation among three different groups, all supplied with early enteral nutrition: (a) standard formula plus selective bowel decontamination (SBD), (b) fiber-containing formula plus living Lactobacillus plantarum 299, and (c) fiber-containing formula plus heat-killed L plantarum 299.","BACKGROUND: Early enteral nutrition with solutions containing prebiotics (fiber) and probiotics (Lactobacillus) is suggested to reduce bacterial translocation and minimize the incidence of infections after liver transplantation. | METHODS: In a prospective, randomized placebo-controlled trial consisting of 95 patients, we compared the incidence of postoperative infections and other complications after liver transplantation among three different groups, all supplied with early enteral nutrition: (a) standard formula plus selective bowel decontamination (SBD), (b) fiber-containing formula plus living Lactobacillus plantarum 299, and (c) fiber-containing formula plus heat-killed L plantarum 299. | RESULTS: The groups were comparable regarding preoperative American Society of Anesthesiologists classification, Child-Pugh classification of cirrhosis, operative data, and degree of immunosuppression.",15,research/searches_v3/HRS1_PERIOPERATIVE/pubmed/20260726T163628Z/efetch_002.xml,1ab0cfb1821f719d121490b636551cfc1f4489a4bffbab30b2a7f4c44c2a48fb,,not_observed,ai_screened_regex_confirmed
HRS1_PERIOPERATIVE,pubmed:28007717,pubmed,28007717,Perioperative supplementation of polyunsaturated omega-3 fatty acid for the prevention of atrial fibrillation after cardiothoracic surgery.,"PURPOSE: The effect of perioperative supplementation of polyunsaturated omega-3 fatty acid (PUFA) on the frequency of atrial fibrillation (AF) in patients without a history of AF was evaluated.
METHODS: A total of 561 patients were randomized to receive either 1 g of PUFA or placebo twice daily. Treatment was started up to five days before surgery or within 24 hours after surgery, depending on when consent was received. Treatment was continued until the patient's follow-up visit with the cardiologist up to four weeks after surgery. The primary endpoint of the study was AF before hospital discharge. Secondary endpoints included AF within one week after surgery, AF within one month after surgery, length of hospital stay, postoperative bleeding complications, and readmission within one month after surgery.
RESULTS: No significant reduction in the risk of AF was observed at hospital discharge (relative risk [RR], 0.98; p = 0.922) or at three weeks after surgery (RR, 0.98; p = 0.844). After restricting the analysis to treatment-adherent patients, the association remained nonsignificant at hospital discharge (RR, 0.90; p = 0.374) and at three weeks after surgery (RR, 0.90; p = 0.330). No significant differences were observed between treatments for rates of readmission, death, and bleeding complications or the length of hospital stay.
CONCLUSION: Perioperative supplementation with PUFA did not decrease the risk of AF in the immediate postoperative period. PUFA also had no effect on the length of hospital stay, postoperative bleeding complications, and readmissions within one month after surgery.",Joss JD; Hernan J; Collier R; Cardenas A,2017,American journal of health-system pharmacy : AJHP : official journal of the American Society of Health-System Pharmacists,Journal Article|Randomized Controlled Trial,10.2146/ajhp150740,https://pubmed.ncbi.nlm.nih.gov/28007717/,retain,true,abstract_only,ABSTRACT_SENTENCE_6,"Secondary endpoints included AF within one week after surgery, AF within one month after surgery, length of hospital stay, postoperative bleeding complications, and readmission within one month after surgery.",1 g,"Secondary endpoints included AF within one week after surgery, AF within one month after surgery, length of hospital stay, postoperative bleeding complications, and readmission within one month after surgery. | No significant differences were observed between treatments for rates of readmission, death, and bleeding complications or the length of hospital stay. | PUFA also had no effect on the length of hospital stay, postoperative bleeding complications, and readmissions within one month after surgery.","Secondary endpoints included AF within one week after surgery, AF within one month after surgery, length of hospital stay, postoperative bleeding complications, and readmission within one month after surgery.","PURPOSE: The effect of perioperative supplementation of polyunsaturated omega-3 fatty acid (PUFA) on the frequency of atrial fibrillation (AF) in patients without a history of AF was evaluated. | Treatment was started up to five days before surgery or within 24 hours after surgery, depending on when consent was received. | Treatment was continued until the patient's follow-up visit with the cardiologist up to four weeks after surgery.",15,research/searches_v3/HRS1_PERIOPERATIVE/pubmed/20260726T163628Z/efetch_001.xml,d16494b4ef867995123d4af928ed406abcaca3ecc3aa1bb53d5fadffe8f26f2b,,not_observed,ai_screened_regex_confirmed
HRS1_PERIOPERATIVE,pubmed:30431563,pubmed,30431563,"Comprehensive preoperative regime of selective gut decontamination in combination with probiotics, and smectite for reducing endotoxemia and cytokine activation during cardiopulmonary bypass: A pilot randomized, controlled trial.","BACKGROUND: Both selective digestive decontamination (SDD) and probiotics have been reported to reduce endotoxemia. However, the available results are conflicting and few studies have investigated the combined effect of SDD and probiotics. This study aimed to examine the effectiveness of a comprehensive preoperative regimen of SDD in combination with probiotics and smectite on perioperative endotoxemia and cytokine activation in patients who underwent elective cardiac surgery with cardiopulmonary bypass (CPB) in a pilot, prospective, randomized, controlled trial.
METHODS: Patients who underwent elective Aortic Valve Replacement or Mitral Valve Replacement surgery from July 2010 to March 2015 were included. In total, 30 eligible patients were randomly assigned to receive either the comprehensive preoperative regimen (n = 15) (a combination of preoperative SDD, probiotics, and smectite) or the control group (n = 15) who did not receive this treatment. The levels of endotoxin, IL-6, and procalcitonin were measured at the time before anesthesia induction, immediately after cardiopulmonary bypass (CPB), 24 hours after CPB, and 48 hours after CPB. The primary outcomes were changes in endotoxin, IL-6, and procalcitonin concentrations after CPB.
RESULTS: The mean levels of change in endotoxin levels after CPB in patients receiving the comprehensive preoperative regimen was marginally significantly lower than those in control group (F = 4.0, P = .0552) but was not significantly different for procalcitonin (F = .14, P = .7134). An interaction between group and time for IL-6 was identified (F = 4.35, P = .0231). The increase in IL-6 concentration immediately after CPB in the comprehensive preoperative group was significantly lower than that in the control group (P = .0112). The changes in IL-6 concentration at 24 hours and 48 hours after CPB were not significant between the comprehensive preoperative group and control group.
CONCLUSION: The present pilot, prospective, randomized, controlled study in patients undergoing cardiac surgery with CPB demonstrated that 3 days of a comprehensive preoperative regime of SDD in combination with probiotics and smectite may reduce the endotoxin and IL-6 levels after CPB compared with the control group.",Liu WC; Zhan YP; Wang XH; Hou BC; Huang J; Chen SB,2018,Medicine,Journal Article|Randomized Controlled Trial,10.1097/MD.0000000000012685,https://pubmed.ncbi.nlm.nih.gov/30431563/,retain,true,abstract_only,ABSTRACT_SENTENCE_8,"RESULTS: The mean levels of change in endotoxin levels after CPB in patients receiving the comprehensive preoperative regimen was marginally significantly lower than those in control group (F = 4.0, P = .0552) but was not significantly different for procalcitonin (F = .14, P = .7134).",,"An interaction between group and time for IL-6 was identified (F = 4.35, P = .0231).","RESULTS: The mean levels of change in endotoxin levels after CPB in patients receiving the comprehensive preoperative regimen was marginally significantly lower than those in control group (F = 4.0, P = .0552) but was not significantly different for procalcitonin (F = .14, P = .7134).","This study aimed to examine the effectiveness of a comprehensive preoperative regimen of SDD in combination with probiotics and smectite on perioperative endotoxemia and cytokine activation in patients who underwent elective cardiac surgery with cardiopulmonary bypass (CPB) in a pilot, prospective, randomized, controlled trial. | METHODS: Patients who underwent elective Aortic Valve Replacement or Mitral Valve Replacement surgery from July 2010 to March 2015 were included. | In total, 30 eligible patients were randomly assigned to receive either the comprehensive preoperative regimen (n = 15) (a combination of preoperative SDD, probiotics, and smectite) or the control group (n = 15) who did not receive this treatment.",15,research/searches_v3/HRS1_PERIOPERATIVE/pubmed/20260726T163628Z/efetch_001.xml,d16494b4ef867995123d4af928ed406abcaca3ecc3aa1bb53d5fadffe8f26f2b,,not_observed,ai_screened_regex_confirmed
HRS1_PERIOPERATIVE,pubmed:34710946,pubmed,34710946,Preoperative Sucrosomial Iron Supplementation Increases Haemoglobin and Reduces Transfusion Requirements in Elective Heart Surgery Patients: A Prospective Randomized Study.,"BACKGROUND: Low preoperative haemoglobin is frequently observed in heart surgery patients and is associated with a significant decrease in haemoglobin between post-operative days 2 and 3, known as haemoglobin drift. Overall, these patients tend to receive many RBC transfusions. Since iron homeostasis is often impaired in these patients, restoration of iron availability might override iron-restricted erythropoiesis. However, reduced tolerance to oral iron salts has limited this strategy to intravenous iron administration.
STUDY DESIGN AND METHODS: The purpose of this study was to assess whether preoperative supplementation with oral sucrosomial iron, a new iron-delivery technology with improved tolerance and bioavailability, might be an effective strategy for this patient population. One thousand consecutive patients were randomized and received either a one-month course of sucrosomial iron (60 mg/day) or no treatment prior to elective heart surgery at a single high-volume centre (ClinicalTrials.gov NCT03560687). Primary end-points were haemoglobin concentration on the day of hospital admittance and number of blood transfusions. Secondary end-points were haemoglobin drift, tolerance of treatment and cost-effectiveness of sucrosomial iron administration.
RESULTS: Baseline haemoglobin in the treatment group was higher (by 0.67 g/dL; p<0.001) than that in the control group. The percentage of patients in the treatment group who required transfusion (35.4%) was half that in the control group (64.6%). The average number of transfused units per operation was 0.95 vs. 2.03 in the treatment and control groups, respectively. Haemoglobin drift was substantially similar in the two groups, and the tolerability of treatment was excellent (98%). The overall cost of treatment was 156 Euros less in the treatment group, expressed as a raw cost of transfusion.
CONCLUSION: In elective heart surgery, routine preoperative sucrosomial iron administration seems to be a safe, well-tolerated and cost-effective strategy to increase preoperative haemoglobin and reduce the need for allogeneic blood transfusions.",Pierelli L; De Rosa A; Falco M; Papi E; Rondinelli MB; Turani F; Weltert L,2021,Surgical technology international,Journal Article|Randomized Controlled Trial,10.52198/21.STI.39.CV1512,https://pubmed.ncbi.nlm.nih.gov/34710946/,retain,true,abstract_only,ABSTRACT_SENTENCE_15,"CONCLUSION: In elective heart surgery, routine preoperative sucrosomial iron administration seems to be a safe, well-tolerated and cost-effective strategy to increase preoperative haemoglobin and reduce the need for allogeneic blood transfusions.",60 mg/d | 0.67 g/d,"Overall, these patients tend to receive many RBC transfusions. | Primary end-points were haemoglobin concentration on the day of hospital admittance and number of blood transfusions. | The percentage of patients in the treatment group who required transfusion (35.4%) was half that in the control group (64.6%).","CONCLUSION: In elective heart surgery, routine preoperative sucrosomial iron administration seems to be a safe, well-tolerated and cost-effective strategy to increase preoperative haemoglobin and reduce the need for allogeneic blood transfusions.","BACKGROUND: Low preoperative haemoglobin is frequently observed in heart surgery patients and is associated with a significant decrease in haemoglobin between post-operative days 2 and 3, known as haemoglobin drift. | STUDY DESIGN AND METHODS: The purpose of this study was to assess whether preoperative supplementation with oral sucrosomial iron, a new iron-delivery technology with improved tolerance and bioavailability, might be an effective strategy for this patient population. | One thousand consecutive patients were randomized and received either a one-month course of sucrosomial iron (60 mg/day) or no treatment prior to elective heart surgery at a single high-volume centre (ClinicalTrials.gov NCT03560687).",15,research/searches_v3/HRS1_PERIOPERATIVE/pubmed/20260726T163628Z/efetch_001.xml,d16494b4ef867995123d4af928ed406abcaca3ecc3aa1bb53d5fadffe8f26f2b,,not_observed,ai_screened_regex_confirmed
HRS1_PERIOPERATIVE,pubmed:35063205,pubmed,35063205,Effects of omega-3 fatty acids supplementation on perioperative blood loss and complications after radical prostatectomy.,"BACKGROUND AND AIMS: Many dietary supplements, including omega-3 fatty acids (ω3), are suspected to affect blood coagulation and platelet function. Despite no clinical evidence, discontinuation is recommended before radical prostatectomy. However, long-chain ω3 (LCω3) appear beneficial against prostate cancer progression. Here, we aim to determine the effect of LCω3 supplements on perioperative bleeding, hemoglobin, platelets, and postoperative complications after radical prostatectomy.
METHODS: This is a planned exploratory analysis of 130 patients diagnosed with prostate cancer grade group 2 or greater enrolled in a randomized controlled trial (NCT02333435) testing the effects of LCω3, on prostate cancer biological and pathological outcomes at radical prostatectomy as main outcomes. The LCω3 intervention (MAG-EPA 3 g daily) or equivalent placebo was given 4-10 weeks prior to radical prostatectomy. An intention-to-treat analysis approach was used with bi-variate statistical testing of bleeding and complications outcomes. We also estimated the difference between groups using linear regression and non-parametric quantile regression models. All models were adjusted for confounding variables selected on clinical relevance.
RESULTS: We found no clinically significant effect of LCω3 versus placebo on perioperative bleeding, laboratory tests or postoperative complications. In contrast, as expected, we found a significant increase in perioperative bleeding in open retropubic radical prostatectomy compared to robot-assisted radical prostatectomy (adjusted difference 115.8 mL, p = 0.04).
CONCLUSIONS: Our results suggest that ω3 supplements can be safely taken before radical prostatectomy without increasing surgical bleeding risk. These findings are relevant since ω3 may beneficially affect prostate cancer evolution.",Fradet S; Pelletier JF; Singbo N; Lacombe L; Toren P; Lodde M; Dujardin T; Tiguert R; Fradet Y; Robitaille K; Fradet V,2022,Clinical nutrition ESPEN,"Journal Article|Randomized Controlled Trial|Research Support, Non-U.S. Gov't",10.1016/j.clnesp.2021.12.011,https://pubmed.ncbi.nlm.nih.gov/35063205/,retain,true,abstract_only,ABSTRACT_SENTENCE_10,"RESULTS: We found no clinically significant effect of LCω3 versus placebo on perioperative bleeding, laboratory tests or postoperative complications.",3 g | 115.8 mL,"BACKGROUND AND AIMS: Many dietary supplements, including omega-3 fatty acids (ω3), are suspected to affect blood coagulation and platelet function. | Here, we aim to determine the effect of LCω3 supplements on perioperative bleeding, hemoglobin, platelets, and postoperative complications after radical prostatectomy. | An intention-to-treat analysis approach was used with bi-variate statistical testing of bleeding and complications outcomes.","RESULTS: We found no clinically significant effect of LCω3 versus placebo on perioperative bleeding, laboratory tests or postoperative complications.","Here, we aim to determine the effect of LCω3 supplements on perioperative bleeding, hemoglobin, platelets, and postoperative complications after radical prostatectomy. | RESULTS: We found no clinically significant effect of LCω3 versus placebo on perioperative bleeding, laboratory tests or postoperative complications. | In contrast, as expected, we found a significant increase in perioperative bleeding in open retropubic radical prostatectomy compared to robot-assisted radical prostatectomy (adjusted difference 115.8 mL, p = 0.04).",15,research/searches_v3/HRS1_PERIOPERATIVE/pubmed/20260726T163628Z/efetch_001.xml,d16494b4ef867995123d4af928ed406abcaca3ecc3aa1bb53d5fadffe8f26f2b,,not_observed,ai_screened_regex_confirmed
HRS1_PERIOPERATIVE,pubmed:35877927,pubmed,35877927,"A Multicenter, Randomized, Double-Blind, Placebo-Controlled Trial of Preoperative Antithrombin Supplementation in Patients at Risk for Antithrombin Deficiency After Cardiac Surgery.","BACKGROUND: Antithrombin (AT) activity is reduced during cardiac operations with cardiopulmonary bypass (CPB), which is associated with adverse outcomes. Preoperative AT supplementation, to achieve >58% and <100% AT activity, may potentially reduce postoperative morbidity and mortality in cardiac operations with CPB. This prospective, multicenter, randomized, double-blind, placebo-controlled study was designed to evaluate the safety and efficacy of preoperative treatment with AT supplementation in patients at risk for low AT activity after undergoing cardiac surgery with CPB.
METHODS: A total of 425 adult patients were randomized (1:1) to receive either a single dose of AT (n = 213) to achieve an absolute increase of 20% above pretreatment AT activity or placebo (n = 212) before surgery. The study duration was approximately 7 weeks. The primary efficacy end point was the percentage of patients with any component of a major morbidity composite (postoperative mortality, stroke, acute kidney injury [AKI], surgical reexploration, arterial or venous thromboembolic events, prolonged mechanical ventilation, and infection) in the 2 groups. Secondary end points included AT activity, blood loss, transfusion requirements, duration of intensive care unit (ICU), and hospital stays. Safety was also assessed.
RESULTS: Overall, 399 patients (men, n = 300, 75.2%) with a mean (standard deviation [SD]) age of 66.1 (11.7) years, with the majority undergoing complex surgical procedures (n = 266, 67.9%), were analyzed. No differences in the percentage of patients experiencing morbidity composite outcomes between groups were observed (AT-treated 68/198 [34.3%] versus placebo 58/194 [29.9%]; P = .332; relative risk, 1.15). After AT infusion, AT activity was significantly higher in the AT group (108% [42-143]) versus placebo group (76% [40-110]), and lasted up to postoperative day 2. At ICU, the frequency of patients with AT activity ≥58% in the AT group (81.5%) was significantly higher ( P < .001) versus placebo group (43.2%). Secondary end point analysis did not show any advantage of AT over placebo group. There were significantly more patients with AKI ( P < .001) in the AT group (23/198; 11.6%) than in the placebo group (5/194, 2.6%). Safety results showed no differences in treatment-emergent adverse events nor bleeding events between groups.
CONCLUSIONS: AT supplementation did not attenuate adverse postoperative outcomes in our cohort of patients undergoing cardiac surgery with CPB.",Moront MG; Woodward MK; Essandoh MK; Avery EG; Reece TB; Brzezinski M; Spiess B; Shore-Lesserson L; Chen J; Henriquez W; Barceló M; Despotis G; Karkouti K; Levy JH; Ranucci M; Mondou E; Clinical Thrombate Study Group,2022,Anesthesia and analgesia,"Journal Article|Multicenter Study|Randomized Controlled Trial|Research Support, Non-U.S. Gov't",10.1213/ANE.0000000000006145,https://pubmed.ncbi.nlm.nih.gov/35877927/,retain,true,abstract_only,ABSTRACT_SENTENCE_2,"Preoperative AT supplementation, to achieve >58% and <100% AT activity, may potentially reduce postoperative morbidity and mortality in cardiac operations with CPB.",,"BACKGROUND: Antithrombin (AT) activity is reduced during cardiac operations with cardiopulmonary bypass (CPB), which is associated with adverse outcomes. | Preoperative AT supplementation, to achieve >58% and <100% AT activity, may potentially reduce postoperative morbidity and mortality in cardiac operations with CPB. | The primary efficacy end point was the percentage of patients with any component of a major morbidity composite (postoperative mortality, stroke, acute kidney injury [AKI], surgical reexploration, arterial or venous thromboembolic events, prolonged mechanical ventilation, and infection) in the 2 groups.","Preoperative AT supplementation, to achieve >58% and <100% AT activity, may potentially reduce postoperative morbidity and mortality in cardiac operations with CPB.","Preoperative AT supplementation, to achieve >58% and <100% AT activity, may potentially reduce postoperative morbidity and mortality in cardiac operations with CPB. | This prospective, multicenter, randomized, double-blind, placebo-controlled study was designed to evaluate the safety and efficacy of preoperative treatment with AT supplementation in patients at risk for low AT activity after undergoing cardiac surgery with CPB. | METHODS: A total of 425 adult patients were randomized (1:1) to receive either a single dose of AT (n = 213) to achieve an absolute increase of 20% above pretreatment AT activity or placebo (n = 212) before surgery.",15,research/searches_v3/HRS1_PERIOPERATIVE/pubmed/20260726T163628Z/efetch_001.xml,d16494b4ef867995123d4af928ed406abcaca3ecc3aa1bb53d5fadffe8f26f2b,,not_observed,ai_screened_regex_confirmed
HRS1_PERIOPERATIVE,pubmed:39931805,pubmed,39931805,Preoperative Iron Supplementation Mitigates the Risk of Postoperative Complications Associated With Iron Deficiency Anemia Following Lumbar Spinal Fusion.,"STUDY DESIGN: Retrospective cohort study.
OBJECTIVE: Evaluate postoperative outcomes in lumbar fusion patients with preoperative iron deficiency anemia (IDA) on iron supplementation.
BACKGROUND: IDA has been associated with impaired cognition, compromised immune response, and increased risk of morbidity and mortality after surgery. However, little is known about the relationship between IDA and postoperative complications among patients undergoing lumbar fusion, as well as about the impact of preoperative iron supplementation on these outcomes.
METHODS: A national all-payer claims database was queried for adult patients who underwent lumbar spinal fusion between 2010 and 2022. Patients were initially stratified by a preoperative diagnosis of IDA and matched 1:1 based on age, sex, and medical comorbidities. IDA patients were further stratified by preoperative iron supplementation use and similarly matched. Postoperative complications and hospital costs were compared using χ 2 , t test, and multivariate logistic regressions.
RESULTS: The matched cohorts consisted of 27,669 patients, with a mean age of 59 years and 89% female sex. IDA patients had higher rates of pulmonary embolism, acute kidney infection, deep venous thromboembolism, surgical site infection, urinary tract infection, blood transfusion, 90-day readmission rates, and hospital length of stay (all P <0.001). IDA patients on preoperative iron supplementation had lower rates of acute kidney injury, hematoma, pulmonary embolism, surgical site infection, urinary tract infection, stroke, 90-day readmission rates, and 90-day total hospital costs (all P <0.001). Non-IDA patients on preoperative iron supplementation similarly had lower rates of many of these complications as well.
CONCLUSION: IDA was associated with an increased risk of 90-day postoperative medical complications and hospital resource utilization. However, preoperative oral iron supplementation mitigated these risks. Further research is critical to understand how preoperative or perioperative iron supplementation can be used to optimize patients' hematologic status before lumbar fusion to maximize clinical outcomes.
LEVEL OF EVIDENCE: Level IV.",Jain R; Farias MJ; Singh M; Pisani C; Nassar JE; Diebo BG; Daniels AH,2026,Spine,Journal Article,10.1097/BRS.0000000000005294,https://pubmed.ncbi.nlm.nih.gov/39931805/,retain,true,abstract_only,ABSTRACT_SENTENCE_13,CONCLUSION: IDA was associated with an increased risk of 90-day postoperative medical complications and hospital resource utilization.,,"BACKGROUND: IDA has been associated with impaired cognition, compromised immune response, and increased risk of morbidity and mortality after surgery. | However, little is known about the relationship between IDA and postoperative complications among patients undergoing lumbar fusion, as well as about the impact of preoperative iron supplementation on these outcomes. | Postoperative complications and hospital costs were compared using χ 2 , t test, and multivariate logistic regressions.",CONCLUSION: IDA was associated with an increased risk of 90-day postoperative medical complications and hospital resource utilization.,"OBJECTIVE: Evaluate postoperative outcomes in lumbar fusion patients with preoperative iron deficiency anemia (IDA) on iron supplementation. | BACKGROUND: IDA has been associated with impaired cognition, compromised immune response, and increased risk of morbidity and mortality after surgery. | However, little is known about the relationship between IDA and postoperative complications among patients undergoing lumbar fusion, as well as about the impact of preoperative iron supplementation on these outcomes.",13,research/searches_v3/HRS1_PERIOPERATIVE/pubmed/20260726T163628Z/efetch_001.xml,d16494b4ef867995123d4af928ed406abcaca3ecc3aa1bb53d5fadffe8f26f2b,,not_observed,ai_screened_regex_confirmed
HRS1_PERIOPERATIVE,pubmed:40695569,pubmed,40695569,Risk factors for bleeding and perioperative bleeding complications in oculoplastic surgery: a prospective pilot study.,"BACKGROUND/AIMS: Clear guidelines for managing patients on antiplatelet (AP) or anticoagulant (AC) therapy undergoing oculoplastic surgery are lacking. This study investigates bleeding risk factors and evaluates the effectiveness of a standardised bleeding risk assessment in extraocular surgery.
METHODS: In this prospective study, a standardised questionnaire (SQ) was employed to gather patients' bleeding histories. Associations between SQ scores and preoperative/demographic factors (AP/AC use, age, sex, comorbidities), and surgical factors (blood pressure, surgery type, primary vs revision surgery, anaesthesia type, duration, pain management) were assessed. A scoring system quantified bleeding severity. Patients were monitored postoperatively for 24 hours (eyelid procedures) to 3 or 4 days (orbital/nasolacrimal surgery).
RESULTS: A total of 324 patients (aged 18-92) were included (252 eyelid, 56 orbital and 16 nasolacrimal surgeries). 87 patients were using AP, AC and/or herbal supplements. Severe bleeding occurred in 35 patients, four required revision surgery, though none suffered permanent damage. Bleeding complications were significantly associated with higher SQ scores (p=0.048), acetylsalicylic acid use in eyelid surgery (p=0.038), diabetes mellitus (p=0.016), renal disease (p=0.044), general anaesthesia (p=0.001) and longer surgery duration (p=0.007). Local anaesthesia, AC use and systolic hypertension were not significantly associated with bleeding risk.
CONCLUSION: The SQ is a valuable tool for assessing bleeding risk in oculoplastic patients. Findings support future multicentre studies to develop evidence-based perioperative guidelines for AP and AC management. Limitations include cohort heterogeneity, small sample size, non-blinded design and subjective bleeding scores affecting comparability.",Christensen NA; Feltgen N; Horn M; Naxer S; van Oterendorp C; Koscielny J; Sucker C; Pfeiffer S; Kück F; Schittkowski MP,2025,The British journal of ophthalmology,Journal Article,10.1136/bjo-2024-326553,https://pubmed.ncbi.nlm.nih.gov/40695569/,retain,true,abstract_only,ABSTRACT_SENTENCE_10,"Bleeding complications were significantly associated with higher SQ scores (p=0.048), acetylsalicylic acid use in eyelid surgery (p=0.038), diabetes mellitus (p=0.016), renal disease (p=0.044), general anaesthesia (p=0.001) and longer surgery duration (p=0.007).",,"BACKGROUND/AIMS: Clear guidelines for managing patients on antiplatelet (AP) or anticoagulant (AC) therapy undergoing oculoplastic surgery are lacking. | This study investigates bleeding risk factors and evaluates the effectiveness of a standardised bleeding risk assessment in extraocular surgery. | METHODS: In this prospective study, a standardised questionnaire (SQ) was employed to gather patients' bleeding histories.","Bleeding complications were significantly associated with higher SQ scores (p=0.048), acetylsalicylic acid use in eyelid surgery (p=0.038), diabetes mellitus (p=0.016), renal disease (p=0.044), general anaesthesia (p=0.001) and longer surgery duration (p=0.007).","BACKGROUND/AIMS: Clear guidelines for managing patients on antiplatelet (AP) or anticoagulant (AC) therapy undergoing oculoplastic surgery are lacking. | This study investigates bleeding risk factors and evaluates the effectiveness of a standardised bleeding risk assessment in extraocular surgery. | Associations between SQ scores and preoperative/demographic factors (AP/AC use, age, sex, comorbidities), and surgical factors (blood pressure, surgery type, primary vs revision surgery, anaesthesia type, duration, pain management) were assessed.",13,research/searches_v3/HRS1_PERIOPERATIVE/pubmed/20260726T163628Z/efetch_001.xml,d16494b4ef867995123d4af928ed406abcaca3ecc3aa1bb53d5fadffe8f26f2b,,not_observed,ai_screened_regex_confirmed
HRS2_KIDNEY_DISEASE,pubmed:41933167,pubmed,41933167,Effect of active vitamin D supplementation on muscle mass and function in peritoneal dialysis patients with sarcopenia: a randomized controlled trial.,"The data regarding the influence of active vitamin D supplementation on muscle mass and function in end-stage renal disease (ESRD) patients have been inconclusive. Our study aimed to determine the effectiveness of vitamin D supplementation on the alterations in muscle mass and function in peritoneal dialysis (PD) patients with sarcopenia. This single-center, randomized, open-label, parallel-controlled clinical trial was conducted at the Ningbo No.2 Hospital, which serves as a tertiary care center in the Ningbo region of Zhejiang Province, China. ESRD patients with sarcopenia and vitamin D insufficiency or deficiency (serum 25(OH)D levels < 30 ng/mL) who were undergoing PD were recruited for the study. Participants were randomly allocated in a 1:1 ratio to either the intervention group (n = 25) or the control group (n = 25). Participants within the intervention group were prescribed alfacalcidol soft capsules at a daily dosage of 0.5 µg. By contrast, participants assigned to the control group were explicitly prohibited from using alfacalcidol or any other pharmaceutical formulations that contained active vitamin D components. The primary endpoint was the improvement in skeletal muscle mass or function (a composite endpoint) from the baseline assessment to Week 48. Primary efficacy analyses were based on the intention-to-treat (ITT) population who completed randomization. Sensitivity analyses of the per-protocol (PP) population and the population adjusted for potential confounders were performed. Safety and tolerability were monitored. This trial was registered at the Chinese Clinical Trial Registry, ChiCTR2400084107. Participants had a good adherence to treatment. During the 48-week outpatient follow-up, 30.0% (15/50) of participants achieved improvement in muscle mass or function. Specifically, 48.0% (12/25) of participants in the alfacalcidol group and 12.0% (3/25) in the control group achieved improvement in muscle mass or function, yielding an absolute difference of 36.0% (95% CI 12.6% – 59.4%; P = 0.005), with a relative risk (RR) of 1.69 (95% CI 1.13–2.53). For the PP population, the results showed an absolute difference of 38.6% (95% CI 13.7% – 63.5%; P = 0.006), with a RR of 1.81 (95% CI 1.14–2.86), between the two groups. For the population adjusted for baseline age and serum 25(OH)D in the multivariate model, vitamin D supplementation was still significantly correlated with the improvement in muscle mass and function (odds ratio (OR) 11.89, 95% CI 1.92–73.5; P = 0.008). The incidence of adverse events did not differ between the two groups, and the daily administration of 0.5 µg of alfacalcidol was well-tolerated. These results indicate that the administration of active vitamin D has the potential to improve muscle mass and function in ESRD patients with sarcopenia and vitamin D insufficiency or deficiency who were undergoing PD. Nevertheless, due to the risk of biases stemming from study limitations, these findings should be interpreted as exploratory, and the generalizability (external validity) of the results warrants further investigation.Registration and Protocol Availability: The trial has been registered with the Chinese Clinical Trial Registry ( http://www.chictr.org.cn ) under registration number ChiCTR2400084107, and the registration date is May 10, 2024. The detailed protocol can be accessed directly from the website.",Wang L; Zhu B; Xue C; Zhou F; Luo Q,2026,Scientific reports,Journal Article|Randomized Controlled Trial,10.1038/s41598-026-47141-1,https://pubmed.ncbi.nlm.nih.gov/41933167/,retain,true,abstract_only,ABSTRACT_SENTENCE_18,"The incidence of adverse events did not differ between the two groups, and the daily administration of 0.5 µg of alfacalcidol was well-tolerated.",0.5 µg,"This single-center, randomized, open-label, parallel-controlled clinical trial was conducted at the Ningbo No.2 Hospital, which serves as a tertiary care center in the Ningbo region of Zhejiang Province, China. | The incidence of adverse events did not differ between the two groups, and the daily administration of 0.5 µg of alfacalcidol was well-tolerated.","The incidence of adverse events did not differ between the two groups, and the daily administration of 0.5 µg of alfacalcidol was well-tolerated.",The data regarding the influence of active vitamin D supplementation on muscle mass and function in end-stage renal disease (ESRD) patients have been inconclusive. | Our study aimed to determine the effectiveness of vitamin D supplementation on the alterations in muscle mass and function in peritoneal dialysis (PD) patients with sarcopenia. | ESRD patients with sarcopenia and vitamin D insufficiency or deficiency (serum 25(OH)D levels < 30 ng/mL) who were undergoing PD were recruited for the study.,18,research/searches_v3/HRS2_KIDNEY_DISEASE/pubmed/20260726T163628Z/efetch_001.xml,a5e5cb61f643bd4b256930f85519e8fee098a652dd5ad1c330c9749200214d80,,not_observed,ai_screened_regex_confirmed
HRS2_KIDNEY_DISEASE,pubmed:34378863,pubmed,34378863,"Efficacy of high versus conventional dose of ergocalciferol supplementation on serum 25-hydroxyvitamin D and interleukin-6 levels among hemodialysis patients with vitamin D deficiency: A multicenter, randomized, controlled study.","Long-term dialysis involves a chronic inflammatory state and produces a high prevalence of vitamin D deficiency. A clinical trial was conducted in hemodialysis with serum 25-hydroxyvitamin D (25[OH]D) level <30 ng/ml. The conventional-group (N = 35) and the high-dose group (N = 35) were treated with ergocalciferol according to the K/DOQI guidelines and double dosage of ergocalciferol from the recommendation for 8 weeks, respectively. The main outcomes were measured by serum 25[OH]D and interleukin-6 (IL-6). At the end of 8 weeks, a statistically significant greater increase was observed of mean serum 25[OH]D levels and a decrease of mean parathyroid hormone levels in the high-dose group compared with the conventional-dose group. The high dose group had the higher achievement of vitamin D sufficiency than the conventional-dose group (97.4% vs. 76.4%, p = 0.012). No significant difference was found in mean changes of serum IL-6 level in both groups, except subgroup patients with vitamin D deficiency or serum 25[OH]D <20 ng/ml, high dose treatment suppressed serum IL-6 level (-2.67 pg/ml [IQR -6.56 to -0.17], p = 0.039). No differences were observed between the two groups in adverse events. Oral high-dose ergocalciferol supplementation has achieved higher vitamin D sufficiency than standard dose in end stage renal disease patients on dialysis.",Nata N; Siricheepchaiyan W; Supasyndh O; Satirapoj B,2022,"Therapeutic apheresis and dialysis : official peer-reviewed journal of the International Society for Apheresis, the Japanese Society for Apheresis, the Japanese Society for Dialysis Therapy",Journal Article|Multicenter Study|Randomized Controlled Trial,10.1111/1744-9987.13722,https://pubmed.ncbi.nlm.nih.gov/34378863/,retain,true,abstract_only,ABSTRACT_SENTENCE_9,No differences were observed between the two groups in adverse events.,,No differences were observed between the two groups in adverse events.,No differences were observed between the two groups in adverse events.,Long-term dialysis involves a chronic inflammatory state and produces a high prevalence of vitamin D deficiency. | A clinical trial was conducted in hemodialysis with serum 25-hydroxyvitamin D (25[OH]D) level <30 ng/ml. | Oral high-dose ergocalciferol supplementation has achieved higher vitamin D sufficiency than standard dose in end stage renal disease patients on dialysis.,15,research/searches_v3/HRS2_KIDNEY_DISEASE/pubmed/20260726T163628Z/efetch_001.xml,a5e5cb61f643bd4b256930f85519e8fee098a652dd5ad1c330c9749200214d80,,not_observed,ai_screened_regex_confirmed
HRS2_KIDNEY_DISEASE,pubmed:34740538,pubmed,34740538,"Effect of L-Carnitine Supplementation on Inflammatory Markers and Serum Glucose in Hemodialysis Children: A Randomized, Placebo-Controlled Clinical Trial.","OBJECTIVES: Chronic inflammation is present in a high proportion of the chronic kidney disease (CKD) population, which can increase the risk of cardiovascular disease. Moreover, it is known as the leading cause of death in these patients. In addition, change in glucose metabolism is another common problem among CKD population. In this regard, it was found that insulin resistance and inflammation can perpetuate each other and simultaneously cause atherosclerosis. Because some studies have previously shown the positive effects of L-carnitine on reducing inflammation and controlling blood sugar, in the present study, we examined the effects of L-carnitine supplementation on serum inflammatory markers, fasting blood sugar (FBS), free carnitine (FC), albumin levels, and quality of life score among children on hemodialysis.
METHOD: Twenty-four children on hemodialysis (aged between 6 and 18 years) were enrolled in this randomized clinical trial study. Thereafter, 12 patients received 50 mg/kg of L-carnitine and 12 patients received placebo for a 10-week period. Afterward, we determined serum FC, interleukin-6 (IL-6), high-sensitivity C-reactive protein, FBS, and albumin and Pediatrics Quality of Life scores once at the baseline and once after performing intervention for 10 weeks. Moreover, the one-way repeated measures analysis was used to evaluate the effects of L-carnitine supplementation.
RESULTS: Although oral L-carnitine supplementation led to the decreased high-sensitivity C-reactive protein, this change was not significant compared with the placebo. Also, L-carnitine supplementation has significantly reduced serum levels of IL-6 and FBS, which has also raised serum FC and Pediatrics Quality of Life scores compared with the placebo. Notably, no significant change was observed in serum albumin levels.
CONCLUSION: Given the significant reductions in IL-6 and FBS levels, L-carnitine supplementation appeared to have some positive effects on the inflammation, blood glucose control, and prevention of cardiovascular events in these patients, as well as the improvement of quality of life. In this regard, L-carnitine therapy with a longer duration is recommended to obtain more effective results.",Hamedi-Kalajahi F; Imani H; Mojtahedi S; Shabbidar S,2022,Journal of renal nutrition : the official journal of the Council on Renal Nutrition of the National Kidney Foundation,"Journal Article|Randomized Controlled Trial|Research Support, Non-U.S. Gov't",10.1053/j.jrn.2021.03.009,https://pubmed.ncbi.nlm.nih.gov/34740538/,retain,true,abstract_only,ABSTRACT_SENTENCE_13,"CONCLUSION: Given the significant reductions in IL-6 and FBS levels, L-carnitine supplementation appeared to have some positive effects on the inflammation, blood glucose control, and prevention of cardiovascular events in these patients, as well as the improvement of quality of life.",50 mg,"OBJECTIVES: Chronic inflammation is present in a high proportion of the chronic kidney disease (CKD) population, which can increase the risk of cardiovascular disease. | CONCLUSION: Given the significant reductions in IL-6 and FBS levels, L-carnitine supplementation appeared to have some positive effects on the inflammation, blood glucose control, and prevention of cardiovascular events in these patients, as well as the improvement of quality of life.","CONCLUSION: Given the significant reductions in IL-6 and FBS levels, L-carnitine supplementation appeared to have some positive effects on the inflammation, blood glucose control, and prevention of cardiovascular events in these patients, as well as the improvement of quality of life.","OBJECTIVES: Chronic inflammation is present in a high proportion of the chronic kidney disease (CKD) population, which can increase the risk of cardiovascular disease. | In addition, change in glucose metabolism is another common problem among CKD population. | Because some studies have previously shown the positive effects of L-carnitine on reducing inflammation and controlling blood sugar, in the present study, we examined the effects of L-carnitine supplementation on serum inflammatory markers, fasting blood sugar (FBS), free carnitine (FC), albumin levels, and quality of life score among children on hemodialysis.",15,research/searches_v3/HRS2_KIDNEY_DISEASE/pubmed/20260726T163628Z/efetch_001.xml,a5e5cb61f643bd4b256930f85519e8fee098a652dd5ad1c330c9749200214d80,,not_observed,ai_screened_regex_confirmed
HRS2_KIDNEY_DISEASE,pubmed:36749131,pubmed,36749131,The Effect of Magnesium Supplementation on Vascular Calcification in CKD: A Randomized Clinical Trial (MAGiCAL-CKD).,"SIGNIFICANCE STATEMENT: Magnesium prevents vascular calcification in animals with CKD. In addition, lower serum magnesium is associated with higher risk of cardiovascular events in CKD. In a randomized, double-blinded, placebo-controlled trial, the authors investigated the effects of magnesium supplementation versus placebo on vascular calcification in patients with predialysis CKD. Despite significant increases in plasma magnesium among study participants who received magnesium compared with those who received placebo, magnesium supplementation did not slow the progression of vascular calcification in study participants. In addition, the findings showed a higher incidence of serious adverse events in the group treated with magnesium. Magnesium supplementation alone was not sufficient to delay progression of vascular calcification, and other therapeutic strategies might be necessary to reduce the risk of cardiovascular disease in CKD.
BACKGROUND: Elevated levels of serum magnesium are associated with lower risk of cardiovascular events in patients with CKD. Magnesium also prevents vascular calcification in animal models of CKD.
METHODS: To investigate whether oral magnesium supplementation would slow the progression of vascular calcification in CKD, we conducted a randomized, double-blinded, placebo-controlled, parallel-group, clinical trial. We enrolled 148 subjects with an eGFR between 15 and 45 ml/min and randomly assigned them to receive oral magnesium hydroxide 15 mmol twice daily or matching placebo for 12 months. The primary end point was the between-groups difference in coronary artery calcification (CAC) score after 12 months adjusted for baseline CAC score, age, and diabetes mellitus.
RESULTS: A total of 75 subjects received magnesium and 73 received placebo. Median eGFR was 25 ml/min at baseline, and median baseline CAC scores were 413 and 274 in the magnesium and placebo groups, respectively. Despite plasma magnesium increasing significantly during the trial in the magnesium group, the baseline-adjusted CAC scores did not differ significantly between the two groups after 12 months. Prespecified subgroup analyses according to CAC>0 at baseline, diabetes mellitus, or tertiles of serum calcification propensity did not significantly alter the main results. Among subjects who experienced gastrointestinal adverse effects, 35 were in the group receiving magnesium treatment versus nine in the placebo group. Five deaths and six cardiovascular events occurred in the magnesium group compared with two deaths and no cardiovascular events in the placebo group.
CONCLUSIONS: Magnesium supplementation for 12 months did not slow the progression of vascular calcification in CKD, despite a significant increase in plasma magnesium.
CLINICAL TRIALS REGISTRATION: www.clinicaltrials.gov ( NCT02542319 ).",Bressendorff I; Hansen D; Schou M; Kragelund C; Svensson M; Hashemi B; Kristensen T; Vrist MH; Borg R; Tougaard B; Borg K; Hjortkjær HØ; Kristiansen CH; Carlson N; Nasiri M; Ashraf H; Pasch A; Brandi L,2023,Journal of the American Society of Nephrology : JASN,"Randomized Controlled Trial|Journal Article|Research Support, Non-U.S. Gov't",10.1681/ASN.0000000000000092,https://pubmed.ncbi.nlm.nih.gov/36749131/,retain,true,abstract_only,ABSTRACT_SENTENCE_16,"Among subjects who experienced gastrointestinal adverse effects, 35 were in the group receiving magnesium treatment versus nine in the placebo group.",45 ml | 15 mmol | 25 ml,"In addition, lower serum magnesium is associated with higher risk of cardiovascular events in CKD. | In addition, the findings showed a higher incidence of serious adverse events in the group treated with magnesium. | Magnesium supplementation alone was not sufficient to delay progression of vascular calcification, and other therapeutic strategies might be necessary to reduce the risk of cardiovascular disease in CKD.","Among subjects who experienced gastrointestinal adverse effects, 35 were in the group receiving magnesium treatment versus nine in the placebo group.","SIGNIFICANCE STATEMENT: Magnesium prevents vascular calcification in animals with CKD. | In addition, lower serum magnesium is associated with higher risk of cardiovascular events in CKD. | In a randomized, double-blinded, placebo-controlled trial, the authors investigated the effects of magnesium supplementation versus placebo on vascular calcification in patients with predialysis CKD.",15,research/searches_v3/HRS2_KIDNEY_DISEASE/pubmed/20260726T163628Z/efetch_001.xml,a5e5cb61f643bd4b256930f85519e8fee098a652dd5ad1c330c9749200214d80,,not_observed,ai_screened_regex_confirmed
HRS2_KIDNEY_DISEASE,pubmed:24646518,pubmed,24646518,"Impact of vitamin D supplementation on arterial vasomotion, stiffness and endothelial biomarkers in chronic kidney disease patients.","BACKGROUND: Cardiovascular events are frequent and vascular endothelial function is abnormal in patients with chronic kidney disease (CKD). We demonstrated endothelial dysfunction with vitamin D deficiency in CKD patients; however the impact of cholecalciferol supplementation on vascular stiffness and vasomotor function, endothelial and bone biomarkers in CKD patients with low 25-hydroxy vitamin D [25(OH)D] is unknown, which this study investigated.
METHODS: We assessed non-diabetic patients with CKD stage 3/4, age 17-80 years and serum 25(OH)D <75 nmol/L. Brachial artery Flow Mediated Dilation (FMD), Pulse Wave Velocity (PWV), Augmentation Index (AI) and circulating blood biomarkers were evaluated at baseline and at 16 weeks. Oral 300,000 units cholecalciferol was administered at baseline and 8-weeks.
RESULTS: Clinical characteristics of 26 patients were: age 50±14 (mean±1SD) years, eGFR 41±11 ml/min/1.73 m2, males 73%, dyslipidaemia 36%, smokers 23% and hypertensives 87%. At 16-week serum 25(OH)D and calcium increased (43±16 to 84±29 nmol/L, p<0.001 and 2.37±0.09 to 2.42±0.09 mmol/L; p = 0.004, respectively) and parathyroid hormone decreased (10.8±8.6 to 7.4±4.4; p = 0.001). FMD improved from 3.1±3.3% to 6.1±3.7%, p = 0.001. Endothelial biomarker concentrations decreased: E-Selectin from 5666±2123 to 5256±2058 pg/mL; p = 0.032, ICAM-1, 3.45±0.01 to 3.10±1.04 ng/mL; p = 0.038 and VCAM-1, 54±33 to 42±33 ng/mL; p = 0.006. eGFR, BP, PWV, AI, hsCRP, von Willebrand factor and Fibroblast Growth Factor-23, remained unchanged.
CONCLUSION: This study demonstrates for the first time improvement of endothelial vasomotor and secretory functions with vitamin D in CKD patients without significant adverse effects on arterial stiffness, serum calcium or FGF-23.
TRIAL REGISTRATION: ClinicalTrials.gov NCT02005718.",Chitalia N; Ismail T; Tooth L; Boa F; Hampson G; Goldsmith D; Kaski JC; Banerjee D,2014,PloS one,"Clinical Trial|Journal Article|Research Support, Non-U.S. Gov't",10.1371/journal.pone.0091363,https://pubmed.ncbi.nlm.nih.gov/24646518/,retain,true,abstract_only,ABSTRACT_SENTENCE_10,"CONCLUSION: This study demonstrates for the first time improvement of endothelial vasomotor and secretory functions with vitamin D in CKD patients without significant adverse effects on arterial stiffness, serum calcium or FGF-23.","300,000 units | 11 ml | 0.09 mmol","BACKGROUND: Cardiovascular events are frequent and vascular endothelial function is abnormal in patients with chronic kidney disease (CKD). | CONCLUSION: This study demonstrates for the first time improvement of endothelial vasomotor and secretory functions with vitamin D in CKD patients without significant adverse effects on arterial stiffness, serum calcium or FGF-23.","CONCLUSION: This study demonstrates for the first time improvement of endothelial vasomotor and secretory functions with vitamin D in CKD patients without significant adverse effects on arterial stiffness, serum calcium or FGF-23.","BACKGROUND: Cardiovascular events are frequent and vascular endothelial function is abnormal in patients with chronic kidney disease (CKD). | We demonstrated endothelial dysfunction with vitamin D deficiency in CKD patients; however the impact of cholecalciferol supplementation on vascular stiffness and vasomotor function, endothelial and bone biomarkers in CKD patients with low 25-hydroxy vitamin D [25(OH)D] is unknown, which this study investigated. | METHODS: We assessed non-diabetic patients with CKD stage 3/4, age 17-80 years and serum 25(OH)D <75 nmol/L.",13,research/searches_v3/HRS2_KIDNEY_DISEASE/pubmed/20260726T163628Z/efetch_001.xml,a5e5cb61f643bd4b256930f85519e8fee098a652dd5ad1c330c9749200214d80,,not_observed,ai_screened_regex_confirmed
HRS2_KIDNEY_DISEASE,pubmed:27928454,pubmed,27928454,The role of oral sodium bicarbonate supplementation in maintaining acid-base balance and its influence on the cardiovascular system in chronic hemodialysis patients - results of a prospective study.,"Background: Major acid-base variations during dialysis and the imbalances in serum calcium levels intensified by them play a role in cardiovascular damage of hemodialysis patients. Early vascular walls modifications can be objectified by determining the pulse wave velocity (PWV) - a marker of vascular stiffness that is associated with increased risk of cardiovascular events. Material and methods: This was a prospective study conducted on 63 chronic hemodialysis patients with diuresis above 500 mL/ 24 hours and predialysis blood pressure below 160 mmHg (treatment controlled) randomized in two groups for 12 months - the study group receiving interdialitic oral sodium bicarbonate doses and control group, without oral sodium bicarbonate supplementation, but receiving higher bicarbonate prescriptions in dialysis. All the patients were monthly evaluated by biochemical tests (serum calcium, phosphate, iPTH, bicarbonate), the assessment of prescribed doses of phosphate binders being undergone. Two PWV determinations and chest X-ray exams for coronary calcifications were done - at the beginning and end of the study for every patient. Results: In the study group (n = 29), the mean age was 56.48 ± 12.78 years and the average duration of dialysis was 55.51 ± 34.53 months, the mean dialysis bicarbonate was 29.81 ± 1.41 mEq/ L and 27 of them (subgroup 0) had alkaline reserve (AR) 20-22 mEq/ L. The control group (n = 34) had a mean age of 57.35 ± 15.32 years and the mean dialysis duration 59.67 ± 34.79 months, with an average level of dialysis bicarbonate of 33 ± 2.2 mEq/ L necessary to maintain AR within guidelines. Depending on the mean AR obtained, this group was divided into three subgroups (subgroup 1, subgroup 2, and subgroup 3). There were statistically significant differences regarding the necessary of dialysis bicarbonate (p < 0.001), average serum calcium levels (p < 0.001) and serum phosphorus (p < 0.001), as well as PWV mean values and the number of vascular calcifications (p = 0.036) between the study and the control group. The average dose of phosphate binders was significantly higher in the study group (p = 0.01). At the end of the study, the serum iPTH average levels were decreased in the study group (p < 0.001) and significantly increased in the control group (p < 0.001). Conclusions: Avoiding large variations in serum bicarbonate levels is an important step in hemodialysis patients' management because wide acidosis-alkalosis variation can increase cardiovascular risks in terms of altering the vessel walls elasticity and favoring their calcifications. Abbreviations: GFR = glomerular filtration rate,PWV = pulse wave velocity, iPTH = intact parathyroid hormone,AR = alkaline reserve, BP = blood pressure,mEq = milliequivalents,L = liter.",Voiculeț C; Zară O; Bogeanu C; Văcăroiu I; Aron G,2016,Journal of medicine and life,Journal Article|Randomized Controlled Trial,,https://pubmed.ncbi.nlm.nih.gov/27928454/,retain,true,abstract_only,ABSTRACT_SENTENCE_12,Conclusions: Avoiding large variations in serum bicarbonate levels is an important step in hemodialysis patients' management because wide acidosis-alkalosis variation can increase cardiovascular risks in terms of altering the vessel walls elasticity and favoring their calcifications.,500 mL,Background: Major acid-base variations during dialysis and the imbalances in serum calcium levels intensified by them play a role in cardiovascular damage of hemodialysis patients. | Early vascular walls modifications can be objectified by determining the pulse wave velocity (PWV) - a marker of vascular stiffness that is associated with increased risk of cardiovascular events. | Conclusions: Avoiding large variations in serum bicarbonate levels is an important step in hemodialysis patients' management because wide acidosis-alkalosis variation can increase cardiovascular risks in terms of altering the vessel walls elasticity and favoring their calcifications.,Conclusions: Avoiding large variations in serum bicarbonate levels is an important step in hemodialysis patients' management because wide acidosis-alkalosis variation can increase cardiovascular risks in terms of altering the vessel walls elasticity and favoring their calcifications.,"Background: Major acid-base variations during dialysis and the imbalances in serum calcium levels intensified by them play a role in cardiovascular damage of hemodialysis patients. | Material and methods: This was a prospective study conducted on 63 chronic hemodialysis patients with diuresis above 500 mL/ 24 hours and predialysis blood pressure below 160 mmHg (treatment controlled) randomized in two groups for 12 months - the study group receiving interdialitic oral sodium bicarbonate doses and control group, without oral sodium bicarbonate supplementation, but receiving higher bicarbonate prescriptions in dialysis. | Results: In the study group (n = 29), the mean age was 56.48 ± 12.78 years and the average duration of dialysis was 55.51 ± 34.53 months, the mean dialysis bicarbonate was 29.81 ± 1.41 mEq/ L and 27 of them (subgroup 0) had alkaline reserve (AR) 20-22 mEq/ L.",13,research/searches_v3/HRS2_KIDNEY_DISEASE/pubmed/20260726T163628Z/efetch_001.xml,a5e5cb61f643bd4b256930f85519e8fee098a652dd5ad1c330c9749200214d80,,not_observed,ai_screened_regex_confirmed
HRS2_KIDNEY_DISEASE,pubmed:33597108,pubmed,33597108,Ketoanalogue supplements reduce mortality in patients with pre-dialysis advanced diabetic kidney disease: A nationwide population-based study.,"BACKGROUND & AIMS: Metabolism dysregulation and protein energy wasting occur in patients with chronic kidney disease (CKD) and are associated with poor survival, especially in patients prior to starting dialysis. Accumulating evidence indicates that dietary supplementation with ketoanalogues (KAs, a mixture of branched-chain amino acids) exerts a variety of beneficial effects for patients with CKD. However, the role of KAs in diabetic kidney disease (DKD), one of the major causes of CKD, is still controversial. The aim of this study was to explore the impact of KA supplements on survival in patients with stage 5 DKD who have not yet started dialysis (DKD-5-ND).
METHODS: We analyzed a nationwide cohort retrieved from the National Health Insurance Research Database in Taiwan to study the long-term impact of KA supplements in patients with DKD-5-ND. We enrolled 15,782 incident pre-dialysis DKD patients between January 1, 2004 and December 31, 2007. Landmark analysis was used to eliminate immortal bias, and overlap weighting was used to balance differences between the KA users and nonusers in the beginning. The primary study endpoint was all-cause mortality, and the occurrence of permanent dialysis (presenting the end-stage renal disease, ESRD) and major adverse cardiovascular events (MACEs) was also evaluated. All patients were followed for five years or until death.
RESULTS: The prevalence of KA usage in the DKD-5-ND patients was 6.3%. The 5-year all-cause mortality rate in the KA users was lower than that in the nonusers (34.7% vs 42.7%). After adjusting for known covariates, the KA users still had a lower risk of mortality (adjusted hazard ratio [aHR]: 0.73, 95% confidence interval [CI]: 0.66-0.82). In addition, the incidence of ESRD was also slightly lower among the KA users (90.9% for users vs 91.2% for nonusers, adjusted cause-specific hazard ratio [aCSHR]: 0.65, 95% CI: 0.61-0.69), and the occurrence of MACEs was lower (adjusted incidence rate ratios [aIRR]: 0.76, 95% CI: 0.67-0.86). Although the all-cause mortality was higher among patientsolder than 70 years (60.5% for KA users vs 46.5% for nonusers) the risk reduction seemed prominent among older patients (aHR: 0.65, 95% CI: 0.56-0.76 for patients aged ≥70 years; aHR: 0.82, 95% CI: 0.71-0.96 for patients aged < 70 years). The reduction in risks of mortality was consistent in subgroup analysis and sensitivity tests.
CONCLUSIONS: The use of KA supplements seemed to be beneficial for patients with DKD-5-ND; further in-depth analysis of using KA for these patients is warranted.",Chen HY; Sun CY; Lee CC; Wu IW; Chen YC; Lin YH; Fang WC; Pan HC,2021,"Clinical nutrition (Edinburgh, Scotland)","Journal Article|Research Support, Non-U.S. Gov't",10.1016/j.clnu.2021.01.045,https://pubmed.ncbi.nlm.nih.gov/33597108/,retain,true,abstract_only,ABSTRACT_SENTENCE_12,"After adjusting for known covariates, the KA users still had a lower risk of mortality (adjusted hazard ratio [aHR]: 0.73, 95% confidence interval [CI]: 0.66-0.82).",,"The primary study endpoint was all-cause mortality, and the occurrence of permanent dialysis (presenting the end-stage renal disease, ESRD) and major adverse cardiovascular events (MACEs) was also evaluated. | The 5-year all-cause mortality rate in the KA users was lower than that in the nonusers (34.7% vs 42.7%). | After adjusting for known covariates, the KA users still had a lower risk of mortality (adjusted hazard ratio [aHR]: 0.73, 95% confidence interval [CI]: 0.66-0.82).","After adjusting for known covariates, the KA users still had a lower risk of mortality (adjusted hazard ratio [aHR]: 0.73, 95% confidence interval [CI]: 0.66-0.82).","BACKGROUND & AIMS: Metabolism dysregulation and protein energy wasting occur in patients with chronic kidney disease (CKD) and are associated with poor survival, especially in patients prior to starting dialysis. | Accumulating evidence indicates that dietary supplementation with ketoanalogues (KAs, a mixture of branched-chain amino acids) exerts a variety of beneficial effects for patients with CKD. | However, the role of KAs in diabetic kidney disease (DKD), one of the major causes of CKD, is still controversial.",13,research/searches_v3/HRS2_KIDNEY_DISEASE/pubmed/20260726T163628Z/efetch_001.xml,a5e5cb61f643bd4b256930f85519e8fee098a652dd5ad1c330c9749200214d80,,not_observed,ai_screened_regex_confirmed
HRS2_KIDNEY_DISEASE,pubmed:35011106,pubmed,35011106,"Curcumin Supplementation (Meriva®) Modulates Inflammation, Lipid Peroxidation and Gut Microbiota Composition in Chronic Kidney Disease.","Chronic kidney disease (CKD) subjects suffer from high risk of cardiovascular mortality, and any intervention preventing the progression of CKD may have an enormous impact on public health. In the last decade, there has been growing awareness that the gut microbiota (GM) can play a pivotal role in controlling the pathogenesis of systemic inflammatory state and CKD progression. To ameliorate the quality of life in CKD subjects, the use of dietary supplements has increased over time. Among those, curcumin has demonstrated significant in vitro anti-inflammatory properties. In this pilot study, 24 CKD patients and 20 healthy volunteers were recruited. CKD patients followed nutritional counselling and were supplemented with curcumin (Meriva®) for six months. Different parameters were evaluated at baseline and after 3-6 months: uremic toxins, metagenomic of GM, and nutritional, inflammatory, and oxidative status. Curcumin significantly reduced plasma pro-inflammatory mediators (CCL-2, IFN-γ, and IL-4) and lipid peroxidation. Regarding GM, after 6 months of curcumin supplementation, Escherichia-Shigella was significantly lower, while Lachnoclostridium was significant higher. Notably, at family level, Lactobacillaceae spp. were found significantly higher in the last 3 months of supplementation. No adverse events were observed in the supplemented group, confirming the good safety profile of curcumin phytosome after long-term administration.",Pivari F; Mingione A; Piazzini G; Ceccarani C; Ottaviano E; Brasacchio C; Dei Cas M; Vischi M; Cozzolino MG; Fogagnolo P; Riva A; Petrangolini G; Barrea L; Di Renzo L; Borghi E; Signorelli P; Paroni R; Soldati L,2022,Nutrients,Clinical Trial|Journal Article,10.3390/nu14010231,https://pubmed.ncbi.nlm.nih.gov/35011106/,retain,true,abstract_only,ABSTRACT_SENTENCE_1,"Chronic kidney disease (CKD) subjects suffer from high risk of cardiovascular mortality, and any intervention preventing the progression of CKD may have an enormous impact on public health.",,"Chronic kidney disease (CKD) subjects suffer from high risk of cardiovascular mortality, and any intervention preventing the progression of CKD may have an enormous impact on public health. | No adverse events were observed in the supplemented group, confirming the good safety profile of curcumin phytosome after long-term administration.","Chronic kidney disease (CKD) subjects suffer from high risk of cardiovascular mortality, and any intervention preventing the progression of CKD may have an enormous impact on public health.","Chronic kidney disease (CKD) subjects suffer from high risk of cardiovascular mortality, and any intervention preventing the progression of CKD may have an enormous impact on public health. | In the last decade, there has been growing awareness that the gut microbiota (GM) can play a pivotal role in controlling the pathogenesis of systemic inflammatory state and CKD progression. | To ameliorate the quality of life in CKD subjects, the use of dietary supplements has increased over time.",13,research/searches_v3/HRS2_KIDNEY_DISEASE/pubmed/20260726T163628Z/efetch_001.xml,a5e5cb61f643bd4b256930f85519e8fee098a652dd5ad1c330c9749200214d80,,not_observed,ai_screened_regex_confirmed
HRS2_KIDNEY_DISEASE,pubmed:38056999,pubmed,38056999,Omega-3 supplementation effects on cardiovascular risk and inflammatory profile in chronic kidney disease patients in hemodialysis treatment: An intervention study.,"BACKGROUND AND AIMS: Chronic Kidney Disease (CKD) is characterized by slow, progressive, and irreversible kidney function loss and the disease itself and hemodialysis treatment can predispose an inflammatory state that increased cardiovascular complications, being one of major mortality causes in kidney patients. The study purpose was to evaluate nutritional profile and impacts of w-3 fatty acid supplementation on inflammatory parameters and cardiovascular events risk in patients with CKD undergoing hemodialysis treatment.
METHODS: Non-randomized clinical trial, patients with CKD were randomly grouped into a control (n = 29) and supplemented (n = 30) group. Supplemented group patients were instructed to consume two w-3 capsules a day (2g/day) for 8 weeks for further analysis of pre- and post-supplementation C-reactive protein (CRP) and other blood parameters. To nutritional status assessment, anthropometric and bioelectrical impedance data were measured, carried out close to supplementation start.
RESULTS: 59 patients were evaluated, 49.1% (n = 29) were overweight and 70.7% (n = 41) had high percentage of body fat. Comparing control versus supplemented groups after supplementation serum CRP levels have reduced, no differences were observed (p = 0.716) nevertheless there was reduction in cardiovascular events risk according to C-reactive protein classification (p = 0.004). Ferritin levels have improved in all groups. Changes in the levels of other biochemical markers hemoglobin, hematocrit, urea, creatinine, and Kt/v have happened. However, group that received w-3 showed an improvement in serum albumin levels (p = 0.014), in addition to demonstrating greater adequacy classification of albumin after supplementation (p = 0.022).
CONCLUSION: Omega-3 supplementation have caused an improvement in albumin plasma levels suitableness in Chronic Kidney Disease patients, however, it did not demonstrate statistical effects to reducing CRP levels, although this helped to reduce cardiovascular risk.",de Lima K; Mazur CE; Vicente Cavagnari MA; Castilho AJ; Schiessel DL,2023,Clinical nutrition ESPEN,Clinical Trial|Journal Article,10.1016/j.clnesp.2023.09.914,https://pubmed.ncbi.nlm.nih.gov/38056999/,retain,true,abstract_only,ABSTRACT_SENTENCE_11,"CONCLUSION: Omega-3 supplementation have caused an improvement in albumin plasma levels suitableness in Chronic Kidney Disease patients, however, it did not demonstrate statistical effects to reducing CRP levels, although this helped to reduce cardiovascular risk.",2g/d,"BACKGROUND AND AIMS: Chronic Kidney Disease (CKD) is characterized by slow, progressive, and irreversible kidney function loss and the disease itself and hemodialysis treatment can predispose an inflammatory state that increased cardiovascular complications, being one of major mortality causes in kidney patients. | The study purpose was to evaluate nutritional profile and impacts of w-3 fatty acid supplementation on inflammatory parameters and cardiovascular events risk in patients with CKD undergoing hemodialysis treatment. | Comparing control versus supplemented groups after supplementation serum CRP levels have reduced, no differences were observed (p = 0.716) nevertheless there was reduction in cardiovascular events risk according to C-reactive protein classification (p = 0.004).","CONCLUSION: Omega-3 supplementation have caused an improvement in albumin plasma levels suitableness in Chronic Kidney Disease patients, however, it did not demonstrate statistical effects to reducing CRP levels, although this helped to reduce cardiovascular risk.","BACKGROUND AND AIMS: Chronic Kidney Disease (CKD) is characterized by slow, progressive, and irreversible kidney function loss and the disease itself and hemodialysis treatment can predispose an inflammatory state that increased cardiovascular complications, being one of major mortality causes in kidney patients. | The study purpose was to evaluate nutritional profile and impacts of w-3 fatty acid supplementation on inflammatory parameters and cardiovascular events risk in patients with CKD undergoing hemodialysis treatment. | METHODS: Non-randomized clinical trial, patients with CKD were randomly grouped into a control (n = 29) and supplemented (n = 30) group.",13,research/searches_v3/HRS2_KIDNEY_DISEASE/pubmed/20260726T163628Z/efetch_001.xml,a5e5cb61f643bd4b256930f85519e8fee098a652dd5ad1c330c9749200214d80,,not_observed,ai_screened_regex_confirmed
HRS2_KIDNEY_DISEASE,pubmed:41961655,pubmed,41961655,Enarodustat combined with oral iron supplementation for iron-deficient non-dialysis-dependent chronic kidney disease anemia patients: Synergistic effects and safety.,"This study aimed to evaluate the synergistic effect and safety of enarodustat combined with oral iron supplementation in the treatment of iron-deficient non-dialysis-dependent chronic kidney disease (NDD-CKD) patients with anemia. This single-center retrospective cohort study enrolled 120 iron-deficient NDD-CKD patients with anemia who had not received erythropoiesis-stimulating agents or intravenous iron within the preceding month. According to the treatment protocols administered, the participants were divided into a combination therapy group (n = 64) and a monotherapy group (n = 56). The combination therapy group (n = 64) received enarodustat combined with ferrous succinate sustained-release tablets, while the monotherapy group (n = 56) received ferrous succinate sustained-release tablets alone. Patients were followed for 8 weeks to evaluate hemoglobin (Hb) levels, iron metabolism parameters, erythropoietic parameters, and adverse events. After 8 weeks of treatment, Hb levels in the combination therapy group were significantly higher than those in the monotherapy group (P < .05). The achievement rate of Hb ≥ 100 g/L was 82.81% in the combination group versus 57.14% in the monotherapy group (P < .01); the achievement rate of Hb ≥ 110 g/L was 62.50% and 44.64%, respectively (P < .05). Serum ferritin, transferrin saturation, and serum iron in the combination therapy group were all significantly higher than those in the monotherapy group (all P < .001). The increase in reticulocyte count and hematocrit was more pronounced in the combination group (P < .001), while red blood cell count showed a numerical increase without reaching statistical significance. There was no significant difference in the overall incidence of adverse events between the 2 groups (P > .05), and no serious adverse events occurred in either group. This study indicates that enarodustat combined with oral iron supplementation may have a certain synergistic effect on iron-deficient NDD-CKD anemia compared with oral iron alone, potentially helping to improve hematological indicators and promote erythropoiesis, with an acceptable safety profile. This combined regimen may provide a preliminary reference for the management of NDD-CKD anemia.",Lu Y; Jiang G,2026,Medicine,Journal Article,10.1097/MD.0000000000048101,https://pubmed.ncbi.nlm.nih.gov/41961655/,retain,true,abstract_only,ABSTRACT_SENTENCE_10,"There was no significant difference in the overall incidence of adverse events between the 2 groups (P > .05), and no serious adverse events occurred in either group.",100 g | 110 g,"Patients were followed for 8 weeks to evaluate hemoglobin (Hb) levels, iron metabolism parameters, erythropoietic parameters, and adverse events. | There was no significant difference in the overall incidence of adverse events between the 2 groups (P > .05), and no serious adverse events occurred in either group.","There was no significant difference in the overall incidence of adverse events between the 2 groups (P > .05), and no serious adverse events occurred in either group.","This study aimed to evaluate the synergistic effect and safety of enarodustat combined with oral iron supplementation in the treatment of iron-deficient non-dialysis-dependent chronic kidney disease (NDD-CKD) patients with anemia. | This single-center retrospective cohort study enrolled 120 iron-deficient NDD-CKD patients with anemia who had not received erythropoiesis-stimulating agents or intravenous iron within the preceding month. | This study indicates that enarodustat combined with oral iron supplementation may have a certain synergistic effect on iron-deficient NDD-CKD anemia compared with oral iron alone, potentially helping to improve hematological indicators and promote erythropoiesis, with an acceptable safety profile.",13,research/searches_v3/HRS2_KIDNEY_DISEASE/pubmed/20260726T163628Z/efetch_001.xml,a5e5cb61f643bd4b256930f85519e8fee098a652dd5ad1c330c9749200214d80,,not_observed,ai_screened_regex_confirmed
HRS2_KIDNEY_DISEASE,pubmed:35609996,pubmed,35609996,Effects of Short-Term Potassium Chloride Supplementation in Patients with CKD.,"BACKGROUND: Observational studies suggest that adequate dietary potassium intake (90-120 mmol/day) may be renoprotective, but the effects of increasing dietary potassium and the risk of hyperkalemia are unknown.
METHODS: This is a prespecified analysis of the run-in phase of a clinical trial in which 191 patients (age 68±11 years, 74% males, 86% European ancestry, eGFR 31±9 ml/min per 1.73 m2, 83% renin-angiotensin system inhibitors, 38% diabetes) were treated with 40 mmol potassium chloride (KCl) per day for 2 weeks.
RESULTS: KCl supplementation significantly increased urinary potassium excretion (72±24 to 107±29 mmol/day), plasma potassium (4.3±0.5 to 4.7±0.6 mmol/L), and plasma aldosterone (281 [198-431] to 351 [241-494] ng/L), but had no significant effect on urinary sodium excretion, plasma renin, BP, eGFR, or albuminuria. Furthermore, KCl supplementation increased plasma chloride (104±3 to 105±4 mmol/L) and reduced plasma bicarbonate (24.5±3.4 to 23.7±3.5 mmol/L) and urine pH (all P<0.001), but did not change urinary ammonium excretion. In total, 21 participants (11%) developed hyperkalemia (plasma potassium 5.9±0.4 mmol/L). They were older and had higher baseline plasma potassium.
CONCLUSIONS: In patients with CKD stage G3b-4, increasing dietary potassium intake to recommended levels with potassium chloride supplementation raises plasma potassium by 0.4 mmol/L. This may result in hyperkalemia in older patients or those with higher baseline plasma potassium. Longer-term studies should address whether cardiorenal protection outweighs the risk of hyperkalemia.Clinical trial number: NCT03253172.",Gritter M; Wouda RD; Yeung SMH; Wieërs MLA; Geurts F; de Ridder MAJ; Ramakers CRB; Vogt L; de Borst MH; Rotmans JI; Hoorn EJ; on behalf of K onsortium,2022,Journal of the American Society of Nephrology : JASN,"Journal Article|Research Support, Non-U.S. Gov't",10.1681/ASN.2022020147,https://pubmed.ncbi.nlm.nih.gov/35609996/,retain,true,abstract_only,ABSTRACT_SENTENCE_1,"BACKGROUND: Observational studies suggest that adequate dietary potassium intake (90-120 mmol/day) may be renoprotective, but the effects of increasing dietary potassium and the risk of hyperkalemia are unknown.",90-120 mmol/d | 9 ml | 40 mmol | 29 mmol/d | 0.6 mmol | 4 mmol | 3.5 mmol | 0.4 mmol,"BACKGROUND: Observational studies suggest that adequate dietary potassium intake (90-120 mmol/day) may be renoprotective, but the effects of increasing dietary potassium and the risk of hyperkalemia are unknown. | In total, 21 participants (11%) developed hyperkalemia (plasma potassium 5.9±0.4 mmol/L). | This may result in hyperkalemia in older patients or those with higher baseline plasma potassium.","BACKGROUND: Observational studies suggest that adequate dietary potassium intake (90-120 mmol/day) may be renoprotective, but the effects of increasing dietary potassium and the risk of hyperkalemia are unknown.","CONCLUSIONS: In patients with CKD stage G3b-4, increasing dietary potassium intake to recommended levels with potassium chloride supplementation raises plasma potassium by 0.4 mmol/L. | Longer-term studies should address whether cardiorenal protection outweighs the risk of hyperkalemia.Clinical trial number: NCT03253172.",12,research/searches_v3/HRS2_KIDNEY_DISEASE/pubmed/20260726T163628Z/efetch_001.xml,a5e5cb61f643bd4b256930f85519e8fee098a652dd5ad1c330c9749200214d80,,not_observed,ai_screened_regex_confirmed
HRS2_KIDNEY_DISEASE,pubmed:41032243,pubmed,41032243,Effects of low protein diet supplemented with ketoanalogues on kidney function and nutritional outcomes in a nonagenarian population with advanced chronic kidney disease: a pilot study.,"BACKGROUND: Ageing leads to an increase in the incidence of chronic diseases, including chronic kidney disease (CKD). The increasing proportion of elderly people with reduced renal function draws attention to a sub-population of patients for whom an alternative approach to traditional pharmacological and dietary treatment may be needed. The low-protein diet (LPD) in subjects with CKD helps control complications and may contribute to slowing the progression of the disease. In the follow-up during the conservative phase, nutritional status and the LPD are key points. Of interest, ketoanalogues (KAs) in combination with a LPD significantly reduces the progression to end-stage kidney disease. The aim of this pilot study is to determine the impact at 12 months of LPD supplemented with essential amino acids (EAA) and KAs in a population of 21 over-90-year-olds with advanced CKD in the conservative phase.
METHODS: The protein intake of the LPD was 0.6 g/kg body weight/day. Anthropometric measurements and biochemical parameters were monitored at baseline and after 12 months of dietary intervention. The Kidney Failure Risk Equation (KFRE) was used to predict the risk of end stage renal disease.
RESULTS: Significant change in GFR (from 18.04±1.31 to 24.30±2.09 mL/min, P<0.001), azotemia (from 122.38±19.16 to 70.19±15.00 mg/dL, P<0.001) and KFRE score at 2 years (from 33.67±3.88 to 15.09±3.03%, P<0.001) and at 5 years (from 71.94±5.13 to 39.76±6.60% at 5 years, P<0.001). Laboratory parameters (azotemia, albumin, total protein, total cholesterol, transferrin, Hb, PTH, HbA1c, TSAT, CRP) improved. Two patients were hospitalized during the observation period, no cardiovascular events or deaths were reported.
CONCLUSIONS: LPD supplemented with EAA and KAs has proven to be a safe and effective tool in the conservative treatment of the over-aged with advanced CKD. Dietary treatment improves renal function and management of complications, reducing the risk of terminal uremia and initiation of replacement treatment by not exposing patients to the risk of malnutrition.",Annunziata G; Marinelli T; Melfitano A; Aucella F; Nardella M; Camajani E; Muscogiuri G; Caprio M; Aucella F; Barrea L,2025,Minerva endocrinology,Journal Article,10.23736/S2724-6507.25.04416-1,https://pubmed.ncbi.nlm.nih.gov/41032243/,retain,true,abstract_only,ABSTRACT_SENTENCE_10,"RESULTS: Significant change in GFR (from 18.04±1.31 to 24.30±2.09 mL/min, P<0.001), azotemia (from 122.38±19.16 to 70.19±15.00 mg/dL, P<0.001) and KFRE score at 2 years (from 33.67±3.88 to 15.09±3.03%, P<0.001) and at 5 years (from 71.94±5.13 to 39.76±6.60% at 5 years, P<0.001).",0.6 g | 2.09 mL | 15.00 mg/d,"Two patients were hospitalized during the observation period, no cardiovascular events or deaths were reported.","RESULTS: Significant change in GFR (from 18.04±1.31 to 24.30±2.09 mL/min, P<0.001), azotemia (from 122.38±19.16 to 70.19±15.00 mg/dL, P<0.001) and KFRE score at 2 years (from 33.67±3.88 to 15.09±3.03%, P<0.001) and at 5 years (from 71.94±5.13 to 39.76±6.60% at 5 years, P<0.001).","BACKGROUND: Ageing leads to an increase in the incidence of chronic diseases, including chronic kidney disease (CKD). | The increasing proportion of elderly people with reduced renal function draws attention to a sub-population of patients for whom an alternative approach to traditional pharmacological and dietary treatment may be needed. | The low-protein diet (LPD) in subjects with CKD helps control complications and may contribute to slowing the progression of the disease.",12,research/searches_v3/HRS2_KIDNEY_DISEASE/pubmed/20260726T163628Z/efetch_001.xml,a5e5cb61f643bd4b256930f85519e8fee098a652dd5ad1c330c9749200214d80,,not_observed,ai_screened_regex_confirmed
HRS2_KIDNEY_DISEASE,pubmed:31829927,pubmed,31829927,Nontraditional (non-Western pharmaceutical) treatments for chronic kidney disease.,"Nontraditional, non-Western medicines, often called complementary and alternative medicines (CAM), for chronic kidney disease (CKD) patients are, potentially, a huge low-cost therapy resource for poorer populations in the world. Use of CAM, particularly from plant sources, is common in poorer communities, but the scientific basis for their use is still under-researched and under-published. This review presents information on the treatment of kidney disease with CAM, particularly CKD and its closely associated cardiovascular disease (CVD), which might benefit vulnerable populations. The challenges of developing CAM therapies for resource-limited environments are also discussed, particularly with reference to targeting oxidative stress, a known cause of progressive diseases such as CKD and CVD. Oxidative stress is a mechanism often targeted by CAM, with good scientific basis. Dietary supplementation with antioxidants is one approach to reducing CKD incidence or morbidity. Antioxidant supplementation in populations with sufficient dietary antioxidant intake often report little benefit. In comparison, poorer populations that may have restricted nutritional dietary antioxidant intake may benefit from supplementation with antioxidants. Also needing consideration are the recorded instances of nephrotoxicity from CAM therapies, particularly related to nephrotoxic plant extracts, extract-drug reactions, and toxicity from contaminants within the extracts. As long as the possible toxicity of plant-derived CAM is considered, we argue that populations having marked deficiency in, or poor access to, dietary antioxidants, or high exposure to environmental oxidants, may benefit from these nontraditional medicines.",Gobe GC; Wojcikowski K,2020,Clinical nephrology,Journal Article|Review,10.5414/CNP92S108,https://pubmed.ncbi.nlm.nih.gov/31829927/,retain,true,abstract_only,ABSTRACT_SENTENCE_3,"This review presents information on the treatment of kidney disease with CAM, particularly CKD and its closely associated cardiovascular disease (CVD), which might benefit vulnerable populations.",,"This review presents information on the treatment of kidney disease with CAM, particularly CKD and its closely associated cardiovascular disease (CVD), which might benefit vulnerable populations. | Also needing consideration are the recorded instances of nephrotoxicity from CAM therapies, particularly related to nephrotoxic plant extracts, extract-drug reactions, and toxicity from contaminants within the extracts. | As long as the possible toxicity of plant-derived CAM is considered, we argue that populations having marked deficiency in, or poor access to, dietary antioxidants, or high exposure to environmental oxidants, may benefit from these nontraditional medicines.","This review presents information on the treatment of kidney disease with CAM, particularly CKD and its closely associated cardiovascular disease (CVD), which might benefit vulnerable populations.","Nontraditional, non-Western medicines, often called complementary and alternative medicines (CAM), for chronic kidney disease (CKD) patients are, potentially, a huge low-cost therapy resource for poorer populations in the world. | This review presents information on the treatment of kidney disease with CAM, particularly CKD and its closely associated cardiovascular disease (CVD), which might benefit vulnerable populations. | The challenges of developing CAM therapies for resource-limited environments are also discussed, particularly with reference to targeting oxidative stress, a known cause of progressive diseases such as CKD and CVD.",9,research/searches_v3/HRS2_KIDNEY_DISEASE/pubmed/20260726T163628Z/efetch_001.xml,a5e5cb61f643bd4b256930f85519e8fee098a652dd5ad1c330c9749200214d80,,not_observed,ai_screened_regex_confirmed
HRS2_KIDNEY_DISEASE,pubmed:38931153,pubmed,38931153,"Vitamin K for Vascular Calcification in Kidney Patients: Still Alive and Kicking, but Still a Lot to Learn.","Patients with chronic kidney disease (CKD) suffer disproportionately from a high burden of cardiovascular disease, which, despite recent scientific advances, remains partly understood. Vascular calcification (VC) is the result of an ongoing process of misplaced calcium in the inner and medial layers of the arteries, which has emerged as a critical contributor to cardiovascular events in CKD. Beyond its established role in blood clotting and bone health, vitamin K appears crucial in regulating VC via vitamin K-dependent proteins (VKDPs). Among these, the matrix Gla protein (MGP) serves as both a potent inhibitor of VC and a valuable biomarker (in its inactive form) for reflecting circulating vitamin K levels. CKD patients, especially in advanced stages, often present with vitamin K deficiency due to dietary restrictions, medications, and impaired intestinal absorption in the uremic environment. Epidemiological studies confirm a strong association between vitamin K levels, inactive MGP, and increased CVD risk across CKD stages. Based on the promising results of pre-clinical data, an increasing number of clinical trials have investigated the potential benefits of vitamin K supplementation to prevent, delay, or even reverse VC, but the results have remained inconsistent.",Neofytou IE; Stamou A; Demopoulos A; Roumeliotis S; Zebekakis P; Liakopoulos V; Stamellou E; Dounousi E,2024,Nutrients,Journal Article|Review,10.3390/nu16121798,https://pubmed.ncbi.nlm.nih.gov/38931153/,retain,true,abstract_only,ABSTRACT_SENTENCE_2,"Vascular calcification (VC) is the result of an ongoing process of misplaced calcium in the inner and medial layers of the arteries, which has emerged as a critical contributor to cardiovascular events in CKD.",,"Patients with chronic kidney disease (CKD) suffer disproportionately from a high burden of cardiovascular disease, which, despite recent scientific advances, remains partly understood. | Vascular calcification (VC) is the result of an ongoing process of misplaced calcium in the inner and medial layers of the arteries, which has emerged as a critical contributor to cardiovascular events in CKD.","Vascular calcification (VC) is the result of an ongoing process of misplaced calcium in the inner and medial layers of the arteries, which has emerged as a critical contributor to cardiovascular events in CKD.","Patients with chronic kidney disease (CKD) suffer disproportionately from a high burden of cardiovascular disease, which, despite recent scientific advances, remains partly understood. | Vascular calcification (VC) is the result of an ongoing process of misplaced calcium in the inner and medial layers of the arteries, which has emerged as a critical contributor to cardiovascular events in CKD. | CKD patients, especially in advanced stages, often present with vitamin K deficiency due to dietary restrictions, medications, and impaired intestinal absorption in the uremic environment.",9,research/searches_v3/HRS2_KIDNEY_DISEASE/pubmed/20260726T163628Z/efetch_001.xml,a5e5cb61f643bd4b256930f85519e8fee098a652dd5ad1c330c9749200214d80,,not_observed,ai_screened_regex_confirmed
HRS2_KIDNEY_DISEASE,pubmed:39639196,pubmed,39639196,Fanconi syndrome with acute proximal tubular injury induced by a dietary supplement containing beni-koji: a case series report.,"BACKGROUND: Fanconi syndrome is a disorder of the proximal tubule that leads to malabsorption of various electrolytes and substances and is a common consequence of drug-induced nephrotoxicity. However, cases of dietary supplement-induced Fanconi syndrome are rare, and detailed reports on the evaluation of renal histology in patients with this syndrome are lacking.
CASE PRESENTATION: We present two cases of dietary supplement-induced Fanconi syndrome that was confirmed by kidney biopsy. Based on their medical history and laboratory and histological findings, both cases were diagnosed as acute proximal tubular injury caused by ingestion of a lipid-lowering dietary supplement containing beni-koji leading to Fanconi syndrome. After discontinuation of the dietary supplement and correction of dehydration and electrolyte imbalance, renal function completely recovered in one case but progressed to chronic kidney disease in the other.
CONCLUSIONS: Clinicians should consider dietary supplement-induced Fanconi syndrome as a differential diagnosis in patients who become ill while taking a dietary supplement. Kidney biopsy is useful for diagnosing acute tubular injury with Fanconi syndrome and investigating its pathogenesis. Patients who have developed dietary supplement-induced Fanconi syndrome require long-term monitoring to detect and prevent progression to chronic kidney disease.",Habuka M; Hosojima M; Yata Y; Kurumada K; Yamagiwa M; Yonezawa M; Sudo M; Kabasawa H; Ogawa A; Hama H; Ito Y; Imai N; Yamamoto S; Saito A; Goto S,2024,BMC nephrology,Case Reports|Journal Article,10.1186/s12882-024-03903-5,https://pubmed.ncbi.nlm.nih.gov/39639196/,retain,true,abstract_only,ABSTRACT_SENTENCE_1,BACKGROUND: Fanconi syndrome is a disorder of the proximal tubule that leads to malabsorption of various electrolytes and substances and is a common consequence of drug-induced nephrotoxicity.,,"BACKGROUND: Fanconi syndrome is a disorder of the proximal tubule that leads to malabsorption of various electrolytes and substances and is a common consequence of drug-induced nephrotoxicity. | After discontinuation of the dietary supplement and correction of dehydration and electrolyte imbalance, renal function completely recovered in one case but progressed to chronic kidney disease in the other.",BACKGROUND: Fanconi syndrome is a disorder of the proximal tubule that leads to malabsorption of various electrolytes and substances and is a common consequence of drug-induced nephrotoxicity.,"BACKGROUND: Fanconi syndrome is a disorder of the proximal tubule that leads to malabsorption of various electrolytes and substances and is a common consequence of drug-induced nephrotoxicity. | However, cases of dietary supplement-induced Fanconi syndrome are rare, and detailed reports on the evaluation of renal histology in patients with this syndrome are lacking. | CASE PRESENTATION: We present two cases of dietary supplement-induced Fanconi syndrome that was confirmed by kidney biopsy.",9,research/searches_v3/HRS2_KIDNEY_DISEASE/pubmed/20260726T163628Z/efetch_001.xml,a5e5cb61f643bd4b256930f85519e8fee098a652dd5ad1c330c9749200214d80,,not_observed,ai_screened_regex_confirmed
HRS3_PREGNANCY,pubmed:30969204,pubmed,30969204,Herbal Medicinal Product Use During Pregnancy and the Postnatal Period: A Systematic Review.,"OBJECTIVE: To report the incidence and nature of herbal medicinal products' adverse events and herb-drug interactions used by some pregnant and postnatal women.
DATA SOURCES: The Allied and Complementary Medicine Database, the Cumulative Index to Nursing and Allied Health Literature, EMBASE, the Cochrane Library, MEDLINE, Scopus, Web of Science, and ClinicalTrials.gov were searched from inception until August 2018.
METHODS OF STUDY SELECTION: Any studies reporting adverse events, herb-drug interactions or absence thereof associated with herbal medicinal products used during pregnancy or the postnatal period were included. Conference abstracts, pilot studies, and nonhuman studies were excluded. All included studies were critically appraised by two independent reviewers.
TABULATION, INTEGRATION AND RESULTS: Database searches retrieved 3,487 citations. After duplicate removal and review of titles, abstracts, and full-text, 115 articles were critically appraised. After excluding irrelevant and low-quality articles, 74 articles were included for data extraction and synthesis. Adverse drug reactions, congenital malformations, fetal growth retardation or herb-drug interactions were the primary study objective reported by 19 of the 74 included studies, 16 cohort studies, one cross-sectional survey, and two randomized controlled trials. A total of 47 herbal medicinal products and 1,067,071 women were included in this review. Use of almond oil was associated with preterm birth (odds ratio 2.09, 95% CI 1.07-4.08), oral raspberry leaf was associated with cesarean delivery (adjusted odds ratio [AOR] 3.47, 95% CI 1.45-8.28); heavy licorice use was associated with early preterm birth by 3.07-fold (95% CI 1.17-8.05). African herbal medicine mwanaphepo was associated with maternal morbidity (AOR 1.28; 95% CI 1.09-1.50), and neonatal death or morbidity. Fourteen studies reported absence of adverse events. Four studies reported herb-drug interactions, but none studied adverse events arising from them.
CONCLUSION: The use of herbal medicinal products during pregnancy and the postnatal period should be discouraged until robust evidence of safety is available.
SYSTEMATIC REVIEW REGISTRATION: PROSPERO, CRD42017081058.",Muñoz Balbontín Y; Stewart D; Shetty A; Fitton CA; McLay JS,2019,Obstetrics and gynecology,Journal Article|Systematic Review,10.1097/AOG.0000000000003217,https://pubmed.ncbi.nlm.nih.gov/30969204/,retain,true,abstract_only,ABSTRACT_SENTENCE_9,"Adverse drug reactions, congenital malformations, fetal growth retardation or herb-drug interactions were the primary study objective reported by 19 of the 74 included studies, 16 cohort studies, one cross-sectional survey, and two randomized controlled trials.",,"OBJECTIVE: To report the incidence and nature of herbal medicinal products' adverse events and herb-drug interactions used by some pregnant and postnatal women. | DATA SOURCES: The Allied and Complementary Medicine Database, the Cumulative Index to Nursing and Allied Health Literature, EMBASE, the Cochrane Library, MEDLINE, Scopus, Web of Science, and ClinicalTrials.gov were searched from inception until August 2018. | METHODS OF STUDY SELECTION: Any studies reporting adverse events, herb-drug interactions or absence thereof associated with herbal medicinal products used during pregnancy or the postnatal period were included.","Adverse drug reactions, congenital malformations, fetal growth retardation or herb-drug interactions were the primary study objective reported by 19 of the 74 included studies, 16 cohort studies, one cross-sectional survey, and two randomized controlled trials.","OBJECTIVE: To report the incidence and nature of herbal medicinal products' adverse events and herb-drug interactions used by some pregnant and postnatal women. | METHODS OF STUDY SELECTION: Any studies reporting adverse events, herb-drug interactions or absence thereof associated with herbal medicinal products used during pregnancy or the postnatal period were included. | Adverse drug reactions, congenital malformations, fetal growth retardation or herb-drug interactions were the primary study objective reported by 19 of the 74 included studies, 16 cohort studies, one cross-sectional survey, and two randomized controlled trials.",21,research/searches_v3/HRS3_PREGNANCY/pubmed/20260726T163628Z/efetch_001.xml,f310e10f4306202704ed70d7ed160f46f58ff2f1c024158ac31a8ebe0a09a5a4,,not_observed,ai_screened_regex_confirmed
HRS3_PREGNANCY,pubmed:41219813,pubmed,41219813,The effects of progesterone supplementation in pregnancies assessed by doppler ultrasound: a systematic review of maternal and perinatal outcomes.,"BACKGROUND: Progesterone is essential for pregnancy maintenance, but its effects on complications like intrauterine growth restriction (IUGR), preeclampsia, prelabor rupture of membranes (PROM), preterm birth, and placental abruption are still debated. This review investigates the effects of progesterone supplementation on Doppler ultrasound indices and pregnancy outcomes.
MATERIAL AND METHODS: To assess the efficacy of progesterone supplements in reducing pregnancy complications during the first and second trimesters using Doppler ultrasound indices. Databases such as PubMed, Embase, the Cochrane Library, MEDLINE, Web of Science, Scopus, and Google Scholar were searched from inception to March 2024. Cohort, case-control, and clinical trials on progesterone supplementation in early to mid-pregnancy were included in the review. The primary outcomes were Doppler ultrasound indices, with secondary outcomes including preterm birth, IUGR, preeclampsia, PROM, and placental abruption. Nine studies with 2282 women were examined. Independent reviewers extracted data and assessed its quality, resolving discrepancies through consensus.
RESULTS: Progesterone supplementation had varying effects on Doppler indices. There was no significant difference in uterine or umbilical artery Doppler indices, but some studies reported changes in fetal middle cerebral artery flow. Furthermore, there were no significant improvements in the rates of IUGR, preeclampsia, or PROM.
CONCLUSIONS: Progesterone supplementation in early and mid-pregnancy may benefit certain subgroups, particularly those at risk of preterm birth. However, its overall effectiveness in improving clinical outcomes is unclear. More research using standardized progesterone regimens is needed to better understand its role in pregnancy management. Progesterone supplementation may help prevent preterm birth in high-risk populations, such as women with a short cervix. However, Doppler ultrasound findings should not be the sole factor in guiding its use. However, its role in improving other clinical outcomes, such as IUGR and preeclampsia, remains uncertain. Obstetricians should consider progesterone use as part of individualized treatment plans, particularly for women at high risk for preterm birth.",Khanjani S; Goodarzi SB; Khaleghi MM; Moosavi SSA; Eshraghi R; Meigoli MS; Fathi M; Azadani MN; Sadraei N; Bahrami A,2025,European journal of medical research,Journal Article|Systematic Review,10.1186/s40001-025-03382-w,https://pubmed.ncbi.nlm.nih.gov/41219813/,retain,true,abstract_only,ABSTRACT_SENTENCE_12,"CONCLUSIONS: Progesterone supplementation in early and mid-pregnancy may benefit certain subgroups, particularly those at risk of preterm birth.",,"BACKGROUND: Progesterone is essential for pregnancy maintenance, but its effects on complications like intrauterine growth restriction (IUGR), preeclampsia, prelabor rupture of membranes (PROM), preterm birth, and placental abruption are still debated. | MATERIAL AND METHODS: To assess the efficacy of progesterone supplements in reducing pregnancy complications during the first and second trimesters using Doppler ultrasound indices. | The primary outcomes were Doppler ultrasound indices, with secondary outcomes including preterm birth, IUGR, preeclampsia, PROM, and placental abruption.","CONCLUSIONS: Progesterone supplementation in early and mid-pregnancy may benefit certain subgroups, particularly those at risk of preterm birth.","BACKGROUND: Progesterone is essential for pregnancy maintenance, but its effects on complications like intrauterine growth restriction (IUGR), preeclampsia, prelabor rupture of membranes (PROM), preterm birth, and placental abruption are still debated. | This review investigates the effects of progesterone supplementation on Doppler ultrasound indices and pregnancy outcomes. | MATERIAL AND METHODS: To assess the efficacy of progesterone supplements in reducing pregnancy complications during the first and second trimesters using Doppler ultrasound indices.",21,research/searches_v3/HRS3_PREGNANCY/pubmed/20260726T163628Z/efetch_001.xml,f310e10f4306202704ed70d7ed160f46f58ff2f1c024158ac31a8ebe0a09a5a4,,not_observed,ai_screened_regex_confirmed
HRS3_PREGNANCY,pubmed:42261719,pubmed,42261719,Vitamin D deficiency in pregnant women: obstetric implications and clinical management.,"BACKGROUND: Vitamin D deficiency in pregnant women constitutes a significant obstetric concern, affecting 40-98% of gravid populations worldwide. Adequate vitamin D status is essential for successful pregnancy outcomes, fetal development, and maternal health.
OBJECTIVE: This review analyzes current evidence regarding vitamin D deficiency during pregnancy from an obstetric perspective, focusing on pregnancy complications, fetal outcomes, and evidence-based supplementation strategies for clinical practice.
METHODS: A systematic review of PubMed, Scopus, and Cochrane databases was conducted, encompassing publications from 2020-2025. Randomized controlled trials, meta-analyses, and prospective cohort studies examining vitamin D status and pregnancy outcomes were included.
RESULTS: Analysis demonstrated significant associations between vitamin D deficiency (< 50 nmol/L) and elevated risk of preeclampsia (OR 0.65), gestational diabetes mellitus (OR 1.61), preterm birth (RR 0.67), and small-for-gestational-age neonates (RR 0.61). Supplementation with 2000-4000 IU/day appears safe and efficacious in achieving optimal concentrations.
CONCLUSIONS: Vitamin D assessment and individualized supplementation should be integrated into routine prenatal care. Obstetricians should implement screening protocols particularly for high-risk pregnant women.",Tadros-Zins M; Krekora M; Zych-Krekora K; Drosdzol-Cop A,2026,Ginekologia polska,Journal Article|Systematic Review|Review,10.5603/gpl.110273,https://pubmed.ncbi.nlm.nih.gov/42261719/,retain,true,abstract_only,ABSTRACT_SENTENCE_6,"RESULTS: Analysis demonstrated significant associations between vitamin D deficiency (< 50 nmol/L) and elevated risk of preeclampsia (OR 0.65), gestational diabetes mellitus (OR 1.61), preterm birth (RR 0.67), and small-for-gestational-age neonates (RR 0.61).",2000-4000 IU/d,"OBJECTIVE: This review analyzes current evidence regarding vitamin D deficiency during pregnancy from an obstetric perspective, focusing on pregnancy complications, fetal outcomes, and evidence-based supplementation strategies for clinical practice. | RESULTS: Analysis demonstrated significant associations between vitamin D deficiency (< 50 nmol/L) and elevated risk of preeclampsia (OR 0.65), gestational diabetes mellitus (OR 1.61), preterm birth (RR 0.67), and small-for-gestational-age neonates (RR 0.61).","RESULTS: Analysis demonstrated significant associations between vitamin D deficiency (< 50 nmol/L) and elevated risk of preeclampsia (OR 0.65), gestational diabetes mellitus (OR 1.61), preterm birth (RR 0.67), and small-for-gestational-age neonates (RR 0.61).","BACKGROUND: Vitamin D deficiency in pregnant women constitutes a significant obstetric concern, affecting 40-98% of gravid populations worldwide. | Adequate vitamin D status is essential for successful pregnancy outcomes, fetal development, and maternal health. | OBJECTIVE: This review analyzes current evidence regarding vitamin D deficiency during pregnancy from an obstetric perspective, focusing on pregnancy complications, fetal outcomes, and evidence-based supplementation strategies for clinical practice.",21,research/searches_v3/HRS3_PREGNANCY/pubmed/20260726T163628Z/efetch_001.xml,f310e10f4306202704ed70d7ed160f46f58ff2f1c024158ac31a8ebe0a09a5a4,,not_observed,ai_screened_regex_confirmed
HRS3_PREGNANCY,pubmed:26415762,pubmed,26415762,Vitamin C supplementation in pregnancy.,"BACKGROUND: Vitamin C supplementation may help reduce the risk of pregnancy complications such as pre-eclampsia, intrauterine growth restriction and maternal anaemia. There is a need to evaluate the efficacy and safety of vitamin C supplementation in pregnancy.
OBJECTIVES: To evaluate the effects of vitamin C supplementation, alone or in combination with other separate supplements on pregnancy outcomes, adverse events, side effects and use of health resources.
SEARCH METHODS: We searched the Cochrane Pregnancy and Childbirth Group's Trials Register (31 March 2015) and reference lists of retrieved studies.
SELECTION CRITERIA: All randomised or quasi-randomised controlled trials evaluating vitamin C supplementation in pregnant women. Interventions using a multivitamin supplement containing vitamin C or where the primary supplement was iron were excluded.
DATA COLLECTION AND ANALYSIS: Two review authors independently assessed trials for inclusion and risk of bias, extracted data and checked them for accuracy.
MAIN RESULTS: Twenty-nine trials involving 24,300 women are included in this review. Overall, 11 trials were judged to be of low risk of bias, eight were high risk of bias and for 10 trials it was unclear. No clear differences were seen between women supplemented with vitamin C alone or in combination with other supplements compared with placebo or no control for the risk of stillbirth (risk ratio (RR) 1.15, 95% confidence intervals (CI) 0.89 to 1.49; 20,038 participants; 11 studies; I² = 0%; moderate quality evidence), neonatal death (RR 0.79, 95% CI 0.58 to 1.08; 19,575 participants; 11 studies; I² = 0%), perinatal death (average RR 1.07, 95% CI 0.77 to 1.49; 17,105 participants; seven studies; I² = 35%), birthweight (mean difference (MD) 26.88 g, 95% CI -18.81 to 72.58; 17,326 participants; 13 studies; I² = 69%), intrauterine growth restriction (RR 0.98, 95% CI 0.91 to 1.06; 20,361 participants; 12 studies; I² = 15%; high quality evidence), preterm birth (average RR 0.99, 95% CI 0.90 to 1.10; 22,250 participants; 16 studies; I² = 49%; high quality evidence), preterm PROM (prelabour rupture of membranes) (average RR 0.98, 95% CI 0.70 to 1.36; 16,825 participants; 10 studies; I² = 70%; low quality evidence), term PROM (average RR 1.26, 95% CI 0.62 to 2.56; 2674 participants; three studies; I² = 87%), and clinical pre-eclampsia (average RR 0.92, 95% CI 0.80 to 1.05; 21,956 participants; 16 studies; I² = 41%; high quality evidence).Women supplemented with vitamin C alone or in combination with other supplements compared with placebo or no control were at decreased risk of having a placental abruption (RR 0.64, 95% CI 0.44 to 0.92; 15,755 participants; eight studies; I² = 0%; high quality evidence) and had a small increase in gestational age at birth (MD 0.31, 95% CI 0.01 to 0.61; 14,062 participants; nine studies; I² = 65%), however they were also more likely to self-report abdominal pain (RR 1.66, 95% CI 1.16 to 2.37; 1877 participants; one study). In the subgroup analyses based on the type of supplement, vitamin C supplementation alone was associated with a reduced risk of preterm PROM (average RR 0.66, 95% CI 0.48 to 0.91; 1282 participants; five studies; I² = 0%) and term PROM (average RR 0.55, 95% CI 0.32 to 0.94; 170 participants; one study). Conversely, the risk of term PROM was increased when supplementation included vitamin C and vitamin E (average RR 1.73, 95% CI 1.34 to 2.23; 3060 participants; two studies; I² = 0%). There were no differences in the effects of vitamin C on other outcomes in the subgroup analyses examining the type of supplement. There were no differing patterns in other subgroups of women based on underlying risk of pregnancy complications, timing of commencement of supplementation or dietary intake of vitamin C prior to trial entry. The GRADE quality of the evidence was high for intrauterine growth restriction, preterm birth, and placental abruption, moderate for stillbirth and clinical pre-eclampsia, low for preterm PROM.
AUTHORS' CONCLUSIONS: The data do not support routine vitamin C supplementation alone or in combination with other supplements for the prevention of fetal or neonatal death, poor fetal growth, preterm birth or pre-eclampsia. Further research is required to elucidate the possible role of vitamin C in the prevention of placental abruption and prelabour rupture of membranes. There was no convincing evidence that vitamin C supplementation alone or in combination with other supplements results in other important benefits or harms.",Rumbold A; Ota E; Nagata C; Shahrook S; Crowther CA,2015,The Cochrane database of systematic reviews,"Journal Article|Meta-Analysis|Research Support, Non-U.S. Gov't|Systematic Review",10.1002/14651858.CD004072.pub3,https://pubmed.ncbi.nlm.nih.gov/26415762/,retain,true,abstract_only,ABSTRACT_SENTENCE_10,"No clear differences were seen between women supplemented with vitamin C alone or in combination with other supplements compared with placebo or no control for the risk of stillbirth (risk ratio (RR) 1.15, 95% confidence intervals (CI) 0.89 to 1.49; 20,038 participants; 11 studies; I² = 0%; moderate quality evidence), neonatal death (RR 0.79, 95% CI 0.58 to 1.08; 19,575 participants; 11 studies; I² = 0%), perinatal death (average RR 1.07, 95% CI 0.77 to 1.49; 17,105 participants; seven studies; I² = 35%), birthweight (mean difference (MD) 26.88 g, 95% CI -18.81 to 72.58; 17,326 participants; 13 studies; I² = 69%), intrauterine growth restriction (RR 0.98, 95% CI 0.91 to 1.06; 20,361 participants; 12 studies; I² = 15%; high quality evidence), preterm birth (average RR 0.99, 95% CI 0.90 to 1.10; 22,250 participants; 16 studies; I² = 49%; high quality evidence), preterm PROM (prelabour rupture of membranes) (average RR 0.98, 95% CI 0.70 to 1.36; 16,825 participants; 10 studies; I² = 70%; low quality evidence), term PROM (average RR 1.26, 95% CI 0.62 to 2.56; 2674 participants; three studies; I² = 87%), and clinical pre-eclampsia (average RR 0.92, 95% CI 0.80 to 1.05; 21,956 participants; 16 studies; I² = 41%; high quality evidence).Women supplemented with vitamin C alone or in combination with other supplements compared with placebo or no control were at decreased risk of having a placental abruption (RR 0.64, 95% CI 0.44 to 0.92; 15,755 participants; eight studies; I² = 0%; high quality evidence) and had a small increase in gestational age at birth (MD 0.31, 95% CI 0.01 to 0.61; 14,062 participants; nine studies; I² = 65%), however they were also more likely to self-report abdominal pain (RR 1.66, 95% CI 1.16 to 2.37; 1877 participants; one study).",26.88 g,"BACKGROUND: Vitamin C supplementation may help reduce the risk of pregnancy complications such as pre-eclampsia, intrauterine growth restriction and maternal anaemia. | OBJECTIVES: To evaluate the effects of vitamin C supplementation, alone or in combination with other separate supplements on pregnancy outcomes, adverse events, side effects and use of health resources. | No clear differences were seen between women supplemented with vitamin C alone or in combination with other supplements compared with placebo or no control for the risk of stillbirth (risk ratio (RR) 1.15, 95% confidence intervals (CI) 0.89 to 1.49; 20,038 participants; 11 studies; I² = 0%; moderate quality evidence), neonatal death (RR 0.79, 95% CI 0.58 to 1.08; 19,575 participants; 11 studies; I² = 0%), perinatal death (average RR 1.07, 95% CI 0.77 to 1.49; 17,105 participants; seven studies; I² = 35%), birthweight (mean difference (MD) 26.88 g, 95% CI -18.81 to 72.58; 17,326 participants; 13 studies; I² = 69%), intrauterine growth restriction (RR 0.98, 95% CI 0.91 to 1.06; 20,361 participants; 12 studies; I² = 15%; high quality evidence), preterm birth (average RR 0.99, 95% CI 0.90 to 1.10; 22,250 participants; 16 studies; I² = 49%; high quality evidence), preterm PROM (prelabour rupture of membranes) (average RR 0.98, 95% CI 0.70 to 1.36; 16,825 participants; 10 studies; I² = 70%; low quality evidence), term PROM (average RR 1.26, 95% CI 0.62 to 2.56; 2674 participants; three studies; I² = 87%), and clinical pre-eclampsia (average RR 0.92, 95% CI 0.80 to 1.05; 21,956 participants; 16 studies; I² = 41%; high quality evidence).Women supplemented with vitamin C alone or in combination with other supplements compared with placebo or no control were at decreased risk of having a placental abruption (RR 0.64, 95% CI 0.44 to 0.92; 15,755 participants; eight studies; I² = 0%; high quality evidence) and had a small increase in gestational age at birth (MD 0.31, 95% CI 0.01 to 0.61; 14,062 participants; nine studies; I² = 65%), however they were also more likely to self-report abdominal pain (RR 1.66, 95% CI 1.16 to 2.37; 1877 participants; one study).","No clear differences were seen between women supplemented with vitamin C alone or in combination with other supplements compared with placebo or no control for the risk of stillbirth (risk ratio (RR) 1.15, 95% confidence intervals (CI) 0.89 to 1.49; 20,038 participants; 11 studies; I² = 0%; moderate quality evidence), neonatal death (RR 0.79, 95% CI 0.58 to 1.08; 19,575 participants; 11 studies; I² = 0%), perinatal death (average RR 1.07, 95% CI 0.77 to 1.49; 17,105 participants; seven studies; I² = 35%), birthweight (mean difference (MD) 26.88 g, 95% CI -18.81 to 72.58; 17,326 participants; 13 studies; I² = 69%), intrauterine growth restriction (RR 0.98, 95% CI 0.91 to 1.06; 20,361 participants; 12 studies; I² = 15%; high quality evidence), preterm birth (average RR 0.99, 95% CI 0.90 to 1.10; 22,250 participants; 16 studies; I² = 49%; high quality evidence), preterm PROM (prelabour rupture of membranes) (average RR 0.98, 95% CI 0.70 to 1.36; 16,825 participants; 10 studies; I² = 70%; low quality evidence), term PROM (average RR 1.26, 95% CI 0.62 to 2.56; 2674 participants; three studies; I² = 87%), and clinical pre-eclampsia (average RR 0.92, 95% CI 0.80 to 1.05; 21,956 participants; 16 studies; I² = 41%; high quality evidence).Women supplemented with vitamin C alone or in combination with other supplements compared with placebo or no control were at decreased risk of having a placental abruption (RR 0.64, 95% CI 0.44 to 0.92; 15,755 participants; eight studies; I² = 0%; high quality evidence) and had a small increase in gestational age at birth (MD 0.31, 95% CI 0.01 to 0.61; 14,062 participants; nine studies; I² = 65%), however they were also more likely to self-report abdominal pain (RR 1.66, 95% CI 1.16 to 2.37; 1877 participants; one study).","BACKGROUND: Vitamin C supplementation may help reduce the risk of pregnancy complications such as pre-eclampsia, intrauterine growth restriction and maternal anaemia. | There is a need to evaluate the efficacy and safety of vitamin C supplementation in pregnancy. | OBJECTIVES: To evaluate the effects of vitamin C supplementation, alone or in combination with other separate supplements on pregnancy outcomes, adverse events, side effects and use of health resources.",20,research/searches_v3/HRS3_PREGNANCY/pubmed/20260726T163628Z/efetch_002.xml,d06c9326d4f6b2eebb0ec5661a468ab73174945536ddac746a0733428357031b,,not_observed,ai_screened_regex_confirmed
HRS3_PREGNANCY,pubmed:26482110,pubmed,26482110,Intermittent oral iron supplementation during pregnancy.,"BACKGROUND: Anaemia is a frequent condition during pregnancy, particularly among women in low- and middle-income countries. Traditionally, gestational anaemia has been prevented with daily iron supplements throughout pregnancy, but adherence to this regimen due to side effects, interrupted supply of the supplements, and concerns about safety among women with an adequate iron intake, have limited the use of this intervention. Intermittent (i.e. two or three times a week on non-consecutive days) supplementation has been proposed as an alternative to daily supplementation.
OBJECTIVES: To assess the benefits and harms of intermittent supplementation with iron alone or in combination with folic acid or other vitamins and minerals to pregnant women on neonatal and pregnancy outcomes.
SEARCH METHODS: We searched the Cochrane Pregnancy and Childbirth Group's Trials Register (31 July 2015), the WHO International Clinical Trials Registry Platform (ICTRP) (31 July 2015) and contacted relevant organisations for the identification of ongoing and unpublished studies (31 July 2015).
SELECTION CRITERIA: Randomised or quasi-randomised trials.
DATA COLLECTION AND ANALYSIS: We assessed the methodological quality of trials using standard Cochrane criteria. Two review authors independently assessed trial eligibility, extracted data and conducted checks for accuracy.
MAIN RESULTS: This review includes 27 trials from 15 countries, but only 21 trials (with 5490 women) contributed data to the review. All studies compared daily versus intermittent iron supplementation. The methodological quality of included studies was mixed and most had high levels of attrition.The overall assessment of the quality of the evidence for primary infant outcomes was low and for maternal outcomes very low.Of the 21 trials contributing data, three studies provided intermittent iron alone, 14 intermittent iron + folic acid and four intermittent iron plus multiple vitamins and minerals in comparison with the same composition of supplements provided in a daily regimen.Overall, for women receiving any intermittent iron regimen (with or without other vitamins and minerals) compared with a daily regimen there was no clear evidence of differences between groups for any infant primary outcomes: low birthweight (average risk ratio (RR) 0.82; 95% confidence interval (CI) 0.55 to 1.22; participants = 1898; studies = eight; low quality evidence), infant birthweight (mean difference (MD) 5.13 g; 95% CI -29.46 to 39.72; participants = 1939; studies = nine; low quality evidence), premature birth (average RR 1.03; 95% CI 0.76 to 1.39; participants = 1177; studies = five; low quality evidence), or neonatal death (average RR 0.49; 95% CI 0.04 to 5.42; participants = 795; studies = one; very low quality). None of the studies reported congenital anomalies.For maternal outcomes, there was no clear evidence of differences between groups for anaemia at term (average RR 1.22; 95% CI 0.84 to 1.80; participants = 676; studies = four; I² = 10%; very low quality). Women receiving intermittent supplementation had fewer side effects (average RR 0.56; 95% CI 0.37 to 0.84; participants = 1777; studies = 11; I² = 87%; very low quality) and were at lower risk of having high haemoglobin (Hb) concentrations (greater than 130 g/L) during the second or third trimester of pregnancy (average RR 0.53; 95% CI 0.38 to 0.74; participants = 2616; studies = 15; I² = 52%; (this was not a primary outcome)) compared with women receiving daily supplements. There were no significant differences in iron-deficiency anaemia at term between women receiving intermittent or daily iron + folic acid supplementation (average RR 0.71; 95% CI 0.08 to 6.63; participants = 156; studies = one). There were no maternal deaths (six studies) or women with severe anaemia in pregnancy (six studies). None of the studies reported on iron deficiency at term or infections during pregnancy.Most of the studies included in the review (14/21 contributing data) compared intermittent oral iron + folic acid supplementation compared with daily oral iron + folic acid supplementation (4653 women) and findings for this comparison broadly reflect findings for the main comparison (any intermittent versus any daily regimen).Three studies with 464 women examined supplementation with intermittent oral iron alone compared with daily oral iron alone. There were no clear differences between groups for mean birthweight, preterm birth, maternal anaemia or maternal side effects. Other primary outcomes were not reported.Four studies with a combined sample size of 412 women compared intermittent oral iron + vitamins and minerals supplementation with daily oral iron + vitamins and minerals supplementation. Results were not reported for any of the review's infant primary outcomes. One study reported fewer maternal side effects in the intermittent iron group, and two studies that more women were anaemic at term compared with those receiving daily supplementation.Where sufficient data were available for primary outcomes, we set up subgroups to look for possible differences between studies in terms of earlier or later supplementation; women's anaemia status at the start of supplementation; higher and lower weekly doses of iron; and the malarial status of the region in which the trials were conducted. There was no clear effect of these variables on results.
AUTHORS' CONCLUSIONS: This review is the most comprehensive summary of the evidence assessing the benefits and harms of intermittent iron supplementation in pregnant women on haematological and pregnancy outcomes. Findings suggest that intermittent regimens produced similar maternal and infant outcomes as daily supplementation but were associated with fewer side effects and reduced the risk of high levels of Hb in mid and late pregnancy, although the risk of mild anaemia near term was increased. While the quality of the evidence was assessed as low or very low, intermittent may be a feasible alternative to daily iron supplementation among those pregnant women who are not anaemic and have adequate antenatal care.",Peña-Rosas JP; De-Regil LM; Gomez Malave H; Flores-Urrutia MC; Dowswell T,2015,The Cochrane database of systematic reviews,"Journal Article|Meta-Analysis|Research Support, N.I.H., Extramural|Research Support, Non-U.S. Gov't|Systematic Review",10.1002/14651858.CD009997.pub2,https://pubmed.ncbi.nlm.nih.gov/26482110/,retain,true,abstract_only,ABSTRACT_SENTENCE_11,"The methodological quality of included studies was mixed and most had high levels of attrition.The overall assessment of the quality of the evidence for primary infant outcomes was low and for maternal outcomes very low.Of the 21 trials contributing data, three studies provided intermittent iron alone, 14 intermittent iron + folic acid and four intermittent iron plus multiple vitamins and minerals in comparison with the same composition of supplements provided in a daily regimen.Overall, for women receiving any intermittent iron regimen (with or without other vitamins and minerals) compared with a daily regimen there was no clear evidence of differences between groups for any infant primary outcomes: low birthweight (average risk ratio (RR) 0.82; 95% confidence interval (CI) 0.55 to 1.22; participants = 1898; studies = eight; low quality evidence), infant birthweight (mean difference (MD) 5.13 g; 95% CI -29.46 to 39.72; participants = 1939; studies = nine; low quality evidence), premature birth (average RR 1.03; 95% CI 0.76 to 1.39; participants = 1177; studies = five; low quality evidence), or neonatal death (average RR 0.49; 95% CI 0.04 to 5.42; participants = 795; studies = one; very low quality).",5.13 g | 130 g,"None of the studies reported congenital anomalies.For maternal outcomes, there was no clear evidence of differences between groups for anaemia at term (average RR 1.22; 95% CI 0.84 to 1.80; participants = 676; studies = four; I² = 10%; very low quality). | There were no clear differences between groups for mean birthweight, preterm birth, maternal anaemia or maternal side effects.","The methodological quality of included studies was mixed and most had high levels of attrition.The overall assessment of the quality of the evidence for primary infant outcomes was low and for maternal outcomes very low.Of the 21 trials contributing data, three studies provided intermittent iron alone, 14 intermittent iron + folic acid and four intermittent iron plus multiple vitamins and minerals in comparison with the same composition of supplements provided in a daily regimen.Overall, for women receiving any intermittent iron regimen (with or without other vitamins and minerals) compared with a daily regimen there was no clear evidence of differences between groups for any infant primary outcomes: low birthweight (average risk ratio (RR) 0.82; 95% confidence interval (CI) 0.55 to 1.22; participants = 1898; studies = eight; low quality evidence), infant birthweight (mean difference (MD) 5.13 g; 95% CI -29.46 to 39.72; participants = 1939; studies = nine; low quality evidence), premature birth (average RR 1.03; 95% CI 0.76 to 1.39; participants = 1177; studies = five; low quality evidence), or neonatal death (average RR 0.49; 95% CI 0.04 to 5.42; participants = 795; studies = one; very low quality).","BACKGROUND: Anaemia is a frequent condition during pregnancy, particularly among women in low- and middle-income countries. | Traditionally, gestational anaemia has been prevented with daily iron supplements throughout pregnancy, but adherence to this regimen due to side effects, interrupted supply of the supplements, and concerns about safety among women with an adequate iron intake, have limited the use of this intervention. | OBJECTIVES: To assess the benefits and harms of intermittent supplementation with iron alone or in combination with folic acid or other vitamins and minerals to pregnant women on neonatal and pregnancy outcomes.",20,research/searches_v3/HRS3_PREGNANCY/pubmed/20260726T163628Z/efetch_002.xml,d06c9326d4f6b2eebb0ec5661a468ab73174945536ddac746a0733428357031b,,not_observed,ai_screened_regex_confirmed
HRS3_PREGNANCY,pubmed:36728680,pubmed,36728680,The effects of oral ferrous bisglycinate supplementation on hemoglobin and ferritin concentrations in adults and children: a systematic review and meta-analysis of randomized controlled trials.,"CONTEXT: Iron deficiency and anemia have serious consequences, especially for children and pregnant women. Iron salts are commonly provided as oral supplements to prevent and treat iron deficiency, despite poor bioavailability and frequently reported adverse side effects. Ferrous bisglycinate is a novel amino acid iron chelate that is thought to be more bioavailable and associated with fewer gastrointestinal (GI) adverse events as compared with iron salts.
OBJECTIVE: A systematic review and meta-analysis of randomized controlled trials (RCTs) was conducted to evaluate the effects of ferrous bisglycinate supplementation compared with other iron supplements on hemoglobin and ferritin concentrations and GI adverse events.
DATA SOURCES: A systematic search of electronic databases and grey literature was performed up to July 17, 2020, yielding 17 RCTs that reported hemoglobin or ferritin concentrations following at least 4 weeks' supplementation of ferrous bisglycinate compared with other iron supplements in any dose or frequency.
DATA EXTRACTION: Random-effects meta-analyses were conducted among trials of pregnant women (n = 9) and children (n = 4); pooled estimates were expressed as standardized mean differences (SMDs). Incidence rate ratios (IRRs) were estimated for GI adverse events, using Poisson generalized linear mixed-effects models. The remaining trials in other populations (n = 4; men and nonpregnant women) were qualitatively evaluated.
DATA ANALYSIS: Compared with other iron supplements, supplementation with ferrous bisglycinate for 4-20 weeks resulted in higher hemoglobin concentrations in pregnant women (SMD, 0.54 g/dL; 95% confidence interval [CI], 0.15-0.94; P < 0.01) and fewer reported GI adverse events (IRR, 0.36; 95%CI, 0.17-0.76; P < 0.01). We observed a non-significant trend for higher ferritin concentrations in pregnant women supplemented with ferrous bisglycinate. No significant differences in hemoglobin or ferritin concentrations were detected among children.
CONCLUSION: Ferrous bisglycinate shows some benefit over other iron supplements in increasing hemoglobin concentration and reducing GI adverse events among pregnant women. More trials are needed to assess the efficacy of ferrous bisglycinate against other iron supplements in other populations.
PROSPERO REGISTRATION NO: CRD42020196984.",Fischer JAJ; Cherian AM; Bone JN; Karakochuk CD,2023,Nutrition reviews,"Journal Article|Meta-Analysis|Research Support, Non-U.S. Gov't|Systematic Review",10.1093/nutrit/nuac106,https://pubmed.ncbi.nlm.nih.gov/36728680/,retain,true,abstract_only,ABSTRACT_SENTENCE_9,"DATA ANALYSIS: Compared with other iron supplements, supplementation with ferrous bisglycinate for 4-20 weeks resulted in higher hemoglobin concentrations in pregnant women (SMD, 0.54 g/dL; 95% confidence interval [CI], 0.15-0.94; P < 0.01) and fewer reported GI adverse events (IRR, 0.36; 95%CI, 0.17-0.76; P < 0.01).",0.54 g/d | 95%,"Iron salts are commonly provided as oral supplements to prevent and treat iron deficiency, despite poor bioavailability and frequently reported adverse side effects. | Ferrous bisglycinate is a novel amino acid iron chelate that is thought to be more bioavailable and associated with fewer gastrointestinal (GI) adverse events as compared with iron salts. | OBJECTIVE: A systematic review and meta-analysis of randomized controlled trials (RCTs) was conducted to evaluate the effects of ferrous bisglycinate supplementation compared with other iron supplements on hemoglobin and ferritin concentrations and GI adverse events.","DATA ANALYSIS: Compared with other iron supplements, supplementation with ferrous bisglycinate for 4-20 weeks resulted in higher hemoglobin concentrations in pregnant women (SMD, 0.54 g/dL; 95% confidence interval [CI], 0.15-0.94; P < 0.01) and fewer reported GI adverse events (IRR, 0.36; 95%CI, 0.17-0.76; P < 0.01).","CONTEXT: Iron deficiency and anemia have serious consequences, especially for children and pregnant women. | DATA EXTRACTION: Random-effects meta-analyses were conducted among trials of pregnant women (n = 9) and children (n = 4); pooled estimates were expressed as standardized mean differences (SMDs). | The remaining trials in other populations (n = 4; men and nonpregnant women) were qualitatively evaluated.",20,research/searches_v3/HRS3_PREGNANCY/pubmed/20260726T163628Z/efetch_001.xml,f310e10f4306202704ed70d7ed160f46f58ff2f1c024158ac31a8ebe0a09a5a4,,not_observed,ai_screened_regex_confirmed
HRS3_PREGNANCY,pubmed:12577128,pubmed,12577128,The prevention of congenital anomalies with periconceptional folic acid supplementation.,"Large randomized trials have demonstrated the critical role of folic acid supplementation in the prevention of neural tube defects. Since 1992, a number of national and international professional societies have released guidelines recommending folic acid supplementation of at least 0.4 mg/day for all women of childbearing age or women planning pregnancies, and 4 mg/day for women with a previous infant with a neural tube defect. Furthermore, a reduction in the incidence of congenital cardiac and urologic anomalies has been demonstrated in some studies following periconceptional folic acid supplementation. There is growing evidence of a possible role of folic acid supplementation in the prevention of other congenital anomalies, including cardiac defects. Since 1998, mandatory fortification of certain foods with folate has been associated with at least a 54% reduction in the incidence of open neural tube defects, yet rates of periconceptional folic acid use remain suboptimal, especially in minority women. Innovative strategies in educating women, health-care providers, and pharmacists on the benefits of folic acid supplementation need to be explored. Mandatory folate fortification of foods needs to be defined and monitored.",McDonald SD; Ferguson S; Tam L; Lougheed J; Walker MC,2003,Journal of obstetrics and gynaecology Canada : JOGC = Journal d'obstetrique et gynecologie du Canada : JOGC,Clinical Trial|Journal Article|Randomized Controlled Trial|Review,10.1016/s1701-2163(16)30207-9,https://pubmed.ncbi.nlm.nih.gov/12577128/,retain,true,abstract_only,ABSTRACT_SENTENCE_5,"Since 1998, mandatory fortification of certain foods with folate has been associated with at least a 54% reduction in the incidence of open neural tube defects, yet rates of periconceptional folic acid use remain suboptimal, especially in minority women.",0.4 mg/d | 4 mg/d,"Furthermore, a reduction in the incidence of congenital cardiac and urologic anomalies has been demonstrated in some studies following periconceptional folic acid supplementation. | There is growing evidence of a possible role of folic acid supplementation in the prevention of other congenital anomalies, including cardiac defects.","Since 1998, mandatory fortification of certain foods with folate has been associated with at least a 54% reduction in the incidence of open neural tube defects, yet rates of periconceptional folic acid use remain suboptimal, especially in minority women.","Since 1992, a number of national and international professional societies have released guidelines recommending folic acid supplementation of at least 0.4 mg/day for all women of childbearing age or women planning pregnancies, and 4 mg/day for women with a previous infant with a neural tube defect.",19,research/searches_v3/HRS3_PREGNANCY/pubmed/20260726T163628Z/efetch_003.xml,56fa6e797a43046ef17e216a4388848e1ef46f196617cbbb44b3dcfff0fe1f5e,,not_observed,ai_screened_regex_confirmed
HRS3_PREGNANCY,pubmed:12636950,pubmed,12636950,A randomized trial of docosahexaenoic acid supplementation during the third trimester of pregnancy.,"OBJECTIVE: To hypothesize that higher intake of docosahexaenoic acid, an n-3 long chain polyunsaturated fatty acid, would increase duration of gestation and birth weight in US women.
METHODS: This was a randomized, double-blind, controlled, clinical trial. Subjects were enrolled in an ambulatory clinic where they received prenatal care. This was a population-based sample. Most subjects received government assistance for medical care and most were black (73%). Subjects were enrolled between the 24th and 28th week of pregnancy and consumed docosahexaenoic acid (33 or 133 mg) from eggs until parturition. Gestational age and birth weight were the main study outcomes. Infant length and head circumference, preterm birth, and low birth weight were secondary outcomes.
RESULTS: Eighty-three percent of subjects completed the study (291 of 350 enrolled). No subject was discontinued for an adverse event. After controlling for important predefined risk factors and confounding variables, gestation increased by 6.0 +/- 2.3 days (P =.009) in the higher docosahexaenoic acid group. Birth weight, length, and head circumference increased, but did not reach statistical significance (P =.06-.18), although the increases could be clinically important indications of enhanced intrauterine growth. No safety concerns were raised by the study.
CONCLUSION: Duration of gestation increased significantly when docosahexaenoic acid intake was increased during the last trimester of pregnancy. The increase in gestation was similar to that reported for interventions with much larger amounts of n-3 long chain polyunsaturated fatty acids.",Smuts CM; Huang M; Mundy D; Plasse T; Major S; Carlson SE,2003,Obstetrics and gynecology,"Clinical Trial|Journal Article|Randomized Controlled Trial|Research Support, Non-U.S. Gov't",10.1016/s0029-7844(02)02585-1,https://pubmed.ncbi.nlm.nih.gov/12636950/,retain,true,abstract_only,ABSTRACT_SENTENCE_10,No subject was discontinued for an adverse event.,133 mg,"Infant length and head circumference, preterm birth, and low birth weight were secondary outcomes. | No subject was discontinued for an adverse event.",No subject was discontinued for an adverse event.,"OBJECTIVE: To hypothesize that higher intake of docosahexaenoic acid, an n-3 long chain polyunsaturated fatty acid, would increase duration of gestation and birth weight in US women. | Subjects were enrolled in an ambulatory clinic where they received prenatal care. | Subjects were enrolled between the 24th and 28th week of pregnancy and consumed docosahexaenoic acid (33 or 133 mg) from eggs until parturition.",19,research/searches_v3/HRS3_PREGNANCY/pubmed/20260726T163628Z/efetch_003.xml,56fa6e797a43046ef17e216a4388848e1ef46f196617cbbb44b3dcfff0fe1f5e,,not_observed,ai_screened_regex_confirmed
HRS3_PREGNANCY,pubmed:30873598,pubmed,30873598,Multiple-micronutrient supplementation for women during pregnancy.,"BACKGROUND: Multiple-micronutrient (MMN) deficiencies often coexist among women of reproductive age in low- and middle-income countries. They are exacerbated in pregnancy due to the increased demands of the developing fetus, leading to potentially adverse effects on the mother and baby. A consensus is yet to be reached regarding the replacement of iron and folic acid supplementation with MMNs. Since the last update of this Cochrane Review in 2017, evidence from several trials has become available. The findings of this review will be critical to inform policy on micronutrient supplementation in pregnancy.
OBJECTIVES: To evaluate the benefits of oral multiple-micronutrient supplementation during pregnancy on maternal, fetal and infant health outcomes.
SEARCH METHODS: For this 2018 update, on 23 February 2018 we searched Cochrane Pregnancy and Childbirth's Trials Register, ClinicalTrials.gov, the WHO International Clinical Trials Registry Platform (ICTRP), and reference lists of retrieved studies. We also contacted experts in the field for additional and ongoing trials.
SELECTION CRITERIA: All prospective randomised controlled trials evaluating MMN supplementation with iron and folic acid during pregnancy and its effects on pregnancy outcomes were eligible, irrespective of language or the publication status of the trials. We included cluster-randomised trials, but excluded quasi-randomised trials. Trial reports that were published as abstracts were eligible.
DATA COLLECTION AND ANALYSIS: Two review authors independently assessed trials for inclusion and risk of bias, extracted data and checked them for accuracy. We assessed the quality of the evidence using the GRADE approach.
MAIN RESULTS: We identified 21 trials (involving 142,496 women) as eligible for inclusion in this review, but only 20 trials (involving 141,849 women) contributed data. Of these 20 trials, 19 were conducted in low- and middle-income countries and compared MMN supplements with iron and folic acid to iron, with or without folic acid. One trial conducted in the UK compared MMN supplementation with placebo. In total, eight trials were cluster-randomised.MMN with iron and folic acid versus iron, with or without folic acid (19 trials)MMN supplementation probably led to a slight reduction in preterm births (average risk ratio (RR) 0.95, 95% confidence interval (CI) 0.90 to 1.01; 18 trials, 91,425 participants; moderate-quality evidence), and babies considered small-for-gestational age (SGA) (average RR 0.92, 95% CI 0.88 to 0.97; 17 trials; 57,348 participants; moderate-quality evidence), though the CI for the pooled effect for preterm births just crossed the line of no effect. MMN reduced the number of newborn infants identified as low birthweight (LBW) (average RR 0.88, 95% CI 0.85 to 0.91; 18 trials, 68,801 participants; high-quality evidence). We did not observe any differences between groups for perinatal mortality (average RR 1.00, 95% CI 0.90 to 1.11; 15 trials, 63,922 participants; high-quality evidence). MMN supplementation led to slightly fewer stillbirths (average RR 0.95, 95% CI 0.86 to 1.04; 17 trials, 97,927 participants; high-quality evidence) but, again, the CI for the pooled effect just crossed the line of no effect. MMN supplementation did not have an important effect on neonatal mortality (average RR 1.00, 95% CI 0.89 to 1.12; 14 trials, 80,964 participants; high-quality evidence). We observed little or no difference between groups for the other maternal and pregnancy outcomes: maternal anaemia in the third trimester (average RR 1.04, 95% CI 0.94 to 1.15; 9 trials, 5912 participants), maternal mortality (average RR 1.06, 95% CI 0.72 to 1.54; 6 trials, 106,275 participants), miscarriage (average RR 0.99, 95% CI 0.94 to 1.04; 12 trials, 100,565 participants), delivery via a caesarean section (average RR 1.13, 95% CI 0.99 to 1.29; 5 trials, 12,836 participants), and congenital anomalies (average RR 1.34, 95% CI 0.25 to 7.12; 2 trials, 1958 participants). However, MMN supplementation probably led to a reduction in very preterm births (average RR 0.81, 95% CI 0.71 to 0.93; 4 trials, 37,701 participants). We were unable to assess a number of prespecified, clinically important outcomes due to insufficient or non-available data.When we assessed primary outcomes according to GRADE criteria, the quality of evidence for the review overall was moderate to high. We graded the following outcomes as high quality: LBW, perinatal mortality, stillbirth, and neonatal mortality. The outcomes of preterm birth and SGA we graded as moderate quality; both were downgraded for funnel plot asymmetry, indicating possible publication bias.We carried out sensitivity analyses excluding trials with high levels of sample attrition (> 20%). We found that results were consistent with the main analyses for all outcomes. We explored heterogeneity through subgroup analyses by maternal height, maternal body mass index (BMI), timing of supplementation, dose of iron, and MMN supplement formulation (UNIMMAP versus non-UNIMMAP). There was a greater reduction in preterm births for women with low BMI and among those who took non-UNIMMAP supplements. We also observed subgroup differences for maternal BMI and maternal height for SGA, indicating greater impact among women with greater BMI and height. Though we found that MMN supplementation made little or no difference to perinatal mortality, the analysis demonstrated substantial statistical heterogeneity. We explored this heterogeneity using subgroup analysis and found differences for timing of supplementation, whereby higher impact was observed with later initiation of supplementation. For all other subgroup analyses, the findings were inconclusive.MMN versus placebo (1 trial)A single trial in the UK found little or no important effect of MMN supplementation on preterm births, SGA, or LBW but did find a reduction in maternal anaemia in the third trimester (RR 0.66, 95% CI 0.51 to 0.85), when compared to placebo. This trial did not measure our other outcomes.
AUTHORS' CONCLUSIONS: Our findings suggest a positive impact of MMN supplementation with iron and folic acid on several birth outcomes. MMN supplementation in pregnancy led to a reduction in babies considered LBW, and probably led to a reduction in babies considered SGA. In addition, MMN probably reduced preterm births. No important benefits or harms of MMN supplementation were found for mortality outcomes (stillbirths, perinatal and neonatal mortality). These findings may provide some basis to guide the replacement of iron and folic acid supplements with MMN supplements for pregnant women residing in low- and middle-income countries.",Keats EC; Haider BA; Tam E; Bhutta ZA,2019,The Cochrane database of systematic reviews,"Journal Article|Meta-Analysis|Research Support, Non-U.S. Gov't|Systematic Review",10.1002/14651858.CD004905.pub6,https://pubmed.ncbi.nlm.nih.gov/30873598/,retain,true,abstract_only,ABSTRACT_SENTENCE_17,"In total, eight trials were cluster-randomised.MMN with iron and folic acid versus iron, with or without folic acid (19 trials)MMN supplementation probably led to a slight reduction in preterm births (average risk ratio (RR) 0.95, 95% confidence interval (CI) 0.90 to 1.01; 18 trials, 91,425 participants; moderate-quality evidence), and babies considered small-for-gestational age (SGA) (average RR 0.92, 95% CI 0.88 to 0.97; 17 trials; 57,348 participants; moderate-quality evidence), though the CI for the pooled effect for preterm births just crossed the line of no effect.",,"They are exacerbated in pregnancy due to the increased demands of the developing fetus, leading to potentially adverse effects on the mother and baby. | In total, eight trials were cluster-randomised.MMN with iron and folic acid versus iron, with or without folic acid (19 trials)MMN supplementation probably led to a slight reduction in preterm births (average risk ratio (RR) 0.95, 95% confidence interval (CI) 0.90 to 1.01; 18 trials, 91,425 participants; moderate-quality evidence), and babies considered small-for-gestational age (SGA) (average RR 0.92, 95% CI 0.88 to 0.97; 17 trials; 57,348 participants; moderate-quality evidence), though the CI for the pooled effect for preterm births just crossed the line of no effect. | We did not observe any differences between groups for perinatal mortality (average RR 1.00, 95% CI 0.90 to 1.11; 15 trials, 63,922 participants; high-quality evidence).","In total, eight trials were cluster-randomised.MMN with iron and folic acid versus iron, with or without folic acid (19 trials)MMN supplementation probably led to a slight reduction in preterm births (average risk ratio (RR) 0.95, 95% confidence interval (CI) 0.90 to 1.01; 18 trials, 91,425 participants; moderate-quality evidence), and babies considered small-for-gestational age (SGA) (average RR 0.92, 95% CI 0.88 to 0.97; 17 trials; 57,348 participants; moderate-quality evidence), though the CI for the pooled effect for preterm births just crossed the line of no effect.","They are exacerbated in pregnancy due to the increased demands of the developing fetus, leading to potentially adverse effects on the mother and baby. | The findings of this review will be critical to inform policy on micronutrient supplementation in pregnancy. | OBJECTIVES: To evaluate the benefits of oral multiple-micronutrient supplementation during pregnancy on maternal, fetal and infant health outcomes.",17,research/searches_v3/HRS3_PREGNANCY/pubmed/20260726T163628Z/efetch_001.xml,f310e10f4306202704ed70d7ed160f46f58ff2f1c024158ac31a8ebe0a09a5a4,,not_observed,ai_screened_regex_confirmed
HRS3_PREGNANCY,pubmed:31937153,pubmed,31937153,Effect of ginger in the treatment of nausea and vomiting compared with vitamin B6 and placebo during pregnancy: a meta-analysis.,"INTRODUCTION: Nausea and vomiting (NV) affect up to 85% of pregnant women, which has multiple effects on pregnancy outcome. The truth etiology of nausea and vomiting in pregnancy (NVP) is still unknown. Considering the potential teratogenic effect in fetus due to chemical drugs, ginger can be used to treat nausea and vomiting during pregnancy. Reports have shown that ginger can reduce the severity of NV, however, these results are controversial. Therefore, this meta-analysis aims to explore the effect of ginger in the treatment of nausea and vomiting during pregnancy compared with placebo and vitamin B6.
METHODS: The randomized control trials (RCTs) on the association with ginger and pregnancy-related nausea and vomiting were searched and identified in two databases Web of Science and PubMed (up to April 2019). Stata software was used to conduct meta-analysis. In addition, the source of heterogeneity explored by metaregression, sensitivity analysis, subgroup analyses, the publication bias were assessed by Egger's tests and Funnel plot, p < .05 was considered to be significant.
RESULTS: Thirteen studies involving 1174 subjects were included in this meta-analysis. The result demonstrated that ginger intervention has significant effect in improving general symptom of NVP [OR = 7.475, 95% CI = (4.133, 13.520), I2 = 30.1%], relieving severity of nausea [SMD = 0.821, 95% CI = (0.585, 1.056), I2 = 38.9%], but not significant in reducing vomiting [SMD = 0.549, 95% CI = (-0.268, 1.365), I2 = 91.4%], compared with placebo. Besides, ginger intervention has no significant effect on improving general symptom of NVP [OR = 1.239, 95% CI = (0.495, 3.102), I2 = 57.3%], relieving severity of nausea [SMD = 0.199, 95% CI = (-0.102, 0.500), I2 = 65.7%], reducing vomiting [SMD = 0.331, 95% CI = (-0.145, 0.808), I2 = 85.9%], compared with vitamin B6.
CONCLUSIONS: Ginger supplementation significantly relieve general NVP symptom and nausea compared with placebo, but no significant effect on vomiting. Moreover, ginger is more effective than vitamin B6 in treating NVP, although, there were no significant differences. Further, rigidly designed RCTs with larger sample sizes are needed to verify the effectiveness of ginger supplementation for treatment NVP compared with vitamin B6.",Hu Y; Amoah AN; Zhang H; Fu R; Qiu Y; Cao Y; Sun Y; Chen H; Liu Y; Lyu Q,2022,"The journal of maternal-fetal & neonatal medicine : the official journal of the European Association of Perinatal Medicine, the Federation of Asia and Oceania Perinatal Societies, the International Society of Perinatal Obstetricians",Journal Article|Meta-Analysis,10.1080/14767058.2020.1712714,https://pubmed.ncbi.nlm.nih.gov/31937153/,retain,true,abstract_only,ABSTRACT_SENTENCE_10,"The result demonstrated that ginger intervention has significant effect in improving general symptom of NVP [OR = 7.475, 95% CI = (4.133, 13.520), I2 = 30.1%], relieving severity of nausea [SMD = 0.821, 95% CI = (0.585, 1.056), I2 = 38.9%], but not significant in reducing vomiting [SMD = 0.549, 95% CI = (-0.268, 1.365), I2 = 91.4%], compared with placebo.",,"Considering the potential teratogenic effect in fetus due to chemical drugs, ginger can be used to treat nausea and vomiting during pregnancy.","The result demonstrated that ginger intervention has significant effect in improving general symptom of NVP [OR = 7.475, 95% CI = (4.133, 13.520), I2 = 30.1%], relieving severity of nausea [SMD = 0.821, 95% CI = (0.585, 1.056), I2 = 38.9%], but not significant in reducing vomiting [SMD = 0.549, 95% CI = (-0.268, 1.365), I2 = 91.4%], compared with placebo.","INTRODUCTION: Nausea and vomiting (NV) affect up to 85% of pregnant women, which has multiple effects on pregnancy outcome. | The truth etiology of nausea and vomiting in pregnancy (NVP) is still unknown. | Considering the potential teratogenic effect in fetus due to chemical drugs, ginger can be used to treat nausea and vomiting during pregnancy.",17,research/searches_v3/HRS3_PREGNANCY/pubmed/20260726T163628Z/efetch_001.xml,f310e10f4306202704ed70d7ed160f46f58ff2f1c024158ac31a8ebe0a09a5a4,,not_observed,ai_screened_regex_confirmed
HRS3_PREGNANCY,pubmed:35023227,pubmed,35023227,Potential benefits versus hazards of herbal therapy during pregnancy; a systematic review of available literature.,"The use of herbal medicine has considerably grown worldwide in the past two decades. Studies have shown that the prevalence of herbal diet therapy in pregnancy ranged from 1% to 60% in different societies. Many clinical reports have shown that some herbal medicines may have toxic effects on pregnant women and their fetuses because active ingredients of some medicinal plants can readily pass through the biological barriers (e.g., placental barrier). In the present study, we aimed to systematically review the literature to discover potential benefits versus the hazards of herbal therapy during pregnancy. For this purpose, a comprehensive literature review was performed, and after the literature search and selection of the appropriate documents, the desired data were extracted and reported. From 35 articles with a total of 39,950 study population, the results showed that some medicinal plants could cause severe toxicity on mothers and fetuses, in addition to abortion during pregnancy. It was also shown that some plants may lead to developmental abnormalities or fetal death. Findings of this survey showed that some herbal medicines have toxic, teratogenic, and abortive potential, particularly in the first trimester of pregnancy because active ingredients of some medicinal plants are able to pass through the placental barrier and reach the fetus.",Balarastaghi S; Delirrad M; Jafari A; Majidi M; Sadeghi M; Zare-Zardini H; Karimi G; Ghorani-Azam A,2022,Phytotherapy research : PTR,Journal Article|Systematic Review,10.1002/ptr.7363,https://pubmed.ncbi.nlm.nih.gov/35023227/,retain,true,abstract_only,ABSTRACT_SENTENCE_6,"From 35 articles with a total of 39,950 study population, the results showed that some medicinal plants could cause severe toxicity on mothers and fetuses, in addition to abortion during pregnancy.",,"Many clinical reports have shown that some herbal medicines may have toxic effects on pregnant women and their fetuses because active ingredients of some medicinal plants can readily pass through the biological barriers (e.g., placental barrier). | In the present study, we aimed to systematically review the literature to discover potential benefits versus the hazards of herbal therapy during pregnancy. | For this purpose, a comprehensive literature review was performed, and after the literature search and selection of the appropriate documents, the desired data were extracted and reported.","From 35 articles with a total of 39,950 study population, the results showed that some medicinal plants could cause severe toxicity on mothers and fetuses, in addition to abortion during pregnancy.","Studies have shown that the prevalence of herbal diet therapy in pregnancy ranged from 1% to 60% in different societies. | Many clinical reports have shown that some herbal medicines may have toxic effects on pregnant women and their fetuses because active ingredients of some medicinal plants can readily pass through the biological barriers (e.g., placental barrier). | In the present study, we aimed to systematically review the literature to discover potential benefits versus the hazards of herbal therapy during pregnancy.",17,research/searches_v3/HRS3_PREGNANCY/pubmed/20260726T163628Z/efetch_001.xml,f310e10f4306202704ed70d7ed160f46f58ff2f1c024158ac31a8ebe0a09a5a4,,not_observed,ai_screened_regex_confirmed
HRS3_PREGNANCY,pubmed:38965577,pubmed,38965577,"Effect of melatonin supplementation on cardiometabolic risk factors, oxidative stress and hormonal profile in PCOS patients: a systematic review and meta-analysis of randomized clinical trials.","BACKGROUND: To investigate whether melatonin supplementation can enhance cardiometabolic risk factors, reduce oxidative stress, and improve hormonal and pregnancy-related factors in patients with PCOS.
METHODS: We conducted a systematic search of PubMed/Medline, Scopus, and the Cochrane Library for articles published in English from inception to March 2023. We included randomized controlled trials (RCTs) on the use of melatonin for patients with polycystic ovary syndrome (PCOS). We performed a meta-analysis using a random-effects model and calculated the standardized mean differences (SMDs) and 95% confidence intervals (CIs).
RESULTS: Six studies met the inclusion criteria. The result of meta-analysis indicated that melatonin intake significantly increase TAC levels (SMD: 0.87, 95% CI: 0.46, 1.28, I2 = 00.00%) and has no effect on FBS, insulin, HOMA-IR, TC, TG, HDL, LDL, MDA, hs-CRP, mFG, SHBG, total testosterone, and pregnancy rate in patients with PCOS compare to controls. The included trials did not report any adverse events.
CONCLUSION: Melatonin is a potential antioxidant that may prevent damage from oxidative stress in patients with PCOS. However, the clear effect of melatonin supplementation on cardiometabolic risk factors, hormonal outcomes, and pregnancy-related outcomes needs to be evaluated further in large populations and long-term RCTs.",Ziaei S; Hasani M; Malekahmadi M; Daneshzad E; Kadkhodazadeh K; Heshmati J,2024,Journal of ovarian research,Journal Article|Systematic Review|Meta-Analysis,10.1186/s13048-024-01450-z,https://pubmed.ncbi.nlm.nih.gov/38965577/,retain,true,abstract_only,ABSTRACT_SENTENCE_6,"The result of meta-analysis indicated that melatonin intake significantly increase TAC levels (SMD: 0.87, 95% CI: 0.46, 1.28, I2 = 00.00%) and has no effect on FBS, insulin, HOMA-IR, TC, TG, HDL, LDL, MDA, hs-CRP, mFG, SHBG, total testosterone, and pregnancy rate in patients with PCOS compare to controls.",,The included trials did not report any adverse events.,"The result of meta-analysis indicated that melatonin intake significantly increase TAC levels (SMD: 0.87, 95% CI: 0.46, 1.28, I2 = 00.00%) and has no effect on FBS, insulin, HOMA-IR, TC, TG, HDL, LDL, MDA, hs-CRP, mFG, SHBG, total testosterone, and pregnancy rate in patients with PCOS compare to controls.","BACKGROUND: To investigate whether melatonin supplementation can enhance cardiometabolic risk factors, reduce oxidative stress, and improve hormonal and pregnancy-related factors in patients with PCOS. | The result of meta-analysis indicated that melatonin intake significantly increase TAC levels (SMD: 0.87, 95% CI: 0.46, 1.28, I2 = 00.00%) and has no effect on FBS, insulin, HOMA-IR, TC, TG, HDL, LDL, MDA, hs-CRP, mFG, SHBG, total testosterone, and pregnancy rate in patients with PCOS compare to controls. | However, the clear effect of melatonin supplementation on cardiometabolic risk factors, hormonal outcomes, and pregnancy-related outcomes needs to be evaluated further in large populations and long-term RCTs.",17,research/searches_v3/HRS3_PREGNANCY/pubmed/20260726T163628Z/efetch_001.xml,f310e10f4306202704ed70d7ed160f46f58ff2f1c024158ac31a8ebe0a09a5a4,,not_observed,ai_screened_regex_confirmed
HRS3_PREGNANCY,pubmed:39077939,pubmed,39077939,Vitamin D supplementation for women during pregnancy.,"BACKGROUND: Vitamin D supplementation during pregnancy may help improve maternal and neonatal health outcomes (such as fewer preterm birth and low birthweight babies) and reduce the risk of adverse pregnancy outcomes (such as severe postpartum haemorrhage).
OBJECTIVES: To examine whether vitamin D supplementation alone or in combination with calcium or other vitamins and minerals given to women during pregnancy can safely improve certain maternal and neonatal outcomes.
SEARCH METHODS: We searched the Cochrane Pregnancy and Childbirth Trials Register (which includes results of comprehensive searches of CENTRAL, MEDLINE, Embase, CINAHL, ClinicalTrials.gov, the WHO International Clinical Trials Registry Platform, and relevant conference proceedings) (3 December 2022). We also searched the reference lists of retrieved studies.
SELECTION CRITERIA: Randomised and quasi-randomised trials evaluating the effect of supplementation with vitamin D alone or in combination with other micronutrients for women during pregnancy in comparison to placebo or no intervention.
DATA COLLECTION AND ANALYSIS: Two review authors independently i) assessed the eligibility of studies against the inclusion criteria, ii) assessed trustworthiness based on pre-defined criteria of scientific integrity, iii) extracted data from included studies, and iv) assessed the risk of bias of the included studies. We assessed the certainty of the evidence using the GRADE approach.
MAIN RESULTS: The previous version of this review included 30 studies; in this update, we have removed 20 of these studies to 'awaiting classification' following assessments of trustworthiness, one study has been excluded, and one new study included. This current review has a total of 10 included studies, 117 excluded studies, 34 studies in awaiting assessment, and seven ongoing studies. We used the GRADE approach to assess the certainty of the evidence. This removal of the studies resulted in evidence that was downgraded to low-certainty or very low-certainty due to study design limitations, inconsistency between studies, and imprecision. Supplementation with vitamin D compared to no intervention or a placebo A total of eight studies involving 2313 pregnant women were included in this comparison. We assessed four studies as having a low risk of bias for most domains and four studies as having high risk or unclear risk of bias for most domains. The evidence is very uncertain about the effect of supplementation with vitamin D during pregnancy compared to placebo or no intervention on pre-eclampsia (risk ratio (RR) 0.53, 95% confidence interval (CI) 0.21 to 1.33; 1 study, 165 women), gestational diabetes (RR 0.53, 95% CI 0.03 to 8.28; 1 study, 165 women), preterm birth (< 37 weeks) (RR 0.76, 95% CI 0.25 to 2.33; 3 studies, 1368 women), nephritic syndrome (RR 0.17, 95% CI 0.01 to 4.06; 1 study, 135 women), or hypercalcaemia (1 study; no cases reported). Supplementation with vitamin D during pregnancy may reduce the risk of severe postpartum haemorrhage; however, only one study reported this outcome (RR 0.68, 95% CI 0.51 to 0.91; 1 study, 1134 women; low-certainty evidence) and may reduce the risk of low birthweight; however, the upper CI suggests that an increase in risk cannot be ruled out (RR 0.69, 95% CI 0.44 to 1.08; 3 studies, 371 infants; low-certainty evidence). Supplementation with vitamin D + calcium compared to no intervention or a placebo One study involving 84 pregnant women was included in this comparison. Overall, this study was at moderate to high risk of bias. Pre-eclampsia, gestational diabetes, and maternal adverse events were not reported. The evidence is very uncertain about the effect of supplementation with vitamin D and calcium on preterm birth (RR not estimable; very low-certainty evidence) or for low birthweight (RR 1.45, 95% CI 0.14 to 14.94; very low-certainty evidence) compared to women who received placebo or no intervention. Supplementation with vitamin D + calcium + other vitamins and minerals versus calcium + other vitamins and minerals (but no vitamin D) One study involving 1298 pregnant women was included in this comparison. We assessed this study as having a low risk of bias in all domains. Pre-eclampsia was not reported. The evidence is very uncertain about the effect of supplementation with vitamin D, calcium, and other vitamins and minerals during pregnancy compared to no vitamin D on gestational diabetes (RR 0.42, 95% CI 0.10 to 1.73; very low-certainty evidence), maternal adverse events (hypercalcaemia no events and hypercalciuria RR 0.25, 95% CI 0.02 to 3.97; very low-certainty evidence), preterm birth (RR 1.04, 95% CI 0.68 to 1.59; low-certainty evidence), or low birthweight (RR 1.12, 95% CI 0.82 to 1.51; low-certainty evidence).
AUTHORS' CONCLUSIONS: This updated review using the trustworthy assessment tool removed 21 studies from the previous update and added one new study for a total of 10 included studies. In this setting, supplementation with vitamin D alone compared to no intervention or a placebo resulted in very uncertain evidence on pre-eclampsia, gestational diabetes, preterm birth, or nephritic syndrome. It may reduce the risk of severe postpartum haemorrhage; however, only one study reported this outcome. It may also reduce the risk of low birthweight; however, the upper CI suggests that an increase in risk cannot be ruled out. Supplementation with vitamin D and calcium versus placebo or no intervention resulted in very uncertain evidence on preterm birth and low birthweight. Pre-eclampsia, gestational diabetes, and maternal adverse events were not reported in the only study included in this comparison. Supplementation with vitamin D + calcium + other vitamins and minerals versus calcium + other vitamins and minerals (but no vitamin D) resulted in very uncertain evidence on gestational diabetes and maternal adverse events (hypercalciuria) and uncertain evidence on preterm birth and low birthweight. Pre-eclampsia was not reported in the only study included in this comparison. All findings warrant further research. Additional rigorous, high-quality, and larger randomised trials are required to evaluate the effects of vitamin D supplementation in pregnancy, particularly in relation to the risk of maternal adverse events.",Palacios C; Kostiuk LL; Cuthbert A; Weeks J,2024,The Cochrane database of systematic reviews,Systematic Review|Journal Article|Meta-Analysis,10.1002/14651858.CD008873.pub5,https://pubmed.ncbi.nlm.nih.gov/39077939/,retain,true,abstract_only,ABSTRACT_SENTENCE_14,"The evidence is very uncertain about the effect of supplementation with vitamin D during pregnancy compared to placebo or no intervention on pre-eclampsia (risk ratio (RR) 0.53, 95% confidence interval (CI) 0.21 to 1.33; 1 study, 165 women), gestational diabetes (RR 0.53, 95% CI 0.03 to 8.28; 1 study, 165 women), preterm birth (< 37 weeks) (RR 0.76, 95% CI 0.25 to 2.33; 3 studies, 1368 women), nephritic syndrome (RR 0.17, 95% CI 0.01 to 4.06; 1 study, 135 women), or hypercalcaemia (1 study; no cases reported).",,"BACKGROUND: Vitamin D supplementation during pregnancy may help improve maternal and neonatal health outcomes (such as fewer preterm birth and low birthweight babies) and reduce the risk of adverse pregnancy outcomes (such as severe postpartum haemorrhage). | The evidence is very uncertain about the effect of supplementation with vitamin D during pregnancy compared to placebo or no intervention on pre-eclampsia (risk ratio (RR) 0.53, 95% confidence interval (CI) 0.21 to 1.33; 1 study, 165 women), gestational diabetes (RR 0.53, 95% CI 0.03 to 8.28; 1 study, 165 women), preterm birth (< 37 weeks) (RR 0.76, 95% CI 0.25 to 2.33; 3 studies, 1368 women), nephritic syndrome (RR 0.17, 95% CI 0.01 to 4.06; 1 study, 135 women), or hypercalcaemia (1 study; no cases reported). | Pre-eclampsia, gestational diabetes, and maternal adverse events were not reported.","The evidence is very uncertain about the effect of supplementation with vitamin D during pregnancy compared to placebo or no intervention on pre-eclampsia (risk ratio (RR) 0.53, 95% confidence interval (CI) 0.21 to 1.33; 1 study, 165 women), gestational diabetes (RR 0.53, 95% CI 0.03 to 8.28; 1 study, 165 women), preterm birth (< 37 weeks) (RR 0.76, 95% CI 0.25 to 2.33; 3 studies, 1368 women), nephritic syndrome (RR 0.17, 95% CI 0.01 to 4.06; 1 study, 135 women), or hypercalcaemia (1 study; no cases reported).","BACKGROUND: Vitamin D supplementation during pregnancy may help improve maternal and neonatal health outcomes (such as fewer preterm birth and low birthweight babies) and reduce the risk of adverse pregnancy outcomes (such as severe postpartum haemorrhage). | OBJECTIVES: To examine whether vitamin D supplementation alone or in combination with calcium or other vitamins and minerals given to women during pregnancy can safely improve certain maternal and neonatal outcomes. | SEARCH METHODS: We searched the Cochrane Pregnancy and Childbirth Trials Register (which includes results of comprehensive searches of CENTRAL, MEDLINE, Embase, CINAHL, ClinicalTrials.gov, the WHO International Clinical Trials Registry Platform, and relevant conference proceedings) (3 December 2022).",17,research/searches_v3/HRS3_PREGNANCY/pubmed/20260726T163628Z/efetch_001.xml,f310e10f4306202704ed70d7ed160f46f58ff2f1c024158ac31a8ebe0a09a5a4,,not_observed,ai_screened_regex_confirmed
HRS3_PREGNANCY,pubmed:39145520,pubmed,39145520,Daily oral iron supplementation during pregnancy.,"BACKGROUND: Iron and folic acid supplementation have been recommended in pregnancy for anaemia prevention, and may improve other maternal, pregnancy, and infant outcomes.
OBJECTIVES: To examine the effects of daily oral iron supplementation during pregnancy, either alone or in combination with folic acid or with other vitamins and minerals, as an intervention in antenatal care.
SEARCH METHODS: We searched the Cochrane Pregnancy and Childbirth Trials Registry on 18 January 2024 (including CENTRAL, MEDLINE, Embase, CINAHL, ClinicalTrials.gov, WHO's International Clinical Trials Registry Platform, conference proceedings), and searched reference lists of retrieved studies.
SELECTION CRITERIA: Randomised or quasi-randomised trials that evaluated the effects of oral supplementation with daily iron, iron + folic acid, or iron + other vitamins and minerals during pregnancy were included.
DATA COLLECTION AND ANALYSIS: Review authors independently assessed trial eligibility, ascertained trustworthiness based on pre-defined criteria, assessed risk of bias, extracted data, and conducted checks for accuracy. We used the GRADE approach to assess the certainty of the evidence for primary outcomes. We anticipated high heterogeneity amongst trials; we pooled trial results using a random-effects model (average treatment effect).
MAIN RESULTS: We included 57 trials involving 48,971 women. A total of 40 trials compared the effects of daily oral supplements with iron to placebo or no iron; eight trials evaluated the effects of iron + folic acid compared to placebo or no iron + folic acid. Iron supplementation compared to placebo or no iron Maternal outcomes: Iron supplementation during pregnancy may reduce maternal anaemia (4.0% versus 7.4%; risk ratio (RR) 0.30, 95% confidence interval (CI) 0.20 to 0.47; 14 trials, 13,543 women; low-certainty evidence) and iron deficiency at term (44.0% versus 66.0%; RR 0.51, 95% CI 0.38 to 0.68; 8 trials, 2873 women; low-certainty evidence), and probably reduces maternal iron-deficiency anaemia at term (5.0% versus 18.4%; RR 0.41, 95% CI 0.26 to 0.63; 7 trials, 2704 women; moderate-certainty evidence), compared to placebo or no iron supplementation. There is probably little to no difference in maternal death (2 versus 4 events, RR 0.57, 95% CI 0.12 to 2.69; 3 trials, 14,060 women; moderate-certainty evidence). The evidence is very uncertain for adverse effects (21.6% versus 18.0%; RR 1.29, 95% CI 0.83 to 2.02; 12 trials, 2423 women; very low-certainty evidence) and severe anaemia (Hb < 70 g/L) in the second/third trimester (< 1% versus 3.6%; RR 0.22, 95% CI 0.01 to 3.20; 8 trials, 1398 women; very low-certainty evidence). No trials reported clinical malaria or infection during pregnancy. Infant outcomes: Women taking iron supplements are probably less likely to have infants with low birthweight (5.2% versus 6.1%; RR 0.84, 95% CI 0.72 to 0.99; 12 trials, 18,290 infants; moderate-certainty evidence), compared to placebo or no iron supplementation. However, the evidence is very uncertain for infant birthweight (MD 24.9 g, 95% CI -125.81 to 175.60; 16 trials, 18,554 infants; very low-certainty evidence). There is probably little to no difference in preterm birth (7.6% versus 8.2%; RR 0.93, 95% CI 0.84 to 1.02; 11 trials, 18,827 infants; moderate-certainty evidence) and there may be little to no difference in neonatal death (1.4% versus 1.5%, RR 0.98, 95% CI 0.77 to 1.24; 4 trials, 17,243 infants; low-certainty evidence) or congenital anomalies, including neural tube defects (41 versus 48 events; RR 0.88, 95% CI 0.58 to 1.33; 4 trials, 14,377 infants; low-certainty evidence). Iron + folic supplementation compared to placebo or no iron + folic acid Maternal outcomes: Daily oral supplementation with iron + folic acid probably reduces maternal anaemia at term (12.1% versus 25.5%; RR 0.44, 95% CI 0.30 to 0.64; 4 trials, 1962 women; moderate-certainty evidence), and may reduce maternal iron deficiency at term (3.6% versus 15%; RR 0.24, 95% CI 0.06 to 0.99; 1 trial, 131 women; low-certainty evidence), compared to placebo or no iron + folic acid. The evidence is very uncertain about the effects of iron + folic acid on maternal iron-deficiency anaemia (10.8% versus 25%; RR 0.43, 95% CI 0.17 to 1.09; 1 trial, 131 women; very low-certainty evidence), or maternal deaths (no events; 1 trial; very low-certainty evidence). The evidence is uncertain for adverse effects (21.0% versus 0.0%; RR 44.32, 95% CI 2.77 to 709.09; 1 trial, 456 women; low-certainty evidence), and the evidence is very uncertain for severe anaemia in the second or third trimester (< 1% versus 5.6%; RR 0.12, 95% CI 0.02 to 0.63; 4 trials, 506 women; very low-certainty evidence), compared to placebo or no iron + folic acid. Infant outcomes: There may be little to no difference in infant low birthweight (33.4% versus 40.2%; RR 1.07, 95% CI 0.31 to 3.74; 2 trials, 1311 infants; low-certainty evidence), comparing iron + folic acid supplementation to placebo or no iron + folic acid. Infants born to women who received iron + folic acid during pregnancy probably had higher birthweight (MD 57.73 g, 95% CI 7.66 to 107.79; 2 trials, 1365 infants; moderate-certainty evidence), compared to placebo or no iron + folic acid. There may be little to no difference in other infant outcomes, including preterm birth (19.4% versus 19.2%; RR 1.55, 95% CI 0.40 to 6.00; 3 trials, 1497 infants; low-certainty evidence), neonatal death (3.4% versus 4.2%; RR 0.81, 95% CI 0.51 to 1.30; 1 trial, 1793 infants; low-certainty evidence), or congenital anomalies (1.7% versus 2.4; RR 0.70, 95% CI 0.35 to 1.40; 1 trial, 1652 infants; low-certainty evidence), comparing iron + folic acid supplementation to placebo or no iron + folic acid. A total of 19 trials were conducted in malaria-endemic countries, or in settings with some malaria risk. No studies reported maternal clinical malaria; one study reported data on placental malaria.
AUTHORS' CONCLUSIONS: Daily oral iron supplementation during pregnancy may reduce maternal anaemia and iron deficiency at term. For other maternal and infant outcomes, there was little to no difference between groups or the evidence was uncertain. Future research is needed to examine the effects of iron supplementation on other maternal and infant health outcomes, including infant iron status, growth, and development.",Finkelstein JL; Cuthbert A; Weeks J; Venkatramanan S; Larvie DY; De-Regil LM; Garcia-Casal MN,2024,The Cochrane database of systematic reviews,Journal Article|Meta-Analysis|Systematic Review,10.1002/14651858.CD004736.pub6,https://pubmed.ncbi.nlm.nih.gov/39145520/,retain,true,abstract_only,ABSTRACT_SENTENCE_19,"The evidence is uncertain for adverse effects (21.0% versus 0.0%; RR 44.32, 95% CI 2.77 to 709.09; 1 trial, 456 women; low-certainty evidence), and the evidence is very uncertain for severe anaemia in the second or third trimester (< 1% versus 5.6%; RR 0.12, 95% CI 0.02 to 0.63; 4 trials, 506 women; very low-certainty evidence), compared to placebo or no iron + folic acid.",70 g | 24.9 g | 57.73 g,"The evidence is very uncertain for adverse effects (21.6% versus 18.0%; RR 1.29, 95% CI 0.83 to 2.02; 12 trials, 2423 women; very low-certainty evidence) and severe anaemia (Hb < 70 g/L) in the second/third trimester (< 1% versus 3.6%; RR 0.22, 95% CI 0.01 to 3.20; 8 trials, 1398 women; very low-certainty evidence). | There is probably little to no difference in preterm birth (7.6% versus 8.2%; RR 0.93, 95% CI 0.84 to 1.02; 11 trials, 18,827 infants; moderate-certainty evidence) and there may be little to no difference in neonatal death (1.4% versus 1.5%, RR 0.98, 95% CI 0.77 to 1.24; 4 trials, 17,243 infants; low-certainty evidence) or congenital anomalies, including neural tube defects (41 versus 48 events; RR 0.88, 95% CI 0.58 to 1.33; 4 trials, 14,377 infants; low-certainty evidence). | The evidence is uncertain for adverse effects (21.0% versus 0.0%; RR 44.32, 95% CI 2.77 to 709.09; 1 trial, 456 women; low-certainty evidence), and the evidence is very uncertain for severe anaemia in the second or third trimester (< 1% versus 5.6%; RR 0.12, 95% CI 0.02 to 0.63; 4 trials, 506 women; very low-certainty evidence), compared to placebo or no iron + folic acid.","The evidence is uncertain for adverse effects (21.0% versus 0.0%; RR 44.32, 95% CI 2.77 to 709.09; 1 trial, 456 women; low-certainty evidence), and the evidence is very uncertain for severe anaemia in the second or third trimester (< 1% versus 5.6%; RR 0.12, 95% CI 0.02 to 0.63; 4 trials, 506 women; very low-certainty evidence), compared to placebo or no iron + folic acid.","BACKGROUND: Iron and folic acid supplementation have been recommended in pregnancy for anaemia prevention, and may improve other maternal, pregnancy, and infant outcomes. | OBJECTIVES: To examine the effects of daily oral iron supplementation during pregnancy, either alone or in combination with folic acid or with other vitamins and minerals, as an intervention in antenatal care. | SEARCH METHODS: We searched the Cochrane Pregnancy and Childbirth Trials Registry on 18 January 2024 (including CENTRAL, MEDLINE, Embase, CINAHL, ClinicalTrials.gov, WHO's International Clinical Trials Registry Platform, conference proceedings), and searched reference lists of retrieved studies.",17,research/searches_v3/HRS3_PREGNANCY/pubmed/20260726T163628Z/efetch_001.xml,f310e10f4306202704ed70d7ed160f46f58ff2f1c024158ac31a8ebe0a09a5a4,,not_observed,ai_screened_regex_confirmed
HRS3_PREGNANCY,pubmed:39756471,pubmed,39756471,Dietary interventions to reduce heavy metal exposure in antepartum and postpartum women: a systematic review.,"PURPOSE: Heavy metals, which are persistent in the environment and toxic, can accumulate in the body and cause organ damage, which may further negatively affect perinatal women and their fetuses. Therefore, this systematic review was conducted to evaluate the effectiveness of dietary interventions to reduce heavy metal exposure in antepartum and postpartum women.
METHODS: We searched five databases (PubMed, Embase, Scopus, Web of Science, and Cochrane Library) for randomized controlled trials that provided dietary interventions for antepartum and postpartum women. Quality assessments were conducted independently by two reviewers using the Cochrane Risk-of-Bias tool, a quality assessment tool for randomized controlled trials.
RESULTS: A total of seven studies were included. The studies were conducted in six countries, with interventions categorized into ""nutritional supplements,"" ""food supply,"" and ""educational"" strategies. Interventions involving nutritional supplements, such as calcium and probiotics, primarily reduced heavy metal levels in the blood and minimized toxicity. Food-based interventions, including specific fruit consumption, decreased heavy metal concentrations in breast milk. Educational interventions effectively promoted behavioral changes, such as adopting diets low in mercury. The studies demonstrated a low overall risk of bias, supporting the reliability of the findings. These strategies underscore the effectiveness of dietary approaches in mitigating heavy metal exposure and improving maternal and child health.
CONCLUSION: The main findings underscore the importance of dietary interventions in reducing heavy metal exposure. This emphasizes the critical role of nursing in guiding dietary strategies to minimize exposure risks, ultimately supporting maternal and fetal health during pregnancy.",Heo SJ; Moon N; Kim JH,2024,"Women's health nursing (Seoul, Korea)","Journal Article|Systematic Review|Research Support, Non-U.S. Gov't",10.4069/whn.2024.12.16,https://pubmed.ncbi.nlm.nih.gov/39756471/,retain,true,abstract_only,ABSTRACT_SENTENCE_1,"PURPOSE: Heavy metals, which are persistent in the environment and toxic, can accumulate in the body and cause organ damage, which may further negatively affect perinatal women and their fetuses.",,"PURPOSE: Heavy metals, which are persistent in the environment and toxic, can accumulate in the body and cause organ damage, which may further negatively affect perinatal women and their fetuses. | Interventions involving nutritional supplements, such as calcium and probiotics, primarily reduced heavy metal levels in the blood and minimized toxicity.","PURPOSE: Heavy metals, which are persistent in the environment and toxic, can accumulate in the body and cause organ damage, which may further negatively affect perinatal women and their fetuses.","These strategies underscore the effectiveness of dietary approaches in mitigating heavy metal exposure and improving maternal and child health. | This emphasizes the critical role of nursing in guiding dietary strategies to minimize exposure risks, ultimately supporting maternal and fetal health during pregnancy.",17,research/searches_v3/HRS3_PREGNANCY/pubmed/20260726T163628Z/efetch_001.xml,f310e10f4306202704ed70d7ed160f46f58ff2f1c024158ac31a8ebe0a09a5a4,,not_observed,ai_screened_regex_confirmed
HRS4_LIVER_DISEASE,pubmed:16206505,pubmed,16206505,Effects of oral branched-chain amino acid granules on event-free survival in patients with liver cirrhosis.,"BACKGROUND & AIMS: Nutritional intervention with branched-chain amino acid (BCAA) is reported to increase serum albumin concentration in patients with decompensated cirrhosis. However, a definite conclusion on whether it can improve patients' survival has not yet been reached. The present study aimed to test possibilities of improving survival of patients with decompensated cirrhosis by using a BCAA preparation that is suitable for long-term oral administration.
METHODS: A multicenter, randomized, and nutrient intake-controlled trial on the comparative effects of BCAA orally administered at 12 g/day for 2 years versus diet therapy with defined daily food intake (1.0-1.4 g protein kg(-1) day(-1) including BCAA preparation and 25-35 kcal kg(-1) day(-1)) was conducted in 646 patients with decompensated cirrhosis. The primary end point was a composite of death by any cause, development of liver cancer, rupture of esophageal varices, or progress of hepatic failure (event-free survival). The secondary end points were serum albumin concentration and health-related quality of life (QOL) measured by Short Form-36 questionnaire.
RESULTS: The incidence of events comprising the primary end point significantly decreased in the BCAA group as compared with the diet group (hazard ratio, 0.67; 95% confidence interval, 0.49-0.93; P = .015; median observation period, 445 days). Serum albumin concentration increased significantly in the BCAA group as compared with the diet group (P = .018). The ""general health perception"" domain in Short Form-36 measures was also improved (P = .003). Patients' adherence to the prescription was favorable.
CONCLUSIONS: Oral supplementation with a BCAA preparation that can be administered for a long period improves event-free survival, serum albumin concentration, and QOL in patients with decompensated cirrhosis with an adequate daily food intake.",Muto Y; Sato S; Watanabe A; Moriwaki H; Suzuki K; Kato A; Kato M; Nakamura T; Higuchi K; Nishiguchi S; Kumada H; Long-Term Survival Study Group,2005,Clinical gastroenterology and hepatology : the official clinical practice journal of the American Gastroenterological Association,Clinical Trial|Journal Article|Multicenter Study|Randomized Controlled Trial,10.1016/s1542-3565(05)00017-0,https://pubmed.ncbi.nlm.nih.gov/16206505/,retain,true,abstract_only,ABSTRACT_SENTENCE_7,"RESULTS: The incidence of events comprising the primary end point significantly decreased in the BCAA group as compared with the diet group (hazard ratio, 0.67; 95% confidence interval, 0.49-0.93; P = .015; median observation period, 445 days).",12 g/d | 1.0-1.4 g,"The primary end point was a composite of death by any cause, development of liver cancer, rupture of esophageal varices, or progress of hepatic failure (event-free survival).","RESULTS: The incidence of events comprising the primary end point significantly decreased in the BCAA group as compared with the diet group (hazard ratio, 0.67; 95% confidence interval, 0.49-0.93; P = .015; median observation period, 445 days).","BACKGROUND & AIMS: Nutritional intervention with branched-chain amino acid (BCAA) is reported to increase serum albumin concentration in patients with decompensated cirrhosis. | The present study aimed to test possibilities of improving survival of patients with decompensated cirrhosis by using a BCAA preparation that is suitable for long-term oral administration. | METHODS: A multicenter, randomized, and nutrient intake-controlled trial on the comparative effects of BCAA orally administered at 12 g/day for 2 years versus diet therapy with defined daily food intake (1.0-1.4 g protein kg(-1) day(-1) including BCAA preparation and 25-35 kcal kg(-1) day(-1)) was conducted in 646 patients with decompensated cirrhosis.",19,research/searches_v3/HRS4_LIVER_DISEASE/pubmed/20260726T163628Z/efetch_005.xml,a925304eece103532faec5153bc1ff5801f192bbe341ad8bd25b71bed2ec444b,,not_observed,ai_screened_regex_confirmed
HRS4_LIVER_DISEASE,pubmed:28765194,pubmed,28765194,Effect of Green Tea Supplements on Liver Enzyme Elevation: Results from a Randomized Intervention Study in the United States.,"Liver injury effects of green tea-based products have been reported in sporadic case reports. However, no study has examined systematically such adverse effects in an unbiased manner. We examined the potential effects of a high, sustained oral dose of green tea extract (GTE) on liver injury measures in a randomized, placebo-controlled, double-blinded phase II clinical trial, which enrolled 1,075 women with the original aim to assess the effect of daily GTE consumption for 12 months on biomarkers of breast cancer risk. The current analysis examined the effect of GTE consumption on liver injury in 1,021 participants (513 in GTE and 508 in placebo arm) with normal baseline levels of liver enzymes. Among women in the GTE arm, alanine aminotransferase (ALT) increased by 5.4 U/L [95% confidence interval (CI), 3.6-7.1] and aspartate aminotransferase increased by 3.8 U/L (95% CI, 2.5-5.1), which were significantly higher than those among women in the placebo arm (both P < 0.001). Overall, 26 (5.1%) women in GTE developed moderate or more severe abnormalities in any liver function measure during the intervention period, yielding an OR of 7.0 (95% CI, 2.4-20.3) for developing liver function abnormalities as compared with those in the placebo arm. ALT returned to normal after dechallenge and increased again after one or more rechallenges with GTE. The rise-fall pattern of liver enzyme values following the challenge-dechallenge cycles of GTE consumption strongly implicates the effect of high-dose GTE on liver enzyme elevations. Cancer Prev Res; 10(10); 571-9. ©2017 AACR.",Yu Z; Samavat H; Dostal AM; Wang R; Torkelson CJ; Yang CS; Butler LM; Kensler TW; Wu AH; Kurzer MS; Yuan JM,2017,"Cancer prevention research (Philadelphia, Pa.)","Clinical Trial, Phase II|Journal Article|Randomized Controlled Trial",10.1158/1940-6207.CAPR-17-0160,https://pubmed.ncbi.nlm.nih.gov/28765194/,retain,true,abstract_only,ABSTRACT_SENTENCE_3,"We examined the potential effects of a high, sustained oral dose of green tea extract (GTE) on liver injury measures in a randomized, placebo-controlled, double-blinded phase II clinical trial, which enrolled 1,075 women with the original aim to assess the effect of daily GTE consumption for 12 months on biomarkers of breast cancer risk.",,"Liver injury effects of green tea-based products have been reported in sporadic case reports. | However, no study has examined systematically such adverse effects in an unbiased manner. | We examined the potential effects of a high, sustained oral dose of green tea extract (GTE) on liver injury measures in a randomized, placebo-controlled, double-blinded phase II clinical trial, which enrolled 1,075 women with the original aim to assess the effect of daily GTE consumption for 12 months on biomarkers of breast cancer risk.","We examined the potential effects of a high, sustained oral dose of green tea extract (GTE) on liver injury measures in a randomized, placebo-controlled, double-blinded phase II clinical trial, which enrolled 1,075 women with the original aim to assess the effect of daily GTE consumption for 12 months on biomarkers of breast cancer risk.","Liver injury effects of green tea-based products have been reported in sporadic case reports. | We examined the potential effects of a high, sustained oral dose of green tea extract (GTE) on liver injury measures in a randomized, placebo-controlled, double-blinded phase II clinical trial, which enrolled 1,075 women with the original aim to assess the effect of daily GTE consumption for 12 months on biomarkers of breast cancer risk. | The current analysis examined the effect of GTE consumption on liver injury in 1,021 participants (513 in GTE and 508 in placebo arm) with normal baseline levels of liver enzymes.",19,research/searches_v3/HRS4_LIVER_DISEASE/pubmed/20260726T163628Z/efetch_002.xml,f600607b76a4156fa7048f8c7a7c142dae942b1dac63b6bb19a4a585ac13ebed,,not_observed,ai_screened_regex_confirmed
HRS4_LIVER_DISEASE,pubmed:16279916,pubmed,16279916,Milk thistle for alcoholic and/or hepatitis B or C liver diseases--a systematic cochrane hepato-biliary group review with meta-analyses of randomized clinical trials.,"OBJECTIVES: Our objectives were to assess the beneficial and harmful effects of milk thistle (MT) or MT constituents versus placebo or no intervention in patients with alcoholic liver disease and/or hepatitis B and/or C liver diseases.
METHODS: Randomized clinical trials studying patients with alcoholic and/or hepatitis B or C liver diseases were included (December 2003). The randomized clinical trials were evaluated by components of methodological quality.
RESULTS: Thirteen randomized clinical trials assessed MT in 915 patients with alcoholic and/or hepatitis B or C liver diseases. The methodological quality was low: only 23% of the trials reported adequate allocation concealment and only 46% were considered double blind. MT versus placebo or no intervention for a median duration of 6 months had no significant effects on all-cause mortality (relative risk (RR) 0.78, 95% confidence interval (CI) 0.53-1.15), complications of liver disease, or liver histology. Liver-related mortality was significantly reduced by MT in all trials (RR 0.50, 95% CI 0.29-0.88), but not in high-quality trials (RR 0.57, 95% CI 0.28-1.19). MT was not associated with a significantly increased risk of adverse events.
CONCLUSIONS: Based on high-quality trials, MT does not seem to significantly influence the course of patients with alcoholic and/or hepatitis B or C liver diseases. MT could potentially affect liver injury. Adequately conducted randomized clinical trials on MT versus placebo may be needed.",Rambaldi A; Jacobs BP; Iaquinto G; Gluud C,2005,The American journal of gastroenterology,"Journal Article|Meta-Analysis|Research Support, Non-U.S. Gov't|Review",10.1111/j.1572-0241.2005.00262.x,https://pubmed.ncbi.nlm.nih.gov/16279916/,retain,true,abstract_only,ABSTRACT_SENTENCE_6,"MT versus placebo or no intervention for a median duration of 6 months had no significant effects on all-cause mortality (relative risk (RR) 0.78, 95% confidence interval (CI) 0.53-1.15), complications of liver disease, or liver histology.",,"MT versus placebo or no intervention for a median duration of 6 months had no significant effects on all-cause mortality (relative risk (RR) 0.78, 95% confidence interval (CI) 0.53-1.15), complications of liver disease, or liver histology. | Liver-related mortality was significantly reduced by MT in all trials (RR 0.50, 95% CI 0.29-0.88), but not in high-quality trials (RR 0.57, 95% CI 0.28-1.19). | MT was not associated with a significantly increased risk of adverse events.","MT versus placebo or no intervention for a median duration of 6 months had no significant effects on all-cause mortality (relative risk (RR) 0.78, 95% confidence interval (CI) 0.53-1.15), complications of liver disease, or liver histology.",OBJECTIVES: Our objectives were to assess the beneficial and harmful effects of milk thistle (MT) or MT constituents versus placebo or no intervention in patients with alcoholic liver disease and/or hepatitis B and/or C liver diseases. | METHODS: Randomized clinical trials studying patients with alcoholic and/or hepatitis B or C liver diseases were included (December 2003). | RESULTS: Thirteen randomized clinical trials assessed MT in 915 patients with alcoholic and/or hepatitis B or C liver diseases.,17,research/searches_v3/HRS4_LIVER_DISEASE/pubmed/20260726T163628Z/efetch_005.xml,a925304eece103532faec5153bc1ff5801f192bbe341ad8bd25b71bed2ec444b,,not_observed,ai_screened_regex_confirmed
HRS4_LIVER_DISEASE,pubmed:31720699,pubmed,31720699,The landscape of hepatobiliary adverse reactions across 53 herbal and dietary supplements reveals immune-mediated injury as a common cause of hepatitis.,"Recent evidence suggests herbal-induced liver injury (HILI) to account for 20% of cases among the U.S. Drug-Induced-Liver-Injury-Network. To define injury patterns of HILI, we reviewed the clinical data of 413 patients exposed to 53 HDS products by considering the evidence for HILI and its grades of severity. Outstandingly, females developed HILI more rapidly (p = 0.018) and the time to recovery was significantly increased (p = 0.0153). > 90% of reported cases were severe and half of HDS products caused acute liver failure (ALF) requiring liver transplantation or resulted in fatal outcomes. Liver biopsies of 243 patients defined 13 histological features; two-thirds of products elicited immune-mediated hepatitis and included 154 Hy's law positive cases. The histological injury patterns were confirmed among unrelated patients, while accidental re-challenges evidenced culprits as causative. Furthermore, one-fifth of patients presented elevated autoantibody titres indicative of autoimmune-like HILI, and one-third of the products were linked to chronic hepatitis and cholestatic injuries not resolving within 6 months. Lastly, INR and TBL are critical laboratory parameters to predict progression of severe HILI to ALF. Our study highlights the need for a regulatory framework to minimize the risk for HILI. Better education of the public and a physician-supervised self-medication plan will be important measures to abate risk of HILI.",Zhu J; Chen M; Borlak J; Tong W,2020,Archives of toxicology,Journal Article|Systematic Review,10.1007/s00204-019-02621-4,https://pubmed.ncbi.nlm.nih.gov/31720699/,retain,true,abstract_only,ABSTRACT_SENTENCE_4,"Outstandingly, females developed HILI more rapidly (p = 0.018) and the time to recovery was significantly increased (p = 0.0153). > 90% of reported cases were severe and half of HDS products caused acute liver failure (ALF) requiring liver transplantation or resulted in fatal outcomes.",,"Recent evidence suggests herbal-induced liver injury (HILI) to account for 20% of cases among the U.S. | Drug-Induced-Liver-Injury-Network. | To define injury patterns of HILI, we reviewed the clinical data of 413 patients exposed to 53 HDS products by considering the evidence for HILI and its grades of severity.","Outstandingly, females developed HILI more rapidly (p = 0.018) and the time to recovery was significantly increased (p = 0.0153). > 90% of reported cases were severe and half of HDS products caused acute liver failure (ALF) requiring liver transplantation or resulted in fatal outcomes.","Recent evidence suggests herbal-induced liver injury (HILI) to account for 20% of cases among the U.S. | Drug-Induced-Liver-Injury-Network. | Outstandingly, females developed HILI more rapidly (p = 0.018) and the time to recovery was significantly increased (p = 0.0153). > 90% of reported cases were severe and half of HDS products caused acute liver failure (ALF) requiring liver transplantation or resulted in fatal outcomes.",17,research/searches_v3/HRS4_LIVER_DISEASE/pubmed/20260726T163628Z/efetch_002.xml,f600607b76a4156fa7048f8c7a7c142dae942b1dac63b6bb19a4a585ac13ebed,,not_observed,ai_screened_regex_confirmed
HRS4_LIVER_DISEASE,pubmed:32525269,pubmed,32525269,Profile of herbal and dietary supplements induced liver injury in Latin America: A systematic review of published reports.,"Hepatotoxicity related to HDS is a growing global health issue. We have undertaken a systematic review of published case reports and case series from LA from 1976 to 2020 to describe the clinical features of HDS related hepatotoxicity in this region. We search in PubMed, Web of Science, Scopus and specific LA databases according to PRISMA guidelines. Only HILI cases published in LA that met criteria for DILI definition were included. Duplicate records or reports that lacked relevant data that precluded establishing causality were excluded. Finally, 17 records (23 cases) were included in this review. Centella asiatica, Carthamus tinctorius, and Herbalife® were the most reported HDS culprit products, the main reason for HDS consumption was weight loss. The clinical characteristics of HDS hepatotoxicity in our study were compared to those of other studies in the USA, Europe and China showing a similar signature with predominance of young females, hepatocellular damage, a high rate of ALF and mortality, more frequent inadvertent re-challenge and chronic damage. This study underscores the challenge in causality assessment when multi-ingredients HDS are taken and the need for consistent publication practice when reporting hepatotoxicity cases due to HDS, to foster HDS liver safety particularly in LA.",Santos G; Gasca J; Parana R; Nunes V; Schinnoni M; Medina-Caliz I; Cabello MR; Lucena MI; Andrade RJ,2021,Phytotherapy research : PTR,Journal Article|Systematic Review,10.1002/ptr.6746,https://pubmed.ncbi.nlm.nih.gov/32525269/,retain,true,abstract_only,ABSTRACT_SENTENCE_2,We have undertaken a systematic review of published case reports and case series from LA from 1976 to 2020 to describe the clinical features of HDS related hepatotoxicity in this region.,,"Hepatotoxicity related to HDS is a growing global health issue. | We have undertaken a systematic review of published case reports and case series from LA from 1976 to 2020 to describe the clinical features of HDS related hepatotoxicity in this region. | The clinical characteristics of HDS hepatotoxicity in our study were compared to those of other studies in the USA, Europe and China showing a similar signature with predominance of young females, hepatocellular damage, a high rate of ALF and mortality, more frequent inadvertent re-challenge and chronic damage.",We have undertaken a systematic review of published case reports and case series from LA from 1976 to 2020 to describe the clinical features of HDS related hepatotoxicity in this region.,"The clinical characteristics of HDS hepatotoxicity in our study were compared to those of other studies in the USA, Europe and China showing a similar signature with predominance of young females, hepatocellular damage, a high rate of ALF and mortality, more frequent inadvertent re-challenge and chronic damage. | This study underscores the challenge in causality assessment when multi-ingredients HDS are taken and the need for consistent publication practice when reporting hepatotoxicity cases due to HDS, to foster HDS liver safety particularly in LA.",17,research/searches_v3/HRS4_LIVER_DISEASE/pubmed/20260726T163628Z/efetch_002.xml,f600607b76a4156fa7048f8c7a7c142dae942b1dac63b6bb19a4a585ac13ebed,,not_observed,ai_screened_regex_confirmed
HRS4_LIVER_DISEASE,pubmed:32656820,pubmed,32656820,Acute liver injury following turmeric use in Tuscany: An analysis of the Italian Phytovigilance database and systematic review of case reports.,"AIMS: Several cases of acute non-infectious cholestatic hepatitis recently appeared in Italy following consumption of Curcuma longa-containing dietary supplements. The aim of this research was to describe the Tuscan (Italy) cases of acute hepatitis and to compare them with similar cases of hepatotoxicity published in the literature by performing a systematic review.
METHODS: Records of Tuscan cases of acute hepatitis were obtained from the Italian Phytovigilance system. Each spontaneous report was analysed in order to collect all relevant clinical information of patients and information concerning the Curcuma longa-containing dietary supplement. Moreover, both the RUCAM and WHO-UMC systems were used to evaluate the causal relationship between the use of dietary supplement and acute hepatitis. A systematic literature review was performed in MEDLINE and Embase and all case-reports and case-series published in English were included.
RESULTS: Seven cases of acute hepatitis occurring in Tuscany up to September 2019 are described. In all cases, hepatotoxicity was associated with Curcuma longa formulations with high bioavailability and high dosage of curcumin/curcuminoids. The causal relationship was also supported by the positive dechallenge observed in most cases. In the 23 cases identified through the systematic review, the majority of patients were concomitantly exposed to at least one other medication and 16 of them experienced a positive dechallenge.
CONCLUSIONS: Within the frame of poorly controlled and regulated products, such as dietary supplements, the evaluation of Italian cases of Curcuma longa-induced acute hepatitis and the systematic review of literature confirmed the association between Curcuma longa and liver injury.",Lombardi N; Crescioli G; Maggini V; Ippoliti I; Menniti-Ippolito F; Gallo E; Brilli V; Lanzi C; Mannaioni G; Firenzuoli F; Vannacci A,2021,British journal of clinical pharmacology,Journal Article|Systematic Review,10.1111/bcp.14460,https://pubmed.ncbi.nlm.nih.gov/32656820/,retain,true,abstract_only,ABSTRACT_SENTENCE_2,The aim of this research was to describe the Tuscan (Italy) cases of acute hepatitis and to compare them with similar cases of hepatotoxicity published in the literature by performing a systematic review.,,"The aim of this research was to describe the Tuscan (Italy) cases of acute hepatitis and to compare them with similar cases of hepatotoxicity published in the literature by performing a systematic review. | In all cases, hepatotoxicity was associated with Curcuma longa formulations with high bioavailability and high dosage of curcumin/curcuminoids. | CONCLUSIONS: Within the frame of poorly controlled and regulated products, such as dietary supplements, the evaluation of Italian cases of Curcuma longa-induced acute hepatitis and the systematic review of literature confirmed the association between Curcuma longa and liver injury.",The aim of this research was to describe the Tuscan (Italy) cases of acute hepatitis and to compare them with similar cases of hepatotoxicity published in the literature by performing a systematic review.,AIMS: Several cases of acute non-infectious cholestatic hepatitis recently appeared in Italy following consumption of Curcuma longa-containing dietary supplements. | The aim of this research was to describe the Tuscan (Italy) cases of acute hepatitis and to compare them with similar cases of hepatotoxicity published in the literature by performing a systematic review. | METHODS: Records of Tuscan cases of acute hepatitis were obtained from the Italian Phytovigilance system.,17,research/searches_v3/HRS4_LIVER_DISEASE/pubmed/20260726T163628Z/efetch_002.xml,f600607b76a4156fa7048f8c7a7c142dae942b1dac63b6bb19a4a585ac13ebed,,not_observed,ai_screened_regex_confirmed
HRS4_LIVER_DISEASE,pubmed:40797501,pubmed,40797501,Safety and efficacy of probiotics in the treatment of ALD.,"BACKGROUND: The incidence of alcoholic liver disease (ALD) in China has been increasing in recent years, causing serious socioeconomic and public health burden. However, the treatment of ALD lacks a clear, unified, and effective plan. However, there is still lack of systematic analysis and evaluation of the efficacy and safety of probiotic in the treatment of ALD.
METHODS: A computerized search was performed to identify randomized controlled trials of probiotic and combined probiotic therapy in alcohol-induced liver injury. The control group received placebo or conventional treatment. Retrieval period from database creation to January7, 2022. Both investigators independently searched literature, extracted data, and assessed risk of bias using RevMan 5.4 software and rated the quality of the level of evidence for the outcome indicators according to the GRADE criteria evaluation.
RESULTS: Altogether 10 studies with 835 patients were included. Meta-analysis showed significantly better liver function in test group than control group. The inflammatory level in the experimental group was significantly lower than that in the control group. The intestinal flora of the experimental group was effectively improved. But only Bifidobacteria and Lactobacilli were indigenous; meta-analysis showed that the adverse reactions in the experimental group were slightly higher than those in the control group, but the results were insignificant. Current evidence shows that compared with conventional therapy, probiotic or probiotic combination therapy can effectively improve liver function, modulate the gut microbiota environment, and reduce inflammation in alcoholic liver by modulating the gut microbiota, but the safety needs further investigation. There are limitations in the quantity and quality of the included trials.
CONCLUSION: This study shows that the use of probiotics therapy has a good regulating effect on liver function, intestinal flora, inflammatory level, and blood lipid level in ALD patients.",Zhou X; Zhou S,2025,Medicine,Journal Article|Meta-Analysis,10.1097/MD.0000000000043662,https://pubmed.ncbi.nlm.nih.gov/40797501/,retain,true,abstract_only,ABSTRACT_SENTENCE_12,"But only Bifidobacteria and Lactobacilli were indigenous; meta-analysis showed that the adverse reactions in the experimental group were slightly higher than those in the control group, but the results were insignificant.",,"METHODS: A computerized search was performed to identify randomized controlled trials of probiotic and combined probiotic therapy in alcohol-induced liver injury. | But only Bifidobacteria and Lactobacilli were indigenous; meta-analysis showed that the adverse reactions in the experimental group were slightly higher than those in the control group, but the results were insignificant.","But only Bifidobacteria and Lactobacilli were indigenous; meta-analysis showed that the adverse reactions in the experimental group were slightly higher than those in the control group, but the results were insignificant.","BACKGROUND: The incidence of alcoholic liver disease (ALD) in China has been increasing in recent years, causing serious socioeconomic and public health burden. | METHODS: A computerized search was performed to identify randomized controlled trials of probiotic and combined probiotic therapy in alcohol-induced liver injury. | Meta-analysis showed significantly better liver function in test group than control group.",17,research/searches_v3/HRS4_LIVER_DISEASE/pubmed/20260726T163628Z/efetch_001.xml,4a598f416f16deafa0cc1204bc64ff2c7e6d31eaaa3aae94060395c198764343,,not_observed,ai_screened_regex_confirmed
HRS4_LIVER_DISEASE,pubmed:12806613,pubmed,12806613,"Nutritional supplementation with branched-chain amino acids in advanced cirrhosis: a double-blind, randomized trial.","BACKGROUND & AIMS: The role of oral supplementation with branched-chain amino acids (BCAA) in advanced cirrhosis is far from settled. A nutritional approach might prevent progressive liver failure and improve nutritional parameters and quality of life.
METHODS: A multicenter, randomized study comparing 1-year nutritional supplementation with BCAA against lactoalbumin or maltodextrins was performed in 174 patients with advanced cirrhosis. Primary outcomes were the prevention of a combined end point (death and deterioration to exclusion criteria), the need for hospital admission, and the duration of hospital stay. Secondary outcomes were nutritional parameters, laboratory data and Child-Pugh score, anorexia, health-related quality of life, and need for therapy.
RESULTS: Treatment with BCAA significantly reduced the combined event rates compared with lactoalbumin (odds ratio, 0.43; 95% confidence interval, 0.19-0.96; P = 0.039) and nonsignificantly compared with maltodextrins (odds ratio, 0.51; 95% confidence interval, 0.23-1.17; P = 0.108). The average hospital admission rate was lower in the BCAA arm compared with control treatments (P = 0.006 and P = 0.003, respectively). In patients who remained in the study, nutritional parameters and liver function tests were, on average, stable or improved during treatment with BCAA and the Child-Pugh score decreased (P = 0.013). Also, anorexia and health-related quality of life (SF-36 questionnaire) improved. Long-term compliance with BCAA was poor.
CONCLUSIONS: In advanced cirrhosis, long-term nutritional supplementation with oral BCAA is useful to prevent progressive hepatic failure and to improve surrogate markers and perceived health status. New formulas are needed to increase compliance.",Marchesini G; Bianchi G; Merli M; Amodio P; Panella C; Loguercio C; Rossi Fanelli F; Abbiati R; Italian BCAA Study Group,2003,Gastroenterology,"Clinical Trial|Journal Article|Multicenter Study|Randomized Controlled Trial|Research Support, Non-U.S. Gov't",10.1016/s0016-5085(03)00323-8,https://pubmed.ncbi.nlm.nih.gov/12806613/,retain,true,abstract_only,ABSTRACT_SENTENCE_7,"The average hospital admission rate was lower in the BCAA arm compared with control treatments (P = 0.006 and P = 0.003, respectively).",,"A nutritional approach might prevent progressive liver failure and improve nutritional parameters and quality of life. | Primary outcomes were the prevention of a combined end point (death and deterioration to exclusion criteria), the need for hospital admission, and the duration of hospital stay. | The average hospital admission rate was lower in the BCAA arm compared with control treatments (P = 0.006 and P = 0.003, respectively).","The average hospital admission rate was lower in the BCAA arm compared with control treatments (P = 0.006 and P = 0.003, respectively).","BACKGROUND & AIMS: The role of oral supplementation with branched-chain amino acids (BCAA) in advanced cirrhosis is far from settled. | A nutritional approach might prevent progressive liver failure and improve nutritional parameters and quality of life. | METHODS: A multicenter, randomized study comparing 1-year nutritional supplementation with BCAA against lactoalbumin or maltodextrins was performed in 174 patients with advanced cirrhosis.",15,research/searches_v3/HRS4_LIVER_DISEASE/pubmed/20260726T163628Z/efetch_005.xml,a925304eece103532faec5153bc1ff5801f192bbe341ad8bd25b71bed2ec444b,,not_observed,ai_screened_regex_confirmed
HRS4_LIVER_DISEASE,pubmed:25450083,pubmed,25450083,"Probiotic VSL#3 reduces liver disease severity and hospitalization in patients with cirrhosis: a randomized, controlled trial.","BACKGROUND & AIMS: Little is known about whether probiotics can affect outcomes of patients with cirrhosis and hepatic encephalopathy (HE). We assessed the efficacy of a probiotic preparation in preventing the recurrence of HE (primary outcome) and reducing the number of hospitalizations and severity of liver disease in patients with cirrhosis.
METHODS: We performed a double-blind trial at a tertiary care hospital in India. Patients with cirrhosis who had recovered from an episode of HE during the previous month were assigned randomly (using computer-generated allocation) to groups given a probiotic preparation (VSL#3, 9 × 10(11) bacteria; CD Pharma India Private Limited, New Delhi, India) (n = 66) or placebo (n = 64) daily for 6 months.
RESULTS: There was a trend toward a reduction in the development of breakthrough HE among patients receiving the probiotic (34.8% in the probiotic group vs 51.6% in the placebo group; hazard ratio [HR], 0.65; 95% confidence interval [CI], 0.38-1.11; P = .12). Fewer patients in the probiotic group were hospitalized for HE (19.7% vs 42.2%, respectively; HR, 0.45; 95% CI, 0.23-0.87; P = .02) or for complications of cirrhosis (24.2%) than in the placebo group (45.3%) (HR, 0.52; 95% CI, 0.28-0.95; P = .034). Child-Turcotte-Pugh and model for end-stage liver disease scores improved significantly from baseline to 6 months in the probiotic group, but not in the placebo group. There were no adverse events related to VSL#3.
CONCLUSIONS: Over a 6-month period, daily intake of VSL#3 significantly reduced the risk of hospitalization for HE, as well as Child-Turcotte-Pugh and model for end-stage liver disease scores, in patients with cirrhosis. ClinicalTrials.gov number: NCT01110447.",Dhiman RK; Rana B; Agrawal S; Garg A; Chopra M; Thumburu KK; Khattri A; Malhotra S; Duseja A; Chawla YK,2014,Gastroenterology,"Journal Article|Randomized Controlled Trial|Research Support, Non-U.S. Gov't",10.1053/j.gastro.2014.08.031,https://pubmed.ncbi.nlm.nih.gov/25450083/,retain,true,abstract_only,ABSTRACT_SENTENCE_9,"CONCLUSIONS: Over a 6-month period, daily intake of VSL#3 significantly reduced the risk of hospitalization for HE, as well as Child-Turcotte-Pugh and model for end-stage liver disease scores, in patients with cirrhosis.",,"We assessed the efficacy of a probiotic preparation in preventing the recurrence of HE (primary outcome) and reducing the number of hospitalizations and severity of liver disease in patients with cirrhosis. | METHODS: We performed a double-blind trial at a tertiary care hospital in India. | Fewer patients in the probiotic group were hospitalized for HE (19.7% vs 42.2%, respectively; HR, 0.45; 95% CI, 0.23-0.87; P = .02) or for complications of cirrhosis (24.2%) than in the placebo group (45.3%) (HR, 0.52; 95% CI, 0.28-0.95; P = .034).","CONCLUSIONS: Over a 6-month period, daily intake of VSL#3 significantly reduced the risk of hospitalization for HE, as well as Child-Turcotte-Pugh and model for end-stage liver disease scores, in patients with cirrhosis.","BACKGROUND & AIMS: Little is known about whether probiotics can affect outcomes of patients with cirrhosis and hepatic encephalopathy (HE). | We assessed the efficacy of a probiotic preparation in preventing the recurrence of HE (primary outcome) and reducing the number of hospitalizations and severity of liver disease in patients with cirrhosis. | Patients with cirrhosis who had recovered from an episode of HE during the previous month were assigned randomly (using computer-generated allocation) to groups given a probiotic preparation (VSL#3, 9 × 10(11) bacteria; CD Pharma India Private Limited, New Delhi, India) (n = 66) or placebo (n = 64) daily for 6 months.",15,research/searches_v3/HRS4_LIVER_DISEASE/pubmed/20260726T163628Z/efetch_003.xml,bbcdf6642e71a399de108a3e06ca2f2c633dc2920a38a86afa3cae41ecde9be5,,not_observed,ai_screened_regex_confirmed
HRS4_LIVER_DISEASE,pubmed:26243373,pubmed,26243373,Preventive use of a hepatoprotectant against anti-tuberculosis drug-induced liver injury: A randomized controlled trial.,"BACKGROUND AND AIM: Hepatoprotectants are routinely prescribed in China to prevent anti-tuberculosis drug-induced liver injury (ATLI). However, their biological mechanisms have not yet been clearly demonstrated. This study aims to evaluate the preventive effects of Silybum marianum against drug-induced liver injury among tuberculosis patients and to provide clinical guidelines for tuberculosis management in China.
METHODS: A randomized controlled trial was performed in Jiangsu, China. Tuberculosis patients were randomly allocated to the experimental group (anti-tuberculosis therapy plus S. marianum capsule) or the control group (anti-tuberculosis therapy plus vitamin C tablet). The primary outcomes were the occurrence of probable and possible ATLI, the peak aspartate aminotransferase/alanine aminotransferase ratio and the maximum altered alkaline phosphatase or gamma-glutamyl transferase.
RESULTS: The final analysis comprised 183 cases in the experiment group and 187 cases in the control group. The risk of developing probable ATLI was not significantly different between the two groups. During the follow-up period, 43.72% of cases in the experiment group and 35.83% of cases in the control group were determined to have possible ATLI (relative risk = 1.23, 95% confidence interval: 0.94-1.54). When using a more strict definition of possible ATLI, the adjusted relative risk (95% confidence interval) was 1.76 (1.14-2.56). The risks of adverse drug reactions, prolonged treatment length, taking second-line tuberculosis drugs, and the clearance of tuberculosis bacteria were similar between the two groups.
CONCLUSIONS: No significant preventive effect of silymarin was found for either lowering the risk of liver injury or boosting the positive outcomes. Worse, we even found a potential risk of liver damage caused by the hepatoprotectant.",Zhang S; Pan H; Peng X; Lu H; Fan H; Zheng X; Xu G; Wang M; Wang J,2016,Journal of gastroenterology and hepatology,"Journal Article|Randomized Controlled Trial|Research Support, Non-U.S. Gov't",10.1111/jgh.13070,https://pubmed.ncbi.nlm.nih.gov/26243373/,retain,true,abstract_only,ABSTRACT_SENTENCE_12,CONCLUSIONS: No significant preventive effect of silymarin was found for either lowering the risk of liver injury or boosting the positive outcomes.,,"BACKGROUND AND AIM: Hepatoprotectants are routinely prescribed in China to prevent anti-tuberculosis drug-induced liver injury (ATLI). | This study aims to evaluate the preventive effects of Silybum marianum against drug-induced liver injury among tuberculosis patients and to provide clinical guidelines for tuberculosis management in China. | The primary outcomes were the occurrence of probable and possible ATLI, the peak aspartate aminotransferase/alanine aminotransferase ratio and the maximum altered alkaline phosphatase or gamma-glutamyl transferase.",CONCLUSIONS: No significant preventive effect of silymarin was found for either lowering the risk of liver injury or boosting the positive outcomes.,BACKGROUND AND AIM: Hepatoprotectants are routinely prescribed in China to prevent anti-tuberculosis drug-induced liver injury (ATLI). | This study aims to evaluate the preventive effects of Silybum marianum against drug-induced liver injury among tuberculosis patients and to provide clinical guidelines for tuberculosis management in China. | CONCLUSIONS: No significant preventive effect of silymarin was found for either lowering the risk of liver injury or boosting the positive outcomes.,15,research/searches_v3/HRS4_LIVER_DISEASE/pubmed/20260726T163628Z/efetch_003.xml,bbcdf6642e71a399de108a3e06ca2f2c633dc2920a38a86afa3cae41ecde9be5,,not_observed,ai_screened_regex_confirmed
HRS4_LIVER_DISEASE,pubmed:26302024,pubmed,26302024,Effects of probiotics (cultured Lactobacillus subtilis/Streptococcus faecium) in the treatment of alcoholic hepatitis: randomized-controlled multicenter study.,"BACKGROUND: Probiotics might reduce gut-derived microbial lipopolysaccharide (LPS) by restoring bowel flora in patients with alcoholic hepatitis (AH). We evaluated the therapeutic effects of probiotics in patients with AH.
PATIENTS AND METHODS: Between September 2010 and April 2012, 117 patients (probiotics 60 and placebo 57) were prospectively randomized to receive the 7 days of cultured Lactobacillus subtilis/Streptococcus faecium (1500 mg/day) or placebo. All patients were hospitalized and were not permitted to consume alcohol for the 7 days of the study. Liver function test, proinflammatory cytokines, LPS, and colony-forming units by stool culture were examined and compared after therapy.
RESULTS: In both groups, the mean levels of aspartate aminotransferase/alanine aminotransferase, alkaline phosphatase, γ-glutamyl transpeptidase, bilirubin, and prothrombin time were significantly improved after 7 days of abstinence. In the probiotics group (baseline and after), albumin (3.5 ± 0.7 and 3.7 ± 0.6 g/dl, P=0.038) and tumor necrosis factor-α (121 ± 244 and 71 ± 123 pg/ml, P=0.047) showed differences. In addition, the number of colony-forming units of Escherichia coli was significantly reduced (435 ± 287 and 168 ± 210, P=0.002). In the placebo group, the level of LPS (1.7 ± 2.8 and 2.0 ± 2.7 EU/ml) was significantly increased. In the intergroup comparison, significant differences in the levels of tumor necrosis factor-α (P=0.042) and LPS (P=0.028) were observed between the groups.
CONCLUSION: Immediate abstinence is the most important treatment for patients with AH. In addition, 7 days of oral supplementation with cultured L. subtilis/S. faecium was associated with restoration of bowel flora and improvement of LPS in patients with AH.",Han SH; Suk KT; Kim DJ; Kim MY; Baik SK; Kim YD; Cheon GJ; Choi DH; Ham YL; Shin DH; Kim EJ,2015,European journal of gastroenterology & hepatology,"Journal Article|Multicenter Study|Randomized Controlled Trial|Research Support, Non-U.S. Gov't",10.1097/MEG.0000000000000458,https://pubmed.ncbi.nlm.nih.gov/26302024/,retain,true,abstract_only,ABSTRACT_SENTENCE_6,"RESULTS: In both groups, the mean levels of aspartate aminotransferase/alanine aminotransferase, alkaline phosphatase, γ-glutamyl transpeptidase, bilirubin, and prothrombin time were significantly improved after 7 days of abstinence.",1500 mg/d | 0.6 g/d,"All patients were hospitalized and were not permitted to consume alcohol for the 7 days of the study. | RESULTS: In both groups, the mean levels of aspartate aminotransferase/alanine aminotransferase, alkaline phosphatase, γ-glutamyl transpeptidase, bilirubin, and prothrombin time were significantly improved after 7 days of abstinence.","RESULTS: In both groups, the mean levels of aspartate aminotransferase/alanine aminotransferase, alkaline phosphatase, γ-glutamyl transpeptidase, bilirubin, and prothrombin time were significantly improved after 7 days of abstinence.","BACKGROUND: Probiotics might reduce gut-derived microbial lipopolysaccharide (LPS) by restoring bowel flora in patients with alcoholic hepatitis (AH). | Liver function test, proinflammatory cytokines, LPS, and colony-forming units by stool culture were examined and compared after therapy.",15,research/searches_v3/HRS4_LIVER_DISEASE/pubmed/20260726T163628Z/efetch_003.xml,bbcdf6642e71a399de108a3e06ca2f2c633dc2920a38a86afa3cae41ecde9be5,,not_observed,ai_screened_regex_confirmed
HRS4_LIVER_DISEASE,pubmed:29749323,pubmed,29749323,"Effects of Delta-tocotrienol Supplementation on Liver Enzymes, Inflammation, Oxidative stress and Hepatic Steatosis in Patients with Nonalcoholic Fatty Liver Disease.","BACKGROUND/AIMS: Non-alcoholic fatty liver disease (NAFLD) is a growing public health problem worldwide and is associated with increased morbidity and mortality. Currently, there is no definitive treatment for this disease. δ-Tocotrienol has potent anti-inflammatory and antioxidant properties and may reduce liver injury in NAFLD. The present study aims to evaluate the efficacy and safety of δ-tocotrienol in the treatment of NAFLD.
MATERIALS AND METHODS: The present study was a randomized, double-blind, placebo-controlled pilot study conducted in patients aged > 20 years, belonging to both sexes, having ultrasound-proven fatty liver disease, having a fatty liver index (FLI) of ≥ 60, and persistent elevation of alanine transaminase. A total of 71 patients were assigned to receive either oral δ-tocotrienol (n=35, 300 mg twice daily) or placebo (n=36) for 12 weeks. At the baseline and at the end of the study, clinical and biochemical parameters, including lipid profile, liver function tests, high-sensitivity C-reactive protein (hs-CRP), and malondialdehyde (MDA) were measured. Body mass index and FLI were calculated, and ultrasound grading of hepatic steatosis was performed.
RESULTS: Out of 71 enrolled patients, 64 patients, 31 in the δ-tocotrienol group and 33 in the placebo group, completed the study. After 12 weeks of supplementation, δ-tocotrienol showed greater efficacy than placebo by decreasing serum aminotransferases, hs-CRP, MDA, and FLI score (p<0.001). However, it did not improve hepatic steatosis on ultrasound examination. No adverse effects were reported.
CONCLUSION: δ-Tocotrienol was safe, and it effectively improved aminotransferase levels and inflammatory and oxidative stress markers in patients with NAFLD. Large-scale randomized clinical trials are warranted to further support these findings.",Pervez MA; Khan DA; Ijaz A; Khan S,2018,The Turkish journal of gastroenterology : the official journal of Turkish Society of Gastroenterology,Journal Article|Randomized Controlled Trial,10.5152/tjg.2018.17297,https://pubmed.ncbi.nlm.nih.gov/29749323/,retain,true,abstract_only,ABSTRACT_SENTENCE_12,"CONCLUSION: δ-Tocotrienol was safe, and it effectively improved aminotransferase levels and inflammatory and oxidative stress markers in patients with NAFLD.",300 mg,"BACKGROUND/AIMS: Non-alcoholic fatty liver disease (NAFLD) is a growing public health problem worldwide and is associated with increased morbidity and mortality. | Currently, there is no definitive treatment for this disease. δ-Tocotrienol has potent anti-inflammatory and antioxidant properties and may reduce liver injury in NAFLD. | After 12 weeks of supplementation, δ-tocotrienol showed greater efficacy than placebo by decreasing serum aminotransferases, hs-CRP, MDA, and FLI score (p<0.001).","CONCLUSION: δ-Tocotrienol was safe, and it effectively improved aminotransferase levels and inflammatory and oxidative stress markers in patients with NAFLD.","BACKGROUND/AIMS: Non-alcoholic fatty liver disease (NAFLD) is a growing public health problem worldwide and is associated with increased morbidity and mortality. | Currently, there is no definitive treatment for this disease. δ-Tocotrienol has potent anti-inflammatory and antioxidant properties and may reduce liver injury in NAFLD. | MATERIALS AND METHODS: The present study was a randomized, double-blind, placebo-controlled pilot study conducted in patients aged > 20 years, belonging to both sexes, having ultrasound-proven fatty liver disease, having a fatty liver index (FLI) of ≥ 60, and persistent elevation of alanine transaminase.",15,research/searches_v3/HRS4_LIVER_DISEASE/pubmed/20260726T163628Z/efetch_002.xml,f600607b76a4156fa7048f8c7a7c142dae942b1dac63b6bb19a4a585ac13ebed,,not_observed,ai_screened_regex_confirmed
HRS4_LIVER_DISEASE,pubmed:32017253,pubmed,32017253,Effect of curcumin supplementation on disease severity in patients with liver cirrhosis: A randomized controlled trial.,"Recent reports indicated that curcumin had beneficial effects in animal models of liver injury and cirrhosis. Current study aimed to investigate the effects of curcumin supplementation in patients with liver cirrhosis. In this randomized double-blind placebo-controlled trial, 70 patients with liver cirrhosis aged 20-70 years were randomly divided into two groups to receive 1,000 mg/day curcumin (n = 35) or placebo (n = 35) for 3 months. Model for end-stage liver disease (MELD) (i), MELD, MELD-Na, and Child-Pugh scores were used to assess the severity of cirrhosis. Sixty patients (29 in the curcumin group and 31 in the placebo group) completed the study. MELD(i) (15.55 ± 3.78 to 12.41 ± 3.07), MELD (15.31 ± 3.07 to 12.03 ± 2.79), MELD-Na (15.97 ± 4.02 to 13.55 ± 3.51), and Child-Pugh (7.17 ± 1.54 to 6.72 ± 1.31) scores decreased significantly in the curcumin group after 3-month intervention (p < .001, p < .001, p = .001, and p = .051, respectively), whereas they increased significantly in the placebo group (p < .001, p < .001, p < .001, p = .001, respectively). Significant differences were only observed between the two groups in MELD(i), MELD, MELD-Na, and Child-Pugh scores after 3-month intervention (p < .001 for all of them). In this pilot study, beneficial effects of curcumin supplementation were observed in decreasing disease activity scores and severity of cirrhosis in patients with cirrhosis.",Nouri-Vaskeh M; Malek Mahdavi A; Afshan H; Alizadeh L; Zarei M,2020,Phytotherapy research : PTR,"Clinical Trial, Phase III|Journal Article|Randomized Controlled Trial",10.1002/ptr.6620,https://pubmed.ncbi.nlm.nih.gov/32017253/,retain,true,abstract_only,ABSTRACT_SENTENCE_6,"MELD(i) (15.55 ± 3.78 to 12.41 ± 3.07), MELD (15.31 ± 3.07 to 12.03 ± 2.79), MELD-Na (15.97 ± 4.02 to 13.55 ± 3.51), and Child-Pugh (7.17 ± 1.54 to 6.72 ± 1.31) scores decreased significantly in the curcumin group after 3-month intervention (p < .001, p < .001, p = .001, and p = .051, respectively), whereas they increased significantly in the placebo group (p < .001, p < .001, p < .001, p = .001, respectively).","1,000 mg/d",Recent reports indicated that curcumin had beneficial effects in animal models of liver injury and cirrhosis.,"MELD(i) (15.55 ± 3.78 to 12.41 ± 3.07), MELD (15.31 ± 3.07 to 12.03 ± 2.79), MELD-Na (15.97 ± 4.02 to 13.55 ± 3.51), and Child-Pugh (7.17 ± 1.54 to 6.72 ± 1.31) scores decreased significantly in the curcumin group after 3-month intervention (p < .001, p < .001, p = .001, and p = .051, respectively), whereas they increased significantly in the placebo group (p < .001, p < .001, p < .001, p = .001, respectively).","Recent reports indicated that curcumin had beneficial effects in animal models of liver injury and cirrhosis. | Current study aimed to investigate the effects of curcumin supplementation in patients with liver cirrhosis. | In this randomized double-blind placebo-controlled trial, 70 patients with liver cirrhosis aged 20-70 years were randomly divided into two groups to receive 1,000 mg/day curcumin (n = 35) or placebo (n = 35) for 3 months.",15,research/searches_v3/HRS4_LIVER_DISEASE/pubmed/20260726T163628Z/efetch_002.xml,f600607b76a4156fa7048f8c7a7c142dae942b1dac63b6bb19a4a585ac13ebed,,not_observed,ai_screened_regex_confirmed
HRS4_LIVER_DISEASE,pubmed:37208493,pubmed,37208493,Clinical characteristics and prognosis of non-APAP drug-induced acute liver failure: a large multicenter cohort study.,"BACKGROUND: There is growing recognition of natural history, complications, and outcomes of patients who develop non-acetaminophen (APAP) drug-induced acute liver failure (ALF). To clarify high-risk factors and develop a nomogram model to predict transplant-free survival (TFS) in patients with non-APAP drug-induced ALF.
METHODS: Patients with non-APAP drug-induced ALF from 5 participating centers were retrospectively analyzed. The primary endpoint was 21-day TFS. Total sample size was 482 patients.
RESULTS: Regarding causative agents, the most common implicated drugs were herbal and dietary supplements (HDS) (57.0%). The hepatocellular type (R ≥ 5) was the main liver injury pattern (69.0%). International normalized ratio, hepatic encephalopathy grades, the use of vasopressor, N-acetylcysteine, or artificial liver support system were associated with TFS and incorporated to construct a nomogram model (drug-induced acute liver failure-5, DIALF-5). The AUROC of DIALF-5 for 7-day, 21-day, 60-day, and 90-day TFS in the internal cohort were 0.886, 0.915, 0.920, and 0.912, respectively. Moreover, the AUROC of DIALF-5 for 21-day TFS had the highest AUROC, which was significantly higher than 0.725 of MELD and 0.519 of KCC (p < 0.05), numerically higher than 0.905 of ALFSG-PI but without statistical difference (p > 0.05). These results were successfully validated in the external cohort (147 patients).
CONCLUSIONS: Based on easily identifiable clinical data, the novel DIALF-5 model was developed to predict transplant-free survival in non-APAP drug-induced ALF, which was superior to KCC, MELD and had a similar prediction performance to ALFSG-PI but is more convenient, which can directly calculate TFS at multiple time points.",Han L; Huang A; Chen J; Teng G; Sun Y; Chang B; Liu HL; Xu M; Lan X; Liang Q; Zhao J; Tian H; Chen S; Zhu Y; Xie H; Dang T; Wang J; Li N; Wang X; Chen Y; Yang YF; Ji D; Zou Z,2024,Hepatology international,Multicenter Study|Journal Article,10.1007/s12072-023-10541-w,https://pubmed.ncbi.nlm.nih.gov/37208493/,retain,true,abstract_only,ABSTRACT_SENTENCE_8,"International normalized ratio, hepatic encephalopathy grades, the use of vasopressor, N-acetylcysteine, or artificial liver support system were associated with TFS and incorporated to construct a nomogram model (drug-induced acute liver failure-5, DIALF-5).",,"BACKGROUND: There is growing recognition of natural history, complications, and outcomes of patients who develop non-acetaminophen (APAP) drug-induced acute liver failure (ALF). | To clarify high-risk factors and develop a nomogram model to predict transplant-free survival (TFS) in patients with non-APAP drug-induced ALF. | The hepatocellular type (R ≥ 5) was the main liver injury pattern (69.0%).","International normalized ratio, hepatic encephalopathy grades, the use of vasopressor, N-acetylcysteine, or artificial liver support system were associated with TFS and incorporated to construct a nomogram model (drug-induced acute liver failure-5, DIALF-5).","BACKGROUND: There is growing recognition of natural history, complications, and outcomes of patients who develop non-acetaminophen (APAP) drug-induced acute liver failure (ALF). | The hepatocellular type (R ≥ 5) was the main liver injury pattern (69.0%). | International normalized ratio, hepatic encephalopathy grades, the use of vasopressor, N-acetylcysteine, or artificial liver support system were associated with TFS and incorporated to construct a nomogram model (drug-induced acute liver failure-5, DIALF-5).",13,research/searches_v3/HRS4_LIVER_DISEASE/pubmed/20260726T163628Z/efetch_001.xml,4a598f416f16deafa0cc1204bc64ff2c7e6d31eaaa3aae94060395c198764343,,not_observed,ai_screened_regex_confirmed
HRS4_LIVER_DISEASE,pubmed:40762759,pubmed,40762759,Branched-Chain Amino Acid Supplementation and Clinical Outcomes in Liver Cirrhosis: A Propensity Score-Matched Multicenter Retrospective Cohort Study.,"PURPOSE: Branched-Chain Amino Acid (BCAA) supplementation has shown benefits in reducing liver cirrhosis complications, improving survival, and potentially lowering hepatocellular carcinoma risk, but evidence on long-term outcomes remains limited. This real-world study evaluates clinical outcomes of liver cirrhosis patients receiving BCAA supplementation.
METHODS: This retrospective cohort study used the TriNetX US Collaborative Network to identify liver cirrhosis patients aged ≥ 18 years, stratified by BCAA supplementation after diagnosis. Propensity score matching (PSM) balanced cohorts by demographics, body mass index, Model for End-Stage Liver Disease (MELD) score components, and baseline history of cirrhosis complications, including hepatic encephalopathy (HE), sarcopenia, spontaneous bacterial peritonitis (SBP), acute kidney injury (AKI), and falls. Composite and individual outcomes within 5 years were assessed using odds ratios (OR) with 95% confidence intervals (CI).
RESULTS: Among 2,176 matched patients per group, BCAA supplementation was associated with lower rates of the composite outcome (OR 0.81, 95% CI: 0.71-0.92), HE (OR 0.63, 95% CI: 0.49-0.79), SBP (OR 0.77, 95% CI: 0.60-0.99), falls (OR 0.64, 95% CI: 0.53-0.78), all-cause emergency room visits (OR 0.56, 95% CI: 0.50-0.64), and hospitalizations (OR 0.68, 95% CI: 0.60-0.76). Liver transplantation occurred more frequently in the BCAA group (OR 1.49, 95% CI: 1.08-2.06). Sarcopenia rates were similar (OR 1.00, 95% CI: 0.42-2.41), while AKI was slightly more frequent (OR 1.13, 95% CI: 1.00-1.28). Subgroup analysis showed greater benefit in viral hepatitis-associated (OR 0.69, 95% CI: 0.53-0.90) and alcohol-associated cirrhosis (OR 0.73, 95% CI: 0.60-0.89), compared to MASLD (OR 0.81, 95% CI: 0.60-1.08).
CONCLUSION: BCAA supplementation was associated with significant reductions in several cirrhosis-related complications, with most benefits observed in viral hepatitis-associated and alcohol-associated cirrhosis.",Aldiabat M; Aljabiri Y; Aleyadeh W; Madi MY; Syn WK; Qureshi K,2026,Digestive diseases and sciences,Journal Article|Multicenter Study,10.1007/s10620-025-09258-7,https://pubmed.ncbi.nlm.nih.gov/40762759/,retain,true,abstract_only,ABSTRACT_SENTENCE_6,"RESULTS: Among 2,176 matched patients per group, BCAA supplementation was associated with lower rates of the composite outcome (OR 0.81, 95% CI: 0.71-0.92), HE (OR 0.63, 95% CI: 0.49-0.79), SBP (OR 0.77, 95% CI: 0.60-0.99), falls (OR 0.64, 95% CI: 0.53-0.78), all-cause emergency room visits (OR 0.56, 95% CI: 0.50-0.64), and hospitalizations (OR 0.68, 95% CI: 0.60-0.76).",,"Propensity score matching (PSM) balanced cohorts by demographics, body mass index, Model for End-Stage Liver Disease (MELD) score components, and baseline history of cirrhosis complications, including hepatic encephalopathy (HE), sarcopenia, spontaneous bacterial peritonitis (SBP), acute kidney injury (AKI), and falls. | RESULTS: Among 2,176 matched patients per group, BCAA supplementation was associated with lower rates of the composite outcome (OR 0.81, 95% CI: 0.71-0.92), HE (OR 0.63, 95% CI: 0.49-0.79), SBP (OR 0.77, 95% CI: 0.60-0.99), falls (OR 0.64, 95% CI: 0.53-0.78), all-cause emergency room visits (OR 0.56, 95% CI: 0.50-0.64), and hospitalizations (OR 0.68, 95% CI: 0.60-0.76). | Liver transplantation occurred more frequently in the BCAA group (OR 1.49, 95% CI: 1.08-2.06).","RESULTS: Among 2,176 matched patients per group, BCAA supplementation was associated with lower rates of the composite outcome (OR 0.81, 95% CI: 0.71-0.92), HE (OR 0.63, 95% CI: 0.49-0.79), SBP (OR 0.77, 95% CI: 0.60-0.99), falls (OR 0.64, 95% CI: 0.53-0.78), all-cause emergency room visits (OR 0.56, 95% CI: 0.50-0.64), and hospitalizations (OR 0.68, 95% CI: 0.60-0.76).","PURPOSE: Branched-Chain Amino Acid (BCAA) supplementation has shown benefits in reducing liver cirrhosis complications, improving survival, and potentially lowering hepatocellular carcinoma risk, but evidence on long-term outcomes remains limited. | This real-world study evaluates clinical outcomes of liver cirrhosis patients receiving BCAA supplementation. | METHODS: This retrospective cohort study used the TriNetX US Collaborative Network to identify liver cirrhosis patients aged ≥ 18 years, stratified by BCAA supplementation after diagnosis.",13,research/searches_v3/HRS4_LIVER_DISEASE/pubmed/20260726T163628Z/efetch_001.xml,4a598f416f16deafa0cc1204bc64ff2c7e6d31eaaa3aae94060395c198764343,,not_observed,ai_screened_regex_confirmed
HRS5_ANTICOAGULATION,pubmed:22651380,pubmed,22651380,Interactions of commonly used dietary supplements with cardiovascular drugs: a systematic review.,"BACKGROUND: The objective of this systematic review was to examine the benefits, harms and pharmacokinetic interactions arising from the co-administration of commonly used dietary supplements with cardiovascular drugs. Many patients on cardiovascular drugs take dietary supplements for presumed benefits and may be at risk for adverse supplement-drug interactions.
METHODS: The Allied and Complementary Medicine Database, the Cochrane Library, EMBASE, International Bibliographic Information on Dietary Supplements and MEDLINE were searched from the inception of the review to October 2011. Grey literature was also reviewed.Two reviewers independently screened records to identify studies comparing a supplement plus cardiovascular drug(s) with the drug(s) alone. Reviewers extracted data using standardized forms, assessed the study risk of bias, graded the strength of evidence and reported applicability.
RESULTS: Evidence was obtained from 65 randomized clinical trials, 2 controlled clinical trials and 1 observational study. With only a few small studies available per supplement, evidence was insufficient for all predefined gradable clinical efficacy and harms outcomes, such as mortality and serious adverse events. One long-term pragmatic trial showed no benefit from co-administering vitamin E with aspirin on a composite cardiovascular outcome. Evidence for most intermediate outcomes was insufficient or of low strength, suggesting no effect. Incremental benefits were noted for triglyceridemia with omega-3 fatty acid added to statins; and there was an improvement in levels of high-density lipoprotein cholesterol with garlic supplementation when people also consumed nitrates
CONCLUSIONS: Evidence of low-strength indicates benefits of omega-3 fatty acids (plus statin, or calcium channel blockers and antiplatelets) and garlic (plus nitrates or warfarin) on triglycerides and HDL-C, respectively. Safety concerns, however, persist.",Kanji S; Seely D; Yazdi F; Tetzlaff J; Singh K; Tsertsvadze A; Tricco AC; Sears ME; Ooi TC; Turek MA; Skidmore B; Ansari MT,2012,Systematic reviews,"Journal Article|Research Support, Non-U.S. Gov't|Systematic Review",10.1186/2046-4053-1-26,https://pubmed.ncbi.nlm.nih.gov/22651380/,retain,true,abstract_only,ABSTRACT_SENTENCE_10,"Incremental benefits were noted for triglyceridemia with omega-3 fatty acid added to statins; and there was an improvement in levels of high-density lipoprotein cholesterol with garlic supplementation when people also consumed nitrates
CONCLUSIONS: Evidence of low-strength indicates benefits of omega-3 fatty acids (plus statin, or calcium channel blockers and antiplatelets) and garlic (plus nitrates or warfarin) on triglycerides and HDL-C, respectively.",,"BACKGROUND: The objective of this systematic review was to examine the benefits, harms and pharmacokinetic interactions arising from the co-administration of commonly used dietary supplements with cardiovascular drugs. | Many patients on cardiovascular drugs take dietary supplements for presumed benefits and may be at risk for adverse supplement-drug interactions. | With only a few small studies available per supplement, evidence was insufficient for all predefined gradable clinical efficacy and harms outcomes, such as mortality and serious adverse events.","Incremental benefits were noted for triglyceridemia with omega-3 fatty acid added to statins; and there was an improvement in levels of high-density lipoprotein cholesterol with garlic supplementation when people also consumed nitrates
CONCLUSIONS: Evidence of low-strength indicates benefits of omega-3 fatty acids (plus statin, or calcium channel blockers and antiplatelets) and garlic (plus nitrates or warfarin) on triglycerides and HDL-C, respectively.","Incremental benefits were noted for triglyceridemia with omega-3 fatty acid added to statins; and there was an improvement in levels of high-density lipoprotein cholesterol with garlic supplementation when people also consumed nitrates
CONCLUSIONS: Evidence of low-strength indicates benefits of omega-3 fatty acids (plus statin, or calcium channel blockers and antiplatelets) and garlic (plus nitrates or warfarin) on triglycerides and HDL-C, respectively.",17,research/searches_v3/HRS5_ANTICOAGULATION/pubmed/20260726T163628Z/efetch_001.xml,c6ccaac3a92347d2356656d27280f6bd50c06c74557f48f7df927ca2ef9a0d02,,not_observed,ai_screened_regex_confirmed
HRS5_ANTICOAGULATION,pubmed:23067030,pubmed,23067030,Evaluation of documented drug interactions and contraindications associated with herbs and dietary supplements: a systematic literature review.,"BACKGROUND AND AIMS: The use of herbs and dietary supplements (HDS) alone or concomitantly with medications can potentially increase the risk of adverse events experienced by the patients. This review aims to evaluate the documented HDS-drug interactions and contraindications.
METHODS: A structured literature review was conducted on PubMed, EMBASE, Cochrane Library, tertiary literature and Internet.
RESULTS: While 85 primary literatures, six books and two web sites were reviewed for a total of 1,491 unique pairs of HDS-drug interactions, 213 HDS entities and 509 medications were involved. HDS products containing St. John's Wort, magnesium, calcium, iron, ginkgo had the greatest number of documented interactions with medications. Warfarin, insulin, aspirin, digoxin, and ticlopidine had the greatest number of reported interactions with HDS. Medications affecting the central nervous system or cardiovascular system had more documented interactions with HDS. Of the 882 HDS-drug interactions being described its mechanism and severity, 42.3% were due to altered pharmacokinetics and 240 were described as major interactions. Of the 152 identified HDS contraindications, the most frequent involved gastrointestinal (16.4%), neurological (14.5%), and renal/genitourinary diseases (12.5%). Flaxseed, echinacea, and yohimbe had the largest number of documented contraindications.
CONCLUSIONS: Although HDS-drug interactions and contraindications primarily concerned a relatively small subset of commonly used medications and HDS entities, this review provides the summary to identify patients, HDS products, and medications that are more susceptible to HDS-drug interactions and contraindications. The findings would facilitate the health-care professionals to communicate these documented interactions and contraindications to their patients and/or caregivers thereby preventing serious adverse events and improving desired therapeutic outcomes.",Tsai HH; Lin HW; Simon Pickard A; Tsai HY; Mahady GB,2012,International journal of clinical practice,"Journal Article|Research Support, Non-U.S. Gov't|Systematic Review",10.1111/j.1742-1241.2012.03008.x,https://pubmed.ncbi.nlm.nih.gov/23067030/,retain,true,abstract_only,ABSTRACT_SENTENCE_13,The findings would facilitate the health-care professionals to communicate these documented interactions and contraindications to their patients and/or caregivers thereby preventing serious adverse events and improving desired therapeutic outcomes.,,"BACKGROUND AND AIMS: The use of herbs and dietary supplements (HDS) alone or concomitantly with medications can potentially increase the risk of adverse events experienced by the patients. | This review aims to evaluate the documented HDS-drug interactions and contraindications. | RESULTS: While 85 primary literatures, six books and two web sites were reviewed for a total of 1,491 unique pairs of HDS-drug interactions, 213 HDS entities and 509 medications were involved.",The findings would facilitate the health-care professionals to communicate these documented interactions and contraindications to their patients and/or caregivers thereby preventing serious adverse events and improving desired therapeutic outcomes.,"Warfarin, insulin, aspirin, digoxin, and ticlopidine had the greatest number of reported interactions with HDS.",17,research/searches_v3/HRS5_ANTICOAGULATION/pubmed/20260726T163628Z/efetch_001.xml,c6ccaac3a92347d2356656d27280f6bd50c06c74557f48f7df927ca2ef9a0d02,,not_observed,ai_screened_regex_confirmed
HRS5_ANTICOAGULATION,pubmed:17110451,pubmed,17110451,Vitamin K supplementation can improve stability of anticoagulation for patients with unexplained variability in response to warfarin.,"Patients receiving warfarin who have unstable control of anticoagulation have a significantly lower intake of dietary vitamin K compared with their stable counterparts. We hypothesized that supplementation with oral vitamin K would improve stability in patients with previously unstable control of anticoagulation. Seventy warfarin-treated patients with unstable anticoagulation control were randomly assigned in a double-blinded fashion to receive a daily amount of 150 mug oral vitamin K or placebo orally for 6 months. Measures of stability of anticoagulation control in the 6-month study period were compared with those in the 6 months immediately prior to it. Vitamin K supplementation resulted in a significantly greater decrease in standard deviation of international normalized ratio (INR) compared with placebo (-0.24 +/- 0.14 vs -0.11 +/- 0.18; P < .001) and a significantly greater increase in percentage time within target INR range (28% +/- 20% vs 15% +/- 20%; P < .01). Anticoagulation control improved in 33 of 35 patients receiving vitamin K supplementation; of these, 19 fulfilled our criteria for having stable control of anticoagulation. However, only 24 of 33 patients receiving placebo demonstrated some degree of improvement, with only 7 patients fulfilling the criteria for having stable control. Concomitant supplementation of vitamin K, perhaps through reducing the relative day-to-day variability in dietary vitamin K intake, can significantly improve anticoagulation control in patients with unexplained instability of response to warfarin.",Sconce E; Avery P; Wynne H; Kamali F,2007,Blood,Journal Article|Randomized Controlled Trial,10.1182/blood-2006-09-049262,https://pubmed.ncbi.nlm.nih.gov/17110451/,retain,true,abstract_only,ABSTRACT_SENTENCE_5,Vitamin K supplementation resulted in a significantly greater decrease in standard deviation of international normalized ratio (INR) compared with placebo (-0.24 +/- 0.14 vs -0.11 +/- 0.18; P < .001) and a significantly greater increase in percentage time within target INR range (28% +/- 20% vs 15% +/- 20%; P < .01).,,Patients receiving warfarin who have unstable control of anticoagulation have a significantly lower intake of dietary vitamin K compared with their stable counterparts. | We hypothesized that supplementation with oral vitamin K would improve stability in patients with previously unstable control of anticoagulation. | Seventy warfarin-treated patients with unstable anticoagulation control were randomly assigned in a double-blinded fashion to receive a daily amount of 150 mug oral vitamin K or placebo orally for 6 months.,Vitamin K supplementation resulted in a significantly greater decrease in standard deviation of international normalized ratio (INR) compared with placebo (-0.24 +/- 0.14 vs -0.11 +/- 0.18; P < .001) and a significantly greater increase in percentage time within target INR range (28% +/- 20% vs 15% +/- 20%; P < .01).,Patients receiving warfarin who have unstable control of anticoagulation have a significantly lower intake of dietary vitamin K compared with their stable counterparts. | We hypothesized that supplementation with oral vitamin K would improve stability in patients with previously unstable control of anticoagulation. | Seventy warfarin-treated patients with unstable anticoagulation control were randomly assigned in a double-blinded fashion to receive a daily amount of 150 mug oral vitamin K or placebo orally for 6 months.,15,research/searches_v3/HRS5_ANTICOAGULATION/pubmed/20260726T163628Z/efetch_002.xml,36fb9de60dcdbb4c1d57326a50a96910b0e8b3560b09d9798af7011c9fe36008,,not_observed,ai_screened_regex_confirmed
HRS5_ANTICOAGULATION,pubmed:15543329,pubmed,15543329,"Over-the-counter vitamin K1-containing multivitamin supplements disrupt warfarin anticoagulation in vitamin K1-depleted patients. A prospective, controlled trial.","Most multivitamin supplements contain far less vitamin K(1) than thought to affect warfarin anticoagulation. Having described 3 patients with multivitamin-warfarin interactions, we hypothesized that vitamin K(1)-depleted patients are sensitive to even small increments. Therefore, we compared the effect of a vitamin K(1)-containing multivitamin on warfarin anticoagulation between patients with low versus normal vitamin K(1) status. We screened 102 warfarin-treated patients and recruited nine with ""low"" (< 1.5 mcg/L, 10(th) percentile) (group 1) and 7 with ""normal"" (>4.5 mcg/L, median) (group 2) total vitamin K(1) plasma levels (vitamin K(1) + vitamin K(1) 2,3-epoxide). Patients received one multivitamin tablet containing 25 mcg of vitamin K(1) daily, for 4 weeks (period 1). A predefined algorithm was used to adjust warfarin doses if the INR was outside the therapeutic range. Patients requiring warfarin increments were then switched to 4 weeks of a vitamin K(1)-free multivitamin supplement (period 2). During period 1, subtherapeutic INRs occurred in 9/9 and 1/7 patients in group 1 and 2, respectively (p <0.001). In group 1, INR decreased by a median of 0.51 (p <0.01), and warfarin dose had to be raised by 5.3% (p <0.01), whereas INR and warfarin dose did not change significantly in group 2. During period 2 (7 patients), there were trends towards decreased total vitamin K(1) and rising INRs associated with significantly lower warfarin doses. We conclude that vitamin K(1)-containing multivitamins reduce INR in patients with low vitamin K(1) status. Our study suggests that vitamin K-depleted patients are sensitive to even small changes in vitamin K(1) intake.",Kurnik D; Loebstein R; Rabinovitz H; Austerweil N; Halkin H; Almog S,2004,Thrombosis and haemostasis,Clinical Trial|Controlled Clinical Trial|Journal Article,10.1160/TH04-06-0346,https://pubmed.ncbi.nlm.nih.gov/15543329/,retain,true,abstract_only,ABSTRACT_SENTENCE_11,We conclude that vitamin K(1)-containing multivitamins reduce INR in patients with low vitamin K(1) status.,1.5 mcg | 4.5 mcg | 25 mcg,"Most multivitamin supplements contain far less vitamin K(1) than thought to affect warfarin anticoagulation. | Having described 3 patients with multivitamin-warfarin interactions, we hypothesized that vitamin K(1)-depleted patients are sensitive to even small increments. | Therefore, we compared the effect of a vitamin K(1)-containing multivitamin on warfarin anticoagulation between patients with low versus normal vitamin K(1) status.",We conclude that vitamin K(1)-containing multivitamins reduce INR in patients with low vitamin K(1) status.,"Most multivitamin supplements contain far less vitamin K(1) than thought to affect warfarin anticoagulation. | Having described 3 patients with multivitamin-warfarin interactions, we hypothesized that vitamin K(1)-depleted patients are sensitive to even small increments. | Therefore, we compared the effect of a vitamin K(1)-containing multivitamin on warfarin anticoagulation between patients with low versus normal vitamin K(1) status.",13,research/searches_v3/HRS5_ANTICOAGULATION/pubmed/20260726T163628Z/efetch_002.xml,36fb9de60dcdbb4c1d57326a50a96910b0e8b3560b09d9798af7011c9fe36008,,not_observed,ai_screened_regex_confirmed
HRS5_ANTICOAGULATION,pubmed:17323135,pubmed,17323135,Prospective study of supplemental vitamin K therapy in patients on oral anticoagulants with unstable international normalized ratios.,"BACKGROUND: It is not known whether patients on oral vitamin K antagonists who have unstable INRs achieve more stable INRs with daily vitamin K supplementation. We sought to determine whether vitamin K supplementation may decrease INR variability in patients with a history of unstable INRs, how soon the INR decreases after vitamin K therapy is initiated, the time to reach a therapeutic INR after vitamin K initiation, and how much of an increase in oral anticoagulant dose is needed to maintain the INR in the desired range.
METHODS: This is a prospective open label crossover study of patients on warfarin with a history of fluctuating INRs. A 9 week observation phase was followed by an 8 week period with patients receiving 500 microg of oral vitamin K daily. INRs were determined once weekly with a home point of care monitoring instrument.
RESULTS: Vitamin K supplementation led to a decrease in INR variability in five of the nine patients studied (56%). INR decrease occurred 2-7 days after initiation of vitamin K. Therapeutic INRs were achieved 2-35 days after vitamin K therapy was initiated and an increase in warfarin dose of 6-95% was required to bring the INR back into the therapeutic range.
CONCLUSIONS: INR fluctuations may decrease in selected patients with unstable INRs who receive vitamin K supplementation. A study with a larger sample size and longer follow-up period is needed. The results of the present study can help design such a study.",Ford SK; Misita CP; Shilliday BB; Malone RM; Moore CG; Moll S,2007,Journal of thrombosis and thrombolysis,"Controlled Clinical Trial|Journal Article|Research Support, Non-U.S. Gov't",10.1007/s11239-007-0014-z,https://pubmed.ncbi.nlm.nih.gov/17323135/,retain,true,abstract_only,ABSTRACT_SENTENCE_6,RESULTS: Vitamin K supplementation led to a decrease in INR variability in five of the nine patients studied (56%).,,"We sought to determine whether vitamin K supplementation may decrease INR variability in patients with a history of unstable INRs, how soon the INR decreases after vitamin K therapy is initiated, the time to reach a therapeutic INR after vitamin K initiation, and how much of an increase in oral anticoagulant dose is needed to maintain the INR in the desired range. | RESULTS: Vitamin K supplementation led to a decrease in INR variability in five of the nine patients studied (56%). | INR decrease occurred 2-7 days after initiation of vitamin K.",RESULTS: Vitamin K supplementation led to a decrease in INR variability in five of the nine patients studied (56%).,"We sought to determine whether vitamin K supplementation may decrease INR variability in patients with a history of unstable INRs, how soon the INR decreases after vitamin K therapy is initiated, the time to reach a therapeutic INR after vitamin K initiation, and how much of an increase in oral anticoagulant dose is needed to maintain the INR in the desired range. | METHODS: This is a prospective open label crossover study of patients on warfarin with a history of fluctuating INRs. | Therapeutic INRs were achieved 2-35 days after vitamin K therapy was initiated and an increase in warfarin dose of 6-95% was required to bring the INR back into the therapeutic range.",13,research/searches_v3/HRS5_ANTICOAGULATION/pubmed/20260726T163628Z/efetch_002.xml,36fb9de60dcdbb4c1d57326a50a96910b0e8b3560b09d9798af7011c9fe36008,,not_observed,ai_screened_regex_confirmed
HRS5_ANTICOAGULATION,pubmed:26962786,pubmed,26962786,Interaction Between Dietary Vitamin K Intake and Anticoagulation by Vitamin K Antagonists: Is It Really True?: A Systematic Review.,"Educational advice is often given to patients starting treatment with vitamin K Antagonists (VKAs). A great emphasis is made on nutritional information. Common belief is that dietary vitamin K intake could counteract the anticoagulant effect by VKAs and for many years, patients have been discouraged to consume vitamin-K-rich foods, such as green leafy vegetables.The objective of this study is to summarize the current evidence supporting the putative interaction between dietary vitamin K intake and changes in INR with the VKAs.Data sources are MEDLINE via PubMed and Cochrane database.All clinical studies investigating the relationship between dietary vitamin K and measures of anticoagulation were included. We excluded all studies of supplementation of vitamin K alone.We performed a systematic review of the literature up to October 2015, searching for a combination of ""food,"" ""diet,"" ""vitamin K,"" ""phylloquinone,"" ""warfarin,"" ""INR,"" ""coagulation,"" and ""anticoagulant.""Two dietary interventional trials and 9 observational studies were included. We found conflicting evidence on the effect of dietary intake of vitamin K on coagulation response. Some studies found a negative correlation between vitamin K intake and INR changes, while others suggested that a minimum amount of vitamin K is required to maintain an adequate anticoagulation. Median dietary intake of vitamin K1 ranged from 76 to 217 μg/day among studies, and an effect on coagulation may be detected only for high amount of vitamin intake (>150 μg/day).Most studies included patients with various indications for VKAs therapy, such as atrial fibrillation, prosthetic heart valves, and venous thromboembolism. Thus, INR target was dishomogeneous and no subanalyses for specific populations or different anticoagulants were conducted. Measures used to evaluate anticoagulation stability were variable.The available evidence does not support current advice to modify dietary habits when starting therapy with VKAs. Restriction of dietary vitamin K intake does not seem to be a valid strategy to improve anticoagulation quality with VKAs. It would be, perhaps, more relevant to maintain stable dietary habit, avoiding wide changes in the intake of vitamin K.",Violi F; Lip GY; Pignatelli P; Pastori D,2016,Medicine,Journal Article|Systematic Review,10.1097/MD.0000000000002895,https://pubmed.ncbi.nlm.nih.gov/26962786/,retain,true,abstract_only,ABSTRACT_SENTENCE_4,"We excluded all studies of supplementation of vitamin K alone.We performed a systematic review of the literature up to October 2015, searching for a combination of ""food,"" ""diet,"" ""vitamin K,"" ""phylloquinone,"" ""warfarin,"" ""INR,"" ""coagulation,"" and ""anticoagulant.""Two dietary interventional trials and 9 observational studies were included.",76 to 217 μg/d | 150 μg/d,"Common belief is that dietary vitamin K intake could counteract the anticoagulant effect by VKAs and for many years, patients have been discouraged to consume vitamin-K-rich foods, such as green leafy vegetables.The objective of this study is to summarize the current evidence supporting the putative interaction between dietary vitamin K intake and changes in INR with the VKAs.Data sources are MEDLINE via PubMed and Cochrane database.All clinical studies investigating the relationship between dietary vitamin K and measures of anticoagulation were included. | We excluded all studies of supplementation of vitamin K alone.We performed a systematic review of the literature up to October 2015, searching for a combination of ""food,"" ""diet,"" ""vitamin K,"" ""phylloquinone,"" ""warfarin,"" ""INR,"" ""coagulation,"" and ""anticoagulant.""Two dietary interventional trials and 9 observational studies were included. | We found conflicting evidence on the effect of dietary intake of vitamin K on coagulation response.","We excluded all studies of supplementation of vitamin K alone.We performed a systematic review of the literature up to October 2015, searching for a combination of ""food,"" ""diet,"" ""vitamin K,"" ""phylloquinone,"" ""warfarin,"" ""INR,"" ""coagulation,"" and ""anticoagulant.""Two dietary interventional trials and 9 observational studies were included.","Common belief is that dietary vitamin K intake could counteract the anticoagulant effect by VKAs and for many years, patients have been discouraged to consume vitamin-K-rich foods, such as green leafy vegetables.The objective of this study is to summarize the current evidence supporting the putative interaction between dietary vitamin K intake and changes in INR with the VKAs.Data sources are MEDLINE via PubMed and Cochrane database.All clinical studies investigating the relationship between dietary vitamin K and measures of anticoagulation were included. | We excluded all studies of supplementation of vitamin K alone.We performed a systematic review of the literature up to October 2015, searching for a combination of ""food,"" ""diet,"" ""vitamin K,"" ""phylloquinone,"" ""warfarin,"" ""INR,"" ""coagulation,"" and ""anticoagulant.""Two dietary interventional trials and 9 observational studies were included. | Some studies found a negative correlation between vitamin K intake and INR changes, while others suggested that a minimum amount of vitamin K is required to maintain an adequate anticoagulation.",13,research/searches_v3/HRS5_ANTICOAGULATION/pubmed/20260726T163628Z/efetch_001.xml,c6ccaac3a92347d2356656d27280f6bd50c06c74557f48f7df927ca2ef9a0d02,,not_observed,ai_screened_regex_confirmed
HRS5_ANTICOAGULATION,pubmed:17785609,pubmed,17785609,Potential interactions between complementary/alternative products and conventional medicines in a Medicare population.,"BACKGROUND: Despite the high prevalence of complementary and alternative medicine (CAM) product use among the elderly, little is known about the extent of concurrent CAM-conventional medicine use and the potential for adverse reactions.
OBJECTIVE: To determine the prevalence of CAM product use concurrent with conventional medications, prescription and nonprescription, in a Medicare population and assess the risk for adverse interactions.
METHODS: Retrospective analysis was performed on Cardiovascular Health Study interview data from 1994, 1995, 1997, and 1999. The prevalence of concurrent combinations of CAM products and conventional drugs was tabulated. The adverse interaction risks were categorized as unknown, theoretical, and significant.
RESULTS: Of 5052 participants, the median age was 75, 60.2% were female, 16.6% were African American, and 83.4% were white. The percent using CAM products during the 4 time periods was 6.3%, 6.7%, 12.8%, and 15.1%. The percent using both CAM products and conventional drugs was 6.0%, 6.2%, 11.7%, and 14.4%. Of these, 294 (5.8%) individuals took combinations considered to have a significant risk for an adverse interaction. Combinations with risk were observed on 393 separate interviews. Most (379) involved a risk of bleeding due to use of ginkgo, garlic, or ginseng together with aspirin, warfarin, ticlopidine, or pentoxifylline. An additional 786 observations of combinations were considered to have some, albeit theoretical or uncertain, risk for an adverse interaction.
CONCLUSIONS: Concurrent use of CAM products and conventional medicines in a Medicare population was found to be common. Research to define the risks of combining ginkgo and garlic supplements with aspirin should be of high priority.",Elmer GW; Lafferty WE; Tyree PT; Lind BK,2007,The Annals of pharmacotherapy,"Comparative Study|Journal Article|Research Support, N.I.H., Extramural",10.1345/aph.1K221,https://pubmed.ncbi.nlm.nih.gov/17785609/,retain,true,abstract_only,ABSTRACT_SENTENCE_9,"Of these, 294 (5.8%) individuals took combinations considered to have a significant risk for an adverse interaction.",,"BACKGROUND: Despite the high prevalence of complementary and alternative medicine (CAM) product use among the elderly, little is known about the extent of concurrent CAM-conventional medicine use and the potential for adverse reactions. | OBJECTIVE: To determine the prevalence of CAM product use concurrent with conventional medications, prescription and nonprescription, in a Medicare population and assess the risk for adverse interactions. | The adverse interaction risks were categorized as unknown, theoretical, and significant.","Of these, 294 (5.8%) individuals took combinations considered to have a significant risk for an adverse interaction.","Most (379) involved a risk of bleeding due to use of ginkgo, garlic, or ginseng together with aspirin, warfarin, ticlopidine, or pentoxifylline.",9,research/searches_v3/HRS5_ANTICOAGULATION/pubmed/20260726T163628Z/efetch_001.xml,c6ccaac3a92347d2356656d27280f6bd50c06c74557f48f7df927ca2ef9a0d02,,not_observed,ai_screened_regex_confirmed
HRS5_ANTICOAGULATION,pubmed:18363538,pubmed,18363538,Potential glucosamine-warfarin interaction resulting in increased international normalized ratio: case report and review of the literature and MedWatch database.,"We describe a 71-year-old man who had received warfarin 7.5 mg/day for 5 years for atrial fibrillation, which had maintained his international normalized ratio (INR) within a narrow range of 2.5-3.2. During this 5-year period, he had also been treating himself with the supplement glucosamine hydrochloride 500 mg-chondroitin sulfate 400 mg twice/day for arthritis. The patient then increased his dosage of glucosamine to 1500 mg and chondroitin to 1200 mg twice/day; his INR previous to this change was 2.3. Approximately 3 weeks later, his INR increased to 3.9. His supplement dosage was reduced to glucosamine 750 mg-chondroitin 600 mg/day; a repeat INR done 16 days later was 4.7. The supplement was then stopped, and his warfarin schedule was changed to 7.5 mg every other day alternating with 3.75 mg every other day. Sixteen days later, his INR was 2.6. This case report suggests that a potential interaction exists between warfarin and glucosamine that is associated with an increase in the INR. We therefore performed a pharmacovigilance survey of spontaneously reported adverse events in warfarin-treated patients concomitantly exposed to glucosamine, glucosamine-chondroitin sulfate, or chondroitin sulfate and present a literature review of this apparent drug-drug interaction. Using the United States Food and Drug Administration (FDA) MedWatch database, 20 reports of glucosamine or glucosamine-chondroitin sulfate use with warfarin associated with altered coagulation (manifested by increased INR, or increased bleeding or bruising) were identified. In some cases, a decrease in the supplement dosage was followed by a return of the INR to the previous therapeutic range. Similarly, a decrease in warfarin dosage was followed by a decrease in INR in one patient who received long-term warfarin therapy. One report described an intraventricular bleed and subdural hematoma, which resulted in a persistent vegetative state. The World Health Organization (WHO) adverse drug reactions database documented 21 spontaneous reports of increased INR associated with glucosamine use, 17 of which resolved when glucosamine was stopped. We located one published case report of concomitant use of glucosamine-chondroitin sulfate potentiating the effect of warfarin. In aggregate, the reports from the FDA and WHO, the published case report, and our case report suggest that the use of warfarin and glucosamine may lead to an increased INR. Patients should be advised that the use of the two products may cause an increase in INR, and they should inform their health care provider if they consume glucosamine. More information is necessary to define this interaction.",Knudsen JF; Sokol GH,2008,Pharmacotherapy,Case Reports|Journal Article|Review,10.1592/phco.28.4.540,https://pubmed.ncbi.nlm.nih.gov/18363538/,retain,true,abstract_only,ABSTRACT_SENTENCE_10,"Using the United States Food and Drug Administration (FDA) MedWatch database, 20 reports of glucosamine or glucosamine-chondroitin sulfate use with warfarin associated with altered coagulation (manifested by increased INR, or increased bleeding or bruising) were identified.",7.5 mg/d | 500 mg | 400 mg | 1500 mg | 1200 mg | 750 mg | 600 mg/d | 7.5 mg,"We describe a 71-year-old man who had received warfarin 7.5 mg/day for 5 years for atrial fibrillation, which had maintained his international normalized ratio (INR) within a narrow range of 2.5-3.2. | The patient then increased his dosage of glucosamine to 1500 mg and chondroitin to 1200 mg twice/day; his INR previous to this change was 2.3. | Approximately 3 weeks later, his INR increased to 3.9.","Using the United States Food and Drug Administration (FDA) MedWatch database, 20 reports of glucosamine or glucosamine-chondroitin sulfate use with warfarin associated with altered coagulation (manifested by increased INR, or increased bleeding or bruising) were identified.","We describe a 71-year-old man who had received warfarin 7.5 mg/day for 5 years for atrial fibrillation, which had maintained his international normalized ratio (INR) within a narrow range of 2.5-3.2. | The supplement was then stopped, and his warfarin schedule was changed to 7.5 mg every other day alternating with 3.75 mg every other day. | This case report suggests that a potential interaction exists between warfarin and glucosamine that is associated with an increase in the INR.",9,research/searches_v3/HRS5_ANTICOAGULATION/pubmed/20260726T163628Z/efetch_001.xml,c6ccaac3a92347d2356656d27280f6bd50c06c74557f48f7df927ca2ef9a0d02,,not_observed,ai_screened_regex_confirmed
HRS5_ANTICOAGULATION,pubmed:20584229,pubmed,20584229,Drug and dietary interactions of the new and emerging oral anticoagulants.,"Oral warfarin is associated with extensive food and drug interactions, and there is a need to consider such interactions with the new oral anticoagulants (OACs) dabigatran etexilate, rivaroxaban and apixaban. A literature survey was conducted using PubMed, EMBASE and recent abstracts from thrombosis meetings to identify publications related to food, drug and dietary supplement interaction studies with dabigatran etexilate, rivaroxaban and apixaban. Clinical experience regarding food interactions is currently limited. Regarding drug-drug interactions, dabigatran requires caution when used in combination with strong inhibitors or inducers of P-glycoprotein, such as amiodarone or rifampicin. Rivaroxaban (and possibly apixaban) is contraindicated in combination with drugs that strongly inhibit both cytochrome P450 3A4 and P-glycoprotein, such as azole antimycotics, and caution is required when used in combination with strong inhibitors of only one of these pathways. Important drug interactions of the new OACs that can lead to adverse clinical reactions may also occur with non-steroidal anti-inflammatory drugs and antiplatelet drugs, such as aspirin and clopidogrel. Over-the-counter (OTC) medications and food supplements (e.g. St. John's Wort) may also interact with the new OACs. Given the common long-term use of drugs for some chronic disorders, the frequent use of OTC medications and the need for multiple treatments in special populations, such as the elderly people, it is essential that the issue of drug interactions is properly evaluated. New OACs offer significant potential advantages to the field of venous thromboprophylaxis, but we should not fail to appreciate their lack of extensive clinical experience.",Walenga JM; Adiguzel C,2010,International journal of clinical practice,Journal Article|Review,10.1111/j.1742-1241.2009.02286.x,https://pubmed.ncbi.nlm.nih.gov/20584229/,retain,true,abstract_only,ABSTRACT_SENTENCE_1,"Oral warfarin is associated with extensive food and drug interactions, and there is a need to consider such interactions with the new oral anticoagulants (OACs) dabigatran etexilate, rivaroxaban and apixaban.",,"Oral warfarin is associated with extensive food and drug interactions, and there is a need to consider such interactions with the new oral anticoagulants (OACs) dabigatran etexilate, rivaroxaban and apixaban. | A literature survey was conducted using PubMed, EMBASE and recent abstracts from thrombosis meetings to identify publications related to food, drug and dietary supplement interaction studies with dabigatran etexilate, rivaroxaban and apixaban. | Clinical experience regarding food interactions is currently limited.","Oral warfarin is associated with extensive food and drug interactions, and there is a need to consider such interactions with the new oral anticoagulants (OACs) dabigatran etexilate, rivaroxaban and apixaban.","Oral warfarin is associated with extensive food and drug interactions, and there is a need to consider such interactions with the new oral anticoagulants (OACs) dabigatran etexilate, rivaroxaban and apixaban. | A literature survey was conducted using PubMed, EMBASE and recent abstracts from thrombosis meetings to identify publications related to food, drug and dietary supplement interaction studies with dabigatran etexilate, rivaroxaban and apixaban. | Regarding drug-drug interactions, dabigatran requires caution when used in combination with strong inhibitors or inducers of P-glycoprotein, such as amiodarone or rifampicin.",9,research/searches_v3/HRS5_ANTICOAGULATION/pubmed/20260726T163628Z/efetch_001.xml,c6ccaac3a92347d2356656d27280f6bd50c06c74557f48f7df927ca2ef9a0d02,,not_observed,ai_screened_regex_confirmed
HRS5_ANTICOAGULATION,pubmed:21400007,pubmed,21400007,Spontaneous intraventricular hemorrhage associated with prolonged diosmin therapy.,"BACKGROUND: The prevalent use of anticoagulation in a growing elderly population has led to an increasing incidence of intracerebral hemorrhage. Furthermore, the understanding of the interactions and adverse effects of oral anticoagulants when used with non-FDA approved drugs is limited. Diosmin is one such non-FDA approved drug which is a semisynthetic, phlebotropic supplement with multiple microcirculatory effects. We report a case of a patient on oral anticoagulation and diosmin, who presented with spontaneous intraventricular hemorrhage, and discuss the possible etiology behind this rare event.
METHODS: A retrospective chart review and a comprehensive search of the literature using the PubMed database were performed.
RESULTS: A 77-year old female with a 6 week history of warfarin therapy and a several year history of diosmin use presented with severe bitemporal headache. Computed tomography scan revealed an acute hemorrhage within the right ventricle without associated intraparenchymal hemorrhage. International normalized ratio measured 1.8 and was corrected using fresh frozen plasma and vitamin K. She was discharged without neurological deficits.
CONCLUSIONS: Diosmin inhibits platelet aggregation and prolongs the effect of norepinephrine on venous tone, leading to increased venoconstriction. The combined effect of chronic microcirculatory hypertension and inhibition of platelet aggregation due to diosmin may have predisposed to spontaneous hemorrhage in this anticoagulated patient. Individual cases such as this serve as a reminder that over-the-counter dietary supplements may be associated with serious adverse events. The practicing clinician should be aware of this possible adverse event when evaluating patients on oral anticoagulation and chronic diosmin treatment.",Kumar RM; Van Gompel JJ; Bower R; Rabinstein AA,2011,Neurocritical care,Case Reports|Journal Article,10.1007/s12028-011-9524-9,https://pubmed.ncbi.nlm.nih.gov/21400007/,retain,true,abstract_only,ABSTRACT_SENTENCE_2,"Furthermore, the understanding of the interactions and adverse effects of oral anticoagulants when used with non-FDA approved drugs is limited.",,"BACKGROUND: The prevalent use of anticoagulation in a growing elderly population has led to an increasing incidence of intracerebral hemorrhage. | Furthermore, the understanding of the interactions and adverse effects of oral anticoagulants when used with non-FDA approved drugs is limited. | We report a case of a patient on oral anticoagulation and diosmin, who presented with spontaneous intraventricular hemorrhage, and discuss the possible etiology behind this rare event.","Furthermore, the understanding of the interactions and adverse effects of oral anticoagulants when used with non-FDA approved drugs is limited.","BACKGROUND: The prevalent use of anticoagulation in a growing elderly population has led to an increasing incidence of intracerebral hemorrhage. | Furthermore, the understanding of the interactions and adverse effects of oral anticoagulants when used with non-FDA approved drugs is limited. | We report a case of a patient on oral anticoagulation and diosmin, who presented with spontaneous intraventricular hemorrhage, and discuss the possible etiology behind this rare event.",9,research/searches_v3/HRS5_ANTICOAGULATION/pubmed/20260726T163628Z/efetch_001.xml,c6ccaac3a92347d2356656d27280f6bd50c06c74557f48f7df927ca2ef9a0d02,,not_observed,ai_screened_regex_confirmed
HRS5_ANTICOAGULATION,pubmed:21649517,pubmed,21649517,Risk of hemorrhage associated with co-prescriptions for Ginkgo biloba and antiplatelet or anticoagulant drugs.,"OBJECTIVES: The aim of this study was to explore the risk of hemorrhage associated with co-prescriptions for Ginkgo biloba extract (GBE) and antiplatelet or anticoagulant agents, and evaluate the trends of co-prescriptions.
METHODS: A retrospective population based study was performed by using claim data of the Taiwan National Health Insurance Research Database from 2000 to 2008. Prescriptions for GBE alone and in combination with antiplatelet/anticoagulant drugs were retrieved and the odds ratio for co-prescriptions after the first prescription of GBE was explored.
RESULTS: The total number of prescriptions for GBE alone or in combination with antiplatelet or anticoagulant agents increased gradually from 1547 (0.08%) and 3575 (0.19%) in 2000 to 4676 (0.23%) and 15,297 (0.79%) in 2008, respectively. GBE was mostly prescribed to patients aged 60 years or older. The adjusted odds ratio for co-prescriptions associated with the risk of hemorrhage is 1.5 (95% confidence interval, 0.5-5.0). The risk of hemorrhage was associated with patients aged ≥65 and male patients, who were prescribed GBE alone (adjusted odds ratio: 3.8 and 1.4; 95% confidence interval, 2.8-5.2 and 1.1-1.9).
CONCLUSIONS: Although the combination of G. biloba extract with antiplatelet or anticoagulants showed insignificant correlation to the risk of hemorrhage, patients using ginkgo, particularly those with known bleeding risks and elderly, should take a particular attention to the possibility of increasing risk of bleeding.",Chan AL; Leung HW; Wu JW; Chien TW,2011,"Journal of alternative and complementary medicine (New York, N.Y.)",Journal Article,10.1089/acm.2010.0295,https://pubmed.ncbi.nlm.nih.gov/21649517/,retain,true,abstract_only,ABSTRACT_SENTENCE_4,"RESULTS: The total number of prescriptions for GBE alone or in combination with antiplatelet or anticoagulant agents increased gradually from 1547 (0.08%) and 3575 (0.19%) in 2000 to 4676 (0.23%) and 15,297 (0.79%) in 2008, respectively.",,"OBJECTIVES: The aim of this study was to explore the risk of hemorrhage associated with co-prescriptions for Ginkgo biloba extract (GBE) and antiplatelet or anticoagulant agents, and evaluate the trends of co-prescriptions. | Prescriptions for GBE alone and in combination with antiplatelet/anticoagulant drugs were retrieved and the odds ratio for co-prescriptions after the first prescription of GBE was explored. | RESULTS: The total number of prescriptions for GBE alone or in combination with antiplatelet or anticoagulant agents increased gradually from 1547 (0.08%) and 3575 (0.19%) in 2000 to 4676 (0.23%) and 15,297 (0.79%) in 2008, respectively.","RESULTS: The total number of prescriptions for GBE alone or in combination with antiplatelet or anticoagulant agents increased gradually from 1547 (0.08%) and 3575 (0.19%) in 2000 to 4676 (0.23%) and 15,297 (0.79%) in 2008, respectively.","OBJECTIVES: The aim of this study was to explore the risk of hemorrhage associated with co-prescriptions for Ginkgo biloba extract (GBE) and antiplatelet or anticoagulant agents, and evaluate the trends of co-prescriptions. | Prescriptions for GBE alone and in combination with antiplatelet/anticoagulant drugs were retrieved and the odds ratio for co-prescriptions after the first prescription of GBE was explored. | RESULTS: The total number of prescriptions for GBE alone or in combination with antiplatelet or anticoagulant agents increased gradually from 1547 (0.08%) and 3575 (0.19%) in 2000 to 4676 (0.23%) and 15,297 (0.79%) in 2008, respectively.",9,research/searches_v3/HRS5_ANTICOAGULATION/pubmed/20260726T163628Z/efetch_001.xml,c6ccaac3a92347d2356656d27280f6bd50c06c74557f48f7df927ca2ef9a0d02,,not_observed,ai_screened_regex_confirmed
HRS5_ANTICOAGULATION,pubmed:24966255,pubmed,24966255,"Clinically relevant interaction between warfarin and scuppernongs, a quercetin containing muscadine grape: continued questions surrounding flavonoid-induced warfarin interactions.","We present a case of clinically relevant and probable interaction between warfarin and scuppernongs in a 73-year-old woman where ingestion of scuppernongs, a variety of quercetin-containing muscadine grapes, over a period of 2 months was associated with elevations in the International Normalised Ratio to supratherapeutic levels. While muscadine grapes and specifically scuppernongs are found primarily in Southeastern USA, the flavonoid in questionand quercetin is found worldwide as a dietary supplement.",Woodward CJ; Deyo ZM; Donahue KE; Deal AM; Hawes EM,2014,BMJ case reports,Case Reports|Journal Article,10.1136/bcr-2013-009608,https://pubmed.ncbi.nlm.nih.gov/24966255/,retain,true,abstract_only,ABSTRACT_SENTENCE_1,"We present a case of clinically relevant and probable interaction between warfarin and scuppernongs in a 73-year-old woman where ingestion of scuppernongs, a variety of quercetin-containing muscadine grapes, over a period of 2 months was associated with elevations in the International Normalised Ratio to supratherapeutic levels.",,"We present a case of clinically relevant and probable interaction between warfarin and scuppernongs in a 73-year-old woman where ingestion of scuppernongs, a variety of quercetin-containing muscadine grapes, over a period of 2 months was associated with elevations in the International Normalised Ratio to supratherapeutic levels.","We present a case of clinically relevant and probable interaction between warfarin and scuppernongs in a 73-year-old woman where ingestion of scuppernongs, a variety of quercetin-containing muscadine grapes, over a period of 2 months was associated with elevations in the International Normalised Ratio to supratherapeutic levels.","We present a case of clinically relevant and probable interaction between warfarin and scuppernongs in a 73-year-old woman where ingestion of scuppernongs, a variety of quercetin-containing muscadine grapes, over a period of 2 months was associated with elevations in the International Normalised Ratio to supratherapeutic levels.",9,research/searches_v3/HRS5_ANTICOAGULATION/pubmed/20260726T163628Z/efetch_001.xml,c6ccaac3a92347d2356656d27280f6bd50c06c74557f48f7df927ca2ef9a0d02,,not_observed,ai_screened_regex_confirmed
HRS5_ANTICOAGULATION,pubmed:31409123,pubmed,31409123,Analysis of Factors That Interrupt With INR Control in the First Anticoagulation Clinic Monitoring Jordanian Patients.,"Multiple factors such as vitamin K consumption, drug interactions, herbs interactions, disease states, and alcohol intake affect international normalized ratio (INR) values and thus warfarin dosing. These variables have been described in general and for all patients in the literature. In contrast, the factors that affect INR control in a specific population are rarely studied. Being aware of these factors contributes a lot in maintaining an INR control and avoiding the supratherapeutic or subtherapeutic anticoagulation and the associated risks of hemorrhage or thromboembolism. The aim of this study is to recognize the specific population factors in Jordanian patients that interrupt INR control. Such recognition provides clinical pharmacists managing the anti-coagulation clinic (ACC) with necessary tools and predictors of dose adjustment, nontarget INR handling, and points to add on to the educational session. A total of 2788 patients were referred to the first clinical pharmacists managed ACC at Queen Alia Heart Institute-the only official referral hospital for cardiac patients in Jordan-for education and monitoring between November 1, 2013, and November 1, 2016. We evaluated specific population factors that interrupt INR control using a pretested, structured clinical data collection form. The patients were followed up regularly for achieving target INR (TINR). For patients who were not achieving TINR, the possible cause was examined thoroughly by reviewing the patient's medical file for recent medication intake, comorbidities, and laboratory results. Then the patients or their caregiver were asked direct questions regarding their diet, food supplements, cigarette smoking, shisha smoking, alcohol intake, herbs, and complementary medicine use and compliance, in addition to performing pharmacogenetic testing (polymorphisms of vitamin K-epoxide reductase complex [VKORC1] and cytochrome P450 2C9 [CYP2C9] genes) in special cases. For a total of 2788 patients, 89 488 INR values were included in the study. Of all, 20 365 (22.8%) were non-TINR values, 13 145 (14%) were subtherapeutic, and 7220 (8.1%) were supratherapeutic. All patients included in the study had a non-TINR at least 3 times (n = 65, 2.3%) and as frequent as 50 times (n = 21, 0.8%) during the study period. Non-TINR values ranged from 1 to 11. Serious side effects reported in 7 patients with uncontrolled INR, 6 were bleeding, which required hospitalization (2 upper gastrointestinal [GI] bleeding, 3 nasal bleeding, and 1 eye bleeding), 1 was cerebrovascular accident (CVA thrombolytic). Factors that interrupted INR control in our population, arranged in descending sequence, were concurrent medication use 46.9% (mainly Salicylates and Amiodarone), smoking cigarettes and shisha 17% (represented the most frequent single factor that caused non-TINR in the present study), a nonbalanced dietary vitamin K intake 16.88% caused changes in INR (lower) was related to an increase in the intake of vitamin K-rich food, were noticed to be much more in the spring season in Jordan (end of March and April mainly), herbal supplements 15.02%; Hawthorn (Crataegus, الزعرور) is an herb that lives widely in Jordan, and shockingly we found that it is used very commonly in our ACC patients and corresponded to an elevated INR <8 in 11 patients, and serious bleeding events that required hospitalization in 2 cases), noncompliance 1.49%, comorbid diseases 1%, malabsorption 0.53%, alcohol intake 0.39%, and VKORC1 A/G and CYP2C9 *1*1 genotype 0.15%. The analysis of factors that interrupted with INR control in our patients were both predicted and distinctive; most of these factors were reported previously by other researchers. On the other hand, many of the previously reported factors were not frequently detected in our patients, and the frequency of each of the realized factors was contributed differently to non-TINR in our population. Alarming factors causing non-TINR detected in our study include smoking both cigarettes and shisha, herbal use (Hawthorn and Ginseng), increased intake of vitamin K rich food in the spring season, and concurrent medication use (Salicylates, Amiodarone, Ciprofloxacin, nonsteroidal anti-inflammatory drugs [NSAIDS], Azithromycin, Clarithromycin: although the use of these drugs is mandatory sometimes, it can be replaced by an alternative, eg, antibiotics or monitored closely together with warfarin).",Al-Momany NH; Makahleh ZM; Al-Omari NA; Al-Sarayreh HA; Momani RO,2019,Clinical and applied thrombosis/hemostasis : official journal of the International Academy of Clinical and Applied Thrombosis/Hemostasis,Journal Article,10.1177/1076029619870252,https://pubmed.ncbi.nlm.nih.gov/31409123/,retain,true,abstract_only,ABSTRACT_SENTENCE_17,"Factors that interrupted INR control in our population, arranged in descending sequence, were concurrent medication use 46.9% (mainly Salicylates and Amiodarone), smoking cigarettes and shisha 17% (represented the most frequent single factor that caused non-TINR in the present study), a nonbalanced dietary vitamin K intake 16.88% caused changes in INR (lower) was related to an increase in the intake of vitamin K-rich food, were noticed to be much more in the spring season in Jordan (end of March and April mainly), herbal supplements 15.02%; Hawthorn (Crataegus, الزعرور) is an herb that lives widely in Jordan, and shockingly we found that it is used very commonly in our ACC patients and corresponded to an elevated INR <8 in 11 patients, and serious bleeding events that required hospitalization in 2 cases), noncompliance 1.49%, comorbid diseases 1%, malabsorption 0.53%, alcohol intake 0.39%, and VKORC1 A/G and CYP2C9 *1*1 genotype 0.15%.",,"Multiple factors such as vitamin K consumption, drug interactions, herbs interactions, disease states, and alcohol intake affect international normalized ratio (INR) values and thus warfarin dosing. | In contrast, the factors that affect INR control in a specific population are rarely studied. | Being aware of these factors contributes a lot in maintaining an INR control and avoiding the supratherapeutic or subtherapeutic anticoagulation and the associated risks of hemorrhage or thromboembolism.","Factors that interrupted INR control in our population, arranged in descending sequence, were concurrent medication use 46.9% (mainly Salicylates and Amiodarone), smoking cigarettes and shisha 17% (represented the most frequent single factor that caused non-TINR in the present study), a nonbalanced dietary vitamin K intake 16.88% caused changes in INR (lower) was related to an increase in the intake of vitamin K-rich food, were noticed to be much more in the spring season in Jordan (end of March and April mainly), herbal supplements 15.02%; Hawthorn (Crataegus, الزعرور) is an herb that lives widely in Jordan, and shockingly we found that it is used very commonly in our ACC patients and corresponded to an elevated INR <8 in 11 patients, and serious bleeding events that required hospitalization in 2 cases), noncompliance 1.49%, comorbid diseases 1%, malabsorption 0.53%, alcohol intake 0.39%, and VKORC1 A/G and CYP2C9 *1*1 genotype 0.15%.","Multiple factors such as vitamin K consumption, drug interactions, herbs interactions, disease states, and alcohol intake affect international normalized ratio (INR) values and thus warfarin dosing. | Being aware of these factors contributes a lot in maintaining an INR control and avoiding the supratherapeutic or subtherapeutic anticoagulation and the associated risks of hemorrhage or thromboembolism. | Alarming factors causing non-TINR detected in our study include smoking both cigarettes and shisha, herbal use (Hawthorn and Ginseng), increased intake of vitamin K rich food in the spring season, and concurrent medication use (Salicylates, Amiodarone, Ciprofloxacin, nonsteroidal anti-inflammatory drugs [NSAIDS], Azithromycin, Clarithromycin: although the use of these drugs is mandatory sometimes, it can be replaced by an alternative, eg, antibiotics or monitored closely together with warfarin).",9,research/searches_v3/HRS5_ANTICOAGULATION/pubmed/20260726T163628Z/efetch_001.xml,c6ccaac3a92347d2356656d27280f6bd50c06c74557f48f7df927ca2ef9a0d02,,not_observed,ai_screened_regex_confirmed
HRS5_ANTICOAGULATION,pubmed:35440328,pubmed,35440328,Bleeding Complication in a Patient with Concomitant Use of Rivaroxaban and Saffron Supplement: A Case Report.,"BACKGROUND: Direct oral anticoagulants (DOACs) carry a lower potential risk of food/herb and drug interactions compared to oral vitamin K antagonists. However, as a new class of medications, drug interactions of DOACs have not been fully known.
CASE PRESENTATION: We herein present the case of a 64-year old male with the complaint of acute onset epistaxis and bleeding gums following the concomitant use of rivaroxaban and saffron supplement. It seems that coadministration of DOACs and saffron supplements should be avoided due to the potential drug-herbal interactions and possible risk of subsequent bleeding complications.
CONCLUSION: However, further larger-scale surveillance studies are needed to confirm the findings and assess the clinical significance.",Heidari Z; Daei M; Khalili H; Sahebkar A,2022,Cardiovascular & hematological disorders drug targets,Case Reports|Journal Article,10.2174/1871529X22666220418102545,https://pubmed.ncbi.nlm.nih.gov/35440328/,retain,true,abstract_only,ABSTRACT_SENTENCE_3,CASE PRESENTATION: We herein present the case of a 64-year old male with the complaint of acute onset epistaxis and bleeding gums following the concomitant use of rivaroxaban and saffron supplement.,,"BACKGROUND: Direct oral anticoagulants (DOACs) carry a lower potential risk of food/herb and drug interactions compared to oral vitamin K antagonists. | However, as a new class of medications, drug interactions of DOACs have not been fully known. | CASE PRESENTATION: We herein present the case of a 64-year old male with the complaint of acute onset epistaxis and bleeding gums following the concomitant use of rivaroxaban and saffron supplement.",CASE PRESENTATION: We herein present the case of a 64-year old male with the complaint of acute onset epistaxis and bleeding gums following the concomitant use of rivaroxaban and saffron supplement.,BACKGROUND: Direct oral anticoagulants (DOACs) carry a lower potential risk of food/herb and drug interactions compared to oral vitamin K antagonists. | CASE PRESENTATION: We herein present the case of a 64-year old male with the complaint of acute onset epistaxis and bleeding gums following the concomitant use of rivaroxaban and saffron supplement.,9,research/searches_v3/HRS5_ANTICOAGULATION/pubmed/20260726T163628Z/efetch_001.xml,c6ccaac3a92347d2356656d27280f6bd50c06c74557f48f7df927ca2ef9a0d02,,not_observed,ai_screened_regex_confirmed
HRS5_ANTICOAGULATION,pubmed:36525104,pubmed,36525104,Dietary supplement use and recommendations for discontinuation in an integrative oncology clinic.,"PURPOSE: This project evaluated the dietary supplement (DS) use of patients referred to an integrative oncology program and documented the frequency and reasons for recommending stopping DS. Many patients with cancer are taking dietary supplements and may not disclose such to their care teams. There is potential for harm in several ways: (1) interactions with their medications that may increase side effects, (2) interactions with their treatment that may lead to decreased efficacy, and 3) direct toxicity from the supplement.
METHODS: Patient data (N = 100) were collected prospectively from an Integrative Oncology Clinic. The number and type of DS were documented. Using the Natural Medicines Database, we determined whether supplements interacted with the patient's other medications or cancer therapies. We calculated the percentage of patients in which a recommendation for discontinuation (DC) of DS was provided, along with the supporting reasons.
RESULTS: We found that 91% of patients took DS, averaging 5.5 per patient (range 0-20). In 35% of patients, we recommended stopping some of their DS or other therapies, the reasons being: DC antioxidants, vitamin B12/iron while on chemo/RT (unless deficient or part of protocol) 32%; DC due to taking excess amounts (i.e., fat-soluble vitamins, calcium, iron) 13.5%; DC supplements with known toxicity (i.e., laetrile, Miracle mineral solution) 13.5%; DC due to interactions with other medications (i.e., anticoagulants) 13.5%; DC DS with potential to increase cancer growth (i.e., estrogenic potential in those with hormone-sensitive cancers, glutamine) 11%; DC due to potential for increased toxicity with chemotherapy (i.e., increased risk of bleeding, CIPN) 11%; DC probiotics, immune stimulants, and cannabis while on immunotherapy 5.4%.
CONCLUSIONS: Patients with cancer referred to an integrative oncology clinic use large numbers of DS with the potential for adverse effects and/or decreasing efficacy of treatments. This study highlights the prevalence of DS usage in cancer patients referred to an integrative oncology clinic and demonstrates the need for counseling about safe supplement use.",D'Andre SD; Bauer BA; Hofmann MB; Burckhard JL; Montane HN; Loprinzi CL,2022,Supportive care in cancer : official journal of the Multinational Association of Supportive Care in Cancer,Journal Article,10.1007/s00520-022-07504-6,https://pubmed.ncbi.nlm.nih.gov/36525104/,retain,true,abstract_only,ABSTRACT_SENTENCE_9,"In 35% of patients, we recommended stopping some of their DS or other therapies, the reasons being: DC antioxidants, vitamin B12/iron while on chemo/RT (unless deficient or part of protocol) 32%; DC due to taking excess amounts (i.e., fat-soluble vitamins, calcium, iron) 13.5%; DC supplements with known toxicity (i.e., laetrile, Miracle mineral solution) 13.5%; DC due to interactions with other medications (i.e., anticoagulants) 13.5%; DC DS with potential to increase cancer growth (i.e., estrogenic potential in those with hormone-sensitive cancers, glutamine) 11%; DC due to potential for increased toxicity with chemotherapy (i.e., increased risk of bleeding, CIPN) 11%; DC probiotics, immune stimulants, and cannabis while on immunotherapy 5.4%.",,"There is potential for harm in several ways: (1) interactions with their medications that may increase side effects, (2) interactions with their treatment that may lead to decreased efficacy, and 3) direct toxicity from the supplement. | In 35% of patients, we recommended stopping some of their DS or other therapies, the reasons being: DC antioxidants, vitamin B12/iron while on chemo/RT (unless deficient or part of protocol) 32%; DC due to taking excess amounts (i.e., fat-soluble vitamins, calcium, iron) 13.5%; DC supplements with known toxicity (i.e., laetrile, Miracle mineral solution) 13.5%; DC due to interactions with other medications (i.e., anticoagulants) 13.5%; DC DS with potential to increase cancer growth (i.e., estrogenic potential in those with hormone-sensitive cancers, glutamine) 11%; DC due to potential for increased toxicity with chemotherapy (i.e., increased risk of bleeding, CIPN) 11%; DC probiotics, immune stimulants, and cannabis while on immunotherapy 5.4%. | CONCLUSIONS: Patients with cancer referred to an integrative oncology clinic use large numbers of DS with the potential for adverse effects and/or decreasing efficacy of treatments.","In 35% of patients, we recommended stopping some of their DS or other therapies, the reasons being: DC antioxidants, vitamin B12/iron while on chemo/RT (unless deficient or part of protocol) 32%; DC due to taking excess amounts (i.e., fat-soluble vitamins, calcium, iron) 13.5%; DC supplements with known toxicity (i.e., laetrile, Miracle mineral solution) 13.5%; DC due to interactions with other medications (i.e., anticoagulants) 13.5%; DC DS with potential to increase cancer growth (i.e., estrogenic potential in those with hormone-sensitive cancers, glutamine) 11%; DC due to potential for increased toxicity with chemotherapy (i.e., increased risk of bleeding, CIPN) 11%; DC probiotics, immune stimulants, and cannabis while on immunotherapy 5.4%.","In 35% of patients, we recommended stopping some of their DS or other therapies, the reasons being: DC antioxidants, vitamin B12/iron while on chemo/RT (unless deficient or part of protocol) 32%; DC due to taking excess amounts (i.e., fat-soluble vitamins, calcium, iron) 13.5%; DC supplements with known toxicity (i.e., laetrile, Miracle mineral solution) 13.5%; DC due to interactions with other medications (i.e., anticoagulants) 13.5%; DC DS with potential to increase cancer growth (i.e., estrogenic potential in those with hormone-sensitive cancers, glutamine) 11%; DC due to potential for increased toxicity with chemotherapy (i.e., increased risk of bleeding, CIPN) 11%; DC probiotics, immune stimulants, and cannabis while on immunotherapy 5.4%.",9,research/searches_v3/HRS5_ANTICOAGULATION/pubmed/20260726T163628Z/efetch_001.xml,c6ccaac3a92347d2356656d27280f6bd50c06c74557f48f7df927ca2ef9a0d02,,not_observed,ai_screened_regex_confirmed
