question_id,record_id,provider_id,title,year,doi,source_url,publication_types,automated_eligibility,population_evidence,supplement,dose_extracted,outcome_evidence,evidence_locator,fulltext_locator,human_screened,extraction_authority,priority_score
A1,REC-PUBMED-26962786,26962786,Interaction Between Dietary Vitamin K Intake and Anticoagulation by Vitamin K Antagonists: Is It Really True?: A Systematic Review.,2016.0,10.1097/md.0000000000002895,https://pubmed.ncbi.nlm.nih.gov/26962786/,Journal Article|Systematic Review,include_candidate,Interaction Between Dietary Vitamin K Intake and Anticoagulation by Vitamin K Antagonists: Is It Really True?: A Systematic Review.. | Educational advice is often given to patients starting treatment with vitamin K Antagonists (VKAs).,vitamin k,150 μg | 76 to 217 μg,"Interaction Between Dietary Vitamin K Intake and Anticoagulation by Vitamin K Antagonists: Is It Really True?: A Systematic Review.. | Common belief is that dietary vitamin K intake could counteract the anticoagulant effect by VKAs and for many years, patients have been discouraged to consume vitamin-K-rich foods, such as green leafy vegetables.The objective of this study is to summarize the current evidence supporting the putative interaction between dietary vitamin K intake and changes in INR with the VKAs.Data sources are MEDLINE via PubMed and Cochrane database.All clinical studies investigating the relationship between dietary vitamin K and measures of anticoagulation were included. | We excluded all studies of supplementation of vitamin K alone.We performed a systematic review of the literature up to October 2015, searching for a combination of ""food,"" ""diet,"" ""vitamin K,"" ""phylloquinone,"" ""warfarin,"" ""INR,"" ""coagulation,"" and ""anticoagulant.""Two dietary interventional trials and 9 observational studies were included.","ABSTRACT: Interaction Between Dietary Vitamin K Intake and Anticoagulation by Vitamin K Antagonists: Is It Really True?: A Systematic Review.. | Educational advice is often given to patients starting treatment with vitamin K Antagonists (VKAs). | Common belief is that dietary vitamin K intake could counteract the anticoagulant effect by VKAs and for many years, patients have been discouraged to consume vitamin-K-rich foods, such as green leafy vegetables.The objective of this study is to summarize the current evidence supporting the putative interaction between dietary vitamin K intake and changes in INR with the VKAs.Data sources are MEDLINE via PubMed and Cochrane database.All clinical studies investigating the relationship between dietary vitamin K and measures of anticoagulation were included.",https://pmc.ncbi.nlm.nih.gov/articles/PMC4998867/,False,automated_from_observed_title_abstract,34
A1,REC-PUBMED-10886201,10886201,A prospective randomized study to determine the optimal dose of intravenous vitamin K in reversal of over-warfarinization.,2000.0,10.1046/j.1365-2141.2000.02001.x,https://pubmed.ncbi.nlm.nih.gov/10886201/,Clinical Trial|Journal Article|Randomized Controlled Trial,include_candidate,A prospective randomized study to determine the optimal dose of intravenous vitamin K in reversal of over-warfarinization.. | The optimal management of asymptomatic overanticoagulated patients remains unknown.,vitamin k,0.5 mg | 1 mg | 2 mg,"The optimal management of asymptomatic overanticoagulated patients remains unknown. | We measured international normalized ratio (INR), activated partial thromboplastin time (APTT) and prothrombin fragment 1 + 2 (F1 + 2) over 7 d in 24 asymptomatic or mildly haemorrhagic patients on warfarin with prolonged INR of > 7.0 who were randomized to receive 0.5 mg, 1 mg or 2 mg intravenous vitamin K. | Of six severely overanticoagulated patients (INR > 9.5 with APTT ratio > 2), five failed to achieve an INR < or = 4.0 on day 1, irrespective of vitamin K dose given.","ABSTRACT: A prospective randomized study to determine the optimal dose of intravenous vitamin K in reversal of over-warfarinization.. | We measured international normalized ratio (INR), activated partial thromboplastin time (APTT) and prothrombin fragment 1 + 2 (F1 + 2) over 7 d in 24 asymptomatic or mildly haemorrhagic patients on warfarin with prolonged INR of > 7.0 who were randomized to receive 0.5 mg, 1 mg or 2 mg intravenous vitamin K. | Of six severely overanticoagulated patients (INR > 9.5 with APTT ratio > 2), five failed to achieve an INR < or = 4.0 on day 1, irrespective of vitamin K dose given.",,False,automated_from_observed_title_abstract,32
A1,REC-PUBMED-21193422,21193422,Vitamin K1 supplementation to improve the stability of anticoagulation therapy with vitamin K antagonists: a dose-finding study.,2011.0,10.3324/haematol.2010.035162,https://pubmed.ncbi.nlm.nih.gov/21193422/,"Journal Article|Randomized Controlled Trial|Research Support, Non-U.S. Gov't",include_candidate,Vitamin K1 supplementation to improve the stability of anticoagulation therapy with vitamin K antagonists: a dose-finding study.. | BACKGROUND: Poor anticoagulant stability in patients using vitamin K antagonists is a risk factor for both bleeding and thrombosis.,vitamin k,100 μg | 150 μg | 200 μg,"Vitamin K1 supplementation to improve the stability of anticoagulation therapy with vitamin K antagonists: a dose-finding study.. | BACKGROUND: Poor anticoagulant stability in patients using vitamin K antagonists is a risk factor for both bleeding and thrombosis. | DESIGN AND METHODS: Four hundred patients from two anticoagulation clinics starting with vitamin K antagonists, independently of a possible history of instable anticoagulation, were randomized to receive either placebo or 100, 150 or 200 μg of vitamin K(1) together with their treatment with vitamin K antagonists.","ABSTRACT: Vitamin K1 supplementation to improve the stability of anticoagulation therapy with vitamin K antagonists: a dose-finding study.. | In previous studies supplementation with low dose vitamin K(1) was shown to improve the stability of anticoagulant control. | DESIGN AND METHODS: Four hundred patients from two anticoagulation clinics starting with vitamin K antagonists, independently of a possible history of instable anticoagulation, were randomized to receive either placebo or 100, 150 or 200 μg of vitamin K(1) together with their treatment with vitamin K antagonists.",https://pmc.ncbi.nlm.nih.gov/articles/PMC3069236/,False,automated_from_observed_title_abstract,31
A1,REC-PUBMED-15543329,15543329,"Over-the-counter vitamin K1-containing multivitamin supplements disrupt warfarin anticoagulation in vitamin K1-depleted patients. A prospective, controlled trial.",2004.0,10.1160/th04-06-0346,https://pubmed.ncbi.nlm.nih.gov/15543329/,Clinical Trial|Controlled Clinical Trial|Journal Article,include_candidate,Over-the-counter vitamin K1-containing multivitamin supplements disrupt warfarin anticoagulation in vitamin K1-depleted patients. | Most multivitamin supplements contain far less vitamin K(1) than thought to affect warfarin anticoagulation.,vitamin k,1.5 mcg | 25 mcg | 4.5 mcg,"Over-the-counter vitamin K1-containing multivitamin supplements disrupt warfarin anticoagulation in vitamin K1-depleted patients. | Most multivitamin supplements contain far less vitamin K(1) than thought to affect warfarin anticoagulation. | Therefore, we compared the effect of a vitamin K(1)-containing multivitamin on warfarin anticoagulation between patients with low versus normal vitamin K(1) status.","ABSTRACT: Over-the-counter vitamin K1-containing multivitamin supplements disrupt warfarin anticoagulation in vitamin K1-depleted patients. | Most multivitamin supplements contain far less vitamin K(1) than thought to affect warfarin anticoagulation. | Therefore, we compared the effect of a vitamin K(1)-containing multivitamin on warfarin anticoagulation between patients with low versus normal vitamin K(1) status.",,False,automated_from_observed_title_abstract,31
A1,REC-PUBMED-23928870,23928870,Nutri-pharmacogenomics of warfarin anticoagulation therapy: VKORC1 genotype-dependent influence of dietary vitamin K intake.,2014.0,10.1007/s11239-013-0978-9,https://pubmed.ncbi.nlm.nih.gov/23928870/,"Clinical Trial|Journal Article|Research Support, Non-U.S. Gov't",include_candidate_design_unclear,"Nutri-pharmacogenomics of warfarin anticoagulation therapy: VKORC1 genotype-dependent influence of dietary vitamin K intake.. | Warfarin is the most widely prescribed oral anticoagulant, but large interindividual variations exist in the dose required to achieve comparable therapeutic effects.",vitamin k,1639 G | 3.91 mg | 4.0 mg,"Nutri-pharmacogenomics of warfarin anticoagulation therapy: VKORC1 genotype-dependent influence of dietary vitamin K intake.. | To investigate genotype-nutrient interactions in warfarin anticoagulation therapy, 202 consecutive outpatients (M/F = 142/60, mean age, 69 years) undergoing treatment with warfarin were enrolled. | The results of the present study suggest that the capacity of dietary vitamin K intake to influence warfarin dose requirements during anticoagulation therapy is VKORC1 genotype-dependent, at least in part.","ABSTRACT: Nutri-pharmacogenomics of warfarin anticoagulation therapy: VKORC1 genotype-dependent influence of dietary vitamin K intake.. | In subjects with a variant VKORC1-1639 G allele, the mean daily warfarin dose was significantly attenuated by low vitamin K intake compared with medium and high intake after adjustment for covariates (3.4 vs. | The results of the present study suggest that the capacity of dietary vitamin K intake to influence warfarin dose requirements during anticoagulation therapy is VKORC1 genotype-dependent, at least in part.",,False,automated_from_observed_title_abstract,28
A1,REC-PUBMED-21605730,21605730,Reversal of overanticoagulation in very elderly hospitalized patients with an INR above 5.0: 24-hour INR response after vitamin K administration.,2011.0,10.1016/j.amjmed.2011.01.016,https://pubmed.ncbi.nlm.nih.gov/21605730/,Clinical Trial|Journal Article,include_candidate,Reversal of overanticoagulation in very elderly hospitalized patients with an INR above 5.0: 24-hour INR response after vitamin K administration.. | BACKGROUND: Reversal of overanticoagulation to minimize the bleeding risk is important in elderly inpatients receiving vitamin K antagonist therapy.,vitamin k,1 mg,"Reversal of overanticoagulation in very elderly hospitalized patients with an INR above 5.0: 24-hour INR response after vitamin K administration.. | BACKGROUND: Reversal of overanticoagulation to minimize the bleeding risk is important in elderly inpatients receiving vitamin K antagonist therapy. | The objective of this study is to evaluate whether guidelines based on American College of Chest Physicians recommendations for the management of overanticoagulation (international normalized ratio [INR] ≥5.0) can apply to elderly inpatients, and notably allow 24-hour INRs to return to the 1.8-3.2 range in this population.","ABSTRACT: Reversal of overanticoagulation in very elderly hospitalized patients with an INR above 5.0: 24-hour INR response after vitamin K administration.. | In the subset of Day 0 INRs between 5.0 and 6.0, mean INR decreased from 5.5±0.3 to 2.7±1.0 (P<.0001) on Day 1 after oral administration of 1 mg vitamin K1 (n=121) and from 5.3±0.3 to 5.0±1.6 (P=.149) without vitamin K1 administration (n=48). | CONCLUSION: In elderly inpatients with INR ≥5.0, both vitamin K antagonist dose omission and vitamin K1 administration according to recommendations were effective in reversing overanticoagulation, allowing most INRs to return to the 1.8-3.2 range without excessive overcorrection.",,False,automated_from_observed_title_abstract,28
A1,REC-PUBMED-21751986,21751986,"Short-term warfarin reversal for elective surgery--using low-dose intravenous vitamin K: safe, reliable and convenient*.",2011.0,10.1111/j.1365-2141.2011.08787.x,https://pubmed.ncbi.nlm.nih.gov/21751986/,Clinical Trial|Journal Article,include_candidate_design_unclear,"Short-term warfarin reversal for elective surgery--using low-dose intravenous vitamin K: safe, reliable and convenient*.. | Peri-procedural management of warfarin reflects an intricate balance between the restoration of haemostasis and appropriate thromboprophylaxis.",vitamin k,30iu | 3mg,"Peri-procedural management of warfarin reflects an intricate balance between the restoration of haemostasis and appropriate thromboprophylaxis. | This prospective single-arm study assessed the safety and efficacy of a convenient schedule, incorporating low-dose intravenous vitamin K (vitK(IV) ) for short-term warfarin reversal prior to elective surgery, as well as vitK-dependent factor levels (vitK-Factors) and International Normalized Ratio (INR) pre- and post-vitK(IV) . | 167/178 (94%) achieved an INR≤1·5 post-vitK(IV) on the day of surgery, while all achieved INR≤1·7.","ABSTRACT: Short-term warfarin reversal for elective surgery--using low-dose intravenous vitamin K: safe, reliable and convenient*.. | This prospective single-arm study assessed the safety and efficacy of a convenient schedule, incorporating low-dose intravenous vitamin K (vitK(IV) ) for short-term warfarin reversal prior to elective surgery, as well as vitK-dependent factor levels (vitK-Factors) and International Normalized Ratio (INR) pre- and post-vitK(IV) .",,False,automated_from_observed_title_abstract,28
A1,REC-PUBMED-15121490,15121490,Role of dietary vitamin K intake in chronic oral anticoagulation: prospective evidence from observational and randomized protocols.,2004.0,10.1016/j.amjmed.2003.12.036,https://pubmed.ncbi.nlm.nih.gov/15121490/,"Clinical Trial|Journal Article|Randomized Controlled Trial|Research Support, Non-U.S. Gov't",include_candidate,Role of dietary vitamin K intake in chronic oral anticoagulation: prospective evidence from observational and randomized protocols.. | We prospectively evaluated the effects of dietary vitamin K intake on anticoagulation parameters.,vitamin k,,"Role of dietary vitamin K intake in chronic oral anticoagulation: prospective evidence from observational and randomized protocols.. | PURPOSE: The potential association between vitamin K intake and coagulation instability has been explored primarily in case reports and small, retrospective, uncontrolled studies. | We prospectively evaluated the effects of dietary vitamin K intake on anticoagulation parameters.","ABSTRACT: Role of dietary vitamin K intake in chronic oral anticoagulation: prospective evidence from observational and randomized protocols.. | PURPOSE: The potential association between vitamin K intake and coagulation instability has been explored primarily in case reports and small, retrospective, uncontrolled studies. | We prospectively evaluated the effects of dietary vitamin K intake on anticoagulation parameters.",,False,automated_from_observed_title_abstract,28
A1,REC-PUBMED-27346552,27346552,The effect of low-dose oral vitamin K supplementation on INR stability in patients receiving warfarin. A randomised trial.,2016.0,10.1160/th16-04-0320,https://pubmed.ncbi.nlm.nih.gov/27346552/,"Journal Article|Multicenter Study|Randomized Controlled Trial|Research Support, Non-U.S. Gov't",include_candidate,The effect of low-dose oral vitamin K supplementation on INR stability in patients receiving warfarin. | The anticoagulant effect of warfarin is influenced by variations in vitamin K intake.,vitamin k,150 mcg,The effect of low-dose oral vitamin K supplementation on INR stability in patients receiving warfarin. | Concomitant use of daily low-dose oral vitamin K (LDVK) and warfarin may improve INR stability. | We hypothesise that administration of LDVK improves INR control.,ABSTRACT: The effect of low-dose oral vitamin K supplementation on INR stability in patients receiving warfarin. | The anticoagulant effect of warfarin is influenced by variations in vitamin K intake. | Concomitant use of daily low-dose oral vitamin K (LDVK) and warfarin may improve INR stability.,,False,automated_from_observed_title_abstract,27
A1,REC-PUBMED-24832594,24832594,Vitamin K for improved anticoagulation control in patients receiving warfarin.,2014.0,10.1002/14651858.cd009917.pub2,https://pubmed.ncbi.nlm.nih.gov/24832594/,"Journal Article|Meta-Analysis|Research Support, Non-U.S. Gov't|Systematic Review",include_candidate,Vitamin K for improved anticoagulation control in patients receiving warfarin.. | BACKGROUND: Effective use of warfarin involves keeping the international normalised ratio (INR) within a relatively narrow therapeutic range.,vitamin k,150 to 175 mcg | 175 mcg,"Vitamin K for improved anticoagulation control in patients receiving warfarin.. | BACKGROUND: Effective use of warfarin involves keeping the international normalised ratio (INR) within a relatively narrow therapeutic range. | Overcoagulation can lead to an increased risk of excessive bleeding, while undercoagulation can lead to increased clot formation.","ABSTRACT: There is some evidence that patients with a variable response to warfarin may benefit from a concomitant low dose of vitamin K. | OBJECTIVES: To assess the effects of concomitant supplementation of low-dose oral vitamin K for anticoagulation control in patients being initiated on or taking a maintenance dose of warfarin. | This study found that in the group of participants deemed to have poor INR control, the addition of 150 micrograms (mcg) oral vitamin K significantly improved anticoagulation control in those with unexplained instability of response to warfarin.",https://pmc.ncbi.nlm.nih.gov/articles/PMC11254377/,False,automated_from_observed_title_abstract,27
A1,REC-PUBMED-9378848,9378848,Antagonism of warfarin-induced hypoprothrombinemia with use of low-dose subcutaneous vitamin K1.,1997.0,10.1002/j.1552-4604.1997.tb04363.x,https://pubmed.ncbi.nlm.nih.gov/9378848/,Clinical Trial|Journal Article,include_candidate_design_unclear,"Antagonism of warfarin-induced hypoprothrombinemia with use of low-dose subcutaneous vitamin K1.. | Historically, oral or intravenous doses of vitamin K1 for supratherapeutic anticoagulation have ranged from 10 mg to 50 mg.",vitamin k,10 mg | 4.9 mg | 50 mg,"Historically, oral or intravenous doses of vitamin K1 for supratherapeutic anticoagulation have ranged from 10 mg to 50 mg. | The aim of this study was twofold: 1) to test the general utility of recommendations put forth by the Third Conference of Antithrombotic Therapy, and 2) to test the reliability of the subcutaneous route for this treatment. | The rate of decline of the INR to 3 was statistically significantly greater in favor of the treatment group.","ABSTRACT: Antagonism of warfarin-induced hypoprothrombinemia with use of low-dose subcutaneous vitamin K1.. | Historically, oral or intravenous doses of vitamin K1 for supratherapeutic anticoagulation have ranged from 10 mg to 50 mg. | No data specifically confirm the use of low-dose subcutaneous vitamin K1 for warfarin induced hypoprothrombinemia.",,False,automated_from_observed_title_abstract,27
A1,REC-PUBMED-22522851,22522851,[Oral administration of intravenous preparation of Vitamin K for excessive anticoagulation due to warfarin].,2012.0,,https://pubmed.ncbi.nlm.nih.gov/22522851/,English Abstract|Journal Article|Randomized Controlled Trial,include_candidate,"[Oral administration of intravenous preparation of Vitamin K for excessive anticoagulation due to warfarin].. | Anticoagulation therapy with warfarin, a common clinical practice, needs to be monitored using protombine time expressed as the International Normalized Ratio (INR); when safety range is exceeded, Vitamin K (Vit-K) could be administered with preference orally.",vitamin k,1.25mg,"[Oral administration of intravenous preparation of Vitamin K for excessive anticoagulation due to warfarin].. | Anticoagulation therapy with warfarin, a common clinical practice, needs to be monitored using protombine time expressed as the International Normalized Ratio (INR); when safety range is exceeded, Vitamin K (Vit-K) could be administered with preference orally. | This is a double blinded, randomized, placebo controlled, clinical trial; 20 patients, age 18-60 year with initial INR ≥ 6, ≤ 10, were randomized to oral Vit-K 1.25mg (prepared from intravenous presentation) or placebo plus withholding warfarin.","ABSTRACT: [Oral administration of intravenous preparation of Vitamin K for excessive anticoagulation due to warfarin].. | Anticoagulation therapy with warfarin, a common clinical practice, needs to be monitored using protombine time expressed as the International Normalized Ratio (INR); when safety range is exceeded, Vitamin K (Vit-K) could be administered with preference orally.",,False,automated_from_observed_title_abstract,26
A1,REC-PUBMED-14609783,14609783,Comparison of oral vs intravenous phytonadione (vitamin K1) in patients with excessive anticoagulation: a prospective randomized controlled study.,2003.0,10.1001/archinte.163.20.2469,https://pubmed.ncbi.nlm.nih.gov/14609783/,Clinical Trial|Comparative Study|Journal Article|Randomized Controlled Trial,include_candidate,Comparison of oral vs intravenous phytonadione (vitamin K1) in patients with excessive anticoagulation: a prospective randomized controlled study.. | BACKGROUND: Treatment of patients with excessive anticoagulation is routinely done by intravenous phytonadione (vitamin K1).,vitamin k,0.5 mg | 1 mg | 2.5 mg | 5 mg,Comparison of oral vs intravenous phytonadione (vitamin K1) in patients with excessive anticoagulation: a prospective randomized controlled study.. | BACKGROUND: Treatment of patients with excessive anticoagulation is routinely done by intravenous phytonadione (vitamin K1). | Our objective was to compare efficacy and safety of intravenous vs oral phytonadione treatment in patients with excessive anticoagulation without bleeding.,ABSTRACT: Comparison of oral vs intravenous phytonadione (vitamin K1) in patients with excessive anticoagulation: a prospective randomized controlled study..,,False,automated_from_observed_title_abstract,26
A1,REC-PUBMED-8292723,8292723,Reversal of excessive effect of regular anticoagulation: low oral dose of phytonadione (vitamin K1) compared with warfarin discontinuation.,1993.0,,https://pubmed.ncbi.nlm.nih.gov/8292723/,Clinical Trial|Journal Article|Randomized Controlled Trial,include_candidate,"Reversal of excessive effect of regular anticoagulation: low oral dose of phytonadione (vitamin K1) compared with warfarin discontinuation.. | To determine the best way to reverse the excessive effect of regular anticoagulation in patients with INR > 5 and no bleeding complications, 23 patients with INR > 5 were randomly subdivided into two groups: group A (n = 12) discontinued warfarin for one day and group B (n = 11) received 2 mg of vitamin K1 orally in addition to the usual warfarin dose.",vitamin k,2 mg,"Reversal of excessive effect of regular anticoagulation: low oral dose of phytonadione (vitamin K1) compared with warfarin discontinuation.. | To determine the best way to reverse the excessive effect of regular anticoagulation in patients with INR > 5 and no bleeding complications, 23 patients with INR > 5 were randomly subdivided into two groups: group A (n = 12) discontinued warfarin for one day and group B (n = 11) received 2 mg of vitamin K1 orally in addition to the usual warfarin dose. | INR was determined after 24 h (day 1), after which both groups continued with their usual dose of warfarin.","ABSTRACT: Reversal of excessive effect of regular anticoagulation: low oral dose of phytonadione (vitamin K1) compared with warfarin discontinuation.. | To determine the best way to reverse the excessive effect of regular anticoagulation in patients with INR > 5 and no bleeding complications, 23 patients with INR > 5 were randomly subdivided into two groups: group A (n = 12) discontinued warfarin for one day and group B (n = 11) received 2 mg of vitamin K1 orally in addition to the usual warfarin dose. | These findings suggest that a low oral dose of vitamin K1 is a convenient treatment for excessive anticoagulation in patients with no bleeding complications.",,False,automated_from_observed_title_abstract,26
A1,REC-PUBMED-17183431,17183431,A single dose of oral vitamin K effectively reverses oral anticoagulation with phenprocoumon during heart catheterisation.,2006.0,10.4414/smw.2006.11452,https://pubmed.ncbi.nlm.nih.gov/17183431/,Clinical Trial|Journal Article,include_candidate_design_unclear,A single dose of oral vitamin K effectively reverses oral anticoagulation with phenprocoumon during heart catheterisation.. | QUESTION UNDER STUDY: To investigate the effectiveness of a single adjusted dose of oral vitamin K to temporarily reverse oral anticoagulation with phenprocoumon (Marcoumar) for heart catheterisation.,vitamin k,,A single dose of oral vitamin K effectively reverses oral anticoagulation with phenprocoumon during heart catheterisation.. | QUESTION UNDER STUDY: To investigate the effectiveness of a single adjusted dose of oral vitamin K to temporarily reverse oral anticoagulation with phenprocoumon (Marcoumar) for heart catheterisation. | METHODS: Patients under stable oral anticoagulation with phenprocoumon routinely scheduled for heart catheterizstion were given a single adjusted dose of oral vitamin K a day prior to the intervention.,ABSTRACT: A single dose of oral vitamin K effectively reverses oral anticoagulation with phenprocoumon during heart catheterisation.. | QUESTION UNDER STUDY: To investigate the effectiveness of a single adjusted dose of oral vitamin K to temporarily reverse oral anticoagulation with phenprocoumon (Marcoumar) for heart catheterisation. | METHODS: Patients under stable oral anticoagulation with phenprocoumon routinely scheduled for heart catheterizstion were given a single adjusted dose of oral vitamin K a day prior to the intervention.,,False,automated_from_observed_title_abstract,25
A1,REC-PUBMED-9657434,9657434,Low-dose oral vitamin K reliably reverses over-anticoagulation due to warfarin.,1998.0,,https://pubmed.ncbi.nlm.nih.gov/9657434/,"Clinical Trial|Journal Article|Multicenter Study|Research Support, Non-U.S. Gov't",include_candidate,Low-dose oral vitamin K reliably reverses over-anticoagulation due to warfarin.. | BACKGROUND: Patients receiving long-term warfarin frequently develop asymptomatic excessive prolongation of their international normalized ratio (INR) results.,vitamin k,1 mg | 2 mg,Low-dose oral vitamin K reliably reverses over-anticoagulation due to warfarin.. | BACKGROUND: Patients receiving long-term warfarin frequently develop asymptomatic excessive prolongation of their international normalized ratio (INR) results. | This prospective cohort study was designed to address whether 1 mg of oral vitamin K effectively reduces the INR value of such patients.,"ABSTRACT: Low-dose oral vitamin K reliably reverses over-anticoagulation due to warfarin.. | This prospective cohort study was designed to address whether 1 mg of oral vitamin K effectively reduces the INR value of such patients. | METHODS: A prospective cohort study was performed in two tertiary care teaching hospitals, in which 62 patients receiving warfarin who had INR values between 4.5 and 10.0 received 1 mg of oral vitamin K.",,False,automated_from_observed_title_abstract,25
A1,REC-PUBMED-30850385,30850385,Vitamin K for reversal of excessive vitamin K antagonist anticoagulation: a systematic review and meta-analysis.,2019.0,10.1182/bloodadvances.2018025163,https://pubmed.ncbi.nlm.nih.gov/30850385/,Journal Article|Meta-Analysis|Systematic Review,include_candidate,Vitamin K for reversal of excessive vitamin K antagonist anticoagulation: a systematic review and meta-analysis.. | Patients receiving vitamin K antagonists (VKAs) with an international normalized ratio (INR) between 4.5 and 10 are at increased risk of bleeding.,vitamin k,,Vitamin K for reversal of excessive vitamin K antagonist anticoagulation: a systematic review and meta-analysis.. | Patients receiving vitamin K antagonists (VKAs) with an international normalized ratio (INR) between 4.5 and 10 are at increased risk of bleeding. | We systematically reviewed the literature to evaluate the effectiveness and safety of administering vitamin K in patients receiving VKA therapy with INR between 4.5 and 10 and without bleeding.,"ABSTRACT: We systematically reviewed the literature to evaluate the effectiveness and safety of administering vitamin K in patients receiving VKA therapy with INR between 4.5 and 10 and without bleeding. | Pooled estimates indicate a nonsignificant increased risk of mortality (RR = 1.42; 95% confidence interval [CI], 0.62-2.47), bleeding (RR = 2.24; 95% CI, 0.81-7.27), and thromboembolism (RR = 1.29; 95% CI, 0.35-4.78) for vitamin K administration, with moderate certainty of the evidence resulting from serious imprecision as CIs included potential for benefit and harm. | Our findings indicate that patients on VKA therapy who have an INR between 4.5 and 10.0 without bleeding are not likely to benefit from vitamin K administration in addition to temporary VKA cessation.",https://pmc.ncbi.nlm.nih.gov/articles/PMC6418499/,False,automated_from_observed_title_abstract,24
A1,REC-PUBMED-26566518,26566518,Association Between Usual Vitamin K Intake and Anticoagulation in Patients Under Warfarin Therapy.,2015.0,10.7762/cnr.2015.4.4.235,https://pubmed.ncbi.nlm.nih.gov/26566518/,Journal Article,include_candidate_design_unclear,Association Between Usual Vitamin K Intake and Anticoagulation in Patients Under Warfarin Therapy.. | This study aimed to explore the correlation between usual vitamin K intake and response to anticoagulant therapy among patients under warfarin therapy.,vitamin k,165.2 µg,Association Between Usual Vitamin K Intake and Anticoagulation in Patients Under Warfarin Therapy.. | Anticoagulant effect was evaluated by using the percent time in therapeutic range (TTR) and the coefficient of variation (CV) of International normalized ratio (INR). | The mean percent TTR was 38.4 ± 28.4% and CV of INR was 31.8 ± 11.8%.,"ABSTRACT: Association Between Usual Vitamin K Intake and Anticoagulation in Patients Under Warfarin Therapy.. | This study aimed to explore the correlation between usual vitamin K intake and response to anticoagulant therapy among patients under warfarin therapy. | In conclusion, no significant association was observed between usual vitamin K intake and anticoagulant effects.",https://pmc.ncbi.nlm.nih.gov/articles/PMC4641985/,False,automated_from_observed_title_abstract,24
A1,REC-PUBMED-17110451,17110451,Vitamin K supplementation can improve stability of anticoagulation for patients with unexplained variability in response to warfarin.,2007.0,10.1182/blood-2006-09-049262,https://pubmed.ncbi.nlm.nih.gov/17110451/,Journal Article|Randomized Controlled Trial,include_candidate,Vitamin K supplementation can improve stability of anticoagulation for patients with unexplained variability in response to warfarin.. | Patients receiving warfarin who have unstable control of anticoagulation have a significantly lower intake of dietary vitamin K compared with their stable counterparts.,vitamin k,,Vitamin K supplementation can improve stability of anticoagulation for patients with unexplained variability in response to warfarin.. | Patients receiving warfarin who have unstable control of anticoagulation have a significantly lower intake of dietary vitamin K compared with their stable counterparts. | We hypothesized that supplementation with oral vitamin K would improve stability in patients with previously unstable control of anticoagulation.,ABSTRACT: Vitamin K supplementation can improve stability of anticoagulation for patients with unexplained variability in response to warfarin.. | Patients receiving warfarin who have unstable control of anticoagulation have a significantly lower intake of dietary vitamin K compared with their stable counterparts. | We hypothesized that supplementation with oral vitamin K would improve stability in patients with previously unstable control of anticoagulation.,,False,automated_from_observed_title_abstract,24
A1,REC-PUBMED-17666020,17666020,Daily vitamin K supplementation improves anticoagulant stability.,2007.0,10.1111/j.1538-7836.2007.02715.x,https://pubmed.ncbi.nlm.nih.gov/17666020/,Journal Article|Randomized Controlled Trial,include_candidate,Daily vitamin K supplementation improves anticoagulant stability.. | BACKGROUND: One of the causes of unstable anticoagulant control in patients using vitamin K antagonists is a fluctuating intake of vitamin K.,vitamin k,,"200 patients of the Leiden anticoagulation clinic, who used the vitamin K antagonist phenprocoumon, were randomized to receive either adjusted-dose phenprocoumon and 100 mug vitamin K once daily or adjusted-dose phenprocoumon and a placebo. | Because the risk of side effects is inversely related to anticoagulant stability, such an improvement is likely to reduce the number of bleeding and thrombotic events.",ABSTRACT: Daily vitamin K supplementation improves anticoagulant stability.. | BACKGROUND: One of the causes of unstable anticoagulant control in patients using vitamin K antagonists is a fluctuating intake of vitamin K. | Research suggests that patients with a low dietary intake of vitamin K have a less stable anticoagulant control than patients with a higher intake.,,False,automated_from_observed_title_abstract,24
A1,REC-PUBMED-23953594,23953594,Effect of 200μG/day of vitamin K1 on the variability of anticoagulation control in patients on warfarin: a randomized controlled trial.,2013.0,10.1016/j.thromres.2013.07.019,https://pubmed.ncbi.nlm.nih.gov/23953594/,Journal Article|Randomized Controlled Trial,include_candidate,Effect of 200μG/day of vitamin K1 on the variability of anticoagulation control in patients on warfarin: a randomized controlled trial.. | BACKGROUND: Controversy exists whether low-dose vitamin K supplementation can improve anticoagulation control in patients with unstable anticoagulation under warfarin.,vitamin k,200 μg | 200μG,Effect of 200μG/day of vitamin K1 on the variability of anticoagulation control in patients on warfarin: a randomized controlled trial.. | BACKGROUND: Controversy exists whether low-dose vitamin K supplementation can improve anticoagulation control in patients with unstable anticoagulation under warfarin. | METHODS: Effectiveness of Vitamin K1 supplementation was primarily assessed by the percentage (%) of Time-in-Therapeutic-Range (TTR) and secondarily by the standard deviation (SD) of the patient's INR values; the proportion of out-of-range INRs; and the number of dose changes on warfarin.,ABSTRACT: BACKGROUND: Controversy exists whether low-dose vitamin K supplementation can improve anticoagulation control in patients with unstable anticoagulation under warfarin. | METHODS: Effectiveness of Vitamin K1 supplementation was primarily assessed by the percentage (%) of Time-in-Therapeutic-Range (TTR) and secondarily by the standard deviation (SD) of the patient's INR values; the proportion of out-of-range INRs; and the number of dose changes on warfarin. | CONCLUSION: Vitamin K1 supplementation reduces the SD of INRs as an indicator of the variability in anticoagulation control in patients treated with warfarin for VTE.,,False,automated_from_observed_title_abstract,23
A1,REC-PUBMED-11075768,11075768,Treatment of warfarin-associated coagulopathy with oral vitamin K: a randomised controlled trial.,2000.0,10.1016/s0140-6736(00)03125-1,https://pubmed.ncbi.nlm.nih.gov/11075768/,"Clinical Trial|Journal Article|Multicenter Study|Randomized Controlled Trial|Research Support, Non-U.S. Gov't",include_candidate,Treatment of warfarin-associated coagulopathy with oral vitamin K: a randomised controlled trial.. | BACKGROUND: Warfarin-associated coagulopathy is a frequent clinical complication.,vitamin k,1 mg,"We aimed to assess whether treatment with vitamin K is safe and more effective than placebo in rapidly lowering the international normalised ratio (INR) into the therapeutic range in over anticoagulated patients receiving warfarin. | In this study, patients receiving warfarin who had an INR value between 4.5 and 10.0, and who did not have an indication for the immediate normalisation of their INR, had their warfarin withheld, and were randomly allocated to receive either 1 mg of vitamin K or placebo orally. | The primary outcome measure was the INR value on the day after treatment.","ABSTRACT: Treatment of warfarin-associated coagulopathy with oral vitamin K: a randomised controlled trial.. | In this study, patients receiving warfarin who had an INR value between 4.5 and 10.0, and who did not have an indication for the immediate normalisation of their INR, had their warfarin withheld, and were randomly allocated to receive either 1 mg of vitamin K or placebo orally. | FINDINGS: Patients given vitamin K had a more rapid decrease in the INR than those given placebo (25 of 45 (56%] vs nine of 44 [20%] patients with INR values of 1.8-3.2 on the day after treatment, respectively, p=0.001; odds ratio [OR] 0.21, 95% CI 0.07-0.57).",,False,automated_from_observed_title_abstract,23
A1,REC-PUBMED-33783553,33783553,"Randomized, placebo-controlled trial of orally administered vitamin K1 for warfarin-associated coagulopathy in Chinese patients with mechanical heart valves.",2021.0,10.1007/s00228-021-03127-8,https://pubmed.ncbi.nlm.nih.gov/33783553/,Journal Article|Randomized Controlled Trial,include_candidate,"Randomized, placebo-controlled trial of orally administered vitamin K1 for warfarin-associated coagulopathy in Chinese patients with mechanical heart valves.. | PURPOSE: Warfarin-associated coagulopathy commonly occurs in patients undergoing treatment with this anticoagulant.",vitamin k,2.5 mg,This trial aimed to determine the efficacy of using low-dose orally administered vitamin K1 to lower international normalized ratio (INR) values into the target range in a cohort of Chinese patients with mechanical heart valves. | Chinese patients with mechanical heart valves who were undergoing warfarin treatment and who had INR values from 4.0 to 10.0 without bleeding were the subjects of this study. | Warfarin was discontinued in both groups until INR values were ≤ 2.5.,"ABSTRACT: Randomized, placebo-controlled trial of orally administered vitamin K1 for warfarin-associated coagulopathy in Chinese patients with mechanical heart valves.. | This trial aimed to determine the efficacy of using low-dose orally administered vitamin K1 to lower international normalized ratio (INR) values into the target range in a cohort of Chinese patients with mechanical heart valves. | Patients administered vitamin K1 exhibited a quick reduction in INR values relative to patients administered placebo (29 of 40 [72.5%] vs.",,False,automated_from_observed_title_abstract,22
A1,REC-PUBMED-28680174,28680174,Management of Supratherapeutic International Normalized Ratio without Bleeding after Warfarin Use: An Evaluation of Vitamin K Administration (SUPRA-WAR-K Study).,2017.0,10.4212/cjhp.v70i3.1660,https://pubmed.ncbi.nlm.nih.gov/28680174/,Journal Article,include_candidate,Management of Supratherapeutic International Normalized Ratio without Bleeding after Warfarin Use: An Evaluation of Vitamin K Administration (SUPRA-WAR-K Study).. | OBJECTIVES: To compare efficacy and safety outcomes between holding warfarin alone and holding warfarin with administration of vitamin K and to compare these outcomes among various doses and routes of vitamin K administration in non-critical care inpatients experiencing supratherapeutic INR without evidence of bleeding.,vitamin k,,"Management of Supratherapeutic International Normalized Ratio without Bleeding after Warfarin Use: An Evaluation of Vitamin K Administration (SUPRA-WAR-K Study).. | BACKGROUND: For patients with supratherapeutic international normalized ratio (INR) and no evidence of bleeding, the 2012 guidelines of the American College of Chest Physicians discourage administration of vitamin K. | At the study hospital, it was observed that vitamin K was frequently prescribed for patients with INR of 4.5 or higher and no bleeding.","ABSTRACT: Management of Supratherapeutic International Normalized Ratio without Bleeding after Warfarin Use: An Evaluation of Vitamin K Administration (SUPRA-WAR-K Study).. | BACKGROUND: For patients with supratherapeutic international normalized ratio (INR) and no evidence of bleeding, the 2012 guidelines of the American College of Chest Physicians discourage administration of vitamin K. | OBJECTIVES: To compare efficacy and safety outcomes between holding warfarin alone and holding warfarin with administration of vitamin K and to compare these outcomes among various doses and routes of vitamin K administration in non-critical care inpatients experiencing supratherapeutic INR without evidence of bleeding.",https://pmc.ncbi.nlm.nih.gov/articles/PMC5491196/,False,automated_from_observed_title_abstract,22
A1,REC-PUBMED-23530987,23530987,Effect of low-dose supplements of menaquinone-7 (vitamin K2 ) on the stability of oral anticoagulant treatment: dose-response relationship in healthy volunteers.,2013.0,10.1111/jth.12203,https://pubmed.ncbi.nlm.nih.gov/23530987/,"Journal Article|Research Support, Non-U.S. Gov't",include_candidate_design_unclear,"Effect of low-dose supplements of menaquinone-7 (vitamin K2 ) on the stability of oral anticoagulant treatment: dose-response relationship in healthy volunteers.. | BACKGROUND AND OBJECTIVE: Despite the worldwide use of vitamin K antagonists (VKAs), there is limited knowledge of the influence of dietary vitamin K on anticoagulation control.",vitamin k,10 μg | 20 μg | 45 μg,"BACKGROUND AND OBJECTIVE: Despite the worldwide use of vitamin K antagonists (VKAs), there is limited knowledge of the influence of dietary vitamin K on anticoagulation control. | PATIENTS: Eighteen healthy men and women were anticoagulated for 4 weeks with acenocoumarol, and 15 of them attained a target International Normalized Ratio (INR) of 2.0. | RESULTS: Apart from the INR, acenocoumarol treatment significantly increased the levels of uncarboxylated factor II (ucFII), uncarboxylated osteocalcin (ucOC), and desphospho-uncarboxylated matrix Gla-protein (dp-ucMGP), and decreased endogenous thrombin generation (ETP).","ABSTRACT: Effect of low-dose supplements of menaquinone-7 (vitamin K2 ) on the stability of oral anticoagulant treatment: dose-response relationship in healthy volunteers.. | BACKGROUND AND OBJECTIVE: Despite the worldwide use of vitamin K antagonists (VKAs), there is limited knowledge of the influence of dietary vitamin K on anticoagulation control.",,False,automated_from_observed_title_abstract,22
A1,REC-PUBMED-20653669,20653669,Warfarin and vitamin K intake in the era of pharmacogenetics.,2010.0,10.1111/j.1365-2125.2010.03672.x,https://pubmed.ncbi.nlm.nih.gov/20653669/,Journal Article|Review,include_candidate_design_unclear,"Warfarin and vitamin K intake in the era of pharmacogenetics.. | The considerable variability in the warfarin dose-response relationship between individuals, is explained mainly by genetic variation in its major metabolic (CYP2C9) and target (VKORC1) enzymes.",vitamin k,,"In this commentary we review the current role of vitamin K in warfarin anticoagulation therapy, with emphasis on the following: 1 The effect of dietary and supplemental vitamin K on warfarin anticoagulation, beyond the impact of genetic variability in CYP2C9 and VKORC1. | We deal separately with the effects of vitamin K on warfarin dose requirements during the induction of therapy, as opposed to its effect on stability of anticoagulation control during maintenance therapy. | 2 The role of vitamin K supplementation in warfarin treated patients with vitamin K deficiency as well as in patients with unstable warfarin anticoagulation, and 3 The role of therapeutic vitamin K in cases of warfarin over-anticoagulation.","ABSTRACT: Warfarin and vitamin K intake in the era of pharmacogenetics.. | Among these factors, dietary and supplemental vitamin K consumption is a controllable contributor to within-, and between-patient variability of warfarin sensitivity. | In this commentary we review the current role of vitamin K in warfarin anticoagulation therapy, with emphasis on the following: 1 The effect of dietary and supplemental vitamin K on warfarin anticoagulation, beyond the impact of genetic variability in CYP2C9 and VKORC1.",https://pmc.ncbi.nlm.nih.gov/articles/PMC2911546/,False,automated_from_observed_title_abstract,22
A1,REC-PUBMED-19258557,19258557,Oral vitamin K versus placebo to correct excessive anticoagulation in patients receiving warfarin: a randomized trial.,2009.0,10.7326/0003-4819-150-5-200903030-00005,https://pubmed.ncbi.nlm.nih.gov/19258557/,"Journal Article|Multicenter Study|Randomized Controlled Trial|Research Support, Non-U.S. Gov't",include_candidate,Oral vitamin K versus placebo to correct excessive anticoagulation in patients receiving warfarin: a randomized trial.. | BACKGROUND: Low-dose oral vitamin K decreases the international normalized ratio (INR) in overanticoagulated patients who receive warfarin therapy.,vitamin k,1.25 mg,Oral vitamin K versus placebo to correct excessive anticoagulation in patients receiving warfarin: a randomized trial.. | BACKGROUND: Low-dose oral vitamin K decreases the international normalized ratio (INR) in overanticoagulated patients who receive warfarin therapy. | Its effects on bleeding events are uncertain.,ABSTRACT: Oral vitamin K versus placebo to correct excessive anticoagulation in patients receiving warfarin: a randomized trial.. | BACKGROUND: Low-dose oral vitamin K decreases the international normalized ratio (INR) in overanticoagulated patients who receive warfarin therapy. | OBJECTIVE: To see whether low-dose oral vitamin K reduces bleeding events over 90 days in patients with warfarin-associated coagulopathy.,,False,automated_from_observed_title_abstract,22
A1,REC-PUBMED-17380255,17380255,Low-dose oral vitamin K to normalize the international normalized ratio prior to surgery in patients who require temporary interruption of warfarin.,2007.0,10.1007/s11239-007-0022-z,https://pubmed.ncbi.nlm.nih.gov/17380255/,Journal Article,include_candidate,"Low-dose oral vitamin K to normalize the international normalized ratio prior to surgery in patients who require temporary interruption of warfarin.. | BACKGROUND: In patients who require warfarin interruption before surgery and have an elevated international normalized ratio (INR) before surgery, low-dose vitamin K may normalize the INR in time for surgery.",vitamin k,1 mg,"BACKGROUND: In patients who require warfarin interruption before surgery and have an elevated international normalized ratio (INR) before surgery, low-dose vitamin K may normalize the INR in time for surgery. | PATIENTS AND METHODS: In a retrospective cohort study, we assessed the efficacy of 1 mg oral vitamin K to normalize the INR for surgery and whether resistance to re-anticoagulation occurs when warfarin is restarted after surgery. | We studied a cohort of patients with an INR 1.4-1.9 on the day before surgery who received 1 mg oral vitamin K (vitamin K group), and a comparator group of patients with a normal INR (< or = 1.3) on the day before surgery who did not receive vitamin K (no vitamin K group).","ABSTRACT: Low-dose oral vitamin K to normalize the international normalized ratio prior to surgery in patients who require temporary interruption of warfarin.. | BACKGROUND: In patients who require warfarin interruption before surgery and have an elevated international normalized ratio (INR) before surgery, low-dose vitamin K may normalize the INR in time for surgery. | PATIENTS AND METHODS: In a retrospective cohort study, we assessed the efficacy of 1 mg oral vitamin K to normalize the INR for surgery and whether resistance to re-anticoagulation occurs when warfarin is restarted after surgery.",,False,automated_from_observed_title_abstract,22
A1,REC-PUBMED-17588394,17588394,Warfarin cessation before cardiopulmonary bypass: lessons learned from a randomized controlled trial of oral vitamin K.,2007.0,10.1016/j.athoracsur.2007.03.014,https://pubmed.ncbi.nlm.nih.gov/17588394/,"Journal Article|Randomized Controlled Trial|Research Support, Non-U.S. Gov't",include_candidate,Warfarin cessation before cardiopulmonary bypass: lessons learned from a randomized controlled trial of oral vitamin K.. | BACKGROUND: No standard protocol of warfarin cessation and bridging for cardiac surgery exists.,vitamin k,1 mg | 5 mg,The recovery of vitamin K-dependent factors and the effects of cardiopulmonary bypass on coagulation factors were explored. | Measures of bleeding and transfusion were also collected. | RESULTS: No difference in bleeding or transfusion was observed between the treatment groups.,ABSTRACT: Warfarin cessation before cardiopulmonary bypass: lessons learned from a randomized controlled trial of oral vitamin K.. | METHODS: Forty patients on warfarin undergoing cardiopulmonary bypass were randomized to receive 5 mg of oral vitamin K or placebo 6 days before surgery. | A 5-mg dose of vitamin K with warfarin discontinuation did not enhance recovery of vitamin K-dependent factors and is unnecessary.,,False,automated_from_observed_title_abstract,22
A1,REC-PUBMED-15642685,15642685,Oral vitamin K produces a normal INR within 24 hours of its administration in most patients discontinuing warfarin.,2005.0,,https://pubmed.ncbi.nlm.nih.gov/15642685/,"Letter|Randomized Controlled Trial|Research Support, Non-U.S. Gov't",include_candidate,Oral vitamin K produces a normal INR within 24 hours of its administration in most patients discontinuing warfarin.. | This study found that low dose oral vitamin K was more effective than placebo when used to correct the INR in patients who are discontinuing warfarin.,vitamin k,,Oral vitamin K produces a normal INR within 24 hours of its administration in most patients discontinuing warfarin.. | This study found that low dose oral vitamin K was more effective than placebo when used to correct the INR in patients who are discontinuing warfarin.,"ABSTRACT: Oral vitamin K produces a normal INR within 24 hours of its administration in most patients discontinuing warfarin.. | This study found that low dose oral vitamin K was more effective than placebo when used to correct the INR in patients who are discontinuing warfarin. | Larger studies will be required to determine if the use of oral vitamin K, for example in patients who are temporarily discontinuing warfarin to undergo interventional procedures, is safe and effective.",,False,automated_from_observed_title_abstract,22
A2,REC-PUBMED-28197979,28197979,No Effect of Omega-3 Carboxylic Acids on Pharmacokinetics/Pharmacodynamics of Warfarin or on Platelet Function When Co-administered with Acetylsalicylic Acid: Results of Two Phase I Studies in Healthy Volunteers.,2017.0,10.1007/s40256-017-0217-4,https://pubmed.ncbi.nlm.nih.gov/28197979/,"Clinical Trial, Phase I|Journal Article",include_candidate_design_unclear,No Effect of Omega-3 Carboxylic Acids on Pharmacokinetics/Pharmacodynamics of Warfarin or on Platelet Function When Co-administered with Acetylsalicylic Acid: Results of Two Phase I Studies in Healthy Volunteers.. | OBJECTIVE: Our objective was to assess the effects of OM3-CA on warfarin pharmacokinetics and pharmacodynamics and on acetylsalicylic acid (ASA)-dependent and independent platelet activation when co-administered with ASA in two phase I studies.,omega[- ]?3,25 mg | 4 g | 40 mg | 81 mg,"No Effect of Omega-3 Carboxylic Acids on Pharmacokinetics/Pharmacodynamics of Warfarin or on Platelet Function When Co-administered with Acetylsalicylic Acid: Results of Two Phase I Studies in Healthy Volunteers.. | OBJECTIVE: Our objective was to assess the effects of OM3-CA on warfarin pharmacokinetics and pharmacodynamics and on acetylsalicylic acid (ASA)-dependent and independent platelet activation when co-administered with ASA in two phase I studies. | Lack of a drug-drug interaction was indicated when 90% confidence intervals (CIs) fell entirely within the range 80-125% for least-squares mean (LSM) ratios of area under the concentration-time curve (AUC), maximum observed plasma concentration (C max), international normalized ratio (INR) AUC to 168 h and maximum INR.","ABSTRACT: No Effect of Omega-3 Carboxylic Acids on Pharmacokinetics/Pharmacodynamics of Warfarin or on Platelet Function When Co-administered with Acetylsalicylic Acid: Results of Two Phase I Studies in Healthy Volunteers.. | In OM-EPA-007, no significant effect of OM3-CA was observed on ASA-dependent or ASA-independent platelet activation.",,False,automated_from_observed_title_abstract,29
A2,REC-PUBMED-29627068,29627068,Role of Fish Oil in Post-Cardiotomy Bleeding: A Summary of the Basic Science and Clinical Trials.,2018.0,10.1016/j.athoracsur.2018.01.041,https://pubmed.ncbi.nlm.nih.gov/29627068/,Journal Article|Review,include_candidate,"The effect from fish oil alone is weak, but it is enhanced and may become clinically noticeable in patients taking antiplatelet therapy, and, to a lesser extent, in patients on factor Xa inhibitors and warfarin. | In the absence of other anticoagulants, fish oil alone is not capable of producing a clinically significant coagulopathy that would induce or contribute to surgical bleeding.",omega[- ]?3,,"Role of Fish Oil in Post-Cardiotomy Bleeding: A Summary of the Basic Science and Clinical Trials.. | RESULTS: Fish oil induces an in vitro coagulopathy in humans due to inhibitory effects in platelet-to-platelet adhesion and platelet-stimulated thrombin generation. | The effect from fish oil alone is weak, but it is enhanced and may become clinically noticeable in patients taking antiplatelet therapy, and, to a lesser extent, in patients on factor Xa inhibitors and warfarin.","ABSTRACT: Role of Fish Oil in Post-Cardiotomy Bleeding: A Summary of the Basic Science and Clinical Trials.. | RESULTS: Fish oil induces an in vitro coagulopathy in humans due to inhibitory effects in platelet-to-platelet adhesion and platelet-stimulated thrombin generation. | The effect from fish oil alone is weak, but it is enhanced and may become clinically noticeable in patients taking antiplatelet therapy, and, to a lesser extent, in patients on factor Xa inhibitors and warfarin.",,False,automated_from_observed_title_abstract,24
A2,REC-PUBMED-21423055,21423055,Omega-3 and fish oil supplements do not cause increased bleeding during spinal decompression surgery.,2012.0,10.1097/bsd.0b013e3182120227,https://pubmed.ncbi.nlm.nih.gov/21423055/,Controlled Clinical Trial|Journal Article,include_candidate,"Patients who had taken n-3FA within 14 days of surgery were compared with a control group with respect to demographics, preoperative use of other anticoagulants, surgical time, estimated intraoperative blood loss, and postoperative complications including reoperation for epidural hematoma and wound infection. | These were no significant between-group differences in demographic parameters, use of other anticoagulants, and surgical time.",omega[- ]?3,,Omega-3 and fish oil supplements do not cause increased bleeding during spinal decompression surgery.. | OBJECTIVE: The purpose of this study was to assess whether preoperative use of fish oil supplements increases intraoperative blood loss and postoperative bleeding complications during lumbar decompression surgery. | SUMMARY OF BACKGROUND DATA: Omega-3 fatty acids (n-3FA) are widely used as over-the-counter supplements because of well-established cardioprotective and antiplatelet effects.,ABSTRACT: Omega-3 and fish oil supplements do not cause increased bleeding during spinal decompression surgery.. | OBJECTIVE: The purpose of this study was to assess whether preoperative use of fish oil supplements increases intraoperative blood loss and postoperative bleeding complications during lumbar decompression surgery. | SUMMARY OF BACKGROUND DATA: Omega-3 fatty acids (n-3FA) are widely used as over-the-counter supplements because of well-established cardioprotective and antiplatelet effects.,,False,automated_from_observed_title_abstract,24
A2,REC-PUBMED-27657121,27657121,The Use of Fish Oil with Warfarin Does Not Significantly Affect either the International Normalised Ratio or Incidence of Adverse Events in Patients with Atrial Fibrillation and Deep Vein Thrombosis: A Retrospective Study.,2016.0,10.3390/nu8090578,https://pubmed.ncbi.nlm.nih.gov/27657121/,Journal Article,include_candidate,The Use of Fish Oil with Warfarin Does Not Significantly Affect either the International Normalised Ratio or Incidence of Adverse Events in Patients with Atrial Fibrillation and Deep Vein Thrombosis: A Retrospective Study.. | BACKGROUND: Warfarin is a leading anticoagulant in the management of atrial fibrillation (AF) and deep vein thrombosis (DVT).,omega[- ]?3,,"Drug interactions influence the safety of warfarin use and while extensive literature exists regarding the effect on warfarin control and bleeding incidence with many medicines, there is little evidence on the influence of complementary medicines. | The aim of this study was to assess the influence of fish and krill oil supplementation on warfarin control and bleeding incidence in AF and DVT patients. | Overall, it was found that fish and krill oils did not significantly alter warfarin time in therapeutic range (TTR) or bleeding incidence, even when compared by gender.",ABSTRACT: The Use of Fish Oil with Warfarin Does Not Significantly Affect either the International Normalised Ratio or Incidence of Adverse Events in Patients with Atrial Fibrillation and Deep Vein Thrombosis: A Retrospective Study.. | CONCLUSION: Omega-3 supplementation with fish and krill oil does not significantly affect long-term warfarin control and bleeding and thromboembolic events when consumed concurrently in patients managed at an anticoagulation clinic.,https://pmc.ncbi.nlm.nih.gov/articles/PMC5037562/,False,automated_from_observed_title_abstract,22
A2,REC-PUBMED-17182793,17182793,Plasma triacylglycerol and coagulation factor concentrations predict the anticoagulant effect of dietary fish oil in overweight subjects.,2007.0,10.1093/jn/137.1.7,https://pubmed.ncbi.nlm.nih.gov/17182793/,"Journal Article|Research Support, Non-U.S. Gov't",include_candidate_design_unclear,"Plasma triacylglycerol and coagulation factor concentrations predict the anticoagulant effect of dietary fish oil in overweight subjects.. | Fish oil, containing (n-3) PUFA, is associated with a moderate reduction in cardiovascular disease through a multifactorial mechanism involving a decrease in plasma lipids and anticoagulant activity.",omega[- ]?3,3.1 g,"Plasma triacylglycerol and coagulation factor concentrations predict the anticoagulant effect of dietary fish oil in overweight subjects.. | In both healthy subjects and diabetes patients, high triacylglycerol concentrations (>1.69 mmol/L) at baseline were closely linked to a strong fish oil-induced lowering of triacylglycerol and coagulation factor V, VII, and X concentrations, and thrombin generation.","ABSTRACT: Plasma triacylglycerol and coagulation factor concentrations predict the anticoagulant effect of dietary fish oil in overweight subjects.. | Fish oil, containing (n-3) PUFA, is associated with a moderate reduction in cardiovascular disease through a multifactorial mechanism involving a decrease in plasma lipids and anticoagulant activity. | In both healthy subjects and diabetes patients, high triacylglycerol concentrations (>1.69 mmol/L) at baseline were closely linked to a strong fish oil-induced lowering of triacylglycerol and coagulation factor V, VII, and X concentrations, and thrombin generation.",,False,automated_from_observed_title_abstract,21
A2,REC-PUBMED-17192169,17192169,Subdural hematoma after a fall in an elderly patient taking high-dose omega-3 fatty acids with warfarin and aspirin: case report and review of the literature.,2007.0,10.1592/phco.27.1.152,https://pubmed.ncbi.nlm.nih.gov/17192169/,Case Reports|Journal Article,include_candidate,"Subdural hematoma after a fall in an elderly patient taking high-dose omega-3 fatty acids with warfarin and aspirin: case report and review of the literature.. | The elderly population is at an increased risk for major bleeding, possibly due to increased sensitivity to anticoagulation, multiple comorbidities, and polypharmacy.",omega[- ]?3,6 g,"The elderly population is at an increased risk for major bleeding, possibly due to increased sensitivity to anticoagulation, multiple comorbidities, and polypharmacy. | Elderly patients receiving antiplatelet and anticoagulant therapy have an additional risk for bleeding. | The mechanism of action of n-3 PUFA is not completely understood, but a dual antiplatelet and anticoagulant effect has been proposed.",ABSTRACT: Subdural hematoma after a fall in an elderly patient taking high-dose omega-3 fatty acids with warfarin and aspirin: case report and review of the literature.. | Few data exist on whether or not fish oil can be used safely with other antiplatelet or anticoagulant drugs. | We report the case of a patient who after a minor fall developed a subdural hematoma requiring craniotomy that likely was precipitated by concomitant use of high-dose omega-3 fatty acids 6 g/day with both aspirin and warfarin.,,False,automated_from_observed_title_abstract,21
A2,REC-PUBMED-14742793,14742793,Fish oil interaction with warfarin.,2004.0,10.1345/aph.1d007,https://pubmed.ncbi.nlm.nih.gov/14742793/,Case Reports|Journal Article,include_candidate,Fish oil interaction with warfarin.. | OBJECTIVE: To report a case of elevated international normalized ratio (INR) in a patient taking fish oil and warfarin.,omega[- ]?3,1.5 mg | 1000 to 2000 mg,"OBJECTIVE: To report a case of elevated international normalized ratio (INR) in a patient taking fish oil and warfarin. | This patient has her INR checked in the anticoagulation clinic and is followed monthly by the clinical pharmacist. | Prior to the interaction, her INR was therapeutic for 5 months while she was taking warfarin 1.5 mg/d.","ABSTRACT: Fish oil interaction with warfarin.. | OBJECTIVE: To report a case of elevated international normalized ratio (INR) in a patient taking fish oil and warfarin. | The INR decreased to 1.6 one week after subsequent fish oil reduction, necessitating a return to the original warfarin dosing regimen.",,False,automated_from_observed_title_abstract,21
A2,REC-PUBMED-42298999,42298999,Nasal Bleeding as a Potential Side Effect of Omega-3 Fatty Acids: A Case Report.,2026.0,10.2174/0115748863448971260303083058,https://pubmed.ncbi.nlm.nih.gov/42298999/,Case Reports|Journal Article,include_candidate,"Nevertheless, because of their antiplatelet action, more cautious use of these supplements has been recommended in patients who have an invasive procedure or who are receiving antiplatelet or anticoagulant therapy.",omega[- ]?3,,"Nasal Bleeding as a Potential Side Effect of Omega-3 Fatty Acids: A Case Report.. | Nevertheless, because of their antiplatelet action, more cautious use of these supplements has been recommended in patients who have an invasive procedure or who are receiving antiplatelet or anticoagulant therapy. | Baseline coagulation parameters, such as prothrombin time, activated partial thromboplastin time, and platelet count, were also normal.","ABSTRACT: Nasal Bleeding as a Potential Side Effect of Omega-3 Fatty Acids: A Case Report.. | CONCLUSIONS: The potential of omega-3 FA supplementation to increase risk of bleeding, even at typical doses used in clinical trials, should be considered as demonstrated in this case.",,False,automated_from_observed_title_abstract,18
A2,REC-PUBMED-23207874,23207874,The assessment of risk for gastrointestinal injury with anticoagulant and antiplatelet drugs: the possible beneficial effect of eicosapentaenoic Acid for the risk of gastrointestinal injury.,2013.0,10.1248/bpb.b12-00584,https://pubmed.ncbi.nlm.nih.gov/23207874/,Journal Article,include_candidate,"The assessment of risk for gastrointestinal injury with anticoagulant and antiplatelet drugs: the possible beneficial effect of eicosapentaenoic Acid for the risk of gastrointestinal injury.. | The adjusted odds ratios for gastrointestinal injury were 1.56 (95% confidence interval 1.07-2.36) for hypertension, 1.70 (1.17-2.50) for low-dose aspirin, 2.77 (1.70-4.49) for clopidogrel, 1.95 (1.23-3.08) for warfarin, and 4.13 (2.88-5.95) for nonsteroidal anti-inflammatory drugs.",omega[- ]?3,,"The assessment of risk for gastrointestinal injury with anticoagulant and antiplatelet drugs: the possible beneficial effect of eicosapentaenoic Acid for the risk of gastrointestinal injury.. | Of the 3271 patients who received antithrombotic drug therapy, 172 (5.3%) developed gastrointestinal injuries, including gastric ulcers, duodenal ulcers, and hemorrhagic gastrointestinal injuries.",ABSTRACT: The assessment of risk for gastrointestinal injury with anticoagulant and antiplatelet drugs: the possible beneficial effect of eicosapentaenoic Acid for the risk of gastrointestinal injury..,,False,automated_from_observed_title_abstract,18
A2,REC-PUBMED-17923275,17923275,Extremely prolonged INR associated with warfarin in combination with both trazodone and omega-3 fatty acids.,2007.0,10.1016/j.arcmed.2007.05.004,https://pubmed.ncbi.nlm.nih.gov/17923275/,Case Reports|Journal Article,include_candidate_design_unclear,Extremely prolonged INR associated with warfarin in combination with both trazodone and omega-3 fatty acids.. | We report the case of a 65-year-old Caucasian male who had been taking warfarin for 6 months after an episode of postoperative pulmonary thromboembolism (PTE).,omega[- ]?3,,"Extremely prolonged INR associated with warfarin in combination with both trazodone and omega-3 fatty acids.. | Two weeks after taking these medications, when he routinely checked his international normalized ratio (INR), he arrived at the Emergency Department (ED) with a test result showing an INR of 8.06. | His INR returned to normal within 2 days.",ABSTRACT: Extremely prolonged INR associated with warfarin in combination with both trazodone and omega-3 fatty acids.. | Coadministration of warfarin with omega-3 fatty acids can lead to additional anticoagulation.,,False,automated_from_observed_title_abstract,18
A2,REC-PUBMED-10767122,10767122,Effects of Marine Fish Oils on the Anticoagulation Status of Patients Receiving Chronic Warfarin Therapy.,1998.0,10.1023/a:1008852127668,https://pubmed.ncbi.nlm.nih.gov/10767122/,Journal Article,include_candidate,"Effects of Marine Fish Oils on the Anticoagulation Status of Patients Receiving Chronic Warfarin Therapy.. | The purpose of this placebo-controlled, randomized, double-blinded, parallel study was to determine the existence and magnitude of effect of various doses of fish oil supplements on International Normalized Ratio (INR) determinations in patients receiving chronic warfarin therapy.",omega[- ]?3,,"Effects of Marine Fish Oils on the Anticoagulation Status of Patients Receiving Chronic Warfarin Therapy.. | The purpose of this placebo-controlled, randomized, double-blinded, parallel study was to determine the existence and magnitude of effect of various doses of fish oil supplements on International Normalized Ratio (INR) determinations in patients receiving chronic warfarin therapy. | Patients from anticoagulation clinics from both the Brady Green Community Health Center and Audie L.","ABSTRACT: Effects of Marine Fish Oils on the Anticoagulation Status of Patients Receiving Chronic Warfarin Therapy.. | The purpose of this placebo-controlled, randomized, double-blinded, parallel study was to determine the existence and magnitude of effect of various doses of fish oil supplements on International Normalized Ratio (INR) determinations in patients receiving chronic warfarin therapy. | Fish oil supplementation in doses of 3-6 grams per day does not seem to create a statistically significant effect on the anticoagulation status of patients receiving chronic warfarin therapy.",,False,automated_from_observed_title_abstract,18
A2,REC-PUBMED-28033135,28033135,Omega-3 Fatty Acid Supplementation and Warfarin: A Lethal Combination in Traumatic Brain Injury.,2017.0,10.1097/jtn.0000000000000256,https://pubmed.ncbi.nlm.nih.gov/28033135/,Case Reports|Journal Article,include_candidate_design_unclear,"Omega-3 Fatty Acid Supplementation and Warfarin: A Lethal Combination in Traumatic Brain Injury.. | Masked by its many benefits, the risks of omega-3 fatty acid supplementation are often underappreciated, particularly its ability to inhibit platelet aggregation and promote bleeding in patients taking anticoagulant medications.",omega[- ]?3,,"Masked by its many benefits, the risks of omega-3 fatty acid supplementation are often underappreciated, particularly its ability to inhibit platelet aggregation and promote bleeding in patients taking anticoagulant medications.","ABSTRACT: Omega-3 Fatty Acid Supplementation and Warfarin: A Lethal Combination in Traumatic Brain Injury.. | Masked by its many benefits, the risks of omega-3 fatty acid supplementation are often underappreciated, particularly its ability to inhibit platelet aggregation and promote bleeding in patients taking anticoagulant medications. | The following details the clinical case of an elderly patient taking warfarin and fish oil supplementation whose warfarin-induced coagulopathy could not be reversed after suffering blunt head trauma.",,False,automated_from_observed_title_abstract,17
B1,REC-PUBMED-19321253,19321253,"Diet, fluid, or supplements for secondary prevention of nephrolithiasis: a systematic review and meta-analysis of randomized trials.",2009.0,10.1016/j.eururo.2009.03.031,https://pubmed.ncbi.nlm.nih.gov/19321253/,"Journal Article|Meta-Analysis|Research Support, N.I.H., Extramural|Research Support, Non-U.S. Gov't|Research Support, U.S. Gov't, Non-P.H.S.|Systematic Review",include_candidate,"Diet, fluid, or supplements for secondary prevention of nephrolithiasis: a systematic review and meta-analysis of randomized trials.. | CONTEXT: Although numerous trials have evaluated efficacy of diet, fluid, or supplement interventions for secondary prevention of nephrolithiasis, few are included in previous systematic reviews or referenced in recent nephrolithiasis management guidelines.",calcium,,"Diet, fluid, or supplements for secondary prevention of nephrolithiasis: a systematic review and meta-analysis of randomized trials.. | CONTEXT: Although numerous trials have evaluated efficacy of diet, fluid, or supplement interventions for secondary prevention of nephrolithiasis, few are included in previous systematic reviews or referenced in recent nephrolithiasis management guidelines. | OBJECTIVE: To determine efficacy and safety of diet, fluid, or supplement interventions for secondary prevention of nephrolithiasis.","ABSTRACT: Content and results of multicomponent dietary interventions were heterogeneous; in one trial, fewer participants assigned increased dietary calcium, low animal protein, and low sodium had stone recurrence versus controls (20% vs 38%, p=0.03), while in another trial, more participants assigned diets that included low animal protein, high fruit and fiber, and low purine had recurrent stones than controls (30% vs 4%, p=0.004).",https://pmc.ncbi.nlm.nih.gov/articles/PMC2925677/,False,automated_from_observed_title_abstract,21
B1,REC-PUBMED-11271790,11271790,Why oral calcium supplements may reduce renal stone disease: report of a clinical pilot study.,2001.0,10.1136/jcp.54.1.54,https://pubmed.ncbi.nlm.nih.gov/11271790/,Clinical Trial|Journal Article|Randomized Controlled Trial,include_candidate_design_unclear,"Why oral calcium supplements may reduce renal stone disease: report of a clinical pilot study.. | In a further population of patients on follow up for previous renal stone disease, observations were made on 1066 24 hour urine samples collected over five years in respect of seasonal effects relevant to the interpretation of the study.",calcium,500 mg,"Why oral calcium supplements may reduce renal stone disease: report of a clinical pilot study.. | AIMS: To investigate whether increasing the daily baseline of gut calcium can cause a gradual downregulation of the active intestinal transport of calcium via reduced parathyroid hormone (PTH) mediated activation of vitamin D, and to discuss why such a mechanism might prevent calcium oxalate rich stones. | METHODS: Within an intensive 24 hour urine collection regimen, daily calcium supplementation (500 mg) was given to five stone formers for a 10 week period during a six month crossover study.","ABSTRACT: Why oral calcium supplements may reduce renal stone disease: report of a clinical pilot study.. | AIMS: To investigate whether increasing the daily baseline of gut calcium can cause a gradual downregulation of the active intestinal transport of calcium via reduced parathyroid hormone (PTH) mediated activation of vitamin D, and to discuss why such a mechanism might prevent calcium oxalate rich stones. | METHODS: Within an intensive 24 hour urine collection regimen, daily calcium supplementation (500 mg) was given to five stone formers for a 10 week period during a six month crossover study.",https://pmc.ncbi.nlm.nih.gov/articles/PMC1731261/,False,automated_from_observed_title_abstract,16
B1,REC-PUBMED-33872340,33872340,Effect of dietary treatment and fluid intake on the prevention of recurrent calcium stones and changes in urine composition: A meta-analysis and systematic review.,2021.0,10.1371/journal.pone.0250257,https://pubmed.ncbi.nlm.nih.gov/33872340/,Journal Article|Meta-Analysis|Systematic Review,include_candidate,"PubMed, Web of Science, Embase, EBSCO, and Cochrane Library databases (updated November 2020) were searched for studies with the following keywords: diet, fluid, recurrent, prevention, randomized controlled trials, and nephrolithiasis.",calcium,,"Effect of dietary treatment and fluid intake on the prevention of recurrent calcium stones and changes in urine composition: A meta-analysis and systematic review.. | To perform a systematic review and meta-analysis of randomized controlled trials (RCTs) for investigating the effect of dietary treatment and fluid intake on the prevention of recurrent calcium stones and changes in urine composition. | PubMed, Web of Science, Embase, EBSCO, and Cochrane Library databases (updated November 2020) were searched for studies with the following keywords: diet, fluid, recurrent, prevention, randomized controlled trials, and nephrolithiasis.","ABSTRACT: Effect of dietary treatment and fluid intake on the prevention of recurrent calcium stones and changes in urine composition: A meta-analysis and systematic review.. | To perform a systematic review and meta-analysis of randomized controlled trials (RCTs) for investigating the effect of dietary treatment and fluid intake on the prevention of recurrent calcium stones and changes in urine composition. | In conclusion, our study shows that the only low protein with or without fiber does not affect recurrence, but low Na, normal Ca diet has a marked effect on reducing recurrence of calcium stone.",https://pmc.ncbi.nlm.nih.gov/articles/PMC8055022/,False,automated_from_observed_title_abstract,15
B1,REC-PUBMED-24937025,24937025,Incidence of hypercalciuria and hypercalcemia during vitamin D and calcium supplementation in older women.,2014.0,10.1097/gme.0000000000000270,https://pubmed.ncbi.nlm.nih.gov/24937025/,"Journal Article|Randomized Controlled Trial|Research Support, N.I.H., Extramural|Research Support, Non-U.S. Gov't",include_candidate,"Incidence of hypercalciuria and hypercalcemia during vitamin D and calcium supplementation in older women.. | OBJECTIVE: This study aims to prospectively assess the incidence of hypercalciuria and hypercalcemia with different doses of vitamin D and with a calcium intake of approximately 1,200 mg/day.",calcium,10.2 mg | 200 mg | 300 mg | 800 IU,"Incidence of hypercalciuria and hypercalcemia during vitamin D and calcium supplementation in older women.. | OBJECTIVE: This study aims to prospectively assess the incidence of hypercalciuria and hypercalcemia with different doses of vitamin D and with a calcium intake of approximately 1,200 mg/day. | Serum and 24-hour urine calcium were collected every 3 months on supplementation, any test result above the upper reference range represented an episode of hypercalcemia or hypercalciuria.","ABSTRACT: Incidence of hypercalciuria and hypercalcemia during vitamin D and calcium supplementation in older women.. | OBJECTIVE: This study aims to prospectively assess the incidence of hypercalciuria and hypercalcemia with different doses of vitamin D and with a calcium intake of approximately 1,200 mg/day. | Serum and 24-hour urine calcium were collected every 3 months on supplementation, any test result above the upper reference range represented an episode of hypercalcemia or hypercalciuria.",https://pmc.ncbi.nlm.nih.gov/articles/PMC4209182/,False,automated_from_observed_title_abstract,15
B1,REC-PUBMED-32652950,32652950,Dietary and lifestyle factors for primary prevention of nephrolithiasis: a systematic review and meta-analysis.,2020.0,10.1186/s12882-020-01925-3,https://pubmed.ncbi.nlm.nih.gov/32652950/,"Journal Article|Meta-Analysis|Research Support, Non-U.S. Gov't|Systematic Review",include_candidate,Dietary and lifestyle factors for primary prevention of nephrolithiasis: a systematic review and meta-analysis.. | BACKGROUND: Dietary and lifestyle factors may play an important role in the increasing prevalence of nephrolithiasis.,calcium,,Dietary and lifestyle factors for primary prevention of nephrolithiasis: a systematic review and meta-analysis.. | BACKGROUND: Dietary and lifestyle factors may play an important role in the increasing prevalence of nephrolithiasis. | We aimed to review and quantify the associations between lifestyle factors and incident nephrolithiasis and suggest lifestyle changes for the primary prevention of nephrolithiasis.,"ABSTRACT: Vitamin D (1.22, 1.01-1.49) and calcium (1.16, 1.00-1.35) supplementation alone increased the risk of stones in meta-analyses of observational studies, but not in RCTs, where the cosupplementation conferred significant risk. | The independent and combined effects of vitamin D and calcium supplementation on nephrolithiasis need further elucidation.",https://pmc.ncbi.nlm.nih.gov/articles/PMC7353736/,False,automated_from_observed_title_abstract,14
B1,REC-PUBMED-22496496,22496496,Pathophysiology of renal calcium handling in acromegaly: what lies behind hypercalciuria?,2012.0,10.1210/jc.2011-3188,https://pubmed.ncbi.nlm.nih.gov/22496496/,"Clinical Trial|Journal Article|Research Support, Non-U.S. Gov't",include_candidate,"Pathophysiology of renal calcium handling in acromegaly: what lies behind hypercalciuria?. | BACKGROUND: Hypercalciuria is frequent in patients with acromegaly, but it is unclear how GH/IGF-I regulate renal calcium handling.",calcium,25 mg,"Pathophysiology of renal calcium handling in acromegaly: what lies behind hypercalciuria?. | BACKGROUND: Hypercalciuria is frequent in patients with acromegaly, but it is unclear how GH/IGF-I regulate renal calcium handling. | Compared with controlled acromegaly, active acromegaly was associated with higher fasting plasma (P = 0.0002) and urinary calcium (P = 0.0003) levels, lower PTH levels (P = 0.0075), higher calcitriol levels (P = 0.0137), higher phosphatemia (P<0.0001) and tubular phosphate reabsorption (P = 0.0002), and a lower calciuric (P = 0.0327) but not magnesiuric response to furosemide related to higher baseline and postfurosemide tubular calcium (P = 0.0034 and P = 0.0081, respectively), but not magnesium reabsorption.","ABSTRACT: Pathophysiology of renal calcium handling in acromegaly: what lies behind hypercalciuria?. | BACKGROUND: Hypercalciuria is frequent in patients with acromegaly, but it is unclear how GH/IGF-I regulate renal calcium handling. | Compared with controlled acromegaly, active acromegaly was associated with higher fasting plasma (P = 0.0002) and urinary calcium (P = 0.0003) levels, lower PTH levels (P = 0.0075), higher calcitriol levels (P = 0.0137), higher phosphatemia (P<0.0001) and tubular phosphate reabsorption (P = 0.0002), and a lower calciuric (P = 0.0327) but not magnesiuric response to furosemide related to higher baseline and postfurosemide tubular calcium (P = 0.0034 and P = 0.0081, respectively), but not magnesium reabsorption.",,False,automated_from_observed_title_abstract,13
B1,REC-PUBMED-11836046,11836046,Risk of calcium oxalate nephrolithiasis in postmenopausal women supplemented with calcium or combined calcium and estrogen.,2002.0,10.1016/s0378-5122(01)00277-8,https://pubmed.ncbi.nlm.nih.gov/11836046/,"Clinical Trial|Journal Article|Randomized Controlled Trial|Research Support, Non-U.S. Gov't",include_candidate,"Risk of calcium oxalate nephrolithiasis in postmenopausal women supplemented with calcium or combined calcium and estrogen.. | Determination of urinary saturation for calcium oxalate after calcium and estrogen supplements, especially at the initial phase of treatment, may be helpful in the avoidance of nephrolithiasis.",calcium,0.625 mg | 250 mg | 5 mg | 625 mg,"Risk of calcium oxalate nephrolithiasis in postmenopausal women supplemented with calcium or combined calcium and estrogen.. | However, the safety of the treatments in terms of the risk of calcium oxalate stone formation is unknown. | They were randomly allocated to receive either 625 mg of calcium carbonate (250 mg of elemental calcium) at the end of a meal three times a day (group A, n=26) or calcium carbonate in the same manner plus 0.625 mg/day of conjugated equine estrogen and 5 mg medrogestone acetate from day 1-12 each month (group B, n=30).","ABSTRACT: Risk of calcium oxalate nephrolithiasis in postmenopausal women supplemented with calcium or combined calcium and estrogen.. | However, the safety of the treatments in terms of the risk of calcium oxalate stone formation is unknown. | They were randomly allocated to receive either 625 mg of calcium carbonate (250 mg of elemental calcium) at the end of a meal three times a day (group A, n=26) or calcium carbonate in the same manner plus 0.625 mg/day of conjugated equine estrogen and 5 mg medrogestone acetate from day 1-12 each month (group B, n=30).",,False,automated_from_observed_title_abstract,13
B1,REC-PUBMED-11269613,11269613,Diets with either beef or plant proteins reduce risk of calcium oxalate precipitation in patients with a history of calcium kidney stones.,2001.0,10.1016/s0002-8223(01)00085-2,https://pubmed.ncbi.nlm.nih.gov/11269613/,"Clinical Trial|Comparative Study|Journal Article|Randomized Controlled Trial|Research Support, Non-U.S. Gov't",include_candidate,"Diets with either beef or plant proteins reduce risk of calcium oxalate precipitation in patients with a history of calcium kidney stones.. | SUBJECTS: Twenty-three normocalciuric patients with a history of calcium kidney stones (8 women and 15 men, mean age 50.7+/-14.6 years) with 24-hour urinary calcium < or =10.3 micromol, 24 hour urinary oxalate excretion between 228 and 963 micromol, and a urinary calcium increase of < or =1.0 micromol in 4 hours after a 25 micromol oral calcium load.",calcium,43 g | 50 g,"Diets with either beef or plant proteins reduce risk of calcium oxalate precipitation in patients with a history of calcium kidney stones.. | SUBJECTS: Twenty-three normocalciuric patients with a history of calcium kidney stones (8 women and 15 men, mean age 50.7+/-14.6 years) with 24-hour urinary calcium < or =10.3 micromol, 24 hour urinary oxalate excretion between 228 and 963 micromol, and a urinary calcium increase of < or =1.0 micromol in 4 hours after a 25 micromol oral calcium load. | MAIN OUTCOME MEASURES: Tiselius risk index (TRI) for calcium oxalate precipitability calculated from urinary calcium, oxalate, magnesium, citrate, and volume.","ABSTRACT: Diets with either beef or plant proteins reduce risk of calcium oxalate precipitation in patients with a history of calcium kidney stones.. | SUBJECTS: Twenty-three normocalciuric patients with a history of calcium kidney stones (8 women and 15 men, mean age 50.7+/-14.6 years) with 24-hour urinary calcium < or =10.3 micromol, 24 hour urinary oxalate excretion between 228 and 963 micromol, and a urinary calcium increase of < or =1.0 micromol in 4 hours after a 25 micromol oral calcium load. | MAIN OUTCOME MEASURES: Tiselius risk index (TRI) for calcium oxalate precipitability calculated from urinary calcium, oxalate, magnesium, citrate, and volume.",,False,automated_from_observed_title_abstract,13
B1,REC-PUBMED-9508013,9508013,Substituting milk for apple juice does not increase kidney stone risk in most normocalciuric adults who form calcium oxalate stones.,1998.0,10.1016/s0002-8223(98)00071-6,https://pubmed.ncbi.nlm.nih.gov/9508013/,"Clinical Trial|Journal Article|Randomized Controlled Trial|Research Support, Non-U.S. Gov't",include_candidate,Substituting milk for apple juice does not increase kidney stone risk in most normocalciuric adults who form calcium oxalate stones..,calcium,400 mg | 800 mg,"Substituting milk for apple juice does not increase kidney stone risk in most normocalciuric adults who form calcium oxalate stones.. | SUBJECTS: Twenty-one normocalciuric adults with a history of at least 1 calcium oxalate stone and urinary oxalate excretion exceeding 275 micromol/day on their self-selected diet. | APPLICATIONS: Substituting 360 mL milk daily for apple juice with meals in a diet containing moderate amounts of dietary oxalate from whole grains, legumes, fruits, and vegetables does not increase the risk index of calcium oxalate precipitability in most normocalciuric adults who form stones.","ABSTRACT: Substituting milk for apple juice does not increase kidney stone risk in most normocalciuric adults who form calcium oxalate stones.. | SUBJECTS: Twenty-one normocalciuric adults with a history of at least 1 calcium oxalate stone and urinary oxalate excretion exceeding 275 micromol/day on their self-selected diet. | APPLICATIONS: Substituting 360 mL milk daily for apple juice with meals in a diet containing moderate amounts of dietary oxalate from whole grains, legumes, fruits, and vegetables does not increase the risk index of calcium oxalate precipitability in most normocalciuric adults who form stones.",,False,automated_from_observed_title_abstract,13
B1,REC-PUBMED-8659482,8659482,"Randomized controlled trial of a low animal protein, high fiber diet in the prevention of recurrent calcium oxalate kidney stones.",1996.0,10.1093/oxfordjournals.aje.a008851,https://pubmed.ncbi.nlm.nih.gov/8659482/,"Clinical Trial|Journal Article|Randomized Controlled Trial|Research Support, Non-U.S. Gov't",include_candidate,"Randomized controlled trial of a low animal protein, high fiber diet in the prevention of recurrent calcium oxalate kidney stones.. | Low protein diets are commonly prescribed for patients with idiopathic calcium nephrolithiasis, who account for > 80% of new diagnoses of kidney stones.",calcium,56-64 g | 75 mg,"Randomized controlled trial of a low animal protein, high fiber diet in the prevention of recurrent calcium oxalate kidney stones.. | Low protein diets are commonly prescribed for patients with idiopathic calcium nephrolithiasis, who account for > 80% of new diagnoses of kidney stones. | Using 1983-1985 data from three Northern California Kaiser Permanente Medical Centers, the authors randomly assigned 99 persons who had calcium oxalate stones for the first time to a low animal protein, high fiber diet that contained approximately 56-64 g daily of protein, 75 mg daily of purine (primarily from animal protein and legumes), one-fourth cup of wheat bran supplement, and fruits and vegetables.","ABSTRACT: Randomized controlled trial of a low animal protein, high fiber diet in the prevention of recurrent calcium oxalate kidney stones.. | Low protein diets are commonly prescribed for patients with idiopathic calcium nephrolithiasis, who account for > 80% of new diagnoses of kidney stones. | Using 1983-1985 data from three Northern California Kaiser Permanente Medical Centers, the authors randomly assigned 99 persons who had calcium oxalate stones for the first time to a low animal protein, high fiber diet that contained approximately 56-64 g daily of protein, 75 mg daily of purine (primarily from animal protein and legumes), one-fourth cup of wheat bran supplement, and fruits and vegetables.",,False,automated_from_observed_title_abstract,13
B1,REC-PUBMED-27604776,27604776,"Hypercalcemia, hypercalciuria, and kidney stones in long-term studies of vitamin D supplementation: a systematic review and meta-analysis.",2016.0,10.3945/ajcn.116.134981,https://pubmed.ncbi.nlm.nih.gov/27604776/,Journal Article|Meta-Analysis|Systematic Review,include_candidate,"Hypercalcemia, hypercalciuria, and kidney stones in long-term studies of vitamin D supplementation: a systematic review and meta-analysis.. | However, adverse events from very large annual doses of vitamin D have been shown in 2 RCTs, whereas in a third RCT, low-dose vitamin D, with calcium supplements, was shown to increase kidney stone risk.",calcium,,"Hypercalcemia, hypercalciuria, and kidney stones in long-term studies of vitamin D supplementation: a systematic review and meta-analysis.. | However, adverse events from very large annual doses of vitamin D have been shown in 2 RCTs, whereas in a third RCT, low-dose vitamin D, with calcium supplements, was shown to increase kidney stone risk. | OBJECTIVE: We analyzed the side effects related to calcium metabolism in RCTs, specifically hypercalcemia, hypercalciuria, and kidney stones, in participants who were given vitamin D supplements for ≥24 wk compared with in subjects in the placebo arm.","ABSTRACT: However, adverse events from very large annual doses of vitamin D have been shown in 2 RCTs, whereas in a third RCT, low-dose vitamin D, with calcium supplements, was shown to increase kidney stone risk. | OBJECTIVE: We analyzed the side effects related to calcium metabolism in RCTs, specifically hypercalcemia, hypercalciuria, and kidney stones, in participants who were given vitamin D supplements for ≥24 wk compared with in subjects in the placebo arm. | In subgroup analyses, it was shown that the effect of vitamin D supplementation on risk of hypercalcemia, hypercalciuria, or kidney stones was not modified by baseline 25-hydroxyvitamin D, vitamin D dose and duration, or calcium co-supplementation.",,False,automated_from_observed_title_abstract,12
B1,REC-PUBMED-23137489,23137489,Calcium supplementation and kidney stone risk in osteoporosis: a systematic literature review.,2012.0,,https://pubmed.ncbi.nlm.nih.gov/23137489/,"Journal Article|Research Support, Non-U.S. Gov't|Systematic Review",include_candidate,Calcium supplementation and kidney stone risk in osteoporosis: a systematic literature review.. | OBJECTIVES: This paper aims to examine the risk of nephrolithiasis in patients with osteoporosis and calcium supplementation.,calcium,1.500 mg | 120 mg,"Calcium supplementation and kidney stone risk in osteoporosis: a systematic literature review.. | OBJECTIVES: This paper aims to examine the risk of nephrolithiasis in patients with osteoporosis and calcium supplementation. | We measured the likelihood of developing kidney stones, renal colic, changes in urinary sediment and serum parameters.","ABSTRACT: Calcium supplementation and kidney stone risk in osteoporosis: a systematic literature review.. | OBJECTIVES: This paper aims to examine the risk of nephrolithiasis in patients with osteoporosis and calcium supplementation. | CONCLUSIONS: According to our results, calcium supplements in the treatment of osteoporosis alone or in combination with another type of treatment does not significantly increase the risk of nephrolithiasis or renal colic.",,False,automated_from_observed_title_abstract,12
B1,REC-PUBMED-18845701,18845701,Calcium supplementation and incident kidney stone risk: a systematic review.,2008.0,10.1080/07315724.2008.10719734,https://pubmed.ncbi.nlm.nih.gov/18845701/,"Journal Article|Research Support, Non-U.S. Gov't|Systematic Review",include_candidate,Calcium supplementation and incident kidney stone risk: a systematic review.. | BACKGROUND: A report of a small increase in kidney stone risk in the calcium treatment arm of the Women's Health Initiative (WHI) led to a reduction in U.S.,calcium,,"Calcium supplementation and incident kidney stone risk: a systematic review.. | BACKGROUND: A report of a small increase in kidney stone risk in the calcium treatment arm of the Women's Health Initiative (WHI) led to a reduction in U.S. | OBJECTIVE: To reassess kidney stone risk in postmenopausal women using data accumulated in calcium supplement trials, bone active agent registration trials, and in unpublished WHI data available online; and to compare these estimates with formal published epidemiological studies of stone risk.","ABSTRACT: Calcium supplementation and incident kidney stone risk: a systematic review.. | BACKGROUND: A report of a small increase in kidney stone risk in the calcium treatment arm of the Women's Health Initiative (WHI) led to a reduction in U.S. | OBJECTIVE: To reassess kidney stone risk in postmenopausal women using data accumulated in calcium supplement trials, bone active agent registration trials, and in unpublished WHI data available online; and to compare these estimates with formal published epidemiological studies of stone risk.",,False,automated_from_observed_title_abstract,12
B1,REC-PUBMED-15086924,15086924,Schedule of taking calcium supplement and the risk of nephrolithiasis.,2004.0,10.1111/j.1523-1755.2004.00587.x,https://pubmed.ncbi.nlm.nih.gov/15086924/,"Clinical Trial|Journal Article|Randomized Controlled Trial|Research Support, Non-U.S. Gov't",include_candidate,Schedule of taking calcium supplement and the risk of nephrolithiasis.. | BACKGROUND: Variation in the timing of calcium supplement may affect gastrointestinal absorption of both calcium and oxalate differently and may associate with variable risk of calcium oxalate nephrolithiasis.,calcium,1 g | 3 g,"Schedule of taking calcium supplement and the risk of nephrolithiasis.. | BACKGROUND: Variation in the timing of calcium supplement may affect gastrointestinal absorption of both calcium and oxalate differently and may associate with variable risk of calcium oxalate nephrolithiasis. | Therefore, this study was performed to compare calcium bioavailability and the risk of calcium oxalate stone formation for calcium supplement taken with meal vs.","ABSTRACT: Schedule of taking calcium supplement and the risk of nephrolithiasis.. | BACKGROUND: Variation in the timing of calcium supplement may affect gastrointestinal absorption of both calcium and oxalate differently and may associate with variable risk of calcium oxalate nephrolithiasis. | Therefore, this study was performed to compare calcium bioavailability and the risk of calcium oxalate stone formation for calcium supplement taken with meal vs.",,False,automated_from_observed_title_abstract,12
B1,REC-PUBMED-12544289,12544289,Effect of dietary calcium on stone forming propensity.,2003.0,10.1097/01.ju.0000043669.63989.22,https://pubmed.ncbi.nlm.nih.gov/12544289/,"Clinical Trial|Journal Article|Randomized Controlled Trial|Research Support, U.S. Gov't, P.H.S.",include_candidate,PURPOSE: Epidemiological studies have reported that high calcium diet protects against kidney stone formation in normal subjects.,calcium,43 mg,Effect of dietary calcium on stone forming propensity.. | PURPOSE: Epidemiological studies have reported that high calcium diet protects against kidney stone formation in normal subjects. | RESULTS: Urinary calcium was significantly greater on the high calcium diet (148 +/- 55 versus 118 +/- 43 mg.,ABSTRACT: Effect of dietary calcium on stone forming propensity.. | PURPOSE: Epidemiological studies have reported that high calcium diet protects against kidney stone formation in normal subjects. | RESULTS: Urinary calcium was significantly greater on the high calcium diet (148 +/- 55 versus 118 +/- 43 mg.,,False,automated_from_observed_title_abstract,12
B1,REC-PUBMED-11784873,11784873,Comparison of two diets for the prevention of recurrent stones in idiopathic hypercalciuria.,2002.0,10.1056/nejmoa010369,https://pubmed.ncbi.nlm.nih.gov/11784873/,"Clinical Trial|Comparative Study|Journal Article|Randomized Controlled Trial|Research Support, Non-U.S. Gov't",include_candidate,"Comparison of two diets for the prevention of recurrent stones in idiopathic hypercalciuria.. | BACKGROUND: A low-calcium diet is recommended to prevent recurrent stones in patients with idiopathic hypercalciuria, yet long-term data on the efficacy of a low-calcium diet are lacking.",calcium,170 mg | 5.4 mg | 52 g | 7.2 mg,"Comparison of two diets for the prevention of recurrent stones in idiopathic hypercalciuria.. | BACKGROUND: A low-calcium diet is recommended to prevent recurrent stones in patients with idiopathic hypercalciuria, yet long-term data on the efficacy of a low-calcium diet are lacking. | METHODS: We conducted a five-year randomized trial comparing the effect of two diets in 120 men with recurrent calcium oxalate stones and hypercalciuria.","ABSTRACT: BACKGROUND: A low-calcium diet is recommended to prevent recurrent stones in patients with idiopathic hypercalciuria, yet long-term data on the efficacy of a low-calcium diet are lacking. | METHODS: We conducted a five-year randomized trial comparing the effect of two diets in 120 men with recurrent calcium oxalate stones and hypercalciuria. | During follow-up, urinary calcium levels dropped significantly in both groups by approximately 170 mg per day (4.2 mmol per day).",,False,automated_from_observed_title_abstract,12
B1,REC-PUBMED-12372764,12372764,Low-calcium diet in hypercalciuric enuretic children restores AQP2 excretion and improves clinical symptoms.,2002.0,10.1152/ajprenal.00354.2001,https://pubmed.ncbi.nlm.nih.gov/12372764/,"Clinical Trial|Controlled Clinical Trial|Journal Article|Research Support, Non-U.S. Gov't",include_candidate_design_unclear,"Low-calcium diet in hypercalciuric enuretic children restores AQP2 excretion and improves clinical symptoms.. | In this study, we analyzed the effect of a therapeutic intervention in 46 enuretic children, 26 (57%) of whom were hypercalciuric.",calcium,500 mg,"Low-calcium diet in hypercalciuric enuretic children restores AQP2 excretion and improves clinical symptoms.. | In this study, we analyzed the effect of a therapeutic intervention in 46 enuretic children, 26 (57%) of whom were hypercalciuric. | The hypercalciuric patients (n = 26) received a low-calcium diet (approximately 500 mg/day) for the same period.","ABSTRACT: Low-calcium diet in hypercalciuric enuretic children restores AQP2 excretion and improves clinical symptoms.. | The hypercalciuric patients (n = 26) received a low-calcium diet (approximately 500 mg/day) for the same period. | In those patients having low-AVP levels before the therapy, circulating AVP concentration returned to normal (>4 pg/ml), and the hypercalciuria was resolved in the hypercalciuric patients (calcium/creatinine ratio <0.2).",,False,automated_from_observed_title_abstract,12
B1,REC-PUBMED-11721154,11721154,Prolonged dietary calcium restriction: a diagnostic approach in idiopathic hypercalciuria.,2001.0,10.1159/000046108,https://pubmed.ncbi.nlm.nih.gov/11721154/,Clinical Trial|Controlled Clinical Trial|Journal Article,include_candidate_design_unclear,"Prolonged dietary calcium restriction: a diagnostic approach in idiopathic hypercalciuria.. | BACKGROUND: Although frequently observed, the etiology of idiopathic hypercalciuria (IHC) remains largely unknown.",calcium,000 mg | 300 mg,"Prolonged dietary calcium restriction: a diagnostic approach in idiopathic hypercalciuria.. | BACKGROUND: Although frequently observed, the etiology of idiopathic hypercalciuria (IHC) remains largely unknown. | Values for urinary calcium, PTH and calcitriol levels of all participants were obtained at different phases of the study.","ABSTRACT: Prolonged dietary calcium restriction: a diagnostic approach in idiopathic hypercalciuria.. | Values for urinary calcium, PTH and calcitriol levels of all participants were obtained at different phases of the study. | One group displayed an increase (n = 12) in urinary calcium excretion, the second (n = 15) a marked reduction, respectively.",,False,automated_from_observed_title_abstract,12
B1,REC-PUBMED-10982163,10982163,Risk of calcium oxalate nephrolithiasis after calcium or combined calcium and calcitriol supplementation in postmenopausal women.,2000.0,10.1007/s001980070090,https://pubmed.ncbi.nlm.nih.gov/10982163/,"Clinical Trial|Journal Article|Randomized Controlled Trial|Research Support, Non-U.S. Gov't",include_candidate,"Risk of calcium oxalate nephrolithiasis after calcium or combined calcium and calcitriol supplementation in postmenopausal women.. | Although calcium supplementation can cause hypercalciuria, the risk of nephrolithiasis has been shown to decrease rather than increase among subjects who had a higher calcium intake.",calcium,750 mg,"Risk of calcium oxalate nephrolithiasis after calcium or combined calcium and calcitriol supplementation in postmenopausal women.. | Although calcium supplementation can cause hypercalciuria, the risk of nephrolithiasis has been shown to decrease rather than increase among subjects who had a higher calcium intake. | Hypercalciuria is also a well-established side effect of calcitriol administration.","ABSTRACT: Risk of calcium oxalate nephrolithiasis after calcium or combined calcium and calcitriol supplementation in postmenopausal women.. | Although calcium supplementation can cause hypercalciuria, the risk of nephrolithiasis has been shown to decrease rather than increase among subjects who had a higher calcium intake. | The present study was undertaken to prospectively determine the effect of calcium with or without calcitriol on physicochemical risk factors associated with calcium oxalate nephrolithiasis in Thai postmenopausal women with osteoporosis.",,False,automated_from_observed_title_abstract,12
B1,REC-PUBMED-8773335,8773335,Sensitivity to calcium intake in calcium stone forming patients.,1996.0,10.1159/000189031,https://pubmed.ncbi.nlm.nih.gov/8773335/,"Clinical Trial|Journal Article|Research Support, Non-U.S. Gov't",include_candidate_design_unclear,"The absorptive or renal origin of hypercalciuria can be discriminated using an acute oral calcium load test (ACLT). | Of 86 patients with calcium oxalate kidney stones, 28 (23%) were found to be hypercalciuric (HCa) and 58 (67%) normocalciuric (NCa) on their customary free diet, containing 542 +/- 29 mg/day (mean +/- SE) of calcium.",calcium,1 g | 29 mg | 4 mg,"Sensitivity to calcium intake in calcium stone forming patients.. | The absorptive or renal origin of hypercalciuria can be discriminated using an acute oral calcium load test (ACLT). | Of 86 patients with calcium oxalate kidney stones, 28 (23%) were found to be hypercalciuric (HCa) and 58 (67%) normocalciuric (NCa) on their customary free diet, containing 542 +/- 29 mg/day (mean +/- SE) of calcium.","ABSTRACT: Sensitivity to calcium intake in calcium stone forming patients.. | The absorptive or renal origin of hypercalciuria can be discriminated using an acute oral calcium load test (ACLT). | Of 86 patients with calcium oxalate kidney stones, 28 (23%) were found to be hypercalciuric (HCa) and 58 (67%) normocalciuric (NCa) on their customary free diet, containing 542 +/- 29 mg/day (mean +/- SE) of calcium.",,False,automated_from_observed_title_abstract,12
B1,REC-PUBMED-1593849,1593849,Stone-forming potential of milk or calcium-fortified orange juice in idiopathic hypercalciuric adults.,1992.0,10.1038/ki.1992.18,https://pubmed.ncbi.nlm.nih.gov/1593849/,"Clinical Trial|Controlled Clinical Trial|Journal Article|Research Support, Non-U.S. Gov't",include_candidate_design_unclear,"Stone-forming potential of milk or calcium-fortified orange juice in idiopathic hypercalciuric adults.. | Six male and six female, non-stone-forming, idiopathic hypercalciuric adults consumed 600 mg per day as beverage calcium for four consecutive weeks.",calcium,600 mg,"Stone-forming potential of milk or calcium-fortified orange juice in idiopathic hypercalciuric adults.. | Six male and six female, non-stone-forming, idiopathic hypercalciuric adults consumed 600 mg per day as beverage calcium for four consecutive weeks. | The results show that both milk and CCM-fortified OJ (CCM-OJ) were well tolerated by male and female hypercalciurics since few significant changes occurred in overall urinary chemistry profiles.","ABSTRACT: Stone-forming potential of milk or calcium-fortified orange juice in idiopathic hypercalciuric adults.. | Six male and six female, non-stone-forming, idiopathic hypercalciuric adults consumed 600 mg per day as beverage calcium for four consecutive weeks. | The combined pH and citrate effects are recognized to protect against calcium oxalate stone formation through formation of the soluble calcium citrate salt.",,False,automated_from_observed_title_abstract,12
B1,REC-PUBMED-30056401,30056401,"The impact of vitamin D supplementation on vitamin D level, urinary calcium excretion and bone density in patients with hypercalciuria and vitamin D deficiency - preliminary report.",2018.0,10.34763/devperiodmed.20182202.144152,https://pubmed.ncbi.nlm.nih.gov/30056401/,Journal Article,include_candidate_design_unclear,"The impact of vitamin D supplementation on vitamin D level, urinary calcium excretion and bone density in patients with hypercalciuria and vitamin D deficiency - preliminary report.. | AIM: To study the impact of vitamin D supplementation on vitamin D concentration in plasma, calcium urinary excretion and bone density in patients with urolithiasis in the course of idiopathic hypercalciuria and with a low vitamin D level.",calcium,400 IU | 800 IU,"The impact of vitamin D supplementation on vitamin D level, urinary calcium excretion and bone density in patients with hypercalciuria and vitamin D deficiency - preliminary report.. | AIM: To study the impact of vitamin D supplementation on vitamin D concentration in plasma, calcium urinary excretion and bone density in patients with urolithiasis in the course of idiopathic hypercalciuria and with a low vitamin D level. | MATERIALS AND METHOD: Prospective analysis concerning 28 patients (16 boys, 12 girls) aged 6-14 years (average 10.4) in terms of urinary calcium excretion (mg/kg/day and Ca/Creatinine ratio in morning urine sample), 25OHD blood level after 3, 6, 9 and 12 months of individually recommended doses of vitamin D supplementation (400 IU or 800 IU).","ABSTRACT: The impact of vitamin D supplementation on vitamin D level, urinary calcium excretion and bone density in patients with hypercalciuria and vitamin D deficiency - preliminary report.. | AIM: To study the impact of vitamin D supplementation on vitamin D concentration in plasma, calcium urinary excretion and bone density in patients with urolithiasis in the course of idiopathic hypercalciuria and with a low vitamin D level. | MATERIALS AND METHOD: Prospective analysis concerning 28 patients (16 boys, 12 girls) aged 6-14 years (average 10.4) in terms of urinary calcium excretion (mg/kg/day and Ca/Creatinine ratio in morning urine sample), 25OHD blood level after 3, 6, 9 and 12 months of individually recommended doses of vitamin D supplementation (400 IU or 800 IU).",https://pmc.ncbi.nlm.nih.gov/articles/PMC8522899/,False,automated_from_observed_title_abstract,11
B1,REC-PUBMED-41673302,41673302,Urinary calcium-to-citrate ratio predicts kidney stone risk in children under the age of two years.,2026.0,10.1007/s00467-026-07191-z,https://pubmed.ncbi.nlm.nih.gov/41673302/,Journal Article,include_candidate_design_unclear,"Urinary calcium-to-citrate ratio predicts kidney stone risk in children under the age of two years.. | Based on urinary calcium excretion and ultrasonographic findings, participants were categorized as normocalciuric stone-free controls (n = 57), hypercalciuric stone-formers (n = 29), or non-hypercalciuric stone-formers (n = 95).",calcium,0.17 mg | 0.23 mg | 0.31 mg | 0.46 mg,"Urinary calcium-to-citrate ratio predicts kidney stone risk in children under the age of two years.. | BACKGROUND: The urinary calcium-to-citrate (Ca/Cit) ratio has emerged as a useful indicator of lithogenic risk in older children; however, no reference data exist for infants and toddlers. | This study aimed to evaluate whether the spot Ca/Cit ratio can distinguish stone-forming from non-stone-forming children under 24 months of age and to assess its diagnostic performance compared with conventional urinary markers.","ABSTRACT: Urinary calcium-to-citrate ratio predicts kidney stone risk in children under the age of two years.. | BACKGROUND: The urinary calcium-to-citrate (Ca/Cit) ratio has emerged as a useful indicator of lithogenic risk in older children; however, no reference data exist for infants and toddlers. | Based on urinary calcium excretion and ultrasonographic findings, participants were categorized as normocalciuric stone-free controls (n = 57), hypercalciuric stone-formers (n = 29), or non-hypercalciuric stone-formers (n = 95).",https://pmc.ncbi.nlm.nih.gov/articles/PMC13337681/,False,automated_from_observed_title_abstract,10
B1,REC-PUBMED-39956606,39956606,Association between calcium and vitamin D supplementation and increased risk of kidney stone formation in patients with osteoporosis in Southwest China: a cross-sectional study.,2025.0,10.1136/bmjopen-2024-092901,https://pubmed.ncbi.nlm.nih.gov/39956606/,Journal Article,include_candidate,Association between calcium and vitamin D supplementation and increased risk of kidney stone formation in patients with osteoporosis in Southwest China: a cross-sectional study.. | OBJECTIVES: This cross-sectional study aims to evaluate the association between calcium and vitamin D supplementation for osteoporosis treatment and the development of kidney stones while investigating the impact of urinary calcium excretion on kidney stone risk among patients receiving this supplementation treatment.,calcium,0.5 µg | 600 mg,"Association between calcium and vitamin D supplementation and increased risk of kidney stone formation in patients with osteoporosis in Southwest China: a cross-sectional study.. | OBJECTIVES: This cross-sectional study aims to evaluate the association between calcium and vitamin D supplementation for osteoporosis treatment and the development of kidney stones while investigating the impact of urinary calcium excretion on kidney stone risk among patients receiving this supplementation treatment. | The study employed univariate analysis and multivariable logistic regression to identify risk factors for kidney stones, with independent t-tests used to compare differences between groups.","ABSTRACT: Association between calcium and vitamin D supplementation and increased risk of kidney stone formation in patients with osteoporosis in Southwest China: a cross-sectional study.. | OBJECTIVES: This cross-sectional study aims to evaluate the association between calcium and vitamin D supplementation for osteoporosis treatment and the development of kidney stones while investigating the impact of urinary calcium excretion on kidney stone risk among patients receiving this supplementation treatment. | Patients with kidney stones who had a history of recurrent stones exhibited significantly higher levels of 24-hour urinary calcium excretion (1.00±0.62 vs 0.57±0.54, p=0.026) compared with those without such a history.",https://pmc.ncbi.nlm.nih.gov/articles/PMC11831308/,False,automated_from_observed_title_abstract,10
B1,REC-PUBMED-40792340,40792340,"Effectiveness of Subap Plus, a Polyherbal Medicine, on 24-Hour Urinalysis and Early Morning Urine pH in Recurrent Calcium Oxalate Stone Formers: A Pilot Study.",2025.0,10.7759/cureus.87764,https://pubmed.ncbi.nlm.nih.gov/40792340/,Journal Article,include_candidate,The current study supports the role of Ayurvedic polyherbal formulations in urolithiasis management.,calcium,149.82 mg | 161.87 mg | 429.50 mg | 429.93 mg,"Effectiveness of Subap Plus, a Polyherbal Medicine, on 24-Hour Urinalysis and Early Morning Urine pH in Recurrent Calcium Oxalate Stone Formers: A Pilot Study.. | Introduction Calcium oxalate stone formation is driven by urinary supersaturation, pH, and imbalances in promoters and inhibitors, with acidic nighttime urine (pH <6) promoting crystal nucleation due to low citrate levels. | Hence, the purpose of this pilot study was to evaluate the effectiveness of Subap Plus capsule, a polyherbal Ayurvedic formulation, for its preventive effects on early morning pH, 24-hour urinalysis parameters, and supersaturation indices in recurrent calcium oxalate stone formers.","ABSTRACT: Effectiveness of Subap Plus, a Polyherbal Medicine, on 24-Hour Urinalysis and Early Morning Urine pH in Recurrent Calcium Oxalate Stone Formers: A Pilot Study.. | Introduction Calcium oxalate stone formation is driven by urinary supersaturation, pH, and imbalances in promoters and inhibitors, with acidic nighttime urine (pH <6) promoting crystal nucleation due to low citrate levels. | Hence, the purpose of this pilot study was to evaluate the effectiveness of Subap Plus capsule, a polyherbal Ayurvedic formulation, for its preventive effects on early morning pH, 24-hour urinalysis parameters, and supersaturation indices in recurrent calcium oxalate stone formers.",https://pmc.ncbi.nlm.nih.gov/articles/PMC12337062/,False,automated_from_observed_title_abstract,10
B1,REC-PUBMED-34799357,34799357,Temporal Trends of Dietary Risk Factors after a Diagnosis of Kidney Stones.,2022.0,10.2215/cjn.09200721,https://pubmed.ncbi.nlm.nih.gov/34799357/,"Journal Article|Research Support, N.I.H., Extramural",include_candidate,"Temporal Trends of Dietary Risk Factors after a Diagnosis of Kidney Stones.. | BACKGROUND AND OBJECTIVES: Diet is an important contributor to kidney stone formation, but there are limited data regarding long-term changes in dietary factors after a kidney stone.",calcium,12.1 mg | 18.0 IU | 23.4 mg | 34.2 mg | 43.1 mg | 7.3 mg | 8.8 mg,"Temporal Trends of Dietary Risk Factors after a Diagnosis of Kidney Stones.. | BACKGROUND AND OBJECTIVES: Diet is an important contributor to kidney stone formation, but there are limited data regarding long-term changes in dietary factors after a kidney stone. | DESIGN, SETTING, PARTICIPANTS & MEASUREMENTS: We analyzed data from three longitudinal cohorts, the Health Professionals Follow-Up Study and Nurses' Health Study I and II, comparing changes in dietary factors in participants with and without kidney stones during follow-up.","ABSTRACT: The daily intake of dietary calcium, supplemental calcium, animal protein, caffeine, fructose, potassium, sodium, oxalate, phytate, vitamin D, vitamin C, sugar-sweetened beverages, fluids, net endogenous acid production, and Dietary Approaches to Stop Hypertension score were assessed by repeat food frequency questionnaires and computed as absolute differences; a difference-in-differences approach was used to account for temporal changes using data from participants without kidney stones from the same calendar period.",https://pmc.ncbi.nlm.nih.gov/articles/PMC8763147/,False,automated_from_observed_title_abstract,10
B1,REC-PUBMED-25963767,25963767,Heritability of dietary traits that contribute to nephrolithiasis in a cohort of adult sibships.,2016.0,10.1007/s40620-015-0204-2,https://pubmed.ncbi.nlm.nih.gov/25963767/,"Journal Article|Research Support, N.I.H., Extramural",include_candidate,"Heritability of dietary traits that contribute to nephrolithiasis in a cohort of adult sibships.. | BACKGROUND: Kidney stones and their risk factors aggregate in families, yet few studies have estimated the heritability of known risk factors.",calcium,,"Heritability of dietary traits that contribute to nephrolithiasis in a cohort of adult sibships.. | BACKGROUND: Kidney stones and their risk factors aggregate in families, yet few studies have estimated the heritability of known risk factors. | OBJECTIVE: Estimate the heritability of dietary risk factors for kidney stones.","ABSTRACT: CONCLUSIONS: Evidence from this relatively large cohort suggests a strong heritable component to dietary intakes of protein, sucrose and calcium that contributes to nephrolithiasis risk.",https://pmc.ncbi.nlm.nih.gov/articles/PMC4643420/,False,automated_from_observed_title_abstract,10
B1,REC-PUBMED-23689153,23689153,Calcium and vitamin D supplementation and risk of kidney stone formation in postmenopausal women.,2013.0,,https://pubmed.ncbi.nlm.nih.gov/23689153/,Clinical Trial|Journal Article,include_candidate_design_unclear,Calcium and vitamin D supplementation and risk of kidney stone formation in postmenopausal women..,calcium,100 mg | 400 IU,Calcium and vitamin D supplementation and risk of kidney stone formation in postmenopausal women.. | This study aimed to compare the metabolic changes after supplementation of calcium and vitamin D and examine the risk of stone formation. | CONCLUSIONS: Our findings showed that oral intake of calcium and vitamin D after 1 year has no effect on the urinary calcium excretion rate and the formation of kidney calculi in postmenopausal women.,ABSTRACT: Calcium and vitamin D supplementation and risk of kidney stone formation in postmenopausal women.. | This study aimed to compare the metabolic changes after supplementation of calcium and vitamin D and examine the risk of stone formation. | CONCLUSIONS: Our findings showed that oral intake of calcium and vitamin D after 1 year has no effect on the urinary calcium excretion rate and the formation of kidney calculi in postmenopausal women.,,False,automated_from_observed_title_abstract,10
B1,REC-PUBMED-15232796,15232796,Renal response to lithogenic and anti-lithogenic supplement challenges in a stone-free population group.,2004.0,10.1053/j.jrn.2004.04.007,https://pubmed.ncbi.nlm.nih.gov/15232796/,"Clinical Trial|Controlled Clinical Trial|Journal Article|Research Support, Non-U.S. Gov't",include_candidate,"OBJECTIVE: In South Africa, urolithiasis is extremely rare in the black population, but is common in the white population. | The objective of this study was to investigate the individual effects of 5 different dietary and supplemental challenges (high dietary calcium, calcium supplement, vitamin B6 supplement, L-glutamine supplement, and L-cysteine supplement) on the urinary risk factors for calcium oxalate urolithiasis in subjects from both race groups.",calcium,,"Renal response to lithogenic and anti-lithogenic supplement challenges in a stone-free population group.. | OBJECTIVE: In South Africa, urolithiasis is extremely rare in the black population, but is common in the white population. | The objective of this study was to investigate the individual effects of 5 different dietary and supplemental challenges (high dietary calcium, calcium supplement, vitamin B6 supplement, L-glutamine supplement, and L-cysteine supplement) on the urinary risk factors for calcium oxalate urolithiasis in subjects from both race groups.","ABSTRACT: The objective of this study was to investigate the individual effects of 5 different dietary and supplemental challenges (high dietary calcium, calcium supplement, vitamin B6 supplement, L-glutamine supplement, and L-cysteine supplement) on the urinary risk factors for calcium oxalate urolithiasis in subjects from both race groups. | In white subjects, the calcium diet significantly increased urinary potassium (P =.0001) and decreased the relative supersaturation of brushite (P =.035); the calcium supplement significantly decreased the Tiselius risk index (P =.014); vitamin B6 supplement significantly decreased urinary calcium (P =.016), urinary phosphate (P =.027), and the relative supersaturation of brushite (P =.004); L-glutamine supplement significantly decreased relative supersaturation of calcium oxalate (P =.01); L-cystine supplement significantly decreased urinary calcium (P =.031) and the Tiselius risk index (P =.013).",,False,automated_from_observed_title_abstract,10
B1,REC-PUBMED-10424393,10424393,"Magnesium, citrate, magnesium citrate and magnesium-alkali citrate as modulators of calcium oxalate crystallization in urine: observations in patients with recurrent idiopathic calcium urolithiasis.",1999.0,10.1007/s002400050097,https://pubmed.ncbi.nlm.nih.gov/10424393/,"Clinical Trial|Journal Article|Research Support, Non-U.S. Gov't",include_candidate_design_unclear,"Magnesium, citrate, magnesium citrate and magnesium-alkali citrate as modulators of calcium oxalate crystallization in urine: observations in patients with recurrent idiopathic calcium urolithiasis.. | The effects of magnesium (Mg) and citrate on the metastable limit of calcium oxalate (CaOx) solubility (synonym: tolerable oxalate TO) were examined in artificial urine and in postprandial urine of male patients with idiopathic calcium urolithiasis (ICU).",calcium,,"Magnesium, citrate, magnesium citrate and magnesium-alkali citrate as modulators of calcium oxalate crystallization in urine: observations in patients with recurrent idiopathic calcium urolithiasis.. | The effects of magnesium (Mg) and citrate on the metastable limit of calcium oxalate (CaOx) solubility (synonym: tolerable oxalate TO) were examined in artificial urine and in postprandial urine of male patients with idiopathic calcium urolithiasis (ICU). | In ICU patients, matched for sex, age and CaOx supersaturation to non-stone-forming controls, TO was decreased (mean values 0.33 vs.","ABSTRACT: Magnesium, citrate, magnesium citrate and magnesium-alkali citrate as modulators of calcium oxalate crystallization in urine: observations in patients with recurrent idiopathic calcium urolithiasis.. | The effects of magnesium (Mg) and citrate on the metastable limit of calcium oxalate (CaOx) solubility (synonym: tolerable oxalate TO) were examined in artificial urine and in postprandial urine of male patients with idiopathic calcium urolithiasis (ICU).",,False,automated_from_observed_title_abstract,10
B2,REC-PUBMED-37481570,37481570,Effect of two vitamin D repletion protocols on 24-h urine calcium in patients with recurrent calcium kidney stones and vitamin D deficiency: a randomized clinical trial.,2023.0,10.1186/s40001-023-01226-z,https://pubmed.ncbi.nlm.nih.gov/37481570/,Journal Article|Randomized Controlled Trial,include_candidate,Effect of two vitamin D repletion protocols on 24-h urine calcium in patients with recurrent calcium kidney stones and vitamin D deficiency: a randomized clinical trial.. | OBJECTIVES: To evaluate the effects of two vitamin D repletion therapies (cholecalciferol) on serum levels of 25-hydroxyvitamin D (25(OH)D) and 24-h urine calcium in patients with recurrent calcium kidney stones and vitamin D deficiency (VDD).,vitamin d,000 IU | 2000 IU,"Effect of two vitamin D repletion protocols on 24-h urine calcium in patients with recurrent calcium kidney stones and vitamin D deficiency: a randomized clinical trial.. | OBJECTIVES: To evaluate the effects of two vitamin D repletion therapies (cholecalciferol) on serum levels of 25-hydroxyvitamin D (25(OH)D) and 24-h urine calcium in patients with recurrent calcium kidney stones and vitamin D deficiency (VDD). | DESIGN, SETTING, PARTICIPANTS: A parallel-group randomized controlled clinical trial on patients who referred to Labbafinejad kidney stone prevention clinic, Tehran, Iran.",ABSTRACT: Effect of two vitamin D repletion protocols on 24-h urine calcium in patients with recurrent calcium kidney stones and vitamin D deficiency: a randomized clinical trial.. | OBJECTIVES: To evaluate the effects of two vitamin D repletion therapies (cholecalciferol) on serum levels of 25-hydroxyvitamin D (25(OH)D) and 24-h urine calcium in patients with recurrent calcium kidney stones and vitamin D deficiency (VDD).,https://pmc.ncbi.nlm.nih.gov/articles/PMC10362614/,False,automated_from_observed_title_abstract,16
B2,REC-PUBMED-24657333,24657333,Risk of hypercalcemia in blacks taking hydrochlorothiazide and vitamin D.,2014.0,10.1016/j.amjmed.2014.02.044,https://pubmed.ncbi.nlm.nih.gov/24657333/,"Journal Article|Randomized Controlled Trial|Research Support, N.I.H., Extramural|Research Support, Non-U.S. Gov't",include_candidate,Risk of hypercalcemia in blacks taking hydrochlorothiazide and vitamin D.. | The risk for hypercalcemia among blacks using vitamin D and hydrochlorothiazide is undefined.,vitamin d,0.2 mg | 4000 IU | 4000 international units,"Risk of hypercalcemia in blacks taking hydrochlorothiazide and vitamin D.. | INTRODUCTION: Hydrochlorothiazide, an effective antihypertensive medication commonly prescribed to blacks, decreases urinary calcium excretion. | The risk for hypercalcemia among blacks using vitamin D and hydrochlorothiazide is undefined.","ABSTRACT: Risk of hypercalcemia in blacks taking hydrochlorothiazide and vitamin D.. | The risk for hypercalcemia among blacks using vitamin D and hydrochlorothiazide is undefined. | METHODS: We assessed the frequency of hypercalcemia in hydrochlorothiazide users in a post hoc analysis of a randomized, double-blind, dose-finding trial of 328 blacks (median age 51 years) assigned to either placebo, or 1000, 2000, or 4000 international units of cholecalciferol (vitamin D3) daily for 3 months during the winter (2007-2010).",https://pmc.ncbi.nlm.nih.gov/articles/PMC4127365/,False,automated_from_observed_title_abstract,15
B2,REC-PUBMED-24937025,24937025,Incidence of hypercalciuria and hypercalcemia during vitamin D and calcium supplementation in older women.,2014.0,10.1097/gme.0000000000000270,https://pubmed.ncbi.nlm.nih.gov/24937025/,"Journal Article|Randomized Controlled Trial|Research Support, N.I.H., Extramural|Research Support, Non-U.S. Gov't",include_candidate,"Incidence of hypercalciuria and hypercalcemia during vitamin D and calcium supplementation in older women.. | OBJECTIVE: This study aims to prospectively assess the incidence of hypercalciuria and hypercalcemia with different doses of vitamin D and with a calcium intake of approximately 1,200 mg/day.",vitamin d,10.2 mg | 200 mg | 300 mg | 800 IU,"Incidence of hypercalciuria and hypercalcemia during vitamin D and calcium supplementation in older women.. | OBJECTIVE: This study aims to prospectively assess the incidence of hypercalciuria and hypercalcemia with different doses of vitamin D and with a calcium intake of approximately 1,200 mg/day. | Serum and 24-hour urine calcium were collected every 3 months on supplementation, any test result above the upper reference range represented an episode of hypercalcemia or hypercalciuria.","ABSTRACT: Incidence of hypercalciuria and hypercalcemia during vitamin D and calcium supplementation in older women.. | OBJECTIVE: This study aims to prospectively assess the incidence of hypercalciuria and hypercalcemia with different doses of vitamin D and with a calcium intake of approximately 1,200 mg/day. | No relationship between hypercalcemia or hypercalciuria and vitamin D dose was found, and hypercalciuria was equally common in the placebo group.",https://pmc.ncbi.nlm.nih.gov/articles/PMC4209182/,False,automated_from_observed_title_abstract,15
B2,REC-PUBMED-40995255,40995255,Association Between Vitamin D Supplementation and Urolithiasis Recurrence Outcomes in Known Stone Formers: A Retrospective Cohort Study With Dose-Response Analysis.,2025.0,10.7759/cureus.90853,https://pubmed.ncbi.nlm.nih.gov/40995255/,Journal Article,include_candidate,"Association Between Vitamin D Supplementation and Urolithiasis Recurrence Outcomes in Known Stone Formers: A Retrospective Cohort Study With Dose-Response Analysis.. | Background Vitamin D supplementation is widely prescribed to correct vitamin D deficiency, but its impact on urinary stone recurrence in patients with a history of urolithiasis (stone formers) remains uncertain.",vitamin d,000 IU | 800 IU,"Association Between Vitamin D Supplementation and Urolithiasis Recurrence Outcomes in Known Stone Formers: A Retrospective Cohort Study With Dose-Response Analysis.. | Background Vitamin D supplementation is widely prescribed to correct vitamin D deficiency, but its impact on urinary stone recurrence in patients with a history of urolithiasis (stone formers) remains uncertain. | A total of 353 adult stone formers were categorized as non-supplemented (n = 235) or supplemented (n = 118), with stratification by dose (≤800 IU daily, 10,000 IU weekly, and 50,000 IU weekly).","ABSTRACT: Association Between Vitamin D Supplementation and Urolithiasis Recurrence Outcomes in Known Stone Formers: A Retrospective Cohort Study With Dose-Response Analysis.. | Background Vitamin D supplementation is widely prescribed to correct vitamin D deficiency, but its impact on urinary stone recurrence in patients with a history of urolithiasis (stone formers) remains uncertain. | Conclusions In this retrospective cohort of known stone formers, vitamin D supplementation, particularly at higher doses, was associated with a greater risk of recurrence.",https://pmc.ncbi.nlm.nih.gov/articles/PMC12455253/,False,automated_from_observed_title_abstract,14
B2,REC-PUBMED-23595003,23595003,"A 250 μg/week dose of vitamin D was as effective as a 50 μg/d dose in healthy adults, but a regimen of four weekly followed by monthly doses of 1250 μg raised the risk of hypercalciuria.",2013.0,10.1017/s000711451300113x,https://pubmed.ncbi.nlm.nih.gov/23595003/,"Journal Article|Randomized Controlled Trial|Research Support, U.S. Gov't, Non-P.H.S.",include_candidate,"A 250 μg/week dose of vitamin D was as effective as a 50 μg/d dose in healthy adults, but a regimen of four weekly followed by monthly doses of 1250 μg raised the risk of hypercalciuria.. | Subjects in the 1250 μg treatment group, who had a BMI >26 kg/m2, had a steady increase in urinary Ca in the first 3 weeks of supplementation, and, overall, the relative risk of hypercalciuria was higher in the 1250 μg group than in the placebo group (P=0·01).",vitamin d,000 IU | 1250 μg | 1544 μg | 2000 IU | 250 mg | 250 μg | 331 μg | 50 μg | 70 μg,"A 250 μg/week dose of vitamin D was as effective as a 50 μg/d dose in healthy adults, but a regimen of four weekly followed by monthly doses of 1250 μg raised the risk of hypercalciuria.. | Subjects in the 1250 μg treatment group, who had a BMI >26 kg/m2, had a steady increase in urinary Ca in the first 3 weeks of supplementation, and, overall, the relative risk of hypercalciuria was higher in the 1250 μg group than in the placebo group (P=0·01). | Although vitamin D supplementation remains a controversial issue, these data document that supplementing with ≤ 250 mg/week (≤ 10 000 IU/week) can improve or maintain vitamin D status in healthy populations without the risk of hypercalciuria, but 24 h urinary Ca excretion should be evaluated in healthy persons receiving vitamin D3 supplementation in weekly single doses of 1250 μg (50 000 IU).","ABSTRACT: A 250 μg/week dose of vitamin D was as effective as a 50 μg/d dose in healthy adults, but a regimen of four weekly followed by monthly doses of 1250 μg raised the risk of hypercalciuria.. | Although vitamin D supplementation remains a controversial issue, these data document that supplementing with ≤ 250 mg/week (≤ 10 000 IU/week) can improve or maintain vitamin D status in healthy populations without the risk of hypercalciuria, but 24 h urinary Ca excretion should be evaluated in healthy persons receiving vitamin D3 supplementation in weekly single doses of 1250 μg (50 000 IU).",,False,automated_from_observed_title_abstract,14
B2,REC-PUBMED-31005969,31005969,Monthly high-dose vitamin D supplementation does not increase kidney stone risk or serum calcium: results from a randomized controlled trial.,2019.0,10.1093/ajcn/nqy378,https://pubmed.ncbi.nlm.nih.gov/31005969/,"Journal Article|Randomized Controlled Trial|Research Support, Non-U.S. Gov't",include_candidate,"Monthly high-dose vitamin D supplementation does not increase kidney stone risk or serum calcium: results from a randomized controlled trial.. | OBJECTIVE: We investigated the incidence of kidney stone and hypercalcemia events in a large, population-based RCT of vitamin D supplementation.",vitamin d,000 IU,"Monthly high-dose vitamin D supplementation does not increase kidney stone risk or serum calcium: results from a randomized controlled trial.. | OBJECTIVE: We investigated the incidence of kidney stone and hypercalcemia events in a large, population-based RCT of vitamin D supplementation. | Participants provided information about recent kidney stone events in regular questionnaires sent to them with study capsules.","ABSTRACT: Monthly high-dose vitamin D supplementation does not increase kidney stone risk or serum calcium: results from a randomized controlled trial.. | OBJECTIVE: We investigated the incidence of kidney stone and hypercalcemia events in a large, population-based RCT of vitamin D supplementation. | RESULTS: During a median follow-up of 3.3 y, 158 participants reported a kidney stone event (76 vitamin D, 82 placebo).",,False,automated_from_observed_title_abstract,12
B2,REC-PUBMED-27765695,27765695,Vitamin D Repletion in Kidney Stone Formers: A Randomized Controlled Trial.,2017.0,10.1016/j.juro.2016.10.057,https://pubmed.ncbi.nlm.nih.gov/27765695/,Journal Article|Randomized Controlled Trial,include_candidate,Vitamin D Repletion in Kidney Stone Formers: A Randomized Controlled Trial.. | PURPOSE: Vitamin D deficiency is often detected during metabolic evaluation in the nephrolithiasis population.,vitamin d,000 IU | 11 mg | 16 mg,"Vitamin D Repletion in Kidney Stone Formers: A Randomized Controlled Trial.. | PURPOSE: Vitamin D deficiency is often detected during metabolic evaluation in the nephrolithiasis population. | Multiple vitamin D repletion protocols exist, although their differing impact on urinary stone formation risk factors is unclear.","ABSTRACT: Vitamin D Repletion in Kidney Stone Formers: A Randomized Controlled Trial.. | PURPOSE: Vitamin D deficiency is often detected during metabolic evaluation in the nephrolithiasis population. | Multiple vitamin D repletion protocols exist, although their differing impact on urinary stone formation risk factors is unclear.",,False,automated_from_observed_title_abstract,12
B2,REC-PUBMED-28647736,28647736,No Severe Hypercalcemia with Daily Vitamin D3 Supplementation of up to 30 µg during the First Year of Life.,2017.0,10.1159/000477298,https://pubmed.ncbi.nlm.nih.gov/28647736/,Journal Article|Randomized Controlled Trial,include_candidate,No Severe Hypercalcemia with Daily Vitamin D3 Supplementation of up to 30 µg during the First Year of Life.. | High intake may result in hypercalcemia.,vitamin d,30 µg | 30 μg,No Severe Hypercalcemia with Daily Vitamin D3 Supplementation of up to 30 µg during the First Year of Life.. | High intake may result in hypercalcemia. | METHODS: We evaluated the incidence of hypercalcemia during the first year of life in a cohort of 987 healthy children who received 10 or 30 μg of vitamin D3 supplementation daily.,ABSTRACT: No Severe Hypercalcemia with Daily Vitamin D3 Supplementation of up to 30 µg during the First Year of Life.. | METHODS: We evaluated the incidence of hypercalcemia during the first year of life in a cohort of 987 healthy children who received 10 or 30 μg of vitamin D3 supplementation daily. | CONCLUSIONS: Vitamin D3 supplementation of 10 or 30 µg did not cause severe hypercalcemia.,,False,automated_from_observed_title_abstract,12
B2,REC-PUBMED-27604776,27604776,"Hypercalcemia, hypercalciuria, and kidney stones in long-term studies of vitamin D supplementation: a systematic review and meta-analysis.",2016.0,10.3945/ajcn.116.134981,https://pubmed.ncbi.nlm.nih.gov/27604776/,Journal Article|Meta-Analysis|Systematic Review,include_candidate,"Hypercalcemia, hypercalciuria, and kidney stones in long-term studies of vitamin D supplementation: a systematic review and meta-analysis.. | However, adverse events from very large annual doses of vitamin D have been shown in 2 RCTs, whereas in a third RCT, low-dose vitamin D, with calcium supplements, was shown to increase kidney stone risk.",vitamin d,,"Hypercalcemia, hypercalciuria, and kidney stones in long-term studies of vitamin D supplementation: a systematic review and meta-analysis.. | However, adverse events from very large annual doses of vitamin D have been shown in 2 RCTs, whereas in a third RCT, low-dose vitamin D, with calcium supplements, was shown to increase kidney stone risk. | OBJECTIVE: We analyzed the side effects related to calcium metabolism in RCTs, specifically hypercalcemia, hypercalciuria, and kidney stones, in participants who were given vitamin D supplements for ≥24 wk compared with in subjects in the placebo arm.","ABSTRACT: Hypercalcemia, hypercalciuria, and kidney stones in long-term studies of vitamin D supplementation: a systematic review and meta-analysis.. | However, adverse events from very large annual doses of vitamin D have been shown in 2 RCTs, whereas in a third RCT, low-dose vitamin D, with calcium supplements, was shown to increase kidney stone risk. | OBJECTIVE: We analyzed the side effects related to calcium metabolism in RCTs, specifically hypercalcemia, hypercalciuria, and kidney stones, in participants who were given vitamin D supplements for ≥24 wk compared with in subjects in the placebo arm.",,False,automated_from_observed_title_abstract,12
B2,REC-PUBMED-22422535,22422535,Effect of vitamin D repletion on urinary calcium excretion among kidney stone formers.,2012.0,10.2215/cjn.11331111,https://pubmed.ncbi.nlm.nih.gov/22422535/,Clinical Trial|Journal Article,include_candidate_design_unclear,"Effect of vitamin D repletion on urinary calcium excretion among kidney stone formers.. | BACKGROUND AND OBJECTIVES: Despite the important role of vitamin D in maintaining bone health, many clinicians are reluctant to treat vitamin D deficiency in kidney stone formers because of the theoretical risk of increasing urinary calcium excretion.",vitamin d,000 IU | 20 mg | 400 mg | 88 mg,"Effect of vitamin D repletion on urinary calcium excretion among kidney stone formers.. | BACKGROUND AND OBJECTIVES: Despite the important role of vitamin D in maintaining bone health, many clinicians are reluctant to treat vitamin D deficiency in kidney stone formers because of the theoretical risk of increasing urinary calcium excretion. | This study examined the effect of vitamin D repletion on urinary calcium excretion among stone formers.","ABSTRACT: Effect of vitamin D repletion on urinary calcium excretion among kidney stone formers.. | BACKGROUND AND OBJECTIVES: Despite the important role of vitamin D in maintaining bone health, many clinicians are reluctant to treat vitamin D deficiency in kidney stone formers because of the theoretical risk of increasing urinary calcium excretion. | This study examined the effect of vitamin D repletion on urinary calcium excretion among stone formers.",,False,automated_from_observed_title_abstract,12
B2,REC-PUBMED-30056401,30056401,"The impact of vitamin D supplementation on vitamin D level, urinary calcium excretion and bone density in patients with hypercalciuria and vitamin D deficiency - preliminary report.",2018.0,10.34763/devperiodmed.20182202.144152,https://pubmed.ncbi.nlm.nih.gov/30056401/,Journal Article,include_candidate_design_unclear,"The impact of vitamin D supplementation on vitamin D level, urinary calcium excretion and bone density in patients with hypercalciuria and vitamin D deficiency - preliminary report.. | AIM: To study the impact of vitamin D supplementation on vitamin D concentration in plasma, calcium urinary excretion and bone density in patients with urolithiasis in the course of idiopathic hypercalciuria and with a low vitamin D level.",vitamin d,400 IU | 800 IU,"The impact of vitamin D supplementation on vitamin D level, urinary calcium excretion and bone density in patients with hypercalciuria and vitamin D deficiency - preliminary report.. | AIM: To study the impact of vitamin D supplementation on vitamin D concentration in plasma, calcium urinary excretion and bone density in patients with urolithiasis in the course of idiopathic hypercalciuria and with a low vitamin D level. | MATERIALS AND METHOD: Prospective analysis concerning 28 patients (16 boys, 12 girls) aged 6-14 years (average 10.4) in terms of urinary calcium excretion (mg/kg/day and Ca/Creatinine ratio in morning urine sample), 25OHD blood level after 3, 6, 9 and 12 months of individually recommended doses of vitamin D supplementation (400 IU or 800 IU).","ABSTRACT: The impact of vitamin D supplementation on vitamin D level, urinary calcium excretion and bone density in patients with hypercalciuria and vitamin D deficiency - preliminary report.. | AIM: To study the impact of vitamin D supplementation on vitamin D concentration in plasma, calcium urinary excretion and bone density in patients with urolithiasis in the course of idiopathic hypercalciuria and with a low vitamin D level. | MATERIALS AND METHOD: Prospective analysis concerning 28 patients (16 boys, 12 girls) aged 6-14 years (average 10.4) in terms of urinary calcium excretion (mg/kg/day and Ca/Creatinine ratio in morning urine sample), 25OHD blood level after 3, 6, 9 and 12 months of individually recommended doses of vitamin D supplementation (400 IU or 800 IU).",https://pmc.ncbi.nlm.nih.gov/articles/PMC8522899/,False,automated_from_observed_title_abstract,11
B2,REC-PUBMED-39956606,39956606,Association between calcium and vitamin D supplementation and increased risk of kidney stone formation in patients with osteoporosis in Southwest China: a cross-sectional study.,2025.0,10.1136/bmjopen-2024-092901,https://pubmed.ncbi.nlm.nih.gov/39956606/,Journal Article,include_candidate,Association between calcium and vitamin D supplementation and increased risk of kidney stone formation in patients with osteoporosis in Southwest China: a cross-sectional study.. | OBJECTIVES: This cross-sectional study aims to evaluate the association between calcium and vitamin D supplementation for osteoporosis treatment and the development of kidney stones while investigating the impact of urinary calcium excretion on kidney stone risk among patients receiving this supplementation treatment.,vitamin d,0.5 µg | 600 mg,"Association between calcium and vitamin D supplementation and increased risk of kidney stone formation in patients with osteoporosis in Southwest China: a cross-sectional study.. | OBJECTIVES: This cross-sectional study aims to evaluate the association between calcium and vitamin D supplementation for osteoporosis treatment and the development of kidney stones while investigating the impact of urinary calcium excretion on kidney stone risk among patients receiving this supplementation treatment. | The study employed univariate analysis and multivariable logistic regression to identify risk factors for kidney stones, with independent t-tests used to compare differences between groups.","ABSTRACT: Association between calcium and vitamin D supplementation and increased risk of kidney stone formation in patients with osteoporosis in Southwest China: a cross-sectional study.. | OBJECTIVES: This cross-sectional study aims to evaluate the association between calcium and vitamin D supplementation for osteoporosis treatment and the development of kidney stones while investigating the impact of urinary calcium excretion on kidney stone risk among patients receiving this supplementation treatment. | CONCLUSIONS: The results suggest that a history of recurrent kidney stones independently increases the risk of kidney stones in patients undergoing calcium and vitamin D supplementation for osteoporosis, likely due to increased urinary calcium excretion.",https://pmc.ncbi.nlm.nih.gov/articles/PMC11831308/,False,automated_from_observed_title_abstract,10
B2,REC-PUBMED-35458212,35458212,Reduction in Hypercalcemia Following Readjustment of Target Serum 25-Hydroxy Vitamin D Concentration during Cholecalciferol Therapy in Vitamin D-Deficient Critically Ill Patients.,2022.0,10.3390/nu14081650,https://pubmed.ncbi.nlm.nih.gov/35458212/,Journal Article,include_candidate,Reduction in Hypercalcemia Following Readjustment of Target Serum 25-Hydroxy Vitamin D Concentration during Cholecalciferol Therapy in Vitamin D-Deficient Critically Ill Patients.. | The intent of this study was an evaluation of our effort to reduce the incidence of hypercalcemia in critically ill vitamin D-deficient patients with multiple traumatic injuries given cholecalciferol.,vitamin d,000 IU,Reduction in Hypercalcemia Following Readjustment of Target Serum 25-Hydroxy Vitamin D Concentration during Cholecalciferol Therapy in Vitamin D-Deficient Critically Ill Patients.. | The intent of this study was an evaluation of our effort to reduce the incidence of hypercalcemia in critically ill vitamin D-deficient patients with multiple traumatic injuries given cholecalciferol. | Hypercalcemia (serum ionized calcium concentration > 1.32 mmol/L) was reduced from 40% (21 out of 53 patients) to 4% (2 out of 50 patients; p < 0.001).,ABSTRACT: Reduction in Hypercalcemia Following Readjustment of Target Serum 25-Hydroxy Vitamin D Concentration during Cholecalciferol Therapy in Vitamin D-Deficient Critically Ill Patients.. | The intent of this study was an evaluation of our effort to reduce the incidence of hypercalcemia in critically ill vitamin D-deficient patients with multiple traumatic injuries given cholecalciferol. | Readjustment of target 25-OH vit D concentration resulted in a ten-fold decrease in the rate of hypercalcemia and improved the safety of cholecalciferol therapy for critically ill patients with traumatic injuries.,https://pmc.ncbi.nlm.nih.gov/articles/PMC9032836/,False,automated_from_observed_title_abstract,10
B2,REC-PUBMED-30396880,30396880,Comparison of Treatment Regimens in Management of Severe Hypercalcemia Due to Vitamin D Intoxication in Children.,2019.0,10.4274/jcrpe.galenos.2018.2018.0131,https://pubmed.ncbi.nlm.nih.gov/30396880/,Comparative Study|Journal Article|Multicenter Study,include_candidate_design_unclear,"Comparison of Treatment Regimens in Management of Severe Hypercalcemia Due to Vitamin D Intoxication in Children.. | OBJECTIVE: No large study has been conducted to date to compare the effectiveness of prednisolone, alendronate and pamidronate as first-line treatment in children with hypercalcemia due to vitamin D intoxication.",vitamin d,1.2 mg | 10.5 mg | 132 IU | 3.2 mg,"Comparison of Treatment Regimens in Management of Severe Hypercalcemia Due to Vitamin D Intoxication in Children.. | OBJECTIVE: No large study has been conducted to date to compare the effectiveness of prednisolone, alendronate and pamidronate as first-line treatment in children with hypercalcemia due to vitamin D intoxication. | METHODS: A standard questionnaire was uploaded to an online national database system to collect data on children with hypercalcemia (serum calcium level >10.5 mg/dL) due to vitamin D intoxication [serum 25-hydroxyvitamin D (25(OH)D) level >150 ng/mL] who were treated in pediatric endocrinology clinics.","ABSTRACT: Comparison of Treatment Regimens in Management of Severe Hypercalcemia Due to Vitamin D Intoxication in Children.. | OBJECTIVE: No large study has been conducted to date to compare the effectiveness of prednisolone, alendronate and pamidronate as first-line treatment in children with hypercalcemia due to vitamin D intoxication. | METHODS: A standard questionnaire was uploaded to an online national database system to collect data on children with hypercalcemia (serum calcium level >10.5 mg/dL) due to vitamin D intoxication [serum 25-hydroxyvitamin D (25(OH)D) level >150 ng/mL] who were treated in pediatric endocrinology clinics.",https://pmc.ncbi.nlm.nih.gov/articles/PMC6571531/,False,automated_from_observed_title_abstract,10
B2,REC-PUBMED-23689153,23689153,Calcium and vitamin D supplementation and risk of kidney stone formation in postmenopausal women.,2013.0,,https://pubmed.ncbi.nlm.nih.gov/23689153/,Clinical Trial|Journal Article,include_candidate_design_unclear,Calcium and vitamin D supplementation and risk of kidney stone formation in postmenopausal women..,vitamin d,100 mg | 400 IU,Calcium and vitamin D supplementation and risk of kidney stone formation in postmenopausal women.. | This study aimed to compare the metabolic changes after supplementation of calcium and vitamin D and examine the risk of stone formation. | CONCLUSIONS: Our findings showed that oral intake of calcium and vitamin D after 1 year has no effect on the urinary calcium excretion rate and the formation of kidney calculi in postmenopausal women.,ABSTRACT: Calcium and vitamin D supplementation and risk of kidney stone formation in postmenopausal women.. | This study aimed to compare the metabolic changes after supplementation of calcium and vitamin D and examine the risk of stone formation. | CONCLUSIONS: Our findings showed that oral intake of calcium and vitamin D after 1 year has no effect on the urinary calcium excretion rate and the formation of kidney calculi in postmenopausal women.,,False,automated_from_observed_title_abstract,10
B2,REC-PUBMED-9335387,9335387,Hypercalcemia during pulse vitamin D3 therapy in CAPD patients treated with low calcium dialysate: the role of the decreasing serum parathyroid hormone level.,1997.0,10.1681/asn.v8101579,https://pubmed.ncbi.nlm.nih.gov/9335387/,"Clinical Trial|Journal Article|Randomized Controlled Trial|Research Support, Non-U.S. Gov't",include_candidate_design_unclear,"Hypercalcemia during pulse vitamin D3 therapy in CAPD patients treated with low calcium dialysate: the role of the decreasing serum parathyroid hormone level.. | However, this treatment often leads to hypercalcemia.",vitamin d,,"Hypercalcemia during pulse vitamin D3 therapy in CAPD patients treated with low calcium dialysate: the role of the decreasing serum parathyroid hormone level.. | However, this treatment often leads to hypercalcemia. | The goals of the study were: (1) to examine whether the incidence of hypercalcemia decreases when dialysate calcium is reduced from 1.25 to 1.0 mmol/L; (2) to determine the relative role of the factors involved in the pathogenesis of hypercalcemia; and (3) to study the efficacy of a low oral pulse dose of alfacalcidol in preventing the recurrence of 2'hpt.",ABSTRACT: Hypercalcemia during pulse vitamin D3 therapy in CAPD patients treated with low calcium dialysate: the role of the decreasing serum parathyroid hormone level..,,False,automated_from_observed_title_abstract,10
B2,REC-PUBMED-39777136,39777136,Idiopathic infantile hypercalcemia with a CYP24A1 variant triggered by vitamin D supplementation in fortified milk: A case report.,2025.0,10.1297/cpe.2024-0049,https://pubmed.ncbi.nlm.nih.gov/39777136/,Case Reports|Journal Article,include_candidate,"Idiopathic infantile hypercalcemia with a CYP24A1 variant triggered by vitamin D supplementation in fortified milk: A case report.. | Idiopathic infantile hypercalcemia (IIH) is characterized by hypercalcemia, nephrocalcinosis, vomiting, dehydration, and failure to thrive.",vitamin d,18.5 mg | 464G,"Idiopathic infantile hypercalcemia with a CYP24A1 variant triggered by vitamin D supplementation in fortified milk: A case report.. | Idiopathic infantile hypercalcemia (IIH) is characterized by hypercalcemia, nephrocalcinosis, vomiting, dehydration, and failure to thrive. | Although hypercalcemia has been linked to the consumption of vitamin D-fortified milk, no reports have documented its role in triggering IIH in patients with CYP24A1 variants.","ABSTRACT: Idiopathic infantile hypercalcemia with a CYP24A1 variant triggered by vitamin D supplementation in fortified milk: A case report.. | Although hypercalcemia has been linked to the consumption of vitamin D-fortified milk, no reports have documented its role in triggering IIH in patients with CYP24A1 variants. | Unexplained hypercalcemia in infants should raise suspicions of abnormal vitamin D metabolism and CYP24A1 locus genotypic analysis can be informative in this regard.",https://pmc.ncbi.nlm.nih.gov/articles/PMC11701012/,False,automated_from_observed_title_abstract,9
B2,REC-PUBMED-40270059,40270059,"Exacerbated hypercalcemia, nephrolithiasis, and renal impairment after vitamin D supplementation in granulomatous disease: a case report.",2025.0,10.1186/s13256-025-05078-5,https://pubmed.ncbi.nlm.nih.gov/40270059/,Case Reports|Journal Article,include_candidate,"Exacerbated hypercalcemia, nephrolithiasis, and renal impairment after vitamin D supplementation in granulomatous disease: a case report.. | These macrophages will rapidly and unimpededly convert inactive vitamin D (25OHD2) to active vitamin D (1,25OH2D3), thereby causing significant hypercalcemia and derivative disease.",vitamin d,6000 µg,"Exacerbated hypercalcemia, nephrolithiasis, and renal impairment after vitamin D supplementation in granulomatous disease: a case report.. | These macrophages will rapidly and unimpededly convert inactive vitamin D (25OHD2) to active vitamin D (1,25OH2D3), thereby causing significant hypercalcemia and derivative disease. | By 2015, granulomas had formed at injection sites, and he was admitted to a hospital with severe hypercalcemia, which was managed with fluid therapy and slowly resolved.","ABSTRACT: Exacerbated hypercalcemia, nephrolithiasis, and renal impairment after vitamin D supplementation in granulomatous disease: a case report.. | These macrophages will rapidly and unimpededly convert inactive vitamin D (25OHD2) to active vitamin D (1,25OH2D3), thereby causing significant hypercalcemia and derivative disease. | CONCLUSION: Unlike most other patients with low 25(OH)D2, patients with granulomatous disease should not routinely receive vitamin D supplementation, as this may aggravate hypercalcemia and hypercalcuria, causing nephrolithiasis and renal impairment.",https://pmc.ncbi.nlm.nih.gov/articles/PMC12020162/,False,automated_from_observed_title_abstract,9
B2,REC-PUBMED-34515963,34515963,Successful treatment with denosumab for two cases with hypercalcemia due to vitamin D intoxication and associated acute kidney injury.,2022.0,10.1007/s13730-021-00643-5,https://pubmed.ncbi.nlm.nih.gov/34515963/,Case Reports|Journal Article,include_candidate_design_unclear,Successful treatment with denosumab for two cases with hypercalcemia due to vitamin D intoxication and associated acute kidney injury.. | Hypervitaminosis D is a rare reason for hypercalcemia and associated with acute kidney injury.,vitamin d,60 mg,Successful treatment with denosumab for two cases with hypercalcemia due to vitamin D intoxication and associated acute kidney injury.. | Hypervitaminosis D is a rare reason for hypercalcemia and associated with acute kidney injury. | We report on two cases of hypercalcemia and acute kidney injury because of vitamin D intoxication successfully treated with denosumab.,ABSTRACT: Successful treatment with denosumab for two cases with hypercalcemia due to vitamin D intoxication and associated acute kidney injury.. | We report on two cases of hypercalcemia and acute kidney injury because of vitamin D intoxication successfully treated with denosumab.,https://pmc.ncbi.nlm.nih.gov/articles/PMC8810995/,False,automated_from_observed_title_abstract,9
B2,REC-PUBMED-36118750,36118750,Association of hypercalciuria with vitamin D supplementation in patients undergoing ketogenic dietary therapy.,2022.0,10.3389/fnut.2022.970467,https://pubmed.ncbi.nlm.nih.gov/36118750/,Journal Article,include_candidate_design_unclear,"Association of hypercalciuria with vitamin D supplementation in patients undergoing ketogenic dietary therapy.. | Vitamin D replacement therapy in KDT has not been established because it may be related to hypercalciuria/urolithiasis, which are common adverse effects of KDT.",vitamin d,49.5 IU | 50 IU,"Association of hypercalciuria with vitamin D supplementation in patients undergoing ketogenic dietary therapy.. | Vitamin D replacement therapy in KDT has not been established because it may be related to hypercalciuria/urolithiasis, which are common adverse effects of KDT. | Hence, this study aimed to evaluate the dose-dependent association between vitamin D3 and hypercalciuria/urolithiasis in patients undergoing KDT and dose optimization for renal complications.","ABSTRACT: Association of hypercalciuria with vitamin D supplementation in patients undergoing ketogenic dietary therapy.. | Vitamin D replacement therapy in KDT has not been established because it may be related to hypercalciuria/urolithiasis, which are common adverse effects of KDT. | Hence, this study aimed to evaluate the dose-dependent association between vitamin D3 and hypercalciuria/urolithiasis in patients undergoing KDT and dose optimization for renal complications.",https://pmc.ncbi.nlm.nih.gov/articles/PMC9478201/,False,automated_from_observed_title_abstract,9
B2,REC-PUBMED-32825353,32825353,Effect of Vitamin D Treatment on Dynamics of Stones Formation in the Urinary Tract and Bone Density in Children with Idiopathic Hypercalciuria.,2020.0,10.3390/nu12092521,https://pubmed.ncbi.nlm.nih.gov/32825353/,Journal Article,include_candidate_design_unclear,Effect of Vitamin D Treatment on Dynamics of Stones Formation in the Urinary Tract and Bone Density in Children with Idiopathic Hypercalciuria.. | Vitamin D supplementation in patients with urolithiasis and hypercalciuria is considered to be unsafe.,vitamin d,400-800 IU | 800 IU,Effect of Vitamin D Treatment on Dynamics of Stones Formation in the Urinary Tract and Bone Density in Children with Idiopathic Hypercalciuria.. | Vitamin D supplementation in patients with urolithiasis and hypercalciuria is considered to be unsafe. | We analyzed the impact of vitamin D supplementation on selected health status parameters in children with idiopathic hypercalciuria.,ABSTRACT: Effect of Vitamin D Treatment on Dynamics of Stones Formation in the Urinary Tract and Bone Density in Children with Idiopathic Hypercalciuria.. | Vitamin D supplementation in patients with urolithiasis and hypercalciuria is considered to be unsafe. | We analyzed the impact of vitamin D supplementation on selected health status parameters in children with idiopathic hypercalciuria.,https://pmc.ncbi.nlm.nih.gov/articles/PMC7551195/,False,automated_from_observed_title_abstract,9
B2,REC-PUBMED-30735332,30735332,Effect of vitamin D supplementation on 24-hour urine calcium in patients with calcium Urolithiasis and vitamin D deficiency.,2019.0,10.1590/s1677-5538.ibju.2018.0522,https://pubmed.ncbi.nlm.nih.gov/30735332/,Journal Article,include_candidate,Effect of vitamin D supplementation on 24-hour urine calcium in patients with calcium Urolithiasis and vitamin D deficiency.. | PURPOSE: Hypercalciuria is one of the risk factors for calcium kidney stone formation (the most common type of urinary stones).,vitamin d,50000IU,"Effect of vitamin D supplementation on 24-hour urine calcium in patients with calcium Urolithiasis and vitamin D deficiency.. | PURPOSE: Hypercalciuria is one of the risk factors for calcium kidney stone formation (the most common type of urinary stones). | Although vitamin D deficiency is prevalent among urolithiasis patients, the effect of vitamin D supplementation on urine calcium in these patients is still unclear.","ABSTRACT: Effect of vitamin D supplementation on 24-hour urine calcium in patients with calcium Urolithiasis and vitamin D deficiency.. | Although vitamin D deficiency is prevalent among urolithiasis patients, the effect of vitamin D supplementation on urine calcium in these patients is still unclear. | MATERIALS AND METHODS: In this retrospective study, medical and laboratory tests records of 26 patients with recurrent calcium kidney stones and vitamin D deficiency treated with 50000IU vitamin D per week for 8-12 weeks were analyzed.",https://pmc.ncbi.nlm.nih.gov/articles/PMC6541149/,False,automated_from_observed_title_abstract,9
B2,REC-PUBMED-27545576,27545576,Vitamin D Intake and the Risk of Incident Kidney Stones.,2017.0,10.1016/j.juro.2016.08.084,https://pubmed.ncbi.nlm.nih.gov/27545576/,Journal Article|Observational Study,include_candidate_design_unclear,Vitamin D Intake and the Risk of Incident Kidney Stones.. | PURPOSE: Kidney stones are a common and painful condition.,vitamin d,000 IU | 100 IU,Vitamin D Intake and the Risk of Incident Kidney Stones.. | PURPOSE: Kidney stones are a common and painful condition. | Longitudinal prospective studies on the association between the intake of vitamin D and the risk of incident kidney stones are lacking.,"ABSTRACT: Vitamin D Intake and the Risk of Incident Kidney Stones.. | Longitudinal prospective studies on the association between the intake of vitamin D and the risk of incident kidney stones are lacking. | RESULTS: After multivariate adjustment there was no statistically significant association between vitamin D intake and risk of stones in the HPFS (HR for 1,000 or greater vs less than 100 IU per day 1.08, 95% CI 0.80, 1.47, p for trend = 0.92) and the NHS I (HR 0.99, 95% CI 0.73, 1.35, p for trend = 0.70), whereas there was a suggestion of a higher risk in the NHS II (HR 1.18, 95% CI 0.94, 1.48, p for trend = 0.02).",https://pmc.ncbi.nlm.nih.gov/articles/PMC5241241/,False,automated_from_observed_title_abstract,9
B2,REC-PUBMED-39064694,39064694,"The Safety Profile of Vitamin D Supplements Using Real-World Data from 445,493 Participants of the UK Biobank: Slightly Higher Hypercalcemia Prevalence but Neither Increased Risks of Kidney Stones nor Atherosclerosis.",2024.0,10.3390/nu16142251,https://pubmed.ncbi.nlm.nih.gov/39064694/,Journal Article,include_candidate_design_unclear,"The Safety Profile of Vitamin D Supplements Using Real-World Data from 445,493 Participants of the UK Biobank: Slightly Higher Hypercalcemia Prevalence but Neither Increased Risks of Kidney Stones nor Atherosclerosis.. | Methods: Leveraging data from the UK Biobank, encompassing 445,493 individuals aged 40-69, we examined associations of high 25-hydroxyvitamin (25(OH)D) levels ≥ 100 nmol/L and vitamin D supplementation with hypercalcemia (serum calcium > 2.6 mmol/L), kidney stones, and atherosclerosis assessments (pulse wave arterial stiffness index and carotid intima-medial thickness).",vitamin d,,"The Safety Profile of Vitamin D Supplements Using Real-World Data from 445,493 Participants of the UK Biobank: Slightly Higher Hypercalcemia Prevalence but Neither Increased Risks of Kidney Stones nor Atherosclerosis.. | Methods: Leveraging data from the UK Biobank, encompassing 445,493 individuals aged 40-69, we examined associations of high 25-hydroxyvitamin (25(OH)D) levels ≥ 100 nmol/L and vitamin D supplementation with hypercalcemia (serum calcium > 2.6 mmol/L), kidney stones, and atherosclerosis assessments (pulse wave arterial stiffness index and carotid intima-medial thickness). | At baseline, the hypercalcemia prevalence was 1.6%, and 1.1% was diagnosed with kidney stones during follow-up.","ABSTRACT: The Safety Profile of Vitamin D Supplements Using Real-World Data from 445,493 Participants of the UK Biobank: Slightly Higher Hypercalcemia Prevalence but Neither Increased Risks of Kidney Stones nor Atherosclerosis.. | Methods: Leveraging data from the UK Biobank, encompassing 445,493 individuals aged 40-69, we examined associations of high 25-hydroxyvitamin (25(OH)D) levels ≥ 100 nmol/L and vitamin D supplementation with hypercalcemia (serum calcium > 2.6 mmol/L), kidney stones, and atherosclerosis assessments (pulse wave arterial stiffness index and carotid intima-medial thickness). | Vitamin D and multivitamin supplementation were associated with an increased prevalence of hypercalcemia (odds ratios and 95% confidence intervals: 1.46 [1.32-1.62] and 1.11 [1.04-1.18], respectively) but were neither associated with atherosclerosis nor future kidney stones.",https://pmc.ncbi.nlm.nih.gov/articles/PMC11279740/,False,automated_from_observed_title_abstract,7
B2,REC-PUBMED-37049567,37049567,Vitamin D and Calcium Supplementation and Urolithiasis: A Controversial and Multifaceted Relationship.,2023.0,10.3390/nu15071724,https://pubmed.ncbi.nlm.nih.gov/37049567/,Journal Article|Review,include_candidate_design_unclear,"Vitamin D and Calcium Supplementation and Urolithiasis: A Controversial and Multifaceted Relationship.. | Patients with urolithiasis, and particularly those with hypercalciuria, frequently have a marked reduction of bone mineral content up to the levels of osteoporosis, with a significant increase in bone fracture risk.",vitamin d,,"Vitamin D and Calcium Supplementation and Urolithiasis: A Controversial and Multifaceted Relationship.. | Patients with urolithiasis, and particularly those with hypercalciuria, frequently have a marked reduction of bone mineral content up to the levels of osteoporosis, with a significant increase in bone fracture risk. | On the other hand, both calcium supplementation, and even more vitamin D therapy, can worsen the risk of developing urolithiasis by increasing calcium, phosphate, and oxalate urinary excretion.","ABSTRACT: Vitamin D and Calcium Supplementation and Urolithiasis: A Controversial and Multifaceted Relationship.. | On the other hand, both calcium supplementation, and even more vitamin D therapy, can worsen the risk of developing urolithiasis by increasing calcium, phosphate, and oxalate urinary excretion. | Finally, we share with the reader our pragmatic algorithm for handling the urolithiasis risk in patients who have strong indications to be prescribed vitamin D and calcium supplementations.",https://pmc.ncbi.nlm.nih.gov/articles/PMC10096570/,False,automated_from_observed_title_abstract,7
B2,REC-PUBMED-33744642,33744642,Safety of megadose of vitamin D in patients with nephrolithiasis.,2021.0,10.1016/j.nut.2021.111201,https://pubmed.ncbi.nlm.nih.gov/33744642/,Case Reports|Journal Article,include_candidate,"Safety of megadose of vitamin D in patients with nephrolithiasis.. | CONCLUSION: To the best of our knowledge, this is the first description of a megadose of vitamin D used in patients with nephrolithiasis.",vitamin d,000 IU | 1.1 mg | 10.1 mg | 10.2 mg | 100-300 mg | 139 mg | 142 mg | 148 mg | 154 mg | 167 mg | 175 mg | 8.6 mg | 9.2 mg | 9.6 mg,"Safety of megadose of vitamin D in patients with nephrolithiasis.. | Laboratory tests demonstrated 25(OH)D of 28 ng/mL (normal range (nr): >30 ng/mL), normal lipid levels, creatinine of 1.1 mg/dL, and homocysteine of 26.6 mcmol/L (nr: 5-15 mcmol/L); parathyroid hormone (PTH) was high at 67.3 pg/mL (nr: 10-65 pg/mL), serum total calcium was 8.6 mg/dL, 24-h urinary calcium was 139 mg/d (normal range 100-300 mg/d), and urinary sediment was normal. | Urinary calcium was 142 mg/d, PTH was 46.7 pg/mL, and serum calcium was 9.6 mg/dL.","ABSTRACT: Safety of megadose of vitamin D in patients with nephrolithiasis.. | CONCLUSION: To the best of our knowledge, this is the first description of a megadose of vitamin D used in patients with nephrolithiasis.",,False,automated_from_observed_title_abstract,7
B2,REC-PUBMED-34959915,34959915,Calcium and Vitamin D Supplementation and Their Association with Kidney Stone Disease: A Narrative Review.,2021.0,10.3390/nu13124363,https://pubmed.ncbi.nlm.nih.gov/34959915/,Journal Article|Review,include_candidate_design_unclear,Calcium and Vitamin D Supplementation and Their Association with Kidney Stone Disease: A Narrative Review.. | Kidney stone disease is a multifactorial condition influenced by both genetic predisposition and environmental factors such as lifestyle and dietary habits.,vitamin d,,"Calcium and Vitamin D Supplementation and Their Association with Kidney Stone Disease: A Narrative Review.. | Kidney stone disease is a multifactorial condition influenced by both genetic predisposition and environmental factors such as lifestyle and dietary habits. | Although different monogenic polymorphisms have been proposed as playing a causal role for calcium nephrolithiasis, the prevalence of these mutations in the general population and their complete pathogenetic pathway is yet to be determined.","ABSTRACT: Calcium and Vitamin D Supplementation and Their Association with Kidney Stone Disease: A Narrative Review.. | In kidney stone formers, circulating active vitamin D has been found to be increased, whereas higher plasma 25-hydroxycholecalciferol seems to be present only in hypercalciuric patients. | The association between nutritional vitamin D supplements and the risk for stone formation is currently not completely understood.",https://pmc.ncbi.nlm.nih.gov/articles/PMC8707627/,False,automated_from_observed_title_abstract,7
B2,REC-PUBMED-26788229,26788229,Combined vitamin D and calcium supplementation in vitamin D inadequate patients with urolithiasis: Impact on hypercalciuria and de novo stone formation.,2015.0,10.5489/cuaj.3332,https://pubmed.ncbi.nlm.nih.gov/26788229/,Journal Article,include_candidate_design_unclear,Combined vitamin D and calcium supplementation in vitamin D inadequate patients with urolithiasis: Impact on hypercalciuria and de novo stone formation.. | INTRODUCTION: We examined the effect of combined vitamin D and calcium supplementation (VDCS) on urinary calcium excretion and de novo stone formation in vitamin D inadequate (VDI) urolithiasis patients.,vitamin d,,Combined vitamin D and calcium supplementation in vitamin D inadequate patients with urolithiasis: Impact on hypercalciuria and de novo stone formation.. | INTRODUCTION: We examined the effect of combined vitamin D and calcium supplementation (VDCS) on urinary calcium excretion and de novo stone formation in vitamin D inadequate (VDI) urolithiasis patients. | METHODS: We retrospectively reviewed the data of VDI patients (serum 25-hydroxyvitamin D <75 nmol/L) followed at a tertiary stone centre between September 2009 and December 2014.,ABSTRACT: Combined vitamin D and calcium supplementation in vitamin D inadequate patients with urolithiasis: Impact on hypercalciuria and de novo stone formation.. | INTRODUCTION: We examined the effect of combined vitamin D and calcium supplementation (VDCS) on urinary calcium excretion and de novo stone formation in vitamin D inadequate (VDI) urolithiasis patients. | METHODS: We retrospectively reviewed the data of VDI patients (serum 25-hydroxyvitamin D <75 nmol/L) followed at a tertiary stone centre between September 2009 and December 2014.,https://pmc.ncbi.nlm.nih.gov/articles/PMC4707892/,False,automated_from_observed_title_abstract,7
B2,REC-PUBMED-22412034,22412034,Hypercalcemia in children receiving pharmacologic doses of vitamin D.,2012.0,10.1542/peds.2011-1663,https://pubmed.ncbi.nlm.nih.gov/22412034/,Case Reports|Journal Article,include_candidate,"Hypercalcemia in children receiving pharmacologic doses of vitamin D.. | We describe 3 children, ages 2 weeks to 2 and 9/12 years, who recently presented to our institution with hypercalcemia and hypervitaminosis D (25-hydroxyvitamin D levels >75 ng/mL), associated with treatment of documented or suspected vitamin D-deficient rickets.",vitamin d,,"Hypercalcemia in children receiving pharmacologic doses of vitamin D.. | We describe 3 children, ages 2 weeks to 2 and 9/12 years, who recently presented to our institution with hypercalcemia and hypervitaminosis D (25-hydroxyvitamin D levels >75 ng/mL), associated with treatment of documented or suspected vitamin D-deficient rickets. | The patients required between 6 weeks and 6 months to correct the elevated serum calcium, with time to resolution of hypercalcemia related to age and peak serum calcium, but not to peak 25-hydroxyvitamin D level.","ABSTRACT: Hypercalcemia in children receiving pharmacologic doses of vitamin D.. | We describe 3 children, ages 2 weeks to 2 and 9/12 years, who recently presented to our institution with hypercalcemia and hypervitaminosis D (25-hydroxyvitamin D levels >75 ng/mL), associated with treatment of documented or suspected vitamin D-deficient rickets. | The patients required between 6 weeks and 6 months to correct the elevated serum calcium, with time to resolution of hypercalcemia related to age and peak serum calcium, but not to peak 25-hydroxyvitamin D level.",https://pmc.ncbi.nlm.nih.gov/articles/PMC8194455/,False,automated_from_observed_title_abstract,7
B2,REC-PUBMED-9738509,9738509,Effect of combination treatment with a vitamin D analog (OCT) and a bisphosphonate (AHPrBP) in a nude mouse model of cancer-associated hypercalcemia.,1998.0,10.1359/jbmr.1998.13.9.1378,https://pubmed.ncbi.nlm.nih.gov/9738509/,"Comparative Study|Journal Article|Research Support, Non-U.S. Gov't",include_candidate_design_unclear,Effect of combination treatment with a vitamin D analog (OCT) and a bisphosphonate (AHPrBP) in a nude mouse model of cancer-associated hypercalcemia.. | Hypercalcemia represents one of the important paraneoplastic syndromes affecting morbidity and mortality of cancer patients.,vitamin d,10 mg,"Effect of combination treatment with a vitamin D analog (OCT) and a bisphosphonate (AHPrBP) in a nude mouse model of cancer-associated hypercalcemia.. | Hypercalcemia represents one of the important paraneoplastic syndromes affecting morbidity and mortality of cancer patients. | We and others have demonstrated that vitamin D analogs with little calcemic activities suppress the transcription of the parathyroid hormone-related peptide (PTHrP) gene, a major humor responsible for cancer hypercalcemia, and thereby prevent the development of hypercalcemic syndrome.","ABSTRACT: Effect of combination treatment with a vitamin D analog (OCT) and a bisphosphonate (AHPrBP) in a nude mouse model of cancer-associated hypercalcemia.. | We and others have demonstrated that vitamin D analogs with little calcemic activities suppress the transcription of the parathyroid hormone-related peptide (PTHrP) gene, a major humor responsible for cancer hypercalcemia, and thereby prevent the development of hypercalcemic syndrome. | The present study was undertaken: to compare the therapeutic efficacy of a vitamin D analog, 22-oxa-1,25-dihydroxyvitamin D3 (OCT), and a bisphosphonate (disodium 3-amino-1-hydroxypropylidene-1,1-bisphosphonate pentahydrate [AHPrBP]), an inhibitor of osteoclastic bone resorption, on cancer-induced hypercalcemia; and to see if the effect could be enhanced by combination treatment, using a nude mouse model implanted with a human pancreas carcinoma (FA-6).",,False,automated_from_observed_title_abstract,7
B3,REC-PUBMED-30178451,30178451,Ascorbic Acid Supplements and Kidney Stones Incidence Among Men and Women: A systematic review and meta-analysis.,2019.0,10.22037/uj.v0i0.4275,https://pubmed.ncbi.nlm.nih.gov/30178451/,Journal Article|Meta-Analysis|Systematic Review,include_candidate,Ascorbic Acid Supplements and Kidney Stones Incidence Among Men and Women: A systematic review and meta-analysis.. | PURPOSE: The relationship of ascorbic acid (AA) supplements and risk of kidney stones among men and women is controversial.,vitamin c,1000-1499mg | 1500 mg | 1500mg | 250-499mg | 500-999 mg | 500-999mg,Ascorbic Acid Supplements and Kidney Stones Incidence Among Men and Women: A systematic review and meta-analysis.. | PURPOSE: The relationship of ascorbic acid (AA) supplements and risk of kidney stones among men and women is controversial. | This systematic evaluation was performed to obtain comprehensive evidence about the relationship of AA supplements and risk of kidney stones among men and women.,ABSTRACT: Ascorbic Acid Supplements and Kidney Stones Incidence Among Men and Women: A systematic review and meta-analysis.. | PURPOSE: The relationship of ascorbic acid (AA) supplements and risk of kidney stones among men and women is controversial.,,False,automated_from_observed_title_abstract,14
B3,REC-PUBMED-15987848,15987848,Ascorbate increases human oxaluria and kidney stone risk.,2005.0,10.1093/jn/135.7.1673,https://pubmed.ncbi.nlm.nih.gov/15987848/,"Clinical Trial|Journal Article|Randomized Controlled Trial|Research Support, Non-U.S. Gov't",include_candidate,"Ascorbate increases human oxaluria and kidney stone risk.. | However, because AA is endogenously converted to oxalate and appears to increase the absorption of dietary oxalate, supplementation may increase the risk of kidney stones.",vitamin c,1000 mg | 136 mg | 18 mg | 2000 mg,"Ascorbate increases human oxaluria and kidney stone risk.. | However, because AA is endogenously converted to oxalate and appears to increase the absorption of dietary oxalate, supplementation may increase the risk of kidney stones. | The effect of AA supplementation on urinary oxalate was studied in a randomized, crossover, controlled design in which subjects consumed a controlled diet in a university metabolic unit.",ABSTRACT: Ascorbate increases human oxaluria and kidney stone risk..,,False,automated_from_observed_title_abstract,12
B3,REC-PUBMED-10929425,10929425,"Ascorbic acid in idiopathic recurrent calcium urolithiasis in humans--does it have an abettor role in oxalate, and calcium oxalate crystallization?",2000.0,10.1007/s002400000101,https://pubmed.ncbi.nlm.nih.gov/10929425/,"Clinical Trial|Journal Article|Research Support, Non-U.S. Gov't",include_candidate_design_unclear,"Ascorbic acid in idiopathic recurrent calcium urolithiasis in humans--does it have an abettor role in oxalate, and calcium oxalate crystallization?. | We evaluated ASC in blood and urine of fasting male patients with idiopathic calcium urolithiasis (ICU) and healthy volunteers.",vitamin c,5 mg,"Ascorbic acid in idiopathic recurrent calcium urolithiasis in humans--does it have an abettor role in oxalate, and calcium oxalate crystallization?. | The role of ascorbic acid (ASC) in the pathophysiology of renal calcium stones is not clear. | We evaluated ASC in blood and urine of fasting male patients with idiopathic calcium urolithiasis (ICU) and healthy volunteers.","ABSTRACT: Ascorbic acid in idiopathic recurrent calcium urolithiasis in humans--does it have an abettor role in oxalate, and calcium oxalate crystallization?. | The role of ascorbic acid (ASC) in the pathophysiology of renal calcium stones is not clear.",,False,automated_from_observed_title_abstract,12
B3,REC-PUBMED-1569652,1569652,Ascorbic acid overdosing: a risk factor for calcium oxalate nephrolithiasis.,1992.0,10.1016/s0022-5347(17)37521-3,https://pubmed.ncbi.nlm.nih.gov/1569652/,Clinical Trial|Controlled Clinical Trial|Journal Article,include_candidate_design_unclear,Ascorbic acid overdosing: a risk factor for calcium oxalate nephrolithiasis.. | This amount would increase the risk of calcium oxalate urolithiasis.,vitamin c,000 mg | 500 mg | 6 to 13 mg,"Ascorbic acid overdosing: a risk factor for calcium oxalate nephrolithiasis.. | Before and after administration, successive 6-hour urine specimens were collected from the nephrostomy tube and from the contralateral kidney directly into a preservative to stabilize ascorbic acid and oxalate. | Urinary oxalate was then measured enzymatically after removal of ascorbic acid with sodium nitrite.","ABSTRACT: Ascorbic acid overdosing: a risk factor for calcium oxalate nephrolithiasis.. | Before and after administration, successive 6-hour urine specimens were collected from the nephrostomy tube and from the contralateral kidney directly into a preservative to stabilize ascorbic acid and oxalate. | Urinary oxalate was then measured enzymatically after removal of ascorbic acid with sodium nitrite.",,False,automated_from_observed_title_abstract,12
B3,REC-PUBMED-30276648,30276648,Ascorbic acid-induced oxalate nephropathy: a case report and discussion of pathologic mechanisms.,2019.0,10.1007/s13730-018-0366-6,https://pubmed.ncbi.nlm.nih.gov/30276648/,Case Reports|Journal Article,include_candidate,"Oxalate nephropathy is associated with hereditary hyperoxaluria, Crohn disease, and previous gastric or intestinal surgery, especially in the setting of increased oxalate intake or ethylene glycol ingestion.",vitamin c,2 g,"Ascorbic acid-induced oxalate nephropathy: a case report and discussion of pathologic mechanisms.. | Oxalate nephropathy is associated with hereditary hyperoxaluria, Crohn disease, and previous gastric or intestinal surgery, especially in the setting of increased oxalate intake or ethylene glycol ingestion. | We present a patient whose intake of vitamin C supplements (2 g/day), exacerbated by predisposing factors of prior small bowel obstruction and resection, and benign prostate hyperplasia (BPH), resulted in acute kidney injury due to oxalate nephropathy.","ABSTRACT: Ascorbic acid-induced oxalate nephropathy: a case report and discussion of pathologic mechanisms.. | We present a patient whose intake of vitamin C supplements (2 g/day), exacerbated by predisposing factors of prior small bowel obstruction and resection, and benign prostate hyperplasia (BPH), resulted in acute kidney injury due to oxalate nephropathy. | We review past reports of vitamin C-induced oxalate nephropathy and discuss the underlying precipitating factors.",https://pmc.ncbi.nlm.nih.gov/articles/PMC6361085/,False,automated_from_observed_title_abstract,10
B3,REC-PUBMED-29883396,29883396,No Reported Renal Stones with Intravenous Vitamin C Administration: A Prospective Case Series Study.,2018.0,10.3390/antiox7050068,https://pubmed.ncbi.nlm.nih.gov/29883396/,Journal Article,include_candidate_design_unclear,"No Reported Renal Stones with Intravenous Vitamin C Administration: A Prospective Case Series Study.. | A few cases associating high dose intravenous vitamin C (IVC) administration with renal stone formation have been reported in the literature, however, no long-term studies investigating IVC administration and reported renal stones have been carried out.",vitamin c,,"No Reported Renal Stones with Intravenous Vitamin C Administration: A Prospective Case Series Study.. | A few cases associating high dose intravenous vitamin C (IVC) administration with renal stone formation have been reported in the literature, however, no long-term studies investigating IVC administration and reported renal stones have been carried out. | Our aim was to measure the frequency of reported renal stones in patients receiving IVC therapy.","ABSTRACT: No Reported Renal Stones with Intravenous Vitamin C Administration: A Prospective Case Series Study.. | A few cases associating high dose intravenous vitamin C (IVC) administration with renal stone formation have been reported in the literature, however, no long-term studies investigating IVC administration and reported renal stones have been carried out.",https://pmc.ncbi.nlm.nih.gov/articles/PMC5981254/,False,automated_from_observed_title_abstract,10
B3,REC-PUBMED-40115864,40115864,A case report of renal oxalosis and secondary hyperoxaluria due to chronic high vitamin C consumption.,2025.0,10.5414/cncs111462,https://pubmed.ncbi.nlm.nih.gov/40115864/,Case Reports|Journal Article,include_candidate,"A case report of renal oxalosis and secondary hyperoxaluria due to chronic high vitamin C consumption.. | One of the causes of secondary hyperoxaluria is a high intake of vitamin C, which exceeds the renal excretion capacity, and can induce renal oxalosis.",vitamin c,3 g,"A case report of renal oxalosis and secondary hyperoxaluria due to chronic high vitamin C consumption.. | Renal oxalosis occurs from supersaturation of the urine with oxalate in the presence of calcium, resulting in deposition of calcium oxalate crystals within renal tissue and, consequently, progressive renal disease. | One of the causes of secondary hyperoxaluria is a high intake of vitamin C, which exceeds the renal excretion capacity, and can induce renal oxalosis.","ABSTRACT: A case report of renal oxalosis and secondary hyperoxaluria due to chronic high vitamin C consumption.. | One of the causes of secondary hyperoxaluria is a high intake of vitamin C, which exceeds the renal excretion capacity, and can induce renal oxalosis. | We present a case involving a 67-year-old patient with chronic kidney disease and proteinuria, associated with secondary hyperoxaluria and renal oxalosis, who reported prolonged, excessive intake of vitamin C supplements.",https://pmc.ncbi.nlm.nih.gov/articles/PMC11924107/,False,automated_from_observed_title_abstract,9
B3,REC-PUBMED-28717544,28717544,Is it safe to prescribe ascorbic acid for urinary acidification in stone-forming patients with alkaline urine?,2017.0,10.5152/tud.2017.02700,https://pubmed.ncbi.nlm.nih.gov/28717544/,Journal Article,include_candidate_design_unclear,"OBJECTIVE: To study the effect of ascorbic acid (AA) supplementation on urinary pH, metabolic stone workup parameters, and development of de novo urolithiasis in stone-forming patients. | Patients with recurrent urolithiasis who received AA supplementation as a urinary acidifying agent were included in the study.",vitamin c,1000 mg | 500-2000 mg,"Is it safe to prescribe ascorbic acid for urinary acidification in stone-forming patients with alkaline urine?. | OBJECTIVE: To study the effect of ascorbic acid (AA) supplementation on urinary pH, metabolic stone workup parameters, and development of de novo urolithiasis in stone-forming patients. | MATERIAL AND METHODS: A retrospective review of the patients followed-up at a tertiary stone centre between September 2009 and October 2015 was performed.","ABSTRACT: Is it safe to prescribe ascorbic acid for urinary acidification in stone-forming patients with alkaline urine?. | OBJECTIVE: To study the effect of ascorbic acid (AA) supplementation on urinary pH, metabolic stone workup parameters, and development of de novo urolithiasis in stone-forming patients.",https://pmc.ncbi.nlm.nih.gov/articles/PMC5503439/,False,automated_from_observed_title_abstract,9
B3,REC-PUBMED-26463139,26463139,"Total, Dietary, and Supplemental Vitamin C Intake and Risk of Incident Kidney Stones.",2016.0,10.1053/j.ajkd.2015.09.005,https://pubmed.ncbi.nlm.nih.gov/26463139/,"Journal Article|Research Support, N.I.H., Extramural",include_candidate,"Total, Dietary, and Supplemental Vitamin C Intake and Risk of Incident Kidney Stones.. | BACKGROUND: Previous studies of vitamin C and kidney stones were conducted mostly in men and either reported disparate results for supplemental and dietary vitamin C or did not examine dietary vitamin C.",vitamin c,000mg | 700mg,"Total, Dietary, and Supplemental Vitamin C Intake and Risk of Incident Kidney Stones.. | BACKGROUND: Previous studies of vitamin C and kidney stones were conducted mostly in men and either reported disparate results for supplemental and dietary vitamin C or did not examine dietary vitamin C. | OUTCOMES: Incident kidney stones.","ABSTRACT: Total, Dietary, and Supplemental Vitamin C Intake and Risk of Incident Kidney Stones.. | BACKGROUND: Previous studies of vitamin C and kidney stones were conducted mostly in men and either reported disparate results for supplemental and dietary vitamin C or did not examine dietary vitamin C. | After multivariable adjustment, total vitamin C intake (<90 [reference], 90-249, 250-499, 500-999, and ≥1,000mg/d) was not significantly associated with risk for kidney stones among women, but was among men (HRs of 1.00 [reference], 1.19 [95% CI, 0.99-1.46], 1.15 [95% CI, 0.93-1.42], 1.29 [95% CI, 1.04-1.60], and 1.43 [95% CI, 1.15-1.79], respectively; P for trend = 0.005).",https://pmc.ncbi.nlm.nih.gov/articles/PMC4769668/,False,automated_from_observed_title_abstract,9
B3,REC-PUBMED-18042297,18042297,Vitamin C-induced hyperoxaluria causing reversible tubulointerstitial nephritis and chronic renal failure: a case report.,2007.0,10.1186/1752-1947-1-155,https://pubmed.ncbi.nlm.nih.gov/18042297/,Journal Article,include_candidate,"Vitamin C-induced hyperoxaluria causing reversible tubulointerstitial nephritis and chronic renal failure: a case report.. | UNLABELLED: Vitamin C is a precursor of oxalate and promoter of its absorption, potentially causing hyperoxaluria.",vitamin c,0.6-1.3 mg | 1.2 mg | 1.8 mg | 100 mg | 3.1 mg | 680 mg | 8.4 mg,"Vitamin C-induced hyperoxaluria causing reversible tubulointerstitial nephritis and chronic renal failure: a case report.. | UNLABELLED: Vitamin C is a precursor of oxalate and promoter of its absorption, potentially causing hyperoxaluria. | Malabsorption causes Calcium (Ca) chelation with fatty acids, producing enteric hyperoxaluria.","ABSTRACT: Vitamin C-induced hyperoxaluria causing reversible tubulointerstitial nephritis and chronic renal failure: a case report.. | UNLABELLED: Vitamin C is a precursor of oxalate and promoter of its absorption, potentially causing hyperoxaluria. | Given his oxalate-rich diet, chronic diarrhea, and daily 680 mg vitamin C and furosemide, we postulated Ca oxalate-induced nephropathy, a diagnosis confirmed by documenting hyperoxaluria, and finding of diffuse intraluminal crystals and extensive interstitial fibrosis on biopsy.",https://pmc.ncbi.nlm.nih.gov/articles/PMC2235877/,False,automated_from_observed_title_abstract,9
B3,REC-PUBMED-40130101,40130101,Public Interest in Vitamin C Supplementation During the COVID-19 Pandemic as a Potential Risk for Oxalate Nephrolithiasis.,2025.0,10.7759/cureus.79452,https://pubmed.ncbi.nlm.nih.gov/40130101/,Journal Article,include_candidate_design_unclear,"Public Interest in Vitamin C Supplementation During the COVID-19 Pandemic as a Potential Risk for Oxalate Nephrolithiasis.. | One potential harm of high-dose vitamin C supplementation is increased urinary oxalate, which may increase the risk of hyperoxaluria and oxalate kidney stones.",vitamin c,,"Public Interest in Vitamin C Supplementation During the COVID-19 Pandemic as a Potential Risk for Oxalate Nephrolithiasis.. | One potential harm of high-dose vitamin C supplementation is increased urinary oxalate, which may increase the risk of hyperoxaluria and oxalate kidney stones. | This study aims to evaluate public interest in vitamin C during the COVID-19 pandemic based on online search volume and to characterize variation in vitamin C interest as a potential contributor to kidney stone formation.","ABSTRACT: Public Interest in Vitamin C Supplementation During the COVID-19 Pandemic as a Potential Risk for Oxalate Nephrolithiasis.. | One potential harm of high-dose vitamin C supplementation is increased urinary oxalate, which may increase the risk of hyperoxaluria and oxalate kidney stones. | This study aims to evaluate public interest in vitamin C during the COVID-19 pandemic based on online search volume and to characterize variation in vitamin C interest as a potential contributor to kidney stone formation.",https://pmc.ncbi.nlm.nih.gov/articles/PMC11932055/,False,automated_from_observed_title_abstract,7
B3,REC-PUBMED-19507407,19507407,Vitamin C with metabolites reduce oxalate levels compared to ascorbic acid: a preliminary and novel clinical urologic finding.,2009.0,,https://pubmed.ncbi.nlm.nih.gov/19507407/,Comparative Study|Journal Article|Randomized Controlled Trial,include_candidate,"The incidence and prevalence of kidney stones are notable and are projected to increase over the next decade. | Risk factors for kidney stones abound, but a prominent risk factor is hyperoxaluria, which has numerous etiologies, including vitamin C (ascorbic acid) dietary supplement intake.",vitamin c,,"Vitamin C with metabolites reduce oxalate levels compared to ascorbic acid: a preliminary and novel clinical urologic finding.. | The incidence and prevalence of kidney stones are notable and are projected to increase over the next decade. | Risk factors for kidney stones abound, but a prominent risk factor is hyperoxaluria, which has numerous etiologies, including vitamin C (ascorbic acid) dietary supplement intake.","ABSTRACT: Vitamin C with metabolites reduce oxalate levels compared to ascorbic acid: a preliminary and novel clinical urologic finding.. | Risk factors for kidney stones abound, but a prominent risk factor is hyperoxaluria, which has numerous etiologies, including vitamin C (ascorbic acid) dietary supplement intake. | This randomized, double-blind, crossover study examined the effects of two different vitamin C formulations and found that vitamin C with metabolites (Ester-C) significantly reduced urine oxalate levels compared to ascorbic acid.",,False,automated_from_observed_title_abstract,7
B3,REC-PUBMED-15558527,15558527,Oxalate absorption and endogenous oxalate synthesis from ascorbate in calcium oxalate stone formers and non-stone formers.,2004.0,10.1053/j.ajkd.2004.08.028,https://pubmed.ncbi.nlm.nih.gov/15558527/,"Journal Article|Research Support, Non-U.S. Gov't",include_candidate_design_unclear,"BACKGROUND: Increased rates of either oxalate absorption or endogenous oxalate synthesis can contribute to hyperoxaluria, a primary risk factor for the formation of calcium oxalate-containing kidney stones. | METHODS: Twenty-nine individuals with a history of calcium oxalate kidney stones (19 men, 10 women) and 19 age-matched NSFs (8 men, 11 women) participated in two 6-day controlled feeding experimental periods: ascorbate-supplement (2 g/d) and no-supplement treatments.",vitamin c,118 mg | 18 mg | 2 g,"Oxalate absorption and endogenous oxalate synthesis from ascorbate in calcium oxalate stone formers and non-stone formers.. | BACKGROUND: Increased rates of either oxalate absorption or endogenous oxalate synthesis can contribute to hyperoxaluria, a primary risk factor for the formation of calcium oxalate-containing kidney stones. | This study involves a comparative assessment of oxalate absorption and endogenous oxalate synthesis in subpopulations of stone formers (SFs) and non-stone formers (NSFs) and an assessment of the effect of ascorbate supplementation on oxalate absorption and endogenous oxalate synthesis.","ABSTRACT: Oxalate absorption and endogenous oxalate synthesis from ascorbate in calcium oxalate stone formers and non-stone formers.. | This study involves a comparative assessment of oxalate absorption and endogenous oxalate synthesis in subpopulations of stone formers (SFs) and non-stone formers (NSFs) and an assessment of the effect of ascorbate supplementation on oxalate absorption and endogenous oxalate synthesis. | METHODS: Twenty-nine individuals with a history of calcium oxalate kidney stones (19 men, 10 women) and 19 age-matched NSFs (8 men, 11 women) participated in two 6-day controlled feeding experimental periods: ascorbate-supplement (2 g/d) and no-supplement treatments.",,False,automated_from_observed_title_abstract,7
B3,REC-PUBMED-9589801,9589801,The effect of ascorbic acid ingestion on the biochemical and physicochemical risk factors associated with calcium oxalate kidney stone formation.,1998.0,10.1515/cclm.1998.027,https://pubmed.ncbi.nlm.nih.gov/9589801/,"Journal Article|Research Support, Non-U.S. Gov't",include_candidate_design_unclear,The effect of ascorbic acid ingestion on the biochemical and physicochemical risk factors associated with calcium oxalate kidney stone formation.. | The present study was undertaken to determine the effect of ingestion of large doses of vitamin C on urinary oxalate excretion and on a number of other biochemical and physicochemical risk factors associated with calcium oxalate urolithiasis.,vitamin c,4 g,The effect of ascorbic acid ingestion on the biochemical and physicochemical risk factors associated with calcium oxalate kidney stone formation.. | The present study was undertaken to determine the effect of ingestion of large doses of vitamin C on urinary oxalate excretion and on a number of other biochemical and physicochemical risk factors associated with calcium oxalate urolithiasis. | A further objective was to determine urinary ascorbate excretion and to relate it qualitatively to ingested levels of the vitamin and oxalate excretion.,ABSTRACT: The effect of ascorbic acid ingestion on the biochemical and physicochemical risk factors associated with calcium oxalate kidney stone formation.. | The present study was undertaken to determine the effect of ingestion of large doses of vitamin C on urinary oxalate excretion and on a number of other biochemical and physicochemical risk factors associated with calcium oxalate urolithiasis. | A further objective was to determine urinary ascorbate excretion and to relate it qualitatively to ingested levels of the vitamin and oxalate excretion.,,False,automated_from_observed_title_abstract,7
B3,REC-PUBMED-9079746,9079746,"Postprandial hyperinsulinaemia, insulin resistance and inappropriately high phosphaturia are features of younger males with idiopathic calcium urolithiasis: attenuation by ascorbic acid supplementation of a test meal.",1997.0,10.1007/bf00941906,https://pubmed.ncbi.nlm.nih.gov/9079746/,"Journal Article|Research Support, Non-U.S. Gov't",include_candidate_design_unclear,"Postprandial hyperinsulinaemia, insulin resistance and inappropriately high phosphaturia are features of younger males with idiopathic calcium urolithiasis: attenuation by ascorbic acid supplementation of a test meal.. | In idiopathic recurrent calcium urolithiasis (RCU) the state of insulin and carbohydrate metabolism, and relationships to minerals such as phosphate, are insufficiently understood.",vitamin c,5 mg,"Postprandial hyperinsulinaemia, insulin resistance and inappropriately high phosphaturia are features of younger males with idiopathic calcium urolithiasis: attenuation by ascorbic acid supplementation of a test meal.. | In idiopathic recurrent calcium urolithiasis (RCU) the state of insulin and carbohydrate metabolism, and relationships to minerals such as phosphate, are insufficiently understood. | Untreated stone patients (RCU) developed hyperinsulinaemia between 60 and 120 min post-load, increased integrated insulin, and insulin resistance (P < or = 0.05 vs controls), whereas the rise of C-peptide and glycaemia (absolute and integrated values) was only of borderline significance.","ABSTRACT: Postprandial hyperinsulinaemia, insulin resistance and inappropriately high phosphaturia are features of younger males with idiopathic calcium urolithiasis: attenuation by ascorbic acid supplementation of a test meal..",,False,automated_from_observed_title_abstract,7
B3,REC-PUBMED-9429689,9429689,No contribution of ascorbic acid to renal calcium oxalate stones.,1997.0,10.1159/000177954,https://pubmed.ncbi.nlm.nih.gov/9429689/,Journal Article|Review,include_candidate_design_unclear,"Even though a certain part of oxalate in the urine derives from metabolized ascorbic acid (AA), the intake of high doses of vitamin C does not increase the risk of calcium oxalate kidney stones due to physiological regulatory factor: gastrointestinal absorption as well as renal tubular reabsorption of AA are saturable processes, and the metabolic transformation of AA to oxalate is limited as well. | But in the large-scale Harvard Prospective Health Professional Follow-Up Study, those groups in the highest quintile of vitamin C intake (> 1,500 mg/day) had a lower risk of kidney stones than the groups in the lowest quintiles.",vitamin c,100 mg | 500 mg,"No contribution of ascorbic acid to renal calcium oxalate stones.. | Even though a certain part of oxalate in the urine derives from metabolized ascorbic acid (AA), the intake of high doses of vitamin C does not increase the risk of calcium oxalate kidney stones due to physiological regulatory factor: gastrointestinal absorption as well as renal tubular reabsorption of AA are saturable processes, and the metabolic transformation of AA to oxalate is limited as well. | Older assays for urinary oxalate favored in vitro conversion of AA to oxalate during storage and processing of the samples.","ABSTRACT: No contribution of ascorbic acid to renal calcium oxalate stones.. | Even though a certain part of oxalate in the urine derives from metabolized ascorbic acid (AA), the intake of high doses of vitamin C does not increase the risk of calcium oxalate kidney stones due to physiological regulatory factor: gastrointestinal absorption as well as renal tubular reabsorption of AA are saturable processes, and the metabolic transformation of AA to oxalate is limited as well. | Recurrent stone formers and patients with renal failure who have a defect in AA or oxalate metabolism should restrict daily vitamin C intakes to approximately 100 mg.",,False,automated_from_observed_title_abstract,7
B3,REC-PUBMED-31748360,31748360,Acute oxalate nephropathy due to high vitamin C doses and exocrine pancreatic insufficiency.,2019.0,10.1136/bcr-2019-231504,https://pubmed.ncbi.nlm.nih.gov/31748360/,Case Reports|Journal Article,include_candidate_design_unclear,Oxalate kidney injury can manifest as oxalate nephropathy or nephrolithiasis and present as acute kidney injury or even as end-stage renal disease.,vitamin c,,"Acute oxalate nephropathy due to high vitamin C doses and exocrine pancreatic insufficiency.. | Oxalate kidney injury can manifest as oxalate nephropathy or nephrolithiasis and present as acute kidney injury or even as end-stage renal disease. | There are several known causes for acute oxalate nephropathy; however, the combination of exocrine pancreatic insufficiency with overconsumption of vitamin C has not been described before.","ABSTRACT: Acute oxalate nephropathy due to high vitamin C doses and exocrine pancreatic insufficiency.. | There are several known causes for acute oxalate nephropathy; however, the combination of exocrine pancreatic insufficiency with overconsumption of vitamin C has not been described before. | We diagnosed acute oxalate nephropathy due to high vitamin C doses and exocrine pancreatic insufficiency.",https://pmc.ncbi.nlm.nih.gov/articles/PMC6887424/,False,automated_from_observed_title_abstract,6
B3,REC-PUBMED-29497551,29497551,A case of reversible hyperoxaluria nephropathy early after roux-en-y-gastric bypass induced by vitamin C intake.,2016.0,10.1093/omcr/omw054,https://pubmed.ncbi.nlm.nih.gov/29497551/,Case Reports|Journal Article,include_candidate_design_unclear,A case of reversible hyperoxaluria nephropathy early after roux-en-y-gastric bypass induced by vitamin C intake..,vitamin c,,"A case of reversible hyperoxaluria nephropathy early after roux-en-y-gastric bypass induced by vitamin C intake.. | Oxalate nephropathy is a complication of RYGB that has been described earlier in the literature and may end with renal failure and dialysis if not recognized and treated early. | Here, we report a reversible case of oxalate nephropathy 3 months after RYGB in a 51-year-old patient.",ABSTRACT: A case of reversible hyperoxaluria nephropathy early after roux-en-y-gastric bypass induced by vitamin C intake..,https://pmc.ncbi.nlm.nih.gov/articles/PMC5782480/,False,automated_from_observed_title_abstract,6
B3,REC-PUBMED-15568291,15568291,Urinary oxalate excretion increases in home parenteral nutrition patients on a higher intravenous ascorbic acid dose.,2004.0,10.1177/0148607104028006435,https://pubmed.ncbi.nlm.nih.gov/15568291/,"Journal Article|Research Support, U.S. Gov't, P.H.S.",include_candidate,"RESULTS: Thirteen patients (7 males/6 females) aged 63.1 +/- 12.2 years who had no history of nephrolithiasis and had received TPN for 55.9 +/- 78.8 months were enrolled. | CONCLUSIONS: In therapeutically used doses, IV vitamin C increases urinary oxalate excretion, potentially predisposing susceptible individuals to nephrolithiasis.",vitamin c,100 mg | 200 mg,Urinary oxalate excretion increases in home parenteral nutrition patients on a higher intravenous ascorbic acid dose.. | BACKGROUND: Vitamin C can be metabolized to oxalate. | Case reports have suggested an association between IV vitamin C and urinary oxalate excretion.,ABSTRACT: Urinary oxalate excretion increases in home parenteral nutrition patients on a higher intravenous ascorbic acid dose.. | BACKGROUND: Vitamin C can be metabolized to oxalate. | Case reports have suggested an association between IV vitamin C and urinary oxalate excretion.,,False,automated_from_observed_title_abstract,6
B3,REC-PUBMED-10090119,10090119,"Relation of serum ascorbic acid to serum vitamin B12, serum ferritin, and kidney stones in US adults.",1999.0,10.1001/archinte.159.6.619,https://pubmed.ncbi.nlm.nih.gov/10090119/,"Journal Article|Research Support, Non-U.S. Gov't|Research Support, U.S. Gov't, P.H.S.",include_candidate,"Relation of serum ascorbic acid to serum vitamin B12, serum ferritin, and kidney stones in US adults.. | BACKGROUND: Concern has been raised that high levels of ascorbic acid consumption may lead to potential adverse effects, such as vitamin B12 deficiency, iron overload, and kidney stones.",vitamin c,0.1 to 2.7 mg,"Relation of serum ascorbic acid to serum vitamin B12, serum ferritin, and kidney stones in US adults.. | BACKGROUND: Concern has been raised that high levels of ascorbic acid consumption may lead to potential adverse effects, such as vitamin B12 deficiency, iron overload, and kidney stones. | OBJECTIVE: To examine the relation of serum ascorbic acid level, which reflects intake, to serum vitamin B12 level, serum ferritin level, and kidney stones.","ABSTRACT: Relation of serum ascorbic acid to serum vitamin B12, serum ferritin, and kidney stones in US adults.. | BACKGROUND: Concern has been raised that high levels of ascorbic acid consumption may lead to potential adverse effects, such as vitamin B12 deficiency, iron overload, and kidney stones. | OBJECTIVE: To examine the relation of serum ascorbic acid level, which reflects intake, to serum vitamin B12 level, serum ferritin level, and kidney stones.",,False,automated_from_observed_title_abstract,6
B3,REC-PUBMED-7371664,7371664,Effect of megadoses of ascorbic acid on serum and urinary oxalate.,1980.0,10.1159/000473318,https://pubmed.ncbi.nlm.nih.gov/7371664/,Journal Article,include_candidate_design_unclear,"Urinary oxalate gradually increased during ascorbate intake and 7 days post cessation of ascorbate, rose unexpectedly for all subjects into the hyperoxaluric range.",vitamin c,1.8 mg | 3.6 mg | 8 g,"Effect of megadoses of ascorbic acid on serum and urinary oxalate.. | Serum and urinary oxalate was determined in 9 normal subjects, ingesting 8 g of ascorbic acid daily. | Serum oxalate levels increased to 310% of control values during supplementation.","ABSTRACT: Effect of megadoses of ascorbic acid on serum and urinary oxalate.. | Serum and urinary oxalate was determined in 9 normal subjects, ingesting 8 g of ascorbic acid daily. | Urinary oxalate gradually increased during ascorbate intake and 7 days post cessation of ascorbate, rose unexpectedly for all subjects into the hyperoxaluric range.",,False,automated_from_observed_title_abstract,6
B3,REC-PUBMED-21603151,21603151,Vitamin C-induced oxalate nephropathy.,2011.0,10.4061/2011/146927,https://pubmed.ncbi.nlm.nih.gov/21603151/,Case Reports|Journal Article,include_candidate_design_unclear,Intratubular crystallization of calcium oxalate as a result of hyperoxaluria can cause acute renal failure. | Hyperoxaluria occurs as a result of inherited enzymatic deficiencies known as primary hyperoxaluria or from exogenous sources known as secondary hyperoxaluria.,vitamin c,,Vitamin C-induced oxalate nephropathy.. | Intratubular crystallization of calcium oxalate as a result of hyperoxaluria can cause acute renal failure. | This type of renal failure is known as oxalate nephropathy.,ABSTRACT: Vitamin C-induced oxalate nephropathy.. | Vitamin C is metabolized to oxalate. | This article presents a clinical case in which ingestion of high amounts of vitamin C lead to oxalate nephropathy.,https://pmc.ncbi.nlm.nih.gov/articles/PMC3096888/,False,automated_from_observed_title_abstract,5
B3,REC-PUBMED-8146605,8146605,Ascorbic acid is an abettor in calcium urolithiasis: an experimental study.,1993.0,,https://pubmed.ncbi.nlm.nih.gov/8146605/,Journal Article,include_candidate_design_unclear,"Ascorbic acid is an abettor in calcium urolithiasis: an experimental study.. | Neither of the ascorbic acid doses given induced crystalluria, calcification or stone formation, thereby confirming our previous findings that ascorbic acid in the doses used by clinicians does not cause urolith formation.",vitamin c,100g | 60 mg,"Ascorbic acid is an abettor in calcium urolithiasis: an experimental study.. | Neither of the ascorbic acid doses given induced crystalluria, calcification or stone formation, thereby confirming our previous findings that ascorbic acid in the doses used by clinicians does not cause urolith formation. | In the second set of experiments, ascorbic acid was supplemented in hypercalciuric (induced by calcium carbonate feeding) and hyperoxaluric (induced by sodium oxalate feeding) animals for 45 days.","ABSTRACT: Ascorbic acid is an abettor in calcium urolithiasis: an experimental study.. | Neither of the ascorbic acid doses given induced crystalluria, calcification or stone formation, thereby confirming our previous findings that ascorbic acid in the doses used by clinicians does not cause urolith formation. | In the second set of experiments, ascorbic acid was supplemented in hypercalciuric (induced by calcium carbonate feeding) and hyperoxaluric (induced by sodium oxalate feeding) animals for 45 days.",,False,automated_from_observed_title_abstract,5
B3,REC-PUBMED-25260453,25260453,High-dose supplementation with vitamin C--induced pediatric urolithiasis: the first case report in a child and literature review.,2014.0,10.1016/j.urology.2014.07.021,https://pubmed.ncbi.nlm.nih.gov/25260453/,"Case Reports|Journal Article|Research Support, Non-U.S. Gov't|Review",include_candidate,"High-dose supplementation with vitamin C--induced pediatric urolithiasis: the first case report in a child and literature review.. | After vitamin C intake prohibited without other therapy and change of dietary intake, the urine oxalate excretion was decreased to normal level and no recurrence of urolithiasis was present during the 3-year follow-up.",vitamin c,,High-dose supplementation with vitamin C--induced pediatric urolithiasis: the first case report in a child and literature review.. | High dose of vitamin C intake could increase urine oxalate excretion and hence the risk of calcium stone formation. | We report a case of left ureteral stone in a 9-year-old boy with an extremely high urine oxalate excretion.,"ABSTRACT: High-dose supplementation with vitamin C--induced pediatric urolithiasis: the first case report in a child and literature review.. | High dose of vitamin C intake could increase urine oxalate excretion and hence the risk of calcium stone formation. | After vitamin C intake prohibited without other therapy and change of dietary intake, the urine oxalate excretion was decreased to normal level and no recurrence of urolithiasis was present during the 3-year follow-up.",,False,automated_from_observed_title_abstract,3
B3,REC-PUBMED-9767367,9767367,"Relative hyperoxaluria, crystalluria and haematuria after megadose ingestion of vitamin C.",1998.0,10.1046/j.1365-2362.1998.00349.x,https://pubmed.ncbi.nlm.nih.gov/9767367/,"Case Reports|Journal Article|Research Support, Non-U.S. Gov't",include_candidate_design_unclear,"Relative hyperoxaluria, crystalluria and haematuria after megadose ingestion of vitamin C.. | BACKGROUND: Long-term or high-dosage consumption of vitamin C may play a role in calcium oxalate kidney stone formation.",vitamin c,,"Relative hyperoxaluria, crystalluria and haematuria after megadose ingestion of vitamin C.. | BACKGROUND: Long-term or high-dosage consumption of vitamin C may play a role in calcium oxalate kidney stone formation. | The present study was undertaken to determine the biochemical and physicochemical risk factors in a male subject who developed haematuria and calcium oxalate crystalluria after ingestion of large doses of ascorbic acid for 8 consecutive days.","ABSTRACT: Relative hyperoxaluria, crystalluria and haematuria after megadose ingestion of vitamin C.. | BACKGROUND: Long-term or high-dosage consumption of vitamin C may play a role in calcium oxalate kidney stone formation. | The present study was undertaken to determine the biochemical and physicochemical risk factors in a male subject who developed haematuria and calcium oxalate crystalluria after ingestion of large doses of ascorbic acid for 8 consecutive days.",,False,automated_from_observed_title_abstract,3
B3,REC-PUBMED-3132636,3132636,Oxalate metabolism in end-stage renal disease: the effect of ascorbic acid and pyridoxine.,1988.0,,https://pubmed.ncbi.nlm.nih.gov/3132636/,Journal Article,include_candidate_design_unclear,"No patient with primary hyperoxaluria was included in this study. | The values for POx, OxMP and TOxA were significantly increased in all ten patients and in the range observed in some patients with type I primary hyperoxaluria.",vitamin c,100 mg | 800 mg,Oxalate metabolism in end-stage renal disease: the effect of ascorbic acid and pyridoxine.. | Oxalate metabolism was studied in ten patients with end-stage renal disease. | No patient with primary hyperoxaluria was included in this study.,ABSTRACT: Oxalate metabolism in end-stage renal disease: the effect of ascorbic acid and pyridoxine.. | Ascorbic acid in a dose of 100 mg/day had no significant effect on the parameters of oxalate metabolism studied.,,False,automated_from_observed_title_abstract,3
B3,REC-PUBMED-556987,556987,The diurnal urinary excretion of oxalate and the effect of pyridoxine and ascorbate on oxalate excretion.,1977.0,10.1159/000472053,https://pubmed.ncbi.nlm.nih.gov/556987/,Journal Article,include_candidate_design_unclear,The diurnal urinary oxalate excretion has been determined in 11 patients with urolithiasis and in 7 normal subjects.,vitamin c,,The diurnal urinary excretion of oxalate and the effect of pyridoxine and ascorbate on oxalate excretion.. | The diurnal urinary oxalate excretion has been determined in 11 patients with urolithiasis and in 7 normal subjects. | The variation from hour to hour was most pronounced in the stone patient group.,ABSTRACT: The diurnal urinary excretion of oxalate and the effect of pyridoxine and ascorbate on oxalate excretion.. | Ascorbate administration increased oxalate excretion in all 7 subjects studied.,,False,automated_from_observed_title_abstract,3
