source,record_id,question_id,provider_id,title,classification,reason,known_query_risk,source_limitation,source_url,decision_authority,human_screening_claim,systematic_review_inclusion_claim,status
clinicaltrials,REC-CTGOV-NCT00070655,A1,NCT00070655,Evaluating the Use of SR34006 Compared to Warfarin or Acenocoumarol in Patients With Atrial Fibrillation (AMADEUS),ai_unranked_source_candidate,retrieved_by_preserved_source_query; no dual-profile classifier available,vitamin K antagonist lexical false positive,,https://clinicaltrials.gov/study/NCT00070655,ai_exploratory_only,false,false,protocol_v2_ai_exploratory_unranked
clinicaltrials,REC-CTGOV-NCT00143715,A1,NCT00143715,Oral Vitamin K for Warfarin Associated Coagulopathy,ai_unranked_source_candidate,retrieved_by_preserved_source_query; no dual-profile classifier available,vitamin K antagonist lexical false positive,,https://clinicaltrials.gov/study/NCT00143715,ai_exploratory_only,false,false,protocol_v2_ai_exploratory_unranked
clinicaltrials,REC-CTGOV-NCT00264277,A1,NCT00264277,D-dimer to Establish Duration of Anticoagulation After Venous Thromboembolism,ai_unranked_source_candidate,retrieved_by_preserved_source_query; no dual-profile classifier available,vitamin K antagonist lexical false positive,,https://clinicaltrials.gov/study/NCT00264277,ai_exploratory_only,false,false,protocol_v2_ai_exploratory_unranked
clinicaltrials,REC-CTGOV-NCT00266045,A1,NCT00266045,D-dimer Levels During and After Anticoagulation in Patients With a Previous Venous Thromboembolism: Effects on the Risk of Recurrence,ai_unranked_source_candidate,retrieved_by_preserved_source_query; no dual-profile classifier available,vitamin K antagonist lexical false positive,,https://clinicaltrials.gov/study/NCT00266045,ai_exploratory_only,false,false,protocol_v2_ai_exploratory_unranked
clinicaltrials,REC-CTGOV-NCT00287313,A1,NCT00287313,Daily Vitamin K in Patients on Warfarin With Unstable INRs,ai_unranked_source_candidate,retrieved_by_preserved_source_query; no dual-profile classifier available,vitamin K antagonist lexical false positive,,https://clinicaltrials.gov/study/NCT00287313,ai_exploratory_only,false,false,protocol_v2_ai_exploratory_unranked
clinicaltrials,REC-CTGOV-NCT00355290,A1,NCT00355290,Changes in Oral Vitamin K Intake for Optimization of Chronic Oral Anticoagulation: A Randomized Trial,ai_unranked_source_candidate,retrieved_by_preserved_source_query; no dual-profile classifier available,vitamin K antagonist lexical false positive,,https://clinicaltrials.gov/study/NCT00355290,ai_exploratory_only,false,false,protocol_v2_ai_exploratory_unranked
clinicaltrials,REC-CTGOV-NCT00512928,A1,NCT00512928,Safety Study of Vitamin K2 During Anticoagulation in Human Volunteers,ai_unranked_source_candidate,retrieved_by_preserved_source_query; no dual-profile classifier available,vitamin K antagonist lexical false positive,,https://clinicaltrials.gov/study/NCT00512928,ai_exploratory_only,false,false,protocol_v2_ai_exploratory_unranked
clinicaltrials,REC-CTGOV-NCT00691470,A1,NCT00691470,"Comparison of ATI-5923, a Novel Vitamin K Antagonist, With Warfarin in Patients Requiring Chronic Anticoagulation",ai_unranked_source_candidate,retrieved_by_preserved_source_query; no dual-profile classifier available,vitamin K antagonist lexical false positive,,https://clinicaltrials.gov/study/NCT00691470,ai_exploratory_only,false,false,protocol_v2_ai_exploratory_unranked
clinicaltrials,REC-CTGOV-NCT00726726,A1,NCT00726726,Drug Interaction Study With a Potential Alzheimer's Disease Compound,ai_unranked_source_candidate,retrieved_by_preserved_source_query; no dual-profile classifier available,vitamin K antagonist lexical false positive,,https://clinicaltrials.gov/study/NCT00726726,ai_exploratory_only,false,false,protocol_v2_ai_exploratory_unranked
clinicaltrials,REC-CTGOV-NCT00788736,A1,NCT00788736,Predicting Bleeding Risk on Anticoagulant Therapy for Venous Thromboembolism,ai_unranked_source_candidate,retrieved_by_preserved_source_query; no dual-profile classifier available,vitamin K antagonist lexical false positive,,https://clinicaltrials.gov/study/NCT00788736,ai_exploratory_only,false,false,protocol_v2_ai_exploratory_unranked
clinicaltrials,REC-CTGOV-NCT00794755,A1,NCT00794755,Low Dose Supplementation to Improve Anticoagulation Control With Oral Vitamin K as an Adjuvant to Warfarin Therapy,ai_unranked_source_candidate,retrieved_by_preserved_source_query; no dual-profile classifier available,vitamin K antagonist lexical false positive,,https://clinicaltrials.gov/study/NCT00794755,ai_exploratory_only,false,false,protocol_v2_ai_exploratory_unranked
clinicaltrials,REC-CTGOV-NCT00800137,A1,NCT00800137,Bridge or Continue Coumadin for Device Surgery Randomized Controlled Trial,ai_unranked_source_candidate,retrieved_by_preserved_source_query; no dual-profile classifier available,vitamin K antagonist lexical false positive,,https://clinicaltrials.gov/study/NCT00800137,ai_exploratory_only,false,false,protocol_v2_ai_exploratory_unranked
clinicaltrials,REC-CTGOV-NCT00868712,A1,NCT00868712,Warfarin and Coronary Calcification Project,ai_unranked_source_candidate,retrieved_by_preserved_source_query; no dual-profile classifier available,vitamin K antagonist lexical false positive,,https://clinicaltrials.gov/study/NCT00868712,ai_exploratory_only,false,false,protocol_v2_ai_exploratory_unranked
clinicaltrials,REC-CTGOV-NCT00905229,A1,NCT00905229,Comparing Different Routes and Doses of Phytonadione (Vitamin K) for Reversing Warfarin Treated Patients With Hip Fracture Before Surgery,ai_unranked_source_candidate,retrieved_by_preserved_source_query; no dual-profile classifier available,vitamin K antagonist lexical false positive,,https://clinicaltrials.gov/study/NCT00905229,ai_exploratory_only,false,false,protocol_v2_ai_exploratory_unranked
clinicaltrials,REC-CTGOV-NCT00911300,A1,NCT00911300,Evaluation of Fondaparinux in Patients With a Heart Rhythm Disturbance Who Undergo Restoration of Normal Heart Rhythm,ai_unranked_source_candidate,retrieved_by_preserved_source_query; no dual-profile classifier available,vitamin K antagonist lexical false positive,,https://clinicaltrials.gov/study/NCT00911300,ai_exploratory_only,false,false,protocol_v2_ai_exploratory_unranked
clinicaltrials,REC-CTGOV-NCT00928915,A1,NCT00928915,International Normalized Ratio (INR) Normalization in Coumadin Associated Intracerebral Haemorrhage,ai_unranked_source_candidate,retrieved_by_preserved_source_query; no dual-profile classifier available,vitamin K antagonist lexical false positive,,https://clinicaltrials.gov/study/NCT00928915,ai_exploratory_only,false,false,protocol_v2_ai_exploratory_unranked
clinicaltrials,REC-CTGOV-NCT00954395,A1,NCT00954395,DULCIS (D-dimer and ULtrasonography in Combination Italian Study),ai_unranked_source_candidate,retrieved_by_preserved_source_query; no dual-profile classifier available,vitamin K antagonist lexical false positive,,https://clinicaltrials.gov/study/NCT00954395,ai_exploratory_only,false,false,protocol_v2_ai_exploratory_unranked
clinicaltrials,REC-CTGOV-NCT00966290,A1,NCT00966290,Anticoagulant Clinics and Vitamin K Antagonists,ai_unranked_source_candidate,retrieved_by_preserved_source_query; no dual-profile classifier available,vitamin K antagonist lexical false positive,,https://clinicaltrials.gov/study/NCT00966290,ai_exploratory_only,false,false,protocol_v2_ai_exploratory_unranked
clinicaltrials,REC-CTGOV-NCT00970619,A1,NCT00970619,DUTCH CAVA-trial: CAtheter Versus Anticoagulation Alone for Acute Primary (Ilio)Femoral DVT.,ai_unranked_source_candidate,retrieved_by_preserved_source_query; no dual-profile classifier available,vitamin K antagonist lexical false positive,,https://clinicaltrials.gov/study/NCT00970619,ai_exploratory_only,false,false,protocol_v2_ai_exploratory_unranked
clinicaltrials,REC-CTGOV-NCT00990158,A1,NCT00990158,Does Low Dose Oral Vitamin K Improve International Normalized Ratio (INR) Stability?,ai_unranked_source_candidate,retrieved_by_preserved_source_query; no dual-profile classifier available,vitamin K antagonist lexical false positive,,https://clinicaltrials.gov/study/NCT00990158,ai_exploratory_only,false,false,protocol_v2_ai_exploratory_unranked
clinicaltrials,REC-CTGOV-NCT01006733,A1,NCT01006733,Genetics Informatics Trial (GIFT) of Warfarin to Prevent DVT,ai_unranked_source_candidate,retrieved_by_preserved_source_query; no dual-profile classifier available,vitamin K antagonist lexical false positive,,https://clinicaltrials.gov/study/NCT01006733,ai_exploratory_only,false,false,protocol_v2_ai_exploratory_unranked
clinicaltrials,REC-CTGOV-NCT01034124,A1,NCT01034124,Mechanisms Underlying Drug-Diet Interactions,ai_unranked_source_candidate,retrieved_by_preserved_source_query; no dual-profile classifier available,vitamin K antagonist lexical false positive,,https://clinicaltrials.gov/study/NCT01034124,ai_exploratory_only,false,false,protocol_v2_ai_exploratory_unranked
clinicaltrials,REC-CTGOV-NCT01036802,A1,NCT01036802,Anticoagulation For Pulmonary Hypertension in Sickle Cell Disease,ai_unranked_source_candidate,retrieved_by_preserved_source_query; no dual-profile classifier available,vitamin K antagonist lexical false positive,,https://clinicaltrials.gov/study/NCT01036802,ai_exploratory_only,false,false,protocol_v2_ai_exploratory_unranked
clinicaltrials,REC-CTGOV-NCT01042067,A1,NCT01042067,Safer Warfarin Treatment,ai_unranked_source_candidate,retrieved_by_preserved_source_query; no dual-profile classifier available,vitamin K antagonist lexical false positive,,https://clinicaltrials.gov/study/NCT01042067,ai_exploratory_only,false,false,protocol_v2_ai_exploratory_unranked
clinicaltrials,REC-CTGOV-NCT01130025,A1,NCT01130025,Long-Term Innohep® Treatment Versus a Vitamin K Antagonist (Warfarin) for the Treatment of Venous Thromboembolism (VTE) in Cancer,ai_unranked_source_candidate,retrieved_by_preserved_source_query; no dual-profile classifier available,vitamin K antagonist lexical false positive,,https://clinicaltrials.gov/study/NCT01130025,ai_exploratory_only,false,false,protocol_v2_ai_exploratory_unranked
clinicaltrials,REC-CTGOV-NCT01250535,A1,NCT01250535,Human Cytochrome P450 4F Enzymes and Drug Interactions,ai_unranked_source_candidate,retrieved_by_preserved_source_query; no dual-profile classifier available,vitamin K antagonist lexical false positive,,https://clinicaltrials.gov/study/NCT01250535,ai_exploratory_only,false,false,protocol_v2_ai_exploratory_unranked
clinicaltrials,REC-CTGOV-NCT01285661,A1,NCT01285661,Optimal Duration of Anticoagulation in Deep Venous Thrombosis,ai_unranked_source_candidate,retrieved_by_preserved_source_query; no dual-profile classifier available,vitamin K antagonist lexical false positive,,https://clinicaltrials.gov/study/NCT01285661,ai_exploratory_only,false,false,protocol_v2_ai_exploratory_unranked
clinicaltrials,REC-CTGOV-NCT01348074,A1,NCT01348074,Reinitiation of Anticoagulation After Temporary Withdrawal of Vitamin K Antagonist,ai_unranked_source_candidate,retrieved_by_preserved_source_query; no dual-profile classifier available,vitamin K antagonist lexical false positive,,https://clinicaltrials.gov/study/NCT01348074,ai_exploratory_only,false,false,protocol_v2_ai_exploratory_unranked
clinicaltrials,REC-CTGOV-NCT01400646,A1,NCT01400646,A Study to Explore the Pharmacodynamic Changes When Transitioning From Rivaroxaban to Warfarin in Healthy Volunteers,ai_unranked_source_candidate,retrieved_by_preserved_source_query; no dual-profile classifier available,vitamin K antagonist lexical false positive,,https://clinicaltrials.gov/study/NCT01400646,ai_exploratory_only,false,false,protocol_v2_ai_exploratory_unranked
clinicaltrials,REC-CTGOV-NCT01474460,A1,NCT01474460,Use of Phytonadione to Reduce International Normalized Ratio (INR) Variability in Patients on Long-term Warfarin Therapy,ai_unranked_source_candidate,retrieved_by_preserved_source_query; no dual-profile classifier available,vitamin K antagonist lexical false positive,,https://clinicaltrials.gov/study/NCT01474460,ai_exploratory_only,false,false,protocol_v2_ai_exploratory_unranked
clinicaltrials,REC-CTGOV-NCT01507051,A1,NCT01507051,Switching Study From Warfarin to Rivaroxaban,ai_unranked_source_candidate,retrieved_by_preserved_source_query; no dual-profile classifier available,vitamin K antagonist lexical false positive,,https://clinicaltrials.gov/study/NCT01507051,ai_exploratory_only,false,false,protocol_v2_ai_exploratory_unranked
clinicaltrials,REC-CTGOV-NCT01517399,A1,NCT01517399,"Drug-drug Interaction Study of Tivantinib (ARQ 197) With Omeprazole, S-warfarin, Caffeine, Midazolam, and Digoxin in Cancer Subjects",ai_unranked_source_candidate,retrieved_by_preserved_source_query; no dual-profile classifier available,vitamin K antagonist lexical false positive,,https://clinicaltrials.gov/study/NCT01517399,ai_exploratory_only,false,false,protocol_v2_ai_exploratory_unranked
clinicaltrials,REC-CTGOV-NCT01520402,A1,NCT01520402,Genetic Response to Warfarin in Healthy Subjects,ai_unranked_source_candidate,retrieved_by_preserved_source_query; no dual-profile classifier available,vitamin K antagonist lexical false positive,,https://clinicaltrials.gov/study/NCT01520402,ai_exploratory_only,false,false,protocol_v2_ai_exploratory_unranked
clinicaltrials,REC-CTGOV-NCT01556659,A1,NCT01556659,LV Thrombus After Acute AMI: A Randomized Controlled Trial,ai_unranked_source_candidate,retrieved_by_preserved_source_query; no dual-profile classifier available,vitamin K antagonist lexical false positive,,https://clinicaltrials.gov/study/NCT01556659,ai_exploratory_only,false,false,protocol_v2_ai_exploratory_unranked
clinicaltrials,REC-CTGOV-NCT01619007,A1,NCT01619007,Treatment of an Acute Deep Vein Thrombosis (DVT) With Either Rivaroxaban or Current Standard of Care Therapy,ai_unranked_source_candidate,retrieved_by_preserved_source_query; no dual-profile classifier available,vitamin K antagonist lexical false positive,,https://clinicaltrials.gov/study/NCT01619007,ai_exploratory_only,false,false,protocol_v2_ai_exploratory_unranked
clinicaltrials,REC-CTGOV-NCT01809015,A1,NCT01809015,Evaluation of Oral Anticoagulation With Vitamin K Antagonists - The thrombEVAL Study Programme,ai_unranked_source_candidate,retrieved_by_preserved_source_query; no dual-profile classifier available,vitamin K antagonist lexical false positive,,https://clinicaltrials.gov/study/NCT01809015,ai_exploratory_only,false,false,protocol_v2_ai_exploratory_unranked
clinicaltrials,REC-CTGOV-NCT02066662,A1,NCT02066662,Rivaroxaban Compared to Vitamin K Antagonist Upon Development of Cardiovascular Calcification,ai_unranked_source_candidate,retrieved_by_preserved_source_query; no dual-profile classifier available,vitamin K antagonist lexical false positive,,https://clinicaltrials.gov/study/NCT02066662,ai_exploratory_only,false,false,protocol_v2_ai_exploratory_unranked
clinicaltrials,REC-CTGOV-NCT02072434,A1,NCT02072434,Edoxaban vs. Warfarin in Subjects Undergoing Cardioversion of Nonvalvular Atrial Fibrillation (NVAF),ai_unranked_source_candidate,retrieved_by_preserved_source_query; no dual-profile classifier available,vitamin K antagonist lexical false positive,,https://clinicaltrials.gov/study/NCT02072434,ai_exploratory_only,false,false,protocol_v2_ai_exploratory_unranked
clinicaltrials,REC-CTGOV-NCT02100228,A1,NCT02100228,"Study Of The Blood Thinner, Apixaban, For Patients Who Have An Abnormal Heart Rhythm (Atrial Fibrillation) And Expected To Have Treatment To Put Them Back Into A Normal Heart Rhythm (Cardioversion)",ai_unranked_source_candidate,retrieved_by_preserved_source_query; no dual-profile classifier available,vitamin K antagonist lexical false positive,,https://clinicaltrials.gov/study/NCT02100228,ai_exploratory_only,false,false,protocol_v2_ai_exploratory_unranked
clinicaltrials,REC-CTGOV-NCT02161965,A1,NCT02161965,Vascular CalcIfiCation and sTiffness Induced by ORal antIcoAgulation,ai_unranked_source_candidate,retrieved_by_preserved_source_query; no dual-profile classifier available,vitamin K antagonist lexical false positive,,https://clinicaltrials.gov/study/NCT02161965,ai_exploratory_only,false,false,protocol_v2_ai_exploratory_unranked
clinicaltrials,REC-CTGOV-NCT02219984,A1,NCT02219984,START-Register: Survey on Anticoagulated Patients Register,ai_unranked_source_candidate,retrieved_by_preserved_source_query; no dual-profile classifier available,vitamin K antagonist lexical false positive,,https://clinicaltrials.gov/study/NCT02219984,ai_exploratory_only,false,false,protocol_v2_ai_exploratory_unranked
clinicaltrials,REC-CTGOV-NCT02227550,A1,NCT02227550,Apixaban During Atrial Fibrillation Catheter Ablation: Comparison to Vitamin K Antagonist Therapy,ai_unranked_source_candidate,retrieved_by_preserved_source_query; no dual-profile classifier available,vitamin K antagonist lexical false positive,,https://clinicaltrials.gov/study/NCT02227550,ai_exploratory_only,false,false,protocol_v2_ai_exploratory_unranked
clinicaltrials,REC-CTGOV-NCT02256813,A1,NCT02256813,"Study to Evaluate the Effect of Multiple Doses of BIRT 2584 XX Tablets on the Pharmacokinetic Parameters of Warfarin, Omeprazole, Caffeine, and Dextromethorphan in Healthy Male Volunteers",ai_unranked_source_candidate,retrieved_by_preserved_source_query; no dual-profile classifier available,vitamin K antagonist lexical false positive,,https://clinicaltrials.gov/study/NCT02256813,ai_exploratory_only,false,false,protocol_v2_ai_exploratory_unranked
clinicaltrials,REC-CTGOV-NCT02273609,A1,NCT02273609,INR Control and Atrial Fibrillation in Primary Care in Spain (PAULA),ai_unranked_source_candidate,retrieved_by_preserved_source_query; no dual-profile classifier available,vitamin K antagonist lexical false positive,,https://clinicaltrials.gov/study/NCT02273609,ai_exploratory_only,false,false,protocol_v2_ai_exploratory_unranked
clinicaltrials,REC-CTGOV-NCT02303795,A1,NCT02303795,RIvaroxaban for Valvular Heart diseasE and atRial Fibrillation Trial -RIVER Trial,ai_unranked_source_candidate,retrieved_by_preserved_source_query; no dual-profile classifier available,vitamin K antagonist lexical false positive,,https://clinicaltrials.gov/study/NCT02303795,ai_exploratory_only,false,false,protocol_v2_ai_exploratory_unranked
clinicaltrials,REC-CTGOV-NCT02318342,A1,NCT02318342,Assessment of TRanscathetEr and Surgical Aortic BiOprosthetic Valve Thrombosis and Its TrEatment With Anticoagulation,ai_unranked_source_candidate,retrieved_by_preserved_source_query; no dual-profile classifier available,vitamin K antagonist lexical false positive,,https://clinicaltrials.gov/study/NCT02318342,ai_exploratory_only,false,false,protocol_v2_ai_exploratory_unranked
clinicaltrials,REC-CTGOV-NCT02319460,A1,NCT02319460,An Observational Cohort Study to Investigate the Risk of Thromboembolic Events in Patients Receiving Kcentra® or Plasma to Reverse Vitamin K Antagonist (VKA) Therapy in the Setting of Acute Major Bleeding,ai_unranked_source_candidate,retrieved_by_preserved_source_query; no dual-profile classifier available,vitamin K antagonist lexical false positive,,https://clinicaltrials.gov/study/NCT02319460,ai_exploratory_only,false,false,protocol_v2_ai_exploratory_unranked
clinicaltrials,REC-CTGOV-NCT02324686,A1,NCT02324686,Vitamin K Supplementation in Patients on Hemodialysis,ai_unranked_source_candidate,retrieved_by_preserved_source_query; no dual-profile classifier available,vitamin K antagonist lexical false positive,,https://clinicaltrials.gov/study/NCT02324686,ai_exploratory_only,false,false,protocol_v2_ai_exploratory_unranked
clinicaltrials,REC-CTGOV-NCT02427516,A1,NCT02427516,Cost of Monitoring Patients Treated With Vitamin K Antagonists in Spain,ai_unranked_source_candidate,retrieved_by_preserved_source_query; no dual-profile classifier available,vitamin K antagonist lexical false positive,,https://clinicaltrials.gov/study/NCT02427516,ai_exploratory_only,false,false,protocol_v2_ai_exploratory_unranked
clinicaltrials,REC-CTGOV-NCT02429453,A1,NCT02429453,FFP Versus PCC in Intracranial Hemorrhage,ai_unranked_source_candidate,retrieved_by_preserved_source_query; no dual-profile classifier available,vitamin K antagonist lexical false positive,,https://clinicaltrials.gov/study/NCT02429453,ai_exploratory_only,false,false,protocol_v2_ai_exploratory_unranked
clinicaltrials,REC-CTGOV-NCT02464969,A1,NCT02464969,Apixaban for the Acute Treatment of Venous Thromboembolism in Children,ai_unranked_source_candidate,retrieved_by_preserved_source_query; no dual-profile classifier available,vitamin K antagonist lexical false positive,,https://clinicaltrials.gov/study/NCT02464969,ai_exploratory_only,false,false,protocol_v2_ai_exploratory_unranked
clinicaltrials,REC-CTGOV-NCT02488421,A1,NCT02488421,"Real Evidence of Anticoagulation Treatment in Non-valvular Atrial Fibrillation in Germany, UK and France: REACT-AF2",ai_unranked_source_candidate,retrieved_by_preserved_source_query; no dual-profile classifier available,vitamin K antagonist lexical false positive,,https://clinicaltrials.gov/study/NCT02488421,ai_exploratory_only,false,false,protocol_v2_ai_exploratory_unranked
clinicaltrials,REC-CTGOV-NCT02522221,A1,NCT02522221,Tecarfarin Anti-Coagulation Trial (TACT),ai_unranked_source_candidate,retrieved_by_preserved_source_query; no dual-profile classifier available,vitamin K antagonist lexical false positive,,https://clinicaltrials.gov/study/NCT02522221,ai_exploratory_only,false,false,protocol_v2_ai_exploratory_unranked
clinicaltrials,REC-CTGOV-NCT02533960,A1,NCT02533960,Registry of Acute Stroke Under Novel Oral Anticoagulants - Prime,ai_unranked_source_candidate,retrieved_by_preserved_source_query; no dual-profile classifier available,vitamin K antagonist lexical false positive,,https://clinicaltrials.gov/study/NCT02533960,ai_exploratory_only,false,false,protocol_v2_ai_exploratory_unranked
clinicaltrials,REC-CTGOV-NCT02565836,A1,NCT02565836,Fixed-dose Activated Versus Variable-dose Inactivated Prothrombin Complex Concentrate for Warfarin-associated Major Bleed,ai_unranked_source_candidate,retrieved_by_preserved_source_query; no dual-profile classifier available,vitamin K antagonist lexical false positive,,https://clinicaltrials.gov/study/NCT02565836,ai_exploratory_only,false,false,protocol_v2_ai_exploratory_unranked
clinicaltrials,REC-CTGOV-NCT02567682,A1,NCT02567682,"Drug Interaction Study of GBT440 With Caffeine, S-warfarin, Omeprazole, and Midazolam in Healthy Subjects",ai_unranked_source_candidate,retrieved_by_preserved_source_query; no dual-profile classifier available,vitamin K antagonist lexical false positive,,https://clinicaltrials.gov/study/NCT02567682,ai_exploratory_only,false,false,protocol_v2_ai_exploratory_unranked
clinicaltrials,REC-CTGOV-NCT02591732,A1,NCT02591732,A Nationwide Registry Study of Patients With Nonvalvular Atrial Fibrillation Initiating Oral Anticoagulation Therapies In The Early Period Following Apixaban Marketing In Denmark,ai_unranked_source_candidate,retrieved_by_preserved_source_query; no dual-profile classifier available,vitamin K antagonist lexical false positive,,https://clinicaltrials.gov/study/NCT02591732,ai_exploratory_only,false,false,protocol_v2_ai_exploratory_unranked
clinicaltrials,REC-CTGOV-NCT02610153,A1,NCT02610153,"Subtherapeutic INR Levels in Patients With AVK: Incidence, Associated Factors, Prognosis and Control Strategies",ai_unranked_source_candidate,retrieved_by_preserved_source_query; no dual-profile classifier available,vitamin K antagonist lexical false positive,,https://clinicaltrials.gov/study/NCT02610153,ai_exploratory_only,false,false,protocol_v2_ai_exploratory_unranked
clinicaltrials,REC-CTGOV-NCT02610933,A1,NCT02610933,Effect on Vascular Calcification of Replacing Warfarin by Rivaroxaban With or Without VitK2 in Hemodialysis Patients,ai_unranked_source_candidate,retrieved_by_preserved_source_query; no dual-profile classifier available,vitamin K antagonist lexical false positive,,https://clinicaltrials.gov/study/NCT02610933,ai_exploratory_only,false,false,protocol_v2_ai_exploratory_unranked
clinicaltrials,REC-CTGOV-NCT02618577,A1,NCT02618577,Non-vitamin K Antagonist Oral Anticoagulants in Patients With Atrial High Rate Episodes,ai_unranked_source_candidate,retrieved_by_preserved_source_query; no dual-profile classifier available,vitamin K antagonist lexical false positive,,https://clinicaltrials.gov/study/NCT02618577,ai_exploratory_only,false,false,protocol_v2_ai_exploratory_unranked
clinicaltrials,REC-CTGOV-NCT02640222,A1,NCT02640222,APIXABAN in the Prevention of Stroke and Systemic Embolism in Patients With Atrial Fibrillation in Real-Life Setting in France SNIIRAM Study,ai_unranked_source_candidate,retrieved_by_preserved_source_query; no dual-profile classifier available,vitamin K antagonist lexical false positive,,https://clinicaltrials.gov/study/NCT02640222,ai_exploratory_only,false,false,protocol_v2_ai_exploratory_unranked
clinicaltrials,REC-CTGOV-NCT02723981,A1,NCT02723981,COMBO-Stent in Patients on Chronic Anticoagulant Therapy (COSTA) COSTA-Bleed and COSTA-Outcome Trials,ai_unranked_source_candidate,retrieved_by_preserved_source_query; no dual-profile classifier available,vitamin K antagonist lexical false positive,,https://clinicaltrials.gov/study/NCT02723981,ai_exploratory_only,false,false,protocol_v2_ai_exploratory_unranked
clinicaltrials,REC-CTGOV-NCT02735902,A1,NCT02735902,Anticoagulation Alone Versus Anticoagulation and Aspirin Following Transcatheter Aortic Valve Interventions (1:1),ai_unranked_source_candidate,retrieved_by_preserved_source_query; no dual-profile classifier available,vitamin K antagonist lexical false positive,,https://clinicaltrials.gov/study/NCT02735902,ai_exploratory_only,false,false,protocol_v2_ai_exploratory_unranked
clinicaltrials,REC-CTGOV-NCT02740335,A1,NCT02740335,"Study of Octaplex, a Four-factor Prothrombin Complex Concentrate (4F-PCC) and Beriplex® P/N (Kcentra) for the Reversal of Vitamin K Antagonist (VKA) Induced Anticoagulation in Patients Needing Urgent Surgery With Significant Bleeding Risk.",ai_unranked_source_candidate,retrieved_by_preserved_source_query; no dual-profile classifier available,vitamin K antagonist lexical false positive,,https://clinicaltrials.gov/study/NCT02740335,ai_exploratory_only,false,false,protocol_v2_ai_exploratory_unranked
clinicaltrials,REC-CTGOV-NCT02740712,A1,NCT02740712,Pharmacokinetic Drug-Drug Interaction Study of Rucaparib,ai_unranked_source_candidate,retrieved_by_preserved_source_query; no dual-profile classifier available,vitamin K antagonist lexical false positive,,https://clinicaltrials.gov/study/NCT02740712,ai_exploratory_only,false,false,protocol_v2_ai_exploratory_unranked
clinicaltrials,REC-CTGOV-NCT02789917,A1,NCT02789917,APixaban vs. PhenpRocoumon in Patients With ACS and AF: APPROACH-ACS-AF,ai_unranked_source_candidate,retrieved_by_preserved_source_query; no dual-profile classifier available,vitamin K antagonist lexical false positive,,https://clinicaltrials.gov/study/NCT02789917,ai_exploratory_only,false,false,protocol_v2_ai_exploratory_unranked
clinicaltrials,REC-CTGOV-NCT02823093,A1,NCT02823093,Aortic Calcification and Vitamin K Antagonists,ai_unranked_source_candidate,retrieved_by_preserved_source_query; no dual-profile classifier available,vitamin K antagonist lexical false positive,,https://clinicaltrials.gov/study/NCT02823093,ai_exploratory_only,false,false,protocol_v2_ai_exploratory_unranked
clinicaltrials,REC-CTGOV-NCT02885545,A1,NCT02885545,The Strategy to Prevent Hemorrhage Associated With Anticoagulation in Renal Disease Management (STOP HARM) Trial,ai_unranked_source_candidate,retrieved_by_preserved_source_query; no dual-profile classifier available,vitamin K antagonist lexical false positive,,https://clinicaltrials.gov/study/NCT02885545,ai_exploratory_only,false,false,protocol_v2_ai_exploratory_unranked
clinicaltrials,REC-CTGOV-NCT02886962,A1,NCT02886962,Oral Anticoagulation in Haemodialysis Patients,ai_unranked_source_candidate,retrieved_by_preserved_source_query; no dual-profile classifier available,vitamin K antagonist lexical false positive,,https://clinicaltrials.gov/study/NCT02886962,ai_exploratory_only,false,false,protocol_v2_ai_exploratory_unranked
clinicaltrials,REC-CTGOV-NCT02911545,A1,NCT02911545,Non-vitamin K Oral Anticoagulants in Cardioversion,ai_unranked_source_candidate,retrieved_by_preserved_source_query; no dual-profile classifier available,vitamin K antagonist lexical false positive,,https://clinicaltrials.gov/study/NCT02911545,ai_exploratory_only,false,false,protocol_v2_ai_exploratory_unranked
clinicaltrials,REC-CTGOV-NCT02933697,A1,NCT02933697,Compare Apixaban and Vitamin-K Antagonists in Patients With Atrial Fibrillation (AF) and End-Stage Kidney Disease (ESKD),ai_unranked_source_candidate,retrieved_by_preserved_source_query; no dual-profile classifier available,vitamin K antagonist lexical false positive,,https://clinicaltrials.gov/study/NCT02933697,ai_exploratory_only,false,false,protocol_v2_ai_exploratory_unranked
clinicaltrials,REC-CTGOV-NCT02981472,A1,NCT02981472,A Study of the Safety and Pharmacokinetics of Apixaban Versus Vitamin K Antagonist (VKA) or Low Molecular Weight Heparin (LMWH) in Pediatric Subjects With Congenital or Acquired Heart Disease Requiring Anticoagulation,ai_unranked_source_candidate,retrieved_by_preserved_source_query; no dual-profile classifier available,vitamin K antagonist lexical false positive,,https://clinicaltrials.gov/study/NCT02981472,ai_exploratory_only,false,false,protocol_v2_ai_exploratory_unranked
clinicaltrials,REC-CTGOV-NCT03064035,A1,NCT03064035,Fixed Versus Variable Dosing of 4-factor Prothrombin Complex Concentrate for Emergent Warfarin Reversal,ai_unranked_source_candidate,retrieved_by_preserved_source_query; no dual-profile classifier available,vitamin K antagonist lexical false positive,,https://clinicaltrials.gov/study/NCT03064035,ai_exploratory_only,false,false,protocol_v2_ai_exploratory_unranked
clinicaltrials,REC-CTGOV-NCT03085576,A1,NCT03085576,NATional TUnisian REgistry of Atrial Fibrillation,ai_unranked_source_candidate,retrieved_by_preserved_source_query; no dual-profile classifier available,vitamin K antagonist lexical false positive,,https://clinicaltrials.gov/study/NCT03085576,ai_exploratory_only,false,false,protocol_v2_ai_exploratory_unranked
clinicaltrials,REC-CTGOV-NCT03129490,A1,NCT03129490,The Danish Non-vitamin K Antagonist Oral Anticoagulation Study in Patients With Atrial Fibrillation,ai_unranked_source_candidate,retrieved_by_preserved_source_query; no dual-profile classifier available,vitamin K antagonist lexical false positive,,https://clinicaltrials.gov/study/NCT03129490,ai_exploratory_only,false,false,protocol_v2_ai_exploratory_unranked
clinicaltrials,REC-CTGOV-NCT03129555,A1,NCT03129555,The Danish Non-vitamin K Antagonist Oral Anticoagulation Study in Patients With Venous Thromboembolism (DANNOAC-VTE),ai_unranked_source_candidate,retrieved_by_preserved_source_query; no dual-profile classifier available,vitamin K antagonist lexical false positive,,https://clinicaltrials.gov/study/NCT03129555,ai_exploratory_only,false,false,protocol_v2_ai_exploratory_unranked
clinicaltrials,REC-CTGOV-NCT03178864,A1,NCT03178864,Study of Rivaroxaban for CeREbral Venous Thrombosis,ai_unranked_source_candidate,retrieved_by_preserved_source_query; no dual-profile classifier available,vitamin K antagonist lexical false positive,,https://clinicaltrials.gov/study/NCT03178864,ai_exploratory_only,false,false,protocol_v2_ai_exploratory_unranked
clinicaltrials,REC-CTGOV-NCT03232398,A1,NCT03232398,Apixaban Versus Warfarin in Patients With Left Ventricular (LV) Thrombus,ai_unranked_source_candidate,retrieved_by_preserved_source_query; no dual-profile classifier available,vitamin K antagonist lexical false positive,,https://clinicaltrials.gov/study/NCT03232398,ai_exploratory_only,false,false,protocol_v2_ai_exploratory_unranked
clinicaltrials,REC-CTGOV-NCT03254147,A1,NCT03254147,Medical Need of OAC Reversal,ai_unranked_source_candidate,retrieved_by_preserved_source_query; no dual-profile classifier available,vitamin K antagonist lexical false positive,,https://clinicaltrials.gov/study/NCT03254147,ai_exploratory_only,false,false,protocol_v2_ai_exploratory_unranked
clinicaltrials,REC-CTGOV-NCT03359876,A1,NCT03359876,Clinical Outcomes Among Non-valvular Atrial Fibrillation Patients With Renal Dysfunction,ai_unranked_source_candidate,retrieved_by_preserved_source_query; no dual-profile classifier available,vitamin K antagonist lexical false positive,,https://clinicaltrials.gov/study/NCT03359876,ai_exploratory_only,false,false,protocol_v2_ai_exploratory_unranked
clinicaltrials,REC-CTGOV-NCT03363815,A1,NCT03363815,"A Study to Evaluate the Effect of Multiple Doses of CC-90001 on the Pharmacokinetics of Omeprazole, Midazolam, Warfarin, Rosuvastatin, Metformin, Digoxin, and Nintedanib in Healthy Adult Subjects",ai_unranked_source_candidate,retrieved_by_preserved_source_query; no dual-profile classifier available,vitamin K antagonist lexical false positive,,https://clinicaltrials.gov/study/NCT03363815,ai_exploratory_only,false,false,protocol_v2_ai_exploratory_unranked
clinicaltrials,REC-CTGOV-NCT03374540,A1,NCT03374540,Rivaroxaban vs Warfarin for SPAF in Multi-morbid Patients,ai_unranked_source_candidate,retrieved_by_preserved_source_query; no dual-profile classifier available,vitamin K antagonist lexical false positive,,https://clinicaltrials.gov/study/NCT03374540,ai_exploratory_only,false,false,protocol_v2_ai_exploratory_unranked
clinicaltrials,REC-CTGOV-NCT03485300,A1,NCT03485300,The Prevalence of Sub Optimal Anti Coagulation,ai_unranked_source_candidate,retrieved_by_preserved_source_query; no dual-profile classifier available,vitamin K antagonist lexical false positive,,https://clinicaltrials.gov/study/NCT03485300,ai_exploratory_only,false,false,protocol_v2_ai_exploratory_unranked
clinicaltrials,REC-CTGOV-NCT03566303,A1,NCT03566303,Rivaroxaban vs Warfarin in Patients With Metallic Prosthesis,ai_unranked_source_candidate,retrieved_by_preserved_source_query; no dual-profile classifier available,vitamin K antagonist lexical false positive,,https://clinicaltrials.gov/study/NCT03566303,ai_exploratory_only,false,false,protocol_v2_ai_exploratory_unranked
clinicaltrials,REC-CTGOV-NCT03673605,A1,NCT03673605,Efficacy and Safety of Rivaroxiban Compare With Vitamin K Antagonist Warfarin,ai_unranked_source_candidate,retrieved_by_preserved_source_query; no dual-profile classifier available,vitamin K antagonist lexical false positive,,https://clinicaltrials.gov/study/NCT03673605,ai_exploratory_only,false,false,protocol_v2_ai_exploratory_unranked
clinicaltrials,REC-CTGOV-NCT03702582,A1,NCT03702582,Rivaroxaban vs. Warfarin for Post Cardiac Surgery Atrial Fibrillation,ai_unranked_source_candidate,retrieved_by_preserved_source_query; no dual-profile classifier available,vitamin K antagonist lexical false positive,,https://clinicaltrials.gov/study/NCT03702582,ai_exploratory_only,false,false,protocol_v2_ai_exploratory_unranked
clinicaltrials,REC-CTGOV-NCT03799822,A1,NCT03799822,Oral Anticoagulation in Hemodialysis,ai_unranked_source_candidate,retrieved_by_preserved_source_query; no dual-profile classifier available,vitamin K antagonist lexical false positive,,https://clinicaltrials.gov/study/NCT03799822,ai_exploratory_only,false,false,protocol_v2_ai_exploratory_unranked
clinicaltrials,REC-CTGOV-NCT03847181,A1,NCT03847181,Study to Learn More About the Benefits and Side-effects of Drugs Rivaroxaban and Apixaban Compared to the Drug Warfarin for Stroke Prevention in Patients With Rapid and Irregular Heartbeat Which is Not Due to a Heart-valve Fault (Non-valvular Atrial Fibrillation) in the UK Routine Clinical Practice,ai_unranked_source_candidate,retrieved_by_preserved_source_query; no dual-profile classifier available,vitamin K antagonist lexical false positive,,https://clinicaltrials.gov/study/NCT03847181,ai_exploratory_only,false,false,protocol_v2_ai_exploratory_unranked
clinicaltrials,REC-CTGOV-NCT03968393,A1,NCT03968393,Anticoagulation for Stroke Prevention In Patients With Recent Episodes of Atrial Fibrillation Occurring Transiently With Stress,ai_unranked_source_candidate,retrieved_by_preserved_source_query; no dual-profile classifier available,vitamin K antagonist lexical false positive,,https://clinicaltrials.gov/study/NCT03968393,ai_exploratory_only,false,false,protocol_v2_ai_exploratory_unranked
clinicaltrials,REC-CTGOV-NCT03977363,A1,NCT03977363,The Portuguese Survey on Anticoagulated Patients Register (START-Portugal-Register),ai_unranked_source_candidate,retrieved_by_preserved_source_query; no dual-profile classifier available,vitamin K antagonist lexical false positive,,https://clinicaltrials.gov/study/NCT03977363,ai_exploratory_only,false,false,protocol_v2_ai_exploratory_unranked
clinicaltrials,REC-CTGOV-NCT03996629,A1,NCT03996629,Impact of Clinical Pharmacist Interventions in Vitamin K Antagonists Management at One Teaching Hospital in Vietnam,ai_unranked_source_candidate,retrieved_by_preserved_source_query; no dual-profile classifier available,vitamin K antagonist lexical false positive,,https://clinicaltrials.gov/study/NCT03996629,ai_exploratory_only,false,false,protocol_v2_ai_exploratory_unranked
clinicaltrials,REC-CTGOV-NCT04002011,A1,NCT04002011,DOAC Versus VKA After Cardiac Surgery,ai_unranked_source_candidate,retrieved_by_preserved_source_query; no dual-profile classifier available,vitamin K antagonist lexical false positive,,https://clinicaltrials.gov/study/NCT04002011,ai_exploratory_only,false,false,protocol_v2_ai_exploratory_unranked
clinicaltrials,REC-CTGOV-NCT04045665,A1,NCT04045665,Anticoagulation for New-Onset Post-Operative Atrial Fibrillation After CABG,ai_unranked_source_candidate,retrieved_by_preserved_source_query; no dual-profile classifier available,vitamin K antagonist lexical false positive,,https://clinicaltrials.gov/study/NCT04045665,ai_exploratory_only,false,false,protocol_v2_ai_exploratory_unranked
clinicaltrials,REC-CTGOV-NCT04062097,A1,NCT04062097,Registration of Idarucizumab for Patients with IntraCranial Hemorrhage,ai_unranked_source_candidate,retrieved_by_preserved_source_query; no dual-profile classifier available,vitamin K antagonist lexical false positive,,https://clinicaltrials.gov/study/NCT04062097,ai_exploratory_only,false,false,protocol_v2_ai_exploratory_unranked
clinicaltrials,REC-CTGOV-NCT04066764,A1,NCT04066764,Rivaroxaban and Vitamin K Antagonists for the Anticoagulation for the Implantation of Vena Cava Filters,ai_unranked_source_candidate,retrieved_by_preserved_source_query; no dual-profile classifier available,vitamin K antagonist lexical false positive,,https://clinicaltrials.gov/study/NCT04066764,ai_exploratory_only,false,false,protocol_v2_ai_exploratory_unranked
clinicaltrials,REC-CTGOV-NCT04195113,A1,NCT04195113,Perioperative Anticoagulant Use for Surgery Evaluation Emergency Registry,ai_unranked_source_candidate,retrieved_by_preserved_source_query; no dual-profile classifier available,vitamin K antagonist lexical false positive,,https://clinicaltrials.gov/study/NCT04195113,ai_exploratory_only,false,false,protocol_v2_ai_exploratory_unranked
clinicaltrials,REC-CTGOV-NCT04249401,A1,NCT04249401,Study to Gather Information About the Safety of Oral Anticoagulation Drugs and How Well These Drugs Work in Real World for Patients With Non-valvular Atrial Fibrillation (Irregularly Heart Beats Which is Not Caused by a Heart Valve Problem),ai_unranked_source_candidate,retrieved_by_preserved_source_query; no dual-profile classifier available,vitamin K antagonist lexical false positive,,https://clinicaltrials.gov/study/NCT04249401,ai_exploratory_only,false,false,protocol_v2_ai_exploratory_unranked
clinicaltrials,REC-CTGOV-NCT04258488,A1,NCT04258488,Long-term Anticoagulation With Oral Factor Xa Inhibitor Versus Vitamin K Antagonist After Mechanical Aortic Valve Replacement,ai_unranked_source_candidate,retrieved_by_preserved_source_query; no dual-profile classifier available,vitamin K antagonist lexical false positive,,https://clinicaltrials.gov/study/NCT04258488,ai_exploratory_only,false,false,protocol_v2_ai_exploratory_unranked
clinicaltrials,REC-CTGOV-NCT04284839,A1,NCT04284839,The Direct Oral Anticoagulation Versus Vitamin K Antagonist After Cardiac Surgery Trial,ai_unranked_source_candidate,retrieved_by_preserved_source_query; no dual-profile classifier available,vitamin K antagonist lexical false positive,,https://clinicaltrials.gov/study/NCT04284839,ai_exploratory_only,false,false,protocol_v2_ai_exploratory_unranked
clinicaltrials,REC-CTGOV-NCT04344717,A1,NCT04344717,Pharmacokinetics of Apixaban in Patients With Short Bowel Syndrome Requiring Long Term Parenteral Nutrition,ai_unranked_source_candidate,retrieved_by_preserved_source_query; no dual-profile classifier available,vitamin K antagonist lexical false positive,,https://clinicaltrials.gov/study/NCT04344717,ai_exploratory_only,false,false,protocol_v2_ai_exploratory_unranked
clinicaltrials,REC-CTGOV-NCT04364516,A1,NCT04364516,Retrospective Observational Registry of Patients With Atrial Fibrillation From Vigo´s Health Area,ai_unranked_source_candidate,retrieved_by_preserved_source_query; no dual-profile classifier available,vitamin K antagonist lexical false positive,,https://clinicaltrials.gov/study/NCT04364516,ai_exploratory_only,false,false,protocol_v2_ai_exploratory_unranked
clinicaltrials,REC-CTGOV-NCT04437303,A1,NCT04437303,Periprocedural Continuation Versus Interruption of Oral Anticoagulant Drugs During Transcatheter Aortic Valve Implantation (POPular PAUSE TAVI),ai_unranked_source_candidate,retrieved_by_preserved_source_query; no dual-profile classifier available,vitamin K antagonist lexical false positive,,https://clinicaltrials.gov/study/NCT04437303,ai_exploratory_only,false,false,protocol_v2_ai_exploratory_unranked
clinicaltrials,REC-CTGOV-NCT04437654,A1,NCT04437654,The Efficacy and Safety of Non-vItamiN K antaGonist oraL Anticoagulants for intermEdiate Stroke Risk in Patients With Atrial Fibrillation (SINGLE-AF),ai_unranked_source_candidate,retrieved_by_preserved_source_query; no dual-profile classifier available,vitamin K antagonist lexical false positive,,https://clinicaltrials.gov/study/NCT04437654,ai_exploratory_only,false,false,protocol_v2_ai_exploratory_unranked
clinicaltrials,REC-CTGOV-NCT04505475,A1,NCT04505475,Oral Surgery in Patients Taking Direct Oral Anticoagulants,ai_unranked_source_candidate,retrieved_by_preserved_source_query; no dual-profile classifier available,vitamin K antagonist lexical false positive,,https://clinicaltrials.gov/study/NCT04505475,ai_exploratory_only,false,false,protocol_v2_ai_exploratory_unranked
clinicaltrials,REC-CTGOV-NCT04569279,A1,NCT04569279,Rivaroxaban vs. Warfarin in CVT Treatment,ai_unranked_source_candidate,retrieved_by_preserved_source_query; no dual-profile classifier available,vitamin K antagonist lexical false positive,,https://clinicaltrials.gov/study/NCT04569279,ai_exploratory_only,false,false,protocol_v2_ai_exploratory_unranked
clinicaltrials,REC-CTGOV-NCT04614090,A1,NCT04614090,Fast Reversal of Warfarin and Early Surgery in Patients With Trochanteric Hip Fracture A Case-control Study,ai_unranked_source_candidate,retrieved_by_preserved_source_query; no dual-profile classifier available,vitamin K antagonist lexical false positive,,https://clinicaltrials.gov/study/NCT04614090,ai_exploratory_only,false,false,protocol_v2_ai_exploratory_unranked
clinicaltrials,REC-CTGOV-NCT04618913,A1,NCT04618913,Anticoagulation in Patients With Venous Thromboembolism and Cancer,ai_unranked_source_candidate,retrieved_by_preserved_source_query; no dual-profile classifier available,vitamin K antagonist lexical false positive,,https://clinicaltrials.gov/study/NCT04618913,ai_exploratory_only,false,false,protocol_v2_ai_exploratory_unranked
clinicaltrials,REC-CTGOV-NCT04718740,A1,NCT04718740,A Drug-drug Interaction Study Of Fluzoparib (SHR3162) on Patients With Recurrent Ovarian Cancer,ai_unranked_source_candidate,retrieved_by_preserved_source_query; no dual-profile classifier available,vitamin K antagonist lexical false positive,,https://clinicaltrials.gov/study/NCT04718740,ai_exploratory_only,false,false,protocol_v2_ai_exploratory_unranked
clinicaltrials,REC-CTGOV-NCT04730037,A1,NCT04730037,Clinical Trial to Investigate Safety and Efficacy of Edoxaban in Patients With CTEPH (KABUKI),ai_unranked_source_candidate,retrieved_by_preserved_source_query; no dual-profile classifier available,vitamin K antagonist lexical false positive,,https://clinicaltrials.gov/study/NCT04730037,ai_exploratory_only,false,false,protocol_v2_ai_exploratory_unranked
clinicaltrials,REC-CTGOV-NCT04981041,A1,NCT04981041,Escalated Single Platelet Inhibition for One Month Plus NOAC in Patients With Atrial Fibrillation and ACS Undergoing PCI,ai_unranked_source_candidate,retrieved_by_preserved_source_query; no dual-profile classifier available,vitamin K antagonist lexical false positive,,https://clinicaltrials.gov/study/NCT04981041,ai_exploratory_only,false,false,protocol_v2_ai_exploratory_unranked
clinicaltrials,REC-CTGOV-NCT05006287,A1,NCT05006287,The Safety of Non-vitamin K Oral Anticoagulants Compared to Warfarin Early After Cardiac Surgery,ai_unranked_source_candidate,retrieved_by_preserved_source_query; no dual-profile classifier available,vitamin K antagonist lexical false positive,,https://clinicaltrials.gov/study/NCT05006287,ai_exploratory_only,false,false,protocol_v2_ai_exploratory_unranked
clinicaltrials,REC-CTGOV-NCT05022758,A1,NCT05022758,A Study to Learn Whether There Are Differences in the Kidney's Ability to Work Properly in Korean Patients With Non-valvular Atrial Fibrillation (Irregular and Often Rapid Heartbeat Not Caused by a Heart Valve Problem) Treated With Rivaroxaban as Compared to Those Treated With Warfarin,ai_unranked_source_candidate,retrieved_by_preserved_source_query; no dual-profile classifier available,vitamin K antagonist lexical false positive,,https://clinicaltrials.gov/study/NCT05022758,ai_exploratory_only,false,false,protocol_v2_ai_exploratory_unranked
clinicaltrials,REC-CTGOV-NCT05038228,A1,NCT05038228,High Gastrointestinal Bleed Risk Outcomes in Patients With Non-valvular Atrial Fibrillation (NVAF) in France,ai_unranked_source_candidate,retrieved_by_preserved_source_query; no dual-profile classifier available,vitamin K antagonist lexical false positive,,https://clinicaltrials.gov/study/NCT05038228,ai_exploratory_only,false,false,protocol_v2_ai_exploratory_unranked
clinicaltrials,REC-CTGOV-NCT05205863,A1,NCT05205863,Dose-Response in PD and Safety of Cofact Under VKA Anticoagulation,ai_unranked_source_candidate,retrieved_by_preserved_source_query; no dual-profile classifier available,vitamin K antagonist lexical false positive,,https://clinicaltrials.gov/study/NCT05205863,ai_exploratory_only,false,false,protocol_v2_ai_exploratory_unranked
clinicaltrials,REC-CTGOV-NCT05273775,A1,NCT05273775,A Pharmacokinetic Study to Evaluate the Drug Interaction Between HRS5091 and Probe Drugs in Healthy Volunteers,ai_unranked_source_candidate,retrieved_by_preserved_source_query; no dual-profile classifier available,vitamin K antagonist lexical false positive,,https://clinicaltrials.gov/study/NCT05273775,ai_exploratory_only,false,false,protocol_v2_ai_exploratory_unranked
clinicaltrials,REC-CTGOV-NCT05515120,A1,NCT05515120,Rivaroxaban Plus Aspirin to Manage Recurrent Venous Thromboembolic Events,ai_unranked_source_candidate,retrieved_by_preserved_source_query; no dual-profile classifier available,vitamin K antagonist lexical false positive,,https://clinicaltrials.gov/study/NCT05515120,ai_exploratory_only,false,false,protocol_v2_ai_exploratory_unranked
clinicaltrials,REC-CTGOV-NCT05609500,A1,NCT05609500,Warfarin Dosage Adjustment Model Analysis Study,ai_unranked_source_candidate,retrieved_by_preserved_source_query; no dual-profile classifier available,vitamin K antagonist lexical false positive,,https://clinicaltrials.gov/study/NCT05609500,ai_exploratory_only,false,false,protocol_v2_ai_exploratory_unranked
clinicaltrials,REC-CTGOV-NCT05643651,A1,NCT05643651,Rivaroxaban for Children Aged Over 2 Years With Giant Coronary Artery Aneurysms After Kawasaki Disease,ai_unranked_source_candidate,retrieved_by_preserved_source_query; no dual-profile classifier available,vitamin K antagonist lexical false positive,,https://clinicaltrials.gov/study/NCT05643651,ai_exploratory_only,false,false,protocol_v2_ai_exploratory_unranked
clinicaltrials,REC-CTGOV-NCT05646394,A1,NCT05646394,Registry on Augmented Antithrombotic Treatment Regimens for Patients With Arterial Thrombotic APS,ai_unranked_source_candidate,retrieved_by_preserved_source_query; no dual-profile classifier available,vitamin K antagonist lexical false positive,,https://clinicaltrials.gov/study/NCT05646394,ai_exploratory_only,false,false,protocol_v2_ai_exploratory_unranked
clinicaltrials,REC-CTGOV-NCT05825573,A1,NCT05825573,Anticoagulation Therapy in Non-device-related Intra-cardiac Thrombus,ai_unranked_source_candidate,retrieved_by_preserved_source_query; no dual-profile classifier available,vitamin K antagonist lexical false positive,,https://clinicaltrials.gov/study/NCT05825573,ai_exploratory_only,false,false,protocol_v2_ai_exploratory_unranked
clinicaltrials,REC-CTGOV-NCT06138184,A1,NCT06138184,Learning Theory Patient Education for Anticoagulants,ai_unranked_source_candidate,retrieved_by_preserved_source_query; no dual-profile classifier available,vitamin K antagonist lexical false positive,,https://clinicaltrials.gov/study/NCT06138184,ai_exploratory_only,false,false,protocol_v2_ai_exploratory_unranked
clinicaltrials,REC-CTGOV-NCT06141538,A1,NCT06141538,Response of Intracardiac Thrombus to Anticoagulants in Patients With Non-valvular Atrial Fibrillation (LYSIS),ai_unranked_source_candidate,retrieved_by_preserved_source_query; no dual-profile classifier available,vitamin K antagonist lexical false positive,,https://clinicaltrials.gov/study/NCT06141538,ai_exploratory_only,false,false,protocol_v2_ai_exploratory_unranked
clinicaltrials,REC-CTGOV-NCT06402851,A1,NCT06402851,"Vitamin K AntagonISt, Factor Xa Inhibitor or No Anticoagulation in Atrial Fibrillation and DIalytic End-stage Renal DiseasE (VISIONAIRE)",ai_unranked_source_candidate,retrieved_by_preserved_source_query; no dual-profile classifier available,vitamin K antagonist lexical false positive,,https://clinicaltrials.gov/study/NCT06402851,ai_exploratory_only,false,false,protocol_v2_ai_exploratory_unranked
clinicaltrials,REC-CTGOV-NCT06429787,A1,NCT06429787,Post Marketing Observational Study on Safety of BALFAXAR vs. KCENTRA for Reversal of Vitamin K Antagonist Induced Anticoagulation in Adults Undergoing Urgent Surgery or Invasive Procedure,ai_unranked_source_candidate,retrieved_by_preserved_source_query; no dual-profile classifier available,vitamin K antagonist lexical false positive,,https://clinicaltrials.gov/study/NCT06429787,ai_exploratory_only,false,false,protocol_v2_ai_exploratory_unranked
clinicaltrials,REC-CTGOV-NCT06606275,A1,NCT06606275,The Safety and Effectiveness of Warfarin Vs Apixaban in Patients With NVAF/ VTE and ESKD on Dialysis,ai_unranked_source_candidate,retrieved_by_preserved_source_query; no dual-profile classifier available,vitamin K antagonist lexical false positive,,https://clinicaltrials.gov/study/NCT06606275,ai_exploratory_only,false,false,protocol_v2_ai_exploratory_unranked
clinicaltrials,REC-CTGOV-NCT06615596,A1,NCT06615596,Discontinuation of Anticoagulations After Successful Catheter Ablation of Atrial Fibrillation,ai_unranked_source_candidate,retrieved_by_preserved_source_query; no dual-profile classifier available,vitamin K antagonist lexical false positive,,https://clinicaltrials.gov/study/NCT06615596,ai_exploratory_only,false,false,protocol_v2_ai_exploratory_unranked
clinicaltrials,REC-CTGOV-NCT06648837,A1,NCT06648837,Microvisk Continuous Blood Donation Study,ai_unranked_source_candidate,retrieved_by_preserved_source_query; no dual-profile classifier available,vitamin K antagonist lexical false positive,,https://clinicaltrials.gov/study/NCT06648837,ai_exploratory_only,false,false,protocol_v2_ai_exploratory_unranked
clinicaltrials,REC-CTGOV-NCT06692504,A1,NCT06692504,Adverse Drug Events in Patients on Oral Anticoagulation in the Emergency Department,ai_unranked_source_candidate,retrieved_by_preserved_source_query; no dual-profile classifier available,vitamin K antagonist lexical false positive,,https://clinicaltrials.gov/study/NCT06692504,ai_exploratory_only,false,false,protocol_v2_ai_exploratory_unranked
clinicaltrials,REC-CTGOV-NCT06823466,A1,NCT06823466,Advancing Knowledge in Ischemic Stroke Patients on Oral Anticoagulants,ai_unranked_source_candidate,retrieved_by_preserved_source_query; no dual-profile classifier available,vitamin K antagonist lexical false positive,,https://clinicaltrials.gov/study/NCT06823466,ai_exploratory_only,false,false,protocol_v2_ai_exploratory_unranked
clinicaltrials,REC-CTGOV-NCT07011095,A1,NCT07011095,DOAC or VKA in Patients With AF and Stroke While on DOAC - a Pilot Trial,ai_unranked_source_candidate,retrieved_by_preserved_source_query; no dual-profile classifier available,vitamin K antagonist lexical false positive,,https://clinicaltrials.gov/study/NCT07011095,ai_exploratory_only,false,false,protocol_v2_ai_exploratory_unranked
clinicaltrials,REC-CTGOV-NCT07185295,A1,NCT07185295,Short-term Interruption Versus Continuous Anticoagulation in Colorectal Polypectomy,ai_unranked_source_candidate,retrieved_by_preserved_source_query; no dual-profile classifier available,vitamin K antagonist lexical false positive,,https://clinicaltrials.gov/study/NCT07185295,ai_exploratory_only,false,false,protocol_v2_ai_exploratory_unranked
clinicaltrials,REC-CTGOV-NCT07330869,A1,NCT07330869,Warfarin Effects on Male Fertility After Cardiac Surgery,ai_unranked_source_candidate,retrieved_by_preserved_source_query; no dual-profile classifier available,vitamin K antagonist lexical false positive,,https://clinicaltrials.gov/study/NCT07330869,ai_exploratory_only,false,false,protocol_v2_ai_exploratory_unranked
clinicaltrials,REC-CTGOV-NCT07431762,A1,NCT07431762,Comparison of Anti-Thrombotic Treatments Between Aspirin and Warfarin During Initial Six Months After Bioprosthetic Heart Valve Replacement,ai_unranked_source_candidate,retrieved_by_preserved_source_query; no dual-profile classifier available,vitamin K antagonist lexical false positive,,https://clinicaltrials.gov/study/NCT07431762,ai_exploratory_only,false,false,protocol_v2_ai_exploratory_unranked
clinicaltrials,REC-CTGOV-NCT07496281,A1,NCT07496281,OPTIA-AF Trial: Rhythm-Guided Antithrombotic Strategy After AF Ablation,ai_unranked_source_candidate,retrieved_by_preserved_source_query; no dual-profile classifier available,vitamin K antagonist lexical false positive,,https://clinicaltrials.gov/study/NCT07496281,ai_exploratory_only,false,false,protocol_v2_ai_exploratory_unranked
clinicaltrials,REC-CTGOV-NCT07515664,A1,NCT07515664,Vitamin K for Perioperative Warfarin Management,ai_unranked_source_candidate,retrieved_by_preserved_source_query; no dual-profile classifier available,vitamin K antagonist lexical false positive,,https://clinicaltrials.gov/study/NCT07515664,ai_exploratory_only,false,false,protocol_v2_ai_exploratory_unranked
clinicaltrials,REC-CTGOV-NCT07571460,A1,NCT07571460,Clinical Application of Simcyp-Guided Warfarin Initiation Doses in Cirrhotic Patients With Portal Vein Thrombosis,ai_unranked_source_candidate,retrieved_by_preserved_source_query; no dual-profile classifier available,vitamin K antagonist lexical false positive,,https://clinicaltrials.gov/study/NCT07571460,ai_exploratory_only,false,false,protocol_v2_ai_exploratory_unranked
clinicaltrials,REC-CTGOV-NCT07616414,A1,NCT07616414,Stepwise vs Standard Anticoagulation for AF Patients Undergoing CIED Implantation (STEP-AF),ai_unranked_source_candidate,retrieved_by_preserved_source_query; no dual-profile classifier available,vitamin K antagonist lexical false positive,,https://clinicaltrials.gov/study/NCT07616414,ai_exploratory_only,false,false,protocol_v2_ai_exploratory_unranked
clinicaltrials,REC-CTGOV-NCT07639892,A1,NCT07639892,Antithrombotic Treatment Strategies in Cervical Artery Dissection,ai_unranked_source_candidate,retrieved_by_preserved_source_query; no dual-profile classifier available,vitamin K antagonist lexical false positive,,https://clinicaltrials.gov/study/NCT07639892,ai_exploratory_only,false,false,protocol_v2_ai_exploratory_unranked
clinicaltrials,REC-CTGOV-NCT07658989,A1,NCT07658989,Optimizing Anticoagulation in Pregnancies With Mechanical Heart Valves,ai_unranked_source_candidate,retrieved_by_preserved_source_query; no dual-profile classifier available,vitamin K antagonist lexical false positive,,https://clinicaltrials.gov/study/NCT07658989,ai_exploratory_only,false,false,protocol_v2_ai_exploratory_unranked
clinicaltrials,REC-CTGOV-NCT00232219,A2,NCT00232219,Use of Fish Oils to Reduce Recurrence of Atrial Fibrillation Following DC Cardioversion,ai_unranked_source_candidate,retrieved_by_preserved_source_query; no dual-profile classifier available,,,https://clinicaltrials.gov/study/NCT00232219,ai_exploratory_only,false,false,protocol_v2_ai_exploratory_unranked
clinicaltrials,REC-CTGOV-NCT00232232,A2,NCT00232232,Use of Fish Oils to Prevent Atrial Mechanical Stunning and Atrial Remodeling Due to Atrial Arrhythmia,ai_unranked_source_candidate,retrieved_by_preserved_source_query; no dual-profile classifier available,,,https://clinicaltrials.gov/study/NCT00232232,ai_exploratory_only,false,false,protocol_v2_ai_exploratory_unranked
clinicaltrials,REC-CTGOV-NCT00232245,A2,NCT00232245,Use of Fish Oils to Reduce the Frequency and Duration of Episodes of Atrial Fibrillation in Patients With Paroxysmal Atrial Fibrillation.,ai_unranked_source_candidate,retrieved_by_preserved_source_query; no dual-profile classifier available,,,https://clinicaltrials.gov/study/NCT00232245,ai_exploratory_only,false,false,protocol_v2_ai_exploratory_unranked
clinicaltrials,REC-CTGOV-NCT00402363,A2,NCT00402363,"Evaluation of Efficacy and Safety of Lovaza (Omega-3-Acid Ethyl Esters) in Recurrent, Symptomatic Atrial Fibrillation",ai_unranked_source_candidate,retrieved_by_preserved_source_query; no dual-profile classifier available,,,https://clinicaltrials.gov/study/NCT00402363,ai_exploratory_only,false,false,protocol_v2_ai_exploratory_unranked
clinicaltrials,REC-CTGOV-NCT00410020,A2,NCT00410020,Arrhythmia Prevention With an Alpha-Linolenic Enriched Diet,ai_unranked_source_candidate,retrieved_by_preserved_source_query; no dual-profile classifier available,,,https://clinicaltrials.gov/study/NCT00410020,ai_exploratory_only,false,false,protocol_v2_ai_exploratory_unranked
clinicaltrials,REC-CTGOV-NCT00446966,A2,NCT00446966,Fish Oil for Reduction of Atrial Fibrillation After Cardiac Surgery,ai_unranked_source_candidate,retrieved_by_preserved_source_query; no dual-profile classifier available,,,https://clinicaltrials.gov/study/NCT00446966,ai_exploratory_only,false,false,protocol_v2_ai_exploratory_unranked
clinicaltrials,REC-CTGOV-NCT00508248,A2,NCT00508248,Omega 3 Fatty Acids and Atrial Fibrillation,ai_unranked_source_candidate,retrieved_by_preserved_source_query; no dual-profile classifier available,,,https://clinicaltrials.gov/study/NCT00508248,ai_exploratory_only,false,false,protocol_v2_ai_exploratory_unranked
clinicaltrials,REC-CTGOV-NCT00552084,A2,NCT00552084,Evaluating the Effectiveness of Fish Oil Supplements at Reducing the Recurrence of Atrial Fibrillation,ai_unranked_source_candidate,retrieved_by_preserved_source_query; no dual-profile classifier available,,,https://clinicaltrials.gov/study/NCT00552084,ai_exploratory_only,false,false,protocol_v2_ai_exploratory_unranked
clinicaltrials,REC-CTGOV-NCT00597220,A2,NCT00597220,Randomized Trial to Assess Efficacy of PUFA for the Maintenance of Sinus Rhythm in Persistent Atrial Fibrillation,ai_unranked_source_candidate,retrieved_by_preserved_source_query; no dual-profile classifier available,,,https://clinicaltrials.gov/study/NCT00597220,ai_exploratory_only,false,false,protocol_v2_ai_exploratory_unranked
clinicaltrials,REC-CTGOV-NCT00692718,A2,NCT00692718,N-3 Fatty Acids for the Prevention of Atrial Fibrillation in Patients With Acute Heart Failure,ai_unranked_source_candidate,retrieved_by_preserved_source_query; no dual-profile classifier available,,,https://clinicaltrials.gov/study/NCT00692718,ai_exploratory_only,false,false,protocol_v2_ai_exploratory_unranked
clinicaltrials,REC-CTGOV-NCT00791089,A2,NCT00791089,Effects of Fish Oil on Post Ablation Arrhythmias,ai_unranked_source_candidate,retrieved_by_preserved_source_query; no dual-profile classifier available,,,https://clinicaltrials.gov/study/NCT00791089,ai_exploratory_only,false,false,protocol_v2_ai_exploratory_unranked
clinicaltrials,REC-CTGOV-NCT00841451,A2,NCT00841451,Pulmonary Vein Isolation Outcomes With Fish Oils,ai_unranked_source_candidate,retrieved_by_preserved_source_query; no dual-profile classifier available,,,https://clinicaltrials.gov/study/NCT00841451,ai_exploratory_only,false,false,protocol_v2_ai_exploratory_unranked
clinicaltrials,REC-CTGOV-NCT00970489,A2,NCT00970489,Omega-3 Fatty Acids for Prevention of Post-Operative Atrial Fibrillation,ai_unranked_source_candidate,retrieved_by_preserved_source_query; no dual-profile classifier available,,,https://clinicaltrials.gov/study/NCT00970489,ai_exploratory_only,false,false,protocol_v2_ai_exploratory_unranked
clinicaltrials,REC-CTGOV-NCT01175330,A2,NCT01175330,Omega 3 Fatty Acid Efficiency for Prevention of Atrial Fibrillation After Coronary Artery Bypass Grafting,ai_unranked_source_candidate,retrieved_by_preserved_source_query; no dual-profile classifier available,,,https://clinicaltrials.gov/study/NCT01175330,ai_exploratory_only,false,false,protocol_v2_ai_exploratory_unranked
clinicaltrials,REC-CTGOV-NCT01198275,A2,NCT01198275,n-3 Polyunsaturated Fatty Acids (PUFAs) in the Prevention of Atrial Fibrillation,ai_unranked_source_candidate,retrieved_by_preserved_source_query; no dual-profile classifier available,,,https://clinicaltrials.gov/study/NCT01198275,ai_exploratory_only,false,false,protocol_v2_ai_exploratory_unranked
clinicaltrials,REC-CTGOV-NCT01235130,A2,NCT01235130,Multi_center Study to Evaluate the Effect of N-3 Fatty Acids (OMEGA-3) on Arrhythmia Recurrence in Atrial Fibrillation,ai_unranked_source_candidate,retrieved_by_preserved_source_query; no dual-profile classifier available,,,https://clinicaltrials.gov/study/NCT01235130,ai_exploratory_only,false,false,protocol_v2_ai_exploratory_unranked
clinicaltrials,REC-CTGOV-NCT01259284,A2,NCT01259284,Fish Oil Versus Statins Versus Placebos in Reducing Atrial Fibrillation in Patients Undergoing Thoracic Surgery for Lung Cancer,ai_unranked_source_candidate,retrieved_by_preserved_source_query; no dual-profile classifier available,,,https://clinicaltrials.gov/study/NCT01259284,ai_exploratory_only,false,false,protocol_v2_ai_exploratory_unranked
clinicaltrials,REC-CTGOV-NCT01841944,A2,NCT01841944,Omega-3 Fatty Acids in Elderly Patients With Acute Myocardial Infarction,ai_unranked_source_candidate,retrieved_by_preserved_source_query; no dual-profile classifier available,,,https://clinicaltrials.gov/study/NCT01841944,ai_exploratory_only,false,false,protocol_v2_ai_exploratory_unranked
clinicaltrials,REC-CTGOV-NCT02178410,A2,NCT02178410,VITAL Rhythm Study,ai_unranked_source_candidate,retrieved_by_preserved_source_query; no dual-profile classifier available,,,https://clinicaltrials.gov/study/NCT02178410,ai_exploratory_only,false,false,protocol_v2_ai_exploratory_unranked
clinicaltrials,REC-CTGOV-NCT03017001,A2,NCT03017001,Preoperative Carbohydrate Load and Intraoperative w3-PUFA in CAGB Surgery,ai_unranked_source_candidate,retrieved_by_preserved_source_query; no dual-profile classifier available,,,https://clinicaltrials.gov/study/NCT03017001,ai_exploratory_only,false,false,protocol_v2_ai_exploratory_unranked
clinicaltrials,REC-CTGOV-NCT03078738,A2,NCT03078738,Safety and Pharmacokinetic Study of OMT-28 in Healthy Subjects,ai_unranked_source_candidate,retrieved_by_preserved_source_query; no dual-profile classifier available,,,https://clinicaltrials.gov/study/NCT03078738,ai_exploratory_only,false,false,protocol_v2_ai_exploratory_unranked
clinicaltrials,REC-CTGOV-NCT05961865,A2,NCT05961865,Change in Inflammatory State in Patients Undergoing Transcatheter Ablation of Atrial Fibrillation,ai_unranked_source_candidate,retrieved_by_preserved_source_query; no dual-profile classifier available,,,https://clinicaltrials.gov/study/NCT05961865,ai_exploratory_only,false,false,protocol_v2_ai_exploratory_unranked
clinicaltrials,REC-CTGOV-NCT06279793,A2,NCT06279793,Intravenous Fish Oil Based Lipid Emulsion to Enhance Recovery in High-Risk Cardiac Surgery Patients,ai_unranked_source_candidate,retrieved_by_preserved_source_query; no dual-profile classifier available,,,https://clinicaltrials.gov/study/NCT06279793,ai_exploratory_only,false,false,protocol_v2_ai_exploratory_unranked
clinicaltrials,REC-CTGOV-NCT00120731,B1,NCT00120731,Effects of Potassium Citrate in Urine of Children With Elevated Calcium in Urine and Kidney Stones,ai_unranked_source_candidate,retrieved_by_preserved_source_query; no dual-profile classifier available,,,https://clinicaltrials.gov/study/NCT00120731,ai_exploratory_only,false,false,protocol_v2_ai_exploratory_unranked
clinicaltrials,REC-CTGOV-NCT00472823,B1,NCT00472823,Vitamin D Supplementation in Older Women,ai_unranked_source_candidate,retrieved_by_preserved_source_query; no dual-profile classifier available,,,https://clinicaltrials.gov/study/NCT00472823,ai_exploratory_only,false,false,protocol_v2_ai_exploratory_unranked
clinicaltrials,REC-CTGOV-NCT01217372,B1,NCT01217372,Nephrolithiasis Prevention by Lemon Juice,ai_unranked_source_candidate,retrieved_by_preserved_source_query; no dual-profile classifier available,,,https://clinicaltrials.gov/study/NCT01217372,ai_exploratory_only,false,false,protocol_v2_ai_exploratory_unranked
clinicaltrials,REC-CTGOV-NCT01329042,B1,NCT01329042,Efficacy of Potassium Sodium Hydrogen Citrate Therapy on Renal Stone Recurrence and/or Residual Fragments After Shockwave Lithotripsy and Percutaneous Nephrolithotomy in Calcium Oxalate Urolithiasis,ai_unranked_source_candidate,retrieved_by_preserved_source_query; no dual-profile classifier available,,,https://clinicaltrials.gov/study/NCT01329042,ai_exploratory_only,false,false,protocol_v2_ai_exploratory_unranked
clinicaltrials,REC-CTGOV-NCT01330940,B1,NCT01330940,Effect of Diet Orange Soda on Urinary Lithogenicity,ai_unranked_source_candidate,retrieved_by_preserved_source_query; no dual-profile classifier available,,,https://clinicaltrials.gov/study/NCT01330940,ai_exploratory_only,false,false,protocol_v2_ai_exploratory_unranked
clinicaltrials,REC-CTGOV-NCT01735461,B1,NCT01735461,Calcium Supplements Strategy for Kidney Stones Prevention in Crohn's Patients,ai_unranked_source_candidate,retrieved_by_preserved_source_query; no dual-profile classifier available,,,https://clinicaltrials.gov/study/NCT01735461,ai_exploratory_only,false,false,protocol_v2_ai_exploratory_unranked
clinicaltrials,REC-CTGOV-NCT01754779,B1,NCT01754779,Treatment for Calcium Phosphate Kidney Stone Disease,ai_unranked_source_candidate,retrieved_by_preserved_source_query; no dual-profile classifier available,,,https://clinicaltrials.gov/study/NCT01754779,ai_exploratory_only,false,false,protocol_v2_ai_exploratory_unranked
clinicaltrials,REC-CTGOV-NCT01980004,B1,NCT01980004,Potassium Citrate Supplementation vs. Dietary Counseling,ai_unranked_source_candidate,retrieved_by_preserved_source_query; no dual-profile classifier available,,,https://clinicaltrials.gov/study/NCT01980004,ai_exploratory_only,false,false,protocol_v2_ai_exploratory_unranked
clinicaltrials,REC-CTGOV-NCT03348228,B1,NCT03348228,Effect of Hydroxycitrate on Urine Chemistry,ai_unranked_source_candidate,retrieved_by_preserved_source_query; no dual-profile classifier available,,,https://clinicaltrials.gov/study/NCT03348228,ai_exploratory_only,false,false,protocol_v2_ai_exploratory_unranked
clinicaltrials,REC-CTGOV-NCT03704350,B1,NCT03704350,Influence of Obesity on Endogenous Oxalate Synthesis,ai_unranked_source_candidate,retrieved_by_preserved_source_query; no dual-profile classifier available,,,https://clinicaltrials.gov/study/NCT03704350,ai_exploratory_only,false,false,protocol_v2_ai_exploratory_unranked
clinicaltrials,REC-CTGOV-NCT03924596,B1,NCT03924596,Treatment of Renal Stones With Frankincense (Luban),ai_unranked_source_candidate,retrieved_by_preserved_source_query; no dual-profile classifier available,,,https://clinicaltrials.gov/study/NCT03924596,ai_exploratory_only,false,false,protocol_v2_ai_exploratory_unranked
clinicaltrials,REC-CTGOV-NCT04051346,B1,NCT04051346,Dietary Oxalate and Innate Immunity in Kidney Stone Disease,ai_unranked_source_candidate,retrieved_by_preserved_source_query; no dual-profile classifier available,,,https://clinicaltrials.gov/study/NCT04051346,ai_exploratory_only,false,false,protocol_v2_ai_exploratory_unranked
clinicaltrials,REC-CTGOV-NCT04080973,B1,NCT04080973,Metabolic Workup in Patients Suffering From Kidney Stone Disease and Osteopenia,ai_unranked_source_candidate,retrieved_by_preserved_source_query; no dual-profile classifier available,,,https://clinicaltrials.gov/study/NCT04080973,ai_exploratory_only,false,false,protocol_v2_ai_exploratory_unranked
clinicaltrials,REC-CTGOV-NCT04437225,B1,NCT04437225,Renal Metabolism of Glycolate to Oxalate,ai_unranked_source_candidate,retrieved_by_preserved_source_query; no dual-profile classifier available,,,https://clinicaltrials.gov/study/NCT04437225,ai_exploratory_only,false,false,protocol_v2_ai_exploratory_unranked
clinicaltrials,REC-CTGOV-NCT05229952,B1,NCT05229952,Assessment of Endogenous Oxalate Synthesis,ai_unranked_source_candidate,retrieved_by_preserved_source_query; no dual-profile classifier available,,,https://clinicaltrials.gov/study/NCT05229952,ai_exploratory_only,false,false,protocol_v2_ai_exploratory_unranked
clinicaltrials,REC-CTGOV-NCT05365477,B1,NCT05365477,Empiric Versus Selective Prevention Strategies for Kidney Stone Disease,ai_unranked_source_candidate,retrieved_by_preserved_source_query; no dual-profile classifier available,,,https://clinicaltrials.gov/study/NCT05365477,ai_exploratory_only,false,false,protocol_v2_ai_exploratory_unranked
clinicaltrials,REC-CTGOV-NCT05417568,B1,NCT05417568,Oxalate-Driven Host Responses in Kidney Stone Disease,ai_unranked_source_candidate,retrieved_by_preserved_source_query; no dual-profile classifier available,,,https://clinicaltrials.gov/study/NCT05417568,ai_exploratory_only,false,false,protocol_v2_ai_exploratory_unranked
clinicaltrials,REC-CTGOV-NCT05525130,B1,NCT05525130,Study of the Administration of a Food Supplement in Patients With Lithiasis Treated With Extracorporeal Shock Wave Lithotripsy.,ai_unranked_source_candidate,retrieved_by_preserved_source_query; no dual-profile classifier available,,,https://clinicaltrials.gov/study/NCT05525130,ai_exploratory_only,false,false,protocol_v2_ai_exploratory_unranked
clinicaltrials,REC-CTGOV-NCT05680818,B1,NCT05680818,Efficacy and Safety of Encaleret Compared to Standard of Care in Participants With ADH1,ai_unranked_source_candidate,retrieved_by_preserved_source_query; no dual-profile classifier available,,,https://clinicaltrials.gov/study/NCT05680818,ai_exploratory_only,false,false,protocol_v2_ai_exploratory_unranked
clinicaltrials,REC-CTGOV-NCT06003348,B1,NCT06003348,Hydroxycitrate: A Novel Therapy for Calcium Phosphate Urinary Stones,ai_unranked_source_candidate,retrieved_by_preserved_source_query; no dual-profile classifier available,,,https://clinicaltrials.gov/study/NCT06003348,ai_exploratory_only,false,false,protocol_v2_ai_exploratory_unranked
clinicaltrials,REC-CTGOV-NCT06330246,B1,NCT06330246,O. Formigenes Colonization in Calcium Oxalate Kidney Stone Disease,ai_unranked_source_candidate,retrieved_by_preserved_source_query; no dual-profile classifier available,,,https://clinicaltrials.gov/study/NCT06330246,ai_exploratory_only,false,false,protocol_v2_ai_exploratory_unranked
clinicaltrials,REC-CTGOV-NCT07408076,B1,NCT07408076,Sodium Bicarbonate as an Alternative to Potassium Citrate for Kidney Stones,ai_unranked_source_candidate,retrieved_by_preserved_source_query; no dual-profile classifier available,,,https://clinicaltrials.gov/study/NCT07408076,ai_exploratory_only,false,false,protocol_v2_ai_exploratory_unranked
clinicaltrials,REC-CTGOV-NCT07465367,B1,NCT07465367,Methionine for CaPhos Stone,ai_unranked_source_candidate,retrieved_by_preserved_source_query; no dual-profile classifier available,,,https://clinicaltrials.gov/study/NCT07465367,ai_exploratory_only,false,false,protocol_v2_ai_exploratory_unranked
clinicaltrials,REC-CTGOV-NCT00416052,B2,NCT00416052,Relation Between Bone Density and the Regulation of Mineral Metabolism in Renal Stone Formers,ai_unranked_source_candidate,retrieved_by_preserved_source_query; no dual-profile classifier available,,,https://clinicaltrials.gov/study/NCT00416052,ai_exploratory_only,false,false,protocol_v2_ai_exploratory_unranked
clinicaltrials,REC-CTGOV-NCT00472823,B2,NCT00472823,Vitamin D Supplementation in Older Women,ai_unranked_source_candidate,retrieved_by_preserved_source_query; no dual-profile classifier available,,,https://clinicaltrials.gov/study/NCT00472823,ai_exploratory_only,false,false,protocol_v2_ai_exploratory_unranked
clinicaltrials,REC-CTGOV-NCT00581828,B2,NCT00581828,Does Treatment of Hypovitaminosis D Increase Calcium Absorption?,ai_unranked_source_candidate,retrieved_by_preserved_source_query; no dual-profile classifier available,,,https://clinicaltrials.gov/study/NCT00581828,ai_exploratory_only,false,false,protocol_v2_ai_exploratory_unranked
clinicaltrials,REC-CTGOV-NCT00948740,B2,NCT00948740,The Effect of Vitamin D on Urinary Calcium Excretion in Kidney Stone Formers With High Urinary Calcium,ai_unranked_source_candidate,retrieved_by_preserved_source_query; no dual-profile classifier available,,,https://clinicaltrials.gov/study/NCT00948740,ai_exploratory_only,false,false,protocol_v2_ai_exploratory_unranked
clinicaltrials,REC-CTGOV-NCT01295879,B2,NCT01295879,Vitamin D Repletion in Stone Formers With Hypercalciuria,ai_unranked_source_candidate,retrieved_by_preserved_source_query; no dual-profile classifier available,,,https://clinicaltrials.gov/study/NCT01295879,ai_exploratory_only,false,false,protocol_v2_ai_exploratory_unranked
clinicaltrials,REC-CTGOV-NCT01323608,B2,NCT01323608,The Effect of Vitamin D Supplementation on Calcium Excretion in Thalassemia: a Dose Response Study,ai_unranked_source_candidate,retrieved_by_preserved_source_query; no dual-profile classifier available,,,https://clinicaltrials.gov/study/NCT01323608,ai_exploratory_only,false,false,protocol_v2_ai_exploratory_unranked
clinicaltrials,REC-CTGOV-NCT02752841,B2,NCT02752841,The Effect of Vitamin D Repletion on Kidney Stone Risk,ai_unranked_source_candidate,retrieved_by_preserved_source_query; no dual-profile classifier available,,,https://clinicaltrials.gov/study/NCT02752841,ai_exploratory_only,false,false,protocol_v2_ai_exploratory_unranked
clinicaltrials,REC-CTGOV-NCT02824718,B2,NCT02824718,Recombinant Human rhPTH(1-34) VS Association Alfacalcidol/Hydrochlorothiazide in Severe Primary Hypoparathyroidism,ai_unranked_source_candidate,retrieved_by_preserved_source_query; no dual-profile classifier available,,,https://clinicaltrials.gov/study/NCT02824718,ai_exploratory_only,false,false,protocol_v2_ai_exploratory_unranked
clinicaltrials,REC-CTGOV-NCT02975492,B2,NCT02975492,Assessing the Impact of a Mode of Vitamin D Supplementation (Sequential Dose vs Daily Dose) on the Incidence of Hypercalciuria in Subjets Aged From 2 to 18 Years,ai_unranked_source_candidate,retrieved_by_preserved_source_query; no dual-profile classifier available,,,https://clinicaltrials.gov/study/NCT02975492,ai_exploratory_only,false,false,protocol_v2_ai_exploratory_unranked
clinicaltrials,REC-CTGOV-NCT03087149,B2,NCT03087149,Monitored vs Standard Supplementation of Vitamin D in Preterm Infants,ai_unranked_source_candidate,retrieved_by_preserved_source_query; no dual-profile classifier available,,,https://clinicaltrials.gov/study/NCT03087149,ai_exploratory_only,false,false,protocol_v2_ai_exploratory_unranked
clinicaltrials,REC-CTGOV-NCT03365687,B2,NCT03365687,Vitamin D In the Prevention of Viral-induced Asthma in Preschoolers,ai_unranked_source_candidate,retrieved_by_preserved_source_query; no dual-profile classifier available,,,https://clinicaltrials.gov/study/NCT03365687,ai_exploratory_only,false,false,protocol_v2_ai_exploratory_unranked
clinicaltrials,REC-CTGOV-NCT05365477,B2,NCT05365477,Empiric Versus Selective Prevention Strategies for Kidney Stone Disease,ai_unranked_source_candidate,retrieved_by_preserved_source_query; no dual-profile classifier available,,,https://clinicaltrials.gov/study/NCT05365477,ai_exploratory_only,false,false,protocol_v2_ai_exploratory_unranked
clinicaltrials,REC-CTGOV-NCT05680818,B2,NCT05680818,Efficacy and Safety of Encaleret Compared to Standard of Care in Participants With ADH1,ai_unranked_source_candidate,retrieved_by_preserved_source_query; no dual-profile classifier available,,,https://clinicaltrials.gov/study/NCT05680818,ai_exploratory_only,false,false,protocol_v2_ai_exploratory_unranked
clinicaltrials,REC-CTGOV-NCT06199102,B2,NCT06199102,The High Initial Dose of Monitored Vitamin D Supplementation in Preterm Infants.,ai_unranked_source_candidate,retrieved_by_preserved_source_query; no dual-profile classifier available,,,https://clinicaltrials.gov/study/NCT06199102,ai_exploratory_only,false,false,protocol_v2_ai_exploratory_unranked
clinicaltrials,REC-CTGOV-NCT01675362,B3,NCT01675362,"Are There Protective Effects of Antioxidants, Calcium Channel Blocker and Angiotensin Receptor Blocker Against Extracorporeal Shockwaves Lithotripsy Induced Renal Injury?",ai_unranked_source_candidate,retrieved_by_preserved_source_query; no dual-profile classifier available,,,https://clinicaltrials.gov/study/NCT01675362,ai_exploratory_only,false,false,protocol_v2_ai_exploratory_unranked
clinicaltrials,REC-CTGOV-NCT03704350,B3,NCT03704350,Influence of Obesity on Endogenous Oxalate Synthesis,ai_unranked_source_candidate,retrieved_by_preserved_source_query; no dual-profile classifier available,,,https://clinicaltrials.gov/study/NCT03704350,ai_exploratory_only,false,false,protocol_v2_ai_exploratory_unranked
clinicaltrials,REC-CTGOV-NCT04437225,B3,NCT04437225,Renal Metabolism of Glycolate to Oxalate,ai_unranked_source_candidate,retrieved_by_preserved_source_query; no dual-profile classifier available,,,https://clinicaltrials.gov/study/NCT04437225,ai_exploratory_only,false,false,protocol_v2_ai_exploratory_unranked
clinicaltrials,REC-CTGOV-NCT04603898,B3,NCT04603898,Oxalate Formation From Ascorbic Acid,ai_unranked_source_candidate,retrieved_by_preserved_source_query; no dual-profile classifier available,,,https://clinicaltrials.gov/study/NCT04603898,ai_exploratory_only,false,false,protocol_v2_ai_exploratory_unranked
clinicaltrials,REC-CTGOV-NCT05124886,B3,NCT05124886,Gut Kidney Axis in Enteric Hyperoxaluria,ai_unranked_source_candidate,retrieved_by_preserved_source_query; no dual-profile classifier available,,,https://clinicaltrials.gov/study/NCT05124886,ai_exploratory_only,false,false,protocol_v2_ai_exploratory_unranked
clinicaltrials,REC-CTGOV-NCT05229952,B3,NCT05229952,Assessment of Endogenous Oxalate Synthesis,ai_unranked_source_candidate,retrieved_by_preserved_source_query; no dual-profile classifier available,,,https://clinicaltrials.gov/study/NCT05229952,ai_exploratory_only,false,false,protocol_v2_ai_exploratory_unranked
clinicaltrials,REC-CTGOV-NCT06578754,B3,NCT06578754,"Validation Testing for Plasma Oxalate Levels in the Biochemical Laboratory at the Galilee Medical Center, in Collaboration With the Biochemistry Laboratory at CHARITE Hospital in Berlin, and Testing the Relationship Between Oxalate Levels and Vitamin C Levels in Plasma",ai_unranked_source_candidate,retrieved_by_preserved_source_query; no dual-profile classifier available,,,https://clinicaltrials.gov/study/NCT06578754,ai_exploratory_only,false,false,protocol_v2_ai_exploratory_unranked
clinicaltrials,REC-CTGOV-NCT06989320,B3,NCT06989320,Endogenous Oxalate Synthesis in Idiopathic Calcium Oxalate Kidney Stone Disease,ai_unranked_source_candidate,retrieved_by_preserved_source_query; no dual-profile classifier available,,,https://clinicaltrials.gov/study/NCT06989320,ai_exploratory_only,false,false,protocol_v2_ai_exploratory_unranked
koreamed,REC-KOREAMED-1071437,A1,1071437,Interaction between Warfarin and the Herbal Product Shengmai-Yin: A Case Report of Intracerebral Hematoma,ai_unranked_source_candidate,retrieved_by_preserved_source_query; no dual-profile classifier available,,design_pilot_complete_display_native_export_server_error_not_final_search,https://www.koreamed.org/SearchBasic.php?RID=1071437,ai_exploratory_only,false,false,protocol_v2_ai_exploratory_unranked
koreamed,REC-KOREAMED-1794613,A1,1794613,Extremely Elevated International Normalized Ratio of Warfarin in a Patient with CYP2C9*1/*3 and Thyrotoxicosis,ai_unranked_source_candidate,retrieved_by_preserved_source_query; no dual-profile classifier available,,design_pilot_complete_display_native_export_server_error_not_final_search,https://www.koreamed.org/SearchBasic.php?RID=1794613,ai_exploratory_only,false,false,protocol_v2_ai_exploratory_unranked
koreamed,REC-KOREAMED-1824947,A1,1824947,VKORC1 and CYP2C9 Genotype Variations in Relation to Warfarin Dosing in Korean Stroke Patients,ai_unranked_source_candidate,retrieved_by_preserved_source_query; no dual-profile classifier available,,design_pilot_complete_display_native_export_server_error_not_final_search,https://www.koreamed.org/SearchBasic.php?RID=1824947,ai_exploratory_only,false,false,protocol_v2_ai_exploratory_unranked
koreamed,REC-KOREAMED-1826383,A1,1826383,Trends in Oral Anticoagulation Therapy Among Korean Patients With Atrial Fibrillation: The KORean Atrial Fibrillation Investigation,ai_unranked_source_candidate,retrieved_by_preserved_source_query; no dual-profile classifier available,,design_pilot_complete_display_native_export_server_error_not_final_search,https://www.koreamed.org/SearchBasic.php?RID=1826383,ai_exploratory_only,false,false,protocol_v2_ai_exploratory_unranked
koreamed,REC-KOREAMED-2054163,A1,2054163,Non-operative Treatment of Femoral Neuropathy Caused by Iliacus Hematoma: A Case Report,ai_unranked_source_candidate,retrieved_by_preserved_source_query; no dual-profile classifier available,,design_pilot_complete_display_native_export_server_error_not_final_search,https://www.koreamed.org/SearchBasic.php?RID=2054163,ai_exploratory_only,false,false,protocol_v2_ai_exploratory_unranked
koreamed,REC-KOREAMED-2070114,A1,2070114,Evaluation of risk factors in patients with vitamin K-dependent coagulopathy presumed to be caused by exposure to brodifacoum,ai_unranked_source_candidate,retrieved_by_preserved_source_query; no dual-profile classifier available,,design_pilot_complete_display_native_export_server_error_not_final_search,https://www.koreamed.org/SearchBasic.php?RID=2070114,ai_exploratory_only,false,false,protocol_v2_ai_exploratory_unranked
koreamed,REC-KOREAMED-2083466,A1,2083466,A Case of Soft Tissue Bleeding Due to a Possible Drug Interaction between Warfarin and TS-1,ai_unranked_source_candidate,retrieved_by_preserved_source_query; no dual-profile classifier available,,design_pilot_complete_display_native_export_server_error_not_final_search,https://www.koreamed.org/SearchBasic.php?RID=2083466,ai_exploratory_only,false,false,protocol_v2_ai_exploratory_unranked
koreamed,REC-KOREAMED-2100703,A1,2100703,Warfarin Toxicity Patients in the Emergency Department,ai_unranked_source_candidate,retrieved_by_preserved_source_query; no dual-profile classifier available,,design_pilot_complete_display_native_export_server_error_not_final_search,https://www.koreamed.org/SearchBasic.php?RID=2100703,ai_exploratory_only,false,false,protocol_v2_ai_exploratory_unranked
koreamed,REC-KOREAMED-2192901,A1,2192901,New oral anticoagulants,ai_unranked_source_candidate,retrieved_by_preserved_source_query; no dual-profile classifier available,,design_pilot_complete_display_native_export_server_error_not_final_search,https://www.koreamed.org/SearchBasic.php?RID=2192901,ai_exploratory_only,false,false,protocol_v2_ai_exploratory_unranked
koreamed,REC-KOREAMED-2223678,A1,2223678,Paradoxical Procoagulant Effect of Early Doses of Warfarin: Possible Role of Non-Vitamin K Oral Anticoagulant in Patients with Atrial Fibrillation-Related Stroke,ai_unranked_source_candidate,retrieved_by_preserved_source_query; no dual-profile classifier available,,design_pilot_complete_display_native_export_server_error_not_final_search,https://www.koreamed.org/SearchBasic.php?RID=2223678,ai_exploratory_only,false,false,protocol_v2_ai_exploratory_unranked
koreamed,REC-KOREAMED-2252175,A1,2252175,A Case of Superwarfarin Intoxication without a Definitive History of Brodifacoum Exposure,ai_unranked_source_candidate,retrieved_by_preserved_source_query; no dual-profile classifier available,,design_pilot_complete_display_native_export_server_error_not_final_search,https://www.koreamed.org/SearchBasic.php?RID=2252175,ai_exploratory_only,false,false,protocol_v2_ai_exploratory_unranked
koreamed,REC-KOREAMED-2263729,A1,2263729,Anticoagulation in Atrial Fibrillation,ai_unranked_source_candidate,retrieved_by_preserved_source_query; no dual-profile classifier available,,design_pilot_complete_display_native_export_server_error_not_final_search,https://www.koreamed.org/SearchBasic.php?RID=2263729,ai_exploratory_only,false,false,protocol_v2_ai_exploratory_unranked
koreamed,REC-KOREAMED-2267834,A1,2267834,"A Case of Warfarin-Induced Bleeding in a Patient with CYP2C9 and VKORC1 Gene Polymorphism, Detected by a Point-of-Care Gene Test Device",ai_unranked_source_candidate,retrieved_by_preserved_source_query; no dual-profile classifier available,,design_pilot_complete_display_native_export_server_error_not_final_search,https://www.koreamed.org/SearchBasic.php?RID=2267834,ai_exploratory_only,false,false,protocol_v2_ai_exploratory_unranked
koreamed,REC-KOREAMED-2269259,A1,2269259,Application of New Oral Anticoagulants: Prevention of Stroke in Patients with Nonvalvular Atrial Fibrillation,ai_unranked_source_candidate,retrieved_by_preserved_source_query; no dual-profile classifier available,,design_pilot_complete_display_native_export_server_error_not_final_search,https://www.koreamed.org/SearchBasic.php?RID=2269259,ai_exploratory_only,false,false,protocol_v2_ai_exploratory_unranked
koreamed,REC-KOREAMED-2308908,A1,2308908,Use of NOAC in Cardioversion,ai_unranked_source_candidate,retrieved_by_preserved_source_query; no dual-profile classifier available,,design_pilot_complete_display_native_export_server_error_not_final_search,https://www.koreamed.org/SearchBasic.php?RID=2308908,ai_exploratory_only,false,false,protocol_v2_ai_exploratory_unranked
koreamed,REC-KOREAMED-2317763,A1,2317763,Sudden Hemiplegia by Epidural Hematoma in a Patient Treated with Warfarin and Therapeutic Range International Normalized Ratio,ai_unranked_source_candidate,retrieved_by_preserved_source_query; no dual-profile classifier available,,design_pilot_complete_display_native_export_server_error_not_final_search,https://www.koreamed.org/SearchBasic.php?RID=2317763,ai_exploratory_only,false,false,protocol_v2_ai_exploratory_unranked
koreamed,REC-KOREAMED-2366166,A1,2366166,The Persistence of Non-Vitamin K Antagonist Oral Anticoagulants in Korean Patients with Non-Valvular Atrial Fibrillation,ai_unranked_source_candidate,retrieved_by_preserved_source_query; no dual-profile classifier available,,design_pilot_complete_display_native_export_server_error_not_final_search,https://www.koreamed.org/SearchBasic.php?RID=2366166,ai_exploratory_only,false,false,protocol_v2_ai_exploratory_unranked
koreamed,REC-KOREAMED-2368397,A1,2368397,"Epidemiology, Risk Factors, and Clinical Features of Intracerebral Hemorrhage: An Update",ai_unranked_source_candidate,retrieved_by_preserved_source_query; no dual-profile classifier available,,design_pilot_complete_display_native_export_server_error_not_final_search,https://www.koreamed.org/SearchBasic.php?RID=2368397,ai_exploratory_only,false,false,protocol_v2_ai_exploratory_unranked
koreamed,REC-KOREAMED-2368399,A1,2368399,Spontaneous Intracerebral Hemorrhage: Management,ai_unranked_source_candidate,retrieved_by_preserved_source_query; no dual-profile classifier available,,design_pilot_complete_display_native_export_server_error_not_final_search,https://www.koreamed.org/SearchBasic.php?RID=2368399,ai_exploratory_only,false,false,protocol_v2_ai_exploratory_unranked
koreamed,REC-KOREAMED-2373642,A1,2373642,Clinical Pharmacogenetic Testing and Application: Laboratory Medicine Clinical Practice Guidelines,ai_unranked_source_candidate,retrieved_by_preserved_source_query; no dual-profile classifier available,,design_pilot_complete_display_native_export_server_error_not_final_search,https://www.koreamed.org/SearchBasic.php?RID=2373642,ai_exploratory_only,false,false,protocol_v2_ai_exploratory_unranked
koreamed,REC-KOREAMED-2374082,A1,2374082,Development and Comparison of Warfarin Dosing Algorithms in Stroke Patients,ai_unranked_source_candidate,retrieved_by_preserved_source_query; no dual-profile classifier available,,design_pilot_complete_display_native_export_server_error_not_final_search,https://www.koreamed.org/SearchBasic.php?RID=2374082,ai_exploratory_only,false,false,protocol_v2_ai_exploratory_unranked
koreamed,REC-KOREAMED-2377723,A1,2377723,The Perioperative Management of Antithrombotic Therapies Using Enoxaparin,ai_unranked_source_candidate,retrieved_by_preserved_source_query; no dual-profile classifier available,,design_pilot_complete_display_native_export_server_error_not_final_search,https://www.koreamed.org/SearchBasic.php?RID=2377723,ai_exploratory_only,false,false,protocol_v2_ai_exploratory_unranked
koreamed,REC-KOREAMED-2378089,A1,2378089,Rivaroxaban for Thromboprophylaxis in Patients with Antiphospholipid Syndrome,ai_unranked_source_candidate,retrieved_by_preserved_source_query; no dual-profile classifier available,,design_pilot_complete_display_native_export_server_error_not_final_search,https://www.koreamed.org/SearchBasic.php?RID=2378089,ai_exploratory_only,false,false,protocol_v2_ai_exploratory_unranked
koreamed,REC-KOREAMED-2383663,A1,2383663,CYP2C9 Mutation Affecting the Individual Variability of Warfarin Dose Requirement,ai_unranked_source_candidate,retrieved_by_preserved_source_query; no dual-profile classifier available,,design_pilot_complete_display_native_export_server_error_not_final_search,https://www.koreamed.org/SearchBasic.php?RID=2383663,ai_exploratory_only,false,false,protocol_v2_ai_exploratory_unranked
koreamed,REC-KOREAMED-2386080,A1,2386080,Association Between Usual Vitamin K Intake and Anticoagulation in Patients Under Warfarin Therapy,ai_unranked_source_candidate,retrieved_by_preserved_source_query; no dual-profile classifier available,,design_pilot_complete_display_native_export_server_error_not_final_search,https://www.koreamed.org/SearchBasic.php?RID=2386080,ai_exploratory_only,false,false,protocol_v2_ai_exploratory_unranked
koreamed,REC-KOREAMED-2396475,A1,2396475,Real-world Data and Recommended Dosage of Non-vitamin K Oral Anticoagulants for Korean Patients,ai_unranked_source_candidate,retrieved_by_preserved_source_query; no dual-profile classifier available,,design_pilot_complete_display_native_export_server_error_not_final_search,https://www.koreamed.org/SearchBasic.php?RID=2396475,ai_exploratory_only,false,false,protocol_v2_ai_exploratory_unranked
koreamed,REC-KOREAMED-2414909,A1,2414909,Effect of Non-vitamin K Antagonist Oral Anticoagulants in Atrial Fibrillation Patients with Newly Diagnosed Cancer,ai_unranked_source_candidate,retrieved_by_preserved_source_query; no dual-profile classifier available,,design_pilot_complete_display_native_export_server_error_not_final_search,https://www.koreamed.org/SearchBasic.php?RID=2414909,ai_exploratory_only,false,false,protocol_v2_ai_exploratory_unranked
koreamed,REC-KOREAMED-2415445,A1,2415445,Impact of the Health Insurance Coverage Policy on Oral Anticoagulant Prescription among Patients with Atrial Fibrillation in Korea from 2014 to 2016,ai_unranked_source_candidate,retrieved_by_preserved_source_query; no dual-profile classifier available,,design_pilot_complete_display_native_export_server_error_not_final_search,https://www.koreamed.org/SearchBasic.php?RID=2415445,ai_exploratory_only,false,false,protocol_v2_ai_exploratory_unranked
koreamed,REC-KOREAMED-2420640,A1,2420640,Anticoagulation for Stroke Prevention in Older Adults with Atrial Fibrillation and Comorbidity: Current Evidence and Treatment Challenges,ai_unranked_source_candidate,retrieved_by_preserved_source_query; no dual-profile classifier available,,design_pilot_complete_display_native_export_server_error_not_final_search,https://www.koreamed.org/SearchBasic.php?RID=2420640,ai_exploratory_only,false,false,protocol_v2_ai_exploratory_unranked
koreamed,REC-KOREAMED-2424435,A1,2424435,Heart Failure as a Risk Factor for Stroke,ai_unranked_source_candidate,retrieved_by_preserved_source_query; no dual-profile classifier available,,design_pilot_complete_display_native_export_server_error_not_final_search,https://www.koreamed.org/SearchBasic.php?RID=2424435,ai_exploratory_only,false,false,protocol_v2_ai_exploratory_unranked
koreamed,REC-KOREAMED-2434954,A1,2434954,Adaptation of New Oral Anticoagulants for Warfarin Anticoagulated Patient with Traumatic Ongoing Hemorrhage,ai_unranked_source_candidate,retrieved_by_preserved_source_query; no dual-profile classifier available,,design_pilot_complete_display_native_export_server_error_not_final_search,https://www.koreamed.org/SearchBasic.php?RID=2434954,ai_exploratory_only,false,false,protocol_v2_ai_exploratory_unranked
koreamed,REC-KOREAMED-2435176,A1,2435176,2018 KHRS Expert Consensus Recommendation for Oral Anticoagulants Choice and Appropriate Doses: Specific Situation and High Risk Patients,ai_unranked_source_candidate,retrieved_by_preserved_source_query; no dual-profile classifier available,,design_pilot_complete_display_native_export_server_error_not_final_search,https://www.koreamed.org/SearchBasic.php?RID=2435176,ai_exploratory_only,false,false,protocol_v2_ai_exploratory_unranked
koreamed,REC-KOREAMED-2438027,A1,2438027,The 2018 Korean Heart Rhythm Society Practical Guidelines on the use of Non-Vitamin K-Antagonist Oral Anticoagulants: Bleeding Control and Perioperative Management,ai_unranked_source_candidate,retrieved_by_preserved_source_query; no dual-profile classifier available,,design_pilot_complete_display_native_export_server_error_not_final_search,https://www.koreamed.org/SearchBasic.php?RID=2438027,ai_exploratory_only,false,false,protocol_v2_ai_exploratory_unranked
koreamed,REC-KOREAMED-2447752,A1,2447752,Antithrombotic Strategy in Atrial Fibrillation Patients Undergoing Percutaneous Coronary Intervention,ai_unranked_source_candidate,retrieved_by_preserved_source_query; no dual-profile classifier available,,design_pilot_complete_display_native_export_server_error_not_final_search,https://www.koreamed.org/SearchBasic.php?RID=2447752,ai_exploratory_only,false,false,protocol_v2_ai_exploratory_unranked
koreamed,REC-KOREAMED-2454676,A1,2454676,Korean Heart Rhythm Society 2019 Practical Guidelines on Antithrombotic Therapy for AF Patients Undergoing Percutaneous Coronary Intervention or Structural Heart Disease Intervention,ai_unranked_source_candidate,retrieved_by_preserved_source_query; no dual-profile classifier available,,design_pilot_complete_display_native_export_server_error_not_final_search,https://www.koreamed.org/SearchBasic.php?RID=2454676,ai_exploratory_only,false,false,protocol_v2_ai_exploratory_unranked
koreamed,REC-KOREAMED-2454974,A1,2454974,Management of antithrombotic agents and current issues in patients undergoing endoscopic submucosal dissection,ai_unranked_source_candidate,retrieved_by_preserved_source_query; no dual-profile classifier available,,design_pilot_complete_display_native_export_server_error_not_final_search,https://www.koreamed.org/SearchBasic.php?RID=2454974,ai_exploratory_only,false,false,protocol_v2_ai_exploratory_unranked
koreamed,REC-KOREAMED-2501991,A1,2501991,A prospective survey of the persistence of warfarin or NOAC in nonvalvular atrial fibrillation: a COmparison study of Drugs for symptom control and complication prEvention of Atrial Fibrillation (CODE-AF),ai_unranked_source_candidate,retrieved_by_preserved_source_query; no dual-profile classifier available,,design_pilot_complete_display_native_export_server_error_not_final_search,https://www.koreamed.org/SearchBasic.php?RID=2501991,ai_exploratory_only,false,false,protocol_v2_ai_exploratory_unranked
koreamed,REC-KOREAMED-2502300,A1,2502300,A Large Defect on Nasal Dorsum Treated by Secondary Intention Healing,ai_unranked_source_candidate,retrieved_by_preserved_source_query; no dual-profile classifier available,,design_pilot_complete_display_native_export_server_error_not_final_search,https://www.koreamed.org/SearchBasic.php?RID=2502300,ai_exploratory_only,false,false,protocol_v2_ai_exploratory_unranked
koreamed,REC-KOREAMED-2505374,A1,2505374,Concomitant Use of NSAIDs or SSRIs with NOACs Requires Monitoring for Bleeding,ai_unranked_source_candidate,retrieved_by_preserved_source_query; no dual-profile classifier available,,design_pilot_complete_display_native_export_server_error_not_final_search,https://www.koreamed.org/SearchBasic.php?RID=2505374,ai_exploratory_only,false,false,protocol_v2_ai_exploratory_unranked
koreamed,REC-KOREAMED-2508178,A1,2508178,Perioperative outcomes of interrupted anticoagulation in patients with non-valvular atrial fibrillation undergoing non-cardiac surgery,ai_unranked_source_candidate,retrieved_by_preserved_source_query; no dual-profile classifier available,,design_pilot_complete_display_native_export_server_error_not_final_search,https://www.koreamed.org/SearchBasic.php?RID=2508178,ai_exploratory_only,false,false,protocol_v2_ai_exploratory_unranked
koreamed,REC-KOREAMED-2514538,A1,2514538,Risk for osteoporotic fractures in patients with atrial fibrillation using different oral anticoagulants,ai_unranked_source_candidate,retrieved_by_preserved_source_query; no dual-profile classifier available,,design_pilot_complete_display_native_export_server_error_not_final_search,https://www.koreamed.org/SearchBasic.php?RID=2514538,ai_exploratory_only,false,false,protocol_v2_ai_exploratory_unranked
koreamed,REC-KOREAMED-2514634,A1,2514634,Prevention of Dementia in Patients with Atrial Fibrillation,ai_unranked_source_candidate,retrieved_by_preserved_source_query; no dual-profile classifier available,,design_pilot_complete_display_native_export_server_error_not_final_search,https://www.koreamed.org/SearchBasic.php?RID=2514634,ai_exploratory_only,false,false,protocol_v2_ai_exploratory_unranked
koreamed,REC-KOREAMED-2515764,A1,2515764,Impact of Non-Vitamin K Antagonist Oral Anticoagulants on the Change of Antithrombotic Regimens in Patients with Atrial Fibrillation Undergoing Percutaneous Coronary Intervention,ai_unranked_source_candidate,retrieved_by_preserved_source_query; no dual-profile classifier available,,design_pilot_complete_display_native_export_server_error_not_final_search,https://www.koreamed.org/SearchBasic.php?RID=2515764,ai_exploratory_only,false,false,protocol_v2_ai_exploratory_unranked
koreamed,REC-KOREAMED-2517492,A1,2517492,Percutaneous Left Atrial Appendage Occlusion Yields Favorable Neurological Outcomes in Patients with Non-Valvular Atrial Fibrillation,ai_unranked_source_candidate,retrieved_by_preserved_source_query; no dual-profile classifier available,,design_pilot_complete_display_native_export_server_error_not_final_search,https://www.koreamed.org/SearchBasic.php?RID=2517492,ai_exploratory_only,false,false,protocol_v2_ai_exploratory_unranked
koreamed,REC-KOREAMED-2517602,A1,2517602,Clinical utilization of four-factor prothrombin complex concentrate: a retrospective single center study,ai_unranked_source_candidate,retrieved_by_preserved_source_query; no dual-profile classifier available,,design_pilot_complete_display_native_export_server_error_not_final_search,https://www.koreamed.org/SearchBasic.php?RID=2517602,ai_exploratory_only,false,false,protocol_v2_ai_exploratory_unranked
koreamed,REC-KOREAMED-2521066,A1,2521066,Lower dementia risk with anticoagulation and ablation in patients with atrial fibrillation,ai_unranked_source_candidate,retrieved_by_preserved_source_query; no dual-profile classifier available,,design_pilot_complete_display_native_export_server_error_not_final_search,https://www.koreamed.org/SearchBasic.php?RID=2521066,ai_exploratory_only,false,false,protocol_v2_ai_exploratory_unranked
koreamed,REC-KOREAMED-2525372,A1,2525372,2021 Korean Heart Rhythm Society Guidelines for Catheter or Surgical Ablation of Atrial Fibrillation,ai_unranked_source_candidate,retrieved_by_preserved_source_query; no dual-profile classifier available,,design_pilot_complete_display_native_export_server_error_not_final_search,https://www.koreamed.org/SearchBasic.php?RID=2525372,ai_exploratory_only,false,false,protocol_v2_ai_exploratory_unranked
koreamed,REC-KOREAMED-2527512,A1,2527512,Stroke and Systemic Thromboembolism according to CHA 2 DS 2 -VASc Score in Contemporary Korean Patients with Atrial Fibrillation,ai_unranked_source_candidate,retrieved_by_preserved_source_query; no dual-profile classifier available,,design_pilot_complete_display_native_export_server_error_not_final_search,https://www.koreamed.org/SearchBasic.php?RID=2527512,ai_exploratory_only,false,false,protocol_v2_ai_exploratory_unranked
koreamed,REC-KOREAMED-2527871,A1,2527871,Underutilization of anticoagulants in patients with nonvalvular atrial fibrillation in the era of non‑vitamin K antagonist oral anticoagulants,ai_unranked_source_candidate,retrieved_by_preserved_source_query; no dual-profile classifier available,,design_pilot_complete_display_native_export_server_error_not_final_search,https://www.koreamed.org/SearchBasic.php?RID=2527871,ai_exploratory_only,false,false,protocol_v2_ai_exploratory_unranked
koreamed,REC-KOREAMED-2532139,A1,2532139,Pharmacotherapy for pulmonary embolism: new anticoagulants,ai_unranked_source_candidate,retrieved_by_preserved_source_query; no dual-profile classifier available,,design_pilot_complete_display_native_export_server_error_not_final_search,https://www.koreamed.org/SearchBasic.php?RID=2532139,ai_exploratory_only,false,false,protocol_v2_ai_exploratory_unranked
koreamed,REC-KOREAMED-2533903,A1,2533903,Impact of ABCB1 C3435T Polymorphism on Treatment Response of Vitamin K Antagonists: A Systematic Review and Meta-analysis,ai_unranked_source_candidate,retrieved_by_preserved_source_query; no dual-profile classifier available,,design_pilot_complete_display_native_export_server_error_not_final_search,https://www.koreamed.org/SearchBasic.php?RID=2533903,ai_exploratory_only,false,false,protocol_v2_ai_exploratory_unranked
koreamed,REC-KOREAMED-2535822,A1,2535822,Gastrointestinal bleeding risk of non-vitamin K antagonist oral anticoagulants versus warfarin in general and after polypectomy: a population-based study with propensity score matching analysis,ai_unranked_source_candidate,retrieved_by_preserved_source_query; no dual-profile classifier available,,design_pilot_complete_display_native_export_server_error_not_final_search,https://www.koreamed.org/SearchBasic.php?RID=2535822,ai_exploratory_only,false,false,protocol_v2_ai_exploratory_unranked
koreamed,REC-KOREAMED-2536731,A1,2536731,Outcomes of On-Label Reduced-Dose Edoxaban in Patients With Atrial Fibrillation: The LEDIOS Registry,ai_unranked_source_candidate,retrieved_by_preserved_source_query; no dual-profile classifier available,,design_pilot_complete_display_native_export_server_error_not_final_search,https://www.koreamed.org/SearchBasic.php?RID=2536731,ai_exploratory_only,false,false,protocol_v2_ai_exploratory_unranked
koreamed,REC-KOREAMED-2536967,A1,2536967,Dose Selection of Non-Vitamin K Antagonist Oral Anticoagulants in Korean Patients with Non-Valvular Atrial Fibrillation,ai_unranked_source_candidate,retrieved_by_preserved_source_query; no dual-profile classifier available,,design_pilot_complete_display_native_export_server_error_not_final_search,https://www.koreamed.org/SearchBasic.php?RID=2536967,ai_exploratory_only,false,false,protocol_v2_ai_exploratory_unranked
koreamed,REC-KOREAMED-2540071,A1,2540071,Comparison of Early Complications of Oral Anticoagulants after Totally Thoracoscopic Ablation: Warfarin versus Non-vitamin K Antagonist Oral Anticoagulants,ai_unranked_source_candidate,retrieved_by_preserved_source_query; no dual-profile classifier available,,design_pilot_complete_display_native_export_server_error_not_final_search,https://www.koreamed.org/SearchBasic.php?RID=2540071,ai_exploratory_only,false,false,protocol_v2_ai_exploratory_unranked
koreamed,REC-KOREAMED-2545685,A1,2545685,Low-dose non-vitamin K antagonist oral anticoagulants in patients with atrial fibrillation,ai_unranked_source_candidate,retrieved_by_preserved_source_query; no dual-profile classifier available,,design_pilot_complete_display_native_export_server_error_not_final_search,https://www.koreamed.org/SearchBasic.php?RID=2545685,ai_exploratory_only,false,false,protocol_v2_ai_exploratory_unranked
koreamed,REC-KOREAMED-2551951,A1,2551951,Comparison of the International Normalized Ratio Between a Point-of-Care Test and a Conventional Laboratory Test: the Latter Performs Better in Assessing Warfarin-induced Changes in Coagulation Factors,ai_unranked_source_candidate,retrieved_by_preserved_source_query; no dual-profile classifier available,,design_pilot_complete_display_native_export_server_error_not_final_search,https://www.koreamed.org/SearchBasic.php?RID=2551951,ai_exploratory_only,false,false,protocol_v2_ai_exploratory_unranked
koreamed,REC-KOREAMED-2559703,A1,2559703,"Atrial fibrillation fact sheet in Korea 2024:
part 2—stroke prevention in Korean patients with atrial fibrillation",ai_unranked_source_candidate,retrieved_by_preserved_source_query; no dual-profile classifier available,,design_pilot_complete_display_native_export_server_error_not_final_search,https://www.koreamed.org/SearchBasic.php?RID=2559703,ai_exploratory_only,false,false,protocol_v2_ai_exploratory_unranked
koreamed,REC-KOREAMED-2559774,A1,2559774,Direct Oral Anticoagulants in Antiphospholipid Syndrome-Associated Venous Thromboembolism: Real World Evidence,ai_unranked_source_candidate,retrieved_by_preserved_source_query; no dual-profile classifier available,,design_pilot_complete_display_native_export_server_error_not_final_search,https://www.koreamed.org/SearchBasic.php?RID=2559774,ai_exploratory_only,false,false,protocol_v2_ai_exploratory_unranked
koreamed,REC-KOREAMED-2563795,A1,2563795,"The Efficacy and Safety of NOAC in Very Elderly Atrial Fibrillation Patients:
Data From the Korean National Health Insurance Cohort Registry",ai_unranked_source_candidate,retrieved_by_preserved_source_query; no dual-profile classifier available,,design_pilot_complete_display_native_export_server_error_not_final_search,https://www.koreamed.org/SearchBasic.php?RID=2563795,ai_exploratory_only,false,false,protocol_v2_ai_exploratory_unranked
koreamed,REC-KOREAMED-2578062,A1,2578062,Timing for the Resumption of Anticoagulants after Intracranial Hemorrhage,ai_unranked_source_candidate,retrieved_by_preserved_source_query; no dual-profile classifier available,,design_pilot_complete_display_native_export_server_error_not_final_search,https://www.koreamed.org/SearchBasic.php?RID=2578062,ai_exploratory_only,false,false,protocol_v2_ai_exploratory_unranked
koreamed,REC-KOREAMED-2581908,A1,2581908,"Erratum to “Concomitant Use of NSAIDs or SSRIs with NOACs Requires Monitoring for Bleeding” by Lee MT, et al. (Yonsei Med J 2020;61(9):741-749)",ai_unranked_source_candidate,retrieved_by_preserved_source_query; no dual-profile classifier available,,design_pilot_complete_display_native_export_server_error_not_final_search,https://www.koreamed.org/SearchBasic.php?RID=2581908,ai_exploratory_only,false,false,protocol_v2_ai_exploratory_unranked
