question_id,record_id,source,provider_id,title,abstract,authors,year,venue,publication_types,doi,url,screening_decision,regex_passed,source_scope,locator,locator_text,dose,outcome,key_finding,population,priority_score,raw_source_path,raw_source_sha256,extracted_effect_value,extracted_effect_status,status
HRS1_PERIOPERATIVE,pubmed:36580029,pubmed,36580029,Benefits of pre-operative oral Sucrosomial® iron supplementation in cardiac surgery: influence of patient's baseline hemoglobin and gender.,"BACKGROUND: The prevalence of low pre-operative hemoglobin (Hb) among cardiac surgery patients is high. As iron homeostasis is often impaired in these patients, restoration of iron availability might over-ride iron-restricted erythropoiesis. This post-hoc analysis of a previously published, large, randomized clinical trial (ClincalTrials.gov NCT03560687; n=1,000) assesses which sub-cohort of patients benefits the most from pre-operative Hb optimization with oral Sucrosomial® iron.
MATERIALS AND METHODS: Patients without baseline Hb (n=349) or receiving >5 red blood cell units (n=57) were excluded from the study. Data from the remaining 594 were reanalyzed according to treatment, baseline anemia (Hb <13 g/dL) or gender. Patients (pt) received a one-month course of 60 mg/day Sucrosomial® iron (Iron group, n=309) or routine care (Control group, n=285) prior to elective cardiac surgery. Main end-point variables were increase in Hb from randomization to hospital admission, transfusion requirements, and cost-effectiveness of Sucrosomial® iron administration.
RESULTS: At hospital admission, Hb had increased 0.7 g/dL and 0.1 g/dL, for Iron and Control groups, respectively (p<0.001), with no gender-related differences, leading to a decrease in transfusion rate (30 vs 59%, respectively; p<0.001) and transfusion index (0.5 units/patient vs 1.2 units/pt, respectively; p<0.001). Sucrosomial® iron administration was well-tolerated, and yielded cost-savings of €92/pt (p<0.001), particularly in those presenting with baseline Hb <13 g/dL.
CONCLUSIONS: This post-hoc analysis confirms pre-operative Sucrosomial® iron administration is a safe and cost-effective strategy to increase preoperative Hb and decrease transfusion requirements in elective cardiac surgery, especially in those anemic at baseline.",Weltert LP; De Rosa A; Rondinelli MB; Falco M; Turani F; Pierelli L,2023,Blood transfusion = Trasfusione del sangue,Randomized Controlled Trial|Journal Article,10.2450/2022.0222-22,https://pubmed.ncbi.nlm.nih.gov/36580029/,retain,true,abstract_only,ABSTRACT_SENTENCE_8,"RESULTS: At hospital admission, Hb had increased 0.7 g/dL and 0.1 g/dL, for Iron and Control groups, respectively (p<0.001), with no gender-related differences, leading to a decrease in transfusion rate (30 vs 59%, respectively; p<0.001) and transfusion index (0.5 units/patient vs 1.2 units/pt, respectively; p<0.001).",13 g/d | 60 mg/d | 0.7 g/d | 0.1 g/d | 0.5 units | 1.2 units,"Main end-point variables were increase in Hb from randomization to hospital admission, transfusion requirements, and cost-effectiveness of Sucrosomial® iron administration. | RESULTS: At hospital admission, Hb had increased 0.7 g/dL and 0.1 g/dL, for Iron and Control groups, respectively (p<0.001), with no gender-related differences, leading to a decrease in transfusion rate (30 vs 59%, respectively; p<0.001) and transfusion index (0.5 units/patient vs 1.2 units/pt, respectively; p<0.001). | CONCLUSIONS: This post-hoc analysis confirms pre-operative Sucrosomial® iron administration is a safe and cost-effective strategy to increase preoperative Hb and decrease transfusion requirements in elective cardiac surgery, especially in those anemic at baseline.","RESULTS: At hospital admission, Hb had increased 0.7 g/dL and 0.1 g/dL, for Iron and Control groups, respectively (p<0.001), with no gender-related differences, leading to a decrease in transfusion rate (30 vs 59%, respectively; p<0.001) and transfusion index (0.5 units/patient vs 1.2 units/pt, respectively; p<0.001).","BACKGROUND: The prevalence of low pre-operative hemoglobin (Hb) among cardiac surgery patients is high. | Patients (pt) received a one-month course of 60 mg/day Sucrosomial® iron (Iron group, n=309) or routine care (Control group, n=285) prior to elective cardiac surgery. | CONCLUSIONS: This post-hoc analysis confirms pre-operative Sucrosomial® iron administration is a safe and cost-effective strategy to increase preoperative Hb and decrease transfusion requirements in elective cardiac surgery, especially in those anemic at baseline.",22,research/searches_v3/HRS1_PERIOPERATIVE/pubmed/20260726T163628Z/efetch_001.xml,d16494b4ef867995123d4af928ed406abcaca3ecc3aa1bb53d5fadffe8f26f2b,,not_observed,ai_screened_regex_confirmed
HRS1_PERIOPERATIVE,pubmed:26342151,pubmed,26342151,Iron therapy for the treatment of preoperative anaemia in patients with colorectal carcinoma: a systematic review.,"AIM: Preoperative anaemia is associated with increased morbidity and mortality. The aim of this systematic review is to evaluate the efficacy of preoperative iron supplementation in the treatment of anaemia, and its effect on the postoperative recovery of patients undergoing surgery for colorectal carcinoma.
METHOD: This systematic review was performed using MEDLINE, EMBASE and the Cochrane library to assess current evidence on the role of iron supplementation in the treatment of preoperative anaemia. Our main outcomes were absolute increase in haemoglobin, blood transfusion rate and postoperative morbidity. Main inclusion criteria were: preoperative iron supplementation, presence of colorectal carcinoma and elective surgery. The Downs-Black questionnaire was used for quality assessment of the included studies.
RESULTS: Of the 605 studies analysed, seven, three randomized controlled trials and four cohort studies, were included. Despite iron supplementation, the three randomized controlled trials showed a decrease in haemoglobin level. This was contrary to the four cohort studies which all showed a significant increase. All studies showed a decreased blood transfusion rate following iron supplementation. None of the included studies assessed postoperative morbidity. Due to heterogeneity in study design, duration of treatment, dosages and variation in iron substrates, we were unable to perform a meta-analysis.
CONCLUSION: In anaemic patients who require surgery for colorectal carcinoma, current evidence is of inadequate quality to draw a definitive conclusion on the efficacy of the various measures to treat preoperative anaemia.",Borstlap WA; Stellingwerf ME; Moolla Z; Musters GD; Buskens CJ; Tanis PJ; Bemelman WA,2015,Colorectal disease : the official journal of the Association of Coloproctology of Great Britain and Ireland,Journal Article|Systematic Review,10.1111/codi.13110,https://pubmed.ncbi.nlm.nih.gov/26342151/,retain,true,abstract_only,ABSTRACT_SENTENCE_1,AIM: Preoperative anaemia is associated with increased morbidity and mortality.,,"AIM: Preoperative anaemia is associated with increased morbidity and mortality. | Our main outcomes were absolute increase in haemoglobin, blood transfusion rate and postoperative morbidity. | All studies showed a decreased blood transfusion rate following iron supplementation.",AIM: Preoperative anaemia is associated with increased morbidity and mortality.,"AIM: Preoperative anaemia is associated with increased morbidity and mortality. | The aim of this systematic review is to evaluate the efficacy of preoperative iron supplementation in the treatment of anaemia, and its effect on the postoperative recovery of patients undergoing surgery for colorectal carcinoma. | METHOD: This systematic review was performed using MEDLINE, EMBASE and the Cochrane library to assess current evidence on the role of iron supplementation in the treatment of preoperative anaemia.",21,research/searches_v3/HRS1_PERIOPERATIVE/pubmed/20260726T163628Z/efetch_001.xml,d16494b4ef867995123d4af928ed406abcaca3ecc3aa1bb53d5fadffe8f26f2b,,not_observed,ai_screened_regex_confirmed
HRS1_PERIOPERATIVE,pubmed:2842680,pubmed,2842680,Reduction in the rate of early restenosis after coronary angioplasty by a diet supplemented with n-3 fatty acids.,"To determine the safety and benefit of n-3 fatty acid therapy in the prevention of early restenosis after coronary angioplasty, we conducted a randomized, unblinded study comparing a conventional antiplatelet regimen (325 mg of aspirin and 225 mg of dipyridamole per day; control group) with a similar regimen supplemented with 3.2 g of eicosapentaenoic acid per day (treatment group). Treatment began seven days before angioplasty and continued for six months afterward. All angiographic analyses were blinded and performed by a method that was validated by comparison with quantitative coronary angiography. In 82 male patients, 103 coronary lesions were dilated. Both groups had similar base-line clinical and angiographic characteristics. The incidence of early vessel restenosis, as determined on a second angiogram three to four months after angioplasty, was 36 percent in the control group and 16 percent in the treatment group (P = 0.026). The incidence of restenosis per patient was also significantly lower in the treatment group (46 vs. 19 percent). Both multiple logistic regression and Mantel-Haenszel statistical analyses demonstrated a significant independent benefit of treatment with n-3 fatty acids. No important bleeding complications developed in the treated patients. These results, in a male population at relatively high risk for restenosis, suggest that a dietary supplement of n-3 fatty acids, administered for one week before and for six months after coronary angioplasty, is safe and reduces the occurrence of early restenosis after that procedure. Whether this beneficial effect also applies to other populations is unknown.",Dehmer GJ; Popma JJ; van den Berg EK; Eichhorn EJ; Prewitt JB; Campbell WB; Jennings L; Willerson JT; Schmitz JM,1988,The New England journal of medicine,"Clinical Trial|Comparative Study|Journal Article|Randomized Controlled Trial|Research Support, Non-U.S. Gov't|Research Support, U.S. Gov't, Non-P.H.S.|Research Support, U.S. Gov't, P.H.S.",10.1056/NEJM198809223191201,https://pubmed.ncbi.nlm.nih.gov/2842680/,retain,true,abstract_only,ABSTRACT_SENTENCE_10,No important bleeding complications developed in the treated patients.,325 mg | 225 mg | 3.2 g,No important bleeding complications developed in the treated patients.,No important bleeding complications developed in the treated patients.,"These results, in a male population at relatively high risk for restenosis, suggest that a dietary supplement of n-3 fatty acids, administered for one week before and for six months after coronary angioplasty, is safe and reduces the occurrence of early restenosis after that procedure.",19,research/searches_v3/HRS1_PERIOPERATIVE/pubmed/20260726T163628Z/efetch_002.xml,1ab0cfb1821f719d121490b636551cfc1f4489a4bffbab30b2a7f4c44c2a48fb,,not_observed,ai_screened_regex_confirmed
HRS1_PERIOPERATIVE,pubmed:30571332,pubmed,30571332,Fish Oil and Perioperative Bleeding.,"Background Fish oil is among the most common natural supplements for treatment of hypertriglyceridemia or prevention of cardiovascular disease. However, concerns about theoretical bleeding risk have led to recommendations that patients should stop taking fish oil before surgery or delay in elective procedures for patients taking fish oil by some health care professionals. Methods and Results We tested the effect of fish oil supplementation on perioperative bleeding in a multinational, placebo-controlled trial involving 1516 patients who were randomized to perioperative fish oil (eicosapentaenoic acid+docosahexaenoic acid; 8-10 g for 2-5 days preoperatively, and then 2 g/d postoperatively) or placebo. Primary outcome was major perioperative bleeding as defined by the Bleeding Academic Research Consortium. Secondary outcomes include perioperative bleeding per thrombolysis in myocardial infarction and International Society on Thrombosis and Hemostasis definitions, chest tube output, and total units of blood transfused. Participants' mean (SD) age was 63 (13) years, and planned surgery included coronary artery bypass graft (52%) and valve surgery (50%). The primary outcome occurred in 92 patients (6.1%). Compared with placebo, risk of Bleeding Academic Research Consortium bleeding was not higher in the fish oil group: odds ratio, 0.81; 95% CI, 0.53-1.24; absolute risk difference, 1.1% lower (95% CI, -3.0% to 1.8%). Similar findings were seen for secondary bleeding definitions. The total units of blood transfused were significantly lower in the fish oil group compared with placebo (mean, 1.61 versus 1.92; P<0.001). Evaluating achieved plasma phospholipid omega-3 polyunsaturated fatty acids levels with supplementation (on the morning of surgery), higher levels were associated with lower risk of Bleeding Academic Research Consortium bleeding, with substantially lower risk in the third (odds ratio, 0.30 [95% CI, 0.11-0.78]) and fourth (0.36 [95% CI, 0.15-0.87]) quartiles, compared with the lowest quartile. Conclusions Fish oil supplementation did not increase perioperative bleeding and reduced the number of blood transfusions. Higher achieved n-3-PUFA levels were associated with lower risk of bleeding. These novel findings support the need for reconsideration of current recommendations to stop fish oil or delay procedures before cardiac surgery. Clinical Trial Registration URL: https://www.clinicaltrials.gov . Unique identifier: NCT00970489.",Akintoye E; Sethi P; Harris WS; Thompson PA; Marchioli R; Tavazzi L; Latini R; Pretorius M; Brown NJ; Libby P; Mozaffarian D,2018,Circulation. Cardiovascular quality and outcomes,Journal Article|Multicenter Study|Randomized Controlled Trial,10.1161/CIRCOUTCOMES.118.004584,https://pubmed.ncbi.nlm.nih.gov/30571332/,retain,true,abstract_only,ABSTRACT_SENTENCE_3,"Methods and Results We tested the effect of fish oil supplementation on perioperative bleeding in a multinational, placebo-controlled trial involving 1516 patients who were randomized to perioperative fish oil (eicosapentaenoic acid+docosahexaenoic acid; 8-10 g for 2-5 days preoperatively, and then 2 g/d postoperatively) or placebo.",8-10 g | 2 g/d,"However, concerns about theoretical bleeding risk have led to recommendations that patients should stop taking fish oil before surgery or delay in elective procedures for patients taking fish oil by some health care professionals. | Methods and Results We tested the effect of fish oil supplementation on perioperative bleeding in a multinational, placebo-controlled trial involving 1516 patients who were randomized to perioperative fish oil (eicosapentaenoic acid+docosahexaenoic acid; 8-10 g for 2-5 days preoperatively, and then 2 g/d postoperatively) or placebo. | Primary outcome was major perioperative bleeding as defined by the Bleeding Academic Research Consortium.","Methods and Results We tested the effect of fish oil supplementation on perioperative bleeding in a multinational, placebo-controlled trial involving 1516 patients who were randomized to perioperative fish oil (eicosapentaenoic acid+docosahexaenoic acid; 8-10 g for 2-5 days preoperatively, and then 2 g/d postoperatively) or placebo.","However, concerns about theoretical bleeding risk have led to recommendations that patients should stop taking fish oil before surgery or delay in elective procedures for patients taking fish oil by some health care professionals. | Methods and Results We tested the effect of fish oil supplementation on perioperative bleeding in a multinational, placebo-controlled trial involving 1516 patients who were randomized to perioperative fish oil (eicosapentaenoic acid+docosahexaenoic acid; 8-10 g for 2-5 days preoperatively, and then 2 g/d postoperatively) or placebo. | Primary outcome was major perioperative bleeding as defined by the Bleeding Academic Research Consortium.",18,research/searches_v3/HRS1_PERIOPERATIVE/pubmed/20260726T163628Z/efetch_001.xml,d16494b4ef867995123d4af928ed406abcaca3ecc3aa1bb53d5fadffe8f26f2b,,not_observed,ai_screened_regex_confirmed
HRS1_PERIOPERATIVE,pubmed:24039820,pubmed,24039820,Fish oil and atrial fibrillation after cardiac surgery: a meta-analysis of randomized controlled trials.,"BACKGROUND: Influence of fish oil supplementation on postoperative atrial fibrillation (POAF) was inconsistent according to published clinical trials. The aim of the meta-analysis was to evaluate the effects of perioperative fish oil supplementation on the incidence of POAF after cardiac surgery.
METHODS: Pubmed, Embase and the Cochrane Library databases were searched. Randomized controlled trials (RCTs) assessing perioperative fish oil supplementation for patients undergoing cardiac surgery were identified. Data concerning study design, patient characteristics, and outcomes were extracted. Risk ratio (RR) and weighted mean differences (WMD) were calculated using fixed or random effects models.
RESULTS: Eight RCTs involving 2687 patients were included. Perioperative supplementation of fish oil did not significantly reduce the incidence of POAF (RR = 0.86, 95%CI 0.71 to 1.03, p = 0.11) or length of hospitalization after surgery (WMD = 0.10 days, 95% CI: 0.48 to 0.67 days, p = 0.75). Fish oil supplementation also did not affect the perioperative mortality, incidence of major bleeding or the length of stay in the intensive care unit. Meta-regression and subgroup analyses indicated mean DHA dose in the supplements may be a potential modifier for the effects of fish oil for POAF. For supplements with DHA >1 g/d, fish oil significantly reduced the incidence of POAF; while it did not for the supplements with a lower dose of DHA.
CONCLUSIONS: Current evidence did not support a preventative role of fish oil for POAF. However, relative amounts of DHA and EPA in fish oil may be important for the prevention of POAF.",Xin W; Wei W; Lin Z; Zhang X; Yang H; Zhang T; Li B; Mi S,2013,PloS one,Journal Article|Meta-Analysis,10.1371/journal.pone.0072913,https://pubmed.ncbi.nlm.nih.gov/24039820/,retain,true,abstract_only,ABSTRACT_SENTENCE_9,"Fish oil supplementation also did not affect the perioperative mortality, incidence of major bleeding or the length of stay in the intensive care unit.",95% | 1 g/d,"Fish oil supplementation also did not affect the perioperative mortality, incidence of major bleeding or the length of stay in the intensive care unit.","Fish oil supplementation also did not affect the perioperative mortality, incidence of major bleeding or the length of stay in the intensive care unit.",BACKGROUND: Influence of fish oil supplementation on postoperative atrial fibrillation (POAF) was inconsistent according to published clinical trials. | The aim of the meta-analysis was to evaluate the effects of perioperative fish oil supplementation on the incidence of POAF after cardiac surgery. | Randomized controlled trials (RCTs) assessing perioperative fish oil supplementation for patients undergoing cardiac surgery were identified.,17,research/searches_v3/HRS1_PERIOPERATIVE/pubmed/20260726T163628Z/efetch_001.xml,d16494b4ef867995123d4af928ed406abcaca3ecc3aa1bb53d5fadffe8f26f2b,,not_observed,ai_screened_regex_confirmed
HRS1_PERIOPERATIVE,pubmed:27119920,pubmed,27119920,Interventions to Decrease Postoperative Edema and Ecchymosis after Rhinoplasty: A Systematic Review of the Literature.,"BACKGROUND: Today, minimally invasive procedures are becoming more popular because of the fast recovery. Rhinoplasty is a common facial plastic surgery procedure that can be associated with significant postoperative morbidities, especially periorbital edema and ecchymosis. The aim of this review is to summarize the results of published literature that studied interventions that decrease postoperative edema and ecchymosis after rhinoplasty, and provide evidence-based strategies for surgeons to incorporate into practice.
METHODS: A systematic review of the PubMed, Scopus, and EMBASE databases was performed to investigate interventions studied to decrease postoperative edema and ecchymosis after rhinoplasty. After inclusion and exclusion criteria were applied, articles were grouped into one of the following categories: corticosteroids, other medications and herbal supplements, interventions to decrease intraoperative bleeding, other postoperative interventions, and surgical techniques.
RESULTS: A total of 50 articles were included for review. Fourteen articles studied corticosteroids exclusively, whereas another 10 articles reviewed other medications and herbal supplements. Nine articles evaluated methods to decrease intraoperative bleeding during rhinoplasty, and four articles studied postoperative interventions to decrease edema and ecchymosis. Thirteen articles studied various surgical techniques to decrease postoperative morbidities.
CONCLUSIONS: There was a consensus within the literature that steroids, intraoperative hypotension, intraoperative cooling, and head elevation postoperatively decrease postoperative edema and ecchymosis, whereas nasal packing and periosteal elevation before osteotomy increased these postoperative morbidities. Studies of herbal supplements may be incorporated into practice with minimal risk to the patient. More studies must be performed before recommending an external or internal approach to lateral osteotomy.",Ong AA; Farhood Z; Kyle AR; Patel KG,2016,Plastic and reconstructive surgery,Journal Article|Systematic Review,10.1097/PRS.0000000000002101,https://pubmed.ncbi.nlm.nih.gov/27119920/,retain,true,abstract_only,ABSTRACT_SENTENCE_5,"After inclusion and exclusion criteria were applied, articles were grouped into one of the following categories: corticosteroids, other medications and herbal supplements, interventions to decrease intraoperative bleeding, other postoperative interventions, and surgical techniques.",,"After inclusion and exclusion criteria were applied, articles were grouped into one of the following categories: corticosteroids, other medications and herbal supplements, interventions to decrease intraoperative bleeding, other postoperative interventions, and surgical techniques. | Nine articles evaluated methods to decrease intraoperative bleeding during rhinoplasty, and four articles studied postoperative interventions to decrease edema and ecchymosis.","After inclusion and exclusion criteria were applied, articles were grouped into one of the following categories: corticosteroids, other medications and herbal supplements, interventions to decrease intraoperative bleeding, other postoperative interventions, and surgical techniques.","BACKGROUND: Today, minimally invasive procedures are becoming more popular because of the fast recovery. | Rhinoplasty is a common facial plastic surgery procedure that can be associated with significant postoperative morbidities, especially periorbital edema and ecchymosis. | The aim of this review is to summarize the results of published literature that studied interventions that decrease postoperative edema and ecchymosis after rhinoplasty, and provide evidence-based strategies for surgeons to incorporate into practice.",17,research/searches_v3/HRS1_PERIOPERATIVE/pubmed/20260726T163628Z/efetch_001.xml,d16494b4ef867995123d4af928ed406abcaca3ecc3aa1bb53d5fadffe8f26f2b,,not_observed,ai_screened_regex_confirmed
HRS1_PERIOPERATIVE,pubmed:32691389,pubmed,32691389,"Association of iron supplementation with risk of transfusion, hospital length of stay, and mortality in geriatric patients undergoing hip fracture surgeries: a meta-analysis.","AIMS: To assess the efficacy and safety of iron supplementation for perioperative anemia in geriatric patients with hip fracture.
METHODS: A systematic search was conducted for studies published using PubMed, EMBASE and Cochrane Library Databases that compared iron supplementation with placebo in patients undergoing hip fracture surgery. The outcomes were blood transfusion rate and volume, length of stay, infection and mortality (last follow-up). Sub-group and sensitivity analyses were performed in cases of substantial heterogeneity.
RESULTS: The meta-analysis (6 studies: 1201 patients) indicated that iron supplements were not associated with reducing blood transfusion rate (OR 0.92, 95% CI 0.60-1.41; P = 0.69), but high heterogeneity (I2 = 61%) was detected and a significant association was found in sensitivity analysis of four studies (n = 637; OR 0.68, 95% CI 0.49-0.95; P = 0.02). A significant reduction was detected in transfusion volume (two studies: n = 234; MD - 0.45 units/patient, 95% CI - 0.74 to - 0.16; P = 0.002), hospital stay (five studies: n = 998; MD - 1.42, 95% CI - 2.18 to - 0.67; P = 0.0002) and caused no increased risk of mortality (five studies: n = 937; OR 0.94, 95% CI 0.65-1.36; P = 0.76) and infection (four studies: n = 701; OR 0.58, 95% CI 0.38-0.90; P = 0.01). Sub-group analyses of four studies showed that the preoperative intravenous use of iron at 200-300 mg (two studies) may be the beneficial option for hip fractures patients.
CONCLUSIONS: Iron supplementation, especially preoperative intravenous use of 200-300 mg iron, is safe and associated with reducing transfusion requirement and hospital stay. Unfortunately, data were too limited to draw a definite conclusion. Further evaluation is required before recommending iron supplementation for older patients with hip fracture surgeries.",Chen R; Li L; Xiang Z; Li H; Hou XL,2021,European geriatric medicine,"Journal Article|Meta-Analysis|Research Support, Non-U.S. Gov't|Review",10.1007/s41999-020-00366-3,https://pubmed.ncbi.nlm.nih.gov/32691389/,retain,true,abstract_only,ABSTRACT_SENTENCE_5,"RESULTS: The meta-analysis (6 studies: 1201 patients) indicated that iron supplements were not associated with reducing blood transfusion rate (OR 0.92, 95% CI 0.60-1.41; P = 0.69), but high heterogeneity (I2 = 61%) was detected and a significant association was found in sensitivity analysis of four studies (n = 637; OR 0.68, 95% CI 0.49-0.95; P = 0.02).",0.45 units | 200-300 mg,"The outcomes were blood transfusion rate and volume, length of stay, infection and mortality (last follow-up). | RESULTS: The meta-analysis (6 studies: 1201 patients) indicated that iron supplements were not associated with reducing blood transfusion rate (OR 0.92, 95% CI 0.60-1.41; P = 0.69), but high heterogeneity (I2 = 61%) was detected and a significant association was found in sensitivity analysis of four studies (n = 637; OR 0.68, 95% CI 0.49-0.95; P = 0.02). | A significant reduction was detected in transfusion volume (two studies: n = 234; MD - 0.45 units/patient, 95% CI - 0.74 to - 0.16; P = 0.002), hospital stay (five studies: n = 998; MD - 1.42, 95% CI - 2.18 to - 0.67; P = 0.0002) and caused no increased risk of mortality (five studies: n = 937; OR 0.94, 95% CI 0.65-1.36; P = 0.76) and infection (four studies: n = 701; OR 0.58, 95% CI 0.38-0.90; P = 0.01).","RESULTS: The meta-analysis (6 studies: 1201 patients) indicated that iron supplements were not associated with reducing blood transfusion rate (OR 0.92, 95% CI 0.60-1.41; P = 0.69), but high heterogeneity (I2 = 61%) was detected and a significant association was found in sensitivity analysis of four studies (n = 637; OR 0.68, 95% CI 0.49-0.95; P = 0.02).","AIMS: To assess the efficacy and safety of iron supplementation for perioperative anemia in geriatric patients with hip fracture. | METHODS: A systematic search was conducted for studies published using PubMed, EMBASE and Cochrane Library Databases that compared iron supplementation with placebo in patients undergoing hip fracture surgery. | Sub-group analyses of four studies showed that the preoperative intravenous use of iron at 200-300 mg (two studies) may be the beneficial option for hip fractures patients.",17,research/searches_v3/HRS1_PERIOPERATIVE/pubmed/20260726T163628Z/efetch_001.xml,d16494b4ef867995123d4af928ed406abcaca3ecc3aa1bb53d5fadffe8f26f2b,,not_observed,ai_screened_regex_confirmed
HRS1_PERIOPERATIVE,pubmed:33965294,pubmed,33965294,Effectiveness of Iron Supplementation With or Without Erythropoiesis-Stimulating Agents on Red Blood Cell Utilization in Patients With Preoperative Anaemia Undergoing Elective Surgery: A Systematic Review and Meta-Analysis.,"Patient Blood Management (PBM) is an evidence-based, multidisciplinary, patient-centred approach to optimizing the care of patients who might need a blood transfusion. This systematic review aimed to collect the best available evidence on the effectiveness of preoperative iron supplementation with or without erythropoiesis-stimulating agents (ESAs) on red blood cell (RBC) utilization in all-cause anaemic patients scheduled for elective surgery. Five databases and two trial registries were screened. Primary outcomes were the number of patients and the number of RBC units transfused. Effect estimates were synthesized by conducting meta-analyses. GRADE (Grades of Recommendation, Assessment, Development and Evaluation) was used to assess the certainty of evidence. We identified 29 randomized controlled trials (RCTs) and 2 non-RCTs comparing the effectiveness of preoperative iron monotherapy, or iron + ESAs, to control (no treatment, usual care, placebo). We found that: (1) IV and/or oral iron monotherapy may not result in a reduced number of units transfused and IV iron may not reduce the number of patients transfused (low-certainty evidence); (2) uncertainty exists whether the administration route of iron therapy (IV vs oral) differentially affects RBC utilization (very low-certainty evidence); (3) IV ferric carboxymaltose monotherapy may not result in a different number of patients transfused compared to IV iron sucrose monotherapy (low-certainty evidence); (4) oral iron + ESAs probably results in a reduced number of patients transfused and number of units transfused (moderate-certainty evidence); (5) IV iron + ESAs may result in a reduced number of patients transfused (low-certainty evidence); (6) oral and/or IV iron + ESAs probably results in a reduced number of RBC units transfused in transfused patients (moderate-certainty evidence); (7) uncertainty exists about the effect of oral and/or IV iron + ESAs on the number of patients requiring transfusion of multiple units (very low-certainty evidence). Effect estimates of different haematological parameters and length of stay were synthesized as secondary outcomes. In conclusion, in patients with anaemia of any cause scheduled for elective surgery, the preoperative administration of iron monotherapy may not result in a reduced number of patients or units transfused (low-certainty evidence). Iron supplementation in addition to ESAs probably results in a reduced RBC utilization (moderate-certainty evidence).",Van Remoortel H; Laermans J; Avau B; Bekkering G; Georgsen J; Manzini PM; Meybohm P; Ozier Y; De Buck E; Compernolle V; Vandekerckhove P,2021,Transfusion medicine reviews,"Journal Article|Meta-Analysis|Research Support, Non-U.S. Gov't|Systematic Review",10.1016/j.tmrv.2021.03.004,https://pubmed.ncbi.nlm.nih.gov/33965294/,retain,true,abstract_only,ABSTRACT_SENTENCE_8,We found that: (1) IV and/or oral iron monotherapy may not result in a reduced number of units transfused and IV iron may not reduce the number of patients transfused (low-certainty evidence); (2) uncertainty exists whether the administration route of iron therapy (IV vs oral) differentially affects RBC utilization (very low-certainty evidence); (3) IV ferric carboxymaltose monotherapy may not result in a different number of patients transfused compared to IV iron sucrose monotherapy (low-certainty evidence); (4) oral iron + ESAs probably results in a reduced number of patients transfused and number of units transfused (moderate-certainty evidence); (5) IV iron + ESAs may result in a reduced number of patients transfused (low-certainty evidence); (6) oral and/or IV iron + ESAs probably results in a reduced number of RBC units transfused in transfused patients (moderate-certainty evidence); (7) uncertainty exists about the effect of oral and/or IV iron + ESAs on the number of patients requiring transfusion of multiple units (very low-certainty evidence).,,"Patient Blood Management (PBM) is an evidence-based, multidisciplinary, patient-centred approach to optimizing the care of patients who might need a blood transfusion. | Primary outcomes were the number of patients and the number of RBC units transfused. | We found that: (1) IV and/or oral iron monotherapy may not result in a reduced number of units transfused and IV iron may not reduce the number of patients transfused (low-certainty evidence); (2) uncertainty exists whether the administration route of iron therapy (IV vs oral) differentially affects RBC utilization (very low-certainty evidence); (3) IV ferric carboxymaltose monotherapy may not result in a different number of patients transfused compared to IV iron sucrose monotherapy (low-certainty evidence); (4) oral iron + ESAs probably results in a reduced number of patients transfused and number of units transfused (moderate-certainty evidence); (5) IV iron + ESAs may result in a reduced number of patients transfused (low-certainty evidence); (6) oral and/or IV iron + ESAs probably results in a reduced number of RBC units transfused in transfused patients (moderate-certainty evidence); (7) uncertainty exists about the effect of oral and/or IV iron + ESAs on the number of patients requiring transfusion of multiple units (very low-certainty evidence).",We found that: (1) IV and/or oral iron monotherapy may not result in a reduced number of units transfused and IV iron may not reduce the number of patients transfused (low-certainty evidence); (2) uncertainty exists whether the administration route of iron therapy (IV vs oral) differentially affects RBC utilization (very low-certainty evidence); (3) IV ferric carboxymaltose monotherapy may not result in a different number of patients transfused compared to IV iron sucrose monotherapy (low-certainty evidence); (4) oral iron + ESAs probably results in a reduced number of patients transfused and number of units transfused (moderate-certainty evidence); (5) IV iron + ESAs may result in a reduced number of patients transfused (low-certainty evidence); (6) oral and/or IV iron + ESAs probably results in a reduced number of RBC units transfused in transfused patients (moderate-certainty evidence); (7) uncertainty exists about the effect of oral and/or IV iron + ESAs on the number of patients requiring transfusion of multiple units (very low-certainty evidence).,"This systematic review aimed to collect the best available evidence on the effectiveness of preoperative iron supplementation with or without erythropoiesis-stimulating agents (ESAs) on red blood cell (RBC) utilization in all-cause anaemic patients scheduled for elective surgery. | We identified 29 randomized controlled trials (RCTs) and 2 non-RCTs comparing the effectiveness of preoperative iron monotherapy, or iron + ESAs, to control (no treatment, usual care, placebo). | In conclusion, in patients with anaemia of any cause scheduled for elective surgery, the preoperative administration of iron monotherapy may not result in a reduced number of patients or units transfused (low-certainty evidence).",17,research/searches_v3/HRS1_PERIOPERATIVE/pubmed/20260726T163628Z/efetch_001.xml,d16494b4ef867995123d4af928ed406abcaca3ecc3aa1bb53d5fadffe8f26f2b,,not_observed,ai_screened_regex_confirmed
HRS1_PERIOPERATIVE,pubmed:34232163,pubmed,34232163,Perioperative omega-3 fatty acids for liver surgery: A meta-analysis of randomized controlled trials.,"INTRODUCTION: The effect of perioperative omega-3 fatty acids for liver surgery remained controversial. We conducted a systematic review and meta-analysis to explore the influence of omega-3 fatty acids versus placebo in patients undergoing liver surgery.
METHODS: We have searched PubMed, EMbase, Web of science, EBSCO, and Cochrane library databases through May 2020, and included randomized controlled trials (RCTs) assessing the effect of omega-3 fatty acids versus placebo for liver surgery. This meta-analysis was performed using the random-effect model.
RESULTS: Five RCTs were included in the meta-analysis. Overall, compared with control group for liver surgery, omega-3 fatty acids were associated with substantially reduced incidence of infection (odd ratio [OR]=0.56; 95% confidence interval [CI] =0.34-0.91; P = .02), but revealed no remarkable influence on complications (OR = 0.60; 95% CI = 0.29-1.24; P = .17), mortality (OR = 0.76; 95% CI = 0.06-9.37; P = .83), liver failure (OR = 0.72; 95% CI = 0.10 to 5.00; P = 0.74), biliary leakage (OR=1.24; 95% CI = 0.41 to 3.76; P = .70), bleeding (OR = 1.76; 95% CI = 0.63-4.95; P = .28), or ileus (OR = 0.39; 95% CI = 0.07-2.05; P = .27).
CONCLUSION: Perioperative omega-3 fatty acids may be beneficial to reduce the incidence of infection after liver surgery.",Xiao F; Han W; Yue Q; Ke J; Jia B; Fu X,2021,Medicine,Journal Article|Meta-Analysis|Systematic Review,10.1097/MD.0000000000025743,https://pubmed.ncbi.nlm.nih.gov/34232163/,retain,true,abstract_only,ABSTRACT_SENTENCE_6,"Overall, compared with control group for liver surgery, omega-3 fatty acids were associated with substantially reduced incidence of infection (odd ratio [OR]=0.56; 95% confidence interval [CI] =0.34-0.91; P = .02), but revealed no remarkable influence on complications (OR = 0.60; 95% CI = 0.29-1.24; P = .17), mortality (OR = 0.76; 95% CI = 0.06-9.37; P = .83), liver failure (OR = 0.72; 95% CI = 0.10 to 5.00; P = 0.74), biliary leakage (OR=1.24; 95% CI = 0.41 to 3.76; P = .70), bleeding (OR = 1.76; 95% CI = 0.63-4.95; P = .28), or ileus (OR = 0.39; 95% CI = 0.07-2.05; P = .27).",,"Overall, compared with control group for liver surgery, omega-3 fatty acids were associated with substantially reduced incidence of infection (odd ratio [OR]=0.56; 95% confidence interval [CI] =0.34-0.91; P = .02), but revealed no remarkable influence on complications (OR = 0.60; 95% CI = 0.29-1.24; P = .17), mortality (OR = 0.76; 95% CI = 0.06-9.37; P = .83), liver failure (OR = 0.72; 95% CI = 0.10 to 5.00; P = 0.74), biliary leakage (OR=1.24; 95% CI = 0.41 to 3.76; P = .70), bleeding (OR = 1.76; 95% CI = 0.63-4.95; P = .28), or ileus (OR = 0.39; 95% CI = 0.07-2.05; P = .27).","Overall, compared with control group for liver surgery, omega-3 fatty acids were associated with substantially reduced incidence of infection (odd ratio [OR]=0.56; 95% confidence interval [CI] =0.34-0.91; P = .02), but revealed no remarkable influence on complications (OR = 0.60; 95% CI = 0.29-1.24; P = .17), mortality (OR = 0.76; 95% CI = 0.06-9.37; P = .83), liver failure (OR = 0.72; 95% CI = 0.10 to 5.00; P = 0.74), biliary leakage (OR=1.24; 95% CI = 0.41 to 3.76; P = .70), bleeding (OR = 1.76; 95% CI = 0.63-4.95; P = .28), or ileus (OR = 0.39; 95% CI = 0.07-2.05; P = .27).","INTRODUCTION: The effect of perioperative omega-3 fatty acids for liver surgery remained controversial. | We conducted a systematic review and meta-analysis to explore the influence of omega-3 fatty acids versus placebo in patients undergoing liver surgery. | METHODS: We have searched PubMed, EMbase, Web of science, EBSCO, and Cochrane library databases through May 2020, and included randomized controlled trials (RCTs) assessing the effect of omega-3 fatty acids versus placebo for liver surgery.",17,research/searches_v3/HRS1_PERIOPERATIVE/pubmed/20260726T163628Z/efetch_001.xml,d16494b4ef867995123d4af928ed406abcaca3ecc3aa1bb53d5fadffe8f26f2b,,not_observed,ai_screened_regex_confirmed
HRS1_PERIOPERATIVE,pubmed:34559371,pubmed,34559371,Iron supplementation for patients undergoing cardiac surgery: a systematic review and meta-analysis of randomized controlled trials.,"PURPOSE: Iron supplementation has been evaluated in several randomized controlled trials (RCTs) for its potential to increase baseline hemoglobin and decrease red blood cell transfusion during cardiac surgery. This study's main objective was to evaluate the current evidence for iron administration in cardiac surgery patients.
METHODS: We searched MEDLINE, EMBASE, CENTRAL, Web of Science databases, and Google Scholar from inception to 19 November 2020 for RCTs evaluating perioperative iron administration in adult patients undergoing cardiac surgery. The RCTs were assessed using a risk of bias assessment and the quality of evidence was assessed using the grading of recommendations, assessments, development, and evaluations.
RESULTS: We reviewed 1,767 citations, and five studies (n = 554) met the inclusion criteria. The use of iron showed no statistical difference in incidence of transfusion (risk ratio, 0.86; 95% confidence interval, 0.65 to 1.13). Trial sequential analysis suggested an optimal information size of 1,132 participants, which the accrued information size did not reach.
CONCLUSION: The current literature does not support or refute the routine use of iron therapy in cardiac surgery patients.
TRIAL REGISTRATION: PROSPERO (CRD42020161927); registered 19 December 2019.",Yang SS; Al Kharusi L; Gosselin A; Chirico A; Baradari PG; Cameron MJ,2022,Canadian journal of anaesthesia = Journal canadien d'anesthesie,"Journal Article|Meta-Analysis|Research Support, Non-U.S. Gov't|Systematic Review",10.1007/s12630-021-02113-z,https://pubmed.ncbi.nlm.nih.gov/34559371/,retain,true,abstract_only,ABSTRACT_SENTENCE_6,"The use of iron showed no statistical difference in incidence of transfusion (risk ratio, 0.86; 95% confidence interval, 0.65 to 1.13).",,"PURPOSE: Iron supplementation has been evaluated in several randomized controlled trials (RCTs) for its potential to increase baseline hemoglobin and decrease red blood cell transfusion during cardiac surgery. | The use of iron showed no statistical difference in incidence of transfusion (risk ratio, 0.86; 95% confidence interval, 0.65 to 1.13).","The use of iron showed no statistical difference in incidence of transfusion (risk ratio, 0.86; 95% confidence interval, 0.65 to 1.13).","PURPOSE: Iron supplementation has been evaluated in several randomized controlled trials (RCTs) for its potential to increase baseline hemoglobin and decrease red blood cell transfusion during cardiac surgery. | This study's main objective was to evaluate the current evidence for iron administration in cardiac surgery patients. | METHODS: We searched MEDLINE, EMBASE, CENTRAL, Web of Science databases, and Google Scholar from inception to 19 November 2020 for RCTs evaluating perioperative iron administration in adult patients undergoing cardiac surgery.",17,research/searches_v3/HRS1_PERIOPERATIVE/pubmed/20260726T163628Z/efetch_001.xml,d16494b4ef867995123d4af928ed406abcaca3ecc3aa1bb53d5fadffe8f26f2b,,not_observed,ai_screened_regex_confirmed
HRS1_PERIOPERATIVE,pubmed:37904349,pubmed,37904349,Effects of intraoperative or postoperative administration of intravenous iron supplements on hemoglobin recovery in patients with total knee arthroplasty: A systematic review and meta-analysis.,"BACKGROUND: The objectives of the researchers are as follows: First, to investigate whether intraoperative or postoperative administration of Intravenous (IV) iron supplements in patients undergoing primary total knee arthroplasty (TKA) can contribute to the hemoglobin recovery during the postoperative period (between 4 and 8 weeks after surgery). Second, to examine whether the administration of IV iron supplements during or immediately after TKA in patients undergoing primary TKA can reduce the need for allogenic blood transfusion during hospitalization.
METHODS: Articles published between January 1, 1990, and June 30, 2023 were searched in PubMed, Cochrane, and Embase. The population, intervention, comparison, and outcome of this study are as follows; Population: Patients undergoing primary total knee arthroplasty; Intervention: Administration of IV iron supplements during or immediately after surgery; Comparison: Non-administration of IV iron supplements; Outcome: Degree of hemoglobin recovery (between 4 and 8 weeks after surgery) and the need for blood transfusion during hospitalization.
RESULTS: There was a statistically significant difference in the amount of change in hemoglobin between iron supplementation group and non-iron supplementation group. The effect size were -0.44 (95% confidence interval: -0.69 to -0.19, P value < .001) in all patients. This means that the amount of change in hemoglobin were significantly reduced in the iron supplementation group than in the non-iron supplementation group. There was a statistically significant difference for post-operative transfusion rate between 2 groups. The effect size were 0.28 (95% confidence interval: 0.10-0.81, P value = .02) in all patients. This means that the post-operative transfusion rate was significantly less in the iron supplementation group than in the non-iron supplementation group.
CONCLUSION: The administration of IV iron supplements during or after TKA surgery increases hemoglobin recovery between 4 and 8 weeks after surgery and reduces the need for allogeneic blood transfusion during hospitalization.",Kwak SG; Kwon JB; Bae JW; Bae DJ; Kim DK; Choi WK,2023,Medicine,Meta-Analysis|Systematic Review|Journal Article,10.1097/MD.0000000000035744,https://pubmed.ncbi.nlm.nih.gov/37904349/,retain,true,abstract_only,ABSTRACT_SENTENCE_11,CONCLUSION: The administration of IV iron supplements during or after TKA surgery increases hemoglobin recovery between 4 and 8 weeks after surgery and reduces the need for allogeneic blood transfusion during hospitalization.,,"Second, to examine whether the administration of IV iron supplements during or immediately after TKA in patients undergoing primary TKA can reduce the need for allogenic blood transfusion during hospitalization. | The population, intervention, comparison, and outcome of this study are as follows; Population: Patients undergoing primary total knee arthroplasty; Intervention: Administration of IV iron supplements during or immediately after surgery; Comparison: Non-administration of IV iron supplements; Outcome: Degree of hemoglobin recovery (between 4 and 8 weeks after surgery) and the need for blood transfusion during hospitalization. | There was a statistically significant difference for post-operative transfusion rate between 2 groups.",CONCLUSION: The administration of IV iron supplements during or after TKA surgery increases hemoglobin recovery between 4 and 8 weeks after surgery and reduces the need for allogeneic blood transfusion during hospitalization.,"BACKGROUND: The objectives of the researchers are as follows: First, to investigate whether intraoperative or postoperative administration of Intravenous (IV) iron supplements in patients undergoing primary total knee arthroplasty (TKA) can contribute to the hemoglobin recovery during the postoperative period (between 4 and 8 weeks after surgery). | The population, intervention, comparison, and outcome of this study are as follows; Population: Patients undergoing primary total knee arthroplasty; Intervention: Administration of IV iron supplements during or immediately after surgery; Comparison: Non-administration of IV iron supplements; Outcome: Degree of hemoglobin recovery (between 4 and 8 weeks after surgery) and the need for blood transfusion during hospitalization. | CONCLUSION: The administration of IV iron supplements during or after TKA surgery increases hemoglobin recovery between 4 and 8 weeks after surgery and reduces the need for allogeneic blood transfusion during hospitalization.",17,research/searches_v3/HRS1_PERIOPERATIVE/pubmed/20260726T163628Z/efetch_001.xml,d16494b4ef867995123d4af928ed406abcaca3ecc3aa1bb53d5fadffe8f26f2b,,not_observed,ai_screened_regex_confirmed
HRS1_PERIOPERATIVE,pubmed:39817823,pubmed,39817823,Preoperative intravenous versus oral iron supplementation for elective surgery: evidence based on 12 randomized trials.,"AIM: This study aims to clarify hematological parameters, transfusion requirements, and adverse events of preoperative intravenous (IVIS) versus oral iron supplementation (OIS) in elective surgery patients.
METHODS: We conducted a comprehensive literature search across multiple databases up to 10 December 2023. Twelve RCTs involving 930 participants met our eligibility criteria. Our analysis focused on post-treatment hemoglobin levels, changes in hemoglobin from baseline, ferritin levels, hemoglobin attainment rates, transfusion requirements, and adverse events. We employed the random-effects model for data synthesis, calculating pooled standard mean differences (SMD) or mean differences (MD) or risk ratios (RR) with 95% confidence intervals (CI). Methodological quality was assessed using the Cochrane ROB 2 tool. The GRADE approach evaluated the confidence in effect estimates.
FINDINGS: IVIS significantly improved post-treatment hemoglobin levels (MD = 0.77 g/dL, 95% CI [0.30 to 1.23]), hemoglobin increments (MD = 0.69 g/dL, 95% CI [0.01 to 1.37]), and ferritin levels (MD = 260.03 ng/mL, 95% CI [119.65 to 400.42]) compared to OIS. IVIS also led to a higher hemoglobin attainment rate (RR = 1.88, 95% CI [1.24 to 2.86]). No significant differences were noted in transfusion rates or volumes. IVIS was associated with fewer digestive (RR = 0.10, 95% CI [0.05 to 0.22]; I2 = 0%) but more pain-related adverse events (RR = 7.79, 95% CI [1.78 to 34.07]; I2 = 0%). Hospital stay durations and mortality rates were similar between the two groups.
INTERPRETATION: IVIS offers a superior improvement in hematological parameters for elective surgery patients but not reducing transfusion needs compared to OIS. While IVIS has fewer digestive adverse events, it increases pain-related complications. These findings highlight the importance of personalized approaches in selecting iron supplementation methods, carefully balancing time, efficacy, and adverse event profiles.
REGISTRATION: PROSPERO CRD42023483284.",Yue L; Zhang J; Li C; Wang Z; Qi L; Zhao Y; Wang S; Shang M; Li C; Sun H,2025,Postgraduate medicine,Journal Article|Meta-Analysis|Systematic Review,10.1080/00325481.2025.2454218,https://pubmed.ncbi.nlm.nih.gov/39817823/,retain,true,abstract_only,ABSTRACT_SENTENCE_11,"IVIS was associated with fewer digestive (RR = 0.10, 95% CI [0.05 to 0.22]; I2 = 0%) but more pain-related adverse events (RR = 7.79, 95% CI [1.78 to 34.07]; I2 = 0%).",0.77 g/d | 0.69 g/d,"AIM: This study aims to clarify hematological parameters, transfusion requirements, and adverse events of preoperative intravenous (IVIS) versus oral iron supplementation (OIS) in elective surgery patients. | Our analysis focused on post-treatment hemoglobin levels, changes in hemoglobin from baseline, ferritin levels, hemoglobin attainment rates, transfusion requirements, and adverse events. | No significant differences were noted in transfusion rates or volumes.","IVIS was associated with fewer digestive (RR = 0.10, 95% CI [0.05 to 0.22]; I2 = 0%) but more pain-related adverse events (RR = 7.79, 95% CI [1.78 to 34.07]; I2 = 0%).","AIM: This study aims to clarify hematological parameters, transfusion requirements, and adverse events of preoperative intravenous (IVIS) versus oral iron supplementation (OIS) in elective surgery patients. | INTERPRETATION: IVIS offers a superior improvement in hematological parameters for elective surgery patients but not reducing transfusion needs compared to OIS.",17,research/searches_v3/HRS1_PERIOPERATIVE/pubmed/20260726T163628Z/efetch_001.xml,d16494b4ef867995123d4af928ed406abcaca3ecc3aa1bb53d5fadffe8f26f2b,,not_observed,ai_screened_regex_confirmed
HRS1_PERIOPERATIVE,pubmed:40189047,pubmed,40189047,Preoperative iron supplementation in non-anemic patients undergoing major surgery: a systematic review and meta-analysis.,"BACKGROUND: Blood transfusions are associated with increased morbidity and mortality, and maintaining global blood supplies can be a challenge. This systematic review investigates the impact of preoperative iron supplementation on the risk of blood transfusion among non-anemic patients undergoing major surgeries.
METHODS: We conducted a systematic search of PubMed, Embase, and Cochrane Central for randomized controlled trials published up to May 2024. Studies involving the use of erythropoietin, or patients already using iron supplementation when trial randomization was conducted were excluded. Outcomes assessed included the number of individuals who received blood transfusions, and mean hemoglobin levels at the first day and by the first postoperative week.
RESULTS: A total of 1,162 non-anemic patients from 9 studies were included. Of these, 54% received preoperative iron supplementation. The average age was 71 years, and 44% were women. Preoperative iron supplementation was associated with a significantly lower risk of receiving a blood transfusion (OR = 0.54; 95% CI 0.40 to 0.75; p < 0.001). At the first postoperative day, the iron supplementation group had significantly higher mean hemoglobin levels compared to the no-treatment group (MD = 0.22 g.dL-1; 95% CI 0.02 to 0.42; p = 0.03). However, the pooled results could not rule out the null hypothesis for the difference in mean hemoglobin levels throughout the first week (MD = 0.12 g.dL-1; 95% CI -0.12 to 0.35; p = 0.34).
CONCLUSION: Preoperative intravenous iron supplementation in non-anemic patients undergoing major surgeries, particularly cardiac procedures, significantly reduces transfusion requirements. However, the benefits of oral iron remain uncertain, and further research is warranted to establish standardized perioperative supplementation protocols.
PROSPERO IDENTIFIER: CRD42024552559.",Toledo FV; De Carli D; Meletti JFA; Togo HYA; Gomes IP; Sakashita RM; Montes LF; Tiburcio RS; Miranda CA,2025,Brazilian journal of anesthesiology (Elsevier),Journal Article|Systematic Review|Meta-Analysis,10.1016/j.bjane.2025.844618,https://pubmed.ncbi.nlm.nih.gov/40189047/,retain,true,abstract_only,ABSTRACT_SENTENCE_9,Preoperative iron supplementation was associated with a significantly lower risk of receiving a blood transfusion (OR = 0.54; 95% CI 0.40 to 0.75; p < 0.001).,0.22 g | 0.12 g,"BACKGROUND: Blood transfusions are associated with increased morbidity and mortality, and maintaining global blood supplies can be a challenge. | This systematic review investigates the impact of preoperative iron supplementation on the risk of blood transfusion among non-anemic patients undergoing major surgeries. | Outcomes assessed included the number of individuals who received blood transfusions, and mean hemoglobin levels at the first day and by the first postoperative week.",Preoperative iron supplementation was associated with a significantly lower risk of receiving a blood transfusion (OR = 0.54; 95% CI 0.40 to 0.75; p < 0.001).,"This systematic review investigates the impact of preoperative iron supplementation on the risk of blood transfusion among non-anemic patients undergoing major surgeries. | Outcomes assessed included the number of individuals who received blood transfusions, and mean hemoglobin levels at the first day and by the first postoperative week. | Of these, 54% received preoperative iron supplementation.",17,research/searches_v3/HRS1_PERIOPERATIVE/pubmed/20260726T163628Z/efetch_001.xml,d16494b4ef867995123d4af928ed406abcaca3ecc3aa1bb53d5fadffe8f26f2b,,not_observed,ai_screened_regex_confirmed
HRS1_PERIOPERATIVE,pubmed:41034912,pubmed,41034912,The impact of vitamin C supplementation on the perioperative outcomes after total hip and knee arthroplasty: a systematic review and meta-analysis.,"BACKGROUND: The perioperative efficacy of vitamin C (VC) supplementation in total hip and knee arthroplasty (THA/TKA) remains underexplored. This systematic review and meta-analysis comprehensively evaluated, for the first time, the impact of VC on perioperative outcomes in THA/TKA. METHODS: In accordance with the PRISMA guidelines and prospectively registered with PROSPERO, we searched PubMed, Web of Science, Embase, and the Cochrane Library databases up to April 30, 2025. Two independent investigators performed literature screening, data extraction, and Cochrane risk-of-bias assessments. Meta-analyses were conducted using RevMan 5.4 software, and qualitative synthesis was applied where appropriate. RESULTS: Eight RCTs involving 852 patients were included. Meta-analysis revealed that, compared to controls, VC supplementation significantly reduced postoperative 24-hour visual analog scale (VAS) scores (MD = -0.60, 95% CI -1.14 to -0.07), C-reactive protein (CRP) levels (MD = -14.88, 95% CI -16.84 to -12.92), and interleukin-6 (IL-6) levels (MD = -9.17, 95% CI -12.94 to -5.41). However, no significant differences were observed in these outcomes at 48 h postoperatively (P > 0.05). Qualitative analysis suggested that perioperative VC supplementation may decrease the risk of complex regional pain syndrome (CRPS) and bleeding, reduce propofol dosage, lower the incidence of nausea, and potentially protect against cardiac issues and arthrofibrosis development. CONCLUSION: Perioperative VC supplementation for THA/TKA may alleviate pain and reduce inflammatory responses within 24 h. Large-scale, high-quality RCTs employing standardized VC protocols are required in the future to establish reliable evidence-based foundations for clinical implementation. TRIAL REGISTRATION: This study was prospectively registered in the PROSPERO database (registration number: CRD42025633608) on January 17, 2025.",Liu X; Guo J; Li Y; Yang Y; Liu M; Gao Q; Yang Y; Wu X; Yue C,2025,BMC musculoskeletal disorders,Journal Article|Systematic Review|Meta-Analysis,10.1186/s12891-025-09163-0,https://pubmed.ncbi.nlm.nih.gov/41034912/,retain,true,abstract_only,ABSTRACT_SENTENCE_9,"Qualitative analysis suggested that perioperative VC supplementation may decrease the risk of complex regional pain syndrome (CRPS) and bleeding, reduce propofol dosage, lower the incidence of nausea, and potentially protect against cardiac issues and arthrofibrosis development.",,"Qualitative analysis suggested that perioperative VC supplementation may decrease the risk of complex regional pain syndrome (CRPS) and bleeding, reduce propofol dosage, lower the incidence of nausea, and potentially protect against cardiac issues and arthrofibrosis development.","Qualitative analysis suggested that perioperative VC supplementation may decrease the risk of complex regional pain syndrome (CRPS) and bleeding, reduce propofol dosage, lower the incidence of nausea, and potentially protect against cardiac issues and arthrofibrosis development.","BACKGROUND: The perioperative efficacy of vitamin C (VC) supplementation in total hip and knee arthroplasty (THA/TKA) remains underexplored. | This systematic review and meta-analysis comprehensively evaluated, for the first time, the impact of VC on perioperative outcomes in THA/TKA. | Meta-analysis revealed that, compared to controls, VC supplementation significantly reduced postoperative 24-hour visual analog scale (VAS) scores (MD = -0.60, 95% CI -1.14 to -0.07), C-reactive protein (CRP) levels (MD = -14.88, 95% CI -16.84 to -12.92), and interleukin-6 (IL-6) levels (MD = -9.17, 95% CI -12.94 to -5.41).",17,research/searches_v3/HRS1_PERIOPERATIVE/pubmed/20260726T163628Z/efetch_001.xml,d16494b4ef867995123d4af928ed406abcaca3ecc3aa1bb53d5fadffe8f26f2b,,not_observed,ai_screened_regex_confirmed
HRS1_PERIOPERATIVE,pubmed:35317870,pubmed,35317870,"Can probiotic gargles reduce post-tonsillectomy morbidity in adult patients? A pilot, triple-blind, randomised, controlled trial and feasibility study.","OBJECTIVE: This study aimed to determine the efficacy of probiotic gargles compared with placebo gargles on reducing post-tonsillectomy morbidity in adults.
METHOD: This was a triple-blind, randomised, controlled trial and feasibility study. Thirty adults underwent elective tonsillectomy and were randomly assigned to receive either probiotic or placebo gargles for 14 days after surgery. Daily pain scores and requirement of analgesia were measured for 14 days post-operatively. Secondary outcomes assessed probiotic safety and tolerability and the feasibility of the trial.
RESULTS: The probiotic group experienced less pain at rest on day 2. However, the amount of oxycodone (5 mg) tablets used was greater in the probiotic group compared with placebo. There were no statistically significant differences in the frequency of adverse effects between both groups. This trial was feasible.
CONCLUSION: This pilot study suggested that probiotic gargles do not reduce post-tonsillectomy pain or bleeding, highlighting the importance of pilot and feasibility studies in clinical research.",Nasserallah MV; de Silva NM; Tobin V; Rozen WM; Hunter-Smith DJ,2023,The Journal of laryngology and otology,Randomized Controlled Trial|Journal Article,10.1017/S0022215122000743,https://pubmed.ncbi.nlm.nih.gov/35317870/,retain,true,abstract_only,ABSTRACT_SENTENCE_10,"CONCLUSION: This pilot study suggested that probiotic gargles do not reduce post-tonsillectomy pain or bleeding, highlighting the importance of pilot and feasibility studies in clinical research.",5 mg,"There were no statistically significant differences in the frequency of adverse effects between both groups. | CONCLUSION: This pilot study suggested that probiotic gargles do not reduce post-tonsillectomy pain or bleeding, highlighting the importance of pilot and feasibility studies in clinical research.","CONCLUSION: This pilot study suggested that probiotic gargles do not reduce post-tonsillectomy pain or bleeding, highlighting the importance of pilot and feasibility studies in clinical research.",Thirty adults underwent elective tonsillectomy and were randomly assigned to receive either probiotic or placebo gargles for 14 days after surgery.,15,research/searches_v3/HRS1_PERIOPERATIVE/pubmed/20260726T163628Z/efetch_001.xml,d16494b4ef867995123d4af928ed406abcaca3ecc3aa1bb53d5fadffe8f26f2b,,not_observed,ai_screened_regex_confirmed
HRS2_KIDNEY_DISEASE,pubmed:19176796,pubmed,19176796,Ferumoxytol as an intravenous iron replacement therapy in hemodialysis patients.,"BACKGROUND AND OBJECTIVES: Intravenous iron is a key component of anemia management for chronic kidney disease (CKD). Ferumoxytol is a unique intravenous iron product that can be administered as a rapid injection in doses up to 510 mg.
DESIGN, SETTING, PARTICIPANTS, & MEASUREMENTS: This was a randomized, open-label, controlled, multicenter Phase 3 trial to evaluate the safety and efficacy of intravenous ferumoxytol compared with oral iron. Anemic patients with CKD stage 5D on hemodialysis and on a stable erythropoiesis-stimulating agent regimen received either two injections of 510 mg of ferumoxytol within 7 d (n = 114) or 200 mg elemental oral iron daily for 21 d (n = 116). The primary efficacy endpoint was the change in hemoglobin from baseline to day 35. Safety was closely monitored.
RESULTS: Ferumoxytol resulted in a mean increase in hemoglobin of 1.02 +/- 1.13 g/dl at day 35 compared with 0.46 +/- 1.06 g/dl with oral iron (P = 0.0002). Twice as many ferumoxytol-treated patients than oral iron-treated patients achieved a > or =1 g/dl hemoglobin increase at day 35 (P = 0.0002). There was a greater mean increase in transferrin saturation (TSAT) with ferumoxytol compared with oral iron at day 35 (P < 0.0001). The larger hemoglobin increase after ferumoxytol compared with oral iron at day 35 persisted after adjustment for baseline hemoglobin, TSAT, and serum ferritin. Overall adverse event rates were comparable between groups.
CONCLUSIONS: In patients on hemodialysis, rapid intravenous injection of 510 mg of ferumoxytol led to significantly greater hemoglobin increases compared with oral iron, with comparable tolerability.",Provenzano R; Schiller B; Rao M; Coyne D; Brenner L; Pereira BJ,2009,Clinical journal of the American Society of Nephrology : CJASN,"Clinical Trial, Phase III|Comparative Study|Journal Article|Multicenter Study|Randomized Controlled Trial|Research Support, Non-U.S. Gov't",10.2215/CJN.02840608,https://pubmed.ncbi.nlm.nih.gov/19176796/,retain,true,abstract_only,ABSTRACT_SENTENCE_11,Overall adverse event rates were comparable between groups.,510 mg | 200 mg | 1.13 g/d | 1.06 g/d | 1 g/d,Overall adverse event rates were comparable between groups.,Overall adverse event rates were comparable between groups.,"BACKGROUND AND OBJECTIVES: Intravenous iron is a key component of anemia management for chronic kidney disease (CKD). | Anemic patients with CKD stage 5D on hemodialysis and on a stable erythropoiesis-stimulating agent regimen received either two injections of 510 mg of ferumoxytol within 7 d (n = 114) or 200 mg elemental oral iron daily for 21 d (n = 116). | CONCLUSIONS: In patients on hemodialysis, rapid intravenous injection of 510 mg of ferumoxytol led to significantly greater hemoglobin increases compared with oral iron, with comparable tolerability.",19,research/searches_v3/HRS2_KIDNEY_DISEASE/pubmed/20260726T163628Z/efetch_001.xml,a5e5cb61f643bd4b256930f85519e8fee098a652dd5ad1c330c9749200214d80,,not_observed,ai_screened_regex_confirmed
HRS2_KIDNEY_DISEASE,pubmed:38810556,pubmed,38810556,"Add-on astragalus in type 2 diabetes and chronic kidney disease: A multi-center, assessor-blind, randomized controlled trial.","BACKGROUND: Diabetes leads to chronic kidney disease (CKD) and kidney failure, requiring dialysis or transplantation. Astragalus, a common herbal medicine and US pharmacopeia-registered food ingredient, is shown kidney protective by retrospective and preclinical data but with limited long-term prospective clinical evidence. This trial aimed to assess the effectiveness of astragalus on kidney function decline in macroalbuminuric diabetic CKD patients.
METHODS: This randomized, assessor-blind, standard care-controlled, multi-center clinical trial randomly assigned 118 patients with estimated glomerular filtration rate (eGFR) of 30-90 ml/min/1.73m2 and urinary albumin-to-creatinine ratio (UACR) of 300-5000 mg/g from 7 public outpatient clinics and the community in Hong Kong between July 2018 and April 2022 to add-on oral astragalus granules (15 gs of raw herbs daily equivalent) or to continue standard care alone as control for 48 weeks. Primary outcomes were the slope of change of eGFR (used for sample size calculation) and UACR of the intention-to-treat population. Secondary outcomes included endpoint blood pressures, biochemistry, biomarkers, concomitant drug change and adverse events. (ClinicalTrials.gov: NCT03535935) RESULTS: During the 48-week period, the estimated difference in the slope of eGFR decline was 4.6 ml/min/1.73m2 per year (95 %CI: 1.5 to 7.6, p = 0.003) slower with astragalus. For UACR, the estimated inter-group proportional difference in the slope of change was insignificant (1.14, 95 %CI: 0.85 to 1.52, p = 0.392). 117 adverse events from 31 astragalus-treated patients and 41 standard care-controlled patients were documented. The 48-week endpoint systolic blood pressure was 7.9 mmHg lower (95 %CI: -12.9 to -2.8, p = 0.003) in the astragalus-treated patients. 113 (96 %) and 107 (91 %) patients had post-randomization and endpoint primary outcome measures, respectively.
CONCLUSION: In patients with type 2 diabetes, stage 2 to 3 CKD and macroalbuminuria, add-on astragalus for 48 weeks further stabilized kidney function on top of standard care.",Chan KW; Kwong ASK; Tsui PN; Chan GCW; Choi WF; Yiu WH; Cheung SCY; Wong MMY; Zhang ZJ; Tan KCB; Lao L; Lai KN; Tang SCW; READY and SCHEMATIC research group,2024,Phytomedicine : international journal of phytotherapy and phytopharmacology,Journal Article|Randomized Controlled Trial|Multicenter Study,10.1016/j.phymed.2024.155457,https://pubmed.ncbi.nlm.nih.gov/38810556/,retain,true,abstract_only,ABSTRACT_SENTENCE_6,"Secondary outcomes included endpoint blood pressures, biochemistry, biomarkers, concomitant drug change and adverse events. (ClinicalTrials.gov: NCT03535935) RESULTS: During the 48-week period, the estimated difference in the slope of eGFR decline was 4.6 ml/min/1.73m2 per year (95 %CI: 1.5 to 7.6, p = 0.003) slower with astragalus.",30-90 ml | 300-5000 mg | 4.6 ml | 95 %,"Secondary outcomes included endpoint blood pressures, biochemistry, biomarkers, concomitant drug change and adverse events. (ClinicalTrials.gov: NCT03535935) RESULTS: During the 48-week period, the estimated difference in the slope of eGFR decline was 4.6 ml/min/1.73m2 per year (95 %CI: 1.5 to 7.6, p = 0.003) slower with astragalus. | 117 adverse events from 31 astragalus-treated patients and 41 standard care-controlled patients were documented.","Secondary outcomes included endpoint blood pressures, biochemistry, biomarkers, concomitant drug change and adverse events. (ClinicalTrials.gov: NCT03535935) RESULTS: During the 48-week period, the estimated difference in the slope of eGFR decline was 4.6 ml/min/1.73m2 per year (95 %CI: 1.5 to 7.6, p = 0.003) slower with astragalus.","BACKGROUND: Diabetes leads to chronic kidney disease (CKD) and kidney failure, requiring dialysis or transplantation. | Astragalus, a common herbal medicine and US pharmacopeia-registered food ingredient, is shown kidney protective by retrospective and preclinical data but with limited long-term prospective clinical evidence. | This trial aimed to assess the effectiveness of astragalus on kidney function decline in macroalbuminuric diabetic CKD patients.",18,research/searches_v3/HRS2_KIDNEY_DISEASE/pubmed/20260726T163628Z/efetch_001.xml,a5e5cb61f643bd4b256930f85519e8fee098a652dd5ad1c330c9749200214d80,,not_observed,ai_screened_regex_confirmed
HRS2_KIDNEY_DISEASE,pubmed:41933167,pubmed,41933167,Effect of active vitamin D supplementation on muscle mass and function in peritoneal dialysis patients with sarcopenia: a randomized controlled trial.,"The data regarding the influence of active vitamin D supplementation on muscle mass and function in end-stage renal disease (ESRD) patients have been inconclusive. Our study aimed to determine the effectiveness of vitamin D supplementation on the alterations in muscle mass and function in peritoneal dialysis (PD) patients with sarcopenia. This single-center, randomized, open-label, parallel-controlled clinical trial was conducted at the Ningbo No.2 Hospital, which serves as a tertiary care center in the Ningbo region of Zhejiang Province, China. ESRD patients with sarcopenia and vitamin D insufficiency or deficiency (serum 25(OH)D levels < 30 ng/mL) who were undergoing PD were recruited for the study. Participants were randomly allocated in a 1:1 ratio to either the intervention group (n = 25) or the control group (n = 25). Participants within the intervention group were prescribed alfacalcidol soft capsules at a daily dosage of 0.5 µg. By contrast, participants assigned to the control group were explicitly prohibited from using alfacalcidol or any other pharmaceutical formulations that contained active vitamin D components. The primary endpoint was the improvement in skeletal muscle mass or function (a composite endpoint) from the baseline assessment to Week 48. Primary efficacy analyses were based on the intention-to-treat (ITT) population who completed randomization. Sensitivity analyses of the per-protocol (PP) population and the population adjusted for potential confounders were performed. Safety and tolerability were monitored. This trial was registered at the Chinese Clinical Trial Registry, ChiCTR2400084107. Participants had a good adherence to treatment. During the 48-week outpatient follow-up, 30.0% (15/50) of participants achieved improvement in muscle mass or function. Specifically, 48.0% (12/25) of participants in the alfacalcidol group and 12.0% (3/25) in the control group achieved improvement in muscle mass or function, yielding an absolute difference of 36.0% (95% CI 12.6% – 59.4%; P = 0.005), with a relative risk (RR) of 1.69 (95% CI 1.13–2.53). For the PP population, the results showed an absolute difference of 38.6% (95% CI 13.7% – 63.5%; P = 0.006), with a RR of 1.81 (95% CI 1.14–2.86), between the two groups. For the population adjusted for baseline age and serum 25(OH)D in the multivariate model, vitamin D supplementation was still significantly correlated with the improvement in muscle mass and function (odds ratio (OR) 11.89, 95% CI 1.92–73.5; P = 0.008). The incidence of adverse events did not differ between the two groups, and the daily administration of 0.5 µg of alfacalcidol was well-tolerated. These results indicate that the administration of active vitamin D has the potential to improve muscle mass and function in ESRD patients with sarcopenia and vitamin D insufficiency or deficiency who were undergoing PD. Nevertheless, due to the risk of biases stemming from study limitations, these findings should be interpreted as exploratory, and the generalizability (external validity) of the results warrants further investigation.Registration and Protocol Availability: The trial has been registered with the Chinese Clinical Trial Registry ( http://www.chictr.org.cn ) under registration number ChiCTR2400084107, and the registration date is May 10, 2024. The detailed protocol can be accessed directly from the website.",Wang L; Zhu B; Xue C; Zhou F; Luo Q,2026,Scientific reports,Journal Article|Randomized Controlled Trial,10.1038/s41598-026-47141-1,https://pubmed.ncbi.nlm.nih.gov/41933167/,retain,true,abstract_only,ABSTRACT_SENTENCE_18,"The incidence of adverse events did not differ between the two groups, and the daily administration of 0.5 µg of alfacalcidol was well-tolerated.",0.5 µg,"This single-center, randomized, open-label, parallel-controlled clinical trial was conducted at the Ningbo No.2 Hospital, which serves as a tertiary care center in the Ningbo region of Zhejiang Province, China. | The incidence of adverse events did not differ between the two groups, and the daily administration of 0.5 µg of alfacalcidol was well-tolerated.","The incidence of adverse events did not differ between the two groups, and the daily administration of 0.5 µg of alfacalcidol was well-tolerated.",The data regarding the influence of active vitamin D supplementation on muscle mass and function in end-stage renal disease (ESRD) patients have been inconclusive. | Our study aimed to determine the effectiveness of vitamin D supplementation on the alterations in muscle mass and function in peritoneal dialysis (PD) patients with sarcopenia. | ESRD patients with sarcopenia and vitamin D insufficiency or deficiency (serum 25(OH)D levels < 30 ng/mL) who were undergoing PD were recruited for the study.,18,research/searches_v3/HRS2_KIDNEY_DISEASE/pubmed/20260726T163628Z/efetch_001.xml,a5e5cb61f643bd4b256930f85519e8fee098a652dd5ad1c330c9749200214d80,,not_observed,ai_screened_regex_confirmed
HRS2_KIDNEY_DISEASE,pubmed:16053010,pubmed,16053010,"[Efficacy and safety of two vitamin supplement regimens on homocysteine levels in hemodialysis patients. Prospective, randomized clinical trial].","UNLABELLED: High levels of homocysteine (tHcy) are frecuent in MHD patients, and recognized as a risk factor for cardiovascular events. Vitamin supplements have been shown to lower serum Hcys, although optimal dose and efficacy is not well defined. Moreover, methylenetetrahydrofolate reductase (MTHFR) gene polymorphism can modulate its prevalence and response to treatment.
OBJECTIVE: To evaluate efficacy and safety of two vitamin supplement regimens on Hcys serum levels over a 12 month period.
METHODS: We conducted a prospective, randomised, double-blind trial in 60 stable MHD patients (68 +/- 13 years, 48% male, 50% diabetics). Patients were randomly assigned to one of two treatment regimens: 1) daily renal multivitamin containing folate (FA), vitamin B6 and B12 (5 mg, 10 mg and 0.4 mg respectively) (N = 27); and 2) supraphysiological daily doses (15 mg, 100 mg and 1 mg) (N = 33). These regimens were continued throughout the study period. Hcys levels were compared with a control group from the general population (N = 276) matched for age and gender.
MEASUREMENTS: demographic and clinical data, serum levels of Hcys, FA, B6, B12 at baseline and after 1, 3, 6 and 12 months of treatment; MTHFR gene polymorphism (PCRRT).
RESULTS: At baseline, global prevalence of hyperhomocysteinemia (tHcy > or = 15 micromol/L) was 100% in patients and 22% en controls. Hcys levels were significantly higher in patients versus controls (32.4 +/- 8.9 vs 12.9 +/- 6.8; P < 0.0001). Both regimens were equally effective in reducing Hcys levels. As a whole, Hcys levels were reduced by 23.6% (P < 0.001) after one month of treatment. The highest reduction was observed at the sixth month (28.3%, 32.4 +/- 8.9 vs 22.7 +/- 6.4, P < 0.001) and remained stable thereafter. However, only 12% of patients normalised their plasma levels after 12 months of therapy. The effect of treatment was not influenced by age, gender, diabetes, body weight or time on MHD. Reduction rate of tHcy levels was related to baseline tHcy level (r = 0.500, P < 0.001) and baseline FA levels (r = -0.332, P = 0.009). The MTHFR polimorfism did not significantly modified the effect of the treatment. No side effects were associated with either regimen.
CONCLUSIONS: Hyperhomocysteinemia is common in patients with conventional HD schedules and this is not related to vitamin deficiencies. Vitamin supplements significantly reduce Hcys levels in a sustained but suboptimal way. Supraphysiological doses did not improve the results. Further studies are requiered to demonstrate that this effect is associated with an improval in morbidity and mortality.",Sánchez Alvarez JE; Pérez Tamajón L; Hernández D; Alvarez González A; Delgado P; Lorenzo V,2005,Nefrologia : publicacion oficial de la Sociedad Espanola Nefrologia,Clinical Trial|Comparative Study|English Abstract|Journal Article|Randomized Controlled Trial,,https://pubmed.ncbi.nlm.nih.gov/16053010/,retain,true,abstract_only,ABSTRACT_SENTENCE_1,"UNLABELLED: High levels of homocysteine (tHcy) are frecuent in MHD patients, and recognized as a risk factor for cardiovascular events.",5 mg | 10 mg | 0.4 mg | 15 mg | 100 mg | 1 mg,"UNLABELLED: High levels of homocysteine (tHcy) are frecuent in MHD patients, and recognized as a risk factor for cardiovascular events. | Further studies are requiered to demonstrate that this effect is associated with an improval in morbidity and mortality.","UNLABELLED: High levels of homocysteine (tHcy) are frecuent in MHD patients, and recognized as a risk factor for cardiovascular events.","Patients were randomly assigned to one of two treatment regimens: 1) daily renal multivitamin containing folate (FA), vitamin B6 and B12 (5 mg, 10 mg and 0.4 mg respectively) (N = 27); and 2) supraphysiological daily doses (15 mg, 100 mg and 1 mg) (N = 33).",17,research/searches_v3/HRS2_KIDNEY_DISEASE/pubmed/20260726T163628Z/efetch_001.xml,a5e5cb61f643bd4b256930f85519e8fee098a652dd5ad1c330c9749200214d80,,not_observed,ai_screened_regex_confirmed
HRS2_KIDNEY_DISEASE,pubmed:18845368,pubmed,18845368,Intravenous versus oral iron supplementation for the treatment of anemia in CKD: systematic review and meta-analysis.,"BACKGROUND: Iron supplementation is essential for the treatment of patients with anemia of chronic kidney disease (CKD). It is not clear which is the best method of iron administration.
STUDY DESIGN: Systematic review and meta-analysis. A search was performed until January 2008 of MEDLINE, Cochrane Central Register of Controlled Trials, conference proceedings in nephrology, and reference lists of included trials.
SETTING & POPULATION: Patients with CKD (stages III to V). We included dialysis patients and patients with CKD not on dialysis therapy (hereafter referred to as patients with CKD).
SELECTION CRITERIA FOR STUDIES: We included all randomized controlled trials regardless of publication status or language.
INTERVENTION: Intravenous (IV) versus oral iron supplementation.
OUTCOMES MEASURES: Primary outcomes assessed: absolute hemoglobin (Hb) level or change in Hb level from baseline. We also assessed all-cause mortality, erythropoiesis-stimulating agent requirement, adverse events, ferritin level, and need for renal replacement therapy in patients with CKD.
RESULTS: 13 trials were identified, 6 including patients with CKD and 7 including dialysis patients. Compared with oral iron, there was a significantly greater Hb level in dialysis patients treated with IV iron (weighted mean difference, 0.83 g/dL; 95% confidence interval, 0.09 to 1.57). Meta-regression showed a positive association between Hb level increase and IV iron dose administered and a negative association with baseline Hb level. For patients with CKD, there was a small but significant difference in Hb level favoring the IV iron group (weighted mean difference, 0. 31 g/dL; 95% confidence interval, 0.09 to 0. 53). Data for all-cause mortality were sparse, and there was no difference in adverse events between the IV- and oral-treated patients.
LIMITATIONS: There was significant heterogeneity between trials. Follow-up was limited to 2 to 3 months.
CONCLUSIONS: Our review shows that patients on hemodialysis therapy have better Hb level response when treated with IV iron. For patients with CKD, this effect is small.",Rozen-Zvi B; Gafter-Gvili A; Paul M; Leibovici L; Shpilberg O; Gafter U,2008,American journal of kidney diseases : the official journal of the National Kidney Foundation,Journal Article|Meta-Analysis|Systematic Review,10.1053/j.ajkd.2008.05.033,https://pubmed.ncbi.nlm.nih.gov/18845368/,retain,true,abstract_only,ABSTRACT_SENTENCE_10,"We also assessed all-cause mortality, erythropoiesis-stimulating agent requirement, adverse events, ferritin level, and need for renal replacement therapy in patients with CKD.",0.83 g/d | 31 g/d,"We also assessed all-cause mortality, erythropoiesis-stimulating agent requirement, adverse events, ferritin level, and need for renal replacement therapy in patients with CKD. | Data for all-cause mortality were sparse, and there was no difference in adverse events between the IV- and oral-treated patients.","We also assessed all-cause mortality, erythropoiesis-stimulating agent requirement, adverse events, ferritin level, and need for renal replacement therapy in patients with CKD.","BACKGROUND: Iron supplementation is essential for the treatment of patients with anemia of chronic kidney disease (CKD). | A search was performed until January 2008 of MEDLINE, Cochrane Central Register of Controlled Trials, conference proceedings in nephrology, and reference lists of included trials. | SETTING & POPULATION: Patients with CKD (stages III to V).",17,research/searches_v3/HRS2_KIDNEY_DISEASE/pubmed/20260726T163628Z/efetch_001.xml,a5e5cb61f643bd4b256930f85519e8fee098a652dd5ad1c330c9749200214d80,,not_observed,ai_screened_regex_confirmed
HRS2_KIDNEY_DISEASE,pubmed:19359080,pubmed,19359080,Homocysteine as a risk factor for cardiovascular disease in patients treated by dialysis: a meta-analysis.,"BACKGROUND: In the general population, increased homocysteine concentrations are a risk factor for cardiovascular disease and mortality. However, it is not known whether this also applies to patients with end-stage renal disease.
STUDY DESIGN: Meta-analysis of retrospective (11 studies including 1,506 individuals), prospective observational studies (12 studies including 1,975 individuals), and intervention trials (5 studies including 1,642 dialysis patients). Analyses were carried out separately, according to the study design.
SETTING & POPULATION: Studies of patients with end-stage renal disease treated by means of hemodialysis or peritoneal dialysis.
SELECTION CRITERIA FOR STUDIES: Studies investigating the association between total homocysteine level and cardiovascular disease or total mortality or the influence of vitamin supplementation on cardiovascular or mortality risk.
INTERVENTION: In intervention studies, vitamin preparations with folic acid alone or in combination with other vitamins, such as vitamin B(12) and B(6), were used.
OUTCOMES: In retrospective studies, cases are patients with cardiovascular diseases. Outcomes for prospective observational and intervention studies are cardiovascular events and total mortality.
RESULTS: In retrospective studies, there was no significant overall difference in homocysteine concentrations between cases and controls (weighted mean difference in homocysteine, 2.82 micromol/L; 95% confidence interval [CI], -2.22 to 7.86; P = 0.3). The pooled overall risk estimate for prospective observational studies suggests no association between homocysteine level (5-micromol/L increase) and total mortality (hazard ratio [HR], 1.02; 95% CI, 0.93 to 1.12; P = 0.7), but there was an association with cardiovascular events (HR, 1.09; 95% CI, 1.03 to 1.14; P = 0.001). In subgroup analysis of patients not receiving vitamins, an increase in homocysteine level was associated with increased mortality (HR, 1.07; 95% CI, 1.02 to 1.13; P = 0.01). For intervention trials with B vitamins, there was a significant risk reduction for cardiovascular disease (relative risk, 0.73; 95% CI, 0.56 to 0.94; P = 0.02), but no risk reduction for total mortality or the composite end point including total mortality (relative risk, 1.01; 95% CI, 0.88 to 1.15; P = 0.9).
LIMITATIONS: Many studies are small, which may lead to the observed heterogeneity. Some intervention trials are neither placebo controlled nor randomized. Separate analyses for specific end points and patients treated by means of hemodialysis or peritoneal dialysis were not possible.
CONCLUSION: Total homocysteine level may be a risk factor for cardiovascular events and total mortality in patients with end-stage renal disease not receiving vitamin supplementation or folic acid food fortification. There may be a potential for reducing cardiovascular disease in this population by folic acid supplementation.",Heinz J; Kropf S; Luley C; Dierkes J,2009,American journal of kidney diseases : the official journal of the National Kidney Foundation,Comparative Study|Journal Article|Meta-Analysis,10.1053/j.ajkd.2009.01.266,https://pubmed.ncbi.nlm.nih.gov/19359080/,retain,true,abstract_only,ABSTRACT_SENTENCE_11,"The pooled overall risk estimate for prospective observational studies suggests no association between homocysteine level (5-micromol/L increase) and total mortality (hazard ratio [HR], 1.02; 95% CI, 0.93 to 1.12; P = 0.7), but there was an association with cardiovascular events (HR, 1.09; 95% CI, 1.03 to 1.14; P = 0.001).",,"BACKGROUND: In the general population, increased homocysteine concentrations are a risk factor for cardiovascular disease and mortality. | SELECTION CRITERIA FOR STUDIES: Studies investigating the association between total homocysteine level and cardiovascular disease or total mortality or the influence of vitamin supplementation on cardiovascular or mortality risk. | OUTCOMES: In retrospective studies, cases are patients with cardiovascular diseases.","The pooled overall risk estimate for prospective observational studies suggests no association between homocysteine level (5-micromol/L increase) and total mortality (hazard ratio [HR], 1.02; 95% CI, 0.93 to 1.12; P = 0.7), but there was an association with cardiovascular events (HR, 1.09; 95% CI, 1.03 to 1.14; P = 0.001).","However, it is not known whether this also applies to patients with end-stage renal disease. | STUDY DESIGN: Meta-analysis of retrospective (11 studies including 1,506 individuals), prospective observational studies (12 studies including 1,975 individuals), and intervention trials (5 studies including 1,642 dialysis patients). | SETTING & POPULATION: Studies of patients with end-stage renal disease treated by means of hemodialysis or peritoneal dialysis.",17,research/searches_v3/HRS2_KIDNEY_DISEASE/pubmed/20260726T163628Z/efetch_001.xml,a5e5cb61f643bd4b256930f85519e8fee098a652dd5ad1c330c9749200214d80,,not_observed,ai_screened_regex_confirmed
HRS2_KIDNEY_DISEASE,pubmed:22695899,pubmed,22695899,The effect of folic acid based homocysteine lowering on cardiovascular events in people with kidney disease: systematic review and meta-analysis.,"OBJECTIVE: To systematically review the effect of folic acid based homocysteine lowering on cardiovascular outcomes in people with kidney disease.
DESIGN: Systematic review and meta-analysis.
DATA SOURCES: Medline, Embase, the Cochrane Library, and ClinicalTrials.gov to June 2011.
STUDY SELECTION: Randomised trials in people with non-dialysis dependent chronic kidney disease or end stage kidney disease or with a functioning kidney transplant reporting at least 100 patient years of follow-up and assessing the effect of folic acid based homocysteine lowering therapy. No language restrictions were applied.
DATA EXTRACTION: Two reviewers independently extracted data on study setting, design, and outcomes using a standardised form. The primary endpoint was cardiovascular events (myocardial infarction, stroke, and cardiovascular mortality, or as defined by study author). Secondary endpoints included the individual composite components, all cause mortality, access thrombosis, requirement for renal replacement therapy, and reported adverse events, including haematological and neurological events. The effect of folic acid based homocysteine lowering on outcomes was assessed with meta-analysis using random effects models.
RESULTS: 11 trials were identified that reported on 4389 people with chronic kidney disease, 2452 with end stage kidney disease, and 4110 with functioning kidney transplants (10,951 participants in total). Folic acid based homocysteine therapy did not prevent cardiovascular events (relative risk 0.97, 95% confidence interval 0.92 to 1.03, P = 0.326) or any of the secondary outcomes. There was no evidence of heterogeneity in subgroup analyses, including those of kidney disease category, background fortification, rates of pre-existing disease, or baseline homocysteine level. The definitions of chronic kidney disease varied widely between the studies. Non-cardiovascular events could not be analysed as few studies reported these outcomes.
CONCLUSIONS: Folic acid based homocysteine lowering does not reduce cardiovascular events in people with kidney disease. Folic acid based regimens should not be used for the prevention of cardiovascular events in people with kidney disease.",Jardine MJ; Kang A; Zoungas S; Navaneethan SD; Ninomiya T; Nigwekar SU; Gallagher MP; Cass A; Strippoli G; Perkovic V,2012,BMJ (Clinical research ed.),"Journal Article|Meta-Analysis|Research Support, Non-U.S. Gov't|Systematic Review",10.1136/bmj.e3533,https://pubmed.ncbi.nlm.nih.gov/22695899/,retain,true,abstract_only,ABSTRACT_SENTENCE_11,"Folic acid based homocysteine therapy did not prevent cardiovascular events (relative risk 0.97, 95% confidence interval 0.92 to 1.03, P = 0.326) or any of the secondary outcomes.",,"OBJECTIVE: To systematically review the effect of folic acid based homocysteine lowering on cardiovascular outcomes in people with kidney disease. | The primary endpoint was cardiovascular events (myocardial infarction, stroke, and cardiovascular mortality, or as defined by study author). | Secondary endpoints included the individual composite components, all cause mortality, access thrombosis, requirement for renal replacement therapy, and reported adverse events, including haematological and neurological events.","Folic acid based homocysteine therapy did not prevent cardiovascular events (relative risk 0.97, 95% confidence interval 0.92 to 1.03, P = 0.326) or any of the secondary outcomes.","OBJECTIVE: To systematically review the effect of folic acid based homocysteine lowering on cardiovascular outcomes in people with kidney disease. | STUDY SELECTION: Randomised trials in people with non-dialysis dependent chronic kidney disease or end stage kidney disease or with a functioning kidney transplant reporting at least 100 patient years of follow-up and assessing the effect of folic acid based homocysteine lowering therapy. | Secondary endpoints included the individual composite components, all cause mortality, access thrombosis, requirement for renal replacement therapy, and reported adverse events, including haematological and neurological events.",17,research/searches_v3/HRS2_KIDNEY_DISEASE/pubmed/20260726T163628Z/efetch_001.xml,a5e5cb61f643bd4b256930f85519e8fee098a652dd5ad1c330c9749200214d80,,not_observed,ai_screened_regex_confirmed
HRS2_KIDNEY_DISEASE,pubmed:22786510,pubmed,22786510,Rheum officinale (a traditional Chinese medicine) for chronic kidney disease.,"BACKGROUND: Chronic kidney disease (CKD) is a major public health issue worldwide. Standard therapies to delay CKD progression include dietary protein restriction and administration of angiotensin-converting enzyme inhibitors (ACEi) and angiotensin receptor blockers (ARB) to help control blood pressure and confer additional renoprotective effects. Despite such interventions, CKD incidence and mortality rates continue to increase. Rheum officinale (Da Huang) a medicinal herb used widely in China to treat CKD has been reported to offer a range of pharmacological properties that may delay disease progression.
OBJECTIVES: To assess the benefits and harms of Rheum officinale for preventing the progression of CKD.
SEARCH METHODS: We searched the Cochrane Renal Group's Specialised Register and CENTRAL (Issue 4, 2011), MEDLINE, EMBASE, the Chinese Biomedicine Database (CBM), China National Knowledge Infrastructure (CNKI), VIP (Chongqing VIP Chinese Science and Technology Periodical Database), and Wanfang Data. We also handsearched reference lists of articles. We applied no restrictions on language of publication.
SELECTION CRITERIA: We included randomised controlled trials (RCTs) and quasi-RCTs that assessed the benefits and harms of Rheum officinale for preventing the progression of CKD regardless of dosage, type, maturity, mode of administration, duration of treatment, or storage time before use.
DATA COLLECTION AND ANALYSIS: Two authors independently screened titles and abstracts for eligibility, assessed study quality, and extracted data. We expressed results for dichotomous outcomes (need for renal replacement therapy, all-cause mortality, quality of life) as risk ratios (RR) with 95% confidence intervals (CI). Continuous outcomes (glomerular filtration rate (GFR), serum creatinine (SCr), creatinine clearance (CrCl), blood urea nitrogen (BUN)) were expressed as mean differences (MD) with 95% CIs.
MAIN RESULTS: We identified nine studies that enrolled 682 participants. None of the studies reported blinding or group allocation methods. Seven studies were judged to be at low risk of incomplete outcome reporting; three studies were judged to be a low risk of selective reporting (protocols were available and/or all outcomes relevant to the this review were reported); and two studies were judged free of other potential biases.Seven studies compared Rheum officinale with no treatment and two made comparisons with captopril, an angiotensin-converting enzyme inhibitor (ACEi). Compared with no treatment, Rheum officinale had a positive effect on SCr (MD -87.49 µmol/L, 95% CI -139.25 to -35.72) and BUN (MD -10.61 mmol/L, 95% CI -19.45 to -2.21). Compared with captopril, a statistically significant difference was not demonstrated in relation to Rheum officinale for any outcome (BUN, CrCl, or patients' capacity to undertake work). No data were available on all-cause mortality or cost of treatment. Only minor adverse events were reported in association with Rheum officinale.
AUTHORS' CONCLUSIONS: Currently available evidence concerning the efficacy of Rheum officinale to improve SCr and BUN levels in patients with CKD is both scant and low quality. Although Rheum officinale does not appear to be associated with serious adverse events among patients with CKD, there is no current evidence to support any recommendation for its use.",Wang H; Song H; Yue J; Li J; Hou YB; Deng JL,2012,The Cochrane database of systematic reviews,"Journal Article|Meta-Analysis|Research Support, Non-U.S. Gov't|Systematic Review",10.1002/14651858.CD008000.pub2,https://pubmed.ncbi.nlm.nih.gov/22786510/,retain,true,abstract_only,ABSTRACT_SENTENCE_11,"We expressed results for dichotomous outcomes (need for renal replacement therapy, all-cause mortality, quality of life) as risk ratios (RR) with 95% confidence intervals (CI).",10.61 mmol,"Despite such interventions, CKD incidence and mortality rates continue to increase. | We expressed results for dichotomous outcomes (need for renal replacement therapy, all-cause mortality, quality of life) as risk ratios (RR) with 95% confidence intervals (CI). | No data were available on all-cause mortality or cost of treatment.","We expressed results for dichotomous outcomes (need for renal replacement therapy, all-cause mortality, quality of life) as risk ratios (RR) with 95% confidence intervals (CI).","BACKGROUND: Chronic kidney disease (CKD) is a major public health issue worldwide. | Standard therapies to delay CKD progression include dietary protein restriction and administration of angiotensin-converting enzyme inhibitors (ACEi) and angiotensin receptor blockers (ARB) to help control blood pressure and confer additional renoprotective effects. | Despite such interventions, CKD incidence and mortality rates continue to increase.",17,research/searches_v3/HRS2_KIDNEY_DISEASE/pubmed/20260726T163628Z/efetch_001.xml,a5e5cb61f643bd4b256930f85519e8fee098a652dd5ad1c330c9749200214d80,,not_observed,ai_screened_regex_confirmed
HRS2_KIDNEY_DISEASE,pubmed:23626678,pubmed,23626678,Impact of vitamin D on chronic kidney diseases in non-dialysis patients: a meta-analysis of randomized controlled trials.,"BACKGROUND AND OBJECTIVES: Recent studies have supported a role for both newer and more established vitamin D compounds in improving proteinuria, although systematic evaluation is lacking. Furthermore, concerns remain regarding the influence of vitamin D on the progression of renal function. We analyzed the efficacy and safety of vitamin D in non-dialysis patients and compared the use of newer versus established vitamin D compounds by performing a meta-analysis of randomized controlled trials.
DESIGN: A literature search of PubMed (1975 to September, 2012), EMBASE.com (1966 to September, 2012) and Ovid EBM Reviews (through September, 2012) was conducted.
RESULTS: Eighteen studies were eligible for final inclusion; of these, six explored the effects of vitamin D on proteinuria, twelve studied the effects of supplementation on renal function, and fifteen discussed the incidence of hypercalcemia. Compared to the placebo or no interference, both the newer and established vitamin D sterols reduced proteinuria to a similar extent (RR, 2.00; 95% CI, 1.42 to 2.81). No decrease in the glomerular filter rate was observed (SMD, -0.10; 95%CI, -0.24 to 0.03), and the risk for dialysis initiation was 1.48 (95% CI, 0.54 to 4.03) with vitamin D treatment. Additionally, there was an increased risk of hypercalcemia for patients treated with either newer or established vitamin D compounds as compared with the controls (RR, 4.78; 95% CI, 2.20 to 10.37). The head-to-head studies showed no differences in the effects of either newer or established compounds on proteinuria or the risk of hypercalcemia. No serious adverse events were associated with the administration of vitamin D.
CONCLUSIONS: Vitamin D therapy appears to decrease proteinuria and have no negative influence on renal function in non-dialysis patients. But the occurrence of hypercalcemia should be evaluated when vitamin D is provided. No superiority for newer versus established vitamin D analogue is found.",Xu L; Wan X; Huang Z; Zeng F; Wei G; Fang D; Deng W; Li Y,2013,PloS one,Journal Article|Meta-Analysis,10.1371/journal.pone.0061387,https://pubmed.ncbi.nlm.nih.gov/23626678/,retain,true,abstract_only,ABSTRACT_SENTENCE_8,"Additionally, there was an increased risk of hypercalcemia for patients treated with either newer or established vitamin D compounds as compared with the controls (RR, 4.78; 95% CI, 2.20 to 10.37).",95%,"RESULTS: Eighteen studies were eligible for final inclusion; of these, six explored the effects of vitamin D on proteinuria, twelve studied the effects of supplementation on renal function, and fifteen discussed the incidence of hypercalcemia. | Additionally, there was an increased risk of hypercalcemia for patients treated with either newer or established vitamin D compounds as compared with the controls (RR, 4.78; 95% CI, 2.20 to 10.37). | The head-to-head studies showed no differences in the effects of either newer or established compounds on proteinuria or the risk of hypercalcemia.","Additionally, there was an increased risk of hypercalcemia for patients treated with either newer or established vitamin D compounds as compared with the controls (RR, 4.78; 95% CI, 2.20 to 10.37).","Furthermore, concerns remain regarding the influence of vitamin D on the progression of renal function. | We analyzed the efficacy and safety of vitamin D in non-dialysis patients and compared the use of newer versus established vitamin D compounds by performing a meta-analysis of randomized controlled trials. | RESULTS: Eighteen studies were eligible for final inclusion; of these, six explored the effects of vitamin D on proteinuria, twelve studied the effects of supplementation on renal function, and fifteen discussed the incidence of hypercalcemia.",17,research/searches_v3/HRS2_KIDNEY_DISEASE/pubmed/20260726T163628Z/efetch_001.xml,a5e5cb61f643bd4b256930f85519e8fee098a652dd5ad1c330c9749200214d80,,not_observed,ai_screened_regex_confirmed
HRS2_KIDNEY_DISEASE,pubmed:27858927,pubmed,27858927,Is folic acid supplementation useful for chronic kidney disease?,"Patients with chronic kidney disease have higher cardiovascular risk than general population, a fact that has been linked to high homocysteine levels. Folic acid supplementation can reduce homocysteine levels, which would reduce cardiovascular events. However, there is controversy about the clinical effects of this measure. Searching in Epistemonikos database, which is maintained by screening 30 databases, we identified six systematic reviews comprising 13 trials addressing the question of this article. We combined the evidence using meta-analysis and generated a summary of findings following the GRADE approach. We concluded folic acid supplementation does not reduce the risk of myocardial infarction or stroke in patients with chronic kidney disease, and might have no effect on mortality.",Bravo-Soto GA; Madrid T,2016,Medwave,Journal Article|Meta-Analysis|Review,10.5867/medwave.2016.6591,https://pubmed.ncbi.nlm.nih.gov/27858927/,retain,true,abstract_only,ABSTRACT_SENTENCE_6,"We concluded folic acid supplementation does not reduce the risk of myocardial infarction or stroke in patients with chronic kidney disease, and might have no effect on mortality.",,"Patients with chronic kidney disease have higher cardiovascular risk than general population, a fact that has been linked to high homocysteine levels. | Folic acid supplementation can reduce homocysteine levels, which would reduce cardiovascular events. | We concluded folic acid supplementation does not reduce the risk of myocardial infarction or stroke in patients with chronic kidney disease, and might have no effect on mortality.","We concluded folic acid supplementation does not reduce the risk of myocardial infarction or stroke in patients with chronic kidney disease, and might have no effect on mortality.","Patients with chronic kidney disease have higher cardiovascular risk than general population, a fact that has been linked to high homocysteine levels. | We concluded folic acid supplementation does not reduce the risk of myocardial infarction or stroke in patients with chronic kidney disease, and might have no effect on mortality.",17,research/searches_v3/HRS2_KIDNEY_DISEASE/pubmed/20260726T163628Z/efetch_001.xml,a5e5cb61f643bd4b256930f85519e8fee098a652dd5ad1c330c9749200214d80,,not_observed,ai_screened_regex_confirmed
HRS2_KIDNEY_DISEASE,pubmed:34286806,pubmed,34286806,Association of polyunsaturated fatty acids with improved heart rate variability and cardiovascular events in patients with end-stage renal disease receiving maintenance dialysis: a systematic review and meta-analysis of randomized controlled trials.,"OBJECTIVE: Apart from dietary restriction and medical therapy, the benefits of cardiovascular protection offered by polyunsaturated fatty acid (PUFA) supplements in patients with ESRD receiving maintenance dialysis remain unclear. This systematic review and meta-analysis examined the effects of PUFAs on blood pressure, heart rate (HR), HR variability (HRV), and cardiovascular disease (CVD) prognosis.
METHODS: We identified randomized controlled trials (RCTs) from Embase, PubMed (including MEDLINE), and Web of Science. We included seven RCTs that involved 724 patients with ESRD receiving dialysis and PUFA supplements.
RESULTS: The data indicated that compared with the control group, the PUFA group demonstrated decreased cardiovascular events (Peto odds ratio = 0.52, 95% confidence interval [CI] = 0.32 to 0.85, P = 0.009) and HRV (changes in the mean HR [mean difference = -2.59, 95% CI = -4.91 to -0.26, P = 0.03, I2 = 0%]; mean RR interval [MD = 29.03, 95% CI = 5.43 to 52.63, P = 0.02, I2 = 0%]; mean of the standard deviation of all normal RR intervals for all 5 min segments [MD = 2.73, 95% CI = 0.48 to 4.99, P = 0.02, I2 = 0%], and square root of the mean of the sum of the squares of differences between adjacent intervals [MD = 2.03, 95% CI = 0.04 to 4.03, P = 0.05, I2 = 0%]).
CONCLUSION: PUFA supplements appeared to improve CVD prognosis in patients receiving dialysis. Additional RCTs with longer follow-up periods need to clarify the benefits of PUFA supplements in this patient population.",Chou CL; Chen JS; Kang YN; Chen YJ; Fang TC,2021,Food & function,Journal Article|Meta-Analysis|Systematic Review,10.1039/d1fo00510c,https://pubmed.ncbi.nlm.nih.gov/34286806/,retain,true,abstract_only,ABSTRACT_SENTENCE_5,"RESULTS: The data indicated that compared with the control group, the PUFA group demonstrated decreased cardiovascular events (Peto odds ratio = 0.52, 95% confidence interval [CI] = 0.32 to 0.85, P = 0.009) and HRV (changes in the mean HR [mean difference = -2.59, 95% CI = -4.91 to -0.26, P = 0.03, I2 = 0%]; mean RR interval [MD = 29.03, 95% CI = 5.43 to 52.63, P = 0.02, I2 = 0%]; mean of the standard deviation of all normal RR intervals for all 5 min segments [MD = 2.73, 95% CI = 0.48 to 4.99, P = 0.02, I2 = 0%], and square root of the mean of the sum of the squares of differences between adjacent intervals [MD = 2.03, 95% CI = 0.04 to 4.03, P = 0.05, I2 = 0%]).",,"OBJECTIVE: Apart from dietary restriction and medical therapy, the benefits of cardiovascular protection offered by polyunsaturated fatty acid (PUFA) supplements in patients with ESRD receiving maintenance dialysis remain unclear. | This systematic review and meta-analysis examined the effects of PUFAs on blood pressure, heart rate (HR), HR variability (HRV), and cardiovascular disease (CVD) prognosis. | RESULTS: The data indicated that compared with the control group, the PUFA group demonstrated decreased cardiovascular events (Peto odds ratio = 0.52, 95% confidence interval [CI] = 0.32 to 0.85, P = 0.009) and HRV (changes in the mean HR [mean difference = -2.59, 95% CI = -4.91 to -0.26, P = 0.03, I2 = 0%]; mean RR interval [MD = 29.03, 95% CI = 5.43 to 52.63, P = 0.02, I2 = 0%]; mean of the standard deviation of all normal RR intervals for all 5 min segments [MD = 2.73, 95% CI = 0.48 to 4.99, P = 0.02, I2 = 0%], and square root of the mean of the sum of the squares of differences between adjacent intervals [MD = 2.03, 95% CI = 0.04 to 4.03, P = 0.05, I2 = 0%]).","RESULTS: The data indicated that compared with the control group, the PUFA group demonstrated decreased cardiovascular events (Peto odds ratio = 0.52, 95% confidence interval [CI] = 0.32 to 0.85, P = 0.009) and HRV (changes in the mean HR [mean difference = -2.59, 95% CI = -4.91 to -0.26, P = 0.03, I2 = 0%]; mean RR interval [MD = 29.03, 95% CI = 5.43 to 52.63, P = 0.02, I2 = 0%]; mean of the standard deviation of all normal RR intervals for all 5 min segments [MD = 2.73, 95% CI = 0.48 to 4.99, P = 0.02, I2 = 0%], and square root of the mean of the sum of the squares of differences between adjacent intervals [MD = 2.03, 95% CI = 0.04 to 4.03, P = 0.05, I2 = 0%]).","OBJECTIVE: Apart from dietary restriction and medical therapy, the benefits of cardiovascular protection offered by polyunsaturated fatty acid (PUFA) supplements in patients with ESRD receiving maintenance dialysis remain unclear. | We included seven RCTs that involved 724 patients with ESRD receiving dialysis and PUFA supplements. | CONCLUSION: PUFA supplements appeared to improve CVD prognosis in patients receiving dialysis.",17,research/searches_v3/HRS2_KIDNEY_DISEASE/pubmed/20260726T163628Z/efetch_001.xml,a5e5cb61f643bd4b256930f85519e8fee098a652dd5ad1c330c9749200214d80,,not_observed,ai_screened_regex_confirmed
HRS2_KIDNEY_DISEASE,pubmed:34905018,pubmed,34905018,Effects of Microbiota-Driven Therapy on Circulating Indoxyl Sulfate and P-Cresyl Sulfate in Patients with Chronic Kidney Disease: A Systematic Review and Meta-Analysis of Randomized Controlled Trials.,"Indoxyl sulfate (IS) and p-cresyl sulfate (PCS), protein-bound uremic toxins, exacerbate the deterioration of renal function and increase the risk of cardiovascular events in chronic kidney disease (CKD) patients. The effects of microbiota-driven therapy (probiotics, prebiotics, or synbiotics) on decreasing circulating IS and PCS concentrations are controversial; thus, we performed the present systematic review and meta-analysis to assess the effects of microbiota-driven therapy on circulating IS and PCS concentrations in CKD patients. PubMed, EMBASE, and Cochrane Library databases were systematically searched from inception to 22 July, 2021, and randomized controlled trials (RCTs) investigating the effects of microbiota-driven therapy on circulating IS and PCS concentrations in CKD patients were included. In all, 14 RCTs with 513 participants were eligible for the meta-analysis. The effects of microbiota-driven therapy on the circulating IS and PCS concentrations were evaluated with weighted mean differences (WMDs) measured by a fixed-effects model or a random-effects model. Compared with placebo, microbiota-driven therapy had no statistically significant effect on the circulating IS concentration (WMD: -1.64 mg/L; 95% CI: -3.46, 0.18 mg/L; P = 0.077) but it decreased the circulating PCS concentration (WMD: -2.42 mg/L; 95% CI: -3.81, -1.04 mg/L; P = 0.001). In the subgroup analyses, prebiotic (n = 6) and synbiotic (n = 3) supplementation significantly decreased the circulating PCS concentration, whereas probiotic (n = 3) supplementation did not. Meta-regression showed that the effects of microbiota-driven therapy were not associated with the supplementation time or the year of publication. Moreover, there was no significant evidence of publication bias. This review found that microbiota-driven therapy decreased the circulating PCS concentration in CKD patients. Additional large, well-designed RCTs with improved methodology and reporting are necessary to assess the effects of microbiota-driven therapy on circulating IS and PCS concentrations in the long term. This systematic review was registered at www.crd.york.ac.uk/prospero/ as CRD42021269146.",Chen L; Shi J; Ma X; Shi D; Qu H,2022,"Advances in nutrition (Bethesda, Md.)","Journal Article|Meta-Analysis|Systematic Review|Research Support, Non-U.S. Gov't",10.1093/advances/nmab149,https://pubmed.ncbi.nlm.nih.gov/34905018/,retain,true,abstract_only,ABSTRACT_SENTENCE_1,"Indoxyl sulfate (IS) and p-cresyl sulfate (PCS), protein-bound uremic toxins, exacerbate the deterioration of renal function and increase the risk of cardiovascular events in chronic kidney disease (CKD) patients.",1.64 mg | 0.18 mg | 2.42 mg | 1.04 mg,"Indoxyl sulfate (IS) and p-cresyl sulfate (PCS), protein-bound uremic toxins, exacerbate the deterioration of renal function and increase the risk of cardiovascular events in chronic kidney disease (CKD) patients.","Indoxyl sulfate (IS) and p-cresyl sulfate (PCS), protein-bound uremic toxins, exacerbate the deterioration of renal function and increase the risk of cardiovascular events in chronic kidney disease (CKD) patients.","Indoxyl sulfate (IS) and p-cresyl sulfate (PCS), protein-bound uremic toxins, exacerbate the deterioration of renal function and increase the risk of cardiovascular events in chronic kidney disease (CKD) patients. | The effects of microbiota-driven therapy (probiotics, prebiotics, or synbiotics) on decreasing circulating IS and PCS concentrations are controversial; thus, we performed the present systematic review and meta-analysis to assess the effects of microbiota-driven therapy on circulating IS and PCS concentrations in CKD patients. | PubMed, EMBASE, and Cochrane Library databases were systematically searched from inception to 22 July, 2021, and randomized controlled trials (RCTs) investigating the effects of microbiota-driven therapy on circulating IS and PCS concentrations in CKD patients were included.",17,research/searches_v3/HRS2_KIDNEY_DISEASE/pubmed/20260726T163628Z/efetch_001.xml,a5e5cb61f643bd4b256930f85519e8fee098a652dd5ad1c330c9749200214d80,,not_observed,ai_screened_regex_confirmed
HRS2_KIDNEY_DISEASE,pubmed:37870148,pubmed,37870148,"Synbiotics, prebiotics and probiotics for people with chronic kidney disease.","BACKGROUND: Chronic kidney disease (CKD) is a major public health problem affecting 13% of the global population. Prior research has indicated that CKD is associated with gut dysbiosis. Gut dysbiosis may lead to the development and/or progression of CKD, which in turn may in turn lead to gut dysbiosis as a result of uraemic toxins, intestinal wall oedema, metabolic acidosis, prolonged intestinal transit times, polypharmacy (frequent antibiotic exposures) and dietary restrictions used to treat CKD. Interventions such as synbiotics, prebiotics, and probiotics may improve the balance of the gut flora by altering intestinal pH, improving gut microbiota balance and enhancing gut barrier function (i.e. reducing gut permeability).
OBJECTIVES: This review aimed to evaluate the benefits and harms of synbiotics, prebiotics, and probiotics for people with CKD.
SEARCH METHODS: We searched the Cochrane Kidney and Transplant Register of Studies up to 9 October 2023 through contact with the Information Specialist using search terms relevant to this review. Studies in the Register are identified through searches of CENTRAL, MEDLINE, and EMBASE, conference proceedings, the International Clinical Trials Registry Platform (ICTRP) Search Portal and ClinicalTrials.gov.
SELECTION CRITERIA: We included randomised controlled trials (RCTs) measuring and reporting the effects of synbiotics, prebiotics, or probiotics in any combination and any formulation given to people with CKD (CKD stages 1 to 5, including dialysis and kidney transplant). Two authors independently assessed the retrieved titles and abstracts and, where necessary, the full text to determine which satisfied the inclusion criteria.
DATA COLLECTION AND ANALYSIS: Data extraction was independently carried out by two authors using a standard data extraction form. Summary estimates of effect were obtained using a random-effects model, and results were expressed as risk ratios (RR) and their 95% confidence intervals (CI) for dichotomous outcomes, and mean difference (MD) or standardised mean difference (SMD) and 95% CI for continuous outcomes. The methodological quality of the included studies was assessed using the Cochrane risk of bias tool. Data entry was carried out by one author and cross-checked by another. Confidence in the evidence was assessed using the Grading of Recommendations Assessment, Development and Evaluation (GRADE) approach.
MAIN RESULTS: Forty-five studies (2266 randomised participants) were included in this review. Study participants were adults (two studies in children) with CKD ranging from stages 1 to 5, with patients receiving and not receiving dialysis, of whom half also had diabetes and hypertension. No studies investigated the same synbiotic, prebiotic or probiotic of similar strains, doses, or frequencies. Most studies were judged to be low risk for selection bias, performance bias and reporting bias, unclear risk for detection bias and for control of confounding factors, and high risk for attrition and other biases. Compared to prebiotics, it is uncertain whether synbiotics improve estimated glomerular filtration rate (eGFR) at four weeks (1 study, 34 participants: MD -3.80 mL/min/1.73 m², 95% CI -17.98 to 10.38), indoxyl sulfate at four weeks (1 study, 42 participants: MD 128.30 ng/mL, 95% CI -242.77 to 499.37), change in gastrointestinal (GI) upset (borborymgi) at four weeks (1 study, 34 participants: RR 15.26, 95% CI 0.99 to 236.23), or change in GI upset (Gastrointestinal Symptom Rating Scale) at 12 months (1 study, 56 participants: MD 0.00, 95% CI -0.27 to 0.27), because the certainty of the evidence was very low. Compared to certain strains of prebiotics, it is uncertain whether a different strain of prebiotics improves eGFR at 12 weeks (1 study, 50 participants: MD 0.00 mL/min, 95% CI -1.73 to 1.73), indoxyl sulfate at six weeks (2 studies, 64 participants: MD -0.20 μg/mL, 95% CI -1.01 to 0.61; I² = 0%) or change in any GI upset, intolerance or microbiota composition, because the certainty of the evidence was very low. Compared to certain strains of probiotics, it is uncertain whether a different strain of probiotic improves eGFR at eight weeks (1 study, 30 participants: MD -0.64 mL/min, 95% CI -9.51 to 8.23; very low certainty evidence). Compared to placebo or no treatment, it is uncertain whether synbiotics improve eGFR at six or 12 weeks (2 studies, 98 participants: MD 1.42 mL/min, 95% CI 0.65 to 2.2) or change in any GI upset or intolerance at 12 weeks because the certainty of the evidence was very low. Compared to placebo or no treatment, it is uncertain whether prebiotics improves indoxyl sulfate at eight weeks (2 studies, 75 participants: SMD -0.14 mg/L, 95% CI -0.60 to 0.31; very low certainty evidence) or microbiota composition because the certainty of the evidence is very low. Compared to placebo or no treatment, it is uncertain whether probiotics improve eGFR at eight, 12 or 15 weeks (3 studies, 128 participants: MD 2.73 mL/min, 95% CI -2.28 to 7.75; I² = 78%), proteinuria at 12 or 24 weeks (1 study, 60 participants: MD -15.60 mg/dL, 95% CI -34.30 to 3.10), indoxyl sulfate at 12 or 24 weeks (2 studies, 83 participants: MD -4.42 mg/dL, 95% CI -9.83 to 1.35; I² = 0%), or any change in GI upset or intolerance because the certainty of the evidence was very low. Probiotics may have little or no effect on albuminuria at 12 or 24 weeks compared to placebo or no treatment (4 studies, 193 participants: MD 0.02 g/dL, 95% CI -0.08 to 0.13; I² = 0%; low certainty evidence). For all comparisons, adverse events were poorly reported and were minimal (flatulence, nausea, diarrhoea, abdominal pain) and non-serious, and withdrawals were not related to the study treatment.
AUTHORS' CONCLUSIONS: We found very few studies that adequately test biotic supplementation as alternative treatments for improving kidney function, GI symptoms, dialysis outcomes, allograft function, patient-reported outcomes, CVD, cancer, reducing uraemic toxins, and adverse effects. We are not certain whether synbiotics, prebiotics, or probiotics are more or less effective compared to one another, antibiotics, or standard care for improving patient outcomes in people with CKD. Adverse events were uncommon and mild.",Cooper TE; Khalid R; Chan S; Craig JC; Hawley CM; Howell M; Johnson DW; Jaure A; Teixeira-Pinto A; Wong G,2023,The Cochrane database of systematic reviews,"Systematic Review|Journal Article|Research Support, Non-U.S. Gov't",10.1002/14651858.CD013631.pub2,https://pubmed.ncbi.nlm.nih.gov/37870148/,retain,true,abstract_only,ABSTRACT_SENTENCE_27,"AUTHORS' CONCLUSIONS: We found very few studies that adequately test biotic supplementation as alternative treatments for improving kidney function, GI symptoms, dialysis outcomes, allograft function, patient-reported outcomes, CVD, cancer, reducing uraemic toxins, and adverse effects.",3.80 mL | 0.00 mL | 0.20 μg | 0.64 mL | 1.42 mL | 0.14 mg | 2.73 mL | 15.60 mg/d,"For all comparisons, adverse events were poorly reported and were minimal (flatulence, nausea, diarrhoea, abdominal pain) and non-serious, and withdrawals were not related to the study treatment. | AUTHORS' CONCLUSIONS: We found very few studies that adequately test biotic supplementation as alternative treatments for improving kidney function, GI symptoms, dialysis outcomes, allograft function, patient-reported outcomes, CVD, cancer, reducing uraemic toxins, and adverse effects. | Adverse events were uncommon and mild.","AUTHORS' CONCLUSIONS: We found very few studies that adequately test biotic supplementation as alternative treatments for improving kidney function, GI symptoms, dialysis outcomes, allograft function, patient-reported outcomes, CVD, cancer, reducing uraemic toxins, and adverse effects.","BACKGROUND: Chronic kidney disease (CKD) is a major public health problem affecting 13% of the global population. | Prior research has indicated that CKD is associated with gut dysbiosis. | Gut dysbiosis may lead to the development and/or progression of CKD, which in turn may in turn lead to gut dysbiosis as a result of uraemic toxins, intestinal wall oedema, metabolic acidosis, prolonged intestinal transit times, polypharmacy (frequent antibiotic exposures) and dietary restrictions used to treat CKD.",17,research/searches_v3/HRS2_KIDNEY_DISEASE/pubmed/20260726T163628Z/efetch_001.xml,a5e5cb61f643bd4b256930f85519e8fee098a652dd5ad1c330c9749200214d80,,not_observed,ai_screened_regex_confirmed
HRS2_KIDNEY_DISEASE,pubmed:41692069,pubmed,41692069,Anti-inflammatory effects and safety of omega-3 fatty acids in haemodialysis: A systematic review and meta-analysis.,"INTRODUCTION: Evidence on the anti-inflammatory effects and safety of omega-3 fatty acid supplementation in haemodialysis (HD) patients remains limited, particularly regarding the influence of eicosapentaenoic acid (EPA) and docosahexaenoic acid (DHA) dose, composition, and source.
METHODS: We searched PubMed (n = 345), CENTRAL (n = 148) and EMBASE (n = 706) to July 2025. Studies were screened using Covidence, risk of bias was assessed using the Cochrane ROB 1 tool, and analyses were conducted in Review Manager 9.5.1. Only trials reporting C-reactive protein (CRP) were included. Pre-planned subgroup analyses examined formulation type, total daily dose, active ingredient dose, and DHA:EPA composition. Random-effects models were used to generate pooled standardised mean differences (SMDs), with heterogeneity assessed using I2. A sensitivity analysis excluded studies at high risk of bias. The protocol is registered on the Open Science Framework (https://doi.org/10.17605/OSF.IO/JCBHN).
RESULTS: Thirteen studies (n = 678) were included (12 in meta-analyses). Two studies were judged high risk of bias, one unclear, and the remainder low risk. Adverse events were poorly reported: eight trials did not report any events, while five described only mild, transient effects (e.g., diarrhoea). Omega-3 fatty acids reduced CRP more than comparators across triglyceride formulations (SMD -0.62, 95 % CI -1.22 to -0.03; P = 0.04, I2 = 74 %); in the <2000 mg/day total dose subgroup (SMD -0.32, 95 % CI -0.61 to -0.04; P = 0.02, I2 = 29 %); and in the <2000 mg/day active ingredient subgroup (SMD -0.36, 95 % CI -0.59 to -0.13; P = 0.003, I2 = 31 %). No statistically significant differences were observed between subgroups. Sensitivity analyses did not materially change the results.
CONCLUSION: A daily dose <2000 mg of omega-3 fatty acids in natural triglyceride form appears more effective than synthetic ethyl ester formulations for lowering CRP in HD patients. Larger, high-quality trials are required to confirm therapeutic benefit, determine optimal dosing, and clarify the ideal EPA:DHA composition for this population.",Blair C; Slee A; McKeaveney C; Maxwell AP; Awan F; Brown M; Davenport A; Fogarty D; Fouque D; Johnston W; Kalantar-Zadeh K; Mullan R; Noble H; Porter S; Seres DS; Shields J; Swaine I; Witham M; Reid J,2026,Clinical nutrition ESPEN,Journal Article|Systematic Review|Meta-Analysis,10.1016/j.clnesp.2026.102957,https://pubmed.ncbi.nlm.nih.gov/41692069/,retain,true,abstract_only,ABSTRACT_SENTENCE_11,"Adverse events were poorly reported: eight trials did not report any events, while five described only mild, transient effects (e.g., diarrhoea).",2000 mg/d | 2000 mg,"Adverse events were poorly reported: eight trials did not report any events, while five described only mild, transient effects (e.g., diarrhoea).","Adverse events were poorly reported: eight trials did not report any events, while five described only mild, transient effects (e.g., diarrhoea).","INTRODUCTION: Evidence on the anti-inflammatory effects and safety of omega-3 fatty acid supplementation in haemodialysis (HD) patients remains limited, particularly regarding the influence of eicosapentaenoic acid (EPA) and docosahexaenoic acid (DHA) dose, composition, and source.",17,research/searches_v3/HRS2_KIDNEY_DISEASE/pubmed/20260726T163628Z/efetch_001.xml,a5e5cb61f643bd4b256930f85519e8fee098a652dd5ad1c330c9749200214d80,,not_observed,ai_screened_regex_confirmed
HRS2_KIDNEY_DISEASE,pubmed:41851014,pubmed,41851014,Omega-3 polyunsaturated fatty acid exposure and cardiovascular outcomes in dialysis: a systematic review and meta-analysis.,"BACKGROUND: Patients with dialysis-dependent chronic kidney disease (CKD) have a high cardiovascular burden, prompting interest in fish oils or long-chain omega-3 polyunsaturated fatty acids (n-3 PUFAs) as potential risk-reducing therapies in this population.
METHODS: We conducted a systematic review and meta-analysis of studies in adults receiving dialysis that assessed associations between n-3 PUFA supplementation, baseline levels, or dietary intake and CV outcomes, or all-cause mortality. Hazard ratios (HRs) were pooled using random-effects models.
RESULTS: Twelve studies met inclusion criteria. In hemodialysis-dependent CKD, fish oil supplementation lowered cardiovascular events by 44% (HR 0.56; 95% CI 0.46-0.68) and myocardial infarction by 48% (HR 0.52; 95% CI 0.34-0.78). Higher baseline n-3 PUFA levels were associated with a 31% reduction in all-cause mortality (HR 0.69; 95% CI 0.54-0.88). Higher dietary n-3 PUFA intake showed a non-significant trend toward lower all-cause mortality (HR 0.92; 95% CI 0.79-1.08).
CONCLUSION: In dialysis-dependent CKD, higher n-3 PUFA exposure through fish oil supplementation or higher baseline levels was associated with fewer cardiovascular events and all-cause mortality. Appropriately dosed n-3 PUFA supplementation represents a promising cardiovascular risk reduction strategy in dialysis-dependent CKD, although confirmatory randomized trials are warranted.",Shokravi A; Sharma S; Singh R; Seth J; Mancini GBJ,2026,Future cardiology,Journal Article|Systematic Review|Meta-Analysis|Review,10.1080/14796678.2026.2645005,https://pubmed.ncbi.nlm.nih.gov/41851014/,retain,true,abstract_only,ABSTRACT_SENTENCE_8,"CONCLUSION: In dialysis-dependent CKD, higher n-3 PUFA exposure through fish oil supplementation or higher baseline levels was associated with fewer cardiovascular events and all-cause mortality.",,"BACKGROUND: Patients with dialysis-dependent chronic kidney disease (CKD) have a high cardiovascular burden, prompting interest in fish oils or long-chain omega-3 polyunsaturated fatty acids (n-3 PUFAs) as potential risk-reducing therapies in this population. | METHODS: We conducted a systematic review and meta-analysis of studies in adults receiving dialysis that assessed associations between n-3 PUFA supplementation, baseline levels, or dietary intake and CV outcomes, or all-cause mortality. | In hemodialysis-dependent CKD, fish oil supplementation lowered cardiovascular events by 44% (HR 0.56; 95% CI 0.46-0.68) and myocardial infarction by 48% (HR 0.52; 95% CI 0.34-0.78).","CONCLUSION: In dialysis-dependent CKD, higher n-3 PUFA exposure through fish oil supplementation or higher baseline levels was associated with fewer cardiovascular events and all-cause mortality.","BACKGROUND: Patients with dialysis-dependent chronic kidney disease (CKD) have a high cardiovascular burden, prompting interest in fish oils or long-chain omega-3 polyunsaturated fatty acids (n-3 PUFAs) as potential risk-reducing therapies in this population. | METHODS: We conducted a systematic review and meta-analysis of studies in adults receiving dialysis that assessed associations between n-3 PUFA supplementation, baseline levels, or dietary intake and CV outcomes, or all-cause mortality. | In hemodialysis-dependent CKD, fish oil supplementation lowered cardiovascular events by 44% (HR 0.56; 95% CI 0.46-0.68) and myocardial infarction by 48% (HR 0.52; 95% CI 0.34-0.78).",17,research/searches_v3/HRS2_KIDNEY_DISEASE/pubmed/20260726T163628Z/efetch_001.xml,a5e5cb61f643bd4b256930f85519e8fee098a652dd5ad1c330c9749200214d80,,not_observed,ai_screened_regex_confirmed
HRS3_PREGNANCY,pubmed:15802416,pubmed,15802416,Effectiveness and safety of ginger in the treatment of pregnancy-induced nausea and vomiting.,"OBJECTIVE: Conventional antiemetics are burdened with the potential of teratogenic effects during the critical embryogenic period of pregnancy. Thus, a safe and effective medication would be a welcome addition to the therapeutic repertoire. This systematic review was aimed at assessing the evidence for or against the efficacy and safety of ginger (Zingiber officinale) therapy for nausea and vomiting during pregnancy.
DATA SOURCES: Systematic literature searches were conducted in 3 computerized databases (MEDLINE, EMBASE, and Cochrane Library), and the reference lists of all papers located were checked for further relevant publications.
METHODS OF STUDY SELECTION: For the evaluation of efficacy, only double-blind, randomized controlled trials (RCTs) were included. All retrieved clinical data, including uncontrolled trials, case reports, observational studies, and RCTs, were included in the review of safety.
TABULATION, INTEGRATION, AND RESULTS: Six double-blind RCTs with a total of 675 participants and a prospective observational cohort study (n = 187) met all inclusion criteria. The methodological quality of 4 of 5 RCTs was high. Four of the 6 RCTs (n = 246) showed superiority of ginger over placebo; the other 2 RCTs (n = 429) indicated that ginger was as effective as the reference drug (vitamin B6) in relieving the severity of nausea and vomiting episodes. The observational study retrieved and RCTs (including follow-up periods) showed the absence of significant side effects or adverse effects on pregnancy outcomes. There were no spontaneous or case reports of adverse events during ginger treatment in pregnancy.
CONCLUSION: Ginger may be an effective treatment for nausea and vomiting in pregnancy. However, more observational studies, with a larger sample size, are needed to confirm the encouraging preliminary data on ginger safety.
LEVEL OF EVIDENCE: I.",Borrelli F; Capasso R; Aviello G; Pittler MH; Izzo AA,2005,Obstetrics and gynecology,Journal Article|Systematic Review,10.1097/01.AOG.0000154890.47642.23,https://pubmed.ncbi.nlm.nih.gov/15802416/,retain,true,abstract_only,ABSTRACT_SENTENCE_10,The observational study retrieved and RCTs (including follow-up periods) showed the absence of significant side effects or adverse effects on pregnancy outcomes.,,"OBJECTIVE: Conventional antiemetics are burdened with the potential of teratogenic effects during the critical embryogenic period of pregnancy. | DATA SOURCES: Systematic literature searches were conducted in 3 computerized databases (MEDLINE, EMBASE, and Cochrane Library), and the reference lists of all papers located were checked for further relevant publications. | The observational study retrieved and RCTs (including follow-up periods) showed the absence of significant side effects or adverse effects on pregnancy outcomes.",The observational study retrieved and RCTs (including follow-up periods) showed the absence of significant side effects or adverse effects on pregnancy outcomes.,OBJECTIVE: Conventional antiemetics are burdened with the potential of teratogenic effects during the critical embryogenic period of pregnancy. | This systematic review was aimed at assessing the evidence for or against the efficacy and safety of ginger (Zingiber officinale) therapy for nausea and vomiting during pregnancy. | The observational study retrieved and RCTs (including follow-up periods) showed the absence of significant side effects or adverse effects on pregnancy outcomes.,21,research/searches_v3/HRS3_PREGNANCY/pubmed/20260726T163628Z/efetch_003.xml,56fa6e797a43046ef17e216a4388848e1ef46f196617cbbb44b3dcfff0fe1f5e,,not_observed,ai_screened_regex_confirmed
HRS3_PREGNANCY,pubmed:17022907,pubmed,17022907,Prenatal multivitamin supplementation and rates of congenital anomalies: a meta-analysis.,"BACKGROUND: The use of folic acid-fortified multivitamin supplements has long been associated with decreasing the risk of neural tube defects. Several studies have also proposed the effectiveness of these supplements in preventing other birth defects; however, such effects have never been systematically examined.
OBJECTIVE: We conducted a systematic review and meta-analysis to evaluate the protective effect of folic acid-fortified multivitamin supplements on other congenital anomalies.
METHODS: We searched Medline, PubMed, EMBASE, Toxline, Healthstar, and Cochrane databases for studies describing the outcome of pregnancies in women using multivitamin supplements that were published in all languages from January 1966 to July 2005. The references from all collected articles were reviewed for additional articles. Two independent reviewers who were blinded to the source and identity of the articles extracted data based on predetermined inclusion and exclusion criteria. Using a random effects model, rates of congenital anomalies in babies born to women who were taking multivitamin supplements were compared with rates in the offspring of controls who were not.
RESULTS: From the initial search, 92 studies were identified; 41 of these met the inclusion criteria. Use of multivitamin supplements provided consistent protection against neural tube defects (random effects odds ratio[OR] 0.67, 95% confidence intervals [95% CI] 0.58-0.77 in case control studies; OR 0.52, 95% CI 0.39-0.69 in cohort and randomized controlled studies), cardiovascular defects (OR 0.78, 95% CI 0.67-0.92 in case control studies; OR 0.61, 95% CI 0.40-0.92 in cohort and randomized controlled studies), and limb defects (OR 0.48, 95% CI 0.30-0.76 in case control studies; OR 0.57, 95% CI 0.38-0.85 in cohort and randomized controlled studies). For cleft palate, case control studies showed OR 0.76 (95% CI 0.62-0.93), and cohort and randomized controlled studies showed OR 0.42 (95% CI 0.06-2.84); for oral cleft with or without cleft palate, case control studies showed OR 0.63 (95% CI 0.54-0.73), and cohort and randomized controlled studies showed OR 0.58 (95% CI 0.28-1.19); for urinary tract anomalies, case control studies showed OR 0.48 (95% CI 0.30-0.76), and cohort and randomized controlled studies showed OR 0.68 (95% CI 0.35-1.31); and for congenital hydrocephalus case control studies showed OR 0.37 (95% CI 0.24-0.56), and cohort and randomized controlled studies showed OR 1.54 (95% CI 0.53-4.50). No effects were shown in preventing Down syndrome, pyloric stenosis, undescended testis, or hypospadias.
CONCLUSION: Maternal consumption of folic acid-containing prenatal multivitamins is associated with decreased risk for several congenital anomalies, not only neural tube defects. These data have major public health implications, because until now fortification of only folic acid has been encouraged. This approach should be reconsidered.",Ingrid Goh Y; Bollano E; Einarson TR; Koren G,2006,Journal of obstetrics and gynaecology Canada : JOGC = Journal d'obstetrique et gynecologie du Canada : JOGC,"Journal Article|Meta-Analysis|Research Support, Non-U.S. Gov't|Systematic Review",10.1016/S1701-2163(16)32227-7,https://pubmed.ncbi.nlm.nih.gov/17022907/,retain,true,abstract_only,ABSTRACT_SENTENCE_12,"CONCLUSION: Maternal consumption of folic acid-containing prenatal multivitamins is associated with decreased risk for several congenital anomalies, not only neural tube defects.",,"OBJECTIVE: We conducted a systematic review and meta-analysis to evaluate the protective effect of folic acid-fortified multivitamin supplements on other congenital anomalies. | Using a random effects model, rates of congenital anomalies in babies born to women who were taking multivitamin supplements were compared with rates in the offspring of controls who were not. | For cleft palate, case control studies showed OR 0.76 (95% CI 0.62-0.93), and cohort and randomized controlled studies showed OR 0.42 (95% CI 0.06-2.84); for oral cleft with or without cleft palate, case control studies showed OR 0.63 (95% CI 0.54-0.73), and cohort and randomized controlled studies showed OR 0.58 (95% CI 0.28-1.19); for urinary tract anomalies, case control studies showed OR 0.48 (95% CI 0.30-0.76), and cohort and randomized controlled studies showed OR 0.68 (95% CI 0.35-1.31); and for congenital hydrocephalus case control studies showed OR 0.37 (95% CI 0.24-0.56), and cohort and randomized controlled studies showed OR 1.54 (95% CI 0.53-4.50).","CONCLUSION: Maternal consumption of folic acid-containing prenatal multivitamins is associated with decreased risk for several congenital anomalies, not only neural tube defects.","Several studies have also proposed the effectiveness of these supplements in preventing other birth defects; however, such effects have never been systematically examined. | METHODS: We searched Medline, PubMed, EMBASE, Toxline, Healthstar, and Cochrane databases for studies describing the outcome of pregnancies in women using multivitamin supplements that were published in all languages from January 1966 to July 2005. | CONCLUSION: Maternal consumption of folic acid-containing prenatal multivitamins is associated with decreased risk for several congenital anomalies, not only neural tube defects.",21,research/searches_v3/HRS3_PREGNANCY/pubmed/20260726T163628Z/efetch_003.xml,56fa6e797a43046ef17e216a4388848e1ef46f196617cbbb44b3dcfff0fe1f5e,,not_observed,ai_screened_regex_confirmed
HRS3_PREGNANCY,pubmed:30969204,pubmed,30969204,Herbal Medicinal Product Use During Pregnancy and the Postnatal Period: A Systematic Review.,"OBJECTIVE: To report the incidence and nature of herbal medicinal products' adverse events and herb-drug interactions used by some pregnant and postnatal women.
DATA SOURCES: The Allied and Complementary Medicine Database, the Cumulative Index to Nursing and Allied Health Literature, EMBASE, the Cochrane Library, MEDLINE, Scopus, Web of Science, and ClinicalTrials.gov were searched from inception until August 2018.
METHODS OF STUDY SELECTION: Any studies reporting adverse events, herb-drug interactions or absence thereof associated with herbal medicinal products used during pregnancy or the postnatal period were included. Conference abstracts, pilot studies, and nonhuman studies were excluded. All included studies were critically appraised by two independent reviewers.
TABULATION, INTEGRATION AND RESULTS: Database searches retrieved 3,487 citations. After duplicate removal and review of titles, abstracts, and full-text, 115 articles were critically appraised. After excluding irrelevant and low-quality articles, 74 articles were included for data extraction and synthesis. Adverse drug reactions, congenital malformations, fetal growth retardation or herb-drug interactions were the primary study objective reported by 19 of the 74 included studies, 16 cohort studies, one cross-sectional survey, and two randomized controlled trials. A total of 47 herbal medicinal products and 1,067,071 women were included in this review. Use of almond oil was associated with preterm birth (odds ratio 2.09, 95% CI 1.07-4.08), oral raspberry leaf was associated with cesarean delivery (adjusted odds ratio [AOR] 3.47, 95% CI 1.45-8.28); heavy licorice use was associated with early preterm birth by 3.07-fold (95% CI 1.17-8.05). African herbal medicine mwanaphepo was associated with maternal morbidity (AOR 1.28; 95% CI 1.09-1.50), and neonatal death or morbidity. Fourteen studies reported absence of adverse events. Four studies reported herb-drug interactions, but none studied adverse events arising from them.
CONCLUSION: The use of herbal medicinal products during pregnancy and the postnatal period should be discouraged until robust evidence of safety is available.
SYSTEMATIC REVIEW REGISTRATION: PROSPERO, CRD42017081058.",Muñoz Balbontín Y; Stewart D; Shetty A; Fitton CA; McLay JS,2019,Obstetrics and gynecology,Journal Article|Systematic Review,10.1097/AOG.0000000000003217,https://pubmed.ncbi.nlm.nih.gov/30969204/,retain,true,abstract_only,ABSTRACT_SENTENCE_9,"Adverse drug reactions, congenital malformations, fetal growth retardation or herb-drug interactions were the primary study objective reported by 19 of the 74 included studies, 16 cohort studies, one cross-sectional survey, and two randomized controlled trials.",,"OBJECTIVE: To report the incidence and nature of herbal medicinal products' adverse events and herb-drug interactions used by some pregnant and postnatal women. | DATA SOURCES: The Allied and Complementary Medicine Database, the Cumulative Index to Nursing and Allied Health Literature, EMBASE, the Cochrane Library, MEDLINE, Scopus, Web of Science, and ClinicalTrials.gov were searched from inception until August 2018. | METHODS OF STUDY SELECTION: Any studies reporting adverse events, herb-drug interactions or absence thereof associated with herbal medicinal products used during pregnancy or the postnatal period were included.","Adverse drug reactions, congenital malformations, fetal growth retardation or herb-drug interactions were the primary study objective reported by 19 of the 74 included studies, 16 cohort studies, one cross-sectional survey, and two randomized controlled trials.","OBJECTIVE: To report the incidence and nature of herbal medicinal products' adverse events and herb-drug interactions used by some pregnant and postnatal women. | METHODS OF STUDY SELECTION: Any studies reporting adverse events, herb-drug interactions or absence thereof associated with herbal medicinal products used during pregnancy or the postnatal period were included. | Adverse drug reactions, congenital malformations, fetal growth retardation or herb-drug interactions were the primary study objective reported by 19 of the 74 included studies, 16 cohort studies, one cross-sectional survey, and two randomized controlled trials.",21,research/searches_v3/HRS3_PREGNANCY/pubmed/20260726T163628Z/efetch_001.xml,f310e10f4306202704ed70d7ed160f46f58ff2f1c024158ac31a8ebe0a09a5a4,,not_observed,ai_screened_regex_confirmed
HRS3_PREGNANCY,pubmed:39683462,pubmed,39683462,The Impact of Minerals on Female Fertility: A Systematic Review.,"UNLABELLED: Female fertility and reproductive system disorders are influenced by a complex interplay of biological, physiological, and environmental factors. Minerals have emerged as crucial yet often overlooked elements that impact fertility and the prevalence of reproductive system disorders.
BACKGROUND/OBJECTIVES: This review aims to provide a comprehensive overview of the multifaceted role of minerals in female fertility, focusing on key areas such as oocyte quality, ovulation, embryo development, oxidative stress, miscarriage, hormonal regulation, environmental exposure, and in-vitro fertilization (IVF) outcomes.
METHODS: A systematic review was conducted, focusing on randomized controlled trials (RCTs), prospective cohort studies, case-control studies, nested case-control, and observational studies examining mineral supplementation and nutrition in women planning pregnancy or utilizing assisted reproduction technologies (ARTs). Relevant literature was sourced from multiple electronic databases, including PubMed, Scopus, Google Scholar, Web of Science, and the Cochrane Library, using keywords related to minerals and female fertility. The quality of studies was assessed using the Newcastle-Ottawa Scale (NCO) for non-randomized studies and the Risk of Bias (RoB) tool for RCTs. This systematic review has been registered on PROSPERO (registration number is CDR 42024547656).
RESULTS: From an initial pool of 20,830 records, 39 articles met the inclusion criteria and were analyzed. The studies addressed various reproductive outcomes influenced by minerals: embryo development, oocyte quality, oxidative stress, miscarriage, hormonal regulation, IVF outcomes, environmental exposure, and minerals as biomarkers. The analysis revealed that minerals like selenium, zinc, and copper are essential for maintaining reproductive health, while exposure to toxic metals such as cadmium and lead is detrimental.
CONCLUSIONS: This review highlights the crucial role of both mineral supplementation and serum mineral status in female fertility. The findings provide key insights for clinicians to improve reproductive health through targeted mineral intake and monitoring. Further research is needed to refine guidelines for supplementation and serum levels in women with fertility issues.",Kapper C; Stelzl P; Oppelt P; Ganhör C; Gyunesh AA; Arbeithuber B; Rezk-Füreder M,2024,Nutrients,Systematic Review|Journal Article,10.3390/nu16234068,https://pubmed.ncbi.nlm.nih.gov/39683462/,retain,true,abstract_only,ABSTRACT_SENTENCE_10,"The analysis revealed that minerals like selenium, zinc, and copper are essential for maintaining reproductive health, while exposure to toxic metals such as cadmium and lead is detrimental.",,"BACKGROUND/OBJECTIVES: This review aims to provide a comprehensive overview of the multifaceted role of minerals in female fertility, focusing on key areas such as oocyte quality, ovulation, embryo development, oxidative stress, miscarriage, hormonal regulation, environmental exposure, and in-vitro fertilization (IVF) outcomes. | Relevant literature was sourced from multiple electronic databases, including PubMed, Scopus, Google Scholar, Web of Science, and the Cochrane Library, using keywords related to minerals and female fertility. | The studies addressed various reproductive outcomes influenced by minerals: embryo development, oocyte quality, oxidative stress, miscarriage, hormonal regulation, IVF outcomes, environmental exposure, and minerals as biomarkers.","The analysis revealed that minerals like selenium, zinc, and copper are essential for maintaining reproductive health, while exposure to toxic metals such as cadmium and lead is detrimental.","METHODS: A systematic review was conducted, focusing on randomized controlled trials (RCTs), prospective cohort studies, case-control studies, nested case-control, and observational studies examining mineral supplementation and nutrition in women planning pregnancy or utilizing assisted reproduction technologies (ARTs).",21,research/searches_v3/HRS3_PREGNANCY/pubmed/20260726T163628Z/efetch_001.xml,f310e10f4306202704ed70d7ed160f46f58ff2f1c024158ac31a8ebe0a09a5a4,,not_observed,ai_screened_regex_confirmed
HRS3_PREGNANCY,pubmed:42261719,pubmed,42261719,Vitamin D deficiency in pregnant women: obstetric implications and clinical management.,"BACKGROUND: Vitamin D deficiency in pregnant women constitutes a significant obstetric concern, affecting 40-98% of gravid populations worldwide. Adequate vitamin D status is essential for successful pregnancy outcomes, fetal development, and maternal health.
OBJECTIVE: This review analyzes current evidence regarding vitamin D deficiency during pregnancy from an obstetric perspective, focusing on pregnancy complications, fetal outcomes, and evidence-based supplementation strategies for clinical practice.
METHODS: A systematic review of PubMed, Scopus, and Cochrane databases was conducted, encompassing publications from 2020-2025. Randomized controlled trials, meta-analyses, and prospective cohort studies examining vitamin D status and pregnancy outcomes were included.
RESULTS: Analysis demonstrated significant associations between vitamin D deficiency (< 50 nmol/L) and elevated risk of preeclampsia (OR 0.65), gestational diabetes mellitus (OR 1.61), preterm birth (RR 0.67), and small-for-gestational-age neonates (RR 0.61). Supplementation with 2000-4000 IU/day appears safe and efficacious in achieving optimal concentrations.
CONCLUSIONS: Vitamin D assessment and individualized supplementation should be integrated into routine prenatal care. Obstetricians should implement screening protocols particularly for high-risk pregnant women.",Tadros-Zins M; Krekora M; Zych-Krekora K; Drosdzol-Cop A,2026,Ginekologia polska,Journal Article|Systematic Review|Review,10.5603/gpl.110273,https://pubmed.ncbi.nlm.nih.gov/42261719/,retain,true,abstract_only,ABSTRACT_SENTENCE_6,"RESULTS: Analysis demonstrated significant associations between vitamin D deficiency (< 50 nmol/L) and elevated risk of preeclampsia (OR 0.65), gestational diabetes mellitus (OR 1.61), preterm birth (RR 0.67), and small-for-gestational-age neonates (RR 0.61).",2000-4000 IU/d,"OBJECTIVE: This review analyzes current evidence regarding vitamin D deficiency during pregnancy from an obstetric perspective, focusing on pregnancy complications, fetal outcomes, and evidence-based supplementation strategies for clinical practice. | RESULTS: Analysis demonstrated significant associations between vitamin D deficiency (< 50 nmol/L) and elevated risk of preeclampsia (OR 0.65), gestational diabetes mellitus (OR 1.61), preterm birth (RR 0.67), and small-for-gestational-age neonates (RR 0.61).","RESULTS: Analysis demonstrated significant associations between vitamin D deficiency (< 50 nmol/L) and elevated risk of preeclampsia (OR 0.65), gestational diabetes mellitus (OR 1.61), preterm birth (RR 0.67), and small-for-gestational-age neonates (RR 0.61).","BACKGROUND: Vitamin D deficiency in pregnant women constitutes a significant obstetric concern, affecting 40-98% of gravid populations worldwide. | Adequate vitamin D status is essential for successful pregnancy outcomes, fetal development, and maternal health. | OBJECTIVE: This review analyzes current evidence regarding vitamin D deficiency during pregnancy from an obstetric perspective, focusing on pregnancy complications, fetal outcomes, and evidence-based supplementation strategies for clinical practice.",21,research/searches_v3/HRS3_PREGNANCY/pubmed/20260726T163628Z/efetch_001.xml,f310e10f4306202704ed70d7ed160f46f58ff2f1c024158ac31a8ebe0a09a5a4,,not_observed,ai_screened_regex_confirmed
HRS3_PREGNANCY,pubmed:15846695,pubmed,15846695,Vitamin E supplementation in pregnancy.,"BACKGROUND: Vitamin E supplementation may help reduce the risk of pregnancy complications involving oxidative stress, such as pre-eclampsia. There is a need to evaluate the efficacy and safety of vitamin E supplementation in pregnancy.
OBJECTIVES: To assess the effects of vitamin E supplementation, alone or in combination with other separate supplements, on pregnancy outcomes, adverse events, side-effects and use of health services.
SEARCH STRATEGY: We searched the Cochrane Pregnancy and Childbirth Group Trials Register (23 June 2004), the Cochrane Central Register of Controlled Trials (The Cochrane Library, Issue 2, 2004), MEDLINE (1966 to May 2004), Current Contents (1998 to May 2004) and EMBASE (1980 to May 2004).
SELECTION CRITERIA: All randomised or quasi-randomised controlled trials evaluating vitamin E supplementation in pregnant women. We excluded interventions using a multivitamin supplement that contained vitamin E.
DATA COLLECTION AND ANALYSIS: Two authors independently assessed trials for inclusion, extracted data and assessed trial quality.
MAIN RESULTS: Four trials, involving 566 women either at high risk of pre-eclampsia or with established pre-eclampsia, were eligible for this review. All trials assessed vitamin E in combination with other supplements and two trials were published in abstract form only. No difference was found between women supplemented with vitamin E in combination with other supplements during pregnancy compared with placebo for the risk of stillbirth (relative risk (RR) was 0.77, 95% confidence intervals (CI) 0.35 to 1.71, two trials, 339 women), neonatal death (RR 5.00, 95% CI 0.64 to 39.06, one trial, 40 women), perinatal death (RR 1.29, 95% CI 0.67 to 2.48, one trial, 56 women), preterm birth (RR 1.29, 95% CI 0.78 to 2.15, two trials, 383 women), intrauterine growth restriction (RR 0.72, 95% CI 0.49 to 1.04, two trials, 383 women) or birthweight (weighted mean difference -139.00 g, 95% CI -517.68 to 239.68, one trial, 100 women), using fixed-effect models. Substantial heterogeneity was found for pre-eclampsia. Women supplemented with vitamin E in combination with other supplements compared with placebo were at decreased risk of developing clinical pre-eclampsia (RR 0.44, 95% CI 0.27 to 0.71, three trials, 510 women) using fixed-effect models; however, this difference could not be demonstrated when using random-effects models (RR 0.44, 95% CI 0.16 to 1.22, three trials, 510 women). There were no differences between women supplemented with vitamin E compared with placebo for any of the secondary outcomes.
AUTHORS' CONCLUSIONS: The data are too few to say if vitamin E supplementation either alone or in combination with other supplements is beneficial during pregnancy.",Rumbold A; Crowther CA,2005,The Cochrane database of systematic reviews,Journal Article|Meta-Analysis|Systematic Review,10.1002/14651858.CD004069.pub2,https://pubmed.ncbi.nlm.nih.gov/15846695/,retain,true,abstract_only,ABSTRACT_SENTENCE_10,"No difference was found between women supplemented with vitamin E in combination with other supplements during pregnancy compared with placebo for the risk of stillbirth (relative risk (RR) was 0.77, 95% confidence intervals (CI) 0.35 to 1.71, two trials, 339 women), neonatal death (RR 5.00, 95% CI 0.64 to 39.06, one trial, 40 women), perinatal death (RR 1.29, 95% CI 0.67 to 2.48, one trial, 56 women), preterm birth (RR 1.29, 95% CI 0.78 to 2.15, two trials, 383 women), intrauterine growth restriction (RR 0.72, 95% CI 0.49 to 1.04, two trials, 383 women) or birthweight (weighted mean difference -139.00 g, 95% CI -517.68 to 239.68, one trial, 100 women), using fixed-effect models.",139.00 g,"BACKGROUND: Vitamin E supplementation may help reduce the risk of pregnancy complications involving oxidative stress, such as pre-eclampsia. | OBJECTIVES: To assess the effects of vitamin E supplementation, alone or in combination with other separate supplements, on pregnancy outcomes, adverse events, side-effects and use of health services. | No difference was found between women supplemented with vitamin E in combination with other supplements during pregnancy compared with placebo for the risk of stillbirth (relative risk (RR) was 0.77, 95% confidence intervals (CI) 0.35 to 1.71, two trials, 339 women), neonatal death (RR 5.00, 95% CI 0.64 to 39.06, one trial, 40 women), perinatal death (RR 1.29, 95% CI 0.67 to 2.48, one trial, 56 women), preterm birth (RR 1.29, 95% CI 0.78 to 2.15, two trials, 383 women), intrauterine growth restriction (RR 0.72, 95% CI 0.49 to 1.04, two trials, 383 women) or birthweight (weighted mean difference -139.00 g, 95% CI -517.68 to 239.68, one trial, 100 women), using fixed-effect models.","No difference was found between women supplemented with vitamin E in combination with other supplements during pregnancy compared with placebo for the risk of stillbirth (relative risk (RR) was 0.77, 95% confidence intervals (CI) 0.35 to 1.71, two trials, 339 women), neonatal death (RR 5.00, 95% CI 0.64 to 39.06, one trial, 40 women), perinatal death (RR 1.29, 95% CI 0.67 to 2.48, one trial, 56 women), preterm birth (RR 1.29, 95% CI 0.78 to 2.15, two trials, 383 women), intrauterine growth restriction (RR 0.72, 95% CI 0.49 to 1.04, two trials, 383 women) or birthweight (weighted mean difference -139.00 g, 95% CI -517.68 to 239.68, one trial, 100 women), using fixed-effect models.","BACKGROUND: Vitamin E supplementation may help reduce the risk of pregnancy complications involving oxidative stress, such as pre-eclampsia. | There is a need to evaluate the efficacy and safety of vitamin E supplementation in pregnancy. | OBJECTIVES: To assess the effects of vitamin E supplementation, alone or in combination with other separate supplements, on pregnancy outcomes, adverse events, side-effects and use of health services.",20,research/searches_v3/HRS3_PREGNANCY/pubmed/20260726T163628Z/efetch_003.xml,56fa6e797a43046ef17e216a4388848e1ef46f196617cbbb44b3dcfff0fe1f5e,,not_observed,ai_screened_regex_confirmed
HRS3_PREGNANCY,pubmed:24696187,pubmed,24696187,Magnesium supplementation in pregnancy.,"BACKGROUND: Magnesium is an essential mineral required for regulation of body temperature, nucleic acid and protein synthesis and in maintaining nerve and muscle cell electrical potentials. Many women, especially those from disadvantaged backgrounds, have low intakes of magnesium. Magnesium supplementation during pregnancy may be able to reduce fetal growth restriction and pre-eclampsia, and increase birthweight.
OBJECTIVES: To assess the effects of magnesium supplementation during pregnancy on maternal, neonatal/infant and paediatric outcomes.
SEARCH METHODS: We searched the Cochrane Pregnancy and Childbirth Group's Trials Register (31 March 2013).
SELECTION CRITERIA: Randomised and quasi-randomised trials assessing the effects of dietary magnesium supplementation during pregnancy were included. The primary outcomes were perinatal mortality (including stillbirth and neonatal death prior to hospital discharge), small-for-gestational age, maternal mortality and pre-eclampsia.
DATA COLLECTION AND ANALYSIS: Two review authors independently assessed study eligibility, extracted data and assessed the risk of bias of included studies.
MAIN RESULTS: Ten trials involving 9090 women and their babies were included; one trial had a cluster design (with randomisation by study centre). All 10 trials randomly allocated women to either an oral magnesium supplement or a control group; in eight trials a placebo was used, and in two trials no treatment was given to the control group. In the 10 included trials, the compositions of the magnesium supplements, gestational ages at commencement, and doses administered varied, including: magnesium oxide, 1000 mg daily from ≤ four months post-conception (one trial); magnesium citrate, 365 mg daily from ≤ 18 weeks until hospitalisation after 38 weeks (one trial), and 340 mg daily from nine to 27 weeks' gestation (one trial); magnesium gluconate, 2 to 3 g from 28 weeks' gestation until birth (one trial), and 4 g daily from 23 weeks' gestation (one trial); magnesium aspartate, 15 mmol daily (three trials, commencing from either six to 21 weeks' gestation until birth, ≤ 16 weeks' gestation until birth, or < 12 weeks until birth), or 365 mg daily from 13 to 24 weeks until birth (one trial); and magnesium stearate, 128 mg elemental magnesium from 10 to 35 weeks until birth (one trial).In the analysis of all trials, oral magnesium supplementation compared to no magnesium was associated with no significant difference in perinatal mortality (stillbirth and neonatal death prior to discharge) (risk ratio (RR) 1.10; 95% confidence interval (CI) 0.72 to 1.67; five trials, 5903 infants), small-for-gestational age (RR 0.76; 95% CI 0.54 to 1.07; three trials, 1291 infants), or pre-eclampsia (RR 0.87; 95% CI 0.58 to 1.32; three trials, 1042 women). None of the included trials reported on maternal mortality.Considering secondary outcomes, while no increased risk of stillbirth was observed, a possible increased risk of neonatal death prior to hospital discharge was shown for infants born to mothers who had received magnesium (RR 2.21; 95% CI 1.02 to 4.75; four trials, 5373 infants). One trial contributed over 70% of the participants to the analysis for this outcome; the trial authors suggested that the large number of severe congenital anomalies in the supplemented group (unlikely attributable to magnesium) and the deaths of two sets of twins (with birthweights < 750 g) in the supplemented group likely accounted for the increased risk of death observed, and thus this result should be interpreted with caution. Furthermore, when the deaths due to severe congenital abnormalities in this trial were excluded from the meta-analysis, no increased risk of neonatal death was seen for the magnesium supplemented group. Magnesium supplementation was associated with significantly fewer babies with an Apgar score less than seven at five minutes (RR 0.34; 95% CI 0.15 to 0.80; four trials, 1083 infants), with meconium-stained liquor (RR 0.79; 95% CI 0.63 to 0.99; one trial, 4082 infants), late fetal heart decelerations (RR 0.68; 95% CI 0.53 to 0.88; one trial, 4082 infants), and mild hypoxic-ischaemic encephalopathy (RR 0.38; 95% CI 0.15 to 0.98; one trial, 4082 infants). Women receiving magnesium were significantly less likely to require hospitalisation during pregnancy (RR 0.65, 95% CI 0.48 to 0.86; three trials, 1158 women).Of the 10 trials included in the review, only two were judged to be of high quality overall. When an analysis was restricted to these two trials none of the review's primary outcomes (perinatal mortality, small-for-gestational age, pre-eclampsia) were significantly different between the magnesium supplemented and control groups.
AUTHORS' CONCLUSIONS: There is not enough high-quality evidence to show that dietary magnesium supplementation during pregnancy is beneficial.",Makrides M; Crosby DD; Bain E; Crowther CA,2014,The Cochrane database of systematic reviews,"Journal Article|Meta-Analysis|Research Support, Non-U.S. Gov't|Systematic Review",10.1002/14651858.CD000937.pub2,https://pubmed.ncbi.nlm.nih.gov/24696187/,retain,true,abstract_only,ABSTRACT_SENTENCE_13,"One trial contributed over 70% of the participants to the analysis for this outcome; the trial authors suggested that the large number of severe congenital anomalies in the supplemented group (unlikely attributable to magnesium) and the deaths of two sets of twins (with birthweights < 750 g) in the supplemented group likely accounted for the increased risk of death observed, and thus this result should be interpreted with caution.",1000 mg | 365 mg | 340 mg | 2 to 3 g | 4 g | 15 mmol | 128 mg | 750 g,"The primary outcomes were perinatal mortality (including stillbirth and neonatal death prior to hospital discharge), small-for-gestational age, maternal mortality and pre-eclampsia. | In the 10 included trials, the compositions of the magnesium supplements, gestational ages at commencement, and doses administered varied, including: magnesium oxide, 1000 mg daily from ≤ four months post-conception (one trial); magnesium citrate, 365 mg daily from ≤ 18 weeks until hospitalisation after 38 weeks (one trial), and 340 mg daily from nine to 27 weeks' gestation (one trial); magnesium gluconate, 2 to 3 g from 28 weeks' gestation until birth (one trial), and 4 g daily from 23 weeks' gestation (one trial); magnesium aspartate, 15 mmol daily (three trials, commencing from either six to 21 weeks' gestation until birth, ≤ 16 weeks' gestation until birth, or < 12 weeks until birth), or 365 mg daily from 13 to 24 weeks until birth (one trial); and magnesium stearate, 128 mg elemental magnesium from 10 to 35 weeks until birth (one trial).In the analysis of all trials, oral magnesium supplementation compared to no magnesium was associated with no significant difference in perinatal mortality (stillbirth and neonatal death prior to discharge) (risk ratio (RR) 1.10; 95% confidence interval (CI) 0.72 to 1.67; five trials, 5903 infants), small-for-gestational age (RR 0.76; 95% CI 0.54 to 1.07; three trials, 1291 infants), or pre-eclampsia (RR 0.87; 95% CI 0.58 to 1.32; three trials, 1042 women). | None of the included trials reported on maternal mortality.Considering secondary outcomes, while no increased risk of stillbirth was observed, a possible increased risk of neonatal death prior to hospital discharge was shown for infants born to mothers who had received magnesium (RR 2.21; 95% CI 1.02 to 4.75; four trials, 5373 infants).","One trial contributed over 70% of the participants to the analysis for this outcome; the trial authors suggested that the large number of severe congenital anomalies in the supplemented group (unlikely attributable to magnesium) and the deaths of two sets of twins (with birthweights < 750 g) in the supplemented group likely accounted for the increased risk of death observed, and thus this result should be interpreted with caution.","Magnesium supplementation during pregnancy may be able to reduce fetal growth restriction and pre-eclampsia, and increase birthweight. | OBJECTIVES: To assess the effects of magnesium supplementation during pregnancy on maternal, neonatal/infant and paediatric outcomes. | SEARCH METHODS: We searched the Cochrane Pregnancy and Childbirth Group's Trials Register (31 March 2013).",20,research/searches_v3/HRS3_PREGNANCY/pubmed/20260726T163628Z/efetch_002.xml,d06c9326d4f6b2eebb0ec5661a468ab73174945536ddac746a0733428357031b,,not_observed,ai_screened_regex_confirmed
HRS3_PREGNANCY,pubmed:26415762,pubmed,26415762,Vitamin C supplementation in pregnancy.,"BACKGROUND: Vitamin C supplementation may help reduce the risk of pregnancy complications such as pre-eclampsia, intrauterine growth restriction and maternal anaemia. There is a need to evaluate the efficacy and safety of vitamin C supplementation in pregnancy.
OBJECTIVES: To evaluate the effects of vitamin C supplementation, alone or in combination with other separate supplements on pregnancy outcomes, adverse events, side effects and use of health resources.
SEARCH METHODS: We searched the Cochrane Pregnancy and Childbirth Group's Trials Register (31 March 2015) and reference lists of retrieved studies.
SELECTION CRITERIA: All randomised or quasi-randomised controlled trials evaluating vitamin C supplementation in pregnant women. Interventions using a multivitamin supplement containing vitamin C or where the primary supplement was iron were excluded.
DATA COLLECTION AND ANALYSIS: Two review authors independently assessed trials for inclusion and risk of bias, extracted data and checked them for accuracy.
MAIN RESULTS: Twenty-nine trials involving 24,300 women are included in this review. Overall, 11 trials were judged to be of low risk of bias, eight were high risk of bias and for 10 trials it was unclear. No clear differences were seen between women supplemented with vitamin C alone or in combination with other supplements compared with placebo or no control for the risk of stillbirth (risk ratio (RR) 1.15, 95% confidence intervals (CI) 0.89 to 1.49; 20,038 participants; 11 studies; I² = 0%; moderate quality evidence), neonatal death (RR 0.79, 95% CI 0.58 to 1.08; 19,575 participants; 11 studies; I² = 0%), perinatal death (average RR 1.07, 95% CI 0.77 to 1.49; 17,105 participants; seven studies; I² = 35%), birthweight (mean difference (MD) 26.88 g, 95% CI -18.81 to 72.58; 17,326 participants; 13 studies; I² = 69%), intrauterine growth restriction (RR 0.98, 95% CI 0.91 to 1.06; 20,361 participants; 12 studies; I² = 15%; high quality evidence), preterm birth (average RR 0.99, 95% CI 0.90 to 1.10; 22,250 participants; 16 studies; I² = 49%; high quality evidence), preterm PROM (prelabour rupture of membranes) (average RR 0.98, 95% CI 0.70 to 1.36; 16,825 participants; 10 studies; I² = 70%; low quality evidence), term PROM (average RR 1.26, 95% CI 0.62 to 2.56; 2674 participants; three studies; I² = 87%), and clinical pre-eclampsia (average RR 0.92, 95% CI 0.80 to 1.05; 21,956 participants; 16 studies; I² = 41%; high quality evidence).Women supplemented with vitamin C alone or in combination with other supplements compared with placebo or no control were at decreased risk of having a placental abruption (RR 0.64, 95% CI 0.44 to 0.92; 15,755 participants; eight studies; I² = 0%; high quality evidence) and had a small increase in gestational age at birth (MD 0.31, 95% CI 0.01 to 0.61; 14,062 participants; nine studies; I² = 65%), however they were also more likely to self-report abdominal pain (RR 1.66, 95% CI 1.16 to 2.37; 1877 participants; one study). In the subgroup analyses based on the type of supplement, vitamin C supplementation alone was associated with a reduced risk of preterm PROM (average RR 0.66, 95% CI 0.48 to 0.91; 1282 participants; five studies; I² = 0%) and term PROM (average RR 0.55, 95% CI 0.32 to 0.94; 170 participants; one study). Conversely, the risk of term PROM was increased when supplementation included vitamin C and vitamin E (average RR 1.73, 95% CI 1.34 to 2.23; 3060 participants; two studies; I² = 0%). There were no differences in the effects of vitamin C on other outcomes in the subgroup analyses examining the type of supplement. There were no differing patterns in other subgroups of women based on underlying risk of pregnancy complications, timing of commencement of supplementation or dietary intake of vitamin C prior to trial entry. The GRADE quality of the evidence was high for intrauterine growth restriction, preterm birth, and placental abruption, moderate for stillbirth and clinical pre-eclampsia, low for preterm PROM.
AUTHORS' CONCLUSIONS: The data do not support routine vitamin C supplementation alone or in combination with other supplements for the prevention of fetal or neonatal death, poor fetal growth, preterm birth or pre-eclampsia. Further research is required to elucidate the possible role of vitamin C in the prevention of placental abruption and prelabour rupture of membranes. There was no convincing evidence that vitamin C supplementation alone or in combination with other supplements results in other important benefits or harms.",Rumbold A; Ota E; Nagata C; Shahrook S; Crowther CA,2015,The Cochrane database of systematic reviews,"Journal Article|Meta-Analysis|Research Support, Non-U.S. Gov't|Systematic Review",10.1002/14651858.CD004072.pub3,https://pubmed.ncbi.nlm.nih.gov/26415762/,retain,true,abstract_only,ABSTRACT_SENTENCE_10,"No clear differences were seen between women supplemented with vitamin C alone or in combination with other supplements compared with placebo or no control for the risk of stillbirth (risk ratio (RR) 1.15, 95% confidence intervals (CI) 0.89 to 1.49; 20,038 participants; 11 studies; I² = 0%; moderate quality evidence), neonatal death (RR 0.79, 95% CI 0.58 to 1.08; 19,575 participants; 11 studies; I² = 0%), perinatal death (average RR 1.07, 95% CI 0.77 to 1.49; 17,105 participants; seven studies; I² = 35%), birthweight (mean difference (MD) 26.88 g, 95% CI -18.81 to 72.58; 17,326 participants; 13 studies; I² = 69%), intrauterine growth restriction (RR 0.98, 95% CI 0.91 to 1.06; 20,361 participants; 12 studies; I² = 15%; high quality evidence), preterm birth (average RR 0.99, 95% CI 0.90 to 1.10; 22,250 participants; 16 studies; I² = 49%; high quality evidence), preterm PROM (prelabour rupture of membranes) (average RR 0.98, 95% CI 0.70 to 1.36; 16,825 participants; 10 studies; I² = 70%; low quality evidence), term PROM (average RR 1.26, 95% CI 0.62 to 2.56; 2674 participants; three studies; I² = 87%), and clinical pre-eclampsia (average RR 0.92, 95% CI 0.80 to 1.05; 21,956 participants; 16 studies; I² = 41%; high quality evidence).Women supplemented with vitamin C alone or in combination with other supplements compared with placebo or no control were at decreased risk of having a placental abruption (RR 0.64, 95% CI 0.44 to 0.92; 15,755 participants; eight studies; I² = 0%; high quality evidence) and had a small increase in gestational age at birth (MD 0.31, 95% CI 0.01 to 0.61; 14,062 participants; nine studies; I² = 65%), however they were also more likely to self-report abdominal pain (RR 1.66, 95% CI 1.16 to 2.37; 1877 participants; one study).",26.88 g,"BACKGROUND: Vitamin C supplementation may help reduce the risk of pregnancy complications such as pre-eclampsia, intrauterine growth restriction and maternal anaemia. | OBJECTIVES: To evaluate the effects of vitamin C supplementation, alone or in combination with other separate supplements on pregnancy outcomes, adverse events, side effects and use of health resources. | No clear differences were seen between women supplemented with vitamin C alone or in combination with other supplements compared with placebo or no control for the risk of stillbirth (risk ratio (RR) 1.15, 95% confidence intervals (CI) 0.89 to 1.49; 20,038 participants; 11 studies; I² = 0%; moderate quality evidence), neonatal death (RR 0.79, 95% CI 0.58 to 1.08; 19,575 participants; 11 studies; I² = 0%), perinatal death (average RR 1.07, 95% CI 0.77 to 1.49; 17,105 participants; seven studies; I² = 35%), birthweight (mean difference (MD) 26.88 g, 95% CI -18.81 to 72.58; 17,326 participants; 13 studies; I² = 69%), intrauterine growth restriction (RR 0.98, 95% CI 0.91 to 1.06; 20,361 participants; 12 studies; I² = 15%; high quality evidence), preterm birth (average RR 0.99, 95% CI 0.90 to 1.10; 22,250 participants; 16 studies; I² = 49%; high quality evidence), preterm PROM (prelabour rupture of membranes) (average RR 0.98, 95% CI 0.70 to 1.36; 16,825 participants; 10 studies; I² = 70%; low quality evidence), term PROM (average RR 1.26, 95% CI 0.62 to 2.56; 2674 participants; three studies; I² = 87%), and clinical pre-eclampsia (average RR 0.92, 95% CI 0.80 to 1.05; 21,956 participants; 16 studies; I² = 41%; high quality evidence).Women supplemented with vitamin C alone or in combination with other supplements compared with placebo or no control were at decreased risk of having a placental abruption (RR 0.64, 95% CI 0.44 to 0.92; 15,755 participants; eight studies; I² = 0%; high quality evidence) and had a small increase in gestational age at birth (MD 0.31, 95% CI 0.01 to 0.61; 14,062 participants; nine studies; I² = 65%), however they were also more likely to self-report abdominal pain (RR 1.66, 95% CI 1.16 to 2.37; 1877 participants; one study).","No clear differences were seen between women supplemented with vitamin C alone or in combination with other supplements compared with placebo or no control for the risk of stillbirth (risk ratio (RR) 1.15, 95% confidence intervals (CI) 0.89 to 1.49; 20,038 participants; 11 studies; I² = 0%; moderate quality evidence), neonatal death (RR 0.79, 95% CI 0.58 to 1.08; 19,575 participants; 11 studies; I² = 0%), perinatal death (average RR 1.07, 95% CI 0.77 to 1.49; 17,105 participants; seven studies; I² = 35%), birthweight (mean difference (MD) 26.88 g, 95% CI -18.81 to 72.58; 17,326 participants; 13 studies; I² = 69%), intrauterine growth restriction (RR 0.98, 95% CI 0.91 to 1.06; 20,361 participants; 12 studies; I² = 15%; high quality evidence), preterm birth (average RR 0.99, 95% CI 0.90 to 1.10; 22,250 participants; 16 studies; I² = 49%; high quality evidence), preterm PROM (prelabour rupture of membranes) (average RR 0.98, 95% CI 0.70 to 1.36; 16,825 participants; 10 studies; I² = 70%; low quality evidence), term PROM (average RR 1.26, 95% CI 0.62 to 2.56; 2674 participants; three studies; I² = 87%), and clinical pre-eclampsia (average RR 0.92, 95% CI 0.80 to 1.05; 21,956 participants; 16 studies; I² = 41%; high quality evidence).Women supplemented with vitamin C alone or in combination with other supplements compared with placebo or no control were at decreased risk of having a placental abruption (RR 0.64, 95% CI 0.44 to 0.92; 15,755 participants; eight studies; I² = 0%; high quality evidence) and had a small increase in gestational age at birth (MD 0.31, 95% CI 0.01 to 0.61; 14,062 participants; nine studies; I² = 65%), however they were also more likely to self-report abdominal pain (RR 1.66, 95% CI 1.16 to 2.37; 1877 participants; one study).","BACKGROUND: Vitamin C supplementation may help reduce the risk of pregnancy complications such as pre-eclampsia, intrauterine growth restriction and maternal anaemia. | There is a need to evaluate the efficacy and safety of vitamin C supplementation in pregnancy. | OBJECTIVES: To evaluate the effects of vitamin C supplementation, alone or in combination with other separate supplements on pregnancy outcomes, adverse events, side effects and use of health resources.",20,research/searches_v3/HRS3_PREGNANCY/pubmed/20260726T163628Z/efetch_002.xml,d06c9326d4f6b2eebb0ec5661a468ab73174945536ddac746a0733428357031b,,not_observed,ai_screened_regex_confirmed
HRS3_PREGNANCY,pubmed:26482110,pubmed,26482110,Intermittent oral iron supplementation during pregnancy.,"BACKGROUND: Anaemia is a frequent condition during pregnancy, particularly among women in low- and middle-income countries. Traditionally, gestational anaemia has been prevented with daily iron supplements throughout pregnancy, but adherence to this regimen due to side effects, interrupted supply of the supplements, and concerns about safety among women with an adequate iron intake, have limited the use of this intervention. Intermittent (i.e. two or three times a week on non-consecutive days) supplementation has been proposed as an alternative to daily supplementation.
OBJECTIVES: To assess the benefits and harms of intermittent supplementation with iron alone or in combination with folic acid or other vitamins and minerals to pregnant women on neonatal and pregnancy outcomes.
SEARCH METHODS: We searched the Cochrane Pregnancy and Childbirth Group's Trials Register (31 July 2015), the WHO International Clinical Trials Registry Platform (ICTRP) (31 July 2015) and contacted relevant organisations for the identification of ongoing and unpublished studies (31 July 2015).
SELECTION CRITERIA: Randomised or quasi-randomised trials.
DATA COLLECTION AND ANALYSIS: We assessed the methodological quality of trials using standard Cochrane criteria. Two review authors independently assessed trial eligibility, extracted data and conducted checks for accuracy.
MAIN RESULTS: This review includes 27 trials from 15 countries, but only 21 trials (with 5490 women) contributed data to the review. All studies compared daily versus intermittent iron supplementation. The methodological quality of included studies was mixed and most had high levels of attrition.The overall assessment of the quality of the evidence for primary infant outcomes was low and for maternal outcomes very low.Of the 21 trials contributing data, three studies provided intermittent iron alone, 14 intermittent iron + folic acid and four intermittent iron plus multiple vitamins and minerals in comparison with the same composition of supplements provided in a daily regimen.Overall, for women receiving any intermittent iron regimen (with or without other vitamins and minerals) compared with a daily regimen there was no clear evidence of differences between groups for any infant primary outcomes: low birthweight (average risk ratio (RR) 0.82; 95% confidence interval (CI) 0.55 to 1.22; participants = 1898; studies = eight; low quality evidence), infant birthweight (mean difference (MD) 5.13 g; 95% CI -29.46 to 39.72; participants = 1939; studies = nine; low quality evidence), premature birth (average RR 1.03; 95% CI 0.76 to 1.39; participants = 1177; studies = five; low quality evidence), or neonatal death (average RR 0.49; 95% CI 0.04 to 5.42; participants = 795; studies = one; very low quality). None of the studies reported congenital anomalies.For maternal outcomes, there was no clear evidence of differences between groups for anaemia at term (average RR 1.22; 95% CI 0.84 to 1.80; participants = 676; studies = four; I² = 10%; very low quality). Women receiving intermittent supplementation had fewer side effects (average RR 0.56; 95% CI 0.37 to 0.84; participants = 1777; studies = 11; I² = 87%; very low quality) and were at lower risk of having high haemoglobin (Hb) concentrations (greater than 130 g/L) during the second or third trimester of pregnancy (average RR 0.53; 95% CI 0.38 to 0.74; participants = 2616; studies = 15; I² = 52%; (this was not a primary outcome)) compared with women receiving daily supplements. There were no significant differences in iron-deficiency anaemia at term between women receiving intermittent or daily iron + folic acid supplementation (average RR 0.71; 95% CI 0.08 to 6.63; participants = 156; studies = one). There were no maternal deaths (six studies) or women with severe anaemia in pregnancy (six studies). None of the studies reported on iron deficiency at term or infections during pregnancy.Most of the studies included in the review (14/21 contributing data) compared intermittent oral iron + folic acid supplementation compared with daily oral iron + folic acid supplementation (4653 women) and findings for this comparison broadly reflect findings for the main comparison (any intermittent versus any daily regimen).Three studies with 464 women examined supplementation with intermittent oral iron alone compared with daily oral iron alone. There were no clear differences between groups for mean birthweight, preterm birth, maternal anaemia or maternal side effects. Other primary outcomes were not reported.Four studies with a combined sample size of 412 women compared intermittent oral iron + vitamins and minerals supplementation with daily oral iron + vitamins and minerals supplementation. Results were not reported for any of the review's infant primary outcomes. One study reported fewer maternal side effects in the intermittent iron group, and two studies that more women were anaemic at term compared with those receiving daily supplementation.Where sufficient data were available for primary outcomes, we set up subgroups to look for possible differences between studies in terms of earlier or later supplementation; women's anaemia status at the start of supplementation; higher and lower weekly doses of iron; and the malarial status of the region in which the trials were conducted. There was no clear effect of these variables on results.
AUTHORS' CONCLUSIONS: This review is the most comprehensive summary of the evidence assessing the benefits and harms of intermittent iron supplementation in pregnant women on haematological and pregnancy outcomes. Findings suggest that intermittent regimens produced similar maternal and infant outcomes as daily supplementation but were associated with fewer side effects and reduced the risk of high levels of Hb in mid and late pregnancy, although the risk of mild anaemia near term was increased. While the quality of the evidence was assessed as low or very low, intermittent may be a feasible alternative to daily iron supplementation among those pregnant women who are not anaemic and have adequate antenatal care.",Peña-Rosas JP; De-Regil LM; Gomez Malave H; Flores-Urrutia MC; Dowswell T,2015,The Cochrane database of systematic reviews,"Journal Article|Meta-Analysis|Research Support, N.I.H., Extramural|Research Support, Non-U.S. Gov't|Systematic Review",10.1002/14651858.CD009997.pub2,https://pubmed.ncbi.nlm.nih.gov/26482110/,retain,true,abstract_only,ABSTRACT_SENTENCE_11,"The methodological quality of included studies was mixed and most had high levels of attrition.The overall assessment of the quality of the evidence for primary infant outcomes was low and for maternal outcomes very low.Of the 21 trials contributing data, three studies provided intermittent iron alone, 14 intermittent iron + folic acid and four intermittent iron plus multiple vitamins and minerals in comparison with the same composition of supplements provided in a daily regimen.Overall, for women receiving any intermittent iron regimen (with or without other vitamins and minerals) compared with a daily regimen there was no clear evidence of differences between groups for any infant primary outcomes: low birthweight (average risk ratio (RR) 0.82; 95% confidence interval (CI) 0.55 to 1.22; participants = 1898; studies = eight; low quality evidence), infant birthweight (mean difference (MD) 5.13 g; 95% CI -29.46 to 39.72; participants = 1939; studies = nine; low quality evidence), premature birth (average RR 1.03; 95% CI 0.76 to 1.39; participants = 1177; studies = five; low quality evidence), or neonatal death (average RR 0.49; 95% CI 0.04 to 5.42; participants = 795; studies = one; very low quality).",5.13 g | 130 g,"None of the studies reported congenital anomalies.For maternal outcomes, there was no clear evidence of differences between groups for anaemia at term (average RR 1.22; 95% CI 0.84 to 1.80; participants = 676; studies = four; I² = 10%; very low quality). | There were no clear differences between groups for mean birthweight, preterm birth, maternal anaemia or maternal side effects.","The methodological quality of included studies was mixed and most had high levels of attrition.The overall assessment of the quality of the evidence for primary infant outcomes was low and for maternal outcomes very low.Of the 21 trials contributing data, three studies provided intermittent iron alone, 14 intermittent iron + folic acid and four intermittent iron plus multiple vitamins and minerals in comparison with the same composition of supplements provided in a daily regimen.Overall, for women receiving any intermittent iron regimen (with or without other vitamins and minerals) compared with a daily regimen there was no clear evidence of differences between groups for any infant primary outcomes: low birthweight (average risk ratio (RR) 0.82; 95% confidence interval (CI) 0.55 to 1.22; participants = 1898; studies = eight; low quality evidence), infant birthweight (mean difference (MD) 5.13 g; 95% CI -29.46 to 39.72; participants = 1939; studies = nine; low quality evidence), premature birth (average RR 1.03; 95% CI 0.76 to 1.39; participants = 1177; studies = five; low quality evidence), or neonatal death (average RR 0.49; 95% CI 0.04 to 5.42; participants = 795; studies = one; very low quality).","BACKGROUND: Anaemia is a frequent condition during pregnancy, particularly among women in low- and middle-income countries. | Traditionally, gestational anaemia has been prevented with daily iron supplements throughout pregnancy, but adherence to this regimen due to side effects, interrupted supply of the supplements, and concerns about safety among women with an adequate iron intake, have limited the use of this intervention. | OBJECTIVES: To assess the benefits and harms of intermittent supplementation with iron alone or in combination with folic acid or other vitamins and minerals to pregnant women on neonatal and pregnancy outcomes.",20,research/searches_v3/HRS3_PREGNANCY/pubmed/20260726T163628Z/efetch_002.xml,d06c9326d4f6b2eebb0ec5661a468ab73174945536ddac746a0733428357031b,,not_observed,ai_screened_regex_confirmed
HRS3_PREGNANCY,pubmed:32131751,pubmed,32131751,Adherence to iron-folic acid supplementation among pregnant women in Ethiopia: a systematic review and meta-analysis.,"BACKGROUND: Despite the supplementation of iron-folic acid is the recommended strategy during the antenatal period; iron deficiency anemia is the commonest hematologic complication during pregnancy. Therefore, this systematic review and meta-analysis aimed to assess the level of adherence to iron-folic acid supplementation and its associated factors among pregnant women in Ethiopia.
METHODS: Systematic review and meta-analysis guideline was followed for this study. Different online databases were used for the review: PubMed, HINARI, EMBASE, Google Scholar and African Journals Online. Different searching terms were applied based on the adapted PICO principles to achieve and access all the essential articles. The data were entered and analyzed using Microsoft Excel and Stata 11 software respectively.
RESULTS: Fifteen studies were included in this systematic review and meta-analysis with a total of 5808 pregnant women. The overall pooled prevalence of adherence to iron-folic acid supplementation among pregnant women in Ethiopia was 41.38% (95% CI: 33.09, 49.67). Having secondary and above educational status of the women (AOR:2.68,95%CI:1.25, 5.74), having an early registration of antenatal care follow-up (≤16 weeks) (AOR:2.54,95%CI:1.99, 3.24), having anemia complication during current pregnancy (AOR:3.01,95%CI:1.88, 4.81), having good knowledge of iron-folic acid supplementation (AOR: 2.96, 95%CI:1.76, 4.99), having four times or more antenatal care follow up (AOR:3.66, 95%CI:2.81, 4.77), getting health education about benefit of iron and folic acid (AOR:2.62,95%CI:1.46,4.72), and having good knowledge about anemia (AOR:2.99,95%CI:2.32, 3.85) were associated risk factors for adherence to iron-folic acid supplementation.
CONCLUSION: The overall pooled prevalence adherence of IFAS among pregnant women was lower than the WHO recommendations. Educational status, early registration of ANC, anemia in the current pregnancy, good knowledge of IFAS, number of ANC visits, good knowledge of anemia and receiving health education about the benefit of IFAS were factors associated with the adherence of IFAS among pregnant women in Ethiopia. This finding is important to design strategic policies and to prevent anemia and congenital anomaly resulted from inadequate intake of iron and folic acid.",Sendeku FW; Azeze GG; Fenta SL,2020,BMC pregnancy and childbirth,Journal Article|Meta-Analysis|Systematic Review,10.1186/s12884-020-2835-0,https://pubmed.ncbi.nlm.nih.gov/32131751/,retain,true,abstract_only,ABSTRACT_SENTENCE_9,"Having secondary and above educational status of the women (AOR:2.68,95%CI:1.25, 5.74), having an early registration of antenatal care follow-up (≤16 weeks) (AOR:2.54,95%CI:1.99, 3.24), having anemia complication during current pregnancy (AOR:3.01,95%CI:1.88, 4.81), having good knowledge of iron-folic acid supplementation (AOR: 2.96, 95%CI:1.76, 4.99), having four times or more antenatal care follow up (AOR:3.66, 95%CI:2.81, 4.77), getting health education about benefit of iron and folic acid (AOR:2.62,95%CI:1.46,4.72), and having good knowledge about anemia (AOR:2.99,95%CI:2.32, 3.85) were associated risk factors for adherence to iron-folic acid supplementation.","68,95% | 54,95% | 01,95% | 95% | 62,95% | 99,95%","BACKGROUND: Despite the supplementation of iron-folic acid is the recommended strategy during the antenatal period; iron deficiency anemia is the commonest hematologic complication during pregnancy. | Having secondary and above educational status of the women (AOR:2.68,95%CI:1.25, 5.74), having an early registration of antenatal care follow-up (≤16 weeks) (AOR:2.54,95%CI:1.99, 3.24), having anemia complication during current pregnancy (AOR:3.01,95%CI:1.88, 4.81), having good knowledge of iron-folic acid supplementation (AOR: 2.96, 95%CI:1.76, 4.99), having four times or more antenatal care follow up (AOR:3.66, 95%CI:2.81, 4.77), getting health education about benefit of iron and folic acid (AOR:2.62,95%CI:1.46,4.72), and having good knowledge about anemia (AOR:2.99,95%CI:2.32, 3.85) were associated risk factors for adherence to iron-folic acid supplementation. | This finding is important to design strategic policies and to prevent anemia and congenital anomaly resulted from inadequate intake of iron and folic acid.","Having secondary and above educational status of the women (AOR:2.68,95%CI:1.25, 5.74), having an early registration of antenatal care follow-up (≤16 weeks) (AOR:2.54,95%CI:1.99, 3.24), having anemia complication during current pregnancy (AOR:3.01,95%CI:1.88, 4.81), having good knowledge of iron-folic acid supplementation (AOR: 2.96, 95%CI:1.76, 4.99), having four times or more antenatal care follow up (AOR:3.66, 95%CI:2.81, 4.77), getting health education about benefit of iron and folic acid (AOR:2.62,95%CI:1.46,4.72), and having good knowledge about anemia (AOR:2.99,95%CI:2.32, 3.85) were associated risk factors for adherence to iron-folic acid supplementation.","BACKGROUND: Despite the supplementation of iron-folic acid is the recommended strategy during the antenatal period; iron deficiency anemia is the commonest hematologic complication during pregnancy. | Therefore, this systematic review and meta-analysis aimed to assess the level of adherence to iron-folic acid supplementation and its associated factors among pregnant women in Ethiopia. | RESULTS: Fifteen studies were included in this systematic review and meta-analysis with a total of 5808 pregnant women.",20,research/searches_v3/HRS3_PREGNANCY/pubmed/20260726T163628Z/efetch_001.xml,f310e10f4306202704ed70d7ed160f46f58ff2f1c024158ac31a8ebe0a09a5a4,,not_observed,ai_screened_regex_confirmed
HRS3_PREGNANCY,pubmed:36728680,pubmed,36728680,The effects of oral ferrous bisglycinate supplementation on hemoglobin and ferritin concentrations in adults and children: a systematic review and meta-analysis of randomized controlled trials.,"CONTEXT: Iron deficiency and anemia have serious consequences, especially for children and pregnant women. Iron salts are commonly provided as oral supplements to prevent and treat iron deficiency, despite poor bioavailability and frequently reported adverse side effects. Ferrous bisglycinate is a novel amino acid iron chelate that is thought to be more bioavailable and associated with fewer gastrointestinal (GI) adverse events as compared with iron salts.
OBJECTIVE: A systematic review and meta-analysis of randomized controlled trials (RCTs) was conducted to evaluate the effects of ferrous bisglycinate supplementation compared with other iron supplements on hemoglobin and ferritin concentrations and GI adverse events.
DATA SOURCES: A systematic search of electronic databases and grey literature was performed up to July 17, 2020, yielding 17 RCTs that reported hemoglobin or ferritin concentrations following at least 4 weeks' supplementation of ferrous bisglycinate compared with other iron supplements in any dose or frequency.
DATA EXTRACTION: Random-effects meta-analyses were conducted among trials of pregnant women (n = 9) and children (n = 4); pooled estimates were expressed as standardized mean differences (SMDs). Incidence rate ratios (IRRs) were estimated for GI adverse events, using Poisson generalized linear mixed-effects models. The remaining trials in other populations (n = 4; men and nonpregnant women) were qualitatively evaluated.
DATA ANALYSIS: Compared with other iron supplements, supplementation with ferrous bisglycinate for 4-20 weeks resulted in higher hemoglobin concentrations in pregnant women (SMD, 0.54 g/dL; 95% confidence interval [CI], 0.15-0.94; P < 0.01) and fewer reported GI adverse events (IRR, 0.36; 95%CI, 0.17-0.76; P < 0.01). We observed a non-significant trend for higher ferritin concentrations in pregnant women supplemented with ferrous bisglycinate. No significant differences in hemoglobin or ferritin concentrations were detected among children.
CONCLUSION: Ferrous bisglycinate shows some benefit over other iron supplements in increasing hemoglobin concentration and reducing GI adverse events among pregnant women. More trials are needed to assess the efficacy of ferrous bisglycinate against other iron supplements in other populations.
PROSPERO REGISTRATION NO: CRD42020196984.",Fischer JAJ; Cherian AM; Bone JN; Karakochuk CD,2023,Nutrition reviews,"Journal Article|Meta-Analysis|Research Support, Non-U.S. Gov't|Systematic Review",10.1093/nutrit/nuac106,https://pubmed.ncbi.nlm.nih.gov/36728680/,retain,true,abstract_only,ABSTRACT_SENTENCE_9,"DATA ANALYSIS: Compared with other iron supplements, supplementation with ferrous bisglycinate for 4-20 weeks resulted in higher hemoglobin concentrations in pregnant women (SMD, 0.54 g/dL; 95% confidence interval [CI], 0.15-0.94; P < 0.01) and fewer reported GI adverse events (IRR, 0.36; 95%CI, 0.17-0.76; P < 0.01).",0.54 g/d | 95%,"Iron salts are commonly provided as oral supplements to prevent and treat iron deficiency, despite poor bioavailability and frequently reported adverse side effects. | Ferrous bisglycinate is a novel amino acid iron chelate that is thought to be more bioavailable and associated with fewer gastrointestinal (GI) adverse events as compared with iron salts. | OBJECTIVE: A systematic review and meta-analysis of randomized controlled trials (RCTs) was conducted to evaluate the effects of ferrous bisglycinate supplementation compared with other iron supplements on hemoglobin and ferritin concentrations and GI adverse events.","DATA ANALYSIS: Compared with other iron supplements, supplementation with ferrous bisglycinate for 4-20 weeks resulted in higher hemoglobin concentrations in pregnant women (SMD, 0.54 g/dL; 95% confidence interval [CI], 0.15-0.94; P < 0.01) and fewer reported GI adverse events (IRR, 0.36; 95%CI, 0.17-0.76; P < 0.01).","CONTEXT: Iron deficiency and anemia have serious consequences, especially for children and pregnant women. | DATA EXTRACTION: Random-effects meta-analyses were conducted among trials of pregnant women (n = 9) and children (n = 4); pooled estimates were expressed as standardized mean differences (SMDs). | The remaining trials in other populations (n = 4; men and nonpregnant women) were qualitatively evaluated.",20,research/searches_v3/HRS3_PREGNANCY/pubmed/20260726T163628Z/efetch_001.xml,f310e10f4306202704ed70d7ed160f46f58ff2f1c024158ac31a8ebe0a09a5a4,,not_observed,ai_screened_regex_confirmed
HRS3_PREGNANCY,pubmed:38045667,pubmed,38045667,The Efficacy and Safety of Myo-inositol Supplementation for the Prevention of Gestational Diabetes Mellitus in Overweight and Obese Pregnant Women: A Systematic Review and Meta-Analysis.,"BACKGROUND: Myo-inositol has emerged as one of the preventive therapies for the development of gestational diabetes mellitus in at-risk populations. This systematic review and meta-analysis was conducted to determine the efficacy and safety of myo-inositol in decreasing the incidence of gestational diabetes in overweight and obese pregnant women.
METHODOLOGY: This meta-analysis was conducted using the standard Cochrane methodology and reported in accordance with the Preferred Reporting Items for Systematic Reviews and Meta-analyses (PRISMA) 2020 guidelines. Inclusion criteria were randomized controlled trials (RCTs) that enrolled overweight and obese pregnant women and used myo-inositol supplementation. The primary outcome was the incidence of gestational diabetes mellitus at 24-28 weeks. Secondary outcomes included cesarean section rate, the incidence of pregnancy-induced hypertension, macrosomia and preterm delivery. Risk ratios (RRs) and 95% confidence intervals (CIs) were used for dichotomous data.
RESULTS: Six RCTs were included. Compared to standard micronutrient supplementation, standard dose of myo-inositol (4 g) may reduce the incidence of GDM (RR 0.54; CI [0.30, 0.96]; n = 887 women), but the certainty of evidence is low to very low. With low-dose myo-inositol however, evidence is uncertain about its benefit on the incidence of gestational diabetes mellitus in overweight and obese women with RR 0.71; CI [0.14, 3.50]. No adverse effects were noted. For the secondary outcomes, standard dose myo-inositol appears to reduce the incidence of pregnancy-induced hypertension and preterm delivery, but the certainty of evidence is low to very low.
CONCLUSION: Current evidence is uncertain on the potential benefit of myo-inositol supplementation in overweight and obese pregnant women. While studies show that 4 g myo-inositol per day may decrease the incidence of GDM, pregnancy-induced hypertension and pre-term birth with no associated risk of serious adverse events, the certainty of evidence is low to very low. Future high-quality trials may provide more compelling evidence to support practice recommendations.",Factor PA; Corpuz H,2023,Journal of the ASEAN Federation of Endocrine Societies,Meta-Analysis|Systematic Review|Journal Article,10.15605/jafes.038.02.11,https://pubmed.ncbi.nlm.nih.gov/38045667/,retain,true,abstract_only,ABSTRACT_SENTENCE_14,"While studies show that 4 g myo-inositol per day may decrease the incidence of GDM, pregnancy-induced hypertension and pre-term birth with no associated risk of serious adverse events, the certainty of evidence is low to very low.",4 g,"Secondary outcomes included cesarean section rate, the incidence of pregnancy-induced hypertension, macrosomia and preterm delivery. | No adverse effects were noted. | For the secondary outcomes, standard dose myo-inositol appears to reduce the incidence of pregnancy-induced hypertension and preterm delivery, but the certainty of evidence is low to very low.","While studies show that 4 g myo-inositol per day may decrease the incidence of GDM, pregnancy-induced hypertension and pre-term birth with no associated risk of serious adverse events, the certainty of evidence is low to very low.",BACKGROUND: Myo-inositol has emerged as one of the preventive therapies for the development of gestational diabetes mellitus in at-risk populations. | This systematic review and meta-analysis was conducted to determine the efficacy and safety of myo-inositol in decreasing the incidence of gestational diabetes in overweight and obese pregnant women. | Inclusion criteria were randomized controlled trials (RCTs) that enrolled overweight and obese pregnant women and used myo-inositol supplementation.,20,research/searches_v3/HRS3_PREGNANCY/pubmed/20260726T163628Z/efetch_001.xml,f310e10f4306202704ed70d7ed160f46f58ff2f1c024158ac31a8ebe0a09a5a4,,not_observed,ai_screened_regex_confirmed
HRS3_PREGNANCY,pubmed:12577128,pubmed,12577128,The prevention of congenital anomalies with periconceptional folic acid supplementation.,"Large randomized trials have demonstrated the critical role of folic acid supplementation in the prevention of neural tube defects. Since 1992, a number of national and international professional societies have released guidelines recommending folic acid supplementation of at least 0.4 mg/day for all women of childbearing age or women planning pregnancies, and 4 mg/day for women with a previous infant with a neural tube defect. Furthermore, a reduction in the incidence of congenital cardiac and urologic anomalies has been demonstrated in some studies following periconceptional folic acid supplementation. There is growing evidence of a possible role of folic acid supplementation in the prevention of other congenital anomalies, including cardiac defects. Since 1998, mandatory fortification of certain foods with folate has been associated with at least a 54% reduction in the incidence of open neural tube defects, yet rates of periconceptional folic acid use remain suboptimal, especially in minority women. Innovative strategies in educating women, health-care providers, and pharmacists on the benefits of folic acid supplementation need to be explored. Mandatory folate fortification of foods needs to be defined and monitored.",McDonald SD; Ferguson S; Tam L; Lougheed J; Walker MC,2003,Journal of obstetrics and gynaecology Canada : JOGC = Journal d'obstetrique et gynecologie du Canada : JOGC,Clinical Trial|Journal Article|Randomized Controlled Trial|Review,10.1016/s1701-2163(16)30207-9,https://pubmed.ncbi.nlm.nih.gov/12577128/,retain,true,abstract_only,ABSTRACT_SENTENCE_5,"Since 1998, mandatory fortification of certain foods with folate has been associated with at least a 54% reduction in the incidence of open neural tube defects, yet rates of periconceptional folic acid use remain suboptimal, especially in minority women.",0.4 mg/d | 4 mg/d,"Furthermore, a reduction in the incidence of congenital cardiac and urologic anomalies has been demonstrated in some studies following periconceptional folic acid supplementation. | There is growing evidence of a possible role of folic acid supplementation in the prevention of other congenital anomalies, including cardiac defects.","Since 1998, mandatory fortification of certain foods with folate has been associated with at least a 54% reduction in the incidence of open neural tube defects, yet rates of periconceptional folic acid use remain suboptimal, especially in minority women.","Since 1992, a number of national and international professional societies have released guidelines recommending folic acid supplementation of at least 0.4 mg/day for all women of childbearing age or women planning pregnancies, and 4 mg/day for women with a previous infant with a neural tube defect.",19,research/searches_v3/HRS3_PREGNANCY/pubmed/20260726T163628Z/efetch_003.xml,56fa6e797a43046ef17e216a4388848e1ef46f196617cbbb44b3dcfff0fe1f5e,,not_observed,ai_screened_regex_confirmed
HRS3_PREGNANCY,pubmed:18088161,pubmed,18088161,Effectiveness and safety of vitamin D in relation to bone health.,"OBJECTIVES: To review and synthesize the literature in the following areas: the association of specific circulating 25(OH)D concentrations with bone health outcomes in children, women of reproductive age, postmenopausal women and elderly men; the effect of dietary intakes (foods fortified with vitamin D and/or vitamin D supplementation) and sun exposure on serum 25(OH)D; the effect of vitamin D on bone mineral density (BMD) and fracture or fall risk; and the identification of potential harms of vitamin D above current reference intakes.
DATA SOURCES: MEDLINE(R) (1966-June Week 3 2006); Embase (2002-2006 Week 25); CINAHL (1982-June Week 4, 2006); AMED (1985 to June 2006); Biological Abstracts (1990-February 2005); and the Cochrane Central Register of Controlled Trials (2nd Quarter 2006).
REVIEW METHODS: Two independent reviewers completed a multi-level process of screening the literature to identify eligible studies (title and abstract, followed by full text review, and categorization of study design per key question). To minimize bias, study design was limited to randomized controlled trials (RCTs) wherever possible. Study criteria for question one were broadened to include observational studies due to a paucity of available RCTs, and question four was restricted to systematic reviews to limit scope. Data were abstracted in duplicate and study quality assessed. Differences in opinion were resolved through consensus or adjudication. If clinically relevant and statistically feasible, meta-analyses of RCTs on vitamin D supplementation and bone health outcomes were conducted, with exploration of heterogeneity. When meta-analysis was not feasible, a qualitative systematic review of eligible studies was conducted.
RESULTS: 167 studies met our eligibility criteria (112 RCTs, 19 prospective cohorts, 30 case-controls and six before-after studies). The largest body of evidence on vitamin D status and bone health was in older adults with a lack of studies in premenopausal women and infants, children and adolescents. The quality of RCTs was highest in the vitamin D efficacy trials for prevention of falls and/or fractures in older adults. There was fair evidence of an association between low circulating 25(OH)D concentrations and established rickets. However, the specific 25(OH)D concentrations associated with rickets is uncertain, given the lack of studies in populations with dietary calcium intakes similar to North American diets and the different methods used to determine 25(OH)D concentrations. There was inconsistent evidence of an association of circulating 25(OH)D with bone mineral content in infants, and fair evidence that serum 25(OH)D is inversely associated with serum PTH. In adolescents, there was fair evidence for an association between 25(OH)D levels and changes in BMD. There were very few studies in pregnant and lactating women, and insufficient evidence for an association between serum 25(OH)D and changes in BMD during lactation, and fair evidence of an inverse correlation with PTH. In older adults, there was fair evidence that serum 25(OH)D is inversely associated with falls, fair evidence for a positive association with BMD, and inconsistent evidence for an association with fractures. The imprecision of 25(OH)D assays may have contributed to the variable thresholds of 25(OH)D below which the risk of fractures, falls or bone loss was increased. There was good evidence that intakes from vitamin D-fortified foods (11 RCTs) consistently increased serum 25(OH)D in both young and older adults. Eight randomized trials of ultraviolet (UV)-B radiation (artificial and solar exposure) were small and heterogeneous with respect to determination of the exact UV-B dose and 25(OH)D assay but there was a positive effect on serum 25(OH)D concentrations. It was not possible to determine how 25(OH)D levels varied by ethnicity, sunscreen use or latitude. Seventy-four trials examined the effect of vitamin D(3) or D(2) on 25(OH)D concentrations. Most trials used vitamin D(3), and the majority enrolled older adults. In three trials, there was a greater response of serum 25(OH)D concentrations to vitamin D(3) compared to vitamin D(2), which may have been due to more rapid clearance of vitamin D(2) in addition to other mechanisms. Meta-analysis of 16 trials of vitamin D(3) was consistent with a dose-response effect on serum 25(OH)D when comparing daily doses of <400 IU to doses >/= 400 IU. An exploratory analysis of the heterogeneity demonstrated a significant positive association comparable to an increase of 1 - 2 nmol/L in serum 25(OH)D for every 100 additional units of vitamin D although heterogeneity remained after adjusting for dose. Vitamin D(3) in combination with calcium results in small increases in BMD compared to placebo in older adults although quantitative synthesis was limited due to variable treatment durations and BMD sites. The evidence for fracture reduction with vitamin D supplementation was inconsistent across 15 trials. The combined results of trials using vitamin D(3) (700 - 800 IU daily) with calcium (500 - 1,200 mg) was consistent with a benefit on fractures although in a subgroup analysis by setting, benefit was primarily in elderly institutionalized women (fair evidence from two trials). There was inconsistent evidence across 14 RCTs of a benefit on fall risk. However, a subgroup analysis showed a benefit of vitamin D in postmenopausal women, and in trials that used vitamin D(3) plus calcium. In addition, there was a reduction in fall risk with vitamin D when six trials that adequately ascertained falls were combined. Limitations of the fall and fracture trials included poor compliance with vitamin D supplementation, incomplete assessment of vitamin D status and large losses to follow-up. We did not find any systematic reviews that addressed the question on the level of sunlight exposure that is sufficient to maintain serum 25(OH)D concentrations but minimizes risk of melanoma and non-melanoma skin cancer. There is little evidence from existing trials that vitamin D above current reference intakes is harmful. In most trials, reports of hypercalcemia and hypercalciuria were not associated with clinically relevant events. The Women's Health Initiative study did report a small increase in kidney stones in postmenopausal women aged 50 to 79 years whose daily vitamin D(3) intake was 400 IU (the reference intake for 50 to 70 years, and below the reference intake for > 70 years) combined with 1000 mg calcium. The increase in renal stones corresponded to 5.7 events per 10,000 person-years of exposure. The women in this trial had higher calcium intakes than is seen in most post-menopausal women.
CONCLUSIONS: The results highlight the need for additional high quality studies in infants, children, premenopausal women, and diverse racial or ethnic groups. There was fair evidence from studies of an association between circulating 25(OH)D concentrations with some bone health outcomes (established rickets, PTH, falls, BMD). However, the evidence for an association was inconsistent for other outcomes (e.g., BMC in infants and fractures in adults). It was difficult to define specific thresholds of circulating 25(OH)D for optimal bone health due to the imprecision of different 25(OH)D assays. Standard reference preparations are needed so that serum 25(OH)D can be accurately and reliably measured, and validated. In most trials, the effects of vitamin D and calcium could not be separated. Vitamin D(3) (>700 IU/day) with calcium supplementation compared to placebo has a small beneficial effect on BMD, and reduces the risk of fractures and falls although benefit may be confined to specific subgroups. Vitamin D intake above current dietary reference intakes was not reported to be associated with an increased risk of adverse events. However, most trials of higher doses of vitamin D were not adequately designed to assess long-term harms.",Cranney A; Horsley T; O'Donnell S; Weiler H; Puil L; Ooi D; Atkinson S; Ward L; Moher D; Hanley D; Fang M; Yazdi F; Garritty C; Sampson M; Barrowman N; Tsertsvadze A; Mamaladze V,2007,Evidence report/technology assessment,Journal Article|Systematic Review,,https://pubmed.ncbi.nlm.nih.gov/18088161/,retain,true,abstract_only,ABSTRACT_SENTENCE_1,"OBJECTIVES: To review and synthesize the literature in the following areas: the association of specific circulating 25(OH)D concentrations with bone health outcomes in children, women of reproductive age, postmenopausal women and elderly men; the effect of dietary intakes (foods fortified with vitamin D and/or vitamin D supplementation) and sun exposure on serum 25(OH)D; the effect of vitamin D on bone mineral density (BMD) and fracture or fall risk; and the identification of potential harms of vitamin D above current reference intakes.","400 IU | 700 - 800 IU | 500 - 1,200 mg | 1000 mg | 700 IU/d","OBJECTIVES: To review and synthesize the literature in the following areas: the association of specific circulating 25(OH)D concentrations with bone health outcomes in children, women of reproductive age, postmenopausal women and elderly men; the effect of dietary intakes (foods fortified with vitamin D and/or vitamin D supplementation) and sun exposure on serum 25(OH)D; the effect of vitamin D on bone mineral density (BMD) and fracture or fall risk; and the identification of potential harms of vitamin D above current reference intakes. | REVIEW METHODS: Two independent reviewers completed a multi-level process of screening the literature to identify eligible studies (title and abstract, followed by full text review, and categorization of study design per key question). | Vitamin D intake above current dietary reference intakes was not reported to be associated with an increased risk of adverse events.","OBJECTIVES: To review and synthesize the literature in the following areas: the association of specific circulating 25(OH)D concentrations with bone health outcomes in children, women of reproductive age, postmenopausal women and elderly men; the effect of dietary intakes (foods fortified with vitamin D and/or vitamin D supplementation) and sun exposure on serum 25(OH)D; the effect of vitamin D on bone mineral density (BMD) and fracture or fall risk; and the identification of potential harms of vitamin D above current reference intakes.","There were very few studies in pregnant and lactating women, and insufficient evidence for an association between serum 25(OH)D and changes in BMD during lactation, and fair evidence of an inverse correlation with PTH.",19,research/searches_v3/HRS3_PREGNANCY/pubmed/20260726T163628Z/efetch_003.xml,56fa6e797a43046ef17e216a4388848e1ef46f196617cbbb44b3dcfff0fe1f5e,,not_observed,ai_screened_regex_confirmed
HRS3_PREGNANCY,pubmed:29019855,pubmed,29019855,Bovine Colostrum for Preterm Infants in the First Days of Life: A Randomized Controlled Pilot Trial.,"OBJECTIVES: Mother's own milk (MM) is the best nutrition for newborn preterm infants, but is often limited in supply just after birth. Pasteurized human donor milk (DM), and especially preterm infant formula (IF) are less optimal diets than MM. We hypothesized that it is feasible to use bovine colostrum (BC), the first milk from cows, as a supplement to MM, during the first weeks after preterm birth.
METHODS: In an open-label, randomized, controlled pilot safety trial, supplementation of MM with BC was compared with DM supplementation (Danish unit) or IF supplementation (Chinese unit). If MM was limited or lacking, BC, DM or IF were given according to local feeding guidelines during the first 14 days of life.
RESULTS: Forty infants were included and randomized in Denmark and in China, with gestational ages 29.9 ± 0.4 and 31.1 ± 0.2 weeks, respectively. Infants supplemented with BC received more enteral protein (P < 0.05) and tended to reach full enteral feeding earlier (China only). Eight infants fed BC showed a temporary elevation in plasma tyrosine on day 7, versus 2 infants in the DM/IF groups. There were no differences between diet groups in feeding intolerance or clinical adverse events.
CONCLUSIONS: Our results indicate that it is feasible to use BC as a supplement to MM during the first weeks of life to increase enteral protein intake in preterm infants. Plasma tyrosine levels may be a good marker for excessive protein intake. A larger randomized trial is required to test the safety and possible short- and long-term clinical benefits of BC supplementation during the first weeks of life for preterm infants.",Juhl SM; Ye X; Zhou P; Li Y; Iyore EO; Zhang L; Jiang P; van Goudoever JB; Greisen G; Sangild PT,2018,Journal of pediatric gastroenterology and nutrition,"Clinical Trial, Phase III|Journal Article|Randomized Controlled Trial|Research Support, Non-U.S. Gov't",10.1097/MPG.0000000000001774,https://pubmed.ncbi.nlm.nih.gov/29019855/,retain,true,abstract_only,ABSTRACT_SENTENCE_10,CONCLUSIONS: Our results indicate that it is feasible to use BC as a supplement to MM during the first weeks of life to increase enteral protein intake in preterm infants.,,"OBJECTIVES: Mother's own milk (MM) is the best nutrition for newborn preterm infants, but is often limited in supply just after birth. | Pasteurized human donor milk (DM), and especially preterm infant formula (IF) are less optimal diets than MM. | We hypothesized that it is feasible to use bovine colostrum (BC), the first milk from cows, as a supplement to MM, during the first weeks after preterm birth.",CONCLUSIONS: Our results indicate that it is feasible to use BC as a supplement to MM during the first weeks of life to increase enteral protein intake in preterm infants.,"OBJECTIVES: Mother's own milk (MM) is the best nutrition for newborn preterm infants, but is often limited in supply just after birth. | We hypothesized that it is feasible to use bovine colostrum (BC), the first milk from cows, as a supplement to MM, during the first weeks after preterm birth. | RESULTS: Forty infants were included and randomized in Denmark and in China, with gestational ages 29.9 ± 0.4 and 31.1 ± 0.2 weeks, respectively.",19,research/searches_v3/HRS3_PREGNANCY/pubmed/20260726T163628Z/efetch_002.xml,d06c9326d4f6b2eebb0ec5661a468ab73174945536ddac746a0733428357031b,,not_observed,ai_screened_regex_confirmed
HRS4_LIVER_DISEASE,pubmed:34491307,pubmed,34491307,The Role of Micronutrients in the Pathogenesis of Alcohol-Related Liver Disease.,"AIMS: Chronic alcohol consumption may result in liver injury and chronic liver disease, but other factors are likely to influence disease progression. Malnutrition, specifically micronutrient deficiency, is frequently associated with both alcohol use disorder and chronic liver disease. We hypothesize that micronutrient deficiencies may affect the progression of liver disease in this population.
METHODS: Systematic integrative review of the medical literature; electronic search of MEDLINE 1950-2021; studies investigating role of any micronutrient in the acceleration of alcohol-related liver injury in humans or animals. Studies which specifically related to alcoholic hepatitis were excluded. Outcomes were extracted and recorded in tabulated form and discussed narratively.
RESULTS: We identified 46 studies investigating the role of micronutrient deficiencies in the pathogenesis of alcohol-related liver disease. Specific micronutrients which were identified included folic acid or related B vitamins (n = 9 studies), Vitamin D (n = 9 studies), magnesium (n = 8 studies), zinc (n = 8 studies) and selenium (n = 12 including one systematic review). Observational evidence suggests a potential role of magnesium deficiency in accelerating alcohol-related liver injury with weak or negative evidence for other micronutrients.
CONCLUSIONS: Magnesium deficiency may increase the risk of alcohol-related liver injury and adverse liver outcomes. However, currently, there is insufficient evidence to support magnesium supplementation except for clinically relevant magnesium deficiency. Long-term prospective cohort studies assessing the impact of micronutrients on liver disease progression in patients with alcohol use disorder are lacking and may help determine whether there is a causal role for micronutrient deficiencies in alcohol-related liver injury.",Nicoll R; Gerasimidis K; Forrest E,2022,"Alcohol and alcoholism (Oxford, Oxfordshire)",Journal Article|Systematic Review,10.1093/alcalc/agab060,https://pubmed.ncbi.nlm.nih.gov/34491307/,retain,true,abstract_only,ABSTRACT_SENTENCE_10,CONCLUSIONS: Magnesium deficiency may increase the risk of alcohol-related liver injury and adverse liver outcomes.,,"AIMS: Chronic alcohol consumption may result in liver injury and chronic liver disease, but other factors are likely to influence disease progression. | METHODS: Systematic integrative review of the medical literature; electronic search of MEDLINE 1950-2021; studies investigating role of any micronutrient in the acceleration of alcohol-related liver injury in humans or animals. | Observational evidence suggests a potential role of magnesium deficiency in accelerating alcohol-related liver injury with weak or negative evidence for other micronutrients.",CONCLUSIONS: Magnesium deficiency may increase the risk of alcohol-related liver injury and adverse liver outcomes.,"AIMS: Chronic alcohol consumption may result in liver injury and chronic liver disease, but other factors are likely to influence disease progression. | Malnutrition, specifically micronutrient deficiency, is frequently associated with both alcohol use disorder and chronic liver disease. | We hypothesize that micronutrient deficiencies may affect the progression of liver disease in this population.",21,research/searches_v3/HRS4_LIVER_DISEASE/pubmed/20260726T163628Z/efetch_001.xml,4a598f416f16deafa0cc1204bc64ff2c7e6d31eaaa3aae94060395c198764343,,not_observed,ai_screened_regex_confirmed
HRS4_LIVER_DISEASE,pubmed:16206505,pubmed,16206505,Effects of oral branched-chain amino acid granules on event-free survival in patients with liver cirrhosis.,"BACKGROUND & AIMS: Nutritional intervention with branched-chain amino acid (BCAA) is reported to increase serum albumin concentration in patients with decompensated cirrhosis. However, a definite conclusion on whether it can improve patients' survival has not yet been reached. The present study aimed to test possibilities of improving survival of patients with decompensated cirrhosis by using a BCAA preparation that is suitable for long-term oral administration.
METHODS: A multicenter, randomized, and nutrient intake-controlled trial on the comparative effects of BCAA orally administered at 12 g/day for 2 years versus diet therapy with defined daily food intake (1.0-1.4 g protein kg(-1) day(-1) including BCAA preparation and 25-35 kcal kg(-1) day(-1)) was conducted in 646 patients with decompensated cirrhosis. The primary end point was a composite of death by any cause, development of liver cancer, rupture of esophageal varices, or progress of hepatic failure (event-free survival). The secondary end points were serum albumin concentration and health-related quality of life (QOL) measured by Short Form-36 questionnaire.
RESULTS: The incidence of events comprising the primary end point significantly decreased in the BCAA group as compared with the diet group (hazard ratio, 0.67; 95% confidence interval, 0.49-0.93; P = .015; median observation period, 445 days). Serum albumin concentration increased significantly in the BCAA group as compared with the diet group (P = .018). The ""general health perception"" domain in Short Form-36 measures was also improved (P = .003). Patients' adherence to the prescription was favorable.
CONCLUSIONS: Oral supplementation with a BCAA preparation that can be administered for a long period improves event-free survival, serum albumin concentration, and QOL in patients with decompensated cirrhosis with an adequate daily food intake.",Muto Y; Sato S; Watanabe A; Moriwaki H; Suzuki K; Kato A; Kato M; Nakamura T; Higuchi K; Nishiguchi S; Kumada H; Long-Term Survival Study Group,2005,Clinical gastroenterology and hepatology : the official clinical practice journal of the American Gastroenterological Association,Clinical Trial|Journal Article|Multicenter Study|Randomized Controlled Trial,10.1016/s1542-3565(05)00017-0,https://pubmed.ncbi.nlm.nih.gov/16206505/,retain,true,abstract_only,ABSTRACT_SENTENCE_7,"RESULTS: The incidence of events comprising the primary end point significantly decreased in the BCAA group as compared with the diet group (hazard ratio, 0.67; 95% confidence interval, 0.49-0.93; P = .015; median observation period, 445 days).",12 g/d | 1.0-1.4 g,"The primary end point was a composite of death by any cause, development of liver cancer, rupture of esophageal varices, or progress of hepatic failure (event-free survival).","RESULTS: The incidence of events comprising the primary end point significantly decreased in the BCAA group as compared with the diet group (hazard ratio, 0.67; 95% confidence interval, 0.49-0.93; P = .015; median observation period, 445 days).","BACKGROUND & AIMS: Nutritional intervention with branched-chain amino acid (BCAA) is reported to increase serum albumin concentration in patients with decompensated cirrhosis. | The present study aimed to test possibilities of improving survival of patients with decompensated cirrhosis by using a BCAA preparation that is suitable for long-term oral administration. | METHODS: A multicenter, randomized, and nutrient intake-controlled trial on the comparative effects of BCAA orally administered at 12 g/day for 2 years versus diet therapy with defined daily food intake (1.0-1.4 g protein kg(-1) day(-1) including BCAA preparation and 25-35 kcal kg(-1) day(-1)) was conducted in 646 patients with decompensated cirrhosis.",19,research/searches_v3/HRS4_LIVER_DISEASE/pubmed/20260726T163628Z/efetch_005.xml,a925304eece103532faec5153bc1ff5801f192bbe341ad8bd25b71bed2ec444b,,not_observed,ai_screened_regex_confirmed
HRS4_LIVER_DISEASE,pubmed:28765194,pubmed,28765194,Effect of Green Tea Supplements on Liver Enzyme Elevation: Results from a Randomized Intervention Study in the United States.,"Liver injury effects of green tea-based products have been reported in sporadic case reports. However, no study has examined systematically such adverse effects in an unbiased manner. We examined the potential effects of a high, sustained oral dose of green tea extract (GTE) on liver injury measures in a randomized, placebo-controlled, double-blinded phase II clinical trial, which enrolled 1,075 women with the original aim to assess the effect of daily GTE consumption for 12 months on biomarkers of breast cancer risk. The current analysis examined the effect of GTE consumption on liver injury in 1,021 participants (513 in GTE and 508 in placebo arm) with normal baseline levels of liver enzymes. Among women in the GTE arm, alanine aminotransferase (ALT) increased by 5.4 U/L [95% confidence interval (CI), 3.6-7.1] and aspartate aminotransferase increased by 3.8 U/L (95% CI, 2.5-5.1), which were significantly higher than those among women in the placebo arm (both P < 0.001). Overall, 26 (5.1%) women in GTE developed moderate or more severe abnormalities in any liver function measure during the intervention period, yielding an OR of 7.0 (95% CI, 2.4-20.3) for developing liver function abnormalities as compared with those in the placebo arm. ALT returned to normal after dechallenge and increased again after one or more rechallenges with GTE. The rise-fall pattern of liver enzyme values following the challenge-dechallenge cycles of GTE consumption strongly implicates the effect of high-dose GTE on liver enzyme elevations. Cancer Prev Res; 10(10); 571-9. ©2017 AACR.",Yu Z; Samavat H; Dostal AM; Wang R; Torkelson CJ; Yang CS; Butler LM; Kensler TW; Wu AH; Kurzer MS; Yuan JM,2017,"Cancer prevention research (Philadelphia, Pa.)","Clinical Trial, Phase II|Journal Article|Randomized Controlled Trial",10.1158/1940-6207.CAPR-17-0160,https://pubmed.ncbi.nlm.nih.gov/28765194/,retain,true,abstract_only,ABSTRACT_SENTENCE_3,"We examined the potential effects of a high, sustained oral dose of green tea extract (GTE) on liver injury measures in a randomized, placebo-controlled, double-blinded phase II clinical trial, which enrolled 1,075 women with the original aim to assess the effect of daily GTE consumption for 12 months on biomarkers of breast cancer risk.",,"Liver injury effects of green tea-based products have been reported in sporadic case reports. | However, no study has examined systematically such adverse effects in an unbiased manner. | We examined the potential effects of a high, sustained oral dose of green tea extract (GTE) on liver injury measures in a randomized, placebo-controlled, double-blinded phase II clinical trial, which enrolled 1,075 women with the original aim to assess the effect of daily GTE consumption for 12 months on biomarkers of breast cancer risk.","We examined the potential effects of a high, sustained oral dose of green tea extract (GTE) on liver injury measures in a randomized, placebo-controlled, double-blinded phase II clinical trial, which enrolled 1,075 women with the original aim to assess the effect of daily GTE consumption for 12 months on biomarkers of breast cancer risk.","Liver injury effects of green tea-based products have been reported in sporadic case reports. | We examined the potential effects of a high, sustained oral dose of green tea extract (GTE) on liver injury measures in a randomized, placebo-controlled, double-blinded phase II clinical trial, which enrolled 1,075 women with the original aim to assess the effect of daily GTE consumption for 12 months on biomarkers of breast cancer risk. | The current analysis examined the effect of GTE consumption on liver injury in 1,021 participants (513 in GTE and 508 in placebo arm) with normal baseline levels of liver enzymes.",19,research/searches_v3/HRS4_LIVER_DISEASE/pubmed/20260726T163628Z/efetch_002.xml,f600607b76a4156fa7048f8c7a7c142dae942b1dac63b6bb19a4a585ac13ebed,,not_observed,ai_screened_regex_confirmed
HRS4_LIVER_DISEASE,pubmed:25956487,pubmed,25956487,Probiotics can improve the clinical outcomes of hepatic encephalopathy: An update meta-analysis.,"INTRODUCTION: Although the efficacy of probiotics has been extensively studied in hepatic encephalopathy (HE), the results remain controversial. The objective of this study is to identify and update the association between probiotics and HE.
METHODS: Up to December 2014, we searched Medline, Embase, Web of Science, Cochrane CENTRAL, and SinoMed of China for all relevant articles about probiotics and HE. Jadad score was used to evaluate the quality of studies. Pooled relative risk (RR), publication bias and heterogeneity were assessed.
RESULTS: Nine studies met the inclusion criteria. Probiotics was associated with improvement of minimal HE and prophylaxis of overt HE [RR 1.52; 95% confidence intervals (95% CI) 1.00-2.33]. Studies with probiotics showed reduction of ammonia concentration [standard mean difference (SMD) -0.32, 95% CI -0.54 to -0.11]. Probiotics could reduce physical and psychosocial sickness impact profile (SIP) score with weight mean difference (WMD) -3.13 (95% CI -4.10 to -2.17) and WMD -3.50 (95% CI -4.91 to -2.08), respectively. Similar result was obtained with total SIP score (WMD -4.83; 95% CI -6.24 to -3.43). Reduction of severe adverse events, defined as minimal HE developing into overt HE, hospitalizations, infections or unrelated emergency room (ER) visits, was observed in HE with probiotics (RR 0.59; 95% CI 0.39-0.90).
CONCLUSION: Our pooled results indicated that probiotics was associated with improvement of minimal HE, prophylaxis of overt HE, and reduction of SIP score and severe adverse events. Large well-designed randomised controlled trials are needed to confirm these results.",Zhao LN; Yu T; Lan SY; Hou JT; Zhang ZZ; Wang SS; Liu FB,2015,Clinics and research in hepatology and gastroenterology,Journal Article|Meta-Analysis,10.1016/j.clinre.2015.03.008,https://pubmed.ncbi.nlm.nih.gov/25956487/,retain,true,abstract_only,ABSTRACT_SENTENCE_11,"Reduction of severe adverse events, defined as minimal HE developing into overt HE, hospitalizations, infections or unrelated emergency room (ER) visits, was observed in HE with probiotics (RR 0.59; 95% CI 0.39-0.90).",,"Reduction of severe adverse events, defined as minimal HE developing into overt HE, hospitalizations, infections or unrelated emergency room (ER) visits, was observed in HE with probiotics (RR 0.59; 95% CI 0.39-0.90). | CONCLUSION: Our pooled results indicated that probiotics was associated with improvement of minimal HE, prophylaxis of overt HE, and reduction of SIP score and severe adverse events.","Reduction of severe adverse events, defined as minimal HE developing into overt HE, hospitalizations, infections or unrelated emergency room (ER) visits, was observed in HE with probiotics (RR 0.59; 95% CI 0.39-0.90).","INTRODUCTION: Although the efficacy of probiotics has been extensively studied in hepatic encephalopathy (HE), the results remain controversial.",17,research/searches_v3/HRS4_LIVER_DISEASE/pubmed/20260726T163628Z/efetch_003.xml,bbcdf6642e71a399de108a3e06ca2f2c633dc2920a38a86afa3cae41ecde9be5,,not_observed,ai_screened_regex_confirmed
HRS4_LIVER_DISEASE,pubmed:28230908,pubmed,28230908,Probiotics for people with hepatic encephalopathy.,"BACKGROUND: Hepatic encephalopathy is a disorder of brain function as a result of liver failure or portosystemic shunt or both. Both hepatic encephalopathy (clinically overt) and minimal hepatic encephalopathy (not clinically overt) significantly impair patient's quality of life and daily functioning, and represent a significant burden on healthcare resources. Probiotics are live micro-organisms, which when administered in adequate amounts, may confer a health benefit on the host.
OBJECTIVES: To determine the beneficial and harmful effects of probiotics in any dosage, compared with placebo or no intervention, or with any other treatment for people with any grade of acute or chronic hepatic encephalopathy. This review did not consider the primary prophylaxis of hepatic encephalopathy.
SEARCH METHODS: We searched The Cochrane Hepato-Biliary Group Controlled Trials Register, CENTRAL, MEDLINE, Embase, Science Citation Index Expanded, conference proceedings, reference lists of included trials, and the World Health Organization International Clinical Trials Registry Platform until June 2016.
SELECTION CRITERIA: We included randomised clinical trials that compared probiotics in any dosage with placebo or no intervention, or with any other treatment in people with hepatic encephalopathy.
DATA COLLECTION AND ANALYSIS: We used standard methodological procedures expected by The Cochrane Collaboration. We conducted random-effects model meta-analysis due to obvious heterogeneity of participants and interventions. We defined a P value of 0.05 or less as significant. We expressed dichotomous outcomes as risk ratio (RR) and continuous outcomes as mean difference (MD) with 95% confidence intervals (CI).
MAIN RESULTS: We included 21 trials with 1420 participants, of these, 14 were new trials. Fourteen trials compared a probiotic with placebo or no treatment, and seven trials compared a probiotic with lactulose. The trials used a variety of probiotics; the most commonly used group of probiotic was VSL#3, a proprietary name for a group of eight probiotics. Duration of administration ranged from 10 days to 180 days. Eight trials declared their funding source, of which six were independently funded and two were industry funded. The remaining 13 trials did not disclose their funding source. We classified 19 of the 21 trials at high risk of bias.We found no effect on all-cause mortality when probiotics were compared with placebo or no treatment (7 trials; 404 participants; RR 0.58, 95% CI 0.23 to 1.44; low-quality evidence). No-recovery (as measured by incomplete resolution of symptoms) was lower for participants treated with probiotic (10 trials; 574 participants; RR 0.67, 95% CI 0.56 to 0.79; moderate-quality evidence). Adverse events were lower for participants treated with probiotic than with no intervention when considering the development of overt hepatic encephalopathy (10 trials; 585 participants; RR 0.29, 95% CI 0.16 to 0.51; low-quality evidence), but effects on hospitalisation and change of/or withdrawal from treatment were uncertain (hospitalisation: 3 trials, 163 participants; RR 0.67, 95% CI 0.11 to 4.00; very low-quality evidence; change of/or withdrawal from treatment: 9 trials, 551 participants; RR 0.70, 95% CI 0.46 to 1.07; very low-quality evidence). Probiotics may slightly improve quality of life compared with no intervention (3 trials; 115 participants; results not meta-analysed; low-quality evidence). Plasma ammonia concentration was lower for participants treated with probiotic (10 trials; 705 participants; MD -8.29 μmol/L, 95% CI -13.17 to -3.41; low-quality evidence). There were no reports of septicaemia attributable to probiotic in any trial.When probiotics were compared with lactulose, the effects on all-cause mortality were uncertain (2 trials; 200 participants; RR 5.00, 95% CI 0.25 to 102.00; very low-quality evidence); lack of recovery (7 trials; 430 participants; RR 1.01, 95% CI 0.85 to 1.21; very low-quality evidence); adverse events considering the development of overt hepatic encephalopathy (6 trials; 420 participants; RR 1.17, 95% CI 0.63 to 2.17; very low-quality evidence); hospitalisation (1 trial; 80 participants; RR 0.33, 95% CI 0.04 to 3.07; very low-quality evidence); intolerance leading to discontinuation (3 trials; 220 participants; RR 0.35, 95% CI 0.08 to 1.43; very low-quality evidence); change of/or withdrawal from treatment (7 trials; 490 participants; RR 1.27, 95% CI 0.88 to 1.82; very low-quality evidence); quality of life (results not meta-analysed; 1 trial; 69 participants); and plasma ammonia concentration overall (6 trials; 325 participants; MD -2.93 μmol/L, 95% CI -9.36 to 3.50; very low-quality evidence). There were no reports of septicaemia attributable to probiotic in any trial.
AUTHORS' CONCLUSIONS: The majority of included trials suffered from a high risk of systematic error ('bias') and a high risk of random error ('play of chance'). Accordingly, we consider the evidence to be of low quality. Compared with placebo or no intervention, probiotics probably improve recovery and may lead to improvements in the development of overt hepatic encephalopathy, quality of life, and plasma ammonia concentrations, but probiotics may lead to little or no difference in mortality. Whether probiotics are better than lactulose for hepatic encephalopathy is uncertain because the quality of the available evidence is very low. High-quality randomised clinical trials with standardised outcome collection and data reporting are needed to further clarify the true efficacy of probiotics.",Dalal R; McGee RG; Riordan SM; Webster AC,2017,The Cochrane database of systematic reviews,Journal Article|Meta-Analysis|Systematic Review,10.1002/14651858.CD008716.pub3,https://pubmed.ncbi.nlm.nih.gov/28230908/,retain,true,abstract_only,ABSTRACT_SENTENCE_23,"There were no reports of septicaemia attributable to probiotic in any trial.When probiotics were compared with lactulose, the effects on all-cause mortality were uncertain (2 trials; 200 participants; RR 5.00, 95% CI 0.25 to 102.00; very low-quality evidence); lack of recovery (7 trials; 430 participants; RR 1.01, 95% CI 0.85 to 1.21; very low-quality evidence); adverse events considering the development of overt hepatic encephalopathy (6 trials; 420 participants; RR 1.17, 95% CI 0.63 to 2.17; very low-quality evidence); hospitalisation (1 trial; 80 participants; RR 0.33, 95% CI 0.04 to 3.07; very low-quality evidence); intolerance leading to discontinuation (3 trials; 220 participants; RR 0.35, 95% CI 0.08 to 1.43; very low-quality evidence); change of/or withdrawal from treatment (7 trials; 490 participants; RR 1.27, 95% CI 0.88 to 1.82; very low-quality evidence); quality of life (results not meta-analysed; 1 trial; 69 participants); and plasma ammonia concentration overall (6 trials; 325 participants; MD -2.93 μmol/L, 95% CI -9.36 to 3.50; very low-quality evidence).",,"BACKGROUND: Hepatic encephalopathy is a disorder of brain function as a result of liver failure or portosystemic shunt or both. | We classified 19 of the 21 trials at high risk of bias.We found no effect on all-cause mortality when probiotics were compared with placebo or no treatment (7 trials; 404 participants; RR 0.58, 95% CI 0.23 to 1.44; low-quality evidence). | Adverse events were lower for participants treated with probiotic than with no intervention when considering the development of overt hepatic encephalopathy (10 trials; 585 participants; RR 0.29, 95% CI 0.16 to 0.51; low-quality evidence), but effects on hospitalisation and change of/or withdrawal from treatment were uncertain (hospitalisation: 3 trials, 163 participants; RR 0.67, 95% CI 0.11 to 4.00; very low-quality evidence; change of/or withdrawal from treatment: 9 trials, 551 participants; RR 0.70, 95% CI 0.46 to 1.07; very low-quality evidence).","There were no reports of septicaemia attributable to probiotic in any trial.When probiotics were compared with lactulose, the effects on all-cause mortality were uncertain (2 trials; 200 participants; RR 5.00, 95% CI 0.25 to 102.00; very low-quality evidence); lack of recovery (7 trials; 430 participants; RR 1.01, 95% CI 0.85 to 1.21; very low-quality evidence); adverse events considering the development of overt hepatic encephalopathy (6 trials; 420 participants; RR 1.17, 95% CI 0.63 to 2.17; very low-quality evidence); hospitalisation (1 trial; 80 participants; RR 0.33, 95% CI 0.04 to 3.07; very low-quality evidence); intolerance leading to discontinuation (3 trials; 220 participants; RR 0.35, 95% CI 0.08 to 1.43; very low-quality evidence); change of/or withdrawal from treatment (7 trials; 490 participants; RR 1.27, 95% CI 0.88 to 1.82; very low-quality evidence); quality of life (results not meta-analysed; 1 trial; 69 participants); and plasma ammonia concentration overall (6 trials; 325 participants; MD -2.93 μmol/L, 95% CI -9.36 to 3.50; very low-quality evidence).","BACKGROUND: Hepatic encephalopathy is a disorder of brain function as a result of liver failure or portosystemic shunt or both. | Both hepatic encephalopathy (clinically overt) and minimal hepatic encephalopathy (not clinically overt) significantly impair patient's quality of life and daily functioning, and represent a significant burden on healthcare resources. | OBJECTIVES: To determine the beneficial and harmful effects of probiotics in any dosage, compared with placebo or no intervention, or with any other treatment for people with any grade of acute or chronic hepatic encephalopathy.",17,research/searches_v3/HRS4_LIVER_DISEASE/pubmed/20260726T163628Z/efetch_003.xml,bbcdf6642e71a399de108a3e06ca2f2c633dc2920a38a86afa3cae41ecde9be5,,not_observed,ai_screened_regex_confirmed
HRS4_LIVER_DISEASE,pubmed:30390892,pubmed,30390892,Effects of branched chain amino acid supplementation on patient care outcomes in adults and children with liver cirrhosis: A systematic review.,"BACKGROUND & AIMS: Malnutrition is highly prevalent in chronic liver disease (CLD) due to alterations in nutrient utilization, malabsorption and poor intake. Low serum concentrations of branched chain amino acids (BCAA) in the presence of elevated aromatic acid concentrations is commonly observed in adult and children with liver cirrhosis and is associated with malnutrition and other adverse patient outcomes. The efficacy of BCAA supplementation has not been well established in adults and children with CLD. The purpose of this review was to critically evaluate the literature regarding the impact of BCAA supplementation related to changes in body composition, muscle strength, liver biomarkers, medical and hepatic complications (hepatic encephalopathy (HE), ascites, edema) and patient care outcomes (event free survival, health related quality of life, length of hospitalization).
METHODS: A total of 40 articles retrieved from PubMed or Web of Science databases (1989-2017) were included.
RESULTS: BCAA supplementation may be beneficial in improving muscle strength, ascites and edema with potential clinically significant improvements in HE in adult liver patients. In children, limited data have shown that BCAA supplementation may exert favourable effects on weight, fat mass, fat free mass and serum albumin level.
CONCLUSIONS: Heterogeneity of study findings attributed to variability in BCAA dose (total, relative proportions), duration, disease severity and lack of uniformity in tools used for assessing patient outcomes limit overall conclusions. Longitudinal studies examining the efficacy of BCAA supplementation as a therapeutic treatment of malnutrition in chronic liver disease is warranted.",Ooi PH; Gilmour SM; Yap J; Mager DR,2018,Clinical nutrition ESPEN,Journal Article|Systematic Review,10.1016/j.clnesp.2018.07.012,https://pubmed.ncbi.nlm.nih.gov/30390892/,retain,true,abstract_only,ABSTRACT_SENTENCE_2,Low serum concentrations of branched chain amino acids (BCAA) in the presence of elevated aromatic acid concentrations is commonly observed in adult and children with liver cirrhosis and is associated with malnutrition and other adverse patient outcomes.,,"Low serum concentrations of branched chain amino acids (BCAA) in the presence of elevated aromatic acid concentrations is commonly observed in adult and children with liver cirrhosis and is associated with malnutrition and other adverse patient outcomes. | The purpose of this review was to critically evaluate the literature regarding the impact of BCAA supplementation related to changes in body composition, muscle strength, liver biomarkers, medical and hepatic complications (hepatic encephalopathy (HE), ascites, edema) and patient care outcomes (event free survival, health related quality of life, length of hospitalization).",Low serum concentrations of branched chain amino acids (BCAA) in the presence of elevated aromatic acid concentrations is commonly observed in adult and children with liver cirrhosis and is associated with malnutrition and other adverse patient outcomes.,"BACKGROUND & AIMS: Malnutrition is highly prevalent in chronic liver disease (CLD) due to alterations in nutrient utilization, malabsorption and poor intake. | Low serum concentrations of branched chain amino acids (BCAA) in the presence of elevated aromatic acid concentrations is commonly observed in adult and children with liver cirrhosis and is associated with malnutrition and other adverse patient outcomes. | The purpose of this review was to critically evaluate the literature regarding the impact of BCAA supplementation related to changes in body composition, muscle strength, liver biomarkers, medical and hepatic complications (hepatic encephalopathy (HE), ascites, edema) and patient care outcomes (event free survival, health related quality of life, length of hospitalization).",17,research/searches_v3/HRS4_LIVER_DISEASE/pubmed/20260726T163628Z/efetch_002.xml,f600607b76a4156fa7048f8c7a7c142dae942b1dac63b6bb19a4a585ac13ebed,,not_observed,ai_screened_regex_confirmed
HRS4_LIVER_DISEASE,pubmed:31279342,pubmed,31279342,Zinc supplementation in patients with cirrhosis and hepatic encephalopathy: a systematic review and meta-analysis.,"BACKGROUND: Low serum zinc level is associated with hepatic encephalopathy (HE), but the efficacy of zinc supplementation remains uncertain. This study aimed to investigate the effects of zinc supplementation on HE treatment in patients with cirrhosis.
METHODS: We searched MEDLINE, EMBASE, the Cochrane Central Register of Controlled Trials (Cochrane CENTRAL) and Scopus from inception to December 2018; without publication date or language restrictions. Randomized controlled trials of zinc supplementation versus placebo or other treatment for the management of HE in adult patients with cirrhosis were selected. The primary outcome was the degree of HE as assessed by clinical signs or specialized psychometric tests. The secondary outcomes included serum ammonia levels, adverse events, or the length of hospital stay and costs. We carried out a meta-analysis with random effects model and summarized continuous outcomes using standardized mean differences (SMD) or mean differences (MD) with 95% confidence intervals (95% CI). The risk of bias was assessed using the Cochrane risk of bias tool, and the certainty of evidence for each outcome was evaluated with the Grading of Recommendations, Assessment, Development, and Evaluation approach.
RESULTS: Four trials with 247 patients were included. In patients with cirrhosis who had mild HE (≤ grade II), the available evidence suggested that the combination treatment of zinc supplementation and lactulose over 3 to 6 months significantly improved performance in the number connection test (SMD: -0.97; 95% CI: - 1.75 to - 0.19; P = 0.01; moderate certainty), reported in three trials (n = 227). However, compared with lactulose therapy alone, additional zinc supplementation demonstrated no significant difference in the digit symbol test (SMD: 0.44; 95% CI: - 0.12 to 1.00; P = 0.12; very low certainty) or serum ammonia levels (MD: -10.86; 95% CI: - 25.73 to 4.01; P = 0.15; very low certainty), reported in two trials (n = 137). None of the included trials reported adverse events or effects on hospitalization.
CONCLUSIONS: In conclusion, a combination of zinc supplementation and lactulose over 3 to 6 months may improve the number connection test in cirrhotic patients with low grade HE, compared with lactulose only.
TRIAL REGISTRATION: PROSPERO: CRD42017080955 . Registered 23 November 2017.",Shen YC; Chang YH; Fang CJ; Lin YS,2019,Nutrition journal,Journal Article|Meta-Analysis|Systematic Review,10.1186/s12937-019-0461-3,https://pubmed.ncbi.nlm.nih.gov/31279342/,retain,true,abstract_only,ABSTRACT_SENTENCE_6,"The secondary outcomes included serum ammonia levels, adverse events, or the length of hospital stay and costs.",,"The secondary outcomes included serum ammonia levels, adverse events, or the length of hospital stay and costs. | None of the included trials reported adverse events or effects on hospitalization.","The secondary outcomes included serum ammonia levels, adverse events, or the length of hospital stay and costs.","BACKGROUND: Low serum zinc level is associated with hepatic encephalopathy (HE), but the efficacy of zinc supplementation remains uncertain. | This study aimed to investigate the effects of zinc supplementation on HE treatment in patients with cirrhosis. | Randomized controlled trials of zinc supplementation versus placebo or other treatment for the management of HE in adult patients with cirrhosis were selected.",17,research/searches_v3/HRS4_LIVER_DISEASE/pubmed/20260726T163628Z/efetch_002.xml,f600607b76a4156fa7048f8c7a7c142dae942b1dac63b6bb19a4a585ac13ebed,,not_observed,ai_screened_regex_confirmed
HRS4_LIVER_DISEASE,pubmed:31720699,pubmed,31720699,The landscape of hepatobiliary adverse reactions across 53 herbal and dietary supplements reveals immune-mediated injury as a common cause of hepatitis.,"Recent evidence suggests herbal-induced liver injury (HILI) to account for 20% of cases among the U.S. Drug-Induced-Liver-Injury-Network. To define injury patterns of HILI, we reviewed the clinical data of 413 patients exposed to 53 HDS products by considering the evidence for HILI and its grades of severity. Outstandingly, females developed HILI more rapidly (p = 0.018) and the time to recovery was significantly increased (p = 0.0153). > 90% of reported cases were severe and half of HDS products caused acute liver failure (ALF) requiring liver transplantation or resulted in fatal outcomes. Liver biopsies of 243 patients defined 13 histological features; two-thirds of products elicited immune-mediated hepatitis and included 154 Hy's law positive cases. The histological injury patterns were confirmed among unrelated patients, while accidental re-challenges evidenced culprits as causative. Furthermore, one-fifth of patients presented elevated autoantibody titres indicative of autoimmune-like HILI, and one-third of the products were linked to chronic hepatitis and cholestatic injuries not resolving within 6 months. Lastly, INR and TBL are critical laboratory parameters to predict progression of severe HILI to ALF. Our study highlights the need for a regulatory framework to minimize the risk for HILI. Better education of the public and a physician-supervised self-medication plan will be important measures to abate risk of HILI.",Zhu J; Chen M; Borlak J; Tong W,2020,Archives of toxicology,Journal Article|Systematic Review,10.1007/s00204-019-02621-4,https://pubmed.ncbi.nlm.nih.gov/31720699/,retain,true,abstract_only,ABSTRACT_SENTENCE_4,"Outstandingly, females developed HILI more rapidly (p = 0.018) and the time to recovery was significantly increased (p = 0.0153). > 90% of reported cases were severe and half of HDS products caused acute liver failure (ALF) requiring liver transplantation or resulted in fatal outcomes.",,"Recent evidence suggests herbal-induced liver injury (HILI) to account for 20% of cases among the U.S. | Drug-Induced-Liver-Injury-Network. | To define injury patterns of HILI, we reviewed the clinical data of 413 patients exposed to 53 HDS products by considering the evidence for HILI and its grades of severity.","Outstandingly, females developed HILI more rapidly (p = 0.018) and the time to recovery was significantly increased (p = 0.0153). > 90% of reported cases were severe and half of HDS products caused acute liver failure (ALF) requiring liver transplantation or resulted in fatal outcomes.","Recent evidence suggests herbal-induced liver injury (HILI) to account for 20% of cases among the U.S. | Drug-Induced-Liver-Injury-Network. | Outstandingly, females developed HILI more rapidly (p = 0.018) and the time to recovery was significantly increased (p = 0.0153). > 90% of reported cases were severe and half of HDS products caused acute liver failure (ALF) requiring liver transplantation or resulted in fatal outcomes.",17,research/searches_v3/HRS4_LIVER_DISEASE/pubmed/20260726T163628Z/efetch_002.xml,f600607b76a4156fa7048f8c7a7c142dae942b1dac63b6bb19a4a585ac13ebed,,not_observed,ai_screened_regex_confirmed
HRS4_LIVER_DISEASE,pubmed:32525269,pubmed,32525269,Profile of herbal and dietary supplements induced liver injury in Latin America: A systematic review of published reports.,"Hepatotoxicity related to HDS is a growing global health issue. We have undertaken a systematic review of published case reports and case series from LA from 1976 to 2020 to describe the clinical features of HDS related hepatotoxicity in this region. We search in PubMed, Web of Science, Scopus and specific LA databases according to PRISMA guidelines. Only HILI cases published in LA that met criteria for DILI definition were included. Duplicate records or reports that lacked relevant data that precluded establishing causality were excluded. Finally, 17 records (23 cases) were included in this review. Centella asiatica, Carthamus tinctorius, and Herbalife® were the most reported HDS culprit products, the main reason for HDS consumption was weight loss. The clinical characteristics of HDS hepatotoxicity in our study were compared to those of other studies in the USA, Europe and China showing a similar signature with predominance of young females, hepatocellular damage, a high rate of ALF and mortality, more frequent inadvertent re-challenge and chronic damage. This study underscores the challenge in causality assessment when multi-ingredients HDS are taken and the need for consistent publication practice when reporting hepatotoxicity cases due to HDS, to foster HDS liver safety particularly in LA.",Santos G; Gasca J; Parana R; Nunes V; Schinnoni M; Medina-Caliz I; Cabello MR; Lucena MI; Andrade RJ,2021,Phytotherapy research : PTR,Journal Article|Systematic Review,10.1002/ptr.6746,https://pubmed.ncbi.nlm.nih.gov/32525269/,retain,true,abstract_only,ABSTRACT_SENTENCE_2,We have undertaken a systematic review of published case reports and case series from LA from 1976 to 2020 to describe the clinical features of HDS related hepatotoxicity in this region.,,"Hepatotoxicity related to HDS is a growing global health issue. | We have undertaken a systematic review of published case reports and case series from LA from 1976 to 2020 to describe the clinical features of HDS related hepatotoxicity in this region. | The clinical characteristics of HDS hepatotoxicity in our study were compared to those of other studies in the USA, Europe and China showing a similar signature with predominance of young females, hepatocellular damage, a high rate of ALF and mortality, more frequent inadvertent re-challenge and chronic damage.",We have undertaken a systematic review of published case reports and case series from LA from 1976 to 2020 to describe the clinical features of HDS related hepatotoxicity in this region.,"The clinical characteristics of HDS hepatotoxicity in our study were compared to those of other studies in the USA, Europe and China showing a similar signature with predominance of young females, hepatocellular damage, a high rate of ALF and mortality, more frequent inadvertent re-challenge and chronic damage. | This study underscores the challenge in causality assessment when multi-ingredients HDS are taken and the need for consistent publication practice when reporting hepatotoxicity cases due to HDS, to foster HDS liver safety particularly in LA.",17,research/searches_v3/HRS4_LIVER_DISEASE/pubmed/20260726T163628Z/efetch_002.xml,f600607b76a4156fa7048f8c7a7c142dae942b1dac63b6bb19a4a585ac13ebed,,not_observed,ai_screened_regex_confirmed
HRS4_LIVER_DISEASE,pubmed:32656820,pubmed,32656820,Acute liver injury following turmeric use in Tuscany: An analysis of the Italian Phytovigilance database and systematic review of case reports.,"AIMS: Several cases of acute non-infectious cholestatic hepatitis recently appeared in Italy following consumption of Curcuma longa-containing dietary supplements. The aim of this research was to describe the Tuscan (Italy) cases of acute hepatitis and to compare them with similar cases of hepatotoxicity published in the literature by performing a systematic review.
METHODS: Records of Tuscan cases of acute hepatitis were obtained from the Italian Phytovigilance system. Each spontaneous report was analysed in order to collect all relevant clinical information of patients and information concerning the Curcuma longa-containing dietary supplement. Moreover, both the RUCAM and WHO-UMC systems were used to evaluate the causal relationship between the use of dietary supplement and acute hepatitis. A systematic literature review was performed in MEDLINE and Embase and all case-reports and case-series published in English were included.
RESULTS: Seven cases of acute hepatitis occurring in Tuscany up to September 2019 are described. In all cases, hepatotoxicity was associated with Curcuma longa formulations with high bioavailability and high dosage of curcumin/curcuminoids. The causal relationship was also supported by the positive dechallenge observed in most cases. In the 23 cases identified through the systematic review, the majority of patients were concomitantly exposed to at least one other medication and 16 of them experienced a positive dechallenge.
CONCLUSIONS: Within the frame of poorly controlled and regulated products, such as dietary supplements, the evaluation of Italian cases of Curcuma longa-induced acute hepatitis and the systematic review of literature confirmed the association between Curcuma longa and liver injury.",Lombardi N; Crescioli G; Maggini V; Ippoliti I; Menniti-Ippolito F; Gallo E; Brilli V; Lanzi C; Mannaioni G; Firenzuoli F; Vannacci A,2021,British journal of clinical pharmacology,Journal Article|Systematic Review,10.1111/bcp.14460,https://pubmed.ncbi.nlm.nih.gov/32656820/,retain,true,abstract_only,ABSTRACT_SENTENCE_2,The aim of this research was to describe the Tuscan (Italy) cases of acute hepatitis and to compare them with similar cases of hepatotoxicity published in the literature by performing a systematic review.,,"The aim of this research was to describe the Tuscan (Italy) cases of acute hepatitis and to compare them with similar cases of hepatotoxicity published in the literature by performing a systematic review. | In all cases, hepatotoxicity was associated with Curcuma longa formulations with high bioavailability and high dosage of curcumin/curcuminoids. | CONCLUSIONS: Within the frame of poorly controlled and regulated products, such as dietary supplements, the evaluation of Italian cases of Curcuma longa-induced acute hepatitis and the systematic review of literature confirmed the association between Curcuma longa and liver injury.",The aim of this research was to describe the Tuscan (Italy) cases of acute hepatitis and to compare them with similar cases of hepatotoxicity published in the literature by performing a systematic review.,AIMS: Several cases of acute non-infectious cholestatic hepatitis recently appeared in Italy following consumption of Curcuma longa-containing dietary supplements. | The aim of this research was to describe the Tuscan (Italy) cases of acute hepatitis and to compare them with similar cases of hepatotoxicity published in the literature by performing a systematic review. | METHODS: Records of Tuscan cases of acute hepatitis were obtained from the Italian Phytovigilance system.,17,research/searches_v3/HRS4_LIVER_DISEASE/pubmed/20260726T163628Z/efetch_002.xml,f600607b76a4156fa7048f8c7a7c142dae942b1dac63b6bb19a4a585ac13ebed,,not_observed,ai_screened_regex_confirmed
HRS4_LIVER_DISEASE,pubmed:32702243,pubmed,32702243,Whey protein supplementation and its potentially adverse effects on health: a systematic review.,"Whey protein comprises soluble whey proteins and its benefits are well described in the literature. However, there are not many studies investigating the potential adverse effect of a diet with indiscriminate use of this supplement. The aim of this study was to perform a systematic review of papers that addressed this theme. A search was conducted in Medline, LILACS, TOXNET, Web of science, and Scopus electronic databases. In the end, 11 documents comprised this review. The majority of the papers associated the damaging effect with the chronic and abusive use of whey protein, with the kidneys and liver being the main organs affected. The other studies related whey protein to aggravation of aggression, presence of acne, and modification of the microbiota. Therefore, excessive consumption over a long period of protein supplementation may have some adverse effects on the body, which is aggravated when associated with sedentary lifestyle. PROSPERO registration no.: CRD42020140466. Novelty: A systematic review of experimental and randomized studies about the use of whey proteins supplements and its impact on physical health. Analysis revealed that chronic and without professional guidance use of whey protein supplementation may cause some adverse effects specially on kidney and liver function. Presented data support a need for future studies co-relating the use of different types of whey protein with and without exercise to better see the impact on human physical health.",Vasconcelos QDJS; Bachur TPR; Aragão GF,2021,"Applied physiology, nutrition, and metabolism = Physiologie appliquee, nutrition et metabolisme",Journal Article|Systematic Review,10.1139/apnm-2020-0370,https://pubmed.ncbi.nlm.nih.gov/32702243/,retain,true,abstract_only,ABSTRACT_SENTENCE_8,"Therefore, excessive consumption over a long period of protein supplementation may have some adverse effects on the body, which is aggravated when associated with sedentary lifestyle.",,"However, there are not many studies investigating the potential adverse effect of a diet with indiscriminate use of this supplement. | Therefore, excessive consumption over a long period of protein supplementation may have some adverse effects on the body, which is aggravated when associated with sedentary lifestyle. | Analysis revealed that chronic and without professional guidance use of whey protein supplementation may cause some adverse effects specially on kidney and liver function.","Therefore, excessive consumption over a long period of protein supplementation may have some adverse effects on the body, which is aggravated when associated with sedentary lifestyle.","The majority of the papers associated the damaging effect with the chronic and abusive use of whey protein, with the kidneys and liver being the main organs affected. | Analysis revealed that chronic and without professional guidance use of whey protein supplementation may cause some adverse effects specially on kidney and liver function.",17,research/searches_v3/HRS4_LIVER_DISEASE/pubmed/20260726T163628Z/efetch_002.xml,f600607b76a4156fa7048f8c7a7c142dae942b1dac63b6bb19a4a585ac13ebed,,not_observed,ai_screened_regex_confirmed
HRS4_LIVER_DISEASE,pubmed:37505972,pubmed,37505972,A meta-analysis of microbiome therapies for hepatic encephalopathy.,"Microbiome therapies may be reported to be effective in hepatic encephalopathy (HE). We thus did a meta-analysis of randomized controlled trials to assess the effect of microbiome therapies for HE. We systematically searched PubMed, Web of Science, EMBASE, and Cochrane Library for randomized controlled trials that compared the different treatments for HE including probiotics, symbiotics, and fecal microbiota transplant (FMT). Meta-analysis was performed to calculate pooled odds ratios (ORs) with corresponding 95% confidence intervals (CIs). Twenty-one studies met our inclusion criteria (N = 1746 participants). Probiotics, synbiotics and FMT significantly reversed minimal HE (MHE) (OR: 0.41, 95% CI: 0.19-0.90, P = 0.03), reduced overt HE (OHE) development (OR, 0.41; 95% CI: 0.28-0.61 P < 0.00001)and the frequency of serious adverse events(SAEs) (OR:0.14, 95% CI: 0.04-0.47, P = 0.001), meanwhile decreased ammonia levels (WMD: -9.26, 95% CI: -16.92 to -1.61; P = 0.02), NCT level (MD = -4.41, 95% CI: -0.87 to -0.22, P = 0.04) and hospitalization rates (OR, 0.38; 95% CI: 0.19-0.79, P = 0.009) compared with placebo/no treatment. Finally, we conclude that microbiome therapies were more effective in improving MHE and preventing progression to OHE, reducing the frequency of SAEs, and decreasing ammonia levels, NCT level, and hospitalization rates when compared to placebo/no treatment.",Gao J; Nie R; Chang H; Yang W; Ren Q,2023,European journal of gastroenterology & hepatology,Journal Article|Meta-Analysis,10.1097/MEG.0000000000002596,https://pubmed.ncbi.nlm.nih.gov/37505972/,retain,true,abstract_only,ABSTRACT_SENTENCE_6,"Probiotics, synbiotics and FMT significantly reversed minimal HE (MHE) (OR: 0.41, 95% CI: 0.19-0.90, P = 0.03), reduced overt HE (OHE) development (OR, 0.41; 95% CI: 0.28-0.61 P < 0.00001)and the frequency of serious adverse events(SAEs) (OR:0.14, 95% CI: 0.04-0.47, P = 0.001), meanwhile decreased ammonia levels (WMD: -9.26, 95% CI: -16.92 to -1.61; P = 0.02), NCT level (MD = -4.41, 95% CI: -0.87 to -0.22, P = 0.04) and hospitalization rates (OR, 0.38; 95% CI: 0.19-0.79, P = 0.009) compared with placebo/no treatment.",,"We systematically searched PubMed, Web of Science, EMBASE, and Cochrane Library for randomized controlled trials that compared the different treatments for HE including probiotics, symbiotics, and fecal microbiota transplant (FMT). | Probiotics, synbiotics and FMT significantly reversed minimal HE (MHE) (OR: 0.41, 95% CI: 0.19-0.90, P = 0.03), reduced overt HE (OHE) development (OR, 0.41; 95% CI: 0.28-0.61 P < 0.00001)and the frequency of serious adverse events(SAEs) (OR:0.14, 95% CI: 0.04-0.47, P = 0.001), meanwhile decreased ammonia levels (WMD: -9.26, 95% CI: -16.92 to -1.61; P = 0.02), NCT level (MD = -4.41, 95% CI: -0.87 to -0.22, P = 0.04) and hospitalization rates (OR, 0.38; 95% CI: 0.19-0.79, P = 0.009) compared with placebo/no treatment. | Finally, we conclude that microbiome therapies were more effective in improving MHE and preventing progression to OHE, reducing the frequency of SAEs, and decreasing ammonia levels, NCT level, and hospitalization rates when compared to placebo/no treatment.","Probiotics, synbiotics and FMT significantly reversed minimal HE (MHE) (OR: 0.41, 95% CI: 0.19-0.90, P = 0.03), reduced overt HE (OHE) development (OR, 0.41; 95% CI: 0.28-0.61 P < 0.00001)and the frequency of serious adverse events(SAEs) (OR:0.14, 95% CI: 0.04-0.47, P = 0.001), meanwhile decreased ammonia levels (WMD: -9.26, 95% CI: -16.92 to -1.61; P = 0.02), NCT level (MD = -4.41, 95% CI: -0.87 to -0.22, P = 0.04) and hospitalization rates (OR, 0.38; 95% CI: 0.19-0.79, P = 0.009) compared with placebo/no treatment.",Microbiome therapies may be reported to be effective in hepatic encephalopathy (HE).,17,research/searches_v3/HRS4_LIVER_DISEASE/pubmed/20260726T163628Z/efetch_001.xml,4a598f416f16deafa0cc1204bc64ff2c7e6d31eaaa3aae94060395c198764343,,not_observed,ai_screened_regex_confirmed
HRS4_LIVER_DISEASE,pubmed:40134104,pubmed,40134104,Epigenetic modifications in drug-induced liver injury: A systematic review.,"Genetic susceptibility has been identified in idiosyncratic drug-induced liver injury, a potentially severe adverse reaction towards drugs, herbal products and dietary supplements. However, its occurrence cannot be fully explained by the presence of genetic variants in specific genes, suggesting that other factors are involved. Drug-induced liver injury epigenetic signatures could help explain genetic regulatory mechanisms behind this disease and might provide disease biomarkers. This systematic review aims to analyse all available information on epigenetic risk association studies in drug-induced liver injury. The main inclusion criterion was population studies on idiosyncratic drug-induced liver injury with significant risk association analysis between drug-induced liver injury and an epigenetic regulation mechanism. Out of the 7 included articles, 6 focused on DNA methylation and 1 on long noncoding RNA. All of the studies were on antituberculosis drug-induced liver injury and came from Asia. CpG site methylation in the CYP2D6 (odds ratio: 9.19, 95% confidence interval: 3.26-25.89, P < .001) and NAT2 (odds ratio: 8.37, 95% confidence interval: 2.39-29.32, P = .001) promoters conferred the highest risk. Hypomethylation of LINE-1 and Alu transposable elements has potential as antituberculosis drug-induced liver injury biomarkers, showing an area under the curve value of 0.94. To conclude, the studies mainly focused on DNA methylation modifications associated with antituberculosis drug-induced liver injury, with all of them coming from Asia, where tuberculosis is a public health burden. Despite the lack of knowledge in this area, the evidence has shown that DNA methylation alterations in antituberculosis drug-induced liver injury could have potential as a new diagnostic and therapeutic target.",de Los Santos-Fernández RL; Segovia-Zafra A; Paz-López G; Matilla-Cabello G; Niu H; Álvarez-Álvarez I; Stephens C; González-Jiménez A; Lucena MI; Andrade RJ; Medina-Cáliz I,2025,British journal of clinical pharmacology,Journal Article|Systematic Review,10.1002/bcp.70053,https://pubmed.ncbi.nlm.nih.gov/40134104/,retain,true,abstract_only,ABSTRACT_SENTENCE_10,"To conclude, the studies mainly focused on DNA methylation modifications associated with antituberculosis drug-induced liver injury, with all of them coming from Asia, where tuberculosis is a public health burden.",,"Genetic susceptibility has been identified in idiosyncratic drug-induced liver injury, a potentially severe adverse reaction towards drugs, herbal products and dietary supplements. | Drug-induced liver injury epigenetic signatures could help explain genetic regulatory mechanisms behind this disease and might provide disease biomarkers. | This systematic review aims to analyse all available information on epigenetic risk association studies in drug-induced liver injury.","To conclude, the studies mainly focused on DNA methylation modifications associated with antituberculosis drug-induced liver injury, with all of them coming from Asia, where tuberculosis is a public health burden.","Genetic susceptibility has been identified in idiosyncratic drug-induced liver injury, a potentially severe adverse reaction towards drugs, herbal products and dietary supplements. | Drug-induced liver injury epigenetic signatures could help explain genetic regulatory mechanisms behind this disease and might provide disease biomarkers. | This systematic review aims to analyse all available information on epigenetic risk association studies in drug-induced liver injury.",17,research/searches_v3/HRS4_LIVER_DISEASE/pubmed/20260726T163628Z/efetch_001.xml,4a598f416f16deafa0cc1204bc64ff2c7e6d31eaaa3aae94060395c198764343,,not_observed,ai_screened_regex_confirmed
HRS4_LIVER_DISEASE,pubmed:40441699,pubmed,40441699,Epigenetic modifications in drug-induced liver injury: A systematic review.,"Genetic susceptibility has been identified in idiosyncratic drug-induced liver injury, a potentially severe adverse reaction towards drugs, herbal products and dietary supplements. However, its occurrence cannot be fully explained by the presence of genetic variants in specific genes, suggesting that other factors are involved. Drug-induced liver injury epigenetic signatures could help explain genetic regulatory mechanisms behind this disease and might provide disease biomarkers. This systematic review aims to analyse all available information on epigenetic risk association studies in drug-induced liver injury. The main inclusion criterion was population studies on idiosyncratic drug-induced liver injury with significant risk association analysis between drug-induced liver injury and an epigenetic regulation mechanism. Out of the 7 included articles, 6 focused on DNA methylation and 1 on long noncoding RNA. All of the studies were on antituberculosis drug-induced liver injury and came from Asia. CpG site methylation in the CYP2D6 (odds ratio: 9.19, 95% confidence interval: 3.26-25.89, P < .001) and NAT2 (odds ratio: 8.37, 95% confidence interval: 2.39-29.32, P = .001) promoters conferred the highest risk. Hypomethylation of LINE-1 and Alu transposable elements has potential as antituberculosis drug-induced liver injury biomarkers, showing an area under the curve value of 0.94. To conclude, the studies mainly focused on DNA methylation modifications associated with antituberculosis drug-induced liver injury, with all of them coming from Asia, where tuberculosis is a public health burden. Despite the lack of knowledge in this area, the evidence has shown that DNA methylation alterations in antituberculosis drug-induced liver injury could have potential as a new diagnostic and therapeutic target.",de Los Santos-Fernández RL; Segovia-Zafra A; Paz-López G; Matilla-Cabello G; Niu H; Álvarez-Álvarez I; Stephens C; González-Jiménez A; Lucena MI; Andrade RJ; Medina-Cáliz I,2025,British journal of clinical pharmacology,Journal Article|Systematic Review,10.1111/bcp.70053,https://pubmed.ncbi.nlm.nih.gov/40441699/,retain,true,abstract_only,ABSTRACT_SENTENCE_10,"To conclude, the studies mainly focused on DNA methylation modifications associated with antituberculosis drug-induced liver injury, with all of them coming from Asia, where tuberculosis is a public health burden.",,"Genetic susceptibility has been identified in idiosyncratic drug-induced liver injury, a potentially severe adverse reaction towards drugs, herbal products and dietary supplements. | Drug-induced liver injury epigenetic signatures could help explain genetic regulatory mechanisms behind this disease and might provide disease biomarkers. | This systematic review aims to analyse all available information on epigenetic risk association studies in drug-induced liver injury.","To conclude, the studies mainly focused on DNA methylation modifications associated with antituberculosis drug-induced liver injury, with all of them coming from Asia, where tuberculosis is a public health burden.","Genetic susceptibility has been identified in idiosyncratic drug-induced liver injury, a potentially severe adverse reaction towards drugs, herbal products and dietary supplements. | Drug-induced liver injury epigenetic signatures could help explain genetic regulatory mechanisms behind this disease and might provide disease biomarkers. | This systematic review aims to analyse all available information on epigenetic risk association studies in drug-induced liver injury.",17,research/searches_v3/HRS4_LIVER_DISEASE/pubmed/20260726T163628Z/efetch_001.xml,4a598f416f16deafa0cc1204bc64ff2c7e6d31eaaa3aae94060395c198764343,,not_observed,ai_screened_regex_confirmed
HRS4_LIVER_DISEASE,pubmed:40797501,pubmed,40797501,Safety and efficacy of probiotics in the treatment of ALD.,"BACKGROUND: The incidence of alcoholic liver disease (ALD) in China has been increasing in recent years, causing serious socioeconomic and public health burden. However, the treatment of ALD lacks a clear, unified, and effective plan. However, there is still lack of systematic analysis and evaluation of the efficacy and safety of probiotic in the treatment of ALD.
METHODS: A computerized search was performed to identify randomized controlled trials of probiotic and combined probiotic therapy in alcohol-induced liver injury. The control group received placebo or conventional treatment. Retrieval period from database creation to January7, 2022. Both investigators independently searched literature, extracted data, and assessed risk of bias using RevMan 5.4 software and rated the quality of the level of evidence for the outcome indicators according to the GRADE criteria evaluation.
RESULTS: Altogether 10 studies with 835 patients were included. Meta-analysis showed significantly better liver function in test group than control group. The inflammatory level in the experimental group was significantly lower than that in the control group. The intestinal flora of the experimental group was effectively improved. But only Bifidobacteria and Lactobacilli were indigenous; meta-analysis showed that the adverse reactions in the experimental group were slightly higher than those in the control group, but the results were insignificant. Current evidence shows that compared with conventional therapy, probiotic or probiotic combination therapy can effectively improve liver function, modulate the gut microbiota environment, and reduce inflammation in alcoholic liver by modulating the gut microbiota, but the safety needs further investigation. There are limitations in the quantity and quality of the included trials.
CONCLUSION: This study shows that the use of probiotics therapy has a good regulating effect on liver function, intestinal flora, inflammatory level, and blood lipid level in ALD patients.",Zhou X; Zhou S,2025,Medicine,Journal Article|Meta-Analysis,10.1097/MD.0000000000043662,https://pubmed.ncbi.nlm.nih.gov/40797501/,retain,true,abstract_only,ABSTRACT_SENTENCE_12,"But only Bifidobacteria and Lactobacilli were indigenous; meta-analysis showed that the adverse reactions in the experimental group were slightly higher than those in the control group, but the results were insignificant.",,"METHODS: A computerized search was performed to identify randomized controlled trials of probiotic and combined probiotic therapy in alcohol-induced liver injury. | But only Bifidobacteria and Lactobacilli were indigenous; meta-analysis showed that the adverse reactions in the experimental group were slightly higher than those in the control group, but the results were insignificant.","But only Bifidobacteria and Lactobacilli were indigenous; meta-analysis showed that the adverse reactions in the experimental group were slightly higher than those in the control group, but the results were insignificant.","BACKGROUND: The incidence of alcoholic liver disease (ALD) in China has been increasing in recent years, causing serious socioeconomic and public health burden. | METHODS: A computerized search was performed to identify randomized controlled trials of probiotic and combined probiotic therapy in alcohol-induced liver injury. | Meta-analysis showed significantly better liver function in test group than control group.",17,research/searches_v3/HRS4_LIVER_DISEASE/pubmed/20260726T163628Z/efetch_001.xml,4a598f416f16deafa0cc1204bc64ff2c7e6d31eaaa3aae94060395c198764343,,not_observed,ai_screened_regex_confirmed
HRS5_ANTICOAGULATION,pubmed:23744743,pubmed,23744743,Anticoagulation control with daily low-dose vitamin k to reduce clinically adverse outcomes and international normalized ratio variability: a systematic review and meta-analysis.,"STUDY OBJECTIVES: Difficulties managing warfarin therapy have led to speculation that daily supplementation with a low dose of vitamin K might improve anticoagulation control and clinical outcomes. Thus we sought to review the available medical literature systematically examining the effectiveness of low-dose vitamin K supplementation for the reduction of clinically relevant adverse events due to vitamin K antagonist (VKA) use and for stabilization of the international normalized ratio (INR).
DESIGN: We searched the Medline and Embase databases, the Cochrane Library, International Pharmaceutical Abstracts, and the U.S. National Institutes of Health clinical trials registry for randomized controlled trials of vitamin K supplementation versus placebo in patients receiving a VKA. We evaluated the outcomes of hemorrhage, thromboembolic events, and percentage of time in therapeutic range (TTR) of INRs by using the Grading of Recommendations Assessment, Development and Evaluation system for rating quality of evidence in the abstracted studies.
SETTING: All randomized controlled trials studies published between 1970 and August 2012 which fitted our search strategy.
PATIENTS: Patients over the age of 18 years on VKA therapy.
RESULTS: Of the 624 studies we identified and screened, three studies (626 patients) were included in the meta-analysis. Most of the patients had a satisfactory TTR at baseline. We found low-quality evidence--downgraded for imprecision and risk of bias (i.e., limitation in study design and/or execution)--of no effect of vitamin K use (100 to 200 μg) on hemorrhagic events (relative risk [RR] 3.2, 95% confidence interval [CI] 0.2-64.2) and thromboembolic events (RR 2.2, 95% CI 0.1-47.5) and a significant but clinically unimportant effect on TTR with an absolute increase of 3.5% (95% CI 1.1-6.0).
CONCLUSION: This meta-analysis, despite the few studies and overall low quality, suggests no beneficial role of low-dose (100 to 200 μg) vitamin K supplementation on the reduction of clinically relevant adverse events in patients taking VKAs, despite a small improvement of the TTR. Data were insufficient, however, from patients with unstable INRs.",Lam J; Schulman S; Witt DM; Vandvik PO; Qayyum F; Holbrook AM,2013,Pharmacotherapy,Journal Article|Meta-Analysis|Systematic Review,10.1002/phar.1302,https://pubmed.ncbi.nlm.nih.gov/23744743/,retain,true,abstract_only,ABSTRACT_SENTENCE_11,"CONCLUSION: This meta-analysis, despite the few studies and overall low quality, suggests no beneficial role of low-dose (100 to 200 μg) vitamin K supplementation on the reduction of clinically relevant adverse events in patients taking VKAs, despite a small improvement of the TTR.",100 to 200 μg,"STUDY OBJECTIVES: Difficulties managing warfarin therapy have led to speculation that daily supplementation with a low dose of vitamin K might improve anticoagulation control and clinical outcomes. | Thus we sought to review the available medical literature systematically examining the effectiveness of low-dose vitamin K supplementation for the reduction of clinically relevant adverse events due to vitamin K antagonist (VKA) use and for stabilization of the international normalized ratio (INR). | We evaluated the outcomes of hemorrhage, thromboembolic events, and percentage of time in therapeutic range (TTR) of INRs by using the Grading of Recommendations Assessment, Development and Evaluation system for rating quality of evidence in the abstracted studies.","CONCLUSION: This meta-analysis, despite the few studies and overall low quality, suggests no beneficial role of low-dose (100 to 200 μg) vitamin K supplementation on the reduction of clinically relevant adverse events in patients taking VKAs, despite a small improvement of the TTR.",STUDY OBJECTIVES: Difficulties managing warfarin therapy have led to speculation that daily supplementation with a low dose of vitamin K might improve anticoagulation control and clinical outcomes.,20,research/searches_v3/HRS5_ANTICOAGULATION/pubmed/20260726T163628Z/efetch_001.xml,c6ccaac3a92347d2356656d27280f6bd50c06c74557f48f7df927ca2ef9a0d02,,not_observed,ai_screened_regex_confirmed
HRS5_ANTICOAGULATION,pubmed:15213041,pubmed,15213041,Effect of vitamin E supplementation on vitamin K status in adults with normal coagulation status.,"BACKGROUND: Cases of enhanced anticoagulant effect in response to high-dose vitamin E supplementation have been reported among patients taking oral anticoagulants. Although a vitamin E-vitamin K interaction was proposed to underlie this effect, it has not been systematically investigated in adults with normal baseline coagulation status.
OBJECTIVE: The objective was to study the effect of 12 wk of supplementation with 1000 IU RRR-alpha-tocopherol/d on biochemical measures of vitamin K status in men and women not taking oral anticoagulants.
DESIGN: Vitamin K status, which was assessed with the use of plasma phylloquinone concentrations, the degree of under-gamma-carboxylation of prothrombin (proteins induced by vitamin K absence-factor II, PIVKA-II), and the percentage of undercarboxylated osteocalcin (ucOC), was determined in 38 men and women with rheumatoid arthritis (study A) and in 32 healthy men (study B) participating in 2 independent, 12-wk randomized clinical trials of vitamin E supplementation (1000 IU/d).
RESULTS: Mean (+/- SD) PIVKA-II increased from 1.7 +/- 1.7 to 11.9 +/- 16.1 ng/mL (P < 0.001) in study A and from 1.8 +/- 0.6 to 5.3 +/- 3.9 ng/mL (P < 0.001) in study B in response to 12 wk of vitamin E supplementation. An increase in PIVKA-II is indicative of poor vitamin K status. In contrast, the other measures of vitamin K status (ie, plasma phylloquinone concentration and percentage of ucOC) did not change significantly in response to the supplementation.
CONCLUSIONS: High-dose vitamin E supplementation increased PIVKA-II in adults not receiving oral anticoagulant therapy. The clinical significance of these changes warrants further investigation, but high doses of vitamin E may antagonize vitamin K. Whether such an interaction is potentially beneficial or harmful remains to be determined.",Booth SL; Golly I; Sacheck JM; Roubenoff R; Dallal GE; Hamada K; Blumberg JB,2004,The American journal of clinical nutrition,"Clinical Trial|Journal Article|Randomized Controlled Trial|Research Support, Non-U.S. Gov't|Research Support, U.S. Gov't, Non-P.H.S.",10.1093/ajcn/80.1.143,https://pubmed.ncbi.nlm.nih.gov/15213041/,retain,true,abstract_only,ABSTRACT_SENTENCE_8,CONCLUSIONS: High-dose vitamin E supplementation increased PIVKA-II in adults not receiving oral anticoagulant therapy.,1000 IU | 1000 IU/d,"BACKGROUND: Cases of enhanced anticoagulant effect in response to high-dose vitamin E supplementation have been reported among patients taking oral anticoagulants. | Although a vitamin E-vitamin K interaction was proposed to underlie this effect, it has not been systematically investigated in adults with normal baseline coagulation status. | OBJECTIVE: The objective was to study the effect of 12 wk of supplementation with 1000 IU RRR-alpha-tocopherol/d on biochemical measures of vitamin K status in men and women not taking oral anticoagulants.",CONCLUSIONS: High-dose vitamin E supplementation increased PIVKA-II in adults not receiving oral anticoagulant therapy.,BACKGROUND: Cases of enhanced anticoagulant effect in response to high-dose vitamin E supplementation have been reported among patients taking oral anticoagulants. | OBJECTIVE: The objective was to study the effect of 12 wk of supplementation with 1000 IU RRR-alpha-tocopherol/d on biochemical measures of vitamin K status in men and women not taking oral anticoagulants. | CONCLUSIONS: High-dose vitamin E supplementation increased PIVKA-II in adults not receiving oral anticoagulant therapy.,19,research/searches_v3/HRS5_ANTICOAGULATION/pubmed/20260726T163628Z/efetch_002.xml,36fb9de60dcdbb4c1d57326a50a96910b0e8b3560b09d9798af7011c9fe36008,,not_observed,ai_screened_regex_confirmed
HRS5_ANTICOAGULATION,pubmed:15238367,pubmed,15238367,"Brief communication: American ginseng reduces warfarin's effect in healthy patients: a randomized, controlled Trial.","BACKGROUND: People using prescription medication often concurrently take herbal supplements. In a case report, the anticoagulant effect of warfarin decreased after patients consumed ginseng.
OBJECTIVE: To evaluate the interactions between American ginseng and warfarin.
DESIGN: Randomized, double-blind, placebo-controlled trial.
SETTING: General Clinical Research Center, University of Chicago, Chicago, Illinois.
PARTICIPANTS: 20 healthy patients.
INTERVENTION: In this 4-week study, 20 patients received warfarin for 3 days during weeks 1 and 4. Beginning in week 2, patients were assigned to receive either American ginseng or placebo.
MEASUREMENTS: International normalized ratio (INR) and plasma warfarin level.
RESULTS: The peak INR statistically significantly decreased after 2 weeks of ginseng administration compared with placebo (difference between ginseng and placebo, -0.19 [95% CI, -0.36 to -0.07]; P = 0.0012). The INR area under the curve (AUC), peak plasma warfarin level, and warfarin AUC were also statistically significantly reduced in the ginseng group as compared with the placebo group. Peak INR and peak plasma warfarin level were positively correlated.
LIMITATIONS: The study sample consisted of young, healthy volunteers in a research setting rather than patients taking therapeutic doses of warfarin.
CONCLUSIONS: American ginseng reduces warfarin's anticoagulant effect. When prescribing warfarin, physicians should ask patients about ginseng use.",Yuan CS; Wei G; Dey L; Karrison T; Nahlik L; Maleckar S; Kasza K; Ang-Lee M; Moss J,2004,Annals of internal medicine,"Clinical Trial|Journal Article|Randomized Controlled Trial|Research Support, Non-U.S. Gov't|Research Support, U.S. Gov't, P.H.S.",10.7326/0003-4819-141-1-200407060-00011,https://pubmed.ncbi.nlm.nih.gov/15238367/,retain,true,abstract_only,ABSTRACT_SENTENCE_10,"RESULTS: The peak INR statistically significantly decreased after 2 weeks of ginseng administration compared with placebo (difference between ginseng and placebo, -0.19 [95% CI, -0.36 to -0.07]; P = 0.0012).",,"In a case report, the anticoagulant effect of warfarin decreased after patients consumed ginseng. | OBJECTIVE: To evaluate the interactions between American ginseng and warfarin. | MEASUREMENTS: International normalized ratio (INR) and plasma warfarin level.","RESULTS: The peak INR statistically significantly decreased after 2 weeks of ginseng administration compared with placebo (difference between ginseng and placebo, -0.19 [95% CI, -0.36 to -0.07]; P = 0.0012).","In a case report, the anticoagulant effect of warfarin decreased after patients consumed ginseng. | OBJECTIVE: To evaluate the interactions between American ginseng and warfarin. | INTERVENTION: In this 4-week study, 20 patients received warfarin for 3 days during weeks 1 and 4.",19,research/searches_v3/HRS5_ANTICOAGULATION/pubmed/20260726T163628Z/efetch_002.xml,36fb9de60dcdbb4c1d57326a50a96910b0e8b3560b09d9798af7011c9fe36008,,not_observed,ai_screened_regex_confirmed
HRS5_ANTICOAGULATION,pubmed:15289492,pubmed,15289492,"Prospective, multicenter, randomized phase II trial of the herbal supplement, PC-SPES, and diethylstilbestrol in patients with androgen-independent prostate cancer.","PURPOSE: To evaluate the herbal combination, PC-SPES, and diethylstilbestrol (DES) in patients with androgen independent prostate cancer (AIPC).
PATIENTS AND METHODS: A randomized phase II study was conducted with cross-over design. Patients were randomly assigned to receive either three PC-SPES capsules orally three times a day or DES 3 mg orally once a day. Prophylactic warfarin was administered. At clinical or prostate-specific antigen progression, patients received the other therapy. The study closed prematurely after PC-SPES was withdrawn from the market. Chemical analyses were performed on multiple lots of PC-SPES.
RESULTS: Ninety patients were enrolled, of whom 85 were assessable for response. Prostate-specific antigen declines > or = 50% were noted in 40% (95% CI, 25% to 56%) with PC-SPES, and 24% (95% CI, 12% to 39%) with DES. Median response duration was not reached with PC-SPES, and was 3.8 months with DES. Median time to progression for randomly assigned patients was 5.5 months for PC-SPES and 2.9 months for DES. Common toxicities included mild fatigue, gynecomastia, and mastodynia. Five thromboembolic events occurred (one PC-SPES, four DES). Responses in the cross-over phase were inconclusive. Four lots of PC-SPES had measurable quantities of DES, ranging from 0.01% to 3.1% of the dose used in the DES arm. Ethinyl estradiol was also detected in PC-SPES lots.
CONCLUSION: PC-SPES and DES demonstrate activity in AIPC and are well tolerated. However, the synthetic estrogens, DES and ethinyl estradiol, were detected in various lots of PC-SPES, including those used in this trial. Clinical trials that utilize herbal therapies must account for issues of purity and consistency.",Oh WK; Kantoff PW; Weinberg V; Jones G; Rini BI; Derynck MK; Bok R; Smith MR; Bubley GJ; Rosen RT; DiPaola RS; Small EJ,2004,Journal of clinical oncology : official journal of the American Society of Clinical Oncology,"Clinical Trial|Clinical Trial, Phase II|Journal Article|Multicenter Study|Randomized Controlled Trial|Research Support, Non-U.S. Gov't",10.1200/JCO.2004.10.195,https://pubmed.ncbi.nlm.nih.gov/15289492/,retain,true,abstract_only,ABSTRACT_SENTENCE_17,CONCLUSION: PC-SPES and DES demonstrate activity in AIPC and are well tolerated.,3 mg,"Five thromboembolic events occurred (one PC-SPES, four DES).",CONCLUSION: PC-SPES and DES demonstrate activity in AIPC and are well tolerated.,Prophylactic warfarin was administered.,19,research/searches_v3/HRS5_ANTICOAGULATION/pubmed/20260726T163628Z/efetch_002.xml,36fb9de60dcdbb4c1d57326a50a96910b0e8b3560b09d9798af7011c9fe36008,,not_observed,ai_screened_regex_confirmed
HRS5_ANTICOAGULATION,pubmed:11736868,pubmed,11736868,Herb-drug interactions: review and assessment of report reliability.,"AIMS: The aim of this systematic review was to assess the published clinical evidence on interactions between herbal and conventional drugs.
METHODS: Four electronic databases were searched for case reports, case series or clinical trials of such interactions. The data were extracted and validated using a scoring system for interaction probability.
RESULTS: One hundred and eight cases of suspected interactions were found. 68.5% were classified as 'unable to be evaluated', 13% as 'well-documented' and 18.5% as 'possible' interactions. Warfarin was the most common drug (18 cases) and St John's wort the most common herb (54 cases) involved.
CONCLUSION: Herb-drug interactions undoubtedly do occur and may put individuals at risk. However our present knowledge is incomplete and more research is urgently needed.",Fugh-Berman A; Ernst E,2001,British journal of clinical pharmacology,Case Reports|Journal Article|Systematic Review,10.1046/j.0306-5251.2001.01469.x,https://pubmed.ncbi.nlm.nih.gov/11736868/,retain,true,abstract_only,ABSTRACT_SENTENCE_7,CONCLUSION: Herb-drug interactions undoubtedly do occur and may put individuals at risk.,,"AIMS: The aim of this systematic review was to assess the published clinical evidence on interactions between herbal and conventional drugs. | METHODS: Four electronic databases were searched for case reports, case series or clinical trials of such interactions. | The data were extracted and validated using a scoring system for interaction probability.",CONCLUSION: Herb-drug interactions undoubtedly do occur and may put individuals at risk.,Warfarin was the most common drug (18 cases) and St John's wort the most common herb (54 cases) involved.,17,research/searches_v3/HRS5_ANTICOAGULATION/pubmed/20260726T163628Z/efetch_002.xml,36fb9de60dcdbb4c1d57326a50a96910b0e8b3560b09d9798af7011c9fe36008,,not_observed,ai_screened_regex_confirmed
HRS5_ANTICOAGULATION,pubmed:11772128,pubmed,11772128,Interactions between herbal medicines and prescribed drugs: a systematic review.,"Despite the widespread use of herbal medicines, documented herb-drug interactions are sparse. We have reviewed the literature to determine the possible interactions between the seven top-selling herbal medicines (ginkgo, St John's wort, ginseng, garlic, echinacea, saw palmetto and kava) and prescribed drugs. Literature searches were performed using the following databases: Medline (via Pubmed), Cochrane Library, Embase and phytobase (all from their inception to July 2000). All data relating to herb-drug interactions were included regardless of whether they were based on case reports, case series, clinical trials or other types of investigation in humans. In vitro experiments were excluded. Data were extracted by the first author and validated by the second author. 41 case reports or case series and 17 clinical trials were identified. The results indicate that St John's wort (Hypericum perforatum) lowers blood concentrations of cyclosporin, amitriptyline, digoxin, indinavir, warfarin, phenprocoumon and theophylline; furthermore it causes intermenstrual bleeding, delirium or mild serotonin syndrome, respectively, when used concomitantly with oral contraceptives (ethinylestradiol/desogestrel), loperamide or selective serotonin-reuptake inhibitors (sertaline, paroxetine, nefazodone). Ginkgo (Ginkgo biloba) interactions include bleeding when combined with warfarin, raised blood pressure when combined with a thiazide diuretic and coma when combined with trazodone. Ginseng (Panax ginseng) lowers blood concentrations of alcohol and warfarin, and induces mania if used concomitantly with phenelzine. Garlic (Allium sativum) changes pharmacokinetic variables of paracetamol, decreases blood concentrations of warfarin and produces hypoglycaemia when taken with chlorpropamide. Kava (Piper methysticum) increases 'off' periods in Parkinson patients taking levodopa and can cause a semicomatose state when given concomitantly with alprazolam. No interactions were found for echinacea (Echinacea angustifolia, E. purpurea, E. pallida) and saw palmetto (Serenoa repens). In conclusion, interactions between herbal medicines and synthetic drugs exist and can have serious clinical consequences. Healthcare professionals should ask their patients about the use of herbal products and consider the possibility of herb-drug interactions.",Izzo AA; Ernst E,2001,Drugs,Journal Article|Systematic Review,10.2165/00003495-200161150-00002,https://pubmed.ncbi.nlm.nih.gov/11772128/,retain,true,abstract_only,ABSTRACT_SENTENCE_8,"The results indicate that St John's wort (Hypericum perforatum) lowers blood concentrations of cyclosporin, amitriptyline, digoxin, indinavir, warfarin, phenprocoumon and theophylline; furthermore it causes intermenstrual bleeding, delirium or mild serotonin syndrome, respectively, when used concomitantly with oral contraceptives (ethinylestradiol/desogestrel), loperamide or selective serotonin-reuptake inhibitors (sertaline, paroxetine, nefazodone).",,"Despite the widespread use of herbal medicines, documented herb-drug interactions are sparse. | We have reviewed the literature to determine the possible interactions between the seven top-selling herbal medicines (ginkgo, St John's wort, ginseng, garlic, echinacea, saw palmetto and kava) and prescribed drugs. | All data relating to herb-drug interactions were included regardless of whether they were based on case reports, case series, clinical trials or other types of investigation in humans.","The results indicate that St John's wort (Hypericum perforatum) lowers blood concentrations of cyclosporin, amitriptyline, digoxin, indinavir, warfarin, phenprocoumon and theophylline; furthermore it causes intermenstrual bleeding, delirium or mild serotonin syndrome, respectively, when used concomitantly with oral contraceptives (ethinylestradiol/desogestrel), loperamide or selective serotonin-reuptake inhibitors (sertaline, paroxetine, nefazodone).","The results indicate that St John's wort (Hypericum perforatum) lowers blood concentrations of cyclosporin, amitriptyline, digoxin, indinavir, warfarin, phenprocoumon and theophylline; furthermore it causes intermenstrual bleeding, delirium or mild serotonin syndrome, respectively, when used concomitantly with oral contraceptives (ethinylestradiol/desogestrel), loperamide or selective serotonin-reuptake inhibitors (sertaline, paroxetine, nefazodone). | Ginkgo (Ginkgo biloba) interactions include bleeding when combined with warfarin, raised blood pressure when combined with a thiazide diuretic and coma when combined with trazodone. | Ginseng (Panax ginseng) lowers blood concentrations of alcohol and warfarin, and induces mania if used concomitantly with phenelzine.",17,research/searches_v3/HRS5_ANTICOAGULATION/pubmed/20260726T163628Z/efetch_002.xml,36fb9de60dcdbb4c1d57326a50a96910b0e8b3560b09d9798af7011c9fe36008,,not_observed,ai_screened_regex_confirmed
HRS5_ANTICOAGULATION,pubmed:19075623,pubmed,19075623,Clinical evidence of herb-drug interactions: a systematic review by the natural standard research collaboration.,"UNLABELLED: To evaluate the pharmacokinetics and adverse effects of medicinal herbs, as well as clinical evidence of herb-drug interactions.
METHODS: Electronic searches were conducted in multiple databases, including MEDLINE, EMBASE, the Cochrane Library, CINAHL, NAPRALERT, International Pharmaceutical Abstracts, CANCERLIT, CISCOM, and HerbMed. Search terms used included common names, scientific names, and synonyms for the herbs and their primary active constituents. Bibliographies of relevant articles were also searched by hand to obtain additional references. No restrictions were placed on language or quality of publications. All literature collected pertained to adverse effects, pharmacokinetics, and suspected or confirmed cases of herb-drug interactions.
RESULTS: Over 80 herbs or botanicals (including plants, fungi, algae, and common constituents) were identified that had clinically significant interactions with prescription and over-the-counter drugs. Interestingly, herbs beginning with the letter ""g"" (garlic, ginger, ginkgo, and grapefruit) were among the herbs most commonly involved in herb-drug interactions. Drugs with anticoagulant/antiplatelet activity (e.g. warfarin, aspirin) were frequently implicated in herb-drug interactions, with documented interactions with over 30 herbs and herbal products. Because many herbs have demonstrated adverse effects on the liver, the potential for interaction with hepatotoxic agents (such as acetaminophen) is also significant. Clinical outcomes of reported herb-drug interactions ranged from mild to severe. Of note, fatalities (though rare) have occurred with concomitant ephedra and caffeine use.
CONCLUSION: As herbal products (and dietary supplements in general) continue to grow in popularity, patients and health care providers should be vigilant of potential herb-drug interactions.",Ulbricht C; Chao W; Costa D; Rusie-Seamon E; Weissner W; Woods J,2008,Current drug metabolism,Journal Article|Systematic Review,10.2174/138920008786927785,https://pubmed.ncbi.nlm.nih.gov/19075623/,retain,true,abstract_only,ABSTRACT_SENTENCE_7,"RESULTS: Over 80 herbs or botanicals (including plants, fungi, algae, and common constituents) were identified that had clinically significant interactions with prescription and over-the-counter drugs.",,"UNLABELLED: To evaluate the pharmacokinetics and adverse effects of medicinal herbs, as well as clinical evidence of herb-drug interactions. | All literature collected pertained to adverse effects, pharmacokinetics, and suspected or confirmed cases of herb-drug interactions. | RESULTS: Over 80 herbs or botanicals (including plants, fungi, algae, and common constituents) were identified that had clinically significant interactions with prescription and over-the-counter drugs.","RESULTS: Over 80 herbs or botanicals (including plants, fungi, algae, and common constituents) were identified that had clinically significant interactions with prescription and over-the-counter drugs.","Drugs with anticoagulant/antiplatelet activity (e.g. warfarin, aspirin) were frequently implicated in herb-drug interactions, with documented interactions with over 30 herbs and herbal products.",17,research/searches_v3/HRS5_ANTICOAGULATION/pubmed/20260726T163628Z/efetch_001.xml,c6ccaac3a92347d2356656d27280f6bd50c06c74557f48f7df927ca2ef9a0d02,,not_observed,ai_screened_regex_confirmed
HRS5_ANTICOAGULATION,pubmed:20028328,pubmed,20028328,Chia (Salvia hispanica): a systematic review by the natural standard research collaboration.,"OBJECTIVE: To evaluate the scientific evidence on chia (Salvia hispanica) including history, folkloric precedent, expert opinion, pharmacology, dosing, interactions, adverse effects, and toxicology. This review serves as a clinical support tool.
METHODS: Electronic searches were conducted in ten databases, 20 additional journals (not indexed in common databases), and bibliographies from 50 selected secondary references. No restrictions were placed on language or quality of publications. All literature collected pertained to efficacy in humans, dosing, precautions, adverse effects, use in pregnancy/lactation, interactions, alteration of laboratory assays, and mechanisms of action. Standardized inclusion/exclusion criteria are utilized for selection. Grades were assigned using an evidence-based grading rationale.
RESULTS: The available human and non-human studies show possible effectiveness for allergies, angina, athletic performance enhancement, cancer, coronary heart disease (CHD), heart attack, hormonal/endocrine disorders, hyperlipidemia, hypertension, stroke, and vasodilatation. Some evidence also suggests possible anticoagulant, antioxidant, and antiviral effects of Salvia hispanica.
CONCLUSION: There is limited evidence supporting the efficacy of Salvia hispanica for any indication; thus far, only two clinical studies have examined the effects of Salvia hispanica on cardiovascular disease (CVD) risk factors (including body weight). One study showed some effects on some CVD risk factors, while the other did not. Neither study showed any effects of Salvia hispanica on weight loss. However, the historical use of Salvia hispanica suggests that it is safe for consumption by nonallergic individuals. Further rigorous examination is warranted pertaining to the use of Salvia hispanica as a dietary supplement, as well as in the treatment or prevention of human disease.",Ulbricht C; Chao W; Nummy K; Rusie E; Tanguay-Colucci S; Iannuzzi CM; Plammoottil JB; Varghese M; Weissner W,2009,Reviews on recent clinical trials,Journal Article|Systematic Review,10.2174/157488709789957709,https://pubmed.ncbi.nlm.nih.gov/20028328/,retain,true,abstract_only,ABSTRACT_SENTENCE_1,"OBJECTIVE: To evaluate the scientific evidence on chia (Salvia hispanica) including history, folkloric precedent, expert opinion, pharmacology, dosing, interactions, adverse effects, and toxicology.",,"OBJECTIVE: To evaluate the scientific evidence on chia (Salvia hispanica) including history, folkloric precedent, expert opinion, pharmacology, dosing, interactions, adverse effects, and toxicology. | All literature collected pertained to efficacy in humans, dosing, precautions, adverse effects, use in pregnancy/lactation, interactions, alteration of laboratory assays, and mechanisms of action. | Some evidence also suggests possible anticoagulant, antioxidant, and antiviral effects of Salvia hispanica.","OBJECTIVE: To evaluate the scientific evidence on chia (Salvia hispanica) including history, folkloric precedent, expert opinion, pharmacology, dosing, interactions, adverse effects, and toxicology.","Some evidence also suggests possible anticoagulant, antioxidant, and antiviral effects of Salvia hispanica.",17,research/searches_v3/HRS5_ANTICOAGULATION/pubmed/20260726T163628Z/efetch_001.xml,c6ccaac3a92347d2356656d27280f6bd50c06c74557f48f7df927ca2ef9a0d02,,not_observed,ai_screened_regex_confirmed
HRS5_ANTICOAGULATION,pubmed:22651380,pubmed,22651380,Interactions of commonly used dietary supplements with cardiovascular drugs: a systematic review.,"BACKGROUND: The objective of this systematic review was to examine the benefits, harms and pharmacokinetic interactions arising from the co-administration of commonly used dietary supplements with cardiovascular drugs. Many patients on cardiovascular drugs take dietary supplements for presumed benefits and may be at risk for adverse supplement-drug interactions.
METHODS: The Allied and Complementary Medicine Database, the Cochrane Library, EMBASE, International Bibliographic Information on Dietary Supplements and MEDLINE were searched from the inception of the review to October 2011. Grey literature was also reviewed.Two reviewers independently screened records to identify studies comparing a supplement plus cardiovascular drug(s) with the drug(s) alone. Reviewers extracted data using standardized forms, assessed the study risk of bias, graded the strength of evidence and reported applicability.
RESULTS: Evidence was obtained from 65 randomized clinical trials, 2 controlled clinical trials and 1 observational study. With only a few small studies available per supplement, evidence was insufficient for all predefined gradable clinical efficacy and harms outcomes, such as mortality and serious adverse events. One long-term pragmatic trial showed no benefit from co-administering vitamin E with aspirin on a composite cardiovascular outcome. Evidence for most intermediate outcomes was insufficient or of low strength, suggesting no effect. Incremental benefits were noted for triglyceridemia with omega-3 fatty acid added to statins; and there was an improvement in levels of high-density lipoprotein cholesterol with garlic supplementation when people also consumed nitrates
CONCLUSIONS: Evidence of low-strength indicates benefits of omega-3 fatty acids (plus statin, or calcium channel blockers and antiplatelets) and garlic (plus nitrates or warfarin) on triglycerides and HDL-C, respectively. Safety concerns, however, persist.",Kanji S; Seely D; Yazdi F; Tetzlaff J; Singh K; Tsertsvadze A; Tricco AC; Sears ME; Ooi TC; Turek MA; Skidmore B; Ansari MT,2012,Systematic reviews,"Journal Article|Research Support, Non-U.S. Gov't|Systematic Review",10.1186/2046-4053-1-26,https://pubmed.ncbi.nlm.nih.gov/22651380/,retain,true,abstract_only,ABSTRACT_SENTENCE_10,"Incremental benefits were noted for triglyceridemia with omega-3 fatty acid added to statins; and there was an improvement in levels of high-density lipoprotein cholesterol with garlic supplementation when people also consumed nitrates
CONCLUSIONS: Evidence of low-strength indicates benefits of omega-3 fatty acids (plus statin, or calcium channel blockers and antiplatelets) and garlic (plus nitrates or warfarin) on triglycerides and HDL-C, respectively.",,"BACKGROUND: The objective of this systematic review was to examine the benefits, harms and pharmacokinetic interactions arising from the co-administration of commonly used dietary supplements with cardiovascular drugs. | Many patients on cardiovascular drugs take dietary supplements for presumed benefits and may be at risk for adverse supplement-drug interactions. | With only a few small studies available per supplement, evidence was insufficient for all predefined gradable clinical efficacy and harms outcomes, such as mortality and serious adverse events.","Incremental benefits were noted for triglyceridemia with omega-3 fatty acid added to statins; and there was an improvement in levels of high-density lipoprotein cholesterol with garlic supplementation when people also consumed nitrates
CONCLUSIONS: Evidence of low-strength indicates benefits of omega-3 fatty acids (plus statin, or calcium channel blockers and antiplatelets) and garlic (plus nitrates or warfarin) on triglycerides and HDL-C, respectively.","Incremental benefits were noted for triglyceridemia with omega-3 fatty acid added to statins; and there was an improvement in levels of high-density lipoprotein cholesterol with garlic supplementation when people also consumed nitrates
CONCLUSIONS: Evidence of low-strength indicates benefits of omega-3 fatty acids (plus statin, or calcium channel blockers and antiplatelets) and garlic (plus nitrates or warfarin) on triglycerides and HDL-C, respectively.",17,research/searches_v3/HRS5_ANTICOAGULATION/pubmed/20260726T163628Z/efetch_001.xml,c6ccaac3a92347d2356656d27280f6bd50c06c74557f48f7df927ca2ef9a0d02,,not_observed,ai_screened_regex_confirmed
HRS5_ANTICOAGULATION,pubmed:23067030,pubmed,23067030,Evaluation of documented drug interactions and contraindications associated with herbs and dietary supplements: a systematic literature review.,"BACKGROUND AND AIMS: The use of herbs and dietary supplements (HDS) alone or concomitantly with medications can potentially increase the risk of adverse events experienced by the patients. This review aims to evaluate the documented HDS-drug interactions and contraindications.
METHODS: A structured literature review was conducted on PubMed, EMBASE, Cochrane Library, tertiary literature and Internet.
RESULTS: While 85 primary literatures, six books and two web sites were reviewed for a total of 1,491 unique pairs of HDS-drug interactions, 213 HDS entities and 509 medications were involved. HDS products containing St. John's Wort, magnesium, calcium, iron, ginkgo had the greatest number of documented interactions with medications. Warfarin, insulin, aspirin, digoxin, and ticlopidine had the greatest number of reported interactions with HDS. Medications affecting the central nervous system or cardiovascular system had more documented interactions with HDS. Of the 882 HDS-drug interactions being described its mechanism and severity, 42.3% were due to altered pharmacokinetics and 240 were described as major interactions. Of the 152 identified HDS contraindications, the most frequent involved gastrointestinal (16.4%), neurological (14.5%), and renal/genitourinary diseases (12.5%). Flaxseed, echinacea, and yohimbe had the largest number of documented contraindications.
CONCLUSIONS: Although HDS-drug interactions and contraindications primarily concerned a relatively small subset of commonly used medications and HDS entities, this review provides the summary to identify patients, HDS products, and medications that are more susceptible to HDS-drug interactions and contraindications. The findings would facilitate the health-care professionals to communicate these documented interactions and contraindications to their patients and/or caregivers thereby preventing serious adverse events and improving desired therapeutic outcomes.",Tsai HH; Lin HW; Simon Pickard A; Tsai HY; Mahady GB,2012,International journal of clinical practice,"Journal Article|Research Support, Non-U.S. Gov't|Systematic Review",10.1111/j.1742-1241.2012.03008.x,https://pubmed.ncbi.nlm.nih.gov/23067030/,retain,true,abstract_only,ABSTRACT_SENTENCE_13,The findings would facilitate the health-care professionals to communicate these documented interactions and contraindications to their patients and/or caregivers thereby preventing serious adverse events and improving desired therapeutic outcomes.,,"BACKGROUND AND AIMS: The use of herbs and dietary supplements (HDS) alone or concomitantly with medications can potentially increase the risk of adverse events experienced by the patients. | This review aims to evaluate the documented HDS-drug interactions and contraindications. | RESULTS: While 85 primary literatures, six books and two web sites were reviewed for a total of 1,491 unique pairs of HDS-drug interactions, 213 HDS entities and 509 medications were involved.",The findings would facilitate the health-care professionals to communicate these documented interactions and contraindications to their patients and/or caregivers thereby preventing serious adverse events and improving desired therapeutic outcomes.,"Warfarin, insulin, aspirin, digoxin, and ticlopidine had the greatest number of reported interactions with HDS.",17,research/searches_v3/HRS5_ANTICOAGULATION/pubmed/20260726T163628Z/efetch_001.xml,c6ccaac3a92347d2356656d27280f6bd50c06c74557f48f7df927ca2ef9a0d02,,not_observed,ai_screened_regex_confirmed
HRS5_ANTICOAGULATION,pubmed:25063588,pubmed,25063588,Use of herbal medicines by elderly patients: A systematic review.,"OBJECTIVES: We aimed to survey the published literature for articles that describe the use of herbal supplements by elderly patients and to summarize important aspects of selected studies, including most commonly used supplements, study type, study location, and potential hazards of herbal supplement use.
METHODS: Literature searches were conducted on three scientific/medical databases: Medline, Web of Science, and Scopus. Search results were examined for articles involving the use of herbal products in the elderly population that met selection criteria.
RESULTS: Initial searches yielded 1297 articles. Of these original results, only 16 met specific selection criteria. Twelve (75%) of studies identified were performed in North America. Nine studies (56.25%) were conducted in the United States. Seven of the studies were cross-sectional (43.8%). The most commonly reported were gingko biloba, garlic, ginseng, aloe vera, chamomile, spearmint, and ginger. Of these, gingko and garlic are the most commonly used among community-dwelling elderly. Both of these supplements have the potential to interact with anticoagulants and produce bruising or bleeding problems.
CONCLUSIONS: The use of herbal supplements is common among the elderly, a population that takes a disproportionate share of prescription medications compared to that taken by younger populations. Among the problems uncovered by these studies was a lack of dialog between medical professionals and patients about the use of herbal supplements. Prescribers need to consider the use of herbal supplements and discuss the matter with their elderly patients when making decisions about pharmacological treatments.",de Souza Silva JE; Santos Souza CA; da Silva TB; Gomes IA; Brito Gde C; de Souza Araújo AA; de Lyra-Júnior DP; da Silva WB; da Silva FA,2014,Archives of gerontology and geriatrics,"Journal Article|Research Support, Non-U.S. Gov't|Systematic Review",10.1016/j.archger.2014.06.002,https://pubmed.ncbi.nlm.nih.gov/25063588/,retain,true,abstract_only,ABSTRACT_SENTENCE_11,Both of these supplements have the potential to interact with anticoagulants and produce bruising or bleeding problems.,,Both of these supplements have the potential to interact with anticoagulants and produce bruising or bleeding problems.,Both of these supplements have the potential to interact with anticoagulants and produce bruising or bleeding problems.,Both of these supplements have the potential to interact with anticoagulants and produce bruising or bleeding problems.,17,research/searches_v3/HRS5_ANTICOAGULATION/pubmed/20260726T163628Z/efetch_001.xml,c6ccaac3a92347d2356656d27280f6bd50c06c74557f48f7df927ca2ef9a0d02,,not_observed,ai_screened_regex_confirmed
HRS5_ANTICOAGULATION,pubmed:26346860,pubmed,26346860,[A Systematic Review of the Acceptable Intake Level of Vitamin K among Warfarin Users].,"The interaction of warfarin and vitamin K is a clinically significant issue. This study investigated the acceptable intake level of vitamin K among warfarin users by means of a systematic review. We searched two databases (PubMed and ""Igaku chuo zasshi"")for articles about adverse events arising from interaction of warfarin and vitamin K, published until October 2014. Of 1,310 citations retrieved, 16 studies met the selection criteria for examination of the upper limit, and 6 studies dealt with amounts below the limit. The intake of vitamin K in warfarin patients was acceptable in the range of 25-325 μg/day, with a maximum daily variation of 292 μg, and a value of 150 μg/day seemed optimum. When these results were applied to usual foods, except for dietary supplements or health foods, the only prohibited foods were fermented soybean (natto) and foods containing it, while green leafy vegetables could be acceptable if their intake is limited.",Sato Y; Murata M; Chiba T; Umegaki K,2015,Shokuhin eiseigaku zasshi. Journal of the Food Hygienic Society of Japan,Journal Article|Meta-Analysis|Systematic Review,10.3358/shokueishi.56.157,https://pubmed.ncbi.nlm.nih.gov/26346860/,retain,true,abstract_only,ABSTRACT_SENTENCE_3,"We searched two databases (PubMed and ""Igaku chuo zasshi"")for articles about adverse events arising from interaction of warfarin and vitamin K, published until October 2014.",25-325 μg/d | 292 μg | 150 μg/d,"The interaction of warfarin and vitamin K is a clinically significant issue. | We searched two databases (PubMed and ""Igaku chuo zasshi"")for articles about adverse events arising from interaction of warfarin and vitamin K, published until October 2014.","We searched two databases (PubMed and ""Igaku chuo zasshi"")for articles about adverse events arising from interaction of warfarin and vitamin K, published until October 2014.","The interaction of warfarin and vitamin K is a clinically significant issue. | This study investigated the acceptable intake level of vitamin K among warfarin users by means of a systematic review. | We searched two databases (PubMed and ""Igaku chuo zasshi"")for articles about adverse events arising from interaction of warfarin and vitamin K, published until October 2014.",17,research/searches_v3/HRS5_ANTICOAGULATION/pubmed/20260726T163628Z/efetch_001.xml,c6ccaac3a92347d2356656d27280f6bd50c06c74557f48f7df927ca2ef9a0d02,,not_observed,ai_screened_regex_confirmed
HRS5_ANTICOAGULATION,pubmed:29196903,pubmed,29196903,Concurrent Use of Prescription Drugs and Herbal Medicinal Products in Older Adults: A Systematic Review.,"BACKGROUND: The use of herbal medicinal products (HMPs) is common among older adults; however, little is known about concurrent use with prescription drugs, as well as potential interactions associated with such combinations.
OBJECTIVE: The aim of this systematic review was to identify and evaluate the literature on concurrent prescription and HMP use among older adults to assess prevalence, patterns, potential interactions and factors associated with this use.
METHODS: Systematic searches were conducted in the MEDLINE, PsycINFO, EMBASE, CINAHL, AMED, Web of Science and Cochrane databases from inception to May 2017 for studies reporting concurrent use of prescription medicines with HMPs in adults ≥ 65 years of age. Quality was assessed using the Joanna Briggs Institute checklists. And the Evidence for Policy and Practice Information and Co-ordinating Centre (EPPI-Centre) three-stage approach to mixed method research was used to synthesise data.
RESULTS: Twenty-two studies were included. A definition of HMPs or what was considered an HMP was frequently missing. Prevalence of concurrent use by older adults varied widely between 5.3 and 88.3%. Prescription medicines most combined with HMPs were antihypertensive drugs, β-blockers, diuretics, antihyperlipidemic agents, anticoagulants, analgesics, antihistamines, antidiabetics, antidepressants and statins. The HMPs most frequently used were Ginkgo biloba, garlic, ginseng, St John's wort, Echinacea, saw palmetto, evening primrose oil and ginger. Potential risks of bleeding due to the use of Ginkgo biloba, garlic or ginseng with aspirin or warfarin was the most reported herb-drug interaction. Some data suggest being female, and having a lower household income and less than a high-school education were associated with concurrent use.
CONCLUSION: The prevalence of concurrent prescription drugs and HMP use among older adults is substantial and potential interactions have been reported. Knowledge of the extent and manner in which older adults combine prescription drugs will aid healthcare professionals in appropriately identifying and managing patients at risk. Systematic Review Registration Number: PROSPERO 2014:CRD42014009091.",Agbabiaka TB; Wider B; Watson LK; Goodman C,2017,Drugs & aging,Journal Article|Systematic Review,10.1007/s40266-017-0501-7,https://pubmed.ncbi.nlm.nih.gov/29196903/,retain,true,abstract_only,ABSTRACT_SENTENCE_1,"BACKGROUND: The use of herbal medicinal products (HMPs) is common among older adults; however, little is known about concurrent use with prescription drugs, as well as potential interactions associated with such combinations.",,"BACKGROUND: The use of herbal medicinal products (HMPs) is common among older adults; however, little is known about concurrent use with prescription drugs, as well as potential interactions associated with such combinations. | OBJECTIVE: The aim of this systematic review was to identify and evaluate the literature on concurrent prescription and HMP use among older adults to assess prevalence, patterns, potential interactions and factors associated with this use. | Prescription medicines most combined with HMPs were antihypertensive drugs, β-blockers, diuretics, antihyperlipidemic agents, anticoagulants, analgesics, antihistamines, antidiabetics, antidepressants and statins.","BACKGROUND: The use of herbal medicinal products (HMPs) is common among older adults; however, little is known about concurrent use with prescription drugs, as well as potential interactions associated with such combinations.","Prescription medicines most combined with HMPs were antihypertensive drugs, β-blockers, diuretics, antihyperlipidemic agents, anticoagulants, analgesics, antihistamines, antidiabetics, antidepressants and statins. | Potential risks of bleeding due to the use of Ginkgo biloba, garlic or ginseng with aspirin or warfarin was the most reported herb-drug interaction.",17,research/searches_v3/HRS5_ANTICOAGULATION/pubmed/20260726T163628Z/efetch_001.xml,c6ccaac3a92347d2356656d27280f6bd50c06c74557f48f7df927ca2ef9a0d02,,not_observed,ai_screened_regex_confirmed
HRS5_ANTICOAGULATION,pubmed:32478963,pubmed,32478963,"Warfarin and food, herbal or dietary supplement interactions: A systematic review.","AIMS: To present an updated overview on the safety of concurrent use of food, herbal or dietary supplement and warfarin.
METHODS: A systematic literature review was performed on 5 databases from inception up to 31 December 2019. These interactions were classified depending on the likelihood of interaction and supporting evidences.
RESULTS: A total of 149 articles describing 78 herbs, food or dietary supplements were reported to interact with warfarin. These reports described potentiation with 45 (57.7%) herbs, food or dietary supplements while 23 (29.5%) reported inhibition and 10 (12.8%) reported limited impact on warfarin pharmacokinetics and pharmacodynamics. Twenty unique herb and dietary supplements also reported to result in minor bleeding events, such as purpura and gum bleeding as well as major events such as intracranial bleeding that led to death.
CONCLUSION: While most food, herbs and supplements can be safely taken in moderation, healthcare professionals should be aware of the increased risk of bleeding when taking several food and herbs. These include Chinese wolfberry, chamomile tea, cannabis, cranberry, chitosan, green tea, Ginkgo biloba, ginger, spinach, St. John's Wort, sushi and smoking tobacco. Patients should be counselled to continue to seek advice from their healthcare professionals when starting any new herbs, food or supplement.",Tan CSS; Lee SWH,2021,British journal of clinical pharmacology,"Journal Article|Research Support, Non-U.S. Gov't|Systematic Review",10.1111/bcp.14404,https://pubmed.ncbi.nlm.nih.gov/32478963/,retain,true,abstract_only,ABSTRACT_SENTENCE_6,"Twenty unique herb and dietary supplements also reported to result in minor bleeding events, such as purpura and gum bleeding as well as major events such as intracranial bleeding that led to death.",,"These interactions were classified depending on the likelihood of interaction and supporting evidences. | Twenty unique herb and dietary supplements also reported to result in minor bleeding events, such as purpura and gum bleeding as well as major events such as intracranial bleeding that led to death. | CONCLUSION: While most food, herbs and supplements can be safely taken in moderation, healthcare professionals should be aware of the increased risk of bleeding when taking several food and herbs.","Twenty unique herb and dietary supplements also reported to result in minor bleeding events, such as purpura and gum bleeding as well as major events such as intracranial bleeding that led to death.","AIMS: To present an updated overview on the safety of concurrent use of food, herbal or dietary supplement and warfarin. | RESULTS: A total of 149 articles describing 78 herbs, food or dietary supplements were reported to interact with warfarin. | These reports described potentiation with 45 (57.7%) herbs, food or dietary supplements while 23 (29.5%) reported inhibition and 10 (12.8%) reported limited impact on warfarin pharmacokinetics and pharmacodynamics.",17,research/searches_v3/HRS5_ANTICOAGULATION/pubmed/20260726T163628Z/efetch_001.xml,c6ccaac3a92347d2356656d27280f6bd50c06c74557f48f7df927ca2ef9a0d02,,not_observed,ai_screened_regex_confirmed
HRS5_ANTICOAGULATION,pubmed:30157115,pubmed,30157115,ASSOCIATION BETWEEN ORAL IRON SUPPLEMENTATION AND RETINAL OR SUBRETINAL HEMORRHAGE IN THE COMPARISON OF AGE-RELATED MACULAR DEGENERATION TREATMENT TRIALS.,"PURPOSE: Because patients often take iron supplements without medical indication, and iron can accumulate in vascular endothelial cells, the authors evaluated the association of oral iron supplementation with retinal/subretinal hemorrhage in patients with neovascular age-related macular degeneration.
METHODS: A post hoc secondary data analysis of comparison of age-related macular degeneration treatments trials was performed. Participants were interviewed for use of oral iron supplements. Trained readers evaluated retinal/subretinal hemorrhage in baseline fundus photographs. Adjusted odds ratios from multivariate logistic regression models assessed the association between iron use and baseline hemorrhage adjusted by age, sex, smoking, hypertension, anemia, and use of antiplatelet/anticoagulant drugs.
RESULTS: Among 1,165 participants, baseline retinal/subretinal hemorrhage was present in the study eye in 71% of 181 iron users and in 61% of 984 participants without iron use (adjusted odds ratio = 1.47, P = 0.04), and the association was dose dependent (adjusted linear trend P = 0.048). Iron use was associated with hemorrhage in participants with hypertension (adjusted odds ratio = 1.87, P = 0.006) but not without hypertension. The association of iron use with hemorrhage remained significant among hypertensive participants without anemia (adjusted odds ratio = 1.85, P = 0.02).
CONCLUSION: Among participants of comparison of age-related macular degeneration treatments trials, the use of oral iron supplements was associated with retinal/subretinal hemorrhage in a dose-response manner. Unindicated iron supplementation may be detrimental in patients with wet age-related macular degeneration.",Song D; Ying GS; Dunaief JL; Bhuyan R; Li Y; Maguire MG; Grunwald JE; Daniel E; Hagstrom S; Martin DF; Comparison of Age-Related Macular Degeneration Treatment Trial Research Group,2019,"Retina (Philadelphia, Pa.)",Journal Article|Multicenter Study|Randomized Controlled Trial,10.1097/IAE.0000000000002295,https://pubmed.ncbi.nlm.nih.gov/30157115/,retain,true,abstract_only,ABSTRACT_SENTENCE_7,"Iron use was associated with hemorrhage in participants with hypertension (adjusted odds ratio = 1.87, P = 0.006) but not without hypertension.",,"PURPOSE: Because patients often take iron supplements without medical indication, and iron can accumulate in vascular endothelial cells, the authors evaluated the association of oral iron supplementation with retinal/subretinal hemorrhage in patients with neovascular age-related macular degeneration. | Trained readers evaluated retinal/subretinal hemorrhage in baseline fundus photographs. | Adjusted odds ratios from multivariate logistic regression models assessed the association between iron use and baseline hemorrhage adjusted by age, sex, smoking, hypertension, anemia, and use of antiplatelet/anticoagulant drugs.","Iron use was associated with hemorrhage in participants with hypertension (adjusted odds ratio = 1.87, P = 0.006) but not without hypertension.","Adjusted odds ratios from multivariate logistic regression models assessed the association between iron use and baseline hemorrhage adjusted by age, sex, smoking, hypertension, anemia, and use of antiplatelet/anticoagulant drugs.",15,research/searches_v3/HRS5_ANTICOAGULATION/pubmed/20260726T163628Z/efetch_001.xml,c6ccaac3a92347d2356656d27280f6bd50c06c74557f48f7df927ca2ef9a0d02,,not_observed,ai_screened_regex_confirmed
