question_id,record_id,regex_passed,regex_signals,llm_decision,kept
HRS1_PERIOPERATIVE,pubmed:10839071,false,population,deprioritize,false
HRS1_PERIOPERATIVE,pubmed:10861158,true,exposure|population|outcome,retain,true
HRS1_PERIOPERATIVE,pubmed:10876447,true,exposure|population|outcome,retain,true
HRS1_PERIOPERATIVE,pubmed:11090733,true,exposure|population|outcome,retain,true
HRS1_PERIOPERATIVE,pubmed:11103054,true,exposure|population|outcome,deprioritize,false
HRS1_PERIOPERATIVE,pubmed:11111530,false,population,deprioritize,false
HRS1_PERIOPERATIVE,pubmed:11132009,true,exposure|population|outcome,retain,true
HRS1_PERIOPERATIVE,pubmed:11184531,false,exposure|population,uncertain,false
HRS1_PERIOPERATIVE,pubmed:11206893,true,exposure|population|outcome,retain,true
HRS1_PERIOPERATIVE,pubmed:11251502,false,exposure|population,deprioritize,false
HRS1_PERIOPERATIVE,pubmed:11266639,true,exposure|population|outcome,retain,true
HRS1_PERIOPERATIVE,pubmed:11448284,true,exposure|population|outcome,retain,true
HRS1_PERIOPERATIVE,pubmed:11493302,true,exposure|population|outcome,retain,true
HRS1_PERIOPERATIVE,pubmed:11574384,true,exposure|population|outcome,retain,true
HRS1_PERIOPERATIVE,pubmed:11712472,true,exposure|population|outcome,retain,true
HRS1_PERIOPERATIVE,pubmed:11783211,false,outcome,deprioritize,false
HRS1_PERIOPERATIVE,pubmed:11789467,true,exposure|population|outcome,retain,true
HRS1_PERIOPERATIVE,pubmed:11940341,false,population|outcome,deprioritize,false
HRS1_PERIOPERATIVE,pubmed:11958804,true,exposure|population|outcome,deprioritize,false
HRS1_PERIOPERATIVE,pubmed:11969062,true,exposure|population|outcome,retain,true
HRS1_PERIOPERATIVE,pubmed:12122516,true,exposure|population|outcome,retain,true
HRS1_PERIOPERATIVE,pubmed:12134110,true,exposure|population|outcome,retain,true
HRS1_PERIOPERATIVE,pubmed:12190754,true,exposure|population|outcome,retain,true
HRS1_PERIOPERATIVE,pubmed:12351304,false,population,deprioritize,false
HRS1_PERIOPERATIVE,pubmed:12393786,true,exposure|population|outcome,retain,true
HRS1_PERIOPERATIVE,pubmed:12422474,false,,deprioritize,false
HRS1_PERIOPERATIVE,pubmed:12514145,false,exposure|population,retain,false
HRS1_PERIOPERATIVE,pubmed:12528489,true,exposure|population|outcome,retain,true
HRS1_PERIOPERATIVE,pubmed:12575376,false,outcome,deprioritize,false
HRS1_PERIOPERATIVE,pubmed:12575883,false,population|outcome,uncertain,false
HRS1_PERIOPERATIVE,pubmed:12769317,true,exposure|population|outcome,retain,true
HRS1_PERIOPERATIVE,pubmed:13678141,true,exposure|population|outcome,retain,true
HRS1_PERIOPERATIVE,pubmed:13891485,false,exposure|population,deprioritize,false
HRS1_PERIOPERATIVE,pubmed:14605480,false,population|outcome,retain,false
HRS1_PERIOPERATIVE,pubmed:14666012,false,exposure|population,retain,false
HRS1_PERIOPERATIVE,pubmed:14976886,false,population,retain,false
HRS1_PERIOPERATIVE,pubmed:14984852,true,exposure|population|outcome,retain,true
HRS1_PERIOPERATIVE,pubmed:15017578,true,exposure|population|outcome,retain,true
HRS1_PERIOPERATIVE,pubmed:15109694,true,exposure|population|outcome,retain,true
HRS1_PERIOPERATIVE,pubmed:15195032,false,population|outcome,retain,false
HRS1_PERIOPERATIVE,pubmed:15385077,true,exposure|population|outcome,retain,true
HRS1_PERIOPERATIVE,pubmed:15910344,true,exposure|population|outcome,retain,true
HRS1_PERIOPERATIVE,pubmed:15960738,false,exposure|population,retain,false
HRS1_PERIOPERATIVE,pubmed:16093231,true,exposure|population|outcome,retain,true
HRS1_PERIOPERATIVE,pubmed:16201292,false,outcome,deprioritize,false
HRS1_PERIOPERATIVE,pubmed:16261853,true,exposure|population|outcome,deprioritize,false
HRS1_PERIOPERATIVE,pubmed:16281740,true,exposure|population|outcome,retain,true
HRS1_PERIOPERATIVE,pubmed:16337968,false,exposure|outcome,retain,false
HRS1_PERIOPERATIVE,pubmed:16543859,false,population,retain,false
HRS1_PERIOPERATIVE,pubmed:16613276,false,population,retain,false
HRS1_PERIOPERATIVE,pubmed:16669953,false,exposure|outcome,deprioritize,false
HRS1_PERIOPERATIVE,pubmed:16758063,false,exposure|population,retain,false
HRS1_PERIOPERATIVE,pubmed:16932221,false,exposure|population,retain,false
HRS1_PERIOPERATIVE,pubmed:16935738,true,exposure|population|outcome,retain,true
HRS1_PERIOPERATIVE,pubmed:16955723,false,exposure|population,retain,false
HRS1_PERIOPERATIVE,pubmed:17058823,false,population,retain,false
HRS1_PERIOPERATIVE,pubmed:17064525,false,population|outcome,retain,false
HRS1_PERIOPERATIVE,pubmed:17094523,true,exposure|population|outcome,retain,true
HRS1_PERIOPERATIVE,pubmed:17128108,true,exposure|population|outcome,deprioritize,false
HRS1_PERIOPERATIVE,pubmed:17312476,true,exposure|population|outcome,retain,true
HRS1_PERIOPERATIVE,pubmed:17382219,true,exposure|population|outcome,deprioritize,false
HRS1_PERIOPERATIVE,pubmed:17430769,true,exposure|population|outcome,retain,true
HRS1_PERIOPERATIVE,pubmed:17432678,false,population,retain,false
HRS1_PERIOPERATIVE,pubmed:17466873,true,exposure|population|outcome,retain,true
HRS1_PERIOPERATIVE,pubmed:17633371,false,population|outcome,retain,false
HRS1_PERIOPERATIVE,pubmed:17640426,true,exposure|population|outcome,retain,true
HRS1_PERIOPERATIVE,pubmed:17672962,false,outcome,retain,false
HRS1_PERIOPERATIVE,pubmed:17894152,false,population|outcome,deprioritize,false
HRS1_PERIOPERATIVE,pubmed:18166748,true,exposure|population|outcome,retain,true
HRS1_PERIOPERATIVE,pubmed:18376362,true,exposure|population|outcome,deprioritize,false
HRS1_PERIOPERATIVE,pubmed:18418648,false,exposure|population,retain,false
HRS1_PERIOPERATIVE,pubmed:18482012,false,population,deprioritize,false
HRS1_PERIOPERATIVE,pubmed:18567171,true,exposure|population|outcome,retain,true
HRS1_PERIOPERATIVE,pubmed:18605369,false,exposure,deprioritize,false
HRS1_PERIOPERATIVE,pubmed:18637616,false,exposure|population,retain,false
HRS1_PERIOPERATIVE,pubmed:18796123,false,outcome,retain,false
HRS1_PERIOPERATIVE,pubmed:19116576,true,exposure|population|outcome,retain,true
HRS1_PERIOPERATIVE,pubmed:19153029,false,exposure|population,retain,false
HRS1_PERIOPERATIVE,pubmed:19224800,false,exposure|population,retain,false
HRS1_PERIOPERATIVE,pubmed:19338151,false,exposure|population,retain,false
HRS1_PERIOPERATIVE,pubmed:19476768,true,exposure|population|outcome,retain,true
HRS1_PERIOPERATIVE,pubmed:19526755,false,population,retain,false
HRS1_PERIOPERATIVE,pubmed:19570440,false,exposure|outcome,retain,false
HRS1_PERIOPERATIVE,pubmed:19590205,false,population|outcome,deprioritize,false
HRS1_PERIOPERATIVE,pubmed:19825176,true,exposure|population|outcome,retain,true
HRS1_PERIOPERATIVE,pubmed:19921983,false,population|outcome,retain,false
HRS1_PERIOPERATIVE,pubmed:19922917,false,outcome,retain,false
HRS1_PERIOPERATIVE,pubmed:19994614,true,exposure|population|outcome,deprioritize,false
HRS1_PERIOPERATIVE,pubmed:20052816,false,population|outcome,deprioritize,false
HRS1_PERIOPERATIVE,pubmed:20085130,true,exposure|population|outcome,retain,true
HRS1_PERIOPERATIVE,pubmed:20098971,false,population|outcome,retain,false
HRS1_PERIOPERATIVE,pubmed:20233176,true,exposure|population|outcome,retain,true
HRS1_PERIOPERATIVE,pubmed:20373930,true,exposure|population|outcome,retain,true
HRS1_PERIOPERATIVE,pubmed:20417509,false,,uncertain,false
HRS1_PERIOPERATIVE,pubmed:20581318,true,exposure|population|outcome,retain,true
HRS1_PERIOPERATIVE,pubmed:20599078,false,population|outcome,deprioritize,false
HRS1_PERIOPERATIVE,pubmed:20622656,true,exposure|population|outcome,retain,true
HRS1_PERIOPERATIVE,pubmed:20627706,true,exposure|population|outcome,deprioritize,false
HRS1_PERIOPERATIVE,pubmed:20651752,false,exposure|outcome,uncertain,false
HRS1_PERIOPERATIVE,pubmed:20669666,false,exposure|outcome,retain,false
HRS1_PERIOPERATIVE,pubmed:20683279,false,exposure|population,retain,false
HRS1_PERIOPERATIVE,pubmed:20883870,false,outcome,uncertain,false
HRS1_PERIOPERATIVE,pubmed:20931479,false,,uncertain,false
HRS1_PERIOPERATIVE,pubmed:20954959,false,outcome,retain,false
HRS1_PERIOPERATIVE,pubmed:20974030,false,population|outcome,deprioritize,false
HRS1_PERIOPERATIVE,pubmed:21111880,false,outcome,retain,false
HRS1_PERIOPERATIVE,pubmed:21195151,false,exposure|outcome,deprioritize,false
HRS1_PERIOPERATIVE,pubmed:21336558,true,exposure|population|outcome,deprioritize,false
HRS1_PERIOPERATIVE,pubmed:21423055,true,exposure|population|outcome,retain,true
HRS1_PERIOPERATIVE,pubmed:21575004,true,exposure|population|outcome,retain,true
HRS1_PERIOPERATIVE,pubmed:21624132,true,exposure|population|outcome,retain,true
HRS1_PERIOPERATIVE,pubmed:21625908,true,exposure|population|outcome,deprioritize,false
HRS1_PERIOPERATIVE,pubmed:21912817,false,exposure|population,deprioritize,false
HRS1_PERIOPERATIVE,pubmed:21987426,true,exposure|population|outcome,deprioritize,false
HRS1_PERIOPERATIVE,pubmed:22048283,false,population,retain,false
HRS1_PERIOPERATIVE,pubmed:22063371,false,population,retain,false
HRS1_PERIOPERATIVE,pubmed:22076561,false,exposure|population,deprioritize,false
HRS1_PERIOPERATIVE,pubmed:22099619,true,exposure|population|outcome,retain,true
HRS1_PERIOPERATIVE,pubmed:22196577,false,population,deprioritize,false
HRS1_PERIOPERATIVE,pubmed:22268970,false,exposure|outcome,retain,false
HRS1_PERIOPERATIVE,pubmed:22269200,true,exposure|population|outcome,retain,true
HRS1_PERIOPERATIVE,pubmed:22296924,false,population|outcome,deprioritize,false
HRS1_PERIOPERATIVE,pubmed:22392970,false,population|outcome,deprioritize,false
HRS1_PERIOPERATIVE,pubmed:22395325,true,exposure|population|outcome,retain,true
HRS1_PERIOPERATIVE,pubmed:22395326,true,exposure|population|outcome,deprioritize,false
HRS1_PERIOPERATIVE,pubmed:22403970,false,population|outcome,deprioritize,false
HRS1_PERIOPERATIVE,pubmed:22483186,false,exposure|outcome,deprioritize,false
HRS1_PERIOPERATIVE,pubmed:22581258,true,exposure|population|outcome,retain,true
HRS1_PERIOPERATIVE,pubmed:22788052,true,exposure|population|outcome,retain,true
HRS1_PERIOPERATIVE,pubmed:22906201,true,exposure|population|outcome,retain,true
HRS1_PERIOPERATIVE,pubmed:22939643,false,exposure|population,retain,false
HRS1_PERIOPERATIVE,pubmed:22943356,true,exposure|population|outcome,deprioritize,false
HRS1_PERIOPERATIVE,pubmed:23044161,true,exposure|population|outcome,retain,true
HRS1_PERIOPERATIVE,pubmed:23128104,true,exposure|population|outcome,retain,true
HRS1_PERIOPERATIVE,pubmed:23163143,false,population|outcome,retain,false
HRS1_PERIOPERATIVE,pubmed:23262963,true,exposure|population|outcome,deprioritize,false
HRS1_PERIOPERATIVE,pubmed:23420598,false,,deprioritize,false
HRS1_PERIOPERATIVE,pubmed:23510951,false,population,retain,false
HRS1_PERIOPERATIVE,pubmed:23724529,false,outcome,retain,false
HRS1_PERIOPERATIVE,pubmed:23829573,false,population|outcome,deprioritize,false
HRS1_PERIOPERATIVE,pubmed:23867209,true,exposure|population|outcome,retain,true
HRS1_PERIOPERATIVE,pubmed:24039820,true,exposure|population|outcome,retain,true
HRS1_PERIOPERATIVE,pubmed:24085049,false,,uncertain,false
HRS1_PERIOPERATIVE,pubmed:243856,false,,deprioritize,false
HRS1_PERIOPERATIVE,pubmed:24462651,false,population|outcome,uncertain,false
HRS1_PERIOPERATIVE,pubmed:24488003,true,exposure|population|outcome,retain,true
HRS1_PERIOPERATIVE,pubmed:24587663,true,exposure|population|outcome,retain,true
HRS1_PERIOPERATIVE,pubmed:24992796,true,exposure|population|outcome,retain,true
HRS1_PERIOPERATIVE,pubmed:24993438,true,exposure|population|outcome,retain,true
HRS1_PERIOPERATIVE,pubmed:24996802,true,exposure|population|outcome,deprioritize,false
HRS1_PERIOPERATIVE,pubmed:25106547,false,population|outcome,retain,false
HRS1_PERIOPERATIVE,pubmed:25140597,false,exposure|population,retain,false
HRS1_PERIOPERATIVE,pubmed:25199335,true,exposure|population|outcome,retain,true
HRS1_PERIOPERATIVE,pubmed:25264330,true,exposure|population|outcome,deprioritize,false
HRS1_PERIOPERATIVE,pubmed:25309668,false,exposure|population,retain,false
HRS1_PERIOPERATIVE,pubmed:25312751,false,population|outcome,retain,false
HRS1_PERIOPERATIVE,pubmed:25486915,true,exposure|population|outcome,retain,true
HRS1_PERIOPERATIVE,pubmed:25847559,false,exposure|population,retain,false
HRS1_PERIOPERATIVE,pubmed:25892528,false,population|outcome,retain,false
HRS1_PERIOPERATIVE,pubmed:26123286,true,exposure|population|outcome,retain,true
HRS1_PERIOPERATIVE,pubmed:26342151,true,exposure|population|outcome,retain,true
HRS1_PERIOPERATIVE,pubmed:26467546,false,exposure|population,retain,false
HRS1_PERIOPERATIVE,pubmed:26826922,true,exposure|population|outcome,retain,true
HRS1_PERIOPERATIVE,pubmed:27119920,true,exposure|population|outcome,retain,true
HRS1_PERIOPERATIVE,pubmed:27286046,false,exposure|population,retain,false
HRS1_PERIOPERATIVE,pubmed:27461168,true,exposure|population|outcome,retain,true
HRS1_PERIOPERATIVE,pubmed:27610010,true,exposure|population|outcome,deprioritize,false
HRS1_PERIOPERATIVE,pubmed:27658661,false,population,deprioritize,false
HRS1_PERIOPERATIVE,pubmed:27751305,true,exposure|population|outcome,retain,true
HRS1_PERIOPERATIVE,pubmed:27829428,false,population|outcome,deprioritize,false
HRS1_PERIOPERATIVE,pubmed:27876239,false,exposure|outcome,deprioritize,false
HRS1_PERIOPERATIVE,pubmed:27878352,true,exposure|population|outcome,retain,true
HRS1_PERIOPERATIVE,pubmed:28007717,true,exposure|population|outcome,retain,true
HRS1_PERIOPERATIVE,pubmed:2842680,true,exposure|population|outcome,retain,true
HRS1_PERIOPERATIVE,pubmed:28460624,true,exposure|population|outcome,deprioritize,false
HRS1_PERIOPERATIVE,pubmed:28724657,false,exposure|outcome,retain,false
HRS1_PERIOPERATIVE,pubmed:28914190,true,exposure|population|outcome,retain,true
HRS1_PERIOPERATIVE,pubmed:29395485,false,exposure|outcome,retain,false
HRS1_PERIOPERATIVE,pubmed:29546292,false,exposure|population,retain,false
HRS1_PERIOPERATIVE,pubmed:29627068,true,exposure|population|outcome,retain,true
HRS1_PERIOPERATIVE,pubmed:29667233,false,population|outcome,retain,false
HRS1_PERIOPERATIVE,pubmed:29856175,false,population,retain,false
HRS1_PERIOPERATIVE,pubmed:29880619,false,exposure|outcome,deprioritize,false
HRS1_PERIOPERATIVE,pubmed:29882344,false,outcome,retain,false
HRS1_PERIOPERATIVE,pubmed:29888990,true,exposure|population|outcome,retain,true
HRS1_PERIOPERATIVE,pubmed:30013020,true,exposure|population|outcome,retain,true
HRS1_PERIOPERATIVE,pubmed:30017873,false,population,retain,false
HRS1_PERIOPERATIVE,pubmed:30110009,false,population,deprioritize,false
HRS1_PERIOPERATIVE,pubmed:30232527,true,exposure|population|outcome,retain,true
HRS1_PERIOPERATIVE,pubmed:30309814,true,exposure|population|outcome,uncertain,false
HRS1_PERIOPERATIVE,pubmed:30334261,false,exposure|population,retain,false
HRS1_PERIOPERATIVE,pubmed:30351804,true,exposure|population|outcome,retain,true
HRS1_PERIOPERATIVE,pubmed:30431563,true,exposure|population|outcome,retain,true
HRS1_PERIOPERATIVE,pubmed:30461638,false,exposure|population,deprioritize,false
HRS1_PERIOPERATIVE,pubmed:30528849,false,exposure|population,retain,false
HRS1_PERIOPERATIVE,pubmed:30571332,true,exposure|population|outcome,retain,true
HRS1_PERIOPERATIVE,pubmed:30648494,true,exposure|population|outcome,deprioritize,false
HRS1_PERIOPERATIVE,pubmed:30925514,true,exposure|population|outcome,retain,true
HRS1_PERIOPERATIVE,pubmed:31094086,false,exposure|outcome,deprioritize,false
HRS1_PERIOPERATIVE,pubmed:31186035,false,exposure|outcome,deprioritize,false
HRS1_PERIOPERATIVE,pubmed:31475045,true,exposure|population|outcome,retain,true
HRS1_PERIOPERATIVE,pubmed:31535811,true,exposure|population|outcome,retain,true
HRS1_PERIOPERATIVE,pubmed:31537438,true,exposure|population|outcome,retain,true
HRS1_PERIOPERATIVE,pubmed:31577540,false,exposure|population,retain,false
HRS1_PERIOPERATIVE,pubmed:31580814,true,exposure|population|outcome,retain,true
HRS1_PERIOPERATIVE,pubmed:31605493,true,exposure|population|outcome,retain,true
HRS1_PERIOPERATIVE,pubmed:31870899,false,exposure|outcome,deprioritize,false
HRS1_PERIOPERATIVE,pubmed:32201122,false,exposure|population,deprioritize,false
HRS1_PERIOPERATIVE,pubmed:32252936,false,exposure,deprioritize,false
HRS1_PERIOPERATIVE,pubmed:32398461,true,exposure|population|outcome,retain,true
HRS1_PERIOPERATIVE,pubmed:32442096,true,exposure|population|outcome,retain,true
HRS1_PERIOPERATIVE,pubmed:32487501,true,exposure|population|outcome,retain,true
HRS1_PERIOPERATIVE,pubmed:32545511,false,exposure,deprioritize,false
HRS1_PERIOPERATIVE,pubmed:32659245,true,exposure|population|outcome,retain,true
HRS1_PERIOPERATIVE,pubmed:32691389,true,exposure|population|outcome,retain,true
HRS1_PERIOPERATIVE,pubmed:32748472,true,exposure|population|outcome,retain,true
HRS1_PERIOPERATIVE,pubmed:32769964,false,exposure|outcome,retain,false
HRS1_PERIOPERATIVE,pubmed:32842823,false,exposure|outcome,deprioritize,false
HRS1_PERIOPERATIVE,pubmed:32901242,false,population,deprioritize,false
HRS1_PERIOPERATIVE,pubmed:33053814,false,exposure|population,retain,false
HRS1_PERIOPERATIVE,pubmed:33218878,false,exposure|population,retain,false
HRS1_PERIOPERATIVE,pubmed:33261258,true,exposure|population|outcome,retain,true
HRS1_PERIOPERATIVE,pubmed:33350724,false,exposure|population,retain,false
HRS1_PERIOPERATIVE,pubmed:33450748,true,exposure|population|outcome,deprioritize,false
HRS1_PERIOPERATIVE,pubmed:33731638,false,exposure|outcome,deprioritize,false
HRS1_PERIOPERATIVE,pubmed:3393932,false,exposure|population,deprioritize,false
HRS1_PERIOPERATIVE,pubmed:33965294,true,exposure|population|outcome,retain,true
HRS1_PERIOPERATIVE,pubmed:34184927,true,exposure|population|outcome,retain,true
HRS1_PERIOPERATIVE,pubmed:34232163,true,exposure|population|outcome,retain,true
HRS1_PERIOPERATIVE,pubmed:34411017,true,exposure|population|outcome,retain,true
HRS1_PERIOPERATIVE,pubmed:3443716,false,exposure|outcome,deprioritize,false
HRS1_PERIOPERATIVE,pubmed:34559371,true,exposure|population|outcome,retain,true
HRS1_PERIOPERATIVE,pubmed:34686401,true,exposure|population|outcome,retain,true
HRS1_PERIOPERATIVE,pubmed:34710946,true,exposure|population|outcome,retain,true
HRS1_PERIOPERATIVE,pubmed:34844500,false,exposure|outcome,retain,false
HRS1_PERIOPERATIVE,pubmed:34859459,true,exposure|population|outcome,retain,true
HRS1_PERIOPERATIVE,pubmed:35063205,true,exposure|population|outcome,retain,true
HRS1_PERIOPERATIVE,pubmed:35085018,false,population|outcome,deprioritize,false
HRS1_PERIOPERATIVE,pubmed:35283042,true,exposure|population|outcome,retain,true
HRS1_PERIOPERATIVE,pubmed:35317870,true,exposure|population|outcome,retain,true
HRS1_PERIOPERATIVE,pubmed:35382835,false,exposure|population,deprioritize,false
HRS1_PERIOPERATIVE,pubmed:35392839,true,exposure|population|outcome,retain,true
HRS1_PERIOPERATIVE,pubmed:35417958,true,exposure|population|outcome,retain,true
HRS1_PERIOPERATIVE,pubmed:35779783,false,exposure|outcome,deprioritize,false
HRS1_PERIOPERATIVE,pubmed:35877927,true,exposure|population|outcome,deprioritize,false
HRS1_PERIOPERATIVE,pubmed:36054262,true,exposure|population|outcome,deprioritize,false
HRS1_PERIOPERATIVE,pubmed:36107525,true,exposure|population|outcome,retain,true
HRS1_PERIOPERATIVE,pubmed:36182059,false,exposure|outcome,deprioritize,false
HRS1_PERIOPERATIVE,pubmed:36476355,false,population|outcome,deprioritize,false
HRS1_PERIOPERATIVE,pubmed:36580029,true,exposure|population|outcome,retain,true
HRS1_PERIOPERATIVE,pubmed:36611148,true,exposure|population|outcome,retain,true
HRS1_PERIOPERATIVE,pubmed:36735455,true,exposure|population|outcome,retain,true
HRS1_PERIOPERATIVE,pubmed:36966086,true,exposure|population|outcome,deprioritize,false
HRS1_PERIOPERATIVE,pubmed:37450384,false,exposure|population,retain,false
HRS1_PERIOPERATIVE,pubmed:37565875,true,exposure|population|outcome,deprioritize,false
HRS1_PERIOPERATIVE,pubmed:37625454,true,exposure|population|outcome,retain,true
HRS1_PERIOPERATIVE,pubmed:37634077,true,exposure|population|outcome,retain,true
HRS1_PERIOPERATIVE,pubmed:37658611,false,exposure|outcome,deprioritize,false
HRS1_PERIOPERATIVE,pubmed:37729964,false,exposure|population,retain,false
HRS1_PERIOPERATIVE,pubmed:37858617,false,population,deprioritize,false
HRS1_PERIOPERATIVE,pubmed:37904349,true,exposure|population|outcome,retain,true
HRS1_PERIOPERATIVE,pubmed:38502819,false,population,deprioritize,false
HRS1_PERIOPERATIVE,pubmed:38613937,true,exposure|population|outcome,retain,true
HRS1_PERIOPERATIVE,pubmed:38735483,true,exposure|population|outcome,retain,true
HRS1_PERIOPERATIVE,pubmed:38776147,false,population,deprioritize,false
HRS1_PERIOPERATIVE,pubmed:38847768,true,exposure|population|outcome,retain,true
HRS1_PERIOPERATIVE,pubmed:38886787,false,exposure|outcome,deprioritize,false
HRS1_PERIOPERATIVE,pubmed:39066774,false,population,deprioritize,false
HRS1_PERIOPERATIVE,pubmed:39141633,true,exposure|population|outcome,deprioritize,false
HRS1_PERIOPERATIVE,pubmed:39400653,false,population|outcome,deprioritize,false
HRS1_PERIOPERATIVE,pubmed:39548553,true,exposure|population|outcome,retain,true
HRS1_PERIOPERATIVE,pubmed:39817823,true,exposure|population|outcome,retain,true
HRS1_PERIOPERATIVE,pubmed:39931805,true,exposure|population|outcome,retain,true
HRS1_PERIOPERATIVE,pubmed:40043583,true,exposure|population|outcome,retain,true
HRS1_PERIOPERATIVE,pubmed:40189047,true,exposure|population|outcome,retain,true
HRS1_PERIOPERATIVE,pubmed:40495208,true,exposure|population|outcome,retain,true
HRS1_PERIOPERATIVE,pubmed:40695569,true,exposure|population|outcome,retain,true
HRS1_PERIOPERATIVE,pubmed:40793826,true,exposure|population|outcome,retain,true
HRS1_PERIOPERATIVE,pubmed:40981164,false,population,deprioritize,false
HRS1_PERIOPERATIVE,pubmed:41003992,false,exposure|population,retain,false
HRS1_PERIOPERATIVE,pubmed:41034912,true,exposure|population|outcome,retain,true
HRS1_PERIOPERATIVE,pubmed:41076308,false,population|outcome,deprioritize,false
HRS1_PERIOPERATIVE,pubmed:41133518,false,exposure|population,retain,false
HRS1_PERIOPERATIVE,pubmed:41192763,false,exposure|population,retain,false
HRS1_PERIOPERATIVE,pubmed:41553229,false,population,deprioritize,false
HRS1_PERIOPERATIVE,pubmed:42037222,false,population|outcome,retain,false
HRS1_PERIOPERATIVE,pubmed:42341514,false,exposure|outcome,retain,false
HRS1_PERIOPERATIVE,pubmed:4402736,false,population,deprioritize,false
HRS1_PERIOPERATIVE,pubmed:4532204,false,,deprioritize,false
HRS1_PERIOPERATIVE,pubmed:4631363,false,population,deprioritize,false
HRS1_PERIOPERATIVE,pubmed:4719819,false,population,uncertain,false
HRS1_PERIOPERATIVE,pubmed:5954926,false,population,deprioritize,false
HRS1_PERIOPERATIVE,pubmed:6348818,false,exposure|population,retain,false
HRS1_PERIOPERATIVE,pubmed:825361,false,population,retain,false
HRS1_PERIOPERATIVE,pubmed:9549914,false,population,deprioritize,false
HRS1_PERIOPERATIVE,pubmed:9549917,false,exposure|population,deprioritize,false
HRS2_KIDNEY_DISEASE,pubmed:11422925,true,exposure|population|outcome,retain,true
HRS2_KIDNEY_DISEASE,pubmed:11877593,true,exposure|population|outcome,retain,true
HRS2_KIDNEY_DISEASE,pubmed:14535226,true,exposure|population|outcome,retain,true
HRS2_KIDNEY_DISEASE,pubmed:14690253,true,exposure|population|outcome,retain,true
HRS2_KIDNEY_DISEASE,pubmed:15821423,true,exposure|population|outcome,retain,true
HRS2_KIDNEY_DISEASE,pubmed:16053010,true,exposure|population|outcome,retain,true
HRS2_KIDNEY_DISEASE,pubmed:16581343,true,exposure|population|outcome,retain,true
HRS2_KIDNEY_DISEASE,pubmed:17720098,true,exposure|population|outcome,retain,true
HRS2_KIDNEY_DISEASE,pubmed:18845368,true,exposure|population|outcome,retain,true
HRS2_KIDNEY_DISEASE,pubmed:19176796,true,exposure|population|outcome,retain,true
HRS2_KIDNEY_DISEASE,pubmed:19359080,true,exposure|population|outcome,retain,true
HRS2_KIDNEY_DISEASE,pubmed:19696220,true,exposure|population|outcome,retain,true
HRS2_KIDNEY_DISEASE,pubmed:19715929,true,exposure|population|outcome,retain,true
HRS2_KIDNEY_DISEASE,pubmed:19816042,true,exposure|population|outcome,retain,true
HRS2_KIDNEY_DISEASE,pubmed:20089499,true,exposure|population|outcome,retain,true
HRS2_KIDNEY_DISEASE,pubmed:20089502,true,exposure|population|outcome,retain,true
HRS2_KIDNEY_DISEASE,pubmed:20194238,true,exposure|population|outcome,retain,true
HRS2_KIDNEY_DISEASE,pubmed:20196499,true,exposure|population|outcome,retain,true
HRS2_KIDNEY_DISEASE,pubmed:20298505,true,exposure|population|outcome,deprioritize,false
HRS2_KIDNEY_DISEASE,pubmed:20533155,false,population|outcome,retain,false
HRS2_KIDNEY_DISEASE,pubmed:20586941,true,exposure|population|outcome,retain,true
HRS2_KIDNEY_DISEASE,pubmed:20851307,true,exposure|population|outcome,retain,true
HRS2_KIDNEY_DISEASE,pubmed:21323790,true,exposure|population|outcome,retain,true
HRS2_KIDNEY_DISEASE,pubmed:21543028,true,exposure|population|outcome,retain,true
HRS2_KIDNEY_DISEASE,pubmed:21546836,true,exposure|population|outcome,retain,true
HRS2_KIDNEY_DISEASE,pubmed:21617120,false,exposure|population,retain,false
HRS2_KIDNEY_DISEASE,pubmed:21843148,true,exposure|population|outcome,retain,true
HRS2_KIDNEY_DISEASE,pubmed:22178174,true,exposure|population|outcome,retain,true
HRS2_KIDNEY_DISEASE,pubmed:22536772,true,exposure|population|outcome,retain,true
HRS2_KIDNEY_DISEASE,pubmed:22550196,true,exposure|population|outcome,retain,true
HRS2_KIDNEY_DISEASE,pubmed:22652728,true,exposure|population|outcome,retain,true
HRS2_KIDNEY_DISEASE,pubmed:22669774,true,exposure|population|outcome,deprioritize,false
HRS2_KIDNEY_DISEASE,pubmed:22695899,true,exposure|population|outcome,retain,true
HRS2_KIDNEY_DISEASE,pubmed:22786510,true,exposure|population|outcome,retain,true
HRS2_KIDNEY_DISEASE,pubmed:22837272,true,exposure|population|outcome,retain,true
HRS2_KIDNEY_DISEASE,pubmed:22962411,true,exposure|population|outcome,retain,true
HRS2_KIDNEY_DISEASE,pubmed:23626678,true,exposure|population|outcome,retain,true
HRS2_KIDNEY_DISEASE,pubmed:23664686,false,exposure|outcome,retain,false
HRS2_KIDNEY_DISEASE,pubmed:23703822,true,exposure|population|outcome,retain,true
HRS2_KIDNEY_DISEASE,pubmed:23855149,false,outcome,retain,false
HRS2_KIDNEY_DISEASE,pubmed:24241095,true,exposure|population|outcome,retain,true
HRS2_KIDNEY_DISEASE,pubmed:24290246,true,exposure|population|outcome,retain,true
HRS2_KIDNEY_DISEASE,pubmed:24646518,true,exposure|population|outcome,retain,true
HRS2_KIDNEY_DISEASE,pubmed:24665660,true,exposure|population|outcome,retain,true
HRS2_KIDNEY_DISEASE,pubmed:24862489,true,exposure|population|outcome,deprioritize,false
HRS2_KIDNEY_DISEASE,pubmed:25317905,false,population|outcome,retain,false
HRS2_KIDNEY_DISEASE,pubmed:25599730,true,exposure|population|outcome,retain,true
HRS2_KIDNEY_DISEASE,pubmed:25609654,true,exposure|population|outcome,retain,true
HRS2_KIDNEY_DISEASE,pubmed:25746727,true,exposure|population|outcome,retain,true
HRS2_KIDNEY_DISEASE,pubmed:25770176,true,exposure|population|outcome,retain,true
HRS2_KIDNEY_DISEASE,pubmed:25874904,true,exposure|population|outcome,retain,true
HRS2_KIDNEY_DISEASE,pubmed:25884981,true,exposure|population|outcome,retain,true
HRS2_KIDNEY_DISEASE,pubmed:26211501,true,exposure|population|outcome,retain,true
HRS2_KIDNEY_DISEASE,pubmed:26239363,true,exposure|population|outcome,deprioritize,false
HRS2_KIDNEY_DISEASE,pubmed:26498106,true,exposure|population|outcome,retain,true
HRS2_KIDNEY_DISEASE,pubmed:26757660,false,outcome,uncertain,false
HRS2_KIDNEY_DISEASE,pubmed:26786148,true,exposure|population|outcome,deprioritize,false
HRS2_KIDNEY_DISEASE,pubmed:27514606,true,exposure|population|outcome,retain,true
HRS2_KIDNEY_DISEASE,pubmed:27791225,true,exposure|population|outcome,retain,true
HRS2_KIDNEY_DISEASE,pubmed:27858927,true,exposure|population|outcome,retain,true
HRS2_KIDNEY_DISEASE,pubmed:27903997,true,exposure|population|outcome,retain,true
HRS2_KIDNEY_DISEASE,pubmed:27923526,true,exposure|population|outcome,retain,true
HRS2_KIDNEY_DISEASE,pubmed:27928454,true,exposure|population|outcome,retain,true
HRS2_KIDNEY_DISEASE,pubmed:28001186,true,exposure|population|outcome,retain,true
HRS2_KIDNEY_DISEASE,pubmed:28160765,true,exposure|population|outcome,retain,true
HRS2_KIDNEY_DISEASE,pubmed:28271466,true,exposure|population|outcome,deprioritize,false
HRS2_KIDNEY_DISEASE,pubmed:28346348,true,exposure|population|outcome,retain,true
HRS2_KIDNEY_DISEASE,pubmed:28375181,true,exposure|population|outcome,retain,true
HRS2_KIDNEY_DISEASE,pubmed:28574937,false,exposure|outcome,deprioritize,false
HRS2_KIDNEY_DISEASE,pubmed:29484540,true,exposure|population|outcome,retain,true
HRS2_KIDNEY_DISEASE,pubmed:29779028,true,exposure|population|outcome,deprioritize,false
HRS2_KIDNEY_DISEASE,pubmed:29961059,true,exposure|population|outcome,retain,true
HRS2_KIDNEY_DISEASE,pubmed:30056379,true,exposure|population|outcome,retain,true
HRS2_KIDNEY_DISEASE,pubmed:30125457,true,exposure|population|outcome,retain,true
HRS2_KIDNEY_DISEASE,pubmed:30181461,true,exposure|population|outcome,retain,true
HRS2_KIDNEY_DISEASE,pubmed:30229462,false,population|outcome,deprioritize,false
HRS2_KIDNEY_DISEASE,pubmed:30642029,true,exposure|population|outcome,retain,true
HRS2_KIDNEY_DISEASE,pubmed:30684283,true,exposure|population|outcome,retain,true
HRS2_KIDNEY_DISEASE,pubmed:31092669,true,exposure|population|outcome,retain,true
HRS2_KIDNEY_DISEASE,pubmed:31425172,true,exposure|population|outcome,deprioritize,false
HRS2_KIDNEY_DISEASE,pubmed:31581752,true,exposure|population|outcome,retain,true
HRS2_KIDNEY_DISEASE,pubmed:31585781,true,exposure|population|outcome,retain,true
HRS2_KIDNEY_DISEASE,pubmed:31829927,true,exposure|population|outcome,retain,true
HRS2_KIDNEY_DISEASE,pubmed:31928802,true,exposure|population|outcome,retain,true
HRS2_KIDNEY_DISEASE,pubmed:31996592,true,exposure|population|outcome,retain,true
HRS2_KIDNEY_DISEASE,pubmed:32162241,true,exposure|population|outcome,retain,true
HRS2_KIDNEY_DISEASE,pubmed:32659245,true,exposure|population|outcome,retain,true
HRS2_KIDNEY_DISEASE,pubmed:33121637,true,exposure|population|outcome,retain,true
HRS2_KIDNEY_DISEASE,pubmed:33142717,true,exposure|population|outcome,retain,true
HRS2_KIDNEY_DISEASE,pubmed:33367869,true,exposure|population|outcome,retain,true
HRS2_KIDNEY_DISEASE,pubmed:33597108,true,exposure|population|outcome,retain,true
HRS2_KIDNEY_DISEASE,pubmed:34155082,true,exposure|population|outcome,retain,true
HRS2_KIDNEY_DISEASE,pubmed:34254256,true,exposure|population|outcome,retain,true
HRS2_KIDNEY_DISEASE,pubmed:34286806,true,exposure|population|outcome,retain,true
HRS2_KIDNEY_DISEASE,pubmed:34343992,true,exposure|population|outcome,retain,true
HRS2_KIDNEY_DISEASE,pubmed:34378863,true,exposure|population|outcome,retain,true
HRS2_KIDNEY_DISEASE,pubmed:34469084,true,exposure|population|outcome,retain,true
HRS2_KIDNEY_DISEASE,pubmed:34578879,true,exposure|population|outcome,retain,true
HRS2_KIDNEY_DISEASE,pubmed:34669303,true,exposure|population|outcome,retain,true
HRS2_KIDNEY_DISEASE,pubmed:34704483,true,exposure|population|outcome,retain,true
HRS2_KIDNEY_DISEASE,pubmed:34740538,true,exposure|population|outcome,retain,true
HRS2_KIDNEY_DISEASE,pubmed:34802788,true,exposure|population|outcome,retain,true
HRS2_KIDNEY_DISEASE,pubmed:34905018,true,exposure|population|outcome,retain,true
HRS2_KIDNEY_DISEASE,pubmed:35011106,true,exposure|population|outcome,retain,true
HRS2_KIDNEY_DISEASE,pubmed:35073986,true,exposure|population|outcome,retain,true
HRS2_KIDNEY_DISEASE,pubmed:35597332,true,exposure|population|outcome,retain,true
HRS2_KIDNEY_DISEASE,pubmed:35609996,true,exposure|population|outcome,retain,true
HRS2_KIDNEY_DISEASE,pubmed:35745210,true,exposure|population|outcome,retain,true
HRS2_KIDNEY_DISEASE,pubmed:36041061,true,exposure|population|outcome,deprioritize,false
HRS2_KIDNEY_DISEASE,pubmed:36749131,true,exposure|population|outcome,retain,true
HRS2_KIDNEY_DISEASE,pubmed:37202214,true,exposure|population|outcome,retain,true
HRS2_KIDNEY_DISEASE,pubmed:37408329,true,exposure|population|outcome,retain,true
HRS2_KIDNEY_DISEASE,pubmed:37870148,true,exposure|population|outcome,retain,true
HRS2_KIDNEY_DISEASE,pubmed:38056999,true,exposure|population|outcome,retain,true
HRS2_KIDNEY_DISEASE,pubmed:38128853,true,exposure|population|outcome,retain,true
HRS2_KIDNEY_DISEASE,pubmed:38199618,true,exposure|population|outcome,retain,true
HRS2_KIDNEY_DISEASE,pubmed:38728008,true,exposure|population|outcome,retain,true
HRS2_KIDNEY_DISEASE,pubmed:38810556,true,exposure|population|outcome,retain,true
HRS2_KIDNEY_DISEASE,pubmed:38893451,false,population,retain,false
HRS2_KIDNEY_DISEASE,pubmed:38931153,true,exposure|population|outcome,retain,true
HRS2_KIDNEY_DISEASE,pubmed:39436083,true,exposure|population|outcome,retain,true
HRS2_KIDNEY_DISEASE,pubmed:39639196,true,exposure|population|outcome,retain,true
HRS2_KIDNEY_DISEASE,pubmed:39826005,true,exposure|population|outcome,retain,true
HRS2_KIDNEY_DISEASE,pubmed:40011815,true,exposure|population|outcome,retain,true
HRS2_KIDNEY_DISEASE,pubmed:40259348,true,exposure|population|outcome,retain,true
HRS2_KIDNEY_DISEASE,pubmed:40381110,true,exposure|population|outcome,retain,true
HRS2_KIDNEY_DISEASE,pubmed:40435579,true,exposure|population|outcome,retain,true
HRS2_KIDNEY_DISEASE,pubmed:40594210,true,exposure|population|outcome,retain,true
HRS2_KIDNEY_DISEASE,pubmed:40690436,true,exposure|population|outcome,retain,true
HRS2_KIDNEY_DISEASE,pubmed:41032243,true,exposure|population|outcome,retain,true
HRS2_KIDNEY_DISEASE,pubmed:41201837,true,exposure|population|outcome,retain,true
HRS2_KIDNEY_DISEASE,pubmed:41367906,false,exposure|outcome,retain,false
HRS2_KIDNEY_DISEASE,pubmed:41683304,true,exposure|population|outcome,retain,true
HRS2_KIDNEY_DISEASE,pubmed:41692069,true,exposure|population|outcome,retain,true
HRS2_KIDNEY_DISEASE,pubmed:41813705,true,exposure|population|outcome,retain,true
HRS2_KIDNEY_DISEASE,pubmed:41851014,true,exposure|population|outcome,retain,true
HRS2_KIDNEY_DISEASE,pubmed:41933167,true,exposure|population|outcome,retain,true
HRS2_KIDNEY_DISEASE,pubmed:41961655,true,exposure|population|outcome,retain,true
HRS3_PREGNANCY,pubmed:10221607,true,exposure|population|outcome,retain,true
HRS3_PREGNANCY,pubmed:10565401,false,exposure|outcome,deprioritize,false
HRS3_PREGNANCY,pubmed:10597956,true,exposure|population|outcome,retain,true
HRS3_PREGNANCY,pubmed:10597957,true,exposure|population|outcome,retain,true
HRS3_PREGNANCY,pubmed:10618814,false,exposure|outcome,deprioritize,false
HRS3_PREGNANCY,pubmed:10632957,true,exposure|population|outcome,retain,true
HRS3_PREGNANCY,pubmed:10791559,true,exposure|population|outcome,deprioritize,false
HRS3_PREGNANCY,pubmed:10797835,true,exposure|population|outcome,retain,true
HRS3_PREGNANCY,pubmed:10799405,true,exposure|population|outcome,retain,true
HRS3_PREGNANCY,pubmed:10799410,true,exposure|population|outcome,retain,true
HRS3_PREGNANCY,pubmed:10799411,true,exposure|population|outcome,retain,true
HRS3_PREGNANCY,pubmed:11246572,false,exposure|outcome,retain,false
HRS3_PREGNANCY,pubmed:11389365,false,exposure|outcome,deprioritize,false
HRS3_PREGNANCY,pubmed:11710548,false,population|outcome,retain,false
HRS3_PREGNANCY,pubmed:11986454,true,exposure|population|outcome,retain,true
HRS3_PREGNANCY,pubmed:12069403,true,exposure|population|outcome,retain,true
HRS3_PREGNANCY,pubmed:12577128,true,exposure|population|outcome,retain,true
HRS3_PREGNANCY,pubmed:12589608,true,exposure|population|outcome,retain,true
HRS3_PREGNANCY,pubmed:12592417,true,exposure|population|outcome,retain,true
HRS3_PREGNANCY,pubmed:12636950,true,exposure|population|outcome,retain,true
HRS3_PREGNANCY,pubmed:12790884,true,exposure|population|outcome,retain,true
HRS3_PREGNANCY,pubmed:1290771,true,exposure|population|outcome,deprioritize,false
HRS3_PREGNANCY,pubmed:12910485,true,exposure|population|outcome,retain,true
HRS3_PREGNANCY,pubmed:12927015,false,population|outcome,retain,false
HRS3_PREGNANCY,pubmed:13053202,false,exposure|population,retain,false
HRS3_PREGNANCY,pubmed:13236236,false,exposure|population,retain,false
HRS3_PREGNANCY,pubmed:13907465,false,exposure|population,retain,false
HRS3_PREGNANCY,pubmed:14531887,false,exposure,deprioritize,false
HRS3_PREGNANCY,pubmed:14662212,false,exposure|outcome,retain,false
HRS3_PREGNANCY,pubmed:14755429,true,exposure|population|outcome,retain,true
HRS3_PREGNANCY,pubmed:15029739,true,exposure|population|outcome,retain,true
HRS3_PREGNANCY,pubmed:15097014,false,population|outcome,deprioritize,false
HRS3_PREGNANCY,pubmed:15123124,true,exposure|population|outcome,retain,true
HRS3_PREGNANCY,pubmed:15166109,true,exposure|population|outcome,retain,true
HRS3_PREGNANCY,pubmed:15357625,true,exposure|population|outcome,retain,true
HRS3_PREGNANCY,pubmed:15531434,true,exposure|population|outcome,retain,true
HRS3_PREGNANCY,pubmed:15615817,true,exposure|population|outcome,retain,true
HRS3_PREGNANCY,pubmed:15745642,true,exposure|population|outcome,retain,true
HRS3_PREGNANCY,pubmed:15802416,true,exposure|population|outcome,retain,true
HRS3_PREGNANCY,pubmed:15823690,false,exposure|outcome,deprioritize,false
HRS3_PREGNANCY,pubmed:15846695,true,exposure|population|outcome,retain,true
HRS3_PREGNANCY,pubmed:15846696,true,exposure|population|outcome,retain,true
HRS3_PREGNANCY,pubmed:15847033,true,exposure|population|outcome,retain,true
HRS3_PREGNANCY,pubmed:15850143,true,exposure|population|outcome,retain,true
HRS3_PREGNANCY,pubmed:15863553,true,exposure|population|outcome,retain,true
HRS3_PREGNANCY,pubmed:15894212,true,exposure|population|outcome,retain,true
HRS3_PREGNANCY,pubmed:15907654,true,exposure|population|outcome,deprioritize,false
HRS3_PREGNANCY,pubmed:15937944,true,exposure|population|outcome,retain,true
HRS3_PREGNANCY,pubmed:15985279,true,exposure|population|outcome,retain,true
HRS3_PREGNANCY,pubmed:16037648,true,exposure|population|outcome,retain,true
HRS3_PREGNANCY,pubmed:16168747,false,exposure|outcome,retain,false
HRS3_PREGNANCY,pubmed:16320666,true,exposure|population|outcome,retain,true
HRS3_PREGNANCY,pubmed:16325743,true,exposure|population|outcome,deprioritize,false
HRS3_PREGNANCY,pubmed:16492971,true,exposure|population|outcome,deprioritize,false
HRS3_PREGNANCY,pubmed:16511885,true,exposure|population|outcome,retain,true
HRS3_PREGNANCY,pubmed:16538237,true,exposure|population|outcome,retain,true
HRS3_PREGNANCY,pubmed:16625530,true,exposure|population|outcome,retain,true
HRS3_PREGNANCY,pubmed:16740440,false,exposure|population,retain,false
HRS3_PREGNANCY,pubmed:16763902,false,exposure|outcome,deprioritize,false
HRS3_PREGNANCY,pubmed:16901666,true,exposure|population|outcome,retain,true
HRS3_PREGNANCY,pubmed:16969438,true,exposure|population|outcome,retain,true
HRS3_PREGNANCY,pubmed:16988650,true,exposure|population|outcome,retain,true
HRS3_PREGNANCY,pubmed:17000569,true,exposure|population|outcome,retain,true
HRS3_PREGNANCY,pubmed:17022907,true,exposure|population|outcome,retain,true
HRS3_PREGNANCY,pubmed:17054223,true,exposure|population|outcome,retain,true
HRS3_PREGNANCY,pubmed:17103190,true,exposure|population|outcome,retain,true
HRS3_PREGNANCY,pubmed:17133404,true,exposure|population|outcome,retain,true
HRS3_PREGNANCY,pubmed:17194171,false,population|outcome,deprioritize,false
HRS3_PREGNANCY,pubmed:17299499,true,exposure|population|outcome,retain,true
HRS3_PREGNANCY,pubmed:17325558,false,exposure|outcome,retain,false
HRS3_PREGNANCY,pubmed:17472477,true,exposure|population|outcome,retain,true
HRS3_PREGNANCY,pubmed:17526463,true,exposure|population|outcome,retain,true
HRS3_PREGNANCY,pubmed:17889811,false,population|outcome,deprioritize,false
HRS3_PREGNANCY,pubmed:18064661,true,exposure|population|outcome,retain,true
HRS3_PREGNANCY,pubmed:18076885,true,exposure|population|outcome,retain,true
HRS3_PREGNANCY,pubmed:18088161,true,exposure|population|outcome,retain,true
HRS3_PREGNANCY,pubmed:18443550,false,exposure|outcome,deprioritize,false
HRS3_PREGNANCY,pubmed:18461244,true,exposure|population|outcome,retain,true
HRS3_PREGNANCY,pubmed:18467540,false,population,deprioritize,false
HRS3_PREGNANCY,pubmed:18482454,true,exposure|population|outcome,retain,true
HRS3_PREGNANCY,pubmed:18595980,true,exposure|population|outcome,retain,true
HRS3_PREGNANCY,pubmed:18941947,true,exposure|population|outcome,retain,true
HRS3_PREGNANCY,pubmed:18978170,true,exposure|population|outcome,retain,true
HRS3_PREGNANCY,pubmed:19056637,true,exposure|population|outcome,retain,true
HRS3_PREGNANCY,pubmed:19081432,true,exposure|population|outcome,retain,true
HRS3_PREGNANCY,pubmed:19096117,false,exposure|outcome,deprioritize,false
HRS3_PREGNANCY,pubmed:19219097,false,population|outcome,retain,false
HRS3_PREGNANCY,pubmed:19254990,false,exposure,retain,false
HRS3_PREGNANCY,pubmed:19270804,true,exposure|population|outcome,retain,true
HRS3_PREGNANCY,pubmed:19318940,true,exposure|population|outcome,retain,true
HRS3_PREGNANCY,pubmed:19476472,true,exposure|population|outcome,retain,true
HRS3_PREGNANCY,pubmed:19487083,true,exposure|population|outcome,retain,true
HRS3_PREGNANCY,pubmed:19527380,true,exposure|population|outcome,retain,true
HRS3_PREGNANCY,pubmed:19559066,false,exposure|outcome,deprioritize,false
HRS3_PREGNANCY,pubmed:19622956,true,exposure|population|outcome,retain,true
HRS3_PREGNANCY,pubmed:19804947,true,exposure|population|outcome,retain,true
HRS3_PREGNANCY,pubmed:20024603,true,exposure|population|outcome,retain,true
HRS3_PREGNANCY,pubmed:20027048,true,exposure|population|outcome,deprioritize,false
HRS3_PREGNANCY,pubmed:20089774,true,exposure|population|outcome,retain,true
HRS3_PREGNANCY,pubmed:20099994,true,exposure|population|outcome,retain,true
HRS3_PREGNANCY,pubmed:20128938,true,exposure|population|outcome,retain,true
HRS3_PREGNANCY,pubmed:20141666,false,population|outcome,retain,false
HRS3_PREGNANCY,pubmed:20180693,true,exposure|population|outcome,retain,true
HRS3_PREGNANCY,pubmed:20353456,true,exposure|population|outcome,retain,true
HRS3_PREGNANCY,pubmed:20368374,true,exposure|population|outcome,retain,true
HRS3_PREGNANCY,pubmed:20369151,true,exposure|population|outcome,retain,true
HRS3_PREGNANCY,pubmed:20381313,true,exposure|population|outcome,retain,true
HRS3_PREGNANCY,pubmed:20435345,true,exposure|population|outcome,retain,true
HRS3_PREGNANCY,pubmed:20504979,true,exposure|population|outcome,deprioritize,false
HRS3_PREGNANCY,pubmed:20980489,true,exposure|population|outcome,retain,true
HRS3_PREGNANCY,pubmed:21039913,true,exposure|population|outcome,retain,true
HRS3_PREGNANCY,pubmed:21252966,true,exposure|population|outcome,retain,true
HRS3_PREGNANCY,pubmed:21367581,true,exposure|population|outcome,retain,true
HRS3_PREGNANCY,pubmed:21424548,false,population|outcome,retain,false
HRS3_PREGNANCY,pubmed:21470265,true,exposure|population|outcome,retain,true
HRS3_PREGNANCY,pubmed:21470367,true,exposure|population|outcome,deprioritize,false
HRS3_PREGNANCY,pubmed:21481234,false,population|outcome,retain,false
HRS3_PREGNANCY,pubmed:21481821,true,exposure|population|outcome,deprioritize,false
HRS3_PREGNANCY,pubmed:21527433,true,exposure|population|outcome,retain,true
HRS3_PREGNANCY,pubmed:21544706,true,exposure|population|outcome,deprioritize,false
HRS3_PREGNANCY,pubmed:21597985,true,exposure|population|outcome,retain,true
HRS3_PREGNANCY,pubmed:21643774,false,exposure|outcome,deprioritize,false
HRS3_PREGNANCY,pubmed:21706518,true,exposure|population|outcome,retain,true
HRS3_PREGNANCY,pubmed:21838165,false,population,deprioritize,false
HRS3_PREGNANCY,pubmed:21895892,true,exposure|population|outcome,retain,true
HRS3_PREGNANCY,pubmed:21915935,true,exposure|population|outcome,retain,true
HRS3_PREGNANCY,pubmed:22002219,false,exposure|outcome,retain,false
HRS3_PREGNANCY,pubmed:22047825,true,exposure|population|outcome,retain,true
HRS3_PREGNANCY,pubmed:22056564,true,exposure|population|outcome,deprioritize,false
HRS3_PREGNANCY,pubmed:22059409,true,exposure|population|outcome,retain,true
HRS3_PREGNANCY,pubmed:22081889,true,exposure|population|outcome,retain,true
HRS3_PREGNANCY,pubmed:22235686,false,population|outcome,deprioritize,false
HRS3_PREGNANCY,pubmed:22269042,false,population|outcome,retain,false
HRS3_PREGNANCY,pubmed:22325302,true,exposure|population|outcome,retain,true
HRS3_PREGNANCY,pubmed:22327736,true,exposure|population|outcome,retain,true
HRS3_PREGNANCY,pubmed:22349090,false,population|outcome,retain,false
HRS3_PREGNANCY,pubmed:22369393,true,exposure|population|outcome,retain,true
HRS3_PREGNANCY,pubmed:22435354,true,exposure|population|outcome,retain,true
HRS3_PREGNANCY,pubmed:22659194,true,exposure|population|outcome,retain,true
HRS3_PREGNANCY,pubmed:22734580,true,exposure|population|outcome,retain,true
HRS3_PREGNANCY,pubmed:22771225,true,exposure|population|outcome,retain,true
HRS3_PREGNANCY,pubmed:22786531,true,exposure|population|outcome,retain,true
HRS3_PREGNANCY,pubmed:22900183,true,exposure|population|outcome,retain,true
HRS3_PREGNANCY,pubmed:22943726,false,exposure|population,retain,false
HRS3_PREGNANCY,pubmed:22951628,true,exposure|population|outcome,retain,true
HRS3_PREGNANCY,pubmed:23029616,false,population|outcome,deprioritize,false
HRS3_PREGNANCY,pubmed:23131462,true,exposure|population|outcome,retain,true
HRS3_PREGNANCY,pubmed:23152228,true,exposure|population|outcome,retain,true
HRS3_PREGNANCY,pubmed:23157584,false,exposure|outcome,retain,false
HRS3_PREGNANCY,pubmed:23205866,true,exposure|population|outcome,retain,true
HRS3_PREGNANCY,pubmed:232204,false,outcome,retain,false
HRS3_PREGNANCY,pubmed:23262963,true,exposure|population|outcome,retain,true
HRS3_PREGNANCY,pubmed:23268736,true,exposure|population|outcome,retain,true
HRS3_PREGNANCY,pubmed:23275017,true,exposure|population|outcome,retain,true
HRS3_PREGNANCY,pubmed:23342891,false,exposure|outcome,deprioritize,false
HRS3_PREGNANCY,pubmed:23350208,true,exposure|population|outcome,retain,true
HRS3_PREGNANCY,pubmed:23420136,false,exposure|outcome,retain,false
HRS3_PREGNANCY,pubmed:23435582,true,exposure|population|outcome,retain,true
HRS3_PREGNANCY,pubmed:23442391,true,exposure|population|outcome,retain,true
HRS3_PREGNANCY,pubmed:23539202,false,population|outcome,retain,false
HRS3_PREGNANCY,pubmed:23559082,true,exposure|population|outcome,retain,true
HRS3_PREGNANCY,pubmed:23578649,true,exposure|population|outcome,deprioritize,false
HRS3_PREGNANCY,pubmed:23587190,true,exposure|population|outcome,retain,true
HRS3_PREGNANCY,pubmed:23639938,true,exposure|population|outcome,retain,true
HRS3_PREGNANCY,pubmed:23684997,true,exposure|population|outcome,retain,true
HRS3_PREGNANCY,pubmed:23716465,true,exposure|population|outcome,retain,true
HRS3_PREGNANCY,pubmed:23815874,true,exposure|population|outcome,retain,true
HRS3_PREGNANCY,pubmed:24032278,true,exposure|population|outcome,retain,true
HRS3_PREGNANCY,pubmed:24054765,true,exposure|population|outcome,retain,true
HRS3_PREGNANCY,pubmed:24120698,true,exposure|population|outcome,retain,true
HRS3_PREGNANCY,pubmed:24164813,true,exposure|population|outcome,retain,true
HRS3_PREGNANCY,pubmed:24176229,true,exposure|population|outcome,deprioritize,false
HRS3_PREGNANCY,pubmed:24233255,true,exposure|population|outcome,retain,true
HRS3_PREGNANCY,pubmed:24277681,true,exposure|population|outcome,retain,true
HRS3_PREGNANCY,pubmed:24451224,true,exposure|population|outcome,retain,true
HRS3_PREGNANCY,pubmed:24535321,true,exposure|population|outcome,retain,true
HRS3_PREGNANCY,pubmed:24614387,true,exposure|population|outcome,retain,true
HRS3_PREGNANCY,pubmed:24642205,true,exposure|population|outcome,retain,true
HRS3_PREGNANCY,pubmed:24645773,false,outcome,deprioritize,false
HRS3_PREGNANCY,pubmed:24645975,false,outcome,deprioritize,false
HRS3_PREGNANCY,pubmed:24679067,true,exposure|population|outcome,retain,true
HRS3_PREGNANCY,pubmed:24686805,true,exposure|population|outcome,retain,true
HRS3_PREGNANCY,pubmed:24696187,true,exposure|population|outcome,retain,true
HRS3_PREGNANCY,pubmed:24720591,true,exposure|population|outcome,retain,true
HRS3_PREGNANCY,pubmed:24754328,true,exposure|population|outcome,retain,true
HRS3_PREGNANCY,pubmed:24762311,false,outcome,deprioritize,false
HRS3_PREGNANCY,pubmed:24806435,false,outcome,uncertain,false
HRS3_PREGNANCY,pubmed:24810692,true,exposure|population|outcome,retain,true
HRS3_PREGNANCY,pubmed:24975195,true,exposure|population|outcome,retain,true
HRS3_PREGNANCY,pubmed:25044451,true,exposure|population|outcome,retain,true
HRS3_PREGNANCY,pubmed:25093607,true,exposure|population|outcome,retain,true
HRS3_PREGNANCY,pubmed:25117752,true,exposure|population|outcome,retain,true
HRS3_PREGNANCY,pubmed:25180056,true,exposure|population|outcome,retain,true
HRS3_PREGNANCY,pubmed:25293764,true,exposure|population|outcome,retain,true
HRS3_PREGNANCY,pubmed:25398206,true,exposure|population|outcome,retain,true
HRS3_PREGNANCY,pubmed:25415364,true,exposure|population|outcome,retain,true
HRS3_PREGNANCY,pubmed:25424556,true,exposure|population|outcome,retain,true
HRS3_PREGNANCY,pubmed:25488886,true,exposure|population|outcome,retain,true
HRS3_PREGNANCY,pubmed:256028,false,population,retain,false
HRS3_PREGNANCY,pubmed:25866306,true,exposure|population|outcome,retain,true
HRS3_PREGNANCY,pubmed:25872115,false,outcome,retain,false
HRS3_PREGNANCY,pubmed:25971830,true,exposure|population|outcome,retain,true
HRS3_PREGNANCY,pubmed:26039815,true,exposure|population|outcome,retain,true
HRS3_PREGNANCY,pubmed:26099195,true,exposure|population|outcome,retain,true
HRS3_PREGNANCY,pubmed:26178749,true,exposure|population|outcome,retain,true
HRS3_PREGNANCY,pubmed:26198451,true,exposure|population|outcome,retain,true
HRS3_PREGNANCY,pubmed:26228703,false,population|outcome,retain,false
HRS3_PREGNANCY,pubmed:26240050,true,exposure|population|outcome,retain,true
HRS3_PREGNANCY,pubmed:26247661,true,exposure|population|outcome,retain,true
HRS3_PREGNANCY,pubmed:26280534,true,exposure|population|outcome,retain,true
HRS3_PREGNANCY,pubmed:26301282,false,exposure|population,retain,false
HRS3_PREGNANCY,pubmed:26334606,true,exposure|population|outcome,retain,true
HRS3_PREGNANCY,pubmed:26343254,true,exposure|population|outcome,retain,true
HRS3_PREGNANCY,pubmed:26343712,false,exposure|population,retain,false
HRS3_PREGNANCY,pubmed:26348751,true,exposure|population|outcome,retain,true
HRS3_PREGNANCY,pubmed:26374177,true,exposure|population|outcome,retain,true
HRS3_PREGNANCY,pubmed:26375995,true,exposure|population|outcome,deprioritize,false
HRS3_PREGNANCY,pubmed:26415762,true,exposure|population|outcome,retain,true
HRS3_PREGNANCY,pubmed:26441065,true,exposure|population|outcome,retain,true
HRS3_PREGNANCY,pubmed:26456736,true,exposure|population|outcome,retain,true
HRS3_PREGNANCY,pubmed:26457716,true,exposure|population|outcome,retain,true
HRS3_PREGNANCY,pubmed:26476891,true,exposure|population|outcome,retain,true
HRS3_PREGNANCY,pubmed:26482110,true,exposure|population|outcome,retain,true
HRS3_PREGNANCY,pubmed:26522344,true,exposure|population|outcome,retain,true
HRS3_PREGNANCY,pubmed:26601850,true,exposure|population|outcome,retain,true
HRS3_PREGNANCY,pubmed:26662928,true,exposure|population|outcome,retain,true
HRS3_PREGNANCY,pubmed:26732633,false,exposure|outcome,retain,false
HRS3_PREGNANCY,pubmed:26817380,true,exposure|population|outcome,deprioritize,false
HRS3_PREGNANCY,pubmed:26886241,true,exposure|population|outcome,retain,true
HRS3_PREGNANCY,pubmed:26900104,true,exposure|population|outcome,deprioritize,false
HRS3_PREGNANCY,pubmed:26901401,true,exposure|population|outcome,retain,true
HRS3_PREGNANCY,pubmed:26909852,true,exposure|population|outcome,retain,true
HRS3_PREGNANCY,pubmed:26944421,true,exposure|population|outcome,retain,true
HRS3_PREGNANCY,pubmed:26956254,true,exposure|population|outcome,retain,true
HRS3_PREGNANCY,pubmed:27211322,true,exposure|population|outcome,deprioritize,false
HRS3_PREGNANCY,pubmed:27246791,true,exposure|population|outcome,retain,true
HRS3_PREGNANCY,pubmed:27440542,true,exposure|population|outcome,retain,true
HRS3_PREGNANCY,pubmed:27540762,true,exposure|population|outcome,retain,true
HRS3_PREGNANCY,pubmed:27544544,true,exposure|population|outcome,retain,true
HRS3_PREGNANCY,pubmed:27571855,true,exposure|population|outcome,retain,true
HRS3_PREGNANCY,pubmed:27611852,false,exposure|population,deprioritize,false
HRS3_PREGNANCY,pubmed:27697077,false,population|outcome,retain,false
HRS3_PREGNANCY,pubmed:27716105,true,exposure|population|outcome,retain,true
HRS3_PREGNANCY,pubmed:27718306,true,exposure|population|outcome,retain,true
HRS3_PREGNANCY,pubmed:27720038,true,exposure|population|outcome,retain,true
HRS3_PREGNANCY,pubmed:27724923,true,exposure|population|outcome,retain,true
HRS3_PREGNANCY,pubmed:27754451,false,population|outcome,retain,false
HRS3_PREGNANCY,pubmed:27780751,false,population|outcome,retain,false
HRS3_PREGNANCY,pubmed:27888033,false,exposure|population,retain,false
HRS3_PREGNANCY,pubmed:28097361,false,exposure|outcome,retain,false
HRS3_PREGNANCY,pubmed:28097362,true,exposure|population|outcome,retain,true
HRS3_PREGNANCY,pubmed:28162128,true,exposure|population|outcome,retain,true
HRS3_PREGNANCY,pubmed:28188842,true,exposure|population|outcome,retain,true
HRS3_PREGNANCY,pubmed:28217829,true,exposure|population|outcome,retain,true
HRS3_PREGNANCY,pubmed:28336109,true,exposure|population|outcome,retain,true
HRS3_PREGNANCY,pubmed:28407219,true,exposure|population|outcome,retain,true
HRS3_PREGNANCY,pubmed:28486989,true,exposure|population|outcome,deprioritize,false
HRS3_PREGNANCY,pubmed:28495620,true,exposure|population|outcome,retain,true
HRS3_PREGNANCY,pubmed:28518221,true,exposure|population|outcome,deprioritize,false
HRS3_PREGNANCY,pubmed:28617257,true,exposure|population|outcome,retain,true
HRS3_PREGNANCY,pubmed:28693088,true,exposure|population|outcome,retain,true
HRS3_PREGNANCY,pubmed:28724657,true,exposure|population|outcome,retain,true
HRS3_PREGNANCY,pubmed:28818086,true,exposure|population|outcome,retain,true
HRS3_PREGNANCY,pubmed:28934093,true,exposure|population|outcome,retain,true
HRS3_PREGNANCY,pubmed:28938431,true,exposure|population|outcome,deprioritize,false
HRS3_PREGNANCY,pubmed:29019855,true,exposure|population|outcome,retain,true
HRS3_PREGNANCY,pubmed:29030199,true,exposure|population|outcome,retain,true
HRS3_PREGNANCY,pubmed:29070554,true,exposure|population|outcome,retain,true
HRS3_PREGNANCY,pubmed:29155442,true,exposure|population|outcome,retain,true
HRS3_PREGNANCY,pubmed:29160184,true,exposure|population|outcome,retain,true
HRS3_PREGNANCY,pubmed:29196155,false,exposure|population,retain,false
HRS3_PREGNANCY,pubmed:29215383,true,exposure|population|outcome,retain,true
HRS3_PREGNANCY,pubmed:29272167,true,exposure|population|outcome,retain,true
HRS3_PREGNANCY,pubmed:29298985,true,exposure|population|outcome,retain,true
HRS3_PREGNANCY,pubmed:29350490,true,exposure|population|outcome,retain,true
HRS3_PREGNANCY,pubmed:29411302,true,exposure|population|outcome,deprioritize,false
HRS3_PREGNANCY,pubmed:29417644,true,exposure|population|outcome,retain,true
HRS3_PREGNANCY,pubmed:29458926,true,exposure|population|outcome,retain,true
HRS3_PREGNANCY,pubmed:29679395,true,exposure|population|outcome,retain,true
HRS3_PREGNANCY,pubmed:29722838,true,exposure|population|outcome,retain,true
HRS3_PREGNANCY,pubmed:29782556,true,exposure|population|outcome,retain,true
HRS3_PREGNANCY,pubmed:29788364,true,exposure|population|outcome,retain,true
HRS3_PREGNANCY,pubmed:29801482,true,exposure|population|outcome,retain,true
HRS3_PREGNANCY,pubmed:29882092,false,exposure|outcome,retain,false
HRS3_PREGNANCY,pubmed:29882344,false,population|outcome,retain,false
HRS3_PREGNANCY,pubmed:29976852,true,exposure|population|outcome,retain,true
HRS3_PREGNANCY,pubmed:30002014,true,exposure|population|outcome,retain,true
HRS3_PREGNANCY,pubmed:30089075,true,exposure|population|outcome,retain,true
HRS3_PREGNANCY,pubmed:30149482,true,exposure|population|outcome,retain,true
HRS3_PREGNANCY,pubmed:30185932,true,exposure|population|outcome,retain,true
HRS3_PREGNANCY,pubmed:30281229,true,exposure|population|outcome,retain,true
HRS3_PREGNANCY,pubmed:30392317,true,exposure|population|outcome,retain,true
HRS3_PREGNANCY,pubmed:30480773,true,exposure|population|outcome,retain,true
HRS3_PREGNANCY,pubmed:30552064,true,exposure|population|outcome,retain,true
HRS3_PREGNANCY,pubmed:30561844,true,exposure|population|outcome,retain,true
HRS3_PREGNANCY,pubmed:30570133,true,exposure|population|outcome,retain,true
HRS3_PREGNANCY,pubmed:30699214,true,exposure|population|outcome,retain,true
HRS3_PREGNANCY,pubmed:30873598,true,exposure|population|outcome,retain,true
HRS3_PREGNANCY,pubmed:30901325,true,exposure|population|outcome,retain,true
HRS3_PREGNANCY,pubmed:30909386,true,exposure|population|outcome,retain,true
HRS3_PREGNANCY,pubmed:30969204,true,exposure|population|outcome,retain,true
HRS3_PREGNANCY,pubmed:30977622,true,exposure|population|outcome,retain,true
HRS3_PREGNANCY,pubmed:31053513,true,exposure|population|outcome,retain,true
HRS3_PREGNANCY,pubmed:31104187,true,exposure|population|outcome,retain,true
HRS3_PREGNANCY,pubmed:31109614,true,exposure|population|outcome,retain,true
HRS3_PREGNANCY,pubmed:31177763,true,exposure|population|outcome,retain,true
HRS3_PREGNANCY,pubmed:31220527,false,exposure|outcome,deprioritize,false
HRS3_PREGNANCY,pubmed:31241129,false,exposure|outcome,retain,false
HRS3_PREGNANCY,pubmed:31257442,true,exposure|population|outcome,retain,true
HRS3_PREGNANCY,pubmed:31259764,true,exposure|population|outcome,deprioritize,false
HRS3_PREGNANCY,pubmed:31348529,true,exposure|population|outcome,retain,true
HRS3_PREGNANCY,pubmed:31353725,true,exposure|population|outcome,deprioritize,false
HRS3_PREGNANCY,pubmed:31368026,true,exposure|population|outcome,retain,true
HRS3_PREGNANCY,pubmed:31441896,false,exposure|outcome,deprioritize,false
HRS3_PREGNANCY,pubmed:31496456,true,exposure|population|outcome,retain,true
HRS3_PREGNANCY,pubmed:31509674,true,exposure|population|outcome,retain,true
HRS3_PREGNANCY,pubmed:31584939,true,exposure|population|outcome,retain,true
HRS3_PREGNANCY,pubmed:31607468,true,exposure|population|outcome,retain,true
HRS3_PREGNANCY,pubmed:31937153,true,exposure|population|outcome,retain,true
HRS3_PREGNANCY,pubmed:31994568,true,exposure|population|outcome,deprioritize,false
HRS3_PREGNANCY,pubmed:32131751,true,exposure|population|outcome,retain,true
HRS3_PREGNANCY,pubmed:32182980,true,exposure|population|outcome,retain,true
HRS3_PREGNANCY,pubmed:32238218,true,exposure|population|outcome,retain,true
HRS3_PREGNANCY,pubmed:32312690,true,exposure|population|outcome,retain,true
HRS3_PREGNANCY,pubmed:32330373,true,exposure|population|outcome,deprioritize,false
HRS3_PREGNANCY,pubmed:32403449,true,exposure|population|outcome,deprioritize,false
HRS3_PREGNANCY,pubmed:32539219,false,exposure|outcome,deprioritize,false
HRS3_PREGNANCY,pubmed:32575163,true,exposure|population|outcome,retain,true
HRS3_PREGNANCY,pubmed:32578335,true,exposure|population|outcome,deprioritize,false
HRS3_PREGNANCY,pubmed:32599866,true,exposure|population|outcome,retain,true
HRS3_PREGNANCY,pubmed:32607698,true,exposure|population|outcome,retain,true
HRS3_PREGNANCY,pubmed:32616489,true,exposure|population|outcome,deprioritize,false
HRS3_PREGNANCY,pubmed:3264767,false,population,deprioritize,false
HRS3_PREGNANCY,pubmed:32730862,true,exposure|population|outcome,uncertain,false
HRS3_PREGNANCY,pubmed:32843079,true,exposure|population|outcome,retain,true
HRS3_PREGNANCY,pubmed:32851085,true,exposure|population|outcome,retain,true
HRS3_PREGNANCY,pubmed:32856479,true,exposure|population|outcome,retain,true
HRS3_PREGNANCY,pubmed:32871021,false,population|outcome,deprioritize,false
HRS3_PREGNANCY,pubmed:32887377,true,exposure|population|outcome,retain,true
HRS3_PREGNANCY,pubmed:32938966,false,exposure|outcome,deprioritize,false
HRS3_PREGNANCY,pubmed:32944940,true,exposure|population|outcome,deprioritize,false
HRS3_PREGNANCY,pubmed:32949211,true,exposure|population|outcome,retain,true
HRS3_PREGNANCY,pubmed:33023067,true,exposure|population|outcome,retain,true
HRS3_PREGNANCY,pubmed:33028282,true,exposure|population|outcome,retain,true
HRS3_PREGNANCY,pubmed:33080891,true,exposure|population|outcome,retain,true
HRS3_PREGNANCY,pubmed:33109248,true,exposure|population|outcome,retain,true
HRS3_PREGNANCY,pubmed:33164294,true,exposure|population|outcome,retain,true
HRS3_PREGNANCY,pubmed:33226277,true,exposure|population|outcome,retain,true
HRS3_PREGNANCY,pubmed:33243156,false,exposure|population,retain,false
HRS3_PREGNANCY,pubmed:33297793,true,exposure|population|outcome,deprioritize,false
HRS3_PREGNANCY,pubmed:33305966,false,exposure|outcome,deprioritize,false
HRS3_PREGNANCY,pubmed:33348254,true,exposure|population|outcome,deprioritize,false
HRS3_PREGNANCY,pubmed:33494847,true,exposure|population|outcome,retain,true
HRS3_PREGNANCY,pubmed:33540920,false,exposure|outcome,retain,false
HRS3_PREGNANCY,pubmed:33783077,true,exposure|population|outcome,retain,true
HRS3_PREGNANCY,pubmed:33811784,true,exposure|population|outcome,retain,true
HRS3_PREGNANCY,pubmed:33880752,true,exposure|population|outcome,retain,true
HRS3_PREGNANCY,pubmed:33890337,true,exposure|population|outcome,retain,true
HRS3_PREGNANCY,pubmed:34036101,true,exposure|population|outcome,retain,true
HRS3_PREGNANCY,pubmed:34063091,true,exposure|population|outcome,retain,true
HRS3_PREGNANCY,pubmed:34071548,true,exposure|population|outcome,retain,true
HRS3_PREGNANCY,pubmed:34444905,true,exposure|population|outcome,retain,true
HRS3_PREGNANCY,pubmed:34819147,true,exposure|population|outcome,retain,true
HRS3_PREGNANCY,pubmed:35023227,true,exposure|population|outcome,retain,true
HRS3_PREGNANCY,pubmed:35043647,true,exposure|population|outcome,retain,true
HRS3_PREGNANCY,pubmed:35057537,true,exposure|population|outcome,retain,true
HRS3_PREGNANCY,pubmed:35098705,false,exposure|population,retain,false
HRS3_PREGNANCY,pubmed:35182530,true,exposure|population|outcome,retain,true
HRS3_PREGNANCY,pubmed:35204698,true,exposure|population|outcome,retain,true
HRS3_PREGNANCY,pubmed:35241006,true,exposure|population|outcome,retain,true
HRS3_PREGNANCY,pubmed:35300564,false,exposure|outcome,deprioritize,false
HRS3_PREGNANCY,pubmed:35427363,true,exposure|population|outcome,retain,true
HRS3_PREGNANCY,pubmed:35560315,true,exposure|population|outcome,retain,true
HRS3_PREGNANCY,pubmed:35577577,true,exposure|population|outcome,retain,true
HRS3_PREGNANCY,pubmed:35685517,true,exposure|population|outcome,retain,true
HRS3_PREGNANCY,pubmed:35691683,true,exposure|population|outcome,retain,true
HRS3_PREGNANCY,pubmed:35725392,true,exposure|population|outcome,deprioritize,false
HRS3_PREGNANCY,pubmed:35726870,true,exposure|population|outcome,deprioritize,false
HRS3_PREGNANCY,pubmed:35744047,true,exposure|population|outcome,deprioritize,false
HRS3_PREGNANCY,pubmed:35779783,true,exposure|population|outcome,retain,true
HRS3_PREGNANCY,pubmed:35905821,true,exposure|population|outcome,deprioritize,false
HRS3_PREGNANCY,pubmed:360841,false,exposure|population,deprioritize,false
HRS3_PREGNANCY,pubmed:36108911,true,exposure|population|outcome,retain,true
HRS3_PREGNANCY,pubmed:36200449,true,exposure|population|outcome,retain,true
HRS3_PREGNANCY,pubmed:36323641,true,exposure|population|outcome,retain,true
HRS3_PREGNANCY,pubmed:36361738,false,exposure|population,retain,false
HRS3_PREGNANCY,pubmed:36401450,true,exposure|population|outcome,deprioritize,false
HRS3_PREGNANCY,pubmed:36432476,true,exposure|population|outcome,retain,true
HRS3_PREGNANCY,pubmed:36597650,true,exposure|population|outcome,retain,true
HRS3_PREGNANCY,pubmed:36728680,true,exposure|population|outcome,retain,true
HRS3_PREGNANCY,pubmed:36803517,true,exposure|population|outcome,retain,true
HRS3_PREGNANCY,pubmed:36815494,true,exposure|population|outcome,retain,true
HRS3_PREGNANCY,pubmed:36925361,true,exposure|population|outcome,retain,true
HRS3_PREGNANCY,pubmed:37031691,true,exposure|population|outcome,retain,true
HRS3_PREGNANCY,pubmed:37062185,true,exposure|population|outcome,retain,true
HRS3_PREGNANCY,pubmed:37256661,true,exposure|population|outcome,deprioritize,false
HRS3_PREGNANCY,pubmed:37301431,false,exposure|population,retain,false
HRS3_PREGNANCY,pubmed:37330569,true,exposure|population|outcome,retain,true
HRS3_PREGNANCY,pubmed:37403900,true,exposure|population|outcome,retain,true
HRS3_PREGNANCY,pubmed:37432271,true,exposure|population|outcome,retain,true
HRS3_PREGNANCY,pubmed:37452793,true,exposure|population|outcome,retain,true
HRS3_PREGNANCY,pubmed:37536702,true,exposure|population|outcome,retain,true
HRS3_PREGNANCY,pubmed:37585103,true,exposure|population|outcome,retain,true
HRS3_PREGNANCY,pubmed:3762196,false,population|outcome,deprioritize,false
HRS3_PREGNANCY,pubmed:37630816,false,exposure,deprioritize,false
HRS3_PREGNANCY,pubmed:37643857,true,exposure|population|outcome,deprioritize,false
HRS3_PREGNANCY,pubmed:37686762,true,exposure|population|outcome,retain,true
HRS3_PREGNANCY,pubmed:37757928,true,exposure|population|outcome,deprioritize,false
HRS3_PREGNANCY,pubmed:37778518,true,exposure|population|outcome,retain,true
HRS3_PREGNANCY,pubmed:38039856,true,exposure|population|outcome,deprioritize,false
HRS3_PREGNANCY,pubmed:38045667,true,exposure|population|outcome,retain,true
HRS3_PREGNANCY,pubmed:38071990,true,exposure|population|outcome,deprioritize,false
HRS3_PREGNANCY,pubmed:38167523,true,exposure|population|outcome,retain,true
HRS3_PREGNANCY,pubmed:38213293,true,exposure|population|outcome,retain,true
HRS3_PREGNANCY,pubmed:38214544,true,exposure|population|outcome,retain,true
HRS3_PREGNANCY,pubmed:38263894,true,exposure|population|outcome,retain,true
HRS3_PREGNANCY,pubmed:38297273,false,exposure|population,retain,false
HRS3_PREGNANCY,pubmed:38341546,true,exposure|population|outcome,retain,true
HRS3_PREGNANCY,pubmed:38342151,false,exposure|population,deprioritize,false
HRS3_PREGNANCY,pubmed:38399492,true,exposure|population|outcome,retain,true
HRS3_PREGNANCY,pubmed:38444046,true,exposure|population|outcome,deprioritize,false
HRS3_PREGNANCY,pubmed:38580949,true,exposure|population|outcome,retain,true
HRS3_PREGNANCY,pubmed:38581744,true,exposure|population|outcome,retain,true
HRS3_PREGNANCY,pubmed:38651794,true,exposure|population|outcome,retain,true
HRS3_PREGNANCY,pubmed:38807919,true,exposure|population|outcome,retain,true
HRS3_PREGNANCY,pubmed:38886787,true,exposure|population|outcome,retain,true
HRS3_PREGNANCY,pubmed:38955352,true,exposure|population|outcome,retain,true
HRS3_PREGNANCY,pubmed:38965577,true,exposure|population|outcome,retain,true
HRS3_PREGNANCY,pubmed:39077939,true,exposure|population|outcome,retain,true
HRS3_PREGNANCY,pubmed:39140983,true,exposure|population|outcome,deprioritize,false
HRS3_PREGNANCY,pubmed:39145520,true,exposure|population|outcome,retain,true
HRS3_PREGNANCY,pubmed:39181559,true,exposure|population|outcome,retain,true
HRS3_PREGNANCY,pubmed:39269153,true,exposure|population|outcome,retain,true
HRS3_PREGNANCY,pubmed:39365348,true,exposure|population|outcome,retain,true
HRS3_PREGNANCY,pubmed:39457263,true,exposure|population|outcome,retain,true
HRS3_PREGNANCY,pubmed:39516964,true,exposure|population|outcome,retain,true
HRS3_PREGNANCY,pubmed:39596234,true,exposure|population|outcome,retain,true
HRS3_PREGNANCY,pubmed:39665982,true,exposure|population|outcome,retain,true
HRS3_PREGNANCY,pubmed:39674256,true,exposure|population|outcome,deprioritize,false
HRS3_PREGNANCY,pubmed:39674324,false,exposure|population,retain,false
HRS3_PREGNANCY,pubmed:39675840,false,exposure|outcome,retain,false
HRS3_PREGNANCY,pubmed:39681134,true,exposure|population|outcome,retain,true
HRS3_PREGNANCY,pubmed:39683462,true,exposure|population|outcome,retain,true
HRS3_PREGNANCY,pubmed:39716171,true,exposure|population|outcome,retain,true
HRS3_PREGNANCY,pubmed:39755576,true,exposure|population|outcome,retain,true
HRS3_PREGNANCY,pubmed:39756471,true,exposure|population|outcome,retain,true
HRS3_PREGNANCY,pubmed:39796491,true,exposure|population|outcome,retain,true
HRS3_PREGNANCY,pubmed:39833730,true,exposure|population|outcome,retain,true
HRS3_PREGNANCY,pubmed:39888921,true,exposure|population|outcome,retain,true
HRS3_PREGNANCY,pubmed:39930022,true,exposure|population|outcome,retain,true
HRS3_PREGNANCY,pubmed:39936792,true,exposure|population|outcome,retain,true
HRS3_PREGNANCY,pubmed:40139536,true,exposure|population|outcome,retain,true
HRS3_PREGNANCY,pubmed:40145707,false,exposure|population,retain,false
HRS3_PREGNANCY,pubmed:40252729,true,exposure|population|outcome,retain,true
HRS3_PREGNANCY,pubmed:40334749,true,exposure|population|outcome,retain,true
HRS3_PREGNANCY,pubmed:40340805,true,exposure|population|outcome,retain,true
HRS3_PREGNANCY,pubmed:40442923,true,exposure|population|outcome,retain,true
HRS3_PREGNANCY,pubmed:40506758,true,exposure|population|outcome,retain,true
HRS3_PREGNANCY,pubmed:40507208,false,population|outcome,retain,false
HRS3_PREGNANCY,pubmed:40509740,true,exposure|population|outcome,retain,true
HRS3_PREGNANCY,pubmed:40517226,true,exposure|population|outcome,retain,true
HRS3_PREGNANCY,pubmed:4054028,false,exposure,retain,false
HRS3_PREGNANCY,pubmed:40548170,true,exposure|population|outcome,retain,true
HRS3_PREGNANCY,pubmed:40634250,true,exposure|population|outcome,retain,true
HRS3_PREGNANCY,pubmed:40643866,true,exposure|population|outcome,retain,true
HRS3_PREGNANCY,pubmed:40657707,true,exposure|population|outcome,retain,true
HRS3_PREGNANCY,pubmed:40736606,true,exposure|population|outcome,retain,true
HRS3_PREGNANCY,pubmed:40792481,true,exposure|population|outcome,retain,true
HRS3_PREGNANCY,pubmed:40876035,true,exposure|population|outcome,retain,true
HRS3_PREGNANCY,pubmed:40920401,true,exposure|population|outcome,retain,true
HRS3_PREGNANCY,pubmed:40956656,true,exposure|population|outcome,deprioritize,false
HRS3_PREGNANCY,pubmed:40996763,true,exposure|population|outcome,deprioritize,false
HRS3_PREGNANCY,pubmed:41048272,true,exposure|population|outcome,retain,true
HRS3_PREGNANCY,pubmed:41055223,true,exposure|population|outcome,retain,true
HRS3_PREGNANCY,pubmed:41172352,true,exposure|population|outcome,retain,true
HRS3_PREGNANCY,pubmed:41219813,true,exposure|population|outcome,deprioritize,false
HRS3_PREGNANCY,pubmed:41254684,true,exposure|population|outcome,retain,true
HRS3_PREGNANCY,pubmed:41430994,true,exposure|population|outcome,retain,true
HRS3_PREGNANCY,pubmed:41589020,true,exposure|population|outcome,retain,true
HRS3_PREGNANCY,pubmed:41618740,true,exposure|population|outcome,retain,true
HRS3_PREGNANCY,pubmed:41702641,true,exposure|population|outcome,retain,true
HRS3_PREGNANCY,pubmed:41722754,true,exposure|population|outcome,retain,true
HRS3_PREGNANCY,pubmed:41866191,true,exposure|population|outcome,retain,true
HRS3_PREGNANCY,pubmed:41876129,true,exposure|population|outcome,retain,true
HRS3_PREGNANCY,pubmed:41921332,true,exposure|population|outcome,retain,true
HRS3_PREGNANCY,pubmed:41956401,true,exposure|population|outcome,retain,true
HRS3_PREGNANCY,pubmed:42004696,true,exposure|population|outcome,deprioritize,false
HRS3_PREGNANCY,pubmed:42025271,true,exposure|population|outcome,retain,true
HRS3_PREGNANCY,pubmed:42068814,true,exposure|population|outcome,retain,true
HRS3_PREGNANCY,pubmed:42087087,true,exposure|population|outcome,retain,true
HRS3_PREGNANCY,pubmed:42124073,true,exposure|population|outcome,retain,true
HRS3_PREGNANCY,pubmed:42127489,true,exposure|population|outcome,retain,true
HRS3_PREGNANCY,pubmed:42170966,true,exposure|population|outcome,retain,true
HRS3_PREGNANCY,pubmed:42251807,true,exposure|population|outcome,retain,true
HRS3_PREGNANCY,pubmed:42261719,true,exposure|population|outcome,retain,true
HRS3_PREGNANCY,pubmed:42341514,true,exposure|population|outcome,retain,true
HRS3_PREGNANCY,pubmed:42356229,false,exposure|population,retain,false
HRS3_PREGNANCY,pubmed:42356378,true,exposure|population|outcome,retain,true
HRS3_PREGNANCY,pubmed:4943633,false,population,retain,false
HRS3_PREGNANCY,pubmed:6350405,false,exposure|outcome,retain,false
HRS3_PREGNANCY,pubmed:7215271,false,population,deprioritize,false
HRS3_PREGNANCY,pubmed:7439085,false,,retain,false
HRS3_PREGNANCY,pubmed:8296827,true,exposure|population|outcome,retain,true
HRS3_PREGNANCY,pubmed:9089914,true,exposure|population|outcome,retain,true
HRS3_PREGNANCY,pubmed:9122886,true,exposure|population|outcome,deprioritize,false
HRS3_PREGNANCY,pubmed:9133789,false,exposure|population,retain,false
HRS3_PREGNANCY,pubmed:9430326,false,exposure|outcome,deprioritize,false
HRS3_PREGNANCY,pubmed:9464741,true,exposure|population|outcome,retain,true
HRS3_PREGNANCY,pubmed:9488247,false,exposure|outcome,retain,false
HRS3_PREGNANCY,pubmed:9544922,true,exposure|population|outcome,retain,true
HRS3_PREGNANCY,pubmed:9699175,true,exposure|population|outcome,retain,true
HRS3_PREGNANCY,pubmed:9762383,true,exposure|population|outcome,retain,true
HRS3_PREGNANCY,pubmed:9818920,true,exposure|population|outcome,retain,true
HRS3_PREGNANCY,pubmed:9857270,true,exposure|population|outcome,retain,true
HRS3_PREGNANCY,pubmed:9883915,false,population|outcome,retain,false
HRS4_LIVER_DISEASE,pubmed:10347134,true,exposure|population|outcome,deprioritize,false
HRS4_LIVER_DISEASE,pubmed:10366933,false,exposure|population,retain,false
HRS4_LIVER_DISEASE,pubmed:10462287,false,population|outcome,retain,false
HRS4_LIVER_DISEASE,pubmed:10584584,false,exposure|outcome,retain,false
HRS4_LIVER_DISEASE,pubmed:10586838,true,exposure|population|outcome,retain,true
HRS4_LIVER_DISEASE,pubmed:10589261,false,exposure|population,retain,false
HRS4_LIVER_DISEASE,pubmed:10802502,false,exposure,uncertain,false
HRS4_LIVER_DISEASE,pubmed:10946563,false,population|outcome,retain,false
HRS4_LIVER_DISEASE,pubmed:11106086,true,exposure|population|outcome,retain,true
HRS4_LIVER_DISEASE,pubmed:11151906,true,exposure|population|outcome,retain,true
HRS4_LIVER_DISEASE,pubmed:11276298,true,exposure|population|outcome,retain,true
HRS4_LIVER_DISEASE,pubmed:11432014,false,population|outcome,retain,false
HRS4_LIVER_DISEASE,pubmed:11527172,true,exposure|population|outcome,retain,true
HRS4_LIVER_DISEASE,pubmed:11598552,false,outcome,retain,false
HRS4_LIVER_DISEASE,pubmed:1173650,false,population|outcome,deprioritize,false
HRS4_LIVER_DISEASE,pubmed:1173917,false,population,deprioritize,false
HRS4_LIVER_DISEASE,pubmed:11787084,false,exposure|population,retain,false
HRS4_LIVER_DISEASE,pubmed:11787086,false,exposure|population,retain,false
HRS4_LIVER_DISEASE,pubmed:11826667,false,exposure|population,retain,false
HRS4_LIVER_DISEASE,pubmed:11826672,true,exposure|population|outcome,retain,true
HRS4_LIVER_DISEASE,pubmed:11873112,true,exposure|population|outcome,retain,true
HRS4_LIVER_DISEASE,pubmed:11877593,true,exposure|population|outcome,retain,true
HRS4_LIVER_DISEASE,pubmed:11902035,false,exposure,retain,false
HRS4_LIVER_DISEASE,pubmed:11951318,false,exposure,retain,false
HRS4_LIVER_DISEASE,pubmed:11955027,true,exposure|population|outcome,retain,true
HRS4_LIVER_DISEASE,pubmed:11955030,false,exposure,uncertain,false
HRS4_LIVER_DISEASE,pubmed:11955047,true,exposure|population|outcome,retain,true
HRS4_LIVER_DISEASE,pubmed:11959540,false,exposure,uncertain,false
HRS4_LIVER_DISEASE,pubmed:11994028,true,exposure|population|outcome,retain,true
HRS4_LIVER_DISEASE,pubmed:12014355,false,exposure|outcome,retain,false
HRS4_LIVER_DISEASE,pubmed:12120808,true,exposure|population|outcome,retain,true
HRS4_LIVER_DISEASE,pubmed:12125181,true,exposure|population|outcome,retain,true
HRS4_LIVER_DISEASE,pubmed:12125250,false,population,retain,false
HRS4_LIVER_DISEASE,pubmed:12131903,false,exposure,retain,false
HRS4_LIVER_DISEASE,pubmed:12163142,true,exposure|population|outcome,retain,true
HRS4_LIVER_DISEASE,pubmed:12174378,false,population|outcome,retain,false
HRS4_LIVER_DISEASE,pubmed:12244883,false,exposure|population,retain,false
HRS4_LIVER_DISEASE,pubmed:12361828,false,exposure,retain,false
HRS4_LIVER_DISEASE,pubmed:12391560,false,population,deprioritize,false
HRS4_LIVER_DISEASE,pubmed:12414243,false,exposure,retain,false
HRS4_LIVER_DISEASE,pubmed:12499812,false,,uncertain,false
HRS4_LIVER_DISEASE,pubmed:12500906,true,exposure|population|outcome,retain,true
HRS4_LIVER_DISEASE,pubmed:12503940,true,exposure|population|outcome,retain,true
HRS4_LIVER_DISEASE,pubmed:12515265,false,exposure|population,retain,false
HRS4_LIVER_DISEASE,pubmed:12575547,false,population|outcome,retain,false
HRS4_LIVER_DISEASE,pubmed:12693919,false,exposure|outcome,retain,false
HRS4_LIVER_DISEASE,pubmed:12697018,false,exposure|population,retain,false
HRS4_LIVER_DISEASE,pubmed:12720510,true,exposure|population|outcome,retain,true
HRS4_LIVER_DISEASE,pubmed:12772052,true,exposure|population|outcome,retain,true
HRS4_LIVER_DISEASE,pubmed:12788957,true,exposure|population|outcome,retain,true
HRS4_LIVER_DISEASE,pubmed:12806613,true,exposure|population|outcome,retain,true
HRS4_LIVER_DISEASE,pubmed:12807347,false,exposure|outcome,retain,false
HRS4_LIVER_DISEASE,pubmed:12808361,true,exposure|population|outcome,retain,true
HRS4_LIVER_DISEASE,pubmed:12808475,false,,uncertain,false
HRS4_LIVER_DISEASE,pubmed:12816621,false,outcome,retain,false
HRS4_LIVER_DISEASE,pubmed:12816629,false,exposure|population,retain,false
HRS4_LIVER_DISEASE,pubmed:12879994,true,exposure|population|outcome,retain,true
HRS4_LIVER_DISEASE,pubmed:12910431,true,exposure|population|outcome,retain,true
HRS4_LIVER_DISEASE,pubmed:12912743,true,exposure|population|outcome,retain,true
HRS4_LIVER_DISEASE,pubmed:12916070,false,exposure|population,deprioritize,false
HRS4_LIVER_DISEASE,pubmed:12916078,false,population,deprioritize,false
HRS4_LIVER_DISEASE,pubmed:12923378,true,exposure|population|outcome,retain,true
HRS4_LIVER_DISEASE,pubmed:12950418,true,exposure|population|outcome,retain,true
HRS4_LIVER_DISEASE,pubmed:12957297,true,exposure|population|outcome,retain,true
HRS4_LIVER_DISEASE,pubmed:13679326,true,exposure|population|outcome,retain,true
HRS4_LIVER_DISEASE,pubmed:13679348,true,exposure|population|outcome,retain,true
HRS4_LIVER_DISEASE,pubmed:14535172,false,population|outcome,retain,false
HRS4_LIVER_DISEASE,pubmed:14572599,false,population,retain,false
HRS4_LIVER_DISEASE,pubmed:14587886,false,population|outcome,retain,false
HRS4_LIVER_DISEASE,pubmed:14627335,true,exposure|population|outcome,retain,true
HRS4_LIVER_DISEASE,pubmed:14638649,false,exposure,retain,false
HRS4_LIVER_DISEASE,pubmed:14638650,false,exposure,retain,false
HRS4_LIVER_DISEASE,pubmed:14714956,true,exposure|population|outcome,retain,true
HRS4_LIVER_DISEASE,pubmed:14735431,false,exposure|outcome,retain,false
HRS4_LIVER_DISEASE,pubmed:14748890,false,exposure|outcome,retain,false
HRS4_LIVER_DISEASE,pubmed:1478408,true,exposure|population|outcome,retain,true
HRS4_LIVER_DISEASE,pubmed:1478415,false,population,retain,false
HRS4_LIVER_DISEASE,pubmed:1493887,false,population,retain,false
HRS4_LIVER_DISEASE,pubmed:1493895,false,exposure|outcome,retain,false
HRS4_LIVER_DISEASE,pubmed:1493896,true,exposure|population|outcome,retain,true
HRS4_LIVER_DISEASE,pubmed:14960147,true,exposure|population|outcome,retain,true
HRS4_LIVER_DISEASE,pubmed:14976355,false,exposure|outcome,retain,false
HRS4_LIVER_DISEASE,pubmed:14995055,true,exposure|population|outcome,retain,true
HRS4_LIVER_DISEASE,pubmed:15009783,false,exposure|population,retain,false
HRS4_LIVER_DISEASE,pubmed:15068826,true,exposure|population|outcome,retain,true
HRS4_LIVER_DISEASE,pubmed:15069011,false,exposure|population,retain,false
HRS4_LIVER_DISEASE,pubmed:15075963,false,population|outcome,uncertain,false
HRS4_LIVER_DISEASE,pubmed:15114493,true,exposure|population|outcome,retain,true
HRS4_LIVER_DISEASE,pubmed:15128366,true,exposure|population|outcome,retain,true
HRS4_LIVER_DISEASE,pubmed:15146159,false,exposure,retain,false
HRS4_LIVER_DISEASE,pubmed:15153351,false,outcome,retain,false
HRS4_LIVER_DISEASE,pubmed:15232366,true,exposure|population|outcome,retain,true
HRS4_LIVER_DISEASE,pubmed:15237856,true,exposure|population|outcome,retain,true
HRS4_LIVER_DISEASE,pubmed:15243386,false,exposure|outcome,retain,false
HRS4_LIVER_DISEASE,pubmed:15264453,true,exposure|population|outcome,retain,true
HRS4_LIVER_DISEASE,pubmed:1537487,true,exposure|population|outcome,retain,true
HRS4_LIVER_DISEASE,pubmed:15385719,true,exposure|population|outcome,retain,true
HRS4_LIVER_DISEASE,pubmed:15504145,false,exposure|outcome,deprioritize,false
HRS4_LIVER_DISEASE,pubmed:15545179,false,exposure|population,retain,false
HRS4_LIVER_DISEASE,pubmed:15582145,false,exposure|outcome,retain,false
HRS4_LIVER_DISEASE,pubmed:15670659,true,exposure|population|outcome,retain,true
HRS4_LIVER_DISEASE,pubmed:15729622,false,exposure|outcome,retain,false
HRS4_LIVER_DISEASE,pubmed:15756090,true,exposure|population|outcome,retain,true
HRS4_LIVER_DISEASE,pubmed:15764158,true,exposure|population|outcome,retain,true
HRS4_LIVER_DISEASE,pubmed:15801887,true,exposure|population|outcome,retain,true
HRS4_LIVER_DISEASE,pubmed:15818148,true,exposure|population|outcome,retain,true
HRS4_LIVER_DISEASE,pubmed:15846671,true,exposure|population|outcome,retain,true
HRS4_LIVER_DISEASE,pubmed:15852491,false,population|outcome,deprioritize,false
HRS4_LIVER_DISEASE,pubmed:15891270,true,exposure|population|outcome,retain,true
HRS4_LIVER_DISEASE,pubmed:15898823,false,outcome,retain,false
HRS4_LIVER_DISEASE,pubmed:15934014,false,population|outcome,deprioritize,false
HRS4_LIVER_DISEASE,pubmed:15984105,false,exposure|outcome,deprioritize,false
HRS4_LIVER_DISEASE,pubmed:16035205,false,exposure|outcome,deprioritize,false
HRS4_LIVER_DISEASE,pubmed:16097177,false,population,retain,false
HRS4_LIVER_DISEASE,pubmed:16099027,true,exposure|population|outcome,deprioritize,false
HRS4_LIVER_DISEASE,pubmed:16145729,false,population,retain,false
HRS4_LIVER_DISEASE,pubmed:16148563,true,exposure|population|outcome,retain,true
HRS4_LIVER_DISEASE,pubmed:16171893,false,exposure|outcome,retain,false
HRS4_LIVER_DISEASE,pubmed:16176636,false,exposure|population,retain,false
HRS4_LIVER_DISEASE,pubmed:16187178,true,exposure|population|outcome,retain,true
HRS4_LIVER_DISEASE,pubmed:16206505,true,exposure|population|outcome,retain,true
HRS4_LIVER_DISEASE,pubmed:16279916,true,exposure|population|outcome,retain,true
HRS4_LIVER_DISEASE,pubmed:16281702,false,exposure|population,retain,false
HRS4_LIVER_DISEASE,pubmed:16293915,false,population|outcome,retain,false
HRS4_LIVER_DISEASE,pubmed:16304634,false,exposure|outcome,retain,false
HRS4_LIVER_DISEASE,pubmed:16365102,true,exposure|population|outcome,retain,true
HRS4_LIVER_DISEASE,pubmed:16389263,false,exposure|outcome,retain,false
HRS4_LIVER_DISEASE,pubmed:16409962,true,exposure|population|outcome,deprioritize,false
HRS4_LIVER_DISEASE,pubmed:16505774,false,exposure|population,retain,false
HRS4_LIVER_DISEASE,pubmed:16550036,false,population|outcome,deprioritize,false
HRS4_LIVER_DISEASE,pubmed:16610575,true,exposure|population|outcome,retain,true
HRS4_LIVER_DISEASE,pubmed:16645871,false,exposure|population,retain,false
HRS4_LIVER_DISEASE,pubmed:16710916,false,outcome,uncertain,false
HRS4_LIVER_DISEASE,pubmed:167241,true,exposure|population|outcome,retain,true
HRS4_LIVER_DISEASE,pubmed:16772545,true,exposure|population|outcome,retain,true
HRS4_LIVER_DISEASE,pubmed:16837801,true,exposure|population|outcome,retain,true
HRS4_LIVER_DISEASE,pubmed:16868813,false,outcome,retain,false
HRS4_LIVER_DISEASE,pubmed:16915552,false,exposure|population,retain,false
HRS4_LIVER_DISEASE,pubmed:16915554,false,exposure|population,retain,false
HRS4_LIVER_DISEASE,pubmed:16965738,true,exposure|population|outcome,retain,true
HRS4_LIVER_DISEASE,pubmed:17055186,false,exposure|outcome,retain,false
HRS4_LIVER_DISEASE,pubmed:17059987,true,exposure|population|outcome,retain,true
HRS4_LIVER_DISEASE,pubmed:17068398,false,outcome,retain,false
HRS4_LIVER_DISEASE,pubmed:17105737,false,population,retain,false
HRS4_LIVER_DISEASE,pubmed:17151585,false,exposure|population,retain,false
HRS4_LIVER_DISEASE,pubmed:17157086,true,exposure|population|outcome,retain,true
HRS4_LIVER_DISEASE,pubmed:17222587,true,exposure|population|outcome,retain,true
HRS4_LIVER_DISEASE,pubmed:17266882,false,outcome,retain,false
HRS4_LIVER_DISEASE,pubmed:17304407,true,exposure|population|outcome,retain,true
HRS4_LIVER_DISEASE,pubmed:17331318,true,exposure|population|outcome,retain,true
HRS4_LIVER_DISEASE,pubmed:17331820,true,exposure|population|outcome,retain,true
HRS4_LIVER_DISEASE,pubmed:17335712,true,exposure|population|outcome,retain,true
HRS4_LIVER_DISEASE,pubmed:17380073,true,exposure|population|outcome,retain,true
HRS4_LIVER_DISEASE,pubmed:17509944,true,exposure|population|outcome,retain,true
HRS4_LIVER_DISEASE,pubmed:17510798,true,exposure|population|outcome,retain,true
HRS4_LIVER_DISEASE,pubmed:17548794,true,exposure|population|outcome,retain,true
HRS4_LIVER_DISEASE,pubmed:17562348,true,exposure|population|outcome,retain,true
HRS4_LIVER_DISEASE,pubmed:17591018,true,exposure|population|outcome,retain,true
HRS4_LIVER_DISEASE,pubmed:17597525,false,exposure|population,retain,false
HRS4_LIVER_DISEASE,pubmed:17690950,true,exposure|population|outcome,retain,true
HRS4_LIVER_DISEASE,pubmed:17692989,true,exposure|population|outcome,retain,true
HRS4_LIVER_DISEASE,pubmed:17723921,true,exposure|population|outcome,retain,true
HRS4_LIVER_DISEASE,pubmed:17805402,false,,retain,false
HRS4_LIVER_DISEASE,pubmed:17897352,true,exposure|population|outcome,retain,true
HRS4_LIVER_DISEASE,pubmed:17924304,true,exposure|population|outcome,retain,true
HRS4_LIVER_DISEASE,pubmed:17943794,true,exposure|population|outcome,retain,true
HRS4_LIVER_DISEASE,pubmed:17955597,false,population,retain,false
HRS4_LIVER_DISEASE,pubmed:18166905,false,exposure|population,retain,false
HRS4_LIVER_DISEASE,pubmed:18187367,true,exposure|population|outcome,retain,true
HRS4_LIVER_DISEASE,pubmed:18203607,true,exposure|population|outcome,retain,true
HRS4_LIVER_DISEASE,pubmed:18214927,false,exposure|population,deprioritize,false
HRS4_LIVER_DISEASE,pubmed:18272627,false,,uncertain,false
HRS4_LIVER_DISEASE,pubmed:18274956,true,exposure|population|outcome,retain,true
HRS4_LIVER_DISEASE,pubmed:18318821,true,exposure|population|outcome,retain,true
HRS4_LIVER_DISEASE,pubmed:18327867,true,exposure|population|outcome,retain,true
HRS4_LIVER_DISEASE,pubmed:18376362,true,exposure|population|outcome,retain,true
HRS4_LIVER_DISEASE,pubmed:18377795,false,population|outcome,deprioritize,false
HRS4_LIVER_DISEASE,pubmed:18403950,true,exposure|population|outcome,retain,true
HRS4_LIVER_DISEASE,pubmed:18408456,true,exposure|population|outcome,retain,true
HRS4_LIVER_DISEASE,pubmed:18452122,true,exposure|population|outcome,retain,true
HRS4_LIVER_DISEASE,pubmed:18537660,true,exposure|population|outcome,retain,true
HRS4_LIVER_DISEASE,pubmed:18550201,true,exposure|population|outcome,retain,true
HRS4_LIVER_DISEASE,pubmed:18571274,false,exposure|outcome,retain,false
HRS4_LIVER_DISEASE,pubmed:18580499,false,exposure|population,retain,false
HRS4_LIVER_DISEASE,pubmed:18679001,true,exposure|population|outcome,retain,true
HRS4_LIVER_DISEASE,pubmed:18714667,false,outcome,retain,false
HRS4_LIVER_DISEASE,pubmed:18783691,true,exposure|population|outcome,retain,true
HRS4_LIVER_DISEASE,pubmed:18813027,false,exposure|outcome,retain,false
HRS4_LIVER_DISEASE,pubmed:18838736,false,exposure|population,retain,false
HRS4_LIVER_DISEASE,pubmed:18841189,false,exposure|outcome,retain,false
HRS4_LIVER_DISEASE,pubmed:18955056,true,exposure|population|outcome,retain,true
HRS4_LIVER_DISEASE,pubmed:18989142,true,exposure|population|outcome,retain,true
HRS4_LIVER_DISEASE,pubmed:18991516,true,exposure|population|outcome,retain,true
HRS4_LIVER_DISEASE,pubmed:19010564,true,exposure|population|outcome,retain,true
HRS4_LIVER_DISEASE,pubmed:19010650,false,population|outcome,retain,false
HRS4_LIVER_DISEASE,pubmed:19032721,true,exposure|population|outcome,retain,true
HRS4_LIVER_DISEASE,pubmed:19038698,true,exposure|population|outcome,retain,true
HRS4_LIVER_DISEASE,pubmed:19058338,true,exposure|population|outcome,retain,true
HRS4_LIVER_DISEASE,pubmed:19124889,false,exposure,deprioritize,false
HRS4_LIVER_DISEASE,pubmed:19150236,true,exposure|population|outcome,deprioritize,false
HRS4_LIVER_DISEASE,pubmed:19157382,true,exposure|population|outcome,retain,true
HRS4_LIVER_DISEASE,pubmed:19159172,true,exposure|population|outcome,retain,true
HRS4_LIVER_DISEASE,pubmed:19192130,false,exposure|population,retain,false
HRS4_LIVER_DISEASE,pubmed:19238093,true,exposure|population|outcome,retain,true
HRS4_LIVER_DISEASE,pubmed:19303273,true,exposure|population|outcome,retain,true
HRS4_LIVER_DISEASE,pubmed:19339903,true,exposure|population|outcome,retain,true
HRS4_LIVER_DISEASE,pubmed:19404202,false,exposure|population,retain,false
HRS4_LIVER_DISEASE,pubmed:19452589,true,exposure|population|outcome,retain,true
HRS4_LIVER_DISEASE,pubmed:19465104,false,exposure,deprioritize,false
HRS4_LIVER_DISEASE,pubmed:19498316,false,exposure|population,retain,false
HRS4_LIVER_DISEASE,pubmed:19505188,true,exposure|population|outcome,retain,true
HRS4_LIVER_DISEASE,pubmed:19521547,true,exposure|population|outcome,deprioritize,false
HRS4_LIVER_DISEASE,pubmed:19533803,false,population|outcome,deprioritize,false
HRS4_LIVER_DISEASE,pubmed:19586731,true,exposure|population|outcome,retain,true
HRS4_LIVER_DISEASE,pubmed:19615308,true,exposure|population|outcome,retain,true
HRS4_LIVER_DISEASE,pubmed:19638084,true,exposure|population|outcome,retain,true
HRS4_LIVER_DISEASE,pubmed:19680221,true,exposure|population|outcome,retain,true
HRS4_LIVER_DISEASE,pubmed:19779363,true,exposure|population|outcome,retain,true
HRS4_LIVER_DISEASE,pubmed:19781876,false,outcome,retain,false
HRS4_LIVER_DISEASE,pubmed:19826967,true,exposure|population|outcome,retain,true
HRS4_LIVER_DISEASE,pubmed:19826968,true,exposure|population|outcome,retain,true
HRS4_LIVER_DISEASE,pubmed:19826971,false,exposure|outcome,retain,false
HRS4_LIVER_DISEASE,pubmed:19865579,false,exposure|outcome,retain,false
HRS4_LIVER_DISEASE,pubmed:19884634,true,exposure|population|outcome,retain,true
HRS4_LIVER_DISEASE,pubmed:19925744,true,exposure|population|outcome,retain,true
HRS4_LIVER_DISEASE,pubmed:20014183,true,exposure|population|outcome,retain,true
HRS4_LIVER_DISEASE,pubmed:20102976,false,,retain,false
HRS4_LIVER_DISEASE,pubmed:20104221,true,exposure|population|outcome,retain,true
HRS4_LIVER_DISEASE,pubmed:20112250,false,exposure|population,deprioritize,false
HRS4_LIVER_DISEASE,pubmed:20121691,false,outcome,retain,false
HRS4_LIVER_DISEASE,pubmed:20186054,true,exposure|population|outcome,retain,true
HRS4_LIVER_DISEASE,pubmed:20191055,true,exposure|population|outcome,retain,true
HRS4_LIVER_DISEASE,pubmed:20216279,true,exposure|population|outcome,retain,true
HRS4_LIVER_DISEASE,pubmed:20332334,true,exposure|population|outcome,retain,true
HRS4_LIVER_DISEASE,pubmed:20333973,true,exposure|population|outcome,retain,true
HRS4_LIVER_DISEASE,pubmed:20400915,true,exposure|population|outcome,retain,true
HRS4_LIVER_DISEASE,pubmed:20423219,true,exposure|population|outcome,retain,true
HRS4_LIVER_DISEASE,pubmed:20506691,false,exposure,retain,false
HRS4_LIVER_DISEASE,pubmed:20564545,true,exposure|population|outcome,retain,true
HRS4_LIVER_DISEASE,pubmed:20564754,true,exposure|population|outcome,retain,true
HRS4_LIVER_DISEASE,pubmed:20573093,false,population,retain,false
HRS4_LIVER_DISEASE,pubmed:20586134,false,exposure|outcome,retain,false
HRS4_LIVER_DISEASE,pubmed:20587764,false,exposure|population,retain,false
HRS4_LIVER_DISEASE,pubmed:20630022,true,exposure|population|outcome,retain,true
HRS4_LIVER_DISEASE,pubmed:20690409,false,,retain,false
HRS4_LIVER_DISEASE,pubmed:20691383,false,population|outcome,deprioritize,false
HRS4_LIVER_DISEASE,pubmed:20720265,true,exposure|population|outcome,retain,true
HRS4_LIVER_DISEASE,pubmed:20821822,false,population|outcome,deprioritize,false
HRS4_LIVER_DISEASE,pubmed:20827114,false,outcome,retain,false
HRS4_LIVER_DISEASE,pubmed:20831679,true,exposure|population|outcome,retain,true
HRS4_LIVER_DISEASE,pubmed:20856101,false,population|outcome,retain,false
HRS4_LIVER_DISEASE,pubmed:20861797,true,exposure|population|outcome,retain,true
HRS4_LIVER_DISEASE,pubmed:20937576,false,population|outcome,retain,false
HRS4_LIVER_DISEASE,pubmed:21046988,false,exposure|population,retain,false
HRS4_LIVER_DISEASE,pubmed:21081732,false,exposure|outcome,retain,false
HRS4_LIVER_DISEASE,pubmed:21112196,true,exposure|population|outcome,retain,true
HRS4_LIVER_DISEASE,pubmed:21174361,false,exposure|population,retain,false
HRS4_LIVER_DISEASE,pubmed:21198946,false,population|outcome,deprioritize,false
HRS4_LIVER_DISEASE,pubmed:21222373,true,exposure|population|outcome,retain,true
HRS4_LIVER_DISEASE,pubmed:21228727,true,exposure|population|outcome,retain,true
HRS4_LIVER_DISEASE,pubmed:21334992,false,outcome,retain,false
HRS4_LIVER_DISEASE,pubmed:21391842,true,exposure|population|outcome,deprioritize,false
HRS4_LIVER_DISEASE,pubmed:21416745,true,exposure|population|outcome,retain,true
HRS4_LIVER_DISEASE,pubmed:21457433,true,exposure|population|outcome,retain,true
HRS4_LIVER_DISEASE,pubmed:21499580,true,exposure|population|outcome,retain,true
HRS4_LIVER_DISEASE,pubmed:21501038,true,exposure|population|outcome,deprioritize,false
HRS4_LIVER_DISEASE,pubmed:21507780,true,exposure|population|outcome,retain,true
HRS4_LIVER_DISEASE,pubmed:21520191,false,population|outcome,uncertain,false
HRS4_LIVER_DISEASE,pubmed:21540101,true,exposure|population|outcome,deprioritize,false
HRS4_LIVER_DISEASE,pubmed:21563361,true,exposure|population|outcome,retain,true
HRS4_LIVER_DISEASE,pubmed:21587150,true,exposure|population|outcome,retain,true
HRS4_LIVER_DISEASE,pubmed:21605584,true,exposure|population|outcome,deprioritize,false
HRS4_LIVER_DISEASE,pubmed:21658156,false,population|outcome,retain,false
HRS4_LIVER_DISEASE,pubmed:21677326,true,exposure|population|outcome,retain,true
HRS4_LIVER_DISEASE,pubmed:21704188,true,exposure|population|outcome,deprioritize,false
HRS4_LIVER_DISEASE,pubmed:21727224,false,outcome,retain,false
HRS4_LIVER_DISEASE,pubmed:21745293,true,exposure|population|outcome,retain,true
HRS4_LIVER_DISEASE,pubmed:21751292,true,exposure|population|outcome,retain,true
HRS4_LIVER_DISEASE,pubmed:21779107,true,exposure|population|outcome,retain,true
HRS4_LIVER_DISEASE,pubmed:21807932,true,exposure|population|outcome,deprioritize,false
HRS4_LIVER_DISEASE,pubmed:21867653,false,exposure|outcome,retain,false
HRS4_LIVER_DISEASE,pubmed:21867654,true,exposure|population|outcome,retain,true
HRS4_LIVER_DISEASE,pubmed:21879526,true,exposure|population|outcome,retain,true
HRS4_LIVER_DISEASE,pubmed:21951116,false,outcome,uncertain,false
HRS4_LIVER_DISEASE,pubmed:21953288,true,exposure|population|outcome,deprioritize,false
HRS4_LIVER_DISEASE,pubmed:22014735,true,exposure|population|outcome,deprioritize,false
HRS4_LIVER_DISEASE,pubmed:22120862,true,exposure|population|outcome,retain,true
HRS4_LIVER_DISEASE,pubmed:22189691,true,exposure|population|outcome,retain,true
HRS4_LIVER_DISEASE,pubmed:22228296,false,population|outcome,retain,false
HRS4_LIVER_DISEASE,pubmed:22293208,true,exposure|population|outcome,deprioritize,false
HRS4_LIVER_DISEASE,pubmed:22294306,false,exposure|population,retain,false
HRS4_LIVER_DISEASE,pubmed:22295888,false,outcome,retain,false
HRS4_LIVER_DISEASE,pubmed:22304375,false,exposure|population,retain,false
HRS4_LIVER_DISEASE,pubmed:22312273,true,exposure|population|outcome,retain,true
HRS4_LIVER_DISEASE,pubmed:22313878,true,exposure|population|outcome,retain,true
HRS4_LIVER_DISEASE,pubmed:22345346,true,exposure|population|outcome,retain,true
HRS4_LIVER_DISEASE,pubmed:22378810,true,exposure|population|outcome,retain,true
HRS4_LIVER_DISEASE,pubmed:22407600,false,exposure|population,retain,false
HRS4_LIVER_DISEASE,pubmed:22438173,false,population|outcome,retain,false
HRS4_LIVER_DISEASE,pubmed:22475136,true,exposure|population|outcome,retain,true
HRS4_LIVER_DISEASE,pubmed:22477279,true,exposure|population|outcome,retain,true
HRS4_LIVER_DISEASE,pubmed:22540904,true,exposure|population|outcome,retain,true
HRS4_LIVER_DISEASE,pubmed:22571268,false,exposure|population,deprioritize,false
HRS4_LIVER_DISEASE,pubmed:22688507,false,,uncertain,false
HRS4_LIVER_DISEASE,pubmed:22700641,true,exposure|population|outcome,retain,true
HRS4_LIVER_DISEASE,pubmed:22711078,true,exposure|population|outcome,retain,true
HRS4_LIVER_DISEASE,pubmed:22711083,false,exposure,retain,false
HRS4_LIVER_DISEASE,pubmed:22711101,false,population|outcome,retain,false
HRS4_LIVER_DISEASE,pubmed:22733303,true,exposure|population|outcome,retain,true
HRS4_LIVER_DISEASE,pubmed:22734251,true,exposure|population|outcome,deprioritize,false
HRS4_LIVER_DISEASE,pubmed:22751194,false,,uncertain,false
HRS4_LIVER_DISEASE,pubmed:22789967,false,exposure|population,deprioritize,false
HRS4_LIVER_DISEASE,pubmed:22809474,false,exposure|population,retain,false
HRS4_LIVER_DISEASE,pubmed:22831551,true,exposure|population|outcome,retain,true
HRS4_LIVER_DISEASE,pubmed:22878995,true,exposure|population|outcome,retain,true
HRS4_LIVER_DISEASE,pubmed:22897137,true,exposure|population|outcome,retain,true
HRS4_LIVER_DISEASE,pubmed:22898065,true,exposure|population|outcome,deprioritize,false
HRS4_LIVER_DISEASE,pubmed:22928722,true,exposure|population|outcome,retain,true
HRS4_LIVER_DISEASE,pubmed:22940254,true,exposure|population|outcome,retain,true
HRS4_LIVER_DISEASE,pubmed:22943726,false,exposure|population,retain,false
HRS4_LIVER_DISEASE,pubmed:23065568,false,exposure|outcome,retain,false
HRS4_LIVER_DISEASE,pubmed:23091804,true,exposure|population|outcome,retain,true
HRS4_LIVER_DISEASE,pubmed:23092866,true,exposure|population|outcome,retain,true
HRS4_LIVER_DISEASE,pubmed:23101983,true,exposure|population|outcome,retain,true
HRS4_LIVER_DISEASE,pubmed:23108213,false,exposure|population,retain,false
HRS4_LIVER_DISEASE,pubmed:23108215,false,exposure,retain,false
HRS4_LIVER_DISEASE,pubmed:23121117,true,exposure|population|outcome,retain,true
HRS4_LIVER_DISEASE,pubmed:23221715,true,exposure|population|outcome,deprioritize,false
HRS4_LIVER_DISEASE,pubmed:23239775,true,exposure|population|outcome,retain,true
HRS4_LIVER_DISEASE,pubmed:23257938,true,exposure|population|outcome,retain,true
HRS4_LIVER_DISEASE,pubmed:23277154,false,,retain,false
HRS4_LIVER_DISEASE,pubmed:23293189,true,exposure|population|outcome,retain,true
HRS4_LIVER_DISEASE,pubmed:23361353,true,exposure|population|outcome,retain,true
HRS4_LIVER_DISEASE,pubmed:23391366,true,exposure|population|outcome,retain,true
HRS4_LIVER_DISEASE,pubmed:23419359,true,exposure|population|outcome,retain,true
HRS4_LIVER_DISEASE,pubmed:23433055,true,exposure|population|outcome,deprioritize,false
HRS4_LIVER_DISEASE,pubmed:23458441,true,exposure|population|outcome,retain,true
HRS4_LIVER_DISEASE,pubmed:23458533,false,exposure|population,retain,false
HRS4_LIVER_DISEASE,pubmed:23458534,false,exposure|population,retain,false
HRS4_LIVER_DISEASE,pubmed:23469602,true,exposure|population|outcome,retain,true
HRS4_LIVER_DISEASE,pubmed:23510966,true,exposure|population|outcome,retain,true
HRS4_LIVER_DISEASE,pubmed:23569745,true,exposure|population|outcome,deprioritize,false
HRS4_LIVER_DISEASE,pubmed:23618528,true,exposure|population|outcome,deprioritize,false
HRS4_LIVER_DISEASE,pubmed:23623967,false,population|outcome,uncertain,false
HRS4_LIVER_DISEASE,pubmed:23624001,true,exposure|population|outcome,deprioritize,false
HRS4_LIVER_DISEASE,pubmed:23625293,true,exposure|population|outcome,retain,true
HRS4_LIVER_DISEASE,pubmed:23704820,true,exposure|population|outcome,retain,true
HRS4_LIVER_DISEASE,pubmed:23742226,true,exposure|population|outcome,deprioritize,false
HRS4_LIVER_DISEASE,pubmed:23750872,true,exposure|population|outcome,retain,true
HRS4_LIVER_DISEASE,pubmed:23757319,true,exposure|population|outcome,retain,true
HRS4_LIVER_DISEASE,pubmed:23758691,true,exposure|population|outcome,deprioritize,false
HRS4_LIVER_DISEASE,pubmed:23821313,true,exposure|population|outcome,deprioritize,false
HRS4_LIVER_DISEASE,pubmed:23851411,true,exposure|population|outcome,retain,true
HRS4_LIVER_DISEASE,pubmed:23855299,false,population|outcome,deprioritize,false
HRS4_LIVER_DISEASE,pubmed:23892757,true,exposure|population|outcome,retain,true
HRS4_LIVER_DISEASE,pubmed:23924877,true,exposure|population|outcome,retain,true
HRS4_LIVER_DISEASE,pubmed:23964154,true,exposure|population|outcome,retain,true
HRS4_LIVER_DISEASE,pubmed:23983444,false,population|outcome,retain,false
HRS4_LIVER_DISEASE,pubmed:23995915,false,population|outcome,retain,false
HRS4_LIVER_DISEASE,pubmed:24081297,false,exposure|outcome,retain,false
HRS4_LIVER_DISEASE,pubmed:24083935,true,exposure|population|outcome,retain,true
HRS4_LIVER_DISEASE,pubmed:24099018,true,exposure|population|outcome,retain,true
HRS4_LIVER_DISEASE,pubmed:24099027,true,exposure|population|outcome,retain,true
HRS4_LIVER_DISEASE,pubmed:24140589,true,exposure|population|outcome,deprioritize,false
HRS4_LIVER_DISEASE,pubmed:24182989,false,population|outcome,deprioritize,false
HRS4_LIVER_DISEASE,pubmed:24193065,false,exposure|population,retain,false
HRS4_LIVER_DISEASE,pubmed:24217902,false,population|outcome,retain,false
HRS4_LIVER_DISEASE,pubmed:24227554,true,exposure|population|outcome,retain,true
HRS4_LIVER_DISEASE,pubmed:24316315,true,exposure|population|outcome,retain,true
HRS4_LIVER_DISEASE,pubmed:24366059,false,outcome,deprioritize,false
HRS4_LIVER_DISEASE,pubmed:24388027,true,exposure|population|outcome,retain,true
HRS4_LIVER_DISEASE,pubmed:24427969,false,exposure,retain,false
HRS4_LIVER_DISEASE,pubmed:24456360,true,exposure|population|outcome,deprioritize,false
HRS4_LIVER_DISEASE,pubmed:24470142,false,exposure|outcome,retain,false
HRS4_LIVER_DISEASE,pubmed:24483102,true,exposure|population|outcome,retain,true
HRS4_LIVER_DISEASE,pubmed:24520780,true,exposure|population|outcome,retain,true
HRS4_LIVER_DISEASE,pubmed:24570131,false,exposure|outcome,retain,false
HRS4_LIVER_DISEASE,pubmed:24572451,true,exposure|population|outcome,retain,true
HRS4_LIVER_DISEASE,pubmed:24627311,false,exposure|population,retain,false
HRS4_LIVER_DISEASE,pubmed:24633115,false,exposure,retain,false
HRS4_LIVER_DISEASE,pubmed:24650230,true,exposure|population|outcome,deprioritize,false
HRS4_LIVER_DISEASE,pubmed:24657312,true,exposure|population|outcome,retain,true
HRS4_LIVER_DISEASE,pubmed:24661785,true,exposure|population|outcome,retain,true
HRS4_LIVER_DISEASE,pubmed:24679099,false,exposure|population,retain,false
HRS4_LIVER_DISEASE,pubmed:24689808,false,population,deprioritize,false
HRS4_LIVER_DISEASE,pubmed:24693886,false,exposure,retain,false
HRS4_LIVER_DISEASE,pubmed:24725925,true,exposure|population|outcome,retain,true
HRS4_LIVER_DISEASE,pubmed:24761695,false,,retain,false
HRS4_LIVER_DISEASE,pubmed:24828027,true,exposure|population|outcome,deprioritize,false
HRS4_LIVER_DISEASE,pubmed:24844799,true,exposure|population|outcome,retain,true
HRS4_LIVER_DISEASE,pubmed:24862489,true,exposure|population|outcome,retain,true
HRS4_LIVER_DISEASE,pubmed:24867504,true,exposure|population|outcome,retain,true
HRS4_LIVER_DISEASE,pubmed:24879976,false,,uncertain,false
HRS4_LIVER_DISEASE,pubmed:24879982,true,exposure|population|outcome,retain,true
HRS4_LIVER_DISEASE,pubmed:24915453,true,exposure|population|outcome,retain,true
HRS4_LIVER_DISEASE,pubmed:24916713,true,exposure|population|outcome,retain,true
HRS4_LIVER_DISEASE,pubmed:24933018,true,exposure|population|outcome,deprioritize,false
HRS4_LIVER_DISEASE,pubmed:24935270,true,exposure|population|outcome,retain,true
HRS4_LIVER_DISEASE,pubmed:24969520,false,population|outcome,deprioritize,false
HRS4_LIVER_DISEASE,pubmed:25043597,true,exposure|population|outcome,retain,true
HRS4_LIVER_DISEASE,pubmed:25048610,false,population|outcome,deprioritize,false
HRS4_LIVER_DISEASE,pubmed:25059038,false,population|outcome,deprioritize,false
HRS4_LIVER_DISEASE,pubmed:25089364,true,exposure|population|outcome,deprioritize,false
HRS4_LIVER_DISEASE,pubmed:25091255,false,exposure|population,retain,false
HRS4_LIVER_DISEASE,pubmed:25096265,true,exposure|population|outcome,deprioritize,false
HRS4_LIVER_DISEASE,pubmed:25103314,false,exposure|population,retain,false
HRS4_LIVER_DISEASE,pubmed:2513032,false,exposure|outcome,retain,false
HRS4_LIVER_DISEASE,pubmed:25167337,true,exposure|population|outcome,retain,true
HRS4_LIVER_DISEASE,pubmed:25202144,true,exposure|population|outcome,retain,true
HRS4_LIVER_DISEASE,pubmed:25242078,false,,deprioritize,false
HRS4_LIVER_DISEASE,pubmed:25280007,true,exposure|population|outcome,deprioritize,false
HRS4_LIVER_DISEASE,pubmed:25356040,false,population|outcome,retain,false
HRS4_LIVER_DISEASE,pubmed:25371567,true,exposure|population|outcome,deprioritize,false
HRS4_LIVER_DISEASE,pubmed:25371570,false,exposure|population,deprioritize,false
HRS4_LIVER_DISEASE,pubmed:25391087,false,exposure,retain,false
HRS4_LIVER_DISEASE,pubmed:25412679,true,exposure|population|outcome,deprioritize,false
HRS4_LIVER_DISEASE,pubmed:25417766,false,population|outcome,deprioritize,false
HRS4_LIVER_DISEASE,pubmed:25435714,true,exposure|population|outcome,deprioritize,false
HRS4_LIVER_DISEASE,pubmed:25450083,true,exposure|population|outcome,retain,true
HRS4_LIVER_DISEASE,pubmed:25450583,true,exposure|population|outcome,retain,true
HRS4_LIVER_DISEASE,pubmed:25495794,true,exposure|population|outcome,deprioritize,false
HRS4_LIVER_DISEASE,pubmed:25500423,true,exposure|population|outcome,retain,true
HRS4_LIVER_DISEASE,pubmed:25512112,true,exposure|population|outcome,retain,true
HRS4_LIVER_DISEASE,pubmed:25536637,true,exposure|population|outcome,retain,true
HRS4_LIVER_DISEASE,pubmed:25544415,true,exposure|population|outcome,retain,true
HRS4_LIVER_DISEASE,pubmed:25546878,true,exposure|population|outcome,retain,true
HRS4_LIVER_DISEASE,pubmed:25573494,true,exposure|population|outcome,retain,true
HRS4_LIVER_DISEASE,pubmed:25579757,false,exposure|outcome,retain,false
HRS4_LIVER_DISEASE,pubmed:25618544,true,exposure|population|outcome,retain,true
HRS4_LIVER_DISEASE,pubmed:25668233,true,exposure|population|outcome,retain,true
HRS4_LIVER_DISEASE,pubmed:25680499,true,exposure|population|outcome,retain,true
HRS4_LIVER_DISEASE,pubmed:2571536,false,exposure|population,retain,false
HRS4_LIVER_DISEASE,pubmed:25733099,true,exposure|population|outcome,retain,true
HRS4_LIVER_DISEASE,pubmed:25743713,false,,uncertain,false
HRS4_LIVER_DISEASE,pubmed:25743714,false,,uncertain,false
HRS4_LIVER_DISEASE,pubmed:25744927,true,exposure|population|outcome,retain,true
HRS4_LIVER_DISEASE,pubmed:25746479,true,exposure|population|outcome,deprioritize,false
HRS4_LIVER_DISEASE,pubmed:25804917,false,outcome,retain,false
HRS4_LIVER_DISEASE,pubmed:25809237,true,exposure|population|outcome,retain,true
HRS4_LIVER_DISEASE,pubmed:25811114,false,population,retain,false
HRS4_LIVER_DISEASE,pubmed:25823877,true,exposure|population|outcome,retain,true
HRS4_LIVER_DISEASE,pubmed:25857314,true,exposure|population|outcome,deprioritize,false
HRS4_LIVER_DISEASE,pubmed:25910227,true,exposure|population|outcome,deprioritize,false
HRS4_LIVER_DISEASE,pubmed:25923145,true,exposure|population|outcome,retain,true
HRS4_LIVER_DISEASE,pubmed:25948859,true,exposure|population|outcome,retain,true
HRS4_LIVER_DISEASE,pubmed:25956487,true,exposure|population|outcome,retain,true
HRS4_LIVER_DISEASE,pubmed:25956676,true,exposure|population|outcome,retain,true
HRS4_LIVER_DISEASE,pubmed:25962859,false,exposure|population,deprioritize,false
HRS4_LIVER_DISEASE,pubmed:25971830,true,exposure|population|outcome,retain,true
HRS4_LIVER_DISEASE,pubmed:25975988,true,exposure|population|outcome,retain,true
HRS4_LIVER_DISEASE,pubmed:25980398,false,population|outcome,retain,false
HRS4_LIVER_DISEASE,pubmed:26045135,false,population|outcome,deprioritize,false
HRS4_LIVER_DISEASE,pubmed:26051348,false,exposure|outcome,retain,false
HRS4_LIVER_DISEASE,pubmed:26066646,true,exposure|population|outcome,retain,true
HRS4_LIVER_DISEASE,pubmed:26069918,true,exposure|population|outcome,retain,true
HRS4_LIVER_DISEASE,pubmed:26076377,true,exposure|population|outcome,retain,true
HRS4_LIVER_DISEASE,pubmed:26114074,true,exposure|population|outcome,retain,true
HRS4_LIVER_DISEASE,pubmed:26126259,true,exposure|population|outcome,retain,true
HRS4_LIVER_DISEASE,pubmed:26149408,true,exposure|population|outcome,retain,true
HRS4_LIVER_DISEASE,pubmed:26243373,true,exposure|population|outcome,retain,true
HRS4_LIVER_DISEASE,pubmed:26273591,true,exposure|population|outcome,retain,true
HRS4_LIVER_DISEASE,pubmed:26298863,true,exposure|population|outcome,retain,true
HRS4_LIVER_DISEASE,pubmed:26299642,true,exposure|population|outcome,deprioritize,false
HRS4_LIVER_DISEASE,pubmed:26302024,true,exposure|population|outcome,retain,true
HRS4_LIVER_DISEASE,pubmed:26325335,false,population|outcome,deprioritize,false
HRS4_LIVER_DISEASE,pubmed:26327730,true,exposure|population|outcome,retain,true
HRS4_LIVER_DISEASE,pubmed:26333346,false,population|outcome,deprioritize,false
HRS4_LIVER_DISEASE,pubmed:26377694,true,exposure|population|outcome,retain,true
HRS4_LIVER_DISEASE,pubmed:26436170,false,population,retain,false
HRS4_LIVER_DISEASE,pubmed:26459430,true,exposure|population|outcome,retain,true
HRS4_LIVER_DISEASE,pubmed:26475488,true,exposure|population|outcome,retain,true
HRS4_LIVER_DISEASE,pubmed:26517853,false,exposure,retain,false
HRS4_LIVER_DISEASE,pubmed:26538199,true,exposure|population|outcome,retain,true
HRS4_LIVER_DISEASE,pubmed:26560492,true,exposure|population|outcome,retain,true
HRS4_LIVER_DISEASE,pubmed:26561740,true,exposure|population|outcome,retain,true
HRS4_LIVER_DISEASE,pubmed:26626635,true,exposure|population|outcome,retain,true
HRS4_LIVER_DISEASE,pubmed:26626645,true,exposure|population|outcome,retain,true
HRS4_LIVER_DISEASE,pubmed:26626648,true,exposure|population|outcome,retain,true
HRS4_LIVER_DISEASE,pubmed:26669124,true,exposure|population|outcome,retain,true
HRS4_LIVER_DISEASE,pubmed:26670668,false,population|outcome,uncertain,false
HRS4_LIVER_DISEASE,pubmed:26683486,true,exposure|population|outcome,deprioritize,false
HRS4_LIVER_DISEASE,pubmed:26696029,true,exposure|population|outcome,retain,true
HRS4_LIVER_DISEASE,pubmed:26710547,true,exposure|population|outcome,retain,true
HRS4_LIVER_DISEASE,pubmed:26712744,true,exposure|population|outcome,retain,true
HRS4_LIVER_DISEASE,pubmed:26713057,true,exposure|population|outcome,retain,true
HRS4_LIVER_DISEASE,pubmed:26719300,false,,deprioritize,false
HRS4_LIVER_DISEASE,pubmed:26731241,false,exposure|outcome,deprioritize,false
HRS4_LIVER_DISEASE,pubmed:26755857,true,exposure|population|outcome,retain,true
HRS4_LIVER_DISEASE,pubmed:26827101,true,exposure|population|outcome,retain,true
HRS4_LIVER_DISEASE,pubmed:26861284,true,exposure|population|outcome,retain,true
HRS4_LIVER_DISEASE,pubmed:26875483,true,exposure|population|outcome,retain,true
HRS4_LIVER_DISEASE,pubmed:26876280,true,exposure|population|outcome,deprioritize,false
HRS4_LIVER_DISEASE,pubmed:26882579,false,exposure|outcome,retain,false
HRS4_LIVER_DISEASE,pubmed:26912176,true,exposure|population|outcome,deprioritize,false
HRS4_LIVER_DISEASE,pubmed:26938524,false,population|outcome,deprioritize,false
HRS4_LIVER_DISEASE,pubmed:26950122,false,exposure|outcome,retain,false
HRS4_LIVER_DISEASE,pubmed:26971288,true,exposure|population|outcome,retain,true
HRS4_LIVER_DISEASE,pubmed:27016852,false,exposure|population,retain,false
HRS4_LIVER_DISEASE,pubmed:27020633,true,exposure|population|outcome,retain,true
HRS4_LIVER_DISEASE,pubmed:27043516,true,exposure|population|outcome,deprioritize,false
HRS4_LIVER_DISEASE,pubmed:27043544,true,exposure|population|outcome,retain,true
HRS4_LIVER_DISEASE,pubmed:27070596,true,exposure|population|outcome,retain,true
HRS4_LIVER_DISEASE,pubmed:27118685,false,population,deprioritize,false
HRS4_LIVER_DISEASE,pubmed:27128912,true,exposure|population|outcome,retain,true
HRS4_LIVER_DISEASE,pubmed:27142670,true,exposure|population|outcome,retain,true
HRS4_LIVER_DISEASE,pubmed:27187363,true,exposure|population|outcome,retain,true
HRS4_LIVER_DISEASE,pubmed:27189593,true,exposure|population|outcome,retain,true
HRS4_LIVER_DISEASE,pubmed:27273168,true,exposure|population|outcome,deprioritize,false
HRS4_LIVER_DISEASE,pubmed:27310002,true,exposure|population|outcome,retain,true
HRS4_LIVER_DISEASE,pubmed:27367536,true,exposure|population|outcome,retain,true
HRS4_LIVER_DISEASE,pubmed:27402097,true,exposure|population|outcome,retain,true
HRS4_LIVER_DISEASE,pubmed:27404261,true,exposure|population|outcome,retain,true
HRS4_LIVER_DISEASE,pubmed:27428996,true,exposure|population|outcome,deprioritize,false
HRS4_LIVER_DISEASE,pubmed:27471014,false,exposure|outcome,retain,false
HRS4_LIVER_DISEASE,pubmed:27479144,true,exposure|population|outcome,retain,true
HRS4_LIVER_DISEASE,pubmed:27491219,true,exposure|population|outcome,retain,true
HRS4_LIVER_DISEASE,pubmed:27562319,false,population,deprioritize,false
HRS4_LIVER_DISEASE,pubmed:27608014,true,exposure|population|outcome,retain,true
HRS4_LIVER_DISEASE,pubmed:27627914,true,exposure|population|outcome,deprioritize,false
HRS4_LIVER_DISEASE,pubmed:27644137,false,exposure|outcome,retain,false
HRS4_LIVER_DISEASE,pubmed:27677775,true,exposure|population|outcome,retain,true
HRS4_LIVER_DISEASE,pubmed:27740529,false,exposure|population,retain,false
HRS4_LIVER_DISEASE,pubmed:27771930,true,exposure|population|outcome,deprioritize,false
HRS4_LIVER_DISEASE,pubmed:27842768,true,exposure|population|outcome,retain,true
HRS4_LIVER_DISEASE,pubmed:27842775,true,exposure|population|outcome,retain,true
HRS4_LIVER_DISEASE,pubmed:27856182,true,exposure|population|outcome,retain,true
HRS4_LIVER_DISEASE,pubmed:27871867,false,population|outcome,deprioritize,false
HRS4_LIVER_DISEASE,pubmed:27890005,true,exposure|population|outcome,retain,true
HRS4_LIVER_DISEASE,pubmed:27890791,false,population|outcome,deprioritize,false
HRS4_LIVER_DISEASE,pubmed:27956449,true,exposure|population|outcome,retain,true
HRS4_LIVER_DISEASE,pubmed:27959299,true,exposure|population|outcome,retain,true
HRS4_LIVER_DISEASE,pubmed:27978926,true,exposure|population|outcome,retain,true
HRS4_LIVER_DISEASE,pubmed:27981596,true,exposure|population|outcome,retain,true
HRS4_LIVER_DISEASE,pubmed:28018115,true,exposure|population|outcome,retain,true
HRS4_LIVER_DISEASE,pubmed:28025058,true,exposure|population|outcome,retain,true
HRS4_LIVER_DISEASE,pubmed:28062872,true,exposure|population|outcome,retain,true
HRS4_LIVER_DISEASE,pubmed:28078299,true,exposure|population|outcome,retain,true
HRS4_LIVER_DISEASE,pubmed:28121193,true,exposure|population|outcome,deprioritize,false
HRS4_LIVER_DISEASE,pubmed:28152355,true,exposure|population|outcome,retain,true
HRS4_LIVER_DISEASE,pubmed:28196290,true,exposure|population|outcome,deprioritize,false
HRS4_LIVER_DISEASE,pubmed:28219592,true,exposure|population|outcome,retain,true
HRS4_LIVER_DISEASE,pubmed:28230908,true,exposure|population|outcome,retain,true
HRS4_LIVER_DISEASE,pubmed:28276270,false,,uncertain,false
HRS4_LIVER_DISEASE,pubmed:28325574,true,exposure|population|outcome,deprioritize,false
HRS4_LIVER_DISEASE,pubmed:28379595,true,exposure|population|outcome,retain,true
HRS4_LIVER_DISEASE,pubmed:28379599,true,exposure|population|outcome,retain,true
HRS4_LIVER_DISEASE,pubmed:28400341,false,population|outcome,retain,false
HRS4_LIVER_DISEASE,pubmed:28405790,true,exposure|population|outcome,retain,true
HRS4_LIVER_DISEASE,pubmed:28506365,true,exposure|population|outcome,retain,true
HRS4_LIVER_DISEASE,pubmed:28543822,true,exposure|population|outcome,retain,true
HRS4_LIVER_DISEASE,pubmed:28555362,true,exposure|population|outcome,retain,true
HRS4_LIVER_DISEASE,pubmed:28571502,true,exposure|population|outcome,retain,true
HRS4_LIVER_DISEASE,pubmed:28573253,false,population|outcome,deprioritize,false
HRS4_LIVER_DISEASE,pubmed:28594241,true,exposure|population|outcome,deprioritize,false
HRS4_LIVER_DISEASE,pubmed:28596675,false,population|outcome,retain,false
HRS4_LIVER_DISEASE,pubmed:28617329,true,exposure|population|outcome,deprioritize,false
HRS4_LIVER_DISEASE,pubmed:28627645,false,population|outcome,deprioritize,false
HRS4_LIVER_DISEASE,pubmed:28647510,true,exposure|population|outcome,deprioritize,false
HRS4_LIVER_DISEASE,pubmed:28765194,true,exposure|population|outcome,retain,true
HRS4_LIVER_DISEASE,pubmed:28771932,true,exposure|population|outcome,retain,true
HRS4_LIVER_DISEASE,pubmed:28807851,true,exposure|population|outcome,retain,true
HRS4_LIVER_DISEASE,pubmed:28843594,true,exposure|population|outcome,deprioritize,false
HRS4_LIVER_DISEASE,pubmed:28864554,true,exposure|population|outcome,retain,true
HRS4_LIVER_DISEASE,pubmed:28873351,true,exposure|population|outcome,retain,true
HRS4_LIVER_DISEASE,pubmed:28895915,true,exposure|population|outcome,retain,true
HRS4_LIVER_DISEASE,pubmed:28933492,true,exposure|population|outcome,deprioritize,false
HRS4_LIVER_DISEASE,pubmed:28968354,true,exposure|population|outcome,retain,true
HRS4_LIVER_DISEASE,pubmed:28972878,true,exposure|population|outcome,retain,true
HRS4_LIVER_DISEASE,pubmed:29087122,true,exposure|population|outcome,retain,true
HRS4_LIVER_DISEASE,pubmed:29117101,false,exposure|outcome,retain,false
HRS4_LIVER_DISEASE,pubmed:29196155,false,exposure|population,retain,false
HRS4_LIVER_DISEASE,pubmed:29268595,true,exposure|population|outcome,retain,true
HRS4_LIVER_DISEASE,pubmed:29277608,true,exposure|population|outcome,deprioritize,false
HRS4_LIVER_DISEASE,pubmed:29289796,true,exposure|population|outcome,deprioritize,false
HRS4_LIVER_DISEASE,pubmed:29307848,true,exposure|population|outcome,retain,true
HRS4_LIVER_DISEASE,pubmed:29310849,true,exposure|population|outcome,retain,true
HRS4_LIVER_DISEASE,pubmed:29364842,true,exposure|population|outcome,retain,true
HRS4_LIVER_DISEASE,pubmed:29397594,true,exposure|population|outcome,retain,true
HRS4_LIVER_DISEASE,pubmed:2942280,false,population,uncertain,false
HRS4_LIVER_DISEASE,pubmed:29423815,true,exposure|population|outcome,retain,true
HRS4_LIVER_DISEASE,pubmed:29433390,false,,deprioritize,false
HRS4_LIVER_DISEASE,pubmed:29433393,true,exposure|population|outcome,deprioritize,false
HRS4_LIVER_DISEASE,pubmed:29471563,true,exposure|population|outcome,retain,true
HRS4_LIVER_DISEASE,pubmed:29486131,true,exposure|population|outcome,retain,true
HRS4_LIVER_DISEASE,pubmed:29507653,true,exposure|population|outcome,retain,true
HRS4_LIVER_DISEASE,pubmed:29521706,true,exposure|population|outcome,retain,true
HRS4_LIVER_DISEASE,pubmed:29526703,true,exposure|population|outcome,retain,true
HRS4_LIVER_DISEASE,pubmed:29600768,false,population|outcome,deprioritize,false
HRS4_LIVER_DISEASE,pubmed:29744362,false,exposure|population,deprioritize,false
HRS4_LIVER_DISEASE,pubmed:29749323,true,exposure|population|outcome,retain,true
HRS4_LIVER_DISEASE,pubmed:29751876,true,exposure|population|outcome,retain,true
HRS4_LIVER_DISEASE,pubmed:29770511,true,exposure|population|outcome,retain,true
HRS4_LIVER_DISEASE,pubmed:29782898,true,exposure|population|outcome,retain,true
HRS4_LIVER_DISEASE,pubmed:29802521,true,exposure|population|outcome,retain,true
HRS4_LIVER_DISEASE,pubmed:29808546,true,exposure|population|outcome,retain,true
HRS4_LIVER_DISEASE,pubmed:29857089,true,exposure|population|outcome,retain,true
HRS4_LIVER_DISEASE,pubmed:29870727,false,exposure|population,retain,false
HRS4_LIVER_DISEASE,pubmed:29906537,false,exposure|population,deprioritize,false
HRS4_LIVER_DISEASE,pubmed:29920288,false,exposure|outcome,deprioritize,false
HRS4_LIVER_DISEASE,pubmed:29920648,true,exposure|population|outcome,retain,true
HRS4_LIVER_DISEASE,pubmed:29953177,true,exposure|population|outcome,retain,true
HRS4_LIVER_DISEASE,pubmed:29969892,true,exposure|population|outcome,deprioritize,false
HRS4_LIVER_DISEASE,pubmed:30003672,true,exposure|population|outcome,retain,true
HRS4_LIVER_DISEASE,pubmed:30010169,true,exposure|population|outcome,deprioritize,false
HRS4_LIVER_DISEASE,pubmed:3001402,true,exposure|population|outcome,retain,true
HRS4_LIVER_DISEASE,pubmed:30079536,true,exposure|population|outcome,retain,true
HRS4_LIVER_DISEASE,pubmed:30080294,true,exposure|population|outcome,retain,true
HRS4_LIVER_DISEASE,pubmed:30158570,true,exposure|population|outcome,retain,true
HRS4_LIVER_DISEASE,pubmed:30213010,true,exposure|population|outcome,retain,true
HRS4_LIVER_DISEASE,pubmed:30274144,true,exposure|population|outcome,retain,true
HRS4_LIVER_DISEASE,pubmed:30327154,false,outcome,deprioritize,false
HRS4_LIVER_DISEASE,pubmed:30343418,true,exposure|population|outcome,retain,true
HRS4_LIVER_DISEASE,pubmed:30357773,true,exposure|population|outcome,retain,true
HRS4_LIVER_DISEASE,pubmed:30378260,true,exposure|population|outcome,retain,true
HRS4_LIVER_DISEASE,pubmed:30390892,true,exposure|population|outcome,retain,true
HRS4_LIVER_DISEASE,pubmed:30612458,false,exposure|population,deprioritize,false
HRS4_LIVER_DISEASE,pubmed:30626086,true,exposure|population|outcome,deprioritize,false
HRS4_LIVER_DISEASE,pubmed:30670256,true,exposure|population|outcome,retain,true
HRS4_LIVER_DISEASE,pubmed:30742832,true,exposure|population|outcome,retain,true
HRS4_LIVER_DISEASE,pubmed:30782046,true,exposure|population|outcome,deprioritize,false
HRS4_LIVER_DISEASE,pubmed:30802610,true,exposure|population|outcome,deprioritize,false
HRS4_LIVER_DISEASE,pubmed:30888761,false,exposure|population,deprioritize,false
HRS4_LIVER_DISEASE,pubmed:30910808,true,exposure|population|outcome,retain,true
HRS4_LIVER_DISEASE,pubmed:30914020,true,exposure|population|outcome,retain,true
HRS4_LIVER_DISEASE,pubmed:30920318,true,exposure|population|outcome,retain,true
HRS4_LIVER_DISEASE,pubmed:30926241,true,exposure|population|outcome,retain,true
HRS4_LIVER_DISEASE,pubmed:30927921,true,exposure|population|outcome,deprioritize,false
HRS4_LIVER_DISEASE,pubmed:30934130,true,exposure|population|outcome,retain,true
HRS4_LIVER_DISEASE,pubmed:30939785,true,exposure|population|outcome,deprioritize,false
HRS4_LIVER_DISEASE,pubmed:30955354,true,exposure|population|outcome,retain,true
HRS4_LIVER_DISEASE,pubmed:30974967,true,exposure|population|outcome,deprioritize,false
HRS4_LIVER_DISEASE,pubmed:31004881,true,exposure|population|outcome,retain,true
HRS4_LIVER_DISEASE,pubmed:31077227,true,exposure|population|outcome,retain,true
HRS4_LIVER_DISEASE,pubmed:31122041,true,exposure|population|outcome,deprioritize,false
HRS4_LIVER_DISEASE,pubmed:31140472,true,exposure|population|outcome,deprioritize,false
HRS4_LIVER_DISEASE,pubmed:31199767,true,exposure|population|outcome,retain,true
HRS4_LIVER_DISEASE,pubmed:31204407,true,exposure|population|outcome,retain,true
HRS4_LIVER_DISEASE,pubmed:31243985,true,exposure|population|outcome,deprioritize,false
HRS4_LIVER_DISEASE,pubmed:31271321,false,exposure|outcome,retain,false
HRS4_LIVER_DISEASE,pubmed:31279342,true,exposure|population|outcome,retain,true
HRS4_LIVER_DISEASE,pubmed:31307586,true,exposure|population|outcome,retain,true
HRS4_LIVER_DISEASE,pubmed:31314970,false,population|outcome,uncertain,false
HRS4_LIVER_DISEASE,pubmed:31350744,true,exposure|population|outcome,retain,true
HRS4_LIVER_DISEASE,pubmed:31366891,true,exposure|population|outcome,retain,true
HRS4_LIVER_DISEASE,pubmed:31498101,true,exposure|population|outcome,retain,true
HRS4_LIVER_DISEASE,pubmed:31501836,true,exposure|population|outcome,deprioritize,false
HRS4_LIVER_DISEASE,pubmed:31557595,true,exposure|population|outcome,retain,true
HRS4_LIVER_DISEASE,pubmed:31563808,true,exposure|population|outcome,deprioritize,false
HRS4_LIVER_DISEASE,pubmed:31569771,true,exposure|population|outcome,deprioritize,false
HRS4_LIVER_DISEASE,pubmed:31571251,true,exposure|population|outcome,deprioritize,false
HRS4_LIVER_DISEASE,pubmed:31689910,true,exposure|population|outcome,retain,true
HRS4_LIVER_DISEASE,pubmed:31701433,true,exposure|population|outcome,deprioritize,false
HRS4_LIVER_DISEASE,pubmed:31720699,true,exposure|population|outcome,retain,true
HRS4_LIVER_DISEASE,pubmed:31753246,true,exposure|population|outcome,retain,true
HRS4_LIVER_DISEASE,pubmed:31753247,true,exposure|population|outcome,retain,true
HRS4_LIVER_DISEASE,pubmed:31767895,false,exposure|outcome,deprioritize,false
HRS4_LIVER_DISEASE,pubmed:31775657,false,population|outcome,retain,false
HRS4_LIVER_DISEASE,pubmed:31809787,false,exposure|population,deprioritize,false
HRS4_LIVER_DISEASE,pubmed:31846399,true,exposure|population|outcome,deprioritize,false
HRS4_LIVER_DISEASE,pubmed:31857773,true,exposure|population|outcome,retain,true
HRS4_LIVER_DISEASE,pubmed:31879192,false,outcome,retain,false
HRS4_LIVER_DISEASE,pubmed:31991029,true,exposure|population|outcome,retain,true
HRS4_LIVER_DISEASE,pubmed:32017253,true,exposure|population|outcome,retain,true
HRS4_LIVER_DISEASE,pubmed:32037709,false,outcome,retain,false
HRS4_LIVER_DISEASE,pubmed:32123300,true,exposure|population|outcome,retain,true
HRS4_LIVER_DISEASE,pubmed:32147478,false,population|outcome,deprioritize,false
HRS4_LIVER_DISEASE,pubmed:32192741,true,exposure|population|outcome,retain,true
HRS4_LIVER_DISEASE,pubmed:32267550,true,exposure|population|outcome,deprioritize,false
HRS4_LIVER_DISEASE,pubmed:32312690,true,exposure|population|outcome,retain,true
HRS4_LIVER_DISEASE,pubmed:32331258,true,exposure|population|outcome,deprioritize,false
HRS4_LIVER_DISEASE,pubmed:32496340,false,,deprioritize,false
HRS4_LIVER_DISEASE,pubmed:32513044,true,exposure|population|outcome,deprioritize,false
HRS4_LIVER_DISEASE,pubmed:32525269,true,exposure|population|outcome,retain,true
HRS4_LIVER_DISEASE,pubmed:32532617,true,exposure|population|outcome,retain,true
HRS4_LIVER_DISEASE,pubmed:32538091,true,exposure|population|outcome,deprioritize,false
HRS4_LIVER_DISEASE,pubmed:32595263,true,exposure|population|outcome,retain,true
HRS4_LIVER_DISEASE,pubmed:32634627,true,exposure|population|outcome,deprioritize,false
HRS4_LIVER_DISEASE,pubmed:32652917,false,population|outcome,deprioritize,false
HRS4_LIVER_DISEASE,pubmed:32656820,true,exposure|population|outcome,retain,true
HRS4_LIVER_DISEASE,pubmed:32668632,true,exposure|population|outcome,deprioritize,false
HRS4_LIVER_DISEASE,pubmed:32690854,true,exposure|population|outcome,retain,true
HRS4_LIVER_DISEASE,pubmed:32693115,false,population|outcome,retain,false
HRS4_LIVER_DISEASE,pubmed:32702243,true,exposure|population|outcome,retain,true
HRS4_LIVER_DISEASE,pubmed:32715778,true,exposure|population|outcome,retain,true
HRS4_LIVER_DISEASE,pubmed:32718364,true,exposure|population|outcome,deprioritize,false
HRS4_LIVER_DISEASE,pubmed:32813127,true,exposure|population|outcome,retain,true
HRS4_LIVER_DISEASE,pubmed:32818465,true,exposure|population|outcome,retain,true
HRS4_LIVER_DISEASE,pubmed:32852569,true,exposure|population|outcome,retain,true
HRS4_LIVER_DISEASE,pubmed:32892374,true,exposure|population|outcome,retain,true
HRS4_LIVER_DISEASE,pubmed:32895142,true,exposure|population|outcome,retain,true
HRS4_LIVER_DISEASE,pubmed:32942158,false,population,retain,false
HRS4_LIVER_DISEASE,pubmed:32961280,true,exposure|population|outcome,retain,true
HRS4_LIVER_DISEASE,pubmed:33004548,false,population|outcome,deprioritize,false
HRS4_LIVER_DISEASE,pubmed:33027883,false,exposure|outcome,retain,false
HRS4_LIVER_DISEASE,pubmed:33154553,true,exposure|population|outcome,retain,true
HRS4_LIVER_DISEASE,pubmed:33203174,true,exposure|population|outcome,retain,true
HRS4_LIVER_DISEASE,pubmed:33213177,true,exposure|population|outcome,deprioritize,false
HRS4_LIVER_DISEASE,pubmed:33222432,true,exposure|population|outcome,retain,true
HRS4_LIVER_DISEASE,pubmed:33250192,true,exposure|population|outcome,retain,true
HRS4_LIVER_DISEASE,pubmed:33258346,true,exposure|population|outcome,deprioritize,false
HRS4_LIVER_DISEASE,pubmed:33274511,false,,deprioritize,false
HRS4_LIVER_DISEASE,pubmed:33322162,false,population|outcome,retain,false
HRS4_LIVER_DISEASE,pubmed:33346172,true,exposure|population|outcome,retain,true
HRS4_LIVER_DISEASE,pubmed:33353302,true,exposure|population|outcome,deprioritize,false
HRS4_LIVER_DISEASE,pubmed:33382359,true,exposure|population|outcome,deprioritize,false
HRS4_LIVER_DISEASE,pubmed:33434654,true,exposure|population|outcome,retain,true
HRS4_LIVER_DISEASE,pubmed:33501840,true,exposure|population|outcome,deprioritize,false
HRS4_LIVER_DISEASE,pubmed:33508520,true,exposure|population|outcome,retain,true
HRS4_LIVER_DISEASE,pubmed:33514869,true,exposure|population|outcome,retain,true
HRS4_LIVER_DISEASE,pubmed:33551105,true,exposure|population|outcome,deprioritize,false
HRS4_LIVER_DISEASE,pubmed:33572973,false,exposure|outcome,retain,false
HRS4_LIVER_DISEASE,pubmed:33579656,true,exposure|population|outcome,retain,true
HRS4_LIVER_DISEASE,pubmed:33609753,true,exposure|population|outcome,retain,true
HRS4_LIVER_DISEASE,pubmed:33621669,true,exposure|population|outcome,retain,true
HRS4_LIVER_DISEASE,pubmed:33629115,true,exposure|population|outcome,deprioritize,false
HRS4_LIVER_DISEASE,pubmed:33657990,true,exposure|population|outcome,deprioritize,false
HRS4_LIVER_DISEASE,pubmed:33678036,true,exposure|population|outcome,deprioritize,false
HRS4_LIVER_DISEASE,pubmed:33794784,true,exposure|population|outcome,retain,true
HRS4_LIVER_DISEASE,pubmed:33832332,true,exposure|population|outcome,deprioritize,false
HRS4_LIVER_DISEASE,pubmed:33836412,true,exposure|population|outcome,retain,true
HRS4_LIVER_DISEASE,pubmed:33846832,true,exposure|population|outcome,retain,true
HRS4_LIVER_DISEASE,pubmed:33864432,true,exposure|population|outcome,retain,true
HRS4_LIVER_DISEASE,pubmed:33929376,true,exposure|population|outcome,retain,true
HRS4_LIVER_DISEASE,pubmed:33945827,true,exposure|population|outcome,retain,true
HRS4_LIVER_DISEASE,pubmed:33953643,true,exposure|population|outcome,deprioritize,false
HRS4_LIVER_DISEASE,pubmed:33954202,true,exposure|population|outcome,retain,true
HRS4_LIVER_DISEASE,pubmed:33962922,true,exposure|population|outcome,retain,true
HRS4_LIVER_DISEASE,pubmed:33977953,true,exposure|population|outcome,deprioritize,false
HRS4_LIVER_DISEASE,pubmed:34063021,false,exposure|outcome,retain,false
HRS4_LIVER_DISEASE,pubmed:34082111,true,exposure|population|outcome,deprioritize,false
HRS4_LIVER_DISEASE,pubmed:34146619,true,exposure|population|outcome,deprioritize,false
HRS4_LIVER_DISEASE,pubmed:34265382,false,population|outcome,deprioritize,false
HRS4_LIVER_DISEASE,pubmed:34272737,true,exposure|population|outcome,retain,true
HRS4_LIVER_DISEASE,pubmed:34309869,true,exposure|population|outcome,deprioritize,false
HRS4_LIVER_DISEASE,pubmed:34331346,true,exposure|population|outcome,retain,true
HRS4_LIVER_DISEASE,pubmed:34370392,true,exposure|population|outcome,retain,true
HRS4_LIVER_DISEASE,pubmed:34382132,true,exposure|population|outcome,retain,true
HRS4_LIVER_DISEASE,pubmed:34386975,true,exposure|population|outcome,retain,true
HRS4_LIVER_DISEASE,pubmed:34400200,true,exposure|population|outcome,deprioritize,false
HRS4_LIVER_DISEASE,pubmed:34400337,true,exposure|population|outcome,retain,true
HRS4_LIVER_DISEASE,pubmed:34409912,true,exposure|population|outcome,deprioritize,false
HRS4_LIVER_DISEASE,pubmed:34432218,true,exposure|population|outcome,retain,true
HRS4_LIVER_DISEASE,pubmed:34491307,true,exposure|population|outcome,retain,true
HRS4_LIVER_DISEASE,pubmed:34546256,true,exposure|population|outcome,deprioritize,false
HRS4_LIVER_DISEASE,pubmed:34549998,true,exposure|population|outcome,deprioritize,false
HRS4_LIVER_DISEASE,pubmed:34585848,false,exposure|population,deprioritize,false
HRS4_LIVER_DISEASE,pubmed:34603279,true,exposure|population|outcome,deprioritize,false
HRS4_LIVER_DISEASE,pubmed:34685712,true,exposure|population|outcome,deprioritize,false
HRS4_LIVER_DISEASE,pubmed:34688802,true,exposure|population|outcome,deprioritize,false
HRS4_LIVER_DISEASE,pubmed:34772600,true,exposure|population|outcome,retain,true
HRS4_LIVER_DISEASE,pubmed:34825768,true,exposure|population|outcome,retain,true
HRS4_LIVER_DISEASE,pubmed:34882134,true,exposure|population|outcome,retain,true
HRS4_LIVER_DISEASE,pubmed:34883213,true,exposure|population|outcome,retain,true
HRS4_LIVER_DISEASE,pubmed:34937168,true,exposure|population|outcome,deprioritize,false
HRS4_LIVER_DISEASE,pubmed:34981106,true,exposure|population|outcome,deprioritize,false
HRS4_LIVER_DISEASE,pubmed:34985089,true,exposure|population|outcome,retain,true
HRS4_LIVER_DISEASE,pubmed:35037744,true,exposure|population|outcome,retain,true
HRS4_LIVER_DISEASE,pubmed:35066755,true,exposure|population|outcome,retain,true
HRS4_LIVER_DISEASE,pubmed:35081550,true,exposure|population|outcome,retain,true
HRS4_LIVER_DISEASE,pubmed:35082485,true,exposure|population|outcome,retain,true
HRS4_LIVER_DISEASE,pubmed:35084797,true,exposure|population|outcome,retain,true
HRS4_LIVER_DISEASE,pubmed:35107323,true,exposure|population|outcome,deprioritize,false
HRS4_LIVER_DISEASE,pubmed:35119232,true,exposure|population|outcome,retain,true
HRS4_LIVER_DISEASE,pubmed:35122190,true,exposure|population|outcome,retain,true
HRS4_LIVER_DISEASE,pubmed:35165344,false,population|outcome,deprioritize,false
HRS4_LIVER_DISEASE,pubmed:3522704,true,exposure|population|outcome,deprioritize,false
HRS4_LIVER_DISEASE,pubmed:35318201,true,exposure|population|outcome,retain,true
HRS4_LIVER_DISEASE,pubmed:35353431,true,exposure|population|outcome,retain,true
HRS4_LIVER_DISEASE,pubmed:35417778,true,exposure|population|outcome,retain,true
HRS4_LIVER_DISEASE,pubmed:35596597,true,exposure|population|outcome,retain,true
HRS4_LIVER_DISEASE,pubmed:35645018,true,exposure|population|outcome,retain,true
HRS4_LIVER_DISEASE,pubmed:35682720,true,exposure|population|outcome,deprioritize,false
HRS4_LIVER_DISEASE,pubmed:35710615,true,exposure|population|outcome,retain,true
HRS4_LIVER_DISEASE,pubmed:35771985,true,exposure|population|outcome,retain,true
HRS4_LIVER_DISEASE,pubmed:35843842,true,exposure|population|outcome,retain,true
HRS4_LIVER_DISEASE,pubmed:35899384,true,exposure|population|outcome,retain,true
HRS4_LIVER_DISEASE,pubmed:35899490,true,exposure|population|outcome,retain,true
HRS4_LIVER_DISEASE,pubmed:35955942,true,exposure|population|outcome,retain,true
HRS4_LIVER_DISEASE,pubmed:36038343,true,exposure|population|outcome,retain,true
HRS4_LIVER_DISEASE,pubmed:36155352,false,exposure|outcome,retain,false
HRS4_LIVER_DISEASE,pubmed:36178169,true,exposure|population|outcome,retain,true
HRS4_LIVER_DISEASE,pubmed:36183923,true,exposure|population|outcome,retain,true
HRS4_LIVER_DISEASE,pubmed:36282208,true,exposure|population|outcome,retain,true
HRS4_LIVER_DISEASE,pubmed:36326112,true,exposure|population|outcome,deprioritize,false
HRS4_LIVER_DISEASE,pubmed:36332223,true,exposure|population|outcome,deprioritize,false
HRS4_LIVER_DISEASE,pubmed:36515339,true,exposure|population|outcome,retain,true
HRS4_LIVER_DISEASE,pubmed:36524620,true,exposure|population|outcome,deprioritize,false
HRS4_LIVER_DISEASE,pubmed:36615814,true,exposure|population|outcome,retain,true
HRS4_LIVER_DISEASE,pubmed:36747270,true,exposure|population|outcome,deprioritize,false
HRS4_LIVER_DISEASE,pubmed:36863159,true,exposure|population|outcome,deprioritize,false
HRS4_LIVER_DISEASE,pubmed:36868489,true,exposure|population|outcome,retain,true
HRS4_LIVER_DISEASE,pubmed:36900932,true,exposure|population|outcome,retain,true
HRS4_LIVER_DISEASE,pubmed:36902432,true,exposure|population|outcome,retain,true
HRS4_LIVER_DISEASE,pubmed:36907542,true,exposure|population|outcome,deprioritize,false
HRS4_LIVER_DISEASE,pubmed:36913077,true,exposure|population|outcome,retain,true
HRS4_LIVER_DISEASE,pubmed:36930784,true,exposure|population|outcome,retain,true
HRS4_LIVER_DISEASE,pubmed:36958264,true,exposure|population|outcome,deprioritize,false
HRS4_LIVER_DISEASE,pubmed:36961176,true,exposure|population|outcome,retain,true
HRS4_LIVER_DISEASE,pubmed:36986190,true,exposure|population|outcome,deprioritize,false
HRS4_LIVER_DISEASE,pubmed:37040544,true,exposure|population|outcome,retain,true
HRS4_LIVER_DISEASE,pubmed:37077515,false,population|outcome,retain,false
HRS4_LIVER_DISEASE,pubmed:37099000,true,exposure|population|outcome,deprioritize,false
HRS4_LIVER_DISEASE,pubmed:37121435,true,exposure|population|outcome,retain,true
HRS4_LIVER_DISEASE,pubmed:37127122,true,exposure|population|outcome,deprioritize,false
HRS4_LIVER_DISEASE,pubmed:37164270,true,exposure|population|outcome,retain,true
HRS4_LIVER_DISEASE,pubmed:37208493,true,exposure|population|outcome,retain,true
HRS4_LIVER_DISEASE,pubmed:37248976,true,exposure|population|outcome,retain,true
HRS4_LIVER_DISEASE,pubmed:37282884,true,exposure|population|outcome,retain,true
HRS4_LIVER_DISEASE,pubmed:37354055,true,exposure|population|outcome,deprioritize,false
HRS4_LIVER_DISEASE,pubmed:37365109,true,exposure|population|outcome,retain,true
HRS4_LIVER_DISEASE,pubmed:37380287,true,exposure|population|outcome,retain,true
HRS4_LIVER_DISEASE,pubmed:37449514,true,exposure|population|outcome,retain,true
HRS4_LIVER_DISEASE,pubmed:37460037,true,exposure|population|outcome,deprioritize,false
HRS4_LIVER_DISEASE,pubmed:37505972,true,exposure|population|outcome,retain,true
HRS4_LIVER_DISEASE,pubmed:37544344,false,exposure|outcome,retain,false
HRS4_LIVER_DISEASE,pubmed:37648521,true,exposure|population|outcome,deprioritize,false
HRS4_LIVER_DISEASE,pubmed:37660725,true,exposure|population|outcome,retain,true
HRS4_LIVER_DISEASE,pubmed:37706365,true,exposure|population|outcome,retain,true
HRS4_LIVER_DISEASE,pubmed:37756041,true,exposure|population|outcome,retain,true
HRS4_LIVER_DISEASE,pubmed:37831308,true,exposure|population|outcome,retain,true
HRS4_LIVER_DISEASE,pubmed:37840104,true,exposure|population|outcome,retain,true
HRS4_LIVER_DISEASE,pubmed:37843100,true,exposure|population|outcome,retain,true
HRS4_LIVER_DISEASE,pubmed:37982556,true,exposure|population|outcome,retain,true
HRS4_LIVER_DISEASE,pubmed:38039856,true,exposure|population|outcome,deprioritize,false
HRS4_LIVER_DISEASE,pubmed:38055372,true,exposure|population|outcome,retain,true
HRS4_LIVER_DISEASE,pubmed:38057000,true,exposure|population|outcome,retain,true
HRS4_LIVER_DISEASE,pubmed:38059982,true,exposure|population|outcome,retain,true
HRS4_LIVER_DISEASE,pubmed:38062980,true,exposure|population|outcome,retain,true
HRS4_LIVER_DISEASE,pubmed:38158894,true,exposure|population|outcome,retain,true
HRS4_LIVER_DISEASE,pubmed:38193433,true,exposure|population|outcome,retain,true
HRS4_LIVER_DISEASE,pubmed:38372012,true,exposure|population|outcome,retain,true
HRS4_LIVER_DISEASE,pubmed:38402364,true,exposure|population|outcome,retain,true
HRS4_LIVER_DISEASE,pubmed:38404263,true,exposure|population|outcome,retain,true
HRS4_LIVER_DISEASE,pubmed:38492132,true,exposure|population|outcome,retain,true
HRS4_LIVER_DISEASE,pubmed:38528750,true,exposure|population|outcome,retain,true
HRS4_LIVER_DISEASE,pubmed:38562009,true,exposure|population|outcome,retain,true
HRS4_LIVER_DISEASE,pubmed:38569427,true,exposure|population|outcome,deprioritize,false
HRS4_LIVER_DISEASE,pubmed:38579127,true,exposure|population|outcome,retain,true
HRS4_LIVER_DISEASE,pubmed:38636613,false,exposure|outcome,deprioritize,false
HRS4_LIVER_DISEASE,pubmed:38640296,true,exposure|population|outcome,retain,true
HRS4_LIVER_DISEASE,pubmed:38646869,true,exposure|population|outcome,deprioritize,false
HRS4_LIVER_DISEASE,pubmed:38687644,true,exposure|population|outcome,retain,true
HRS4_LIVER_DISEASE,pubmed:38701490,true,exposure|population|outcome,retain,true
HRS4_LIVER_DISEASE,pubmed:38703829,true,exposure|population|outcome,deprioritize,false
HRS4_LIVER_DISEASE,pubmed:38724177,true,exposure|population|outcome,deprioritize,false
HRS4_LIVER_DISEASE,pubmed:38874448,true,exposure|population|outcome,retain,true
HRS4_LIVER_DISEASE,pubmed:38898191,true,exposure|population|outcome,retain,true
HRS4_LIVER_DISEASE,pubmed:38904414,true,exposure|population|outcome,retain,true
HRS4_LIVER_DISEASE,pubmed:38906588,true,exposure|population|outcome,retain,true
HRS4_LIVER_DISEASE,pubmed:38918075,true,exposure|population|outcome,deprioritize,false
HRS4_LIVER_DISEASE,pubmed:38937862,true,exposure|population|outcome,deprioritize,false
HRS4_LIVER_DISEASE,pubmed:38992407,true,exposure|population|outcome,retain,true
HRS4_LIVER_DISEASE,pubmed:39067685,true,exposure|population|outcome,deprioritize,false
HRS4_LIVER_DISEASE,pubmed:39068798,true,exposure|population|outcome,deprioritize,false
HRS4_LIVER_DISEASE,pubmed:39072556,true,exposure|population|outcome,deprioritize,false
HRS4_LIVER_DISEASE,pubmed:39089652,true,exposure|population|outcome,retain,true
HRS4_LIVER_DISEASE,pubmed:39102266,true,exposure|population|outcome,retain,true
HRS4_LIVER_DISEASE,pubmed:39121063,true,exposure|population|outcome,retain,true
HRS4_LIVER_DISEASE,pubmed:39136211,true,exposure|population|outcome,retain,true
HRS4_LIVER_DISEASE,pubmed:39158846,true,exposure|population|outcome,retain,true
HRS4_LIVER_DISEASE,pubmed:39168095,false,population|outcome,retain,false
HRS4_LIVER_DISEASE,pubmed:39174901,true,exposure|population|outcome,retain,true
HRS4_LIVER_DISEASE,pubmed:39197740,false,exposure,retain,false
HRS4_LIVER_DISEASE,pubmed:39225253,true,exposure|population|outcome,retain,true
HRS4_LIVER_DISEASE,pubmed:39275155,true,exposure|population|outcome,retain,true
HRS4_LIVER_DISEASE,pubmed:39304112,true,exposure|population|outcome,retain,true
HRS4_LIVER_DISEASE,pubmed:39316257,true,exposure|population|outcome,retain,true
HRS4_LIVER_DISEASE,pubmed:39318011,true,exposure|population|outcome,retain,true
HRS4_LIVER_DISEASE,pubmed:39342324,true,exposure|population|outcome,deprioritize,false
HRS4_LIVER_DISEASE,pubmed:39354283,true,exposure|population|outcome,retain,true
HRS4_LIVER_DISEASE,pubmed:39381846,true,exposure|population|outcome,retain,true
HRS4_LIVER_DISEASE,pubmed:39393795,true,exposure|population|outcome,retain,true
HRS4_LIVER_DISEASE,pubmed:39404730,true,exposure|population|outcome,retain,true
HRS4_LIVER_DISEASE,pubmed:39445862,true,exposure|population|outcome,retain,true
HRS4_LIVER_DISEASE,pubmed:39449622,true,exposure|population|outcome,deprioritize,false
HRS4_LIVER_DISEASE,pubmed:39450425,true,exposure|population|outcome,deprioritize,false
HRS4_LIVER_DISEASE,pubmed:39492827,false,population|outcome,deprioritize,false
HRS4_LIVER_DISEASE,pubmed:39548712,true,exposure|population|outcome,deprioritize,false
HRS4_LIVER_DISEASE,pubmed:39610253,true,exposure|population|outcome,retain,true
HRS4_LIVER_DISEASE,pubmed:39658842,true,exposure|population|outcome,deprioritize,false
HRS4_LIVER_DISEASE,pubmed:39674324,true,exposure|population|outcome,retain,true
HRS4_LIVER_DISEASE,pubmed:39708119,true,exposure|population|outcome,deprioritize,false
HRS4_LIVER_DISEASE,pubmed:3972224,true,exposure|population|outcome,retain,true
HRS4_LIVER_DISEASE,pubmed:39846785,false,exposure|population,retain,false
HRS4_LIVER_DISEASE,pubmed:39854767,true,exposure|population|outcome,deprioritize,false
HRS4_LIVER_DISEASE,pubmed:39861457,true,exposure|population|outcome,retain,true
HRS4_LIVER_DISEASE,pubmed:39875778,true,exposure|population|outcome,deprioritize,false
HRS4_LIVER_DISEASE,pubmed:39927421,true,exposure|population|outcome,retain,true
HRS4_LIVER_DISEASE,pubmed:39982029,true,exposure|population|outcome,retain,true
HRS4_LIVER_DISEASE,pubmed:40034049,true,exposure|population|outcome,deprioritize,false
HRS4_LIVER_DISEASE,pubmed:40035662,true,exposure|population|outcome,deprioritize,false
HRS4_LIVER_DISEASE,pubmed:40064630,true,exposure|population|outcome,retain,true
HRS4_LIVER_DISEASE,pubmed:40134104,true,exposure|population|outcome,retain,true
HRS4_LIVER_DISEASE,pubmed:40137450,true,exposure|population|outcome,retain,true
HRS4_LIVER_DISEASE,pubmed:40145283,true,exposure|population|outcome,deprioritize,false
HRS4_LIVER_DISEASE,pubmed:40314389,true,exposure|population|outcome,retain,true
HRS4_LIVER_DISEASE,pubmed:40338652,true,exposure|population|outcome,retain,true
HRS4_LIVER_DISEASE,pubmed:40388649,true,exposure|population|outcome,retain,true
HRS4_LIVER_DISEASE,pubmed:40418327,false,population|outcome,deprioritize,false
HRS4_LIVER_DISEASE,pubmed:40441699,true,exposure|population|outcome,retain,true
HRS4_LIVER_DISEASE,pubmed:40464499,true,exposure|population|outcome,retain,true
HRS4_LIVER_DISEASE,pubmed:40555541,true,exposure|population|outcome,retain,true
HRS4_LIVER_DISEASE,pubmed:40586486,true,exposure|population|outcome,deprioritize,false
HRS4_LIVER_DISEASE,pubmed:40600841,true,exposure|population|outcome,deprioritize,false
HRS4_LIVER_DISEASE,pubmed:40615075,true,exposure|population|outcome,retain,true
HRS4_LIVER_DISEASE,pubmed:40649724,true,exposure|population|outcome,retain,true
HRS4_LIVER_DISEASE,pubmed:40675653,true,exposure|population|outcome,retain,true
HRS4_LIVER_DISEASE,pubmed:40706203,true,exposure|population|outcome,deprioritize,false
HRS4_LIVER_DISEASE,pubmed:40712261,true,exposure|population|outcome,deprioritize,false
HRS4_LIVER_DISEASE,pubmed:40762759,true,exposure|population|outcome,retain,true
HRS4_LIVER_DISEASE,pubmed:40770480,true,exposure|population|outcome,deprioritize,false
HRS4_LIVER_DISEASE,pubmed:40797501,true,exposure|population|outcome,retain,true
HRS4_LIVER_DISEASE,pubmed:40820824,true,exposure|population|outcome,retain,true
HRS4_LIVER_DISEASE,pubmed:40849767,false,exposure|population,retain,false
HRS4_LIVER_DISEASE,pubmed:40857202,false,exposure|population,retain,false
HRS4_LIVER_DISEASE,pubmed:40905602,true,exposure|population|outcome,retain,true
HRS4_LIVER_DISEASE,pubmed:40944226,true,exposure|population|outcome,retain,true
HRS4_LIVER_DISEASE,pubmed:40969002,true,exposure|population|outcome,deprioritize,false
HRS4_LIVER_DISEASE,pubmed:41014426,true,exposure|population|outcome,retain,true
HRS4_LIVER_DISEASE,pubmed:41037809,true,exposure|population|outcome,deprioritize,false
HRS4_LIVER_DISEASE,pubmed:41042615,false,population|outcome,deprioritize,false
HRS4_LIVER_DISEASE,pubmed:41072084,false,population|outcome,retain,false
HRS4_LIVER_DISEASE,pubmed:41168313,true,exposure|population|outcome,retain,true
HRS4_LIVER_DISEASE,pubmed:41178689,false,exposure|outcome,retain,false
HRS4_LIVER_DISEASE,pubmed:41205638,true,exposure|population|outcome,retain,true
HRS4_LIVER_DISEASE,pubmed:41262061,true,exposure|population|outcome,retain,true
HRS4_LIVER_DISEASE,pubmed:41270879,true,exposure|population|outcome,retain,true
HRS4_LIVER_DISEASE,pubmed:41342618,true,exposure|population|outcome,retain,true
HRS4_LIVER_DISEASE,pubmed:41350964,true,exposure|population|outcome,retain,true
HRS4_LIVER_DISEASE,pubmed:41380411,true,exposure|population|outcome,retain,true
HRS4_LIVER_DISEASE,pubmed:41418959,true,exposure|population|outcome,deprioritize,false
HRS4_LIVER_DISEASE,pubmed:41609368,false,exposure|outcome,retain,false
HRS4_LIVER_DISEASE,pubmed:41636749,true,exposure|population|outcome,deprioritize,false
HRS4_LIVER_DISEASE,pubmed:41698451,true,exposure|population|outcome,deprioritize,false
HRS4_LIVER_DISEASE,pubmed:41754125,true,exposure|population|outcome,deprioritize,false
HRS4_LIVER_DISEASE,pubmed:41802599,true,exposure|population|outcome,retain,true
HRS4_LIVER_DISEASE,pubmed:41831501,true,exposure|population|outcome,retain,true
HRS4_LIVER_DISEASE,pubmed:42010989,true,exposure|population|outcome,deprioritize,false
HRS4_LIVER_DISEASE,pubmed:42092331,true,exposure|population|outcome,retain,true
HRS4_LIVER_DISEASE,pubmed:42101166,true,exposure|population|outcome,retain,true
HRS4_LIVER_DISEASE,pubmed:42116385,true,exposure|population|outcome,retain,true
HRS4_LIVER_DISEASE,pubmed:42160492,true,exposure|population|outcome,retain,true
HRS4_LIVER_DISEASE,pubmed:42253964,true,exposure|population|outcome,retain,true
HRS4_LIVER_DISEASE,pubmed:42280426,false,population|outcome,retain,false
HRS4_LIVER_DISEASE,pubmed:42364655,true,exposure|population|outcome,retain,true
HRS4_LIVER_DISEASE,pubmed:42373439,true,exposure|population|outcome,retain,true
HRS4_LIVER_DISEASE,pubmed:42444028,true,exposure|population|outcome,retain,true
HRS4_LIVER_DISEASE,pubmed:42475234,true,exposure|population|outcome,retain,true
HRS4_LIVER_DISEASE,pubmed:4790684,false,,deprioritize,false
HRS4_LIVER_DISEASE,pubmed:4835003,false,population,deprioritize,false
HRS4_LIVER_DISEASE,pubmed:6139688,false,exposure|population,retain,false
HRS4_LIVER_DISEASE,pubmed:6779941,false,exposure|population,retain,false
HRS4_LIVER_DISEASE,pubmed:6797209,true,exposure|population|outcome,retain,true
HRS4_LIVER_DISEASE,pubmed:733681,true,exposure|population|outcome,retain,true
HRS4_LIVER_DISEASE,pubmed:7970342,false,exposure|population,retain,false
HRS4_LIVER_DISEASE,pubmed:7985711,true,exposure|population|outcome,retain,true
HRS4_LIVER_DISEASE,pubmed:8125230,true,exposure|population|outcome,retain,true
HRS4_LIVER_DISEASE,pubmed:8337605,true,exposure|population|outcome,retain,true
HRS4_LIVER_DISEASE,pubmed:8450317,false,population,deprioritize,false
HRS4_LIVER_DISEASE,pubmed:8520411,false,exposure,retain,false
HRS4_LIVER_DISEASE,pubmed:8688761,false,exposure|outcome,retain,false
HRS4_LIVER_DISEASE,pubmed:9129552,true,exposure|population|outcome,retain,true
HRS4_LIVER_DISEASE,pubmed:9138129,false,exposure|outcome,retain,false
HRS4_LIVER_DISEASE,pubmed:9230022,false,population,retain,false
HRS4_LIVER_DISEASE,pubmed:9333815,true,exposure|population|outcome,retain,true
HRS4_LIVER_DISEASE,pubmed:959916,true,exposure|population|outcome,retain,true
HRS4_LIVER_DISEASE,pubmed:9773106,true,exposure|population|outcome,retain,true
HRS5_ANTICOAGULATION,pubmed:10030196,true,exposure|population|outcome,retain,true
HRS5_ANTICOAGULATION,pubmed:10417036,true,exposure|population|outcome,retain,true
HRS5_ANTICOAGULATION,pubmed:10531760,true,exposure|population|outcome,retain,true
HRS5_ANTICOAGULATION,pubmed:10902065,true,exposure|population|outcome,retain,true
HRS5_ANTICOAGULATION,pubmed:10920504,true,exposure|population|outcome,retain,true
HRS5_ANTICOAGULATION,pubmed:10994537,true,exposure|population|outcome,retain,true
HRS5_ANTICOAGULATION,pubmed:11020834,false,population|outcome,retain,false
HRS5_ANTICOAGULATION,pubmed:11144706,true,exposure|population|outcome,retain,true
HRS5_ANTICOAGULATION,pubmed:11193392,true,exposure|population|outcome,retain,true
HRS5_ANTICOAGULATION,pubmed:11198952,true,exposure|population|outcome,retain,true
HRS5_ANTICOAGULATION,pubmed:11206893,true,exposure|population|outcome,retain,true
HRS5_ANTICOAGULATION,pubmed:11370698,false,population|outcome,retain,false
HRS5_ANTICOAGULATION,pubmed:11464169,false,exposure,retain,false
HRS5_ANTICOAGULATION,pubmed:11547487,true,exposure|population|outcome,retain,true
HRS5_ANTICOAGULATION,pubmed:11711691,true,exposure|population|outcome,retain,true
HRS5_ANTICOAGULATION,pubmed:11712472,false,exposure|outcome,retain,false
HRS5_ANTICOAGULATION,pubmed:11736868,true,exposure|population|outcome,retain,true
HRS5_ANTICOAGULATION,pubmed:11772128,true,exposure|population|outcome,retain,true
HRS5_ANTICOAGULATION,pubmed:11909887,true,exposure|population|outcome,retain,true
HRS5_ANTICOAGULATION,pubmed:11924555,true,exposure|population|outcome,retain,true
HRS5_ANTICOAGULATION,pubmed:11961942,true,exposure|population|outcome,retain,true
HRS5_ANTICOAGULATION,pubmed:12008092,false,population,retain,false
HRS5_ANTICOAGULATION,pubmed:12081669,true,exposure|population|outcome,retain,true
HRS5_ANTICOAGULATION,pubmed:12426769,true,exposure|population|outcome,retain,true
HRS5_ANTICOAGULATION,pubmed:12472978,true,exposure|population|outcome,retain,true
HRS5_ANTICOAGULATION,pubmed:12577350,true,exposure|population|outcome,retain,true
HRS5_ANTICOAGULATION,pubmed:12597263,false,exposure|outcome,retain,false
HRS5_ANTICOAGULATION,pubmed:12664712,false,exposure,uncertain,false
HRS5_ANTICOAGULATION,pubmed:12756423,true,exposure|population|outcome,retain,true
HRS5_ANTICOAGULATION,pubmed:12772396,true,exposure|population|outcome,retain,true
HRS5_ANTICOAGULATION,pubmed:12773074,true,exposure|population|outcome,retain,true
HRS5_ANTICOAGULATION,pubmed:12803100,false,exposure,retain,false
HRS5_ANTICOAGULATION,pubmed:13678141,true,exposure|population|outcome,retain,true
HRS5_ANTICOAGULATION,pubmed:14565795,true,exposure|population|outcome,retain,true
HRS5_ANTICOAGULATION,pubmed:14596440,false,exposure|population,retain,false
HRS5_ANTICOAGULATION,pubmed:14610534,false,population|outcome,deprioritize,false
HRS5_ANTICOAGULATION,pubmed:14639889,false,exposure|population,retain,false
HRS5_ANTICOAGULATION,pubmed:14640772,true,exposure|population|outcome,retain,true
HRS5_ANTICOAGULATION,pubmed:14717783,true,exposure|population|outcome,retain,true
HRS5_ANTICOAGULATION,pubmed:14766022,false,exposure|population,retain,false
HRS5_ANTICOAGULATION,pubmed:15049433,true,exposure|population|outcome,retain,true
HRS5_ANTICOAGULATION,pubmed:15076080,false,,retain,false
HRS5_ANTICOAGULATION,pubmed:15186565,true,exposure|population|outcome,retain,true
HRS5_ANTICOAGULATION,pubmed:15199454,true,exposure|population|outcome,retain,true
HRS5_ANTICOAGULATION,pubmed:15213041,true,exposure|population|outcome,retain,true
HRS5_ANTICOAGULATION,pubmed:15231565,true,exposure|population|outcome,retain,true
HRS5_ANTICOAGULATION,pubmed:15238367,true,exposure|population|outcome,retain,true
HRS5_ANTICOAGULATION,pubmed:15238393,false,exposure|population,retain,false
HRS5_ANTICOAGULATION,pubmed:15289492,true,exposure|population|outcome,retain,true
HRS5_ANTICOAGULATION,pubmed:15340879,false,,uncertain,false
HRS5_ANTICOAGULATION,pubmed:15340883,true,exposure|population|outcome,retain,true
HRS5_ANTICOAGULATION,pubmed:15449760,false,population|outcome,retain,false
HRS5_ANTICOAGULATION,pubmed:15499702,true,exposure|population|outcome,retain,true
HRS5_ANTICOAGULATION,pubmed:15543329,true,exposure|population|outcome,retain,true
HRS5_ANTICOAGULATION,pubmed:15583242,true,exposure|population|outcome,retain,true
HRS5_ANTICOAGULATION,pubmed:15676159,true,exposure|population|outcome,retain,true
HRS5_ANTICOAGULATION,pubmed:15779134,false,outcome,uncertain,false
HRS5_ANTICOAGULATION,pubmed:15814041,true,exposure|population|outcome,retain,true
HRS5_ANTICOAGULATION,pubmed:15825811,true,exposure|population|outcome,retain,true
HRS5_ANTICOAGULATION,pubmed:15916450,true,exposure|population|outcome,retain,true
HRS5_ANTICOAGULATION,pubmed:15921725,true,exposure|population|outcome,retain,true
HRS5_ANTICOAGULATION,pubmed:15928264,true,exposure|population|outcome,retain,true
HRS5_ANTICOAGULATION,pubmed:15934277,false,outcome,uncertain,false
HRS5_ANTICOAGULATION,pubmed:15935039,false,,uncertain,false
HRS5_ANTICOAGULATION,pubmed:15999084,false,exposure,uncertain,false
HRS5_ANTICOAGULATION,pubmed:16035690,true,exposure|population|outcome,retain,true
HRS5_ANTICOAGULATION,pubmed:16043212,false,exposure|population,retain,false
HRS5_ANTICOAGULATION,pubmed:16114087,false,exposure|outcome,retain,false
HRS5_ANTICOAGULATION,pubmed:16115136,true,exposure|population|outcome,retain,true
HRS5_ANTICOAGULATION,pubmed:16168817,false,exposure|population,retain,false
HRS5_ANTICOAGULATION,pubmed:16190498,false,population|outcome,retain,false
HRS5_ANTICOAGULATION,pubmed:16428030,true,exposure|population|outcome,retain,true
HRS5_ANTICOAGULATION,pubmed:16442130,true,exposure|population|outcome,retain,true
HRS5_ANTICOAGULATION,pubmed:16553520,true,exposure|population|outcome,retain,true
HRS5_ANTICOAGULATION,pubmed:16610971,true,exposure|population|outcome,retain,true
HRS5_ANTICOAGULATION,pubmed:16628990,true,exposure|population|outcome,retain,true
HRS5_ANTICOAGULATION,pubmed:16945054,true,exposure|population|outcome,retain,true
HRS5_ANTICOAGULATION,pubmed:16989032,true,exposure|population|outcome,retain,true
HRS5_ANTICOAGULATION,pubmed:17030294,true,exposure|population|outcome,retain,true
HRS5_ANTICOAGULATION,pubmed:17110451,true,exposure|population|outcome,retain,true
HRS5_ANTICOAGULATION,pubmed:17229055,true,exposure|population|outcome,retain,true
HRS5_ANTICOAGULATION,pubmed:17299176,true,exposure|population|outcome,retain,true
HRS5_ANTICOAGULATION,pubmed:17322159,true,exposure|population|outcome,retain,true
HRS5_ANTICOAGULATION,pubmed:17323135,true,exposure|population|outcome,retain,true
HRS5_ANTICOAGULATION,pubmed:17351849,true,exposure|population|outcome,deprioritize,false
HRS5_ANTICOAGULATION,pubmed:17483128,false,population|outcome,deprioritize,false
HRS5_ANTICOAGULATION,pubmed:17598002,true,exposure|population|outcome,retain,true
HRS5_ANTICOAGULATION,pubmed:17640426,true,exposure|population|outcome,retain,true
HRS5_ANTICOAGULATION,pubmed:17666020,true,exposure|population|outcome,retain,true
HRS5_ANTICOAGULATION,pubmed:17672344,true,exposure|population|outcome,deprioritize,false
HRS5_ANTICOAGULATION,pubmed:17723077,false,population|outcome,retain,false
HRS5_ANTICOAGULATION,pubmed:17785609,true,exposure|population|outcome,retain,true
HRS5_ANTICOAGULATION,pubmed:17906915,true,exposure|population|outcome,retain,true
HRS5_ANTICOAGULATION,pubmed:17908423,true,exposure|population|outcome,retain,true
HRS5_ANTICOAGULATION,pubmed:17918162,true,exposure|population|outcome,retain,true
HRS5_ANTICOAGULATION,pubmed:17926840,true,exposure|population|outcome,retain,true
HRS5_ANTICOAGULATION,pubmed:17955954,true,exposure|population|outcome,retain,true
HRS5_ANTICOAGULATION,pubmed:17966138,true,exposure|population|outcome,retain,true
HRS5_ANTICOAGULATION,pubmed:18236826,true,exposure|population|outcome,retain,true
HRS5_ANTICOAGULATION,pubmed:18363538,true,exposure|population|outcome,retain,true
HRS5_ANTICOAGULATION,pubmed:18367983,true,exposure|population|outcome,retain,true
HRS5_ANTICOAGULATION,pubmed:18383637,true,exposure|population|outcome,retain,true
HRS5_ANTICOAGULATION,pubmed:18406992,true,exposure|population|outcome,deprioritize,false
HRS5_ANTICOAGULATION,pubmed:18418966,false,exposure|outcome,retain,false
HRS5_ANTICOAGULATION,pubmed:18570167,true,exposure|population|outcome,retain,true
HRS5_ANTICOAGULATION,pubmed:18602145,true,exposure|population|outcome,retain,true
HRS5_ANTICOAGULATION,pubmed:18637192,true,exposure|population|outcome,retain,true
HRS5_ANTICOAGULATION,pubmed:18695375,true,exposure|population|outcome,retain,true
HRS5_ANTICOAGULATION,pubmed:18756654,true,exposure|population|outcome,retain,true
HRS5_ANTICOAGULATION,pubmed:19011140,false,,deprioritize,false
HRS5_ANTICOAGULATION,pubmed:19058474,false,population|outcome,retain,false
HRS5_ANTICOAGULATION,pubmed:19075623,true,exposure|population|outcome,retain,true
HRS5_ANTICOAGULATION,pubmed:19077919,true,exposure|population|outcome,retain,true
HRS5_ANTICOAGULATION,pubmed:19109115,true,exposure|population|outcome,retain,true
HRS5_ANTICOAGULATION,pubmed:19247403,false,population|outcome,retain,false
HRS5_ANTICOAGULATION,pubmed:19323340,false,exposure,retain,false
HRS5_ANTICOAGULATION,pubmed:19349858,true,exposure|population|outcome,retain,true
HRS5_ANTICOAGULATION,pubmed:19535655,true,exposure|population|outcome,retain,true
HRS5_ANTICOAGULATION,pubmed:19587643,true,exposure|population|outcome,retain,true
HRS5_ANTICOAGULATION,pubmed:19844860,false,population|outcome,retain,false
HRS5_ANTICOAGULATION,pubmed:19882793,true,exposure|population|outcome,deprioritize,false
HRS5_ANTICOAGULATION,pubmed:19902529,true,exposure|population|outcome,deprioritize,false
HRS5_ANTICOAGULATION,pubmed:20028328,true,exposure|population|outcome,retain,true
HRS5_ANTICOAGULATION,pubmed:20052816,false,population|outcome,deprioritize,false
HRS5_ANTICOAGULATION,pubmed:20071011,true,exposure|population|outcome,retain,true
HRS5_ANTICOAGULATION,pubmed:20206792,true,exposure|population|outcome,retain,true
HRS5_ANTICOAGULATION,pubmed:20213948,false,exposure,retain,false
HRS5_ANTICOAGULATION,pubmed:20373930,true,exposure|population|outcome,retain,true
HRS5_ANTICOAGULATION,pubmed:20432867,true,exposure|population|outcome,retain,true
HRS5_ANTICOAGULATION,pubmed:20509982,true,exposure|population|outcome,retain,true
HRS5_ANTICOAGULATION,pubmed:20567279,false,population|outcome,retain,false
HRS5_ANTICOAGULATION,pubmed:20584229,true,exposure|population|outcome,retain,true
HRS5_ANTICOAGULATION,pubmed:20617421,true,exposure|population|outcome,retain,true
HRS5_ANTICOAGULATION,pubmed:20653669,true,exposure|population|outcome,retain,true
HRS5_ANTICOAGULATION,pubmed:20733548,true,exposure|population|outcome,retain,true
HRS5_ANTICOAGULATION,pubmed:20966981,false,exposure,uncertain,false
HRS5_ANTICOAGULATION,pubmed:21151052,false,,uncertain,false
HRS5_ANTICOAGULATION,pubmed:21168291,true,exposure|population|outcome,retain,true
HRS5_ANTICOAGULATION,pubmed:21184395,true,exposure|population|outcome,retain,true
HRS5_ANTICOAGULATION,pubmed:21193422,true,exposure|population|outcome,retain,true
HRS5_ANTICOAGULATION,pubmed:21205949,true,exposure|population|outcome,retain,true
HRS5_ANTICOAGULATION,pubmed:21211555,true,exposure|population|outcome,deprioritize,false
HRS5_ANTICOAGULATION,pubmed:21395940,true,exposure|population|outcome,retain,true
HRS5_ANTICOAGULATION,pubmed:21400007,true,exposure|population|outcome,retain,true
HRS5_ANTICOAGULATION,pubmed:21423055,true,exposure|population|outcome,retain,true
HRS5_ANTICOAGULATION,pubmed:21429387,false,outcome,retain,false
HRS5_ANTICOAGULATION,pubmed:21569923,false,,uncertain,false
HRS5_ANTICOAGULATION,pubmed:21631362,false,outcome,deprioritize,false
HRS5_ANTICOAGULATION,pubmed:21641521,true,exposure|population|outcome,retain,true
HRS5_ANTICOAGULATION,pubmed:21649517,true,exposure|population|outcome,retain,true
HRS5_ANTICOAGULATION,pubmed:21914559,true,exposure|population|outcome,retain,true
HRS5_ANTICOAGULATION,pubmed:21934490,true,exposure|population|outcome,deprioritize,false
HRS5_ANTICOAGULATION,pubmed:22257511,true,exposure|population|outcome,deprioritize,false
HRS5_ANTICOAGULATION,pubmed:22261575,false,exposure|outcome,deprioritize,false
HRS5_ANTICOAGULATION,pubmed:22300597,true,exposure|population|outcome,retain,true
HRS5_ANTICOAGULATION,pubmed:22473647,false,exposure|outcome,deprioritize,false
HRS5_ANTICOAGULATION,pubmed:22562327,true,exposure|population|outcome,retain,true
HRS5_ANTICOAGULATION,pubmed:22651380,true,exposure|population|outcome,retain,true
HRS5_ANTICOAGULATION,pubmed:22751234,true,exposure|population|outcome,retain,true
HRS5_ANTICOAGULATION,pubmed:22876743,true,exposure|population|outcome,retain,true
HRS5_ANTICOAGULATION,pubmed:23023353,false,population|outcome,retain,false
HRS5_ANTICOAGULATION,pubmed:23067030,true,exposure|population|outcome,retain,true
HRS5_ANTICOAGULATION,pubmed:23256106,false,exposure|outcome,retain,false
HRS5_ANTICOAGULATION,pubmed:23262963,true,exposure|population|outcome,deprioritize,false
HRS5_ANTICOAGULATION,pubmed:23277336,true,exposure|population|outcome,retain,true
HRS5_ANTICOAGULATION,pubmed:23530987,true,exposure|population|outcome,retain,true
HRS5_ANTICOAGULATION,pubmed:23608838,true,exposure|population|outcome,deprioritize,false
HRS5_ANTICOAGULATION,pubmed:23701161,true,exposure|population|outcome,retain,true
HRS5_ANTICOAGULATION,pubmed:23744743,true,exposure|population|outcome,retain,true
HRS5_ANTICOAGULATION,pubmed:23770559,true,exposure|population|outcome,retain,true
HRS5_ANTICOAGULATION,pubmed:23844469,true,exposure|population|outcome,retain,true
HRS5_ANTICOAGULATION,pubmed:23946031,false,population,uncertain,false
HRS5_ANTICOAGULATION,pubmed:23963976,false,population|outcome,deprioritize,false
HRS5_ANTICOAGULATION,pubmed:23969472,true,exposure|population|outcome,retain,true
HRS5_ANTICOAGULATION,pubmed:24003671,true,exposure|population|outcome,retain,true
HRS5_ANTICOAGULATION,pubmed:24170485,true,exposure|population|outcome,retain,true
HRS5_ANTICOAGULATION,pubmed:24171723,true,exposure|population|outcome,retain,true
HRS5_ANTICOAGULATION,pubmed:24386762,false,outcome,deprioritize,false
HRS5_ANTICOAGULATION,pubmed:24387348,true,exposure|population|outcome,retain,true
HRS5_ANTICOAGULATION,pubmed:24488003,true,exposure|population|outcome,retain,true
HRS5_ANTICOAGULATION,pubmed:24657955,true,exposure|population|outcome,retain,true
HRS5_ANTICOAGULATION,pubmed:24725925,true,exposure|population|outcome,retain,true
HRS5_ANTICOAGULATION,pubmed:24956073,false,population|outcome,retain,false
HRS5_ANTICOAGULATION,pubmed:24966255,true,exposure|population|outcome,retain,true
HRS5_ANTICOAGULATION,pubmed:25062404,true,exposure|population|outcome,retain,true
HRS5_ANTICOAGULATION,pubmed:25063588,true,exposure|population|outcome,retain,true
HRS5_ANTICOAGULATION,pubmed:25225959,true,exposure|population|outcome,retain,true
HRS5_ANTICOAGULATION,pubmed:25232640,true,exposure|population|outcome,retain,true
HRS5_ANTICOAGULATION,pubmed:25233607,true,exposure|population|outcome,retain,true
HRS5_ANTICOAGULATION,pubmed:25359648,true,exposure|population|outcome,retain,true
HRS5_ANTICOAGULATION,pubmed:25486915,true,exposure|population|outcome,retain,true
HRS5_ANTICOAGULATION,pubmed:25636978,true,exposure|population|outcome,retain,true
HRS5_ANTICOAGULATION,pubmed:26135478,false,exposure|outcome,retain,false
HRS5_ANTICOAGULATION,pubmed:26137942,true,exposure|population|outcome,retain,true
HRS5_ANTICOAGULATION,pubmed:26321585,false,exposure,retain,false
HRS5_ANTICOAGULATION,pubmed:26346860,true,exposure|population|outcome,retain,true
HRS5_ANTICOAGULATION,pubmed:26375995,true,exposure|population|outcome,retain,true
HRS5_ANTICOAGULATION,pubmed:26412225,true,exposure|population|outcome,deprioritize,false
HRS5_ANTICOAGULATION,pubmed:26422426,true,exposure|population|outcome,retain,true
HRS5_ANTICOAGULATION,pubmed:26962786,true,exposure|population|outcome,retain,true
HRS5_ANTICOAGULATION,pubmed:27157958,true,exposure|population|outcome,retain,true
HRS5_ANTICOAGULATION,pubmed:27184904,true,exposure|population|outcome,deprioritize,false
HRS5_ANTICOAGULATION,pubmed:27475864,true,exposure|population|outcome,retain,true
HRS5_ANTICOAGULATION,pubmed:27693910,true,exposure|population|outcome,retain,true
HRS5_ANTICOAGULATION,pubmed:27760978,false,population|outcome,retain,false
HRS5_ANTICOAGULATION,pubmed:27842952,true,exposure|population|outcome,retain,true
HRS5_ANTICOAGULATION,pubmed:27878352,false,exposure|outcome,retain,false
HRS5_ANTICOAGULATION,pubmed:27993635,false,exposure|outcome,deprioritize,false
HRS5_ANTICOAGULATION,pubmed:28033135,true,exposure|population|outcome,retain,true
HRS5_ANTICOAGULATION,pubmed:28082800,false,outcome,deprioritize,false
HRS5_ANTICOAGULATION,pubmed:28166786,true,exposure|population|outcome,deprioritize,false
HRS5_ANTICOAGULATION,pubmed:28359849,true,exposure|population|outcome,retain,true
HRS5_ANTICOAGULATION,pubmed:28460624,true,exposure|population|outcome,retain,true
HRS5_ANTICOAGULATION,pubmed:28610453,true,exposure|population|outcome,retain,true
HRS5_ANTICOAGULATION,pubmed:28635328,true,exposure|population|outcome,retain,true
HRS5_ANTICOAGULATION,pubmed:28701443,false,,retain,false
HRS5_ANTICOAGULATION,pubmed:28838081,false,exposure|outcome,retain,false
HRS5_ANTICOAGULATION,pubmed:28868879,true,exposure|population|outcome,retain,true
HRS5_ANTICOAGULATION,pubmed:29196903,true,exposure|population|outcome,retain,true
HRS5_ANTICOAGULATION,pubmed:29283063,false,population|outcome,deprioritize,false
HRS5_ANTICOAGULATION,pubmed:29295118,true,exposure|population|outcome,retain,true
HRS5_ANTICOAGULATION,pubmed:29353070,true,exposure|population|outcome,retain,true
HRS5_ANTICOAGULATION,pubmed:29580525,true,exposure|population|outcome,deprioritize,false
HRS5_ANTICOAGULATION,pubmed:29627068,true,exposure|population|outcome,retain,true
HRS5_ANTICOAGULATION,pubmed:29710546,true,exposure|population|outcome,retain,true
HRS5_ANTICOAGULATION,pubmed:30040996,true,exposure|population|outcome,retain,true
HRS5_ANTICOAGULATION,pubmed:30142539,true,exposure|population|outcome,retain,true
HRS5_ANTICOAGULATION,pubmed:30157115,true,exposure|population|outcome,retain,true
HRS5_ANTICOAGULATION,pubmed:30406661,true,exposure|population|outcome,deprioritize,false
HRS5_ANTICOAGULATION,pubmed:30424528,true,exposure|population|outcome,deprioritize,false
HRS5_ANTICOAGULATION,pubmed:30621248,true,exposure|population|outcome,deprioritize,false
HRS5_ANTICOAGULATION,pubmed:31078440,false,outcome,deprioritize,false
HRS5_ANTICOAGULATION,pubmed:31186035,true,exposure|population|outcome,deprioritize,false
HRS5_ANTICOAGULATION,pubmed:31409123,true,exposure|population|outcome,retain,true
HRS5_ANTICOAGULATION,pubmed:31444045,true,exposure|population|outcome,deprioritize,false
HRS5_ANTICOAGULATION,pubmed:31604354,true,exposure|population|outcome,retain,true
HRS5_ANTICOAGULATION,pubmed:31633199,true,exposure|population|outcome,retain,true
HRS5_ANTICOAGULATION,pubmed:31658372,true,exposure|population|outcome,retain,true
HRS5_ANTICOAGULATION,pubmed:31721714,true,exposure|population|outcome,retain,true
HRS5_ANTICOAGULATION,pubmed:31742659,true,exposure|population|outcome,retain,true
HRS5_ANTICOAGULATION,pubmed:31770359,false,exposure,retain,false
HRS5_ANTICOAGULATION,pubmed:31872715,false,population|outcome,retain,false
HRS5_ANTICOAGULATION,pubmed:31986476,true,exposure|population|outcome,deprioritize,false
HRS5_ANTICOAGULATION,pubmed:32027817,true,exposure|population|outcome,retain,true
HRS5_ANTICOAGULATION,pubmed:32151478,true,exposure|population|outcome,retain,true
HRS5_ANTICOAGULATION,pubmed:32334790,true,exposure|population|outcome,retain,true
HRS5_ANTICOAGULATION,pubmed:32378676,true,exposure|population|outcome,retain,true
HRS5_ANTICOAGULATION,pubmed:32478963,true,exposure|population|outcome,retain,true
HRS5_ANTICOAGULATION,pubmed:32482107,true,exposure|population|outcome,deprioritize,false
HRS5_ANTICOAGULATION,pubmed:32531538,true,exposure|population|outcome,retain,true
HRS5_ANTICOAGULATION,pubmed:32634649,false,exposure|outcome,retain,false
HRS5_ANTICOAGULATION,pubmed:32842823,true,exposure|population|outcome,deprioritize,false
HRS5_ANTICOAGULATION,pubmed:33036662,true,exposure|population|outcome,deprioritize,false
HRS5_ANTICOAGULATION,pubmed:33368259,true,exposure|population|outcome,retain,true
HRS5_ANTICOAGULATION,pubmed:33624893,true,exposure|population|outcome,retain,true
HRS5_ANTICOAGULATION,pubmed:33731638,true,exposure|population|outcome,deprioritize,false
HRS5_ANTICOAGULATION,pubmed:34015833,true,exposure|population|outcome,retain,true
HRS5_ANTICOAGULATION,pubmed:3443716,true,exposure|population|outcome,retain,true
HRS5_ANTICOAGULATION,pubmed:34445237,true,exposure|population|outcome,retain,true
HRS5_ANTICOAGULATION,pubmed:34579096,true,exposure|population|outcome,deprioritize,false
HRS5_ANTICOAGULATION,pubmed:34978734,true,exposure|population|outcome,deprioritize,false
HRS5_ANTICOAGULATION,pubmed:35253736,true,exposure|population|outcome,retain,true
HRS5_ANTICOAGULATION,pubmed:35409970,true,exposure|population|outcome,retain,true
HRS5_ANTICOAGULATION,pubmed:35440328,true,exposure|population|outcome,retain,true
HRS5_ANTICOAGULATION,pubmed:35594715,true,exposure|population|outcome,retain,true
HRS5_ANTICOAGULATION,pubmed:35838235,true,exposure|population|outcome,deprioritize,false
HRS5_ANTICOAGULATION,pubmed:35871859,true,exposure|population|outcome,deprioritize,false
HRS5_ANTICOAGULATION,pubmed:35877927,false,exposure|outcome,deprioritize,false
HRS5_ANTICOAGULATION,pubmed:35921950,true,exposure|population|outcome,retain,true
HRS5_ANTICOAGULATION,pubmed:36351584,true,exposure|population|outcome,deprioritize,false
HRS5_ANTICOAGULATION,pubmed:36525104,true,exposure|population|outcome,retain,true
HRS5_ANTICOAGULATION,pubmed:36624575,true,exposure|population|outcome,retain,true
HRS5_ANTICOAGULATION,pubmed:36972532,true,exposure|population|outcome,retain,true
HRS5_ANTICOAGULATION,pubmed:37565875,true,exposure|population|outcome,retain,true
HRS5_ANTICOAGULATION,pubmed:37634077,true,exposure|population|outcome,retain,true
HRS5_ANTICOAGULATION,pubmed:37658611,true,exposure|population|outcome,deprioritize,false
HRS5_ANTICOAGULATION,pubmed:38305013,true,exposure|population|outcome,retain,true
HRS5_ANTICOAGULATION,pubmed:38735483,true,exposure|population|outcome,retain,true
HRS5_ANTICOAGULATION,pubmed:39344282,true,exposure|population|outcome,retain,true
HRS5_ANTICOAGULATION,pubmed:39747809,true,exposure|population|outcome,retain,true
HRS5_ANTICOAGULATION,pubmed:39956102,true,exposure|population|outcome,retain,true
HRS5_ANTICOAGULATION,pubmed:39984862,true,exposure|population|outcome,retain,true
HRS5_ANTICOAGULATION,pubmed:40167627,true,exposure|population|outcome,retain,true
HRS5_ANTICOAGULATION,pubmed:40695569,true,exposure|population|outcome,retain,true
HRS5_ANTICOAGULATION,pubmed:41343054,true,exposure|population|outcome,retain,true
HRS5_ANTICOAGULATION,pubmed:41347947,true,exposure|population|outcome,retain,true
HRS5_ANTICOAGULATION,pubmed:41785409,true,exposure|population|outcome,deprioritize,false
HRS5_ANTICOAGULATION,pubmed:41921254,true,exposure|population|outcome,retain,true
HRS5_ANTICOAGULATION,pubmed:42105017,true,exposure|population|outcome,retain,true
HRS5_ANTICOAGULATION,pubmed:42438796,true,exposure|population|outcome,deprioritize,false
HRS5_ANTICOAGULATION,pubmed:42502488,true,exposure|population|outcome,deprioritize,false
HRS5_ANTICOAGULATION,pubmed:9621803,true,exposure|population|outcome,retain,true
HRS5_ANTICOAGULATION,pubmed:9818800,true,exposure|population|outcome,retain,true
