20301288
20301298
20301300
20301306
20301320
20301329
20301336
20301349
20301352
20301363
20301382
20301422
20301427
20301428
20301446
20301459
20301460
20301472
20301481
20301485
20301494
20301501
20301505
20301509
20301523
20301543
20301544
20301551
20301574
20301578
20301599
20301608
20301639
20301640
20301643
20301659
20301668
20301686
20301696
20301697
20301703
20301716
20301720
20301722
20301744
20301760
20301763
20301765
20301788
22319799
22876374
23741761
23805436
24624460
25905248
25905396
26131547
26225414
26401545
26610319
26677510
27413800
27559564
27683934
28426188
28448108
28520345
28771291
28846281
29023086
29083571
29083637
29261855
29369572
29493984
29494050
29763170
29999620
29999973
29999981
30000010
30000395
30000413
30000462
30000464
30000465
30000466
30000467
30000468
30000470
30000500
30000501
30000537
30000695
30000829
30000831
30000835
30000839
30000850
30000852
30000868
30000888
30000901
30000907
30000908
30000923
30000926
30000935
30000950
30000953
30000955
30000956
30000958
30000964
30000965
30000966
30000990
30137855
30230402
30247852
30252387
30358967
30422511
30422512
30489717
30570998
30725623
30726015
30860720
31369223
31536302
31725251
31855399
31902256
31906824
31937153
31957558
32037984
32041442
32067533
32078383
32079433
32079434
32106737
32119374
32119435
32153098
32166991
32191130
32208789
32216541
32223474
32228093
32354243
32441564
32456494
32482110
32491315
32491368
32620024
32643471
32644568
32654629
32687817
32722956
32727231
32734823
32781911
32791871
32809605
32814481
32828743
32912100
32912927
32924704
32930627
32933356
32942938
32946849
32955084
32961562
32962453
32965832
32965866
32967476
33021130
33021403
33032328
33047642
33050862
33069164
33078688
33085409
33099878
33107813
33164606
33169646
33199244
33207971
33207986
33226853
33247374
33280430
33283558
33284035
33285602
33297793
33334193
33345728
33355234
33356673
33402570
33406975
33422291
33431253
33438855
33491615
33533009
33557697
33568010
33580868
33620821
33620844
33621344
33641632
33654278
33654289
33661170
33674348
33674742
33682657
33686633
33686634
33705242
33743119
33745458
33749574
33760573
33763980
33768473
33772217
33783310
33784941
33786878
33789272
33814020
33817930
33818325
33818369
33819142
33838984
33846729
33858523
33859366
33866933
33874834
33890745
33899631
33909528
33926292
33928787
33929672
33940641
33940646
33941295
33941306
33944672
33953356
33958291
33970818
33971745
33972006
33977578
33979245
33979901
33980991
33986494
33988859
33990852
34006167
34006967
34008468
34013777
34020932
34021008
34022103
34024875
34030611
34034544
34034602
34044458
34044669
34047628
34050610
34058039
34058763
34075633
34082852
34103112
34103676
34110557
34120246
34121591
34121648
34124965
34125972
34148242
34151432
34151973
34152234
34154517
34156913
34162283
34165398
34176079
34176526
34176535
34182866
34183770
34185600
34185962
34196113
34196812
34224039
34224785
34225543
34228379
34231175
34236445
34237306
34237738
34237918
34238093
34247319
34247885
34261202
34263919
34264183
34265089
34266707
34268649
34269162
34269614
34272804
34278547
34278722
34278962
34279843
34282994
34284529
34284830
34286471
34291331
34291472
34297271
34304668
34308735
34311492
34315297
34315305
34315559
34318525
34325757
34330686
34331513
34333502
34333703
34338114
34338760
34339038
34342785
34345953
34346299
34350728
34352088
34353401
34353406
34364208
34365961
34368906
34376115
34376791
34380357
34380579
34382106
34387161
34387535
34390476
34392783
34405549
34405772
34406533
34406645
34411257
34414856
34415662
34418475
34419374
34420167
34423891
34427472
34428453
34428928
34433587
34433732
34436538
34445849
34445937
34449080
34453745
34455420
34455975
34460964
34461530
34461807
34462043
34465891
34467636
34467639
34468131
34468925
34474142
34474293
34474497
34477200
34479797
34482473
34483364
34486910
34489532
34492279
34492323
34493165
34496098
34498371
34505173
34508664
34508747
34508748
34508802
34510557
34515211
34519378
34520749
34523462
34523473
34523803
34526160
34526164
34530095
34531540
34533755
34534171
34534293
34534522
34536961
34537939
34537998
34542385
34543432
34545212
34548005
34548120
34549300
34550375
34550567
34550852
34552200
34555832
34555852
34561156
34561715
34562018
34562183
34563465
34563666
34565543
34569816
34570342
34579617
34580932
34581971
34586772
34587322
34587635
34591100
34591710
34595571
34595586
34595830
34595838
34595971
34596883
34597652
34598893
34599677
34601603
34602121
34608536
34608838
34610360
34612492
34612495
34613586
34616000
34617487
34617558
34618342
34619532
34620066
34621029
34622395
34622941
34624171
34624906
34625785
34625812
34625984
34626672
34627659
34627802
34629389
34633849
34636455
34644809
34647596
34648836
34649124
34651206
34653448
34654056
34655806
34656004
34656303
34656350
34656353
34657185
34657737
34657965
34658128
34658139
34662441
34662579
34665403
34665472
34666393
34666569
34666844
34669977
34670464
34671923
34672229
34672848
34672994
34673250
34673294
34674145
34675370
34676503
34678307
34679231
34686832
34687115
34687208
34687542
34689702
34689847
34692411
34693731
34693846
34695449
34695825
34696918
34697632
34699883
34700257
34700314
34702787
34713327
34713570
34714123
34714139
34714463
34715444
34716171
34718374
34724303
34724865
34724997
34725002
34725104
34726796
34726823
34727391
34728189
34729872
34735717
34735958
34738623
34739565
34739675
34740011
34741684
34742446
34742689
34743779
34743883
34748669
34748738
34748853
34750867
34751004
34751152
34751387
34755374
34757163
34757677
34762271
34766534
34772501
34774541
34775542
34775562
34775809
34776028
34779376
34780069
34782949
34783893
34784576
34784615
34784848
34785255
34786723
34787503
34791046
34791653
34792151
34793781
34793903
34794372
34798472
34799106
34800315
34800780
34801687
34801691
34802735
34806438
34806832
34807438
34807443
34808217
34808323
34808403
34808765
34812598
34812699
34815314
34816602
34817774
34820868
34821015
34821420
34822729
34823037
34823072
34823102
34823169
34823790
34825402
34825773
34826054
34826348
34837417
34837709
34838414
34838794
34838995
34839038
34839468
34839481
34841560
34841608
34842031
34842975
34843870
34843933
34844117
34844500
34844548
34847798
34848268
34849536
34850307
34850562
34852313
34853414
34853883
34854157
34854955
34855056
34855145
34856190
34856219
34856550
34856862
34857876
34859252
34859816
34860172
34860270
34862130
34862253
34862676
34862995
34863037
34863616
34863748
34864308
34864452
34864617
34864695
34864925
34864996
34865048
34865185
34865266
34865663
34865947
34866119
34870467
34870926
34871344
34871624
34871860
34871861
34872627
34874457
34875094
34875357
34876306
34879703
34882958
34886746
34889871
34889924
34890602
34890768
34890880
34890956
34893227
34893407
34896180
34896207
34896558
34896633
34896678
34896712
34896909
34896952
34897342
34902517
34902960
34903589
34904397
34904585
34904752
34905267
34905286
34905644
34905655
34905741
34906024
34906555
34907820
34907829
34908195
34908227
34909515
34910118
34911429
34913189
34913799
34913857
34913949
34914910
34915130
34915782
34916044
34916219
34918466
34918556
34918849
34919194
34919209
34919287
34919457
34920056
34920379
34921998
34923233
34923698
34924287
34927195
34928544
34929192
34929501
34929598
34931570
34931929
34932113
34932953
34933145
34934172
34934453
34935238
34935481
34935905
34936479
34937520
34937851
34941478
34942330
34942679
34951097
34952457
34953002
34953240
34954655
34955243
34955257
34955258
34955266
34955299
34957596
34957729
34957903
34957933
34957952
34958369
34958492
34958537
34959114
34959155
34962099
34962367
34962672
34963088
34963503
34964108
34964492
34964890
34965018
34967033
34967143
34967906
34968458
34969067
34969250
34970757
34971733
34972687
34973132
34973295
34973332
34973430
34973732
34974440
34974896
34975225
34975226
34978158
34978718
34978779
34979369
34979436
34979877
34980007
34980887
34981651
34981750
34982792
34982820
34983381
34983403
34983444
34983656
34983771
34983810
34983968
34985196
34985325
34985405
34985406
34986315
34986796
34988930
34989171
34989920
34991046
34991130
34991243
34991614
34992004
34992187
34994275
34994378
34994394
34995328
34995543
34995633
34996317
34996448
34996762
34998566
34999032
34999321
34999332
34999674
35000197
35000200
35002563
35005042
35005585
35005777
35005890
35007353
35007810
35008918
35008935
35008984
35008991
35011095
35012979
35013815
35014542
35014576
35014613
35014790
35014809
35015090
35015882
35016050
35016599
35016627
35017001
35018747
35019789
35020160
35021171
35021206
35022729
35023164
35023227
35023465
35024494
35024824
35025925
35026348
35026483
35026707
35026740
35026987
35027188
35028673
35028725
35029317
35029326
35029364
35029541
35029851
35030239
35031175
35031425
35032053
35032347
35032460
35032555
35032587
35032885
35033345
35033504
35033748
35033907
35034287
35034637
35034814
35034842
35035240
35035243
35035395
35035429
35036476
35037257
35037468
35038038
35038321
35038440
35038477
35039190
35040006
35041229
35041355
35041530
35041810
35042457
35042557
35043647
35044624
35045168
35045271
35046820
35048133
35048325
35049787
35050809
35051293
35051419
35051494
35051552
35051601
35051791
35051980
35052633
35053304
35053543
35053940
35054885
35054892
35054975
35055017
35055025
35055082
35056766
35057067
35057415
35057435
35057472
35057477
35057480
35057481
35057483
35057522
35057537
35057545
35057548
35057570
35057573
35057576
35058059
35058571
35058573
35059289
35059786
35059961
35060029
35060110
35060202
35060496
35060637
35062744
35063230
35063438
35063884
35063885
35064431
35064544
35065201
35065249
35065348
35065910
35066009
35066698
35066748
35066750
35066866
35067297
35067434
35068119
35068121
35068157
35068396
35068796
35069488
35069524
35071136
35071138
35072243
35072544
35072787
35072831
35073578
35073580
35073615
35073815
35073935
35074237
35074252
35074856
35075925
35076272
35076925
35077996
35080114
35081380
35081670
35081728
35081993
35082056
35082348
35085020
35085045
35085319
35085374
35085679
35085691
35086342
35086478
35086530
35086702
35088196
35088775
35089502
35089938
35090106
35090338
35090514
35090750
35090892
35090980
35091127
35091695
35091938
35092111
35092159
35092295
35092433
35092568
35092833
35092939
35093026
35093086
35093320
35093721
35095776
35096637
35098008
35098299
35098705
35100079
35100251
35101572
35101848
35102365
35102441
35103316
35103506
35104631
35105295
35105560
35105943
35106067
35107205
35107470
35107723
35107735
35108226
35108260
35110317
35111797
35111798
35111842
35111894
35112497
35112785
35113426
35114358
35115066
35115932
35116132
35118010
35118107
35118692
35118913
35119809
35120150
35120154
35120491
35120590
35120798
35121857
35122246
35122668
35122705
35123312
35123750
35124431
35124672
35124754
35124845
35125324
35125409
35126178
35126326
35127591
35127597
35128116
35128703
35128910
35129661
35131118
35131581
35131655
35131812
35132153
35132318
35132636
35132897
35133310
35134037
35134068
35134797
35134855
35134990
35135728
35135875
35137037
35137115
35137304
35137478
35138034
35138433
35138661
35141026
35141475
35142237
35142456
35143373
35143662
35144107
35144563
35144703
35147111
35147170
35147198
35147733
35147958
35148350
35148865
35148983
35149006
35149108
35149110
35149133
35149320
35149444
35149687
35150696
35151179
35151680
35152131
35153297
35153488
35154038
35155394
35155512
35155515
35155972
35156551
35157319
35158358
35158623
35158628
35158642
35158646
35159132
35159137
35159192
35162963
35163133
35163281
35163292
35163382
35163414
35163657
35163761
35164085
35164242
35164786
35164876
35165581
35165655
35165854
35166460
35167660
35167848
35167910
35167934
35168221
35168542
35168930
35170053
35170405
35170488
35170739
35172231
35172668
35173545
35174562
35175611
35175612
35176320
35176426
35176679
35176970
35177060
35177174
35180245
35180361
35181010
35181109
35181143
35181848
35182414
35182530
35182545
35182697
35183007
35183047
35183680
35183778
35184195
35184385
35185013
35185631
35186132
35186540
35187296
35188037
35188267
35188483
35188739
35189520
35189547
35189588
35189632
35189780
35189871
35190396
35190523
35190660
35191408
35191486
35192186
35192205
35192606
35193916
35193956
35194050
35194530
35195492
35196139
35196334
35196393
35196534
35196574
35196904
35196910
35197280
35197354
35197434
35197855
35197953
35198034
35199227
35199525
35199588
35199834
35201398
35202010
35202855
35202975
35203068
35203218
35204067
35204204
35204249
35204698
35204824
35204875
35205369
35206115
35206117
35206164
35206317
35208175
35208736
35208739
35208773
35209021
35209874
35209979
35210005
35210768
35211497
35211537
35211704
35211881
35211931
35212695
35212737
35212913
35213239
35213754
35213895
35213906
35214001
35215386
35215404
35215424
35215486
35215489
35215541
35215549
35215551
35216105
35216242
35216422
35216432
35216553
35217240
35217317
35217564
35217610
35218047
35218192
35218328
35218388
35218603
35219236
35219268
35219810
35219844
35219936
35219977
35220432
35220479
35221319
35221685
35222122
35222266
35222644
35223229
35223949
35224710
35225049
35225404
35225658
35225935
35226067
35227102
35227143
35227328
35227658
35227701
35227782
35227861
35229281
35229930
35230426
35230427
35230697
35230756
35230991
35232458
35232469
35233072
35234004
35234164
35234346
35234877
35235282
35235492
35235945
35236316
35236523
35236761
35236770
35237015
35237383
35237692
35238594
35239084
35239502
35239957
35240110
35240710
35240869
35241006
35242184
35243274
35243684
35243966
35244017
35244175
35244301
35244963
35245031
35245159
35245324
35245341
35245632
35245721
35246014
35246178
35247225
35247834
35248077
35248380
35250408
35250465
35250579
35250850
35250872
35251378
35252069
35252558
35252905
35253251
35253882
35253996
35254567
35254568
35255951
35256050
35256920
35256954
35257147
35257353
35257553
35257560
35257657
35257991
35258155
35259261
35259272
35259622
35259632
35260210
35260268
35260407
35260822
35260975
35261075
35261154
35261338
35262277
35262809
35263004
35263096
35263693
35263694
35264245
35264261
35265037
35265261
35265266
35265334
35265534
35265563
35265568
35265619
35265852
35266234
35266246
35266371
35266641
35267086
35267318
35267894
35267975
35267995
35267996
35268005
35268026
35268030
35268031
35268082
35268100
35268180
35268192
35268199
35268281
35268460
35268817
35269658
35270420
35271478
35271624
35272658
35273131
35273364
35274076
35274318
35274766
35274869
35274886
35274915
35276552
35276601
35276767
35276786
35276794
35276806
35276810
35276839
35276854
35276877
35276889
35276893
35276912
35276923
35276926
35276939
35276944
35276951
35276959
35276987
35277018
35277047
35277079
35277398
35277973
35278230
35278756
35278924
35279075
35279778
35279793
35280431
35281045
35281844
35281892
35282017
35282070
35282076
35282461
35282494
35282788
35282985
35283136
35283697
35284077
35284810
35285169
35285824
35285912
35287069
35288108
35288638
35288810
35289581
35290212
35291274
35291427
35292855
35294399
35294602
35294710
35295317
35295369
35296496
35297074
35298351
35298359
35298828
35298963
35299115
35299904
35300564
35300737
35301046
35301063
35301401
35301411
35301522
35301736
35301992
35302913
35303588
35303823
35304048
35304194
35304749
35304783
35305119
35305256
35305506
35305575
35305879
35306726
35307174
35307668
35307800
35307893
35307913
35308331
35308387
35310135
35312419
35312928
35313964
35314206
35314263
35314360
35314561
35314794
35314914
35315139
35315145
35315182
35315347
35316377
35316727
35316734
35316924
35317414
35318493
35318962
35319813
35319933
35320926
35321974
35322353
35322354
35322746
35323028
35323920
35324818
35324945
35324981
35325398
35325546
35325641
35325827
35325830
35326133
35326224
35326508
35326922
35327160
35327580
35327750
35328403
35328723
35328815
35328825
35328862
35329235
35329330
35329905
35330175
35331079
35331172
35331307
35331496
35331534
35331838
35331899
35331901
35332609
35332781
35334212
35334451
35334799
35334824
35334827
35334893
35334923
35334946
35334968
35334970
35335260
35337233
35337634
35337799
35337871
35338644
35339859
35339935
35339939
35339998
35340329
35340459
35341457
35341865
35342056
35342583
35343690
35343877
35344313
35344737
35344843
35345315
35345612
35345923
35346128
35346212
35346362
35346480
35346813
35347430
35348407
35348591
35348825
35348829
35348900
35349079
35349168
35349239
35349630
35349911
35350998
35351145
35351192
35351944
35352331
35353249
35355379
35355955
35356232
35357092
35357106
35357467
35357714
35358213
35358270
35358332
35358758
35358783
35358921
35360193
35360256
35360687
35361098
35361164
35361387
35362335
35362452
35362736
35362816
35363166
35363346
35363444
35364062
35364196
35364275
35364317
35364380
35365902
35365943
35366035
35366189
35366307
35366314
35366455
35366666
35366693
35367418
35367779
35369039
35369896
35370240
35370939
35370977
35370999
35371391
35372106
35372345
35372365
35373296
35373428
35373723
35373793
35377461
35377532
35377893
35378134
35379306
35380381
35380849
35381889
35383403
35383840
35383975
35384129
35385113
35385279
35385325
35385933
35386069
35386084
35386119
35386938
35387067
35387090
35387600
35387872
35388472
35388705
35389156
35389495
35389595
35390059
35390621
35391600
35391901
35392071
35392625
35393136
35393618
35394372
35395583
35395590
35395653
35396559
35396768
35396880
35397071
35397609
35397873
35398814
35399047
35399065
35399098
35399516
35399944
35400096
35400113
35400286
35400522
35400972
35401190
35401225
35401395
35403244
35403318
35403583
35404437
35405613
35405659
35405818
35405903
35405946
35405978
35405979
35406006
35406012
35406039
35406057
35406065
35406069
35406085
35406142
35409134
35409313
35409648
35409746
35409796
35409869
35410317
35410821
35411305
35412906
35413106
35413295
35413515
35413605
35413656
35413719
35413974
35414279
35414333
35414414
35415242
35415897
35416425
35416744
35416756
35416892
35416967
35416986
35417848
35417868
35418031
35418221
35418711
35418966
35419007
35419601
35419723
35420287
35421055
35421527
35421530
35422162
35422299
35422336
35426027
35426325
35426431
35426795
35426970
35427363
35427694
35427717
35427886
35428319
35429125
35429215
35429607
35429802
35429919
35430599
35430895
35432712
35433796
35434829
35436695
35436721
35436742
35436866
35437140
35438148
35438385
35438852
35439186
35439319
35439495
35439693
35439713
35439969
35440333
35441210
35441212
35441382
35441884
35442270
35442434
35442446
35444729
35445327
35445961
35446112
35446273
35446322
35446793
35447131
35447479
35447502
35447549
35448533
35448667
35448801
35448863
35449357
35450102
35450716
35451357
35452650
35453333
35453625
35454266
35455017
35455593
35455937
35456957
35457055
35458105
35458140
35458152
35458179
35458197
35458211
35458215
35458224
35459153
35459918
35460494
35460626
35460673
35460931
35461959
35461988
35464009
35464021
35464026
35464031
35464038
35464769
35464985
35464990
35465162
35465346
35465693
35466910
35466983
35467053
35467292
35468032
35468401
35468408
35468423
35468506
35468773
35469764
35470136
35470163
35470187
35470646
35470763
35470917
35471225
35472152
35472279
35472311
35472742
35473319
35473538
35473965
35474389
35474433
35474541
35475146
35475538
35475799
35475841
35476398
35476806
35477235
35477321
35477329
35478128
35478211
35478600
35479292
35480546
35481825
35482504
35482784
35482938
35483173
35483559
35483963
35484292
35484448
35484547
35484595
35485135
35485158
35485386
35485659
35485812
35485997
35486235
35487171
35487505
35488139
35488214
35488306
35488863
35489088
35489472
35490194
35490423
35490796
35491940
35493075
35493311
35494893
35495419
35495908
35495946
35495961
35496039
35497370
35499247
35499596
35499912
35500028
35500105
35500455
35501489
35501553
35501827
35502335
35502509
35502620
35502921
35503790
35504088
35504090
35504473
35504597
35505080
35505092
35505416
35506256
35506742
35506777
35508343
35508627
35509085
35509827
35510205
35510934
35511308
35511609
35512032
35512035
35512239
35512547
35512554
35512778
35513447
35513779
35513839
35514019
35514211
35514236
35522592
35523481
35523674
35524336
35524695
35524733
35524734
35525316
35526059
35526456
35527006
35529334
35529494
35530148
35531602
35531933
35531991
35532112
35533447
35533732
35533917
35534267
35535480
35535980
35535981
35536363
35536791
35542385
35543146
35543856
35543968
35544150
35544337
35545061
35545339
35545363
35545395
35545756
35548055
35548366
35549255
35549805
35550660
35550672
35550785
35550924
35550944
35551371
35551976
35552471
35552681
35553398
35556208
35557037
35557671
35558981
35560315
35560731
35561465
35561708
35561720
35561806
35562720
35563140
35563172
35563311
35563527
35564002
35565651
35565659
35565670
35565674
35565683
35565735
35565775
35565788
35565793
35565817
35565819
35565848
35565860
35565867
35565868
35565907
35565911
35565956
35566276
35566753
35567300
35567654
35568487
35568576
35568996
35569125
35569272
35569538
35569621
35570039
35570040
35570598
35570945
35570953
35571060
35571128
35571501
35571749
35571879
35571897
35571913
35573407
35573945
35574476
35574856
35575290
35575613
35575618
35575868
35575960
35576970
35577120
35577577
35577692
35578268
35578340
35578613
35579121
35580268
35580408
35580958
35581072
35581076
35581092
35581922
35582955
35582969
35583617
35583618
35583836
35584129
35585828
35587079
35587817
35587965
35588001
35588090
35588526
35588617
35588638
35588671
35589070
35589071
35589725
35589962
35591792
35592285
35592561
35592592
35593209
35593389
35593701
35594029
35594133
35594692
35594804
35594946
35595438
35595847
35596165
35596262
35596561
35596655
35597169
35597902
35598508
35599326
35599682
35600579
35600602
35600832
35600835
35601441
35601505
35602107
35602873
35603062
35603468
35603828
35604165
35604582
35605290
35605296
35605573
35606145
35608725
35609006
35609734
35610698
35610771
35610961
35610964
35612360
35613019
35613138
35613795
35615835
35615974
35617449
35617876
35617940
35617975
35618557
35618903
35619053
35619134
35619572
35619598
35619672
35620029
35621053
35622266
35622384
35622559
35622593
35622624
35622831
35623597
35623830
35623855
35623903
35624195
35624493
35625670
35625701
35625866
35625940
35625995
35626660
35626726
35626941
35627190
35627403
35627905
35628364
35629277
35629945
35630685
35630746
35631133
35631134
35631142
35631170
35631190
35631247
35631269
35631291
35631298
35631300
35631303
35631572
35633288
35633612
35633884
35633926
35633964
35634491
35634591
35634622
35635447
35635455
35635644
35636007
35636100
35636782
35637005
35637024
35637980
35638016
35638167
35638276
35639082
35639151
35639552
35639649
35641131
35641553
35641868
35642737
35642827
35643209
35643291
35643317
35643585
35644107
35644350
35645042
35645148
35646540
35647110
35647135
35647378
35648148
35648305
35650141
35650371
35650454
35650541
35650642
35650652
35651306
35651505
35651728
35651843
35652296
35652451
35652464
35652653
35653001
35653630
35653770
35655274
35656377
35656755
35656770
35658358
35659091
35659099
35659169
35659347
35660122
35660312
35660667
35660893
35661022
35661538
35661959
35661988
35662279
35662305
35662442
35662449
35663328
35664878
35664966
35666125
35667267
35667269
35668063
35668679
35669042
35669196
35669396
35669460
35670044
35670086
35670667
35671065
35671879
35672044
35672280
35672544
35672803
35673450
35673575
35674974
35675637
35675745
35675757
35675760
35675856
35675909
35676007
35676498
35678178
35678944
35679582
35679738
35679842
35679940
35680405
35680517
35681097
35681160
35681255
35681265
35681417
35681861
35682675
35682720
35682762
35682917
35682929
35683989
35684001
35684009
35684012
35684026
35684030
35684035
35684101
35684114
35684115
35684127
35684128
35684156
35685489
35685517
35686634
35687102
35687295
35687377
35688084
35688569
35689505
35689922
35690003
35690104
35690294
35690687
35691674
35691683
35691684
35691911
35692064
35693697
35693779
35694841
35694897
35695155
35695965
35696304
35697226
35697536
35698093
35698172
35698211
35698266
35698339
35698561
35698901
35700651
35700759
35701119
35701820
35702348
35702383
35702554
35703723
35704547
35705386
35705478
35705902
35706682
35706844
35706906
35707482
35707899
35708050
35708275
35708506
35708579
35709218
35709911
35709987
35710321
35710384
35710471
35710489
35710837
35710838
35710880
35711026
35711554
35711572
35712242
35713447
35713524
35714053
35714142
35714404
35715207
35715709
35715717
35715924
35715980
35716278
35716287
35716786
35718375
35718501
35718899
35719165
35719619
35720171
35720568
35721245
35721866
35722125
35722198
35722480
35722582
35723336
35723461
35723491
35723931
35724964
35725113
35725179
35725246
35725392
35725541
35725917
35725996
35726316
35726870
35727412
35728584
35728709
35728797
35729604
35729660
35729840
35730411
35730463
35730582
35730666
35731099
35732709
35733471
35733999
35734028
35734310
35734372
35734397
35734880
35735352
35735411
35735429
35735795
35736147
35736193
35737537
35737575
35737815
35739258
35739350
35739412
35739897
35739988
35740810
35740820
35742022
35742074
35742376
35743994
35744047
35745126
35745181
35745185
35745231
35745237
35745242
35745247
35745263
35745277
35746978
35750090
35750632
35750996
35751117
35751125
35751393
35751679
35752317
35752374
35753678
35754028
35754683
35754987
35757618
35757914
35758227
35758477
35759089
35759118
35759368
35760028
35760104
35760917
35761112
35761513
35762407
35762435
35762810
35763064
35763091
35763390
35765003
35765015
35765104
35766552
35766558
35766560
35766563
35766885
35767207
35767966
35768119
35768223
35768252
35768255
35769469
35772314
35772387
35772468
35772508
35772747
35772751
35772760
35772767
35773131
35773238
35773538
35773684
35774275
35774751
35775433
35775922
35776043
35776289
35777109
35777122
35777272
35777438
35777629
35778392
35778680
35778751
35779010
35779332
35779783
35779910
35779920
35780347
35780881
35781081
35781320
35781577
35782077
35782209
35784815
35785255
35785450
35785764
35786116
35786452
35786512
35787322
35787325
35787444
35787614
35788070
35788951
35789994
35790156
35790896
35791492
35792193
35792970
35793035
35793100
35793918
35794391
35794663
35794689
35794801
35795709
35795849
35795888
35796406
35796578
35796642
35796792
35797387
35797478
35797813
35797824
35797924
35798940
35799590
35799616
35803199
35803345
35803866
35804076
35804358
35804577
35805107
35805953
35806105
35806196
35806262
35806276
35806427
35806483
35807547
35807767
35807810
35807814
35807880
35807899
35807912
35807915
35807933
35808901
35809224
35809281
35810613
35811133
35811545
35811630
35812416
35814220
35814612
35814725
35815068
35815097
35815815
35816314
35816736
35817259
35818085
35818290
35818428
35818817
35818958
35820042
35820059
35821184
35821478
35822313
35822733
35822793
35830137
35830335
35830973
35832899
35833477
35834313
35834633
35834913
35835088
35835122
35836250
35836584
35836692
35836697
35836700
35836856
35836914
35837144
35837395
35837474
35838100
35838180
35838213
35838582
35838989
35839254
35840295
35840410
35840808
35841164
35841477
35841692
35842624
35843134
35843329
35843794
35844452
35846277
35846363
35847070
35847636
35848042
35848051
35848346
35848617
35849657
35850710
35851131
35851951
35852043
35852063
35852141
35852163
35852357
35853297
35853523
35854106
35854217
35854771
35855181
35855386
35855829
35855875
35856090
35856688
35857012
35857162
35857281
35857775
35858121
35858874
35858934
35859093
35859251
35859256
35859413
35859457
35859502
35861204
35861708
35861776
35862014
35862567
35863030
35863140
35863485
35864488
35864501
35865051
35865219
35865638
35866037
35866154
35866582
35867268
35867666
35868138
35868586
35868598
35868689
35868748
35868770
35868801
35869242
35870009
35870033
35870252
35870370
35870585
35870688
35870823
35870897
35871074
35871149
35871469
35871607
35871841
35871939
35871956
35872234
35872554
35872569
35873564
35873654
35873696
35874567
35874584
35874736
35875925
35876300
35876997
35877394
35877439
35878261
35878992
35879688
35879700
35879714
35880174
35881053
35881959
35881967
35882132
35882794
35883090
35883202
35883228
35883305
35883408
35883425
35883516
35883591
35883778
35883909
35885482
35886147
35886354
35886437
35886959
35887141
35887143
35887270
35888100
35888674
35889087
35889367
35889510
35889770
35889788
35889794
35889800
35889826
35889852
35889867
35889877
35889919
35889932
35890042
35890449
35890804
35892522
35892965
35893036
35893101
35893857
35893862
35893877
35893897
35893905
35893912
35894479
35894667
35894718
35895078
35895138
35895619
35895693
35895739
35895916
35896053
35897677
35897822
35898470
35898719
35899258
35899694
35900172
35900842
35900848
35900851
35900955
35901030
35902433
35903438
35903718
35903854
35903928
35904080
35904581
35905605
35905821
35905974
35906767
35906874
35906921
35907926
35908214
35908390
35908654
35908786
35908895
35909001
35909107
35909334
35909516
35909556
35910059
35910625
35912058
35912103
35912303
35912433
35912792
35913236
35913614
35913943
35914335
35915058
35916101
35916795
35917509
35918323
35918728
35918756
35919248
35919277
35920249
35920262
35920316
35920480
35920961
35921666
35921668
35921670
35921671
35921675
35921677
35921678
35922066
35922106
35922584
35923072
35923108
35923192
35923196
35924427
35924433
35925237
35925888
35925942
35926310
35926749
35927370
35927693
35927782
35928277
35928352
35928755
35928828
35929201
35929223
35929256
35929323
35929437
35929517
35929595
35929629
35930951
35930957
35931480
35931486
35931786
35931891
35931927
35932169
35932513
35932556
35932884
35933095
35933371
35934787
35935322
35935444
35936190
35937282
35937311
35938103
35938208
35938410
35938576
35939440
35939955
35940045
35940516
35940920
35941253
35941627
35941630
35941976
35942992
35943527
35943707
35944267
35945179
35945551
35945578
35945859
35946435
35946676
35947162
35947197
35947545
35947844
35948268
35948345
35949197
35950256
35951062
35951154
35951607
35951878
35951944
35951950
35951985
35952003
35952042
35952044
35952231
35952293
35952383
35952391
35952840
35953327
35953431
35953914
35955421
35955462
35956259
35956267
35956272
35956281
35956291
35956342
35956361
35956371
35956396
35956409
35956415
35956500
35957821
35958051
35958250
35958818
35958841
35958861
35958879
35959711
35960146
35961342
35961349
35961472
35961921
35963155
35963408
35963420
35963434
35963508
35963553
35963881
35963945
35965125
35966044
35966212
35966728
35967448
35967578
35967812
35968068
35968208
35968892
35969329
35969489
35970017
35970494
35971641
35971683
35972445
35972453
35972954
35973211
35973237
35974112
35974697
35974923
35974950
35975419
35977563
35978328
35978741
35979052
35979440
35979501
35979646
35980507
35980725
35980782
35982029
35983514
35983614
35983757
35984316
35984772
35984828
35984853
35985248
35985365
35985711
35986345
35986434
35986613
35986631
35986687
35986890
35987514
35987683
35987819
35989475
35989564
35989993
35990274
35990638
35990835
35992337
35992573
35993282
35993523
35993842
35994064
35994459
35994490
35994745
35994746
35995050
35995203
35995334
35995540
35995569
35995938
35995981
35997173
35997893
35998039
35998104
35998395
35998889
35999323
35999443
35999809
36001037
36001172
36002020
36003078
36003335
36004351
36004605
36005540
36005568
36005628
36005806
36006504
36006849
36007351
36007919
36008249
36008821
36008982
36009056
36009706
36009731
36010271
36010298
36011108
36011282
36011319
36012172
36012313
36012467
36012659
36012679
36013376
36013550
36013589
36014585
36014761
36014775
36014781
36014782
36014792
36014806
36014809
36014810
36014840
36014856
36014908
36014916
36014941
36016260
36016464
36017551
36017806
36018507
36018544
36018823
36018829
36027600
36027648
36027995
36028097
36028102
36028449
36028797
36028832
36029294
36029681
36029816
36029874
36030221
36030816
36031230
36031456
36031792
36032143
36034089
36034548
36035477
36036133
36037087
36037361
36037588
36037785
36037903
36037947
36038009
36039478
36039549
36039691
36039894
36040761
36040837
36040915
36041182
36041287
36041392
36041396
36041425
36041519
36041536
36041558
36042640
36042834
36043373
36043560
36044065
36044209
36045293
36045790
36045837
36046373
36046664
36046692
36046790
36047051
36047097
36047209
36047215
36047258
36047469
36047598
36047818
36047921
36048515
36048727
36049513
36049529
36049671
36050341
36050436
36050673
36051782
36052328
36053319
36053580
36054118
36054262
36054333
36054347
36054461
36054571
36054758
36055417
36055779
36056058
36056447
36056463
36056547
36056753
36057543
36057585
36057646
36057883
36057971
36058147
36058332
36059129
36060747
36060848
36061384
36063761
36063875
36064716
36064737
36065842
36066168
36066737
36066873
36067799
36068647
36068752
36068761
36069317
36069806
36070101
36070613
36070816
36071390
36071577
36071650
36071868
36071934
36072201
36074245
36074277
36074322
36074349
36074541
36075528
36075747
36076113
36076211
36076979
36077120
36077251
36077541
36077575
36077584
36078105
36078441
36079755
36079757
36079814
36079820
36079825
36079836
36079896
36079903
36079923
36080247
36080349
36081295
36081356
36081629
36082134
36082634
36083168
36084006
36084513
36084613
36084928
36085059
36085062
36085273
36086762
36087044
36087769
36087817
36087845
36089721
36090567
36090568
36090697
36091237
36091397
36091751
36091961
36093196
36093642
36094076
36094548
36094549
36094616
36094695
36096087
36096375
36096842
36096906
36096980
36098085
36098661
36098672
36098822
36099660
36099681
36099684
36100109
36100774
36101708
36102227
36102254
36102412
36102507
36102617
36102779
36103674
36103769
36103800
36103958
36105399
36105440
36105619
36107229
36107253
36107559
36107703
36107718
36108117
36108340
36108422
36108911
36108928
36109179
36109397
36110056
36110068
36110183
36110560
36111293
36111298
36111726
36111815
36112821
36113393
36113422
36113451
36113504
36113690
36113784
36113792
36114055
36114590
36114678
36115080
36115155
36115491
36115950
36116344
36116484
36116562
36117183
36117187
36117354
36117391
36117404
36118754
36119177
36119194
36119349
36122428
36122554
36122688
36123748
36124218
36124847
36125080
36125992
36126424
36127605
36127645
36128579
36128742
36128890
36128985
36129592
36129749
36129901
36130031
36130203
36130448
36130519
36130660
36130877
36131638
36132986
36135388
36135748
36136273
36136285
36136458
36136583
36137993
36138042
36138079
36138112
36138850
36139105
36139203
36139298
36139415
36139738
36139814
36140900
36141604
36142388
36142578
36142579
36142654
36144280
36144488
36144723
36145050
36145088
36145101
36145102
36145129
36145143
36145156
36145157
36145168
36145176
36145177
36145186
36145195
36145198
36145205
36145217
36145230
36145232
36145245
36145254
36145497
36145627
36145919
36146728
36147069
36147300
36147391
36147480
36148712
36148730
36148787
36148984
36149197
36149836
36149913
36150015
36150053
36150639
36150647
36150682
36151510
36152061
36152242
36152598
36152601
36152882
36153156
36153396
36153497
36153551
36153674
36154638
36156607
36156660
36158214
36158430
36159484
36159485
36159852
36160803
36161401
36161422
36161610
36161671
36161863
36162415
36162551
36163498
36164833
36164874
36164917
36164920
36165740
36166842
36167627
36168344
36168701
36168972
36169009
36169668
36170134
36170309
36170861
36171094
36171160
36171347
36171509
36173945
36174023
36174426
36174460
36174752
36174954
36175221
36175238
36175429
36176060
36177734
36178055
36178136
36178520
36179792
36181360
36181506
36182194
36182259
36182708
36183100
36183866
36184023
36184142
36184196
36184213
36184229
36184253
36184364
36184597
36184638
36184790
36185774
36185907
36187702
36187777
36189343
36189816
36190319
36191262
36191611
36191782
36191802
36191924
36192231
36192467
36192638
36192688
36193077
36193312
36193480
36193782
36194837
36194974
36195032
36195046
36195624
36195656
36195945
36196007
36196700
36196992
36197563
36197792
36198198
36199572
36199578
36199654
36200141
36200449
36200453
36200983
36202059
36202216
36202795
36203356
36203383
36204041
36204254
36205216
36205515
36206173
36206234
36206263
36206636
36206975
36207180
36207190
36207476
36207675
36207817
36208199
36208971
36209125
36209163
36209841
36210274
36210359
36210433
36210639
36211255
36211493
36213293
36213410
36214580
36214957
36215782
36216194
36216346
36216709
36216728
36217133
36217140
36217348
36217622
36219218
36219396
36219505
36219798
36220438
36220630
36221320
36222334
36222574
36223651
36223674
36223744
36223846
36224261
36224721
36225305
36225451
36225459
36225707
36226309
36227457
36227595
36227906
36228212
36228552
36228573
36228770
36229024
36229041
36229208
36230080
36230268
36230278
36230314
36230954
36231072
36231425
36232568
36232598
36233134
36234737
36235452
36235563
36235580
36235588
36235589
36235591
36235594
36235604
36235641
36235659
36235668
36235669
36235708
36235714
36235743
36235776
36235783
36235819
36237143
36237439
36238227
36238601
36239949
36240822
36240826
36240976
36241101
36241210
36241299
36241433
36241437
36241542
36241651
36241726
36242530
36242679
36242797
36243285
36243606
36243895
36244270
36244339
36244619
36244894
36245271
36245294
36245367
36245510
36245527
36245733
36246935
36248036
36248829
36249421
36249983
36249984
36250230
36250446
36250683
36251016
36251859
36252352
36252484
36253010
36253040
36253375
36254396
36254661
36255046
36255373
36255554
36257082
36257121
36257216
36257457
36258027
36258094
36260082
36260230
36260621
36260738
36262702
36263470
36263777
36264306
36264559
36264917
36265497
36265591
36266683
36266935
36267367
36267581
36267902
36268048
36268365
36268400
36269049
36269127
36270206
36270274
36270282
36270689
36270878
36271433
36272194
36272714
36273034
36273357
36273391
36273660
36274126
36274480
36274624
36274662
36275023
36275061
36276418
36277707
36278236
36279603
36279735
36280147
36281248
36282319
36282944
36283337
36283479
36283552
36283863
36284286
36284949
36284975
36285403
36286330
36286414
36287630
36288396
36288842
36288911
36289025
36289043
36289986
36290116
36290255
36290753
36291179
36291411
36291454
36291517
36292016
36292673
36293100
36293215
36293376
36293757
36294748
36295836
36296422
36296680
36296909
36296914
36296970
36296984
36296986
36296988
36296991
36297034
36297083
36297089
36297106
36297115
36297607
36299179
36299630
36299694
36299926
36299956
36299985
36299991
36300168
36300661
36300974
36301224
36301386
36301422
36301701
36301943
36303086
36303165
36303220
36303276
36303362
36303465
36303678
36303927
36304632
36305172
36307247
36307885
36308028
36308194
36308308
36308408
36308585
36308676
36308734
36309477
36309641
36309815
36309846
36310070
36310071
36310529
36312324
36312688
36312731
36312745
36313255
36315131
36316554
36317196
36318010
36318283
36318412
36318746
36319200
36319990
36321339
36321557
36321738
36321872
36323311
36323641
36324089
36325457
36325465
36325841
36326853
36326988
36327019
36328203
36329175
36329434
36329468
36329544
36329588
36329684
36329878
36331130
36331168
36331236
36332327
36332391
36332537
36332962
36333132
36333141
36334530
36334585
36334793
36334816
36335122
36335302
36335311
36335758
36336872
36337629
36337683
36339248
36340915
36341330
36341445
36341458
36341901
36342076
36342409
36343740
36344720
36344770
36345125
36345221
36345441
36345648
36345715
36348266
36348386
36348450
36349360
36349486
36349792
36349826
36350136
36350926
36351269
36351308
36351329
36351731
36352102
36352575
36352778
36352987
36353240
36353487
36353916
36354556
36355765
36356090
36356468
36357113
36358970
36359099
36359154
36359914
36360449
36360757
36360774
36361041
36361194
36361359
36361562
36361626
36361738
36361856
36361859
36362173
36362178
36362430
36362619
36362917
36363474
36364205
36364367
36364568
36364747
36364750
36364759
36364782
36364786
36364804
36364820
36364856
36364867
36364883
36364887
36364919
36364921
36364952
36366319
36366453
36367103
36367517
36367869
36368258
36368265
36368266
36368479
36368523
36368564
36368653
36368685
36369183
36369373
36369789
36370127
36370916
36371219
36371914
36372042
36372185
36372205
36372696
36372806
36373514
36373770
36375579
36375730
36376068
36376498
36377506
36377518
36377578
36377836
36378001
36378134
36379645
36379649
36380321
36380467
36381066
36381124
36381557
36381685
36381796
36381949
36382754
36383328
36383353
36383399
36383546
36384174
36384469
36385621
36386565
36386927
36386940
36387377
36387879
36388896
36394350
36395653
36395708
36395814
36395990
36396409
36396534
36396611
36396717
36396935
36396956
36397107
36397149
36397441
36398422
36398542
36398655
36398730
36398994
36399987
36400177
36400615
36400871
36401450
36402181
36402436
36403680
36403957
36404391
36404841
36405099
36405527
36405730
36405758
36405834
36406889
36407304
36407544
36407549
36407997
36408243
36408332
36408672
36408829
36409190
36409489
36409621
36410409
36410703
36411183
36411551
36411634
36411742
36411765
36411860
36412511
36413627
36413869
36413879
36415267
36415291
36415939
36416119
36416460
36416531
36417640
36418626
36418636
36418638
36419064
36419819
36421397
36421415
36421439
36421691
36422244
36422248
36422307
36422479
36423229
36423372
36425471
36426950
36427361
36428387
36428991
36429569
36430235
36430416
36430459
36430615
36430781
36430861
36432068
36432476
36432530
36432547
36432552
36432560
36432604
36432608
36432637
36434928
36434977
36435294
36435526
36435585
36435697
36435745
36436389
36436453
36436595
36437195
36437888
36437993
36438518
36438538
36438740
36438768
36438924
36439221
36439858
36440223
36440232
36440356
36440610
36441236
36441394
36441438
36441471
36441747
36442309
36442566
36443046
36443391
36443988
36444735
36444854
36445706
36446096
36446327
36446557
36446590
36446888
36447056
36447189
36448354
36448508
36449013
36449092
36449198
36449797
36450113
36450679
36451000
36451743
36451897
36452005
36453143
36454270
36454650
36454676
36454900
36454974
36455479
36456027
36456177
36456551
36456588
36457295
36457444
36457548
36457771
36457776
36457888
36458064
36458989
36459002
36459651
36459949
36460223
36460351
36460779
36461096
36461276
36462034
36462539
36463586
36464034
36464341
36465610
36465774
36465841
36466154
36466428
36466514
36467055
36467483
36468406
36468692
36469110
36470163
36470294
36470842
36471536
36471554
36471920
36472341
36472957
36473006
36473425
36473540
36473589
36473599
36473658
36474426
36474524
36474572
36474735
36475321
36476252
36476355
36476589
36476746
36477851
36477942
36479045
36479475
36479498
36480309
36480483
36480662
36481166
36481429
36481627
36481632
36481639
36481800
36481988
36482860
36483468
36483606
36483925
36483929
36484095
36484404
36484847
36490293
36490313
36493557
36493676
36494332
36495174
36495594
36495713
36496016
36496071
36496117
36496182
36496552
36497004
36498005
36499456
36499537
36499581
36499584
36500460
36500650
36500985
36501046
36501067
36501074
36501082
36501137
36501164
36501173
36501194
36502913
36503442
36503533
36504453
36504919
36505422
36505566
36506904
36507347
36508054
36508611
36508835
36508998
36509164
36509212
36509253
36509312
36509727
36509832
36509925
36510012
36510562
36510740
36513100
36513431
36513450
36513740
36514058
36514374
36514581
36514664
36514667
36514767
36515010
36515141
36515682
36516017
36516910
36517809
36518291
36518484
36519295
36520012
36520252
36520358
36520377
36521462
36521747
36521896
36522510
36522796
36523684
36524152
36524353
36524507
36524550
36524586
36524681
36524863
36524986
36525409
36526156
36526243
36526353
36526464
36526961
36527827
36528466
36529815
36529899
36530304
36530883
36531663
36532479
36532501
36534230
36534956
36535102
36536193
36536235
36536397
36536470
36537336
36537472
36537740
36537783
36538104
36538120
36538589
36538623
36538966
36539719
36539976
36542121
36543259
36543649
36543996
36544188
36544364
36545221
36545294
36546344
36546744
36547383
36547706
36548196
36548302
36548328
36548612
36548832
36549168
36549726
36549727
36549811
36550335
36550612
36551976
36552664
36552710
36552731
36553275
36553307
36553782
36553911
36554014
36555184
36555402
36555621
36555701
36555707
36556974
36557290
36557882
36557965
36557996
36558360
36558404
36558433
36558439
36558448
36558467
36558495
36558502
36558543
36559132
36561106
36561257
36561943
36562211
36562434
36562914
36563089
36563510
36564511
36564625
36565572
36565844
36565899
36565948
36566272
36566452
36566486
36567415
36567911
36568967
36569435
36569920
36570121
36570134
36570169
36571180
36572003
36572324
36572835
36572890
36573489
36573692
36574166
36574350
36574915
36575009
36575085
36575539
36576276
36576287
36577035
36577278
36577279
36577449
36577834
36577981
36577993
36578095
36578582
36579409
36579650
36580331
36580761
36581161
36581527
36581953
36582095
36582247
36583007
36583285
36583384
36583418
36583479
36583968
36584237
36584689
36584796
36584903
36584959
36585139
36585232
36585507
36585599
36585861
36585878
36585903
36586528
36586652
36586803
36587235
36587413
36587430
36587591
36587641
36589409
36589412
36589786
36589828
36590177
36590221
36590557
36590785
36590803
36592614
36592631
36592758
36592923
36592977
36594040
36594216
36594958
36595618
36595654
36596547
36596941
36596968
36597650
36598740
36599381
36600459
36600872
36601006
36601436
36601875
36602139
36602151
36602239
36602390
36602442
36602584
36603091
36603098
36603465
36604324
36604935
36605215
36606759
36607181
36607201
36607482
36607703
36608455
36608621
36610099
36610112
36610243
36610454
36611679
36611727
36611913
36613375
36613505
36613696
36613732
36613973
36614010
36614176
36614190
36614208
36615281
36615716
36615774
36615782
36615784
36615797
36615819
36615827
36615842
36615851
36615888
36615902
36617266
36617598
36617628
36617697
36619646
36619823
36620948
36621110
36621416
36621489
36621546
36621632
36622473
36623328
36624358
36624462
36624775
36626135
36626889
36627030
36627107
36627611
36627814
36629072
36629252
36629588
36629659
36629840
36631597
36631843
36631878
36632272
36632621
36632698
36632790
36632810
36632857
36633270
36633368
36634095
36634154
36634585
36634987
36635482
36635716
36635729
36636016
36636397
36636931
36637428
36637518
36637816
36638591
36638633
36638648
36638758
36639053
36639750
36640191
36640447
36640953
36641109
36642194
36642384
36642422
36642576
36642652
36643116
36643209
36643974
36644616
36645016
36645442
36645675
36645758
36645760
36645786
36646008
36646104
36647747
36648071
36648128
36648770
36649101
36649129
36649759
36650278
36651822
36651911
36652093
36653310
36653837
36655105
36655231
36655375
36656546
36656868
36656926
36657006
36657164
36657272
36657606
36657863
36657936
36658740
36660740
36660856
36661107
36661244
36661881
36662274
36662317
36662678
36662866
36668733
36668893
36668955
36669740
36670371
36670404
36670820
36671050
36671505
36672152
36672206
36672679
36672818
36672920
36673771
36674618
36674753
36674973
36675153
36675464
36676074
36676667
36676695
36676731
36677695
36678133
36678149
36678155
36678193
36678197
36678206
36678210
36678233
36678251
36678256
36678261
36678296
36678312
36678562
36680487
36680919
36681217
36681307
36681821
36681960
36682079
36682094
36682185
36682315
36682599
36683622
36683790
36684499
36684546
36684551
36685271
36685423
36685522
36686167
36687297
36687456
36688122
36688198
36688295
36688451
36688617
36689333
36689707
36689710
36689711
36689873
36690181
36690338
36690407
36691126
36691203
36691370
36692356
36692589
36694191
36694425
36694782
36695591
36696040
36696365
36696784
36697310
36697378
36698082
36698215
36698466
36698500
36699103
36699868
36699871
36699923
36700146
36700731
36700921
36701289
36701381
36701997
36702104
36702879
36702950
36703113
36703897
36703914
36703968
36703987
36704196
36704788
36704795
36704863
36705031
36705588
36705702
36705703
36705781
36706179
36706451
36706856
36706985
36707178
36707209
36707211
36707212
36708249
36708424
36708962
36709120
36710184
36710409
36711998
36712735
36712782
36713436
36713951
36714485
36714560
36714994
36715180
36716493
36716632
36716829
36717046
36717918
36717957
36718666
36718707
36719426
36719452
36721009
36721114
36721119
36721726
36722155
36722686
36723826
36724218
36724712
36725474
36726830
36726832
36728680
36731270
36732463
36733460
36733783
36734127
36734330
36734709
36735179
36735401
36736061
36736165
36736279
36737571
36737727
36737817
36739726
36740115
36740804
36741267
36741993
36741994
36742392
36742408
36743291
36743917
36744021
36744145
36745684
36745816
36746351
36747270
36747549
36748965
36749019
36749534
36749588
36749741
36749917
36749982
36750014
36750071
36750330
36750331
36750341
36750346
36750422
36750894
36751131
36752571
36752785
36752873
36753873
36754140
36754158
36754390
36755090
36755279
36755527
36755777
36755921
36756052
36756752
36756808
36756934
36757031
36757473
36759131
36759894
36760348
36761498
36762569
36762874
36763240
36763262
36763624
36763973
36764035
36764477
36764998
36765266
36766111
36766288
36766406
36766503
36766709
36766823
36767579
36768355
36768504
36768542
36768650
36768983
36769013
36769321
36769356
36770768
36770861
36770864
36770971
36771155
36771216
36771240
36771252
36771273
36771318
36771361
36771371
36771404
36771414
36771429
36771476
36771498
36772964
36773791
36774110
36774120
36774126
36774497
36774510
36775021
36775044
36776154
36777129
36777355
36778359
36779540
36779638
36780180
36780707
36780943
36780945
36780948
36780968
36781129
36781343
36782400
36785948
36786257
36787137
36788356
36788561
36788750
36789938
36789945
36790035
36790138
36790259
36790457
36790484
36790586
36790591
36791055
36791143
36792414
36792416
36792583
36792758
36794067
36794278
36794901
36795091
36795660
36795706
36795769
36795901
36796148
36796247
36796253
36796438
36796618
36796742
36797013
36797057
36797354
36797574
36797577
36797606
36798662
36799469
36800541
36800701
36801298
36803291
36803418
36803517
36803772
36803946
36804004
36805248
36805546
36805633
36806417
36806716
36806921
36807236
36807238
36807656
36807740
36807885
36807998
36808305
36808738
36809126
36809396
36809432
36809499
36809717
36809732
36809766
36810189
36810878
36811147
36811334
36811473
36811568
36812183
36813231
36813477
36813917
36814219
36814299
36815227
36815431
36815493
36815494
36816261
36816299
36816763
36817604
36817678
36817901
36818240
36818465
36819517
36819673
36819695
36820222
36820702
36822291
36822393
36822597
36822662
36823005
36823015
36824178
36824244
36825373
36825398
36825767
36826780
36827026
36827126
36827708
36827830
36827868
36828658
36829155
36829224
36829847
36830169
36830387
36830483
36830809
36830830
36831213
36831356
36832357
36832398
36832525
36832933
36833370
36834279
36834535
36834795
36834800
36834827
36834991
36835055
36835072
36835193
36835614
36836551
36837391
36837794
36837878
36838329
36838654
36838754
36838823
36839158
36839172
36839203
36839232
36839295
36839327
36839362
36839410
36839501
36840817
36840923
36841030
36841111
36841983
36842234
36842343
36842721
36842969
36843792
36843961
36844434
36845154
36845648
36846678
36847163
36847280
36847366
36848406
36848916
36848988
36852425
36852448
36852456
36853373
36853541
36853788
36854163
36854587
36854844
36854876
36855109
36855129
36855792
36856009
36856720
36856950
36857130
36857190
36857904
36857908
36857940
36858178
36858535
36858536
36858538
36859242
36860273
36860373
36860986
36861694
36862026
36862513
36862943
36863177
36863532
36863977
36864001
36865029
36865322
36865332
36865439
36865912
36866363
36866469
36866565
36868181
36868273
36868510
36869799
36869835
36870253
36870298
36870837
36870838
36871107
36871575
36871839
36872279
36872800
36873138
36874582
36875136
36875193
36875846
36877281
36878269
36878358
36879132
36879315
36879468
36881864
36881915
36882256
36882610
36883143
36883460
36883838
36884064
36884126
36884205
36889837
36890691
36891113
36892059
36892671
36893154
36893617
36893816
36895101
36895708
36896253
36896406
36896799
36896934
36897022
36898444
36899096
36899401
36899725
36900123
36900442
36900718
36901294
36901998
36902303
36902368
36902600
36903401
36904110
36904129
36904161
36904166
36904180
36904183
36904230
36904236
36904258
36906163
36906488
36906495
36906579
36906612
36906830
36907530
36907895
36908452
36909443
36910895
36911554
36911837
36913475
36913806
36913875
36913941
36914676
36914951
36915952
36916357
36918212
36918569
36919293
36920641
36920671
36921170
36921204
36921635
36922777
36923182
36923193
36923414
36923963
36924028
36924231
36924605
36924751
36925253
36925361
36927187
36927357
36928251
36928982
36929272
36929608
36929803
36930056
36930065
36930294
36930425
36930472
36930972
36931261
36931687
36931751
36932328
36932991
36933160
36933245
36933398
36933843
36934565
36934820
36934961
36936706
36936892
36937441
36937486
36937955
36937957
36938595
36938866
36939090
36940619
36940630
36940967
36942079
36942454
36942807
36943018
36943265
36943567
36943634
36944370
36944462
36944660
36946047
36946300
36946354
36946739
36947339
36947388
36947496
36947651
36948264
36948411
36949145
36949157
36949250
36949381
36949480
36950003
36950683
36951283
36951287
36951341
36952117
36952187
36958130
36958154
36958171
36958410
36958465
36958808
36959185
36959344
36959541
36959594
36959650
36959959
36962236
36962403
36962493
36962657
36962818
36962846
36962981
36963095
36963178
36963474
36963690
36963902
36964322
36964416
36964773
36964812
36965239
36966026
36966343
36966531
36966673
36966809
36966985
36967053
36967054
36967782
36969661
36969813
36969814
36970065
36971026
36971611
36971884
36971966
36972015
36972163
36972840
36973010
36973522
36974632
36974874
36975381
36975791
36976210
36977300
36977357
36978524
36978597
36978824
36978988
36979104
36980026
36981624
36982386
36982504
36982531
36982648
36982876
36982944
36982960
36984774
36986048
36986054
36986107
36986131
36986153
36986200
36986225
36986242
36986252
36986254
36986259
36986271
36986632
36986737
36986958
36988230
36988471
36988792
36988847
36989309
36989981
36990484
36994022
36994072
36994828
36995275
36995284
36996011
36996084
36996088
36997488
36997489
36997729
36997774
36997802
36997923
36998142
36998242
36998475
36998952
36999189
36999955
37000257
37001319
37001507
37001580
37001760
37001767
37002004
37002397
37002533
37002655
37002765
37004355
37004432
37004660
37005654
37006276
37006596
37007326
37007488
37008350
37008909
37009290
37009347
37009827
37009906
37009913
37010155
37010310
37011548
37012186
37012344
37012425
37012677
37012959
37013297
37013357
37013559
37013728
37014130
37014924
37016415
37016429
37017519
37017835
37018024
37018289
37018530
37019165
37019326
37019362
37019540
37019542
37019659
37020105
37020661
37020805
37021807
37023242
37023426
37023837
37023911
37024939
37025002
37025081
37026367
37026567
37026603
37027991
37028581
37028969
37029873
37029914
37030152
37030257
37030899
37031166
37031340
37031691
37031692
37031782
37032411
37032869
37032996
37033191
37033272
37033277
37036085
37036202
37036416
37036479
37036598
37037915
37038050
37038713
37039184
37039193
37039204
37039772
37041303
37042412
37042589
37042787
37042793
37042986
37043045
37043370
37043428
37043832
37044130
37046128
37046212
37046347
37046916
37047049
37047118
37047636
37049390
37049394
37049396
37049460
37049473
37049475
37049497
37049503
37049593
37049630
37049912
37050957
37050997
37051313
37051315
37051479
37051708
37052150
37052981
37054616
37054683
37054780
37054825
37055767
37056599
37058194
37058900
37059418
37059527
37059719
37060079
37060246
37061004
37061742
37062185
37062891
37062956
37063288
37063333
37063336
37063670
37063682
37063746
37064918
37064995
37066333
37067853
37068188
37068445
37068907
37068952
37069224
37069381
37069552
37069917
37069962
37070325
37071160
37071684
37072579
37072714
37073421
37073427
37073941
37073942
37074185
37075089
37075488
37075660
37075679
37075706
37075786
37075847
37075986
37076197
37077150
37077352
37077531
37078387
37078399
37078500
37078791
37079158
37079576
37079956
37080254
37080345
37080353
37080790
37080887
37080903
37081836
37082619
37082927
37083003
37083252
37083656
37084048
37084159
37084809
37085002
37085060
37085272
37085306
37085971
37086354
37086371
37086576
37087476
37087501
37087587
37087832
37087954
37088092
37088229
37088238
37088351
37088369
37089100
37089956
37090780
37091212
37092687
37092745
37093107
37093426
37093841
37093983
37094356
37094404
37094636
37095269
37096333
37096441
37096716
37096819
37097553
37098012
37098216
37098363
37098377
37099042
37099138
37099247
37099494
37099921
37100056
37100112
37100271
37100317
37100687
37100959
37101857
37102338
37102392
37102567
37103387
37103591
37103640
37104036
37105282
37105369
37106253
37106728
37106877
37107217
37107282
37107316
37107344
37107407
37107408
37107468
37107818
37108296
37108406
37108697
37108779
37108791
37108828
37110193
37110398
37110737
37111023
37111098
37111110
37111127
37111143
37111163
37111189
37111192
37111227
37111410
37112742
37113475
37113647
37115053
37115569
37116306
37116404
37116639
37116735
37116753
37116825
37118531
37118728
37118763
37119089
37119161
37119920
37120783
37120902
37121042
37121059
37121158
37121228
37121289
37121346
37121412
37121559
37121672
37122152
37122408
37122558
37122716
37123013
37123717
37123748
37124753
37124874
37125041
37125215
37125541
37125887
37127635
37127687
37128673
37128755
37128791
37129025
37129092
37129568
37129588
37129604
37130108
37130496
37130874
37130953
37131133
37131714
37132131
37134183
37137609
37137612
37137615
37137617
37138099
37138440
37139254
37139367
37139443
37139629
37140562
37141585
37142041
37142113
37142190
37142335
37142550
37142581
37142650
37143000
37143030
37143078
37143136
37144153
37144422
37144874
37146247
37147034
37147496
37147630
37148357
37148378
37148409
37149099
37149566
37149789
37149891
37149950
37150176
37150363
37150372
37150906
37152925
37153091
37153491
37154410
37155544
37155690
37155920
37156443
37156586
37156908
37157780
37158136
37158137
37158288
37162561
37162766
37162898
37163315
37163369
37163832
37164467
37164765
37164845
37164853
37164858
37165141
37165342
37165829
37166151
37166572
37166600
37167021
37167030
37167860
37167878
37167988
37168619
37168979
37169230
37169508
37170108
37170128
37170809
37171118
37171221
37171798
37171953
37172017
37172829
37173252
37173256
37173257
37173784
37174535
37174668
37175146
37175400
37175543
37175630
37175849
37176095
37178177
37178722
37178744
37179010
37179290
37180172
37180193
37180255
37180579
37180878
37180944
37181119
37181648
37181930
37181931
37181934
37182271
37182673
37182695
37182974
37183022
37183473
37183697
37184065
37184203
37184402
37185020
37185938
37186211
37186892
37187089
37187112
37187369
37187579
37187802
37187997
37188107
37189325
37189328
37189605
37189612
37189927
37190718
37191270
37191946
37192127
37192713
37193317
37194107
37194860
37195509
37196543
37196580
37196582
37196935
37197102
37197558
37198280
37198534
37198549
37199479
37200150
37200249
37200370
37200751
37201193
37201298
37201299
37201457
37201664
37201695
37201722
37202112
37202128
37202445
37202530
37203191
37203280
37204118
37204208
37204244
37204454
37204794
37205047
37205223
37206519
37207189
37207271
37207429
37207909
37208797
37209197
37209378
37209527
37210351
37210357
37210373
37210477
37210514
37210809
37210940
37211249
37211717
37211980
37212380
37212547
37213157
37214168
37214340
37214464
37214805
37215128
37215261
37215276
37215366
37216885
37216887
37216969
37217097
37217447
37217971
37218177
37218433
37218489
37219584
37220174
37221121
37221211
37221505
37221671
37221814
37222564
37223025
37224646
37224745
37224843
37225265
37225582
37225586
37225866
37226091
37227070
37227180
37227716
37228355
37228917
37229467
37229982
37230005
37230078
37230340
37231025
37231969
37232472
37232560
37233673
37233775
37233776
37233809
37233872
37234474
37234505
37234813
37235019
37235479
37235772
37236124
37236347
37236550
37237905
37237933
37237998
37238667
37238716
37239867
37239909
37239921
37240143
37240169
37240738
37242126
37242131
37242193
37242222
37242263
37242299
37242968
37243550
37244048
37244296
37244994
37245231
37245439
37245829
37245838
37245984
37246019
37246207
37246476
37246686
37247722
37247729
37247748
37247819
37248206
37248271
37248326
37248416
37248539
37249143
37249350
37249371
37249390
37249403
37250388
37250532
37251868
37251976
37252980
37253044
37253134
37253412
37253681
37254618
37254984
37255079
37256622
37256661
37257272
37257564
37257617
37257703
37258415
37259065
37260407
37260421
37261645
37261736
37262358
37263574
37264062
37264410
37264441
37264448
37264891
37264928
37265015
37265038
37265252
37265429
37266579
37266654
37267349
37268036
37268252
37268564
37268570
37268582
37268823
37268990
37269175
37269673
37269754
37270143
37270292
37270491
37270709
37271133
37271162
37271163
37271766
37272171
37273840
37274450
37274802
37275132
37275631
37276332
37276743
37277120
37277159
37277920
37278151
37278746
37278848
37280035
37280255
37280578
37282396
37282475
37282881
37283547
37283655
37283715
37284286
37285981
37286125
37286242
37286763
37287081
37287422
37288213
37289339
37290955
37291926
37292076
37292398
37293067
37293091
37294051
37294565
37295054
37295299
37295325
37295658
37295686
37296049
37296472
37296569
37298208
37298335
37298829
37298835
37299383
37299427
37299446
37299472
37299485
37299515
37299555
37300330
37300479
37300649
37301103
37301168
37301356
37301431
37301929
37302297
37302329
37302672
37302795
37303196
37303207
37304168
37304359
37304601
37304605
37304886
37305985
37306287
37306529
37306827
37307222
37307269
37307978
37308165
37308528
37308791
37308809
37309106
37309815
37309846
37310700
37311266
37311306
37311757
37312916
37313449
37313716
37313816
37314669
37315842
37315898
37316481
37316493
37316527
37316786
37316866
37317271
37317320
37317913
37318127
37318714
37319236
37320980
37321426
37321475
37321543
37322165
37322309
37324167
37324834
37325241
37325871
37326071
37326258
37326413
37328025
37328032
37328061
37328676
37328859
37329261
37329504
37329636
37329844
37329860
37330196
37330474
37330569
37330668
37331171
37331322
37331433
37331524
37331647
37331760
37332279
37333095
37334043
37334385
37334576
37334627
37334807
37334974
37335525
37335591
37335672
37335994
37336159
37336320
37336333
37336672
37337116
37337146
37338001
37339522
37340906
37340968
37341141
37341427
37341537
37343099
37343346
37343505
37343752
37345253
37345267
37345832
37345893
37346025
37346332
37348408
37348630
37348668
37348760
37348816
37348817
37349358
37349968
37350315
37350581
37351104
37353013
37353417
37353674
37353810
37353841
37353857
37354111
37354235
37354456
37354507
37354510
37354641
37354647
37354652
37354978
37355080
37357614
37357722
37358104
37358727
37359282
37360258
37362944
37363444
37364154
37364327
37364376
37365154
37365177
37365274
37365549
37365870
37366144
37366437
37367679
37367877
37368489
37368754
37368944
37370499
37370505
37370839
37371171
37371586
37371857
37372650
37372812
37372992
37373063
37373219
37373236
37373319
37373695
37373985
37373992
37374096
37374984
37375154
37375577
37375669
37375672
37375678
37375691
37375713
37375822
37377483
37377748
37377789
37378454
37378694
37378714
37378851
37379351
37380026
37380172
37381030
37381608
37381998
37382577
37382903
37383033
37383163
37383344
37383995
37385416
37385781
37386367
37386612
37387606
37387693
37387914
37388456
37388625
37388635
37388745
37388803
37389093
37389806
37390877
37390906
37390907
37391024
37391867
37392831
37392919
37392951
37393033
37393745
37394233
37394420
37394563
37394645
37394649
37394875
37395364
37396039
37396129
37396162
37396695
37396736
37397091
37397142
37397253
37399204
37399325
37401502
37401888
37402173
37402854
37403560
37403679
37403758
37403900
37404000
37404292
37404852
37405168
37406755
37406769
37407165
37407167
37407941
37407966
37408866
37409394
37409520
37409595
37410070
37410127
37410712
37413986
37414103
37415128
37415262
37415512
37415580
37415587
37415610
37415666
37416681
37416983
37417028
37417624
37417826
37417928
37417984
37418858
37418940
37419140
37419168
37419294
37421872
37421980
37422103
37422275
37423013
37423118
37423370
37423519
37423901
37424994
37425833
37426186
37427438
37427960
37428244
37428483
37428623
37428632
37428711
37428896
37429051
37429528
37429584
37429669
37431287
37431722
37431740
37431894
37432147
37432158
37432159
37432175
37432210
37432220
37432235
37432244
37432271
37432328
37432402
37432707
37433728
37433863
37433966
37433976
37434381
37434570
37434710
37434914
37436009
37436239
37436246
37437100
37437359
37437720
37438496
37439932
37440115
37440270
37440330
37440923
37441514
37441516
37441661
37442007
37442213
37442254
37442677
37442852
37443072
37443087
37443483
37443769
37443849
37443952
37443982
37444109
37445780
37445816
37445884
37445934
37446146
37446171
37447167
37447170
37447195
37447205
37447240
37447316
37447352
37447397
37448447
37448705
37449270
37449578
37450078
37451108
37451564
37451652
37451704
37452341
37452524
37452568
37452793
37452861
37453291
37454045
37456975
37457169
37457182
37458600
37459441
37460707
37461189
37461351
37461635
37462134
37462489
37463130
37463961
37464116
37464260
37464273
37464466
37464818
37465429
37465852
37466255
37466367
37466770
37466772
37468235
37468429
37468774
37468886
37469107
37469241
37469540
37469820
37469986
37470184
37470706
37471501
37471512
37473432
37473823
37474998
37475619
37476368
37476854
37477281
37477441
37477470
37478119
37479069
37479215
37479573
37479575
37480265
37480295
37480373
37480922
37482568
37483341
37483561
37483680
37483682
37483832
37484007
37484911
37484991
37484994
37485135
37486203
37486224
37486455
37486600
37486604
37486952
37487276
37487675
37488660
37488685
37489019
37489414
37490568
37491389
37491445
37492591
37492609
37492917
37493090
37493095
37493331
37493575
37493605
37494969
37496108
37496159
37496429
37496463
37497121
37497857
37498773
37498852
37499372
37500417
37500425
37500444
37500446
37500679
37500822
37500924
37501179
37501820
37503108
37503225
37504551
37505156
37505464
37505925
37506499
37506535
37506605
37506721
37507895
37507901
37508251
37508498
37508756
37509776
37510410
37511434
37511601
37511844
37511861
37511906
37512505
37512821
37512984
37513219
37513543
37513559
37513601
37513625
37513632
37513643
37513644
37513681
37513701
37514080
37515640
37515842
37516344
37516743
37516841
37517290
37517552
37517995
37518003
37518076
37518851
37518994
37519426
37519751
37521483
37522580
37522770
37523376
37524194
37524294
37524306
37524672
37525013
37525300
37525382
37525465
37525766
37526619
37526713
37526714
37526717
37527047
37528417
37528457
37528843
37528909
37529425
37529501
37530140
37530464
37530624
37531672
37531787
37531989
37532008
37532623
37533576
37534463
37534638
37534957
37536149
37536702
37536765
37536766
37537774
37538009
37538010
37538011
37538013
37538014
37538015
37538017
37538307
37538811
37538844
37539255
37540043
37541986
37542857
37543296
37544566
37545008
37545321
37545420
37545525
37546288
37547304
37547305
37547569
37547786
37548424
37548468
37548767
37549422
37549453
37549681
37550432
37550715
37551335
37552113
37552320
37552357
37552787
37553683
37554099
37554579
37555465
37555703
37556197
37556348
37557948
37558007
37558060
37558192
37559363
37559684
37560437
37560460
37560803
37561060
37562272
37562479
37563652
37564453
37565036
37565441
37565442
37565530
37565851
37565861
37566124
37567043
37567692
37568471
37569256
37569290
37569476
37570300
37570301
37570622
37571232
37571237
37571285
37571294
37571298
37571332
37571336
37571357
37571359
37571360
37571372
37571414
37571431
37571433
37572308
37572501
37572811
37573012
37573907
37574017
37574873
37575329
37575624
37576058
37576438
37576464
37576967
37578058
37578244
37578389
37578444
37580162
37580231
37580431
37580689
37580941
37580977
37582655
37584590
37584646
37585103
37585146
37585161
37585348
37585361
37585720
37586112
37586271
37586699
37586777
37586836
37587099
37587163
37587460
37587747
37587800
37587806
37587824
37588053
37588324
37589399
37589570
37589747
37590852
37591348
37592779
37592931
37593152
37593349
37594079
37595292
37595523
37595534
37595536
37595681
37596391
37596466
37596854
37597298
37597431
37597678
37597786
37598172
37598190
37598521
37598769
37598998
37600569
37600935
37601373
37602386
37602653
37602663
37602934
37603136
37603156
37603431
37604162
37604382
37604969
37605130
37605538
37605614
37605833
37605849
37606119
37607095
37607492
37607599
37607789
37607889
37607987
37608039
37608161
37608580
37608600
37608766
37609103
37610039
37610508
37610766
37611094
37611559
37611676
37612258
37612364
37612367
37612677
37612859
37614463
37615474
37615571
37619285
37619300
37619717
37620426
37620968
37620997
37621037
37622180
37622183
37622257
37622616
37622658
37623104
37624591
37624934
37625333
37625748
37626025
37626198
37626793
37627286
37627356
37627460
37627499
37628522
37628571
37629102
37629145
37629418
37629513
37629706
37630464
37630467
37630697
37630704
37630705
37630745
37630783
37630816
37630837
37631052
37632349
37633030
37633545
37633918
37634591
37634691
37634699
37634836
37635050
37635142
37635968
37636040
37636159
37636175
37638195
37638333
37639355
37639388
37639548
37640219
37640280
37640776
37640809
37640871
37640959
37641262
37641263
37641283
37641308
37641319
37641330
37641685
37641740
37642029
37642155
37642166
37642186
37642258
37643857
37644576
37645246
37645321
37645589
37645706
37646751
37646823
37647124
37647161
37647249
37647261
37647902
37648385
37649102
37649241
37649436
37649749
37650620
37650798
37651649
37651802
37651964
37652228
37652310
37652833
37653641
37653760
37654472
37655306
37655702
37656390
37656455
37657020
37657742
37658489
37658611
37659071
37659215
37659491
37659577
37659579
37659728
37659757
37659853
37660110
37660655
37660760
37660953
37661101
37661109
37662118
37662462
37663099
37664361
37664848
37665042
37665322
37665781
37666107
37666225
37666415
37667130
37667911
37668029
37669509
37669520
37669727
37670183
37671123
37671776
37672032
37672803
37673194
37673299
37674154
37674328
37674420
37674888
37675665
37676318
37676432
37676927
37678126
37678653
37678699
37678724
37678766
37679005
37679038
37679260
37679579
37679770
37679822
37680002
37680167
37680790
37681430
37682195
37682722
37683791
37683847
37684161
37684563
37684572
37684606
37685058
37685444
37685937
37685954
37686128
37686267
37686273
37686430
37686717
37686751
37686762
37686807
37686831
37687079
37687170
37687411
37688369
37689008
37689109
37689206
37689725
37690221
37690578
37690732
37690812
37691240
37691531
37691596
37692184
37692511
37692636
37692778
37693363
37694402
37695666
37696621
37696770
37697193
37697223
37697392
37697667
37698602
37698832
37698934
37699115
37699400
37699739
37700584
37700585
37701181
37701189
37701195
37701196
37701790
37701820
37702047
37702687
37702738
37702987
37703628
37703645
37703959
37704120
37704633
37704722
37705271
37705410
37705444
37705678
37707552
37708133
37708312
37708353
37708365
37709021
37709037
37709354
37709853
37709920
37711055
37711355
37711903
37712063
37712085
37712397
37712630
37712964
37713021
37713053
37713589
37713787
37714068
37715021
37715168
37715338
37715562
37715655
37715805
37716069
37716072
37716230
37716231
37716440
37716498
37716605
37716944
37716973
37717010
37717849
37717926
37718856
37718870
37718872
37719166
37719527
37720083
37720155
37720381
37720962
37721469
37722031
37722138
37722759
37723096
37723282
37724510
37726015
37726348
37726668
37726836
37727095
37727657
37728100
37729033
37729066
37731011
37731357
37732013
37733259
37734586
37734651
37735644
37735818
37735831
37736306
37736936
37737196
37738710
37739093
37739101
37739439
37739459
37739650
37739716
37740919
37741046
37741089
37741814
37742098
37742337
37742452
37742796
37743154
37743313
37743377
37743429
37743771
37743925
37744991
37745570
37745896
37746046
37746523
37746532
37746883
37747404
37747749
37747915
37748009
37748849
37749157
37749238
37751030
37751641
37752229
37752390
37753444
37753445
37753450
37755077
37755086
37755464
37755981
37756006
37756456
37756665
37757928
37758059
37758311
37758467
37758982
37759071
37759411
37759696
37759975
37759988
37760063
37760175
37760240
37761869
37762132
37762363
37762672
37762679
37762960
37763633
37763650
37764647
37764723
37764778
37764779
37764787
37764819
37764822
37764830
37764838
37766404
37766709
37767445
37767778
37767893
37768453
37769489
37769793
37769944
37770256
37770630
37770949
37771626
37771641
37771788
37772708
37773206
37773439
37773685
37773756
37775606
37775748
37776661
37777592
37777692
37777706
37777909
37778518
37779032
37782505
37782507
37783580
37783835
37784105
37786438
37786952
37786956
37787786
37787837
37788724
37789125
37789296
37789642
37790033
37790157
37790585
37790677
37791061
37792934
37794119
37794346
37794412
37794778
37795036
37795296
37795359
37795629
37795893
37796906
37796937
37796953
37797585
37798243
37798293
37798942
37800143
37800985
37801048
37801278
37801452
37801788
37802259
37802277
37802375
37802469
37802854
37802891
37803473
37803889
37803896
37804727
37806075
37806337
37806354
37806596
37806623
37806628
37806993
37807000
37809851
37810886
37811749
37812361
37812833
37812853
37812936
37813288
37813341
37813908
37814386
37814827
37814860
37815925
37816416
37816991
37817904
37818092
37818638
37819042
37819437
37819550
37819678
37820254
37820626
37820735
37820995
37821172
37821302
37821862
37823763
37824053
37824254
37824273
37824284
37824694
37826849
37826866
37828038
37829249
37829355
37830237
37830823
37831282
37831686
37832169
37832173
37832473
37832930
37833104
37833535
37833620
37833955
37834177
37834212
37834872
37835602
37835698
37835767
37836385
37836388
37836389
37836409
37836466
37836484
37836534
37836564
37836571
37836587
37836602
37836742
37837391
37837396
37837500
37837640
37837988
37838304
37838766
37839006
37839707
37839764
37840054
37840064
37842267
37842520
37842821
37842937
37843554
37843634
37843943
37843970
37844051
37844331
37844476
37844482
37844633
37844745
37845189
37845383
37845773
37846137
37846398
37846996
37847271
37847402
37847834
37848386
37848948
37849258
37849293
37849860
37850271
37850817
37851644
37851674
37851783
37852006
37852224
37852328
37852336
37852377
37852511
37852527
37852940
37853019
37853107
37853370
37853656
37853963
37853976
37854028
37854332
37855050
37855214
37855330
37855351
37856536
37856908
37856920
37857020
37857032
37857041
37857158
37857280
37857850
37858191
37858247
37858617
37858697
37858724
37858854
37859395
37859528
37860227
37860264
37860900
37861032
37861296
37861535
37862810
37862929
37863257
37863663
37864211
37864315
37864660
37864918
37866693
37866708
37866777
37866852
37867359
37867377
37867487
37868383
37868806
37869669
37869957
37870053
37870120
37870197
37870229
37870937
37871108
37871157
37871795
37872161
37872187
37872365
37872719
37872771
37874279
37874447
37875332
37875688
37875709
37875802
37876544
37876742
37877035
37877440
37877692
37878664
37878827
37878857
37878871
37878884
37879510
37880654
37880701
37880994
37881122
37881125
37881350
37881442
37881857
37882312
37883210
37883728
37883747
37885020
37885348
37885558
37885813
37886722
37887105
37887110
37887276
37887314
37888030
37888556
37888581
37888845
37888984
37889721
37890235
37890309
37890398
37890510
37890559
37890563
37890671
37890711
37891486
37891891
37892373
37892409
37892412
37892415
37892454
37892462
37892471
37892496
37892498
37892507
37892508
37892522
37892553
37893173
37893817
37894112
37894159
37894186
37895036
37895083
37895163
37895387
37897206
37897722
37898061
37898232
37899145
37899507
37899933
37900164
37901424
37901429
37902011
37903444
37904005
37904328
37904720
37905457
37905557
37907561
37907804
37908202
37908304
37908456
37908636
37909908
37913528
37913752
37913892
37914232
37915383
37915619
37915988
37916002
37916585
37916638
37917716
37917771
37917794
37917901
37917943
37918046
37918363
37918625
37919041
37920679
37921362
37921463
37921536
37922258
37922644
37923052
37923345
37923694
37924611
37924642
37924689
37925089
37925294
37926011
37926322
37926900
37928348
37929381
37929731
37929736
37930634
37930721
37931699
37932060
37932075
37932856
37933013
37933037
37933634
37933958
37934161
37934745
37934763
37935422
37935716
37936246
37936686
37937576
37937619
37937650
37937818
37938197
37938221
37939590
37939725
37940152
37940161
37940505
37940611
37942895
37942935
37942947
37943605
37943711
37944202
37944445
37944625
37944806
37944921
37944922
37944980
37945252
37945262
37946331
37947159
37947276
37947403
37947860
37948584
37948786
37948870
37948919
37948994
37949328
37950427
37951259
37951285
37951408
37951520
37951839
37951913
37952407
37952482
37952560
37952953
37953344
37953640
37954219
37955020
37955769
37956580
37956627
37956906
37956907
37957518
37957747
37957850
37958520
37958710
37959399
37959798
37960172
37960245
37960253
37960276
37960290
37960297
37960298
37960302
37960348
37960352
37960799
37960966
37961675
37962097
37962461
37962668
37964112
37964242
37965303
37965925
37966493
37966688
37966802
37967289
37967601
37967877
37968492
37968540
37968755
37968861
37969788
37970377
37971408
37971504
37971890
37972685
37973640
37974050
37974929
37975200
37975253
37975318
37975329
37975489
37977241
37977328
37977406
37977491
37977948
37978422
37978823
37978929
37979339
37979881
37980029
37980044
37981007
37981117
37981273
37982580
37983037
37984291
37984738
37984740
37984742
37984761
37984794
37986212
37986374
37987269
37988995
37989699
37989894
37991138
37991446
37991825
37992401
37992919
37995442
37995466
37995944
37996073
37996255
37997652
37998819
37999243
38000084
38000798
38001236
38001390
38001758
38001771
38002298
38002918
38002964
38003206
38003249
38004109
38004120
38004122
38004135
38004147
38004152
38004173
38004185
38004196
38004224
38004524
38004631
38004698
38004807
38005201
38005700
38006638
38007077
38007126
38007266
38007356
38007512
38007994
38008129
38008133
38008208
38008507
38009062
38010080
38010397
38010582
38010607
38011473
38011543
38011757
38011819
38011861
38012394
38012522
38012857
38012910
38013011
38014043
38014964
38015042
38015211
38015604
38016074
38016304
38016417
38016573
38016974
38017060
38018034
38018634
38018914
38019761
38020284
38020794
38021871
38021953
38022216
38022369
38022527
38023266
38023379
38024033
38024652
38024891
38026194
38026527
38027098
38027222
38027285
38027305
38029244
38029468
38029770
38030019
38030036
38030141
38030585
38030736
38030827
38031467
38032187
38034264
38034721
38035205
38035362
38035499
38035528
38036277
38037031
38037714
38037875
38038705
38038769
38038882
38039078
38039434
38039838
38039855
38039856
38039901
38040077
38041025
38041533
38041537
38042351
38042375
38042437
38042684
38042695
38043754
38044717
38044794
38045192
38045667
38046564
38047239
38047281
38048038
38048101
38048414
38050245
38050535
38051700
38052207
38052234
38052454
38052845
38052861
38052982
38053098
38053145
38053330
38053371
38053472
38054009
38054338
38054759
38054827
38054928
38056176
38056236
38056243
38057017
38057412
38058098
38058194
38058630
38058640
38059685
38059784
38060186
38061246
38061271
38061870
38062000
38062012
38062113
38062596
38062778
38062782
38062851
38062857
38063633
38064469
38065231
38066889
38067030
38067076
38067081
38068740
38068777
38068802
38068814
38068819
38068882
38068932
38069071
38069617
38069794
38069914
38070396
38070679
38071290
38071334
38071842
38071941
38071959
38071990
38072069
38072183
38072394
38072426
38072785
38073055
38073702
38074049
38074055
38074133
38074200
38074267
38075020
38075026
38075073
38075189
38075561
38076865
38077469
38081430
38082071
38082150
38083835
38084098
38084149
38085011
38085123
38085237
38085254
38085559
38085730
38085749
38086348
38087268
38087927
38088024
38088679
38088694
38089421
38089810
38090367
38091274
38091497
38091768
38092957
38093343
38093377
38093463
38093631
38095297
38096253
38096511
38096618
38096961
38097561
38098033
38098552
38098932
38099485
38099522
38099722
38100188
38100487
38100611
38101066
38101699
38101729
38102773
38102868
38104073
38104554
38104801
38104833
38105218
38105259
38105316
38105361
38107136
38107221
38107394
38107716
38108027
38108028
38108125
38108213
38108364
38108579
38109056
38109331
38109833
38110857
38111005
38111306
38111737
38112458
38112585
38112702
38112815
38112818
38114028
38114510
38115658
38116205
38116268
38117082
38117557
38117821
38118333
38122815
38122904
38123016
38123755
38123949
38123976
38124098
38125903
38127057
38127322
38127838
38128389
38128771
38128807
38129522
38129861
38129882
38130330
38130333
38130370
38130501
38130538
38131613
38132928
38133223
38133428
38133585
38133610
38133765
38134337
38134992
38135192
38135336
38136041
38136053
38136091
38136100
38136834
38136925
38137038
38137341
38137574
38137841
38139156
38139216
38139818
38140280
38140291
38140362
38141010
38141138
38141303
38141515
38141854
38142918
38143383
38143595
38144049
38144238
38145055
38145074
38145316
38145495
38145700
38145809
38146621
38146678
38146876
38148479
38148598
38149065
38149625
38150802
38151612
38153519
38153729
38154347
38154769
38155125
38155126
38155142
38155514
38155803
38156734
38157335
38157746
38158678
38159094
38159200
38159201
38159339
38159389
38159430
38159720
38159812
38160377
38160470
38160599
38160853
38161179
38161238
38161284
38162476
38162525
38163667
38164487
38165170
38165457
38165916
38166924
38167523
38167644
38167777
38168567
38168829
38169175
38169415
38169713
38170273
38171512
38171574
38171658
38172213
38172347
38172996
38173204
38173385
38174195
38175528
38175621
38176267
38176318
38176775
38176858
38177285
38178175
38179055
38179421
38179565
38180329
38180566
38180908
38181474
38181623
38181780
38182997
38183422
38183628
38184026
38184051
38184276
38184856
38184959
38185084
38185165
38185232
38185650
38185711
38185814
38185818
38186006
38186336
38186835
38186850
38187496
38187793
38187795
38188086
38188334
38188654
38188884
38189273
38189314
38189492
38190379
38190768
38190928
38191030
38191240
38191822
38192201
38192249
38193120
38194076
38194093
38194287
38194422
38194833
38195368
38195505
38195564
38195595
38195937
38195966
38196946
38197817
38198718
38198914
38199042
38199285
38199310
38199447
38199551
38199972
38200249
38200326
38200656
38200741
38201902
38201976
38201984
38202044
38203519
38203562
38203791
38204264
38204288
38204306
38204307
38204389
38205446
38205804
38206092
38206189
38206387
38211483
38211570
38211683
38211984
38212902
38213237
38213293
38214544
38214659
38214666
38215277
38215417
38215421
38215506
38215950
38216200
38216265
38216920
38216929
38218502
38218541
38218702
38219027
38219184
38220225
38220436
38221522
38221821
38222692
38223363
38223365
38224318
38224559
38224892
38225373
38225452
38226115
38226444
38226469
38226638
38227704
38228028
38228076
38228158
38228744
38229163
38229511
38231236
38232085
38232620
38232942
38233424
38234014
38234106
38234128
38234324
38234736
38236103
38236111
38236281
38236794
38237504
38237505
38237836
38237845
38238903
38238938
38239006
38239793
38239841
38240006
38240085
38240086
38240135
38240189
38240537
38240605
38241789
38242056
38242312
38243359
38243562
38243569
38244724
38244861
38244949
38245570
38245691
38245803
38246160
38246289
38247243
38247247
38247554
38247936
38248467
38248812
38249465
38250065
38251066
38251655
38253537
38253878
38253961
38254254
38254369
38254509
38254657
38255008
38255899
38256081
38256228
38256253
38256371
38256578
38257153
38258877
38259286
38259482
38260060
38260077
38260836
38262096
38262193
38262982
38263524
38263894
38264331
38264359
38264811
38265040
38266275
38266309
38267938
38267943
38268054
38268211
38268214
38268875
38269254
38269455
38271555
38271826
38271884
38272071
38272134
38272200
38272798
38273741
38273990
38274332
38274432
38274439
38274751
38275198
38275642
38275767
38275807
38275825
38276199
38276486
38276540
38276541
38277034
38277553
38277851
38278000
38278216
38278847
38278995
38279240
38279344
38279434
38279724
38279794
38280736
38280944
38281222
38281365
38281680
38282449
38282529
38282601
38283596
38283897
38283901
38283960
38284493
38284827
38285066
38285089
38285408
38285624
38287349
38287462
38289136
38289269
38289386
38289681
38290553
38291076
38292702
38294408
38295225
38295352
38295772
38295973
38296086
38296142
38296868
38297246
38297260
38297273
38297283
38297389
38297967
38299071
38299445
38299513
38299677
38300002
38300323
38300617
38301150
38301498
38301666
38301883
38302677
38302740
38303119
38303501
38303965
38304120
38304545
38306808
38306913
38307490
38308208
38308457
38309055
38309307
38309829
38310218
38310243
38310984
38311315
38311365
38311648
38311820
38311869
38311970
38312016
38312179
38312240
38312563
38312990
38313183
38314908
38315537
38315685
38316582
38316588
38316895
38318639
38318725
38319101
38319116
38319252
38320032
38320263
38320975
38321167
38321376
38321645
38321690
38322147
38322470
38322777
38323259
38323934
38324764
38325168
38325294
38325857
38326945
38327998
38328686
38328971
38329568
38329717
38329821
38329922
38331093
38331179
38333015
38333572
38333751
38334155
38334720
38335168
38335261
38335323
38335372
38335762
38335962
38336104
38336112
38336787
38336836
38337402
38337452
38337621
38337653
38337684
38337690
38337692
38337702
38337704
38337721
38337724
38337734
38337739
38337744
38338061
38338120
38339108
38340536
38340974
38341506
38341528
38341546
38342151
38342482
38342845
38343136
38343181
38343768
38344043
38344543
38345262
38345286
38346177
38346900
38347306
38347382
38347563
38348147
38348281
38348865
38349441
38349802
38350155
38350486
38350487
38350553
38350705
38351887
38352185
38352250
38352658
38353101
38353786
38354057
38354604
38354917
38355932
38356168
38356841
38358384
38359170
38359550
38359733
38359958
38360047
38360214
38361516
38361856
38362695
38363211
38365714
38366892
38367126
38367228
38367314
38367590
38367606
38367780
38367998
38368232
38368233
38368410
38368606
38368654
38369233
38369253
38369317
38369490
38369503
38369683
38369772
38369943
38370042
38370110
38370565
38371473
38371474
38371504
38373060
38373291
38373317
38373319
38373321
38373508
38373512
38374504
38374850
38375996
38377455
38377640
38377980
38378307
38378358
38378754
38378944
38379072
38379267
38379363
38379394
38380685
38381065
38381745
38381907
38382327
38382653
38382804
38383376
38383774
38384250
38386135
38386290
38386501
38387452
38387523
38388030
38388461
38388673
38388728
38389107
38389260
38389529
38389708
38389796
38389875
38390341
38390653
38390913
38390980
38391407
38392217
38393071
38393156
38394672
38395277
38395549
38395583
38395727
38395740
38396126
38396620
38396762
38396794
38397002
38397343
38397547
38397739
38397808
38397835
38397880
38398090
38398610
38398815
38398873
38399492
38400088
38401402
38401462
38401481
38402583
38402742
38403163
38403165
38403323
38403352
38403917
38403974
38404366
38405756
38406029
38406082
38406574
38406604
38406787
38407223
38407272
38407794
38407908
38408112
38408436
38408725
38408730
38409298
38410054
38410088
38410473
38410738
38411017
38411556
38412051
38412179
38412256
38412627
38412948
38413486
38413919
38413986
38414656
38415443
38416341
38417549
38417578
38417626
38417722
38417824
38417919
38417922
38417925
38417962
38418194
38418231
38418650
38418857
38418993
38419529
38419708
38420684
38421280
38422005
38422521
38422576
38422651
38422754
38423398
38423547
38423800
38423827
38424119
38424158
38424439
38424533
38426061
38426290
38426798
38427038
38427608
38427828
38428209
38428510
38429375
38429582
38429776
38429799
38429893
38430682
38431072
38431414
38431469
38431810
38432393
38432440
38432714
38433284
38433509
38433562
38433700
38433847
38435097
38435208
38435941
38436002
38437199
38437631
38439018
38439125
38439591
38440867
38440963
38441676
38442407
38442813
38442958
38442979
38443062
38443816
38444046
38444437
38444593
38445079
38445450
38445580
38446137
38446284
38446774
38447676
38447827
38447980
38448037
38448075
38448313
38448678
38448918
38449007
38449436
38449848
38450359
38450391
38450884
38451577
38452000
38452090
38452495
38452522
38452588
38452936
38453026
38453119
38453786
38453984
38454106
38454340
38455218
38455670
38456064
38456342
38456359
38457013
38457177
38457279
38457547
38457565
38458045
38458060
38458341
38458474
38458798
38459082
38459481
38459937
38459987
38460227
38460930
38461776
38461819
38462218
38462231
38462252
38462591
38462650
38462737
38463778
38463857
38464105
38465010
38465334
38465450
38466005
38466173
38466174
38466427
38467376
38467857
38468217
38468312
38468696
38469011
38469148
38469340
38469361
38469401
38471132
38471318
38471485
38471978
38472670
38472805
38473074
38473894
38474619
38474792
38474806
38474810
38474815
38474820
38474827
38474847
38474883
38475730
38475948
38476323
38476740
38477546
38477790
38477809
38477938
38479315
38479545
38479548
38479591
38479903
38479914
38480034
38481097
38481468
38481549
38482138
38482867
38483185
38483653
38483976
38484284
38484823
38484824
38484870
38487376
38488112
38488586
38488905
38488911
38489121
38489291
38489679
38489914
38490283
38490393
38490481
38490547
38490548
38490549
38491222
38492000
38492366
38492793
38492908
38493406
38494687
38495547
38495806
38495912
38496675
38496893
38498828
38498964
38499786
38500109
38500202
38500263
38500605
38501380
38501423
38502006
38502240
38502457
38502566
38502673
38502906
38503538
38503545
38503616
38506457
38506476
38506859
38506864
38506871
38506878
38508765
38509188
38509209
38509232
38509546
38511302
38511756
38511973
38512555
38513351
38513815
38515015
38516015
38516317
38516441
38516930
38517006
38517120
38518169
38518361
38519198
38519592
38520177
38520210
38520706
38520801
38521130
38521323
38522207
38522317
38522783
38522831
38522836
38522946
38523015
38523790
38523836
38525175
38525303
38525521
38526193
38526599
38527735
38527736
38527794
38528656
38529833
38529842
38529852
38530345
38530419
38530541
38531237
38531421
38531686
38531790
38532074
38532272
38532802
38532976
38533255
38533276
38533674
38534126
38534213
38534361
38534428
38534640
38535563
38535842
38535845
38536635
38537374
38537434
38537858
38538466
38538611
38538964
38539174
38539195
38539363
38539840
38539912
38539945
38540008
38540110
38540267
38540656
38541892
38542120
38542149
38542358
38542431
38542681
38542743
38542748
38542762
38542781
38542805
38542895
38543109
38543167
38544649
38544816
38545107
38545275
38546248
38546544
38546747
38546975
38547170
38547330
38547335
38547362
38551430
38551562
38551905
38552570
38552960
38553470
38553600
38553803
38554037
38554606
38554888
38555048
38555804
38556221
38556280
38556369
38556424
38556491
38556499
38558324
38558367
38558676
38558882
38559246
38560769
38561006
38561106
38561353
38561398
38561509
38563521
38563533
38563802
38563830
38564081
38565183
38565720
38566368
38566399
38566550
38567189
38567749
38568468
38568994
38569396
38569562
38569781
38569788
38570177
38570765
38571914
38572479
38572577
38572638
38572770
38573110
38573340
38574619
38574855
38575644
38575928
38575940
38576143
38576241
38576642
38576955
38577312
38577520
38577717
38578136
38578152
38578356
38579632
38579665
38579924
38580320
38580857
38580935
38580936
38580949
38580999
38581243
38581744
38581745
38581876
38582984
38583303
38584146
38584410
38584657
38584764
38585295
38585472
38585491
38585649
38586466
38586786
38587119
38587836
38587909
38588510
38589607
38589644
38589690
38589811
38589955
38590316
38590603
38590944
38591920
38591937
38592637
38593272
38593315
38593338
38594184
38594739
38595181
38595514
38596439
38596686
38596904
38597452
38597653
38597892
38599065
38599240
38599586
38599899
38600581
38601348
38603703
38603774
38603973
38604028
38604394
38604577
38604925
38605153
38605974
38606269
38606505
38606924
38607058
38607338
38608353
38608942
38608943
38609145
38609913
38610034
38610896
38611843
38611921
38612255
38612494
38612523
38612915
38612969
38613009
38613013
38613015
38613120
38613123
38613125
38613126
38613129
38613191
38613516
38614042
38614260
38614485
38614486
38614831
38614946
38615151
38615407
38615452
38615457
38615699
38615729
38615734
38615809
38615917
38619014
38619316
38619741
38621414
38621447
38621468
38621599
38621624
38622476
38622673
38622741
38622848
38623001
38623091
38623202
38624050
38624183
38625529
38626684
38626692
38626765
38626779
38626918
38627667
38627796
38628213
38628686
38628754
38628775
38629219
38629361
38629477
38630006
38630026
38630699
38631086
38631227
38631232
38631872
38632976
38634258
38634659
38636177
38636347
38636407
38636576
38636799
38636876
38636998
38637224
38637273
38637527
38637997
38638527
38638591
38639268
38639319
38640175
38640746
38641281
38641790
38642033
38642351
38642385
38643102
38643248
38643364
38643713
38643780
38643781
38643822
38644199
38644207
38644455
38644716
38645051
38645658
38645676
38645744
38645785
38646069
38646397
38646574
38647029
38647334
38647379
38648170
38648296
38648348
38649906
38650343
38650469
38650709
38650786
38651680
38651794
38651854
38651859
38652191
38652723
38652822
38652955
38653261
38653347
38653729
38654217
38655381
38655655
38655990
38656097
38656308
38656516
38656648
38656875
38657256
38657257
38657258
38657862
38657910
38658665
38658693
38658819
38659265
38659452
38661393
38662810
38663150
38663784
38663822
38664140
38664358
38664494
38664596
38664854
38665039
38665259
38665867
38666437
38666700
38668028
38668414
38668902
38669155
38669372
38669817
38669820
38669824
38670342
38670404
38670405
38670444
38670641
38671471
38672379
38672435
38672498
38673723
38673844
38673856
38674281
38674840
38674852
38674874
38674900
38674924
38674937
38676329
38676509
38677518
38677608
38677716
38678043
38678099
38678175
38678183
38678206
38678255
38680033
38680531
38681052
38681263
38682134
38682547
38683461
38684106
38684383
38684650
38684884
38685109
38685347
38685764
38685831
38686680
38687061
38687069
38687643
38687732
38688391
38688788
38688860
38689304
38689430
38689815
38690523
38690815
38691157
38691307
38691565
38691924
38692181
38692640
38692789
38693190
38693257
38693274
38693450
38694308
38694739
38694994
38695121
38695896
38696583
38696679
38696690
38697073
38697384
38697412
38697782
38698274
38698459
38698696
38699158
38699959
38700531
38700704
38701399
38701975
38702804
38703344
38703492
38703747
38704054
38704082
38704988
38705008
38705654
38705929
38706003
38706350
38706357
38708373
38708407
38708495
38708856
38709803
38709878
38710162
38711295
38711651
38712443
38712687
38712977
38713166
38713747
38713973
38713992
38714366
38715446
38715606
38715696
38715699
38716031
38716290
38716369
38716581
38716683
38717574
38718051
38718857
38718924
38719093
38720217
38720345
38720550
38721636
38721663
38721665
38723005
38723421
38723676
38723802
38723841
38724351
38724897
38724919
38725333
38726565
38726643
38727115
38727803
38728387
38728410
38728461
38728462
38728671
38728789
38728940
38728943
38729079
38729263
38729534
38729764
38730050
38731271
38731277
38731311
38731362
38731427
38731430
38731544
38731568
38731827
38731859
38732193
38732334
38732511
38732532
38732550
38732620
38733071
38733100
38733121
38733832
38734141
38734404
38734792
38735042
38735085
38735494
38735967
38736796
38737447
38737747
38738639
38739382
38739546
38740251
38741174
38743045
38743706
38743802
38743836
38743895
38744348
38744691
38745492
38745960
38746938
38746941
38747273
38747650
38748594
38748938
38748979
38749168
38749927
38750519
38750733
38750853
38752228
38753084
38753314
38753962
38754461
38754502
38754604
38754653
38755327
38755601
38755997
38756517
38756896
38757059
38757977
38759029
38759447
38759546
38759858
38760054
38760969
38761109
38761420
38761651
38761687
38761888
38762122
38762477
38762543
38763084
38763206
38763371
38763911
38763958
38764929
38765512
38765536
38765743
38765877
38765981
38766683
38766917
38767187
38767377
38767721
38768151
38768694
38769030
38769369
38769408
38769527
38769695
38769804
38769895
38770431
38770669
38770885
38770927
38771790
38772166
38772250
38773236
38773676
38773737
38773797
38773989
38774024
38774262
38774629
38774969
38775001
38775321
38775507
38775590
38776748
38776853
38776885
38777412
38777461
38777561
38777841
38777949
38778781
38779348
38781318
38781531
38781641
38782143
38783369
38783413
38784189
38784190
38784206
38784815
38785047
38785149
38786061
38786092
38786580
38786654
38787648
38787902
38788201
38788346
38788971
38789457
38790433
38790526
38790538
38790553
38791104
38791161
38791566
38791820
38792337
38792489
38792868
38792984
38794175
38794669
38794674
38794698
38794725
38794768
38794978
38794979
38795011
38795033
38795064
38795665
38795694
38795788
38796767
38796956
38797304
38797484
38797613
38798270
38798772
38798863
38799427
38800317
38800476
38800769
38800901
38802284
38802917
38803043
38803590
38804032
38804257
38804392
38805848
38805904
38805999
38807736
38807919
38808102
38809131
38809278
38809788
38810421
38810465
38810761
38812008
38812150
38812177
38812209
38812217
38812218
38812220
38812221
38812232
38812505
38812527
38812630
38813069
38813444
38813514
38813622
38814038
38814968
38815494
38815599
38816012
38816049
38816225
38816412
38816490
38817411
38818275
38818847
38819027
38820092
38820403
38820626
38820875
38821225
38821258
38821427
38821493
38821990
38822073
38823222
38823254
38824614
38824709
38825025
38825026
38825264
38826072
38826313
38827603
38827649
38828282
38828566
38828636
38828931
38828942
38828982
38830740
38830839
38830841
38830990
38831396
38835065
38835745
38836419
38836677
38837639
38837785
38838542
38838635
38839191
38839195
38840094
38840113
38840346
38840675
38841243
38841895
38842074
38842761
38842884
38843179
38843481
38843801
38845108
38846167
38846489
38846679
38847094
38847145
38847348
38847773
38848035
38848471
38848630
38849784
38849820
38849974
38850072
38850479
38850663
38850919
38851232
38851306
38851675
38851840
38852473
38852639
38852759
38853022
38853139
38853682
38854129
38854284
38854305
38854441
38854449
38854518
38854974
38855886
38855924
38855930
38855993
38856955
38857381
38857425
38859646
38859730
38860761
38862207
38862566
38862877
38863121
38863488
38863680
38864121
38864402
38864476
38864526
38867332
38867399
38868106
38868236
38868299
38868440
38870258
38870315
38871397
38872401
38873205
38873343
38874589
38874865
38874870
38875528
38875708
38876205
38876425
38877142
38877353
38877667
38877762
38878202
38878318
38878645
38878663
38879136
38879137
38879748
38880126
38880194
38881396
38881408
38882352
38883423
38883600
38884722
38885141
38885808
38885954
38886064
38886536
38886705
38886787
38887504
38887997
38888992
38889828
38890581
38891064
38891170
38891976
38892335
38892468
38892501
38892545
38892565
38892618
38892644
38892661
38892672
38892681
38892700
38892704
38892713
38892716
38895845
38896115
38896552
38896640
38897025
38897927
38898126
38899042
38900359
38900972
38901820
38901983
38902270
38903446
38904462
38904658
38904871
38905059
38905116
38905292
38905523
38905757
38905758
38907667
38907995
38908516
38908715
38908773
38908838
38908893
38908894
38909211
38909583
38910077
38910710
38910886
38911090
38911324
38911513
38912278
38912713
38913632
38913692
38915186
38915267
38915954
38916057
38916328
38917166
38917363
38917435
38917867
38918290
38918324
38918355
38918485
38919264
38919392
38920275
38920847
38921474
38921512
38921546
38921736
38921770
38922906
38922926
38922982
38923066
38923368
38923466
38925175
38925354
38925359
38925919
38926369
38926408
38928056
38928067
38928164
38928455
38928460
38928475
38928510
38929074
38929408
38929697
38930451
38930475
38931150
38931151
38931212
38931213
38931215
38931218
38931229
38931230
38931246
38931253
38931280
38932430
38932907
38933035
38933248
38935505
38935529
38936215
38936548
38936671
38936835
38937091
38937587
38938421
38938519
38938880
38940553
38941042
38943150
38943179
38943254
38943500
38943551
38944975
38946237
38946784
38946885
38947077
38948108
38948790
38949095
38949186
38949740
38950419
38950517
38951000
38951759
38951898
38951908
38951934
38952807
38953331
38953613
38953859
38954474
38954488
38955182
38955352
38955353
38956105
38957867
38959181
38959531
38960232
38960320
38961376
38961849
38962297
38962411
38962683
38962998
38963614
38964059
38964308
38964589
38965577
38965743
38965863
38967287
38968133
38968136
38968474
38969177
38969245
38970042
38970086
38970260
38971036
38971454
38971633
38971753
38972528
38972737
38972986
38973290
38973330
38973681
38973743
38974116
38974300
38974579
38975337
38975478
38975796
38976150
38976770
38977031
38977170
38977571
38978161
38978366
38978597
38979597
38979869
38980095
38980512
38980588
38980875
38981140
38981452
38981556
38982403
38982804
38982896
38983951
38984467
38984490
38984683
38985053
38985126
38985881
38986013
38986704
38986717
38986979
38987220
38987279
38987585
38987590
38987685
38987875
38987877
38988851
38989166
38989577
38989817
38990831
38991209
38992402
38992466
38992645
38992736
38992793
38994721
38994893
38994943
38994970
38995394
38995923
38996094
38996123
38996181
38996835
38997543
38997970
38997979
38998100
38998564
38998933
38999209
38999413
38999737
38999746
38999805
38999842
38999892
38999896
38999897
38999901
38999915
38999928
38999993
39000056
39000282
39000368
39001234
39001259
39001812
39002116
39002279
39003035
39003920
39004033
39004283
39004523
39004572
39005495
39006361
39007568
39007725
39007894
39007896
39008006
39008099
39008200
39008484
39009256
39009411
39009925
39010648
39010896
39012043
39012196
39012232
39012420
39012640
39013030
39013122
39013287
39013543
39014010
39014276
39015539
39015859
39016037
39016352
39017681
39019006
39019217
39019416
39020280
39020441
39021185
39022565
39023419
39024999
39025160
39025414
39025484
39025514
39026394
39026483
39026518
39026568
39026762
39026825
39028746
39029017
39029129
39029386
39030442
39030654
39031615
39031790
39031923
39032317
39032543
39032751
39033501
39033544
39033545
39033726
39034117
39035478
39035594
39035682
39035983
39036056
39036221
39036290
39036494
39038574
39038845
39039700
39040028
39041066
39041077
39041246
39041726
39042451
39043915
39044360
39045831
39045930
39046039
39046330
39046439
39047316
39047633
39048236
39048352
39049609
39049707
39050451
39050454
39051133
39051421
39051531
39053158
39053328
39053385
39053390
39053463
39053545
39053607
39055112
39055234
39056485
39056520
39056713
39056810
39057705
39058128
39058454
39058922
39059462
39059697
39059765
39060543
39060728
39060729
39060730
39060731
39060963
39061008
39061560
39061595
39062044
39062168
39062221
39062550
39062651
39062692
39062745
39062785
39062861
39063152
39063324
39063433
39063452
39064484
39064682
39064695
39064775
39064802
39064805
39064816
39065139
39066797
39066909
39067071
39067081
39067112
39068177
39068475
39068496
39068694
39069270
39070297
39070468
39071069
39071273
39071357
39071367
39071916
39072128
39072322
39072630
39072923
39074445
39074448
39074459
39074694
39075066
39075434
39075538
39075596
39075841
39076968
39077117
39077445
39077865
39077939
39078171
39078201
39078393
39078497
39078930
39079333
39080283
39080560
39081619
39082177
39082366
39082484
39083876
39083987
39083989
39083990
39084117
39084180
39084195
39084369
39084687
39085112
39085734
39085982
39086004
39086199
39086575
39087437
39087502
39087787
39088486
39088668
39088964
39089164
39089539
39089954
39090333
39090755
39091429
39092222
39093543
39093743
39094618
39094621
39094898
39096378
39096831
39097211
39098113
39098444
39098492
39098850
39099617
39099915
39100400
39100406
39100647
39100764
39100971
39102225
39102795
39103473
39104339
39104817
39104822
39105129
39105942
39106231
39106818
39107636
39108144
39109014
39109106
39111054
39111451
39111550
39111596
39113309
39114275
39114384
39115013
39115338
39116470
39116545
39116931
39117217
39117683
39117906
39117977
39119479
39119881
39120794
39120857
39121218
39121310
39121588
39122219
39123143
39125291
39125292
39125355
39125379
39125384
39125428
39125450
39125814
39126680
39127150
39127436
39127448
39127677
39127747
39128569
39128798
39128994
39129157
39129373
39129921
39130210
39131270
39131690
39132582
39133050
39133687
39134141
39134192
39134205
39134562
39134611
39135105
39135342
39135559
39136779
39137466
39137469
39137532
39137580
39137591
39137699
39137805
39137920
39138230
39138352
39138489
39140139
39140401
39140440
39140906
39140983
39141058
39141124
39141187
39142364
39142616
39143534
39143772
39144690
39145520
39146694
39146781
39146828
39146884
39147052
39147244
39147245
39147354
39147376
39147857
39148137
39148633
39149819
39150037
39150162
39150362
39150515
39151374
39151420
39151516
39152530
39152569
39152679
39153015
39153125
39153791
39153842
39153884
39154081
39154480
39154607
39154665
39154729
39156015
39156222
39156333
39156389
39156664
39156886
39156920
39157803
39157939
39158796
39159359
39159832
39159852
39160161
39160300
39161102
39161358
39161404
39161521
39162364
39163015
39163017
39163029
39163033
39163037
39163146
39163488
39163912
39164675
39165236
39166133
39166430
39166734
39167636
39167962
39168576
39169216
39170044
39171074
39171482
39171658
39171752
39172170
39172215
39172275
39172320
39172719
39173068
39173660
39173703
39173718
39174621
39176158
39177175
39177324
39178616
39178679
39178926
39179868
39180207
39180208
39180631
39180926
39181354
39181559
39181988
39182001
39182079
39182699
39183188
39183307
39183400
39183455
39183805
39184946
39185473
39186163
39186558
39188072
39190266
39190484
39190623
39190668
39191197
39191604
39191950
39191975
39192187
39192333
39192600
39193654
39194177
39194190
39195826
39196551
39196766
39196981
39197328
39197545
39198011
39198453
39198813
39198836
39199214
39199893
39200093
39200532
39201246
39201253
39201270
39201737
39203483
39203489
39203740
39203744
39203767
39203778
39203841
39203863
39203870
39203872
39203937
39204254
39205657
39205682
39206364
39206430
39206637
39206913
39207487
39207936
39208353
39208699
39209298
39209303
39209551
39209790
39210023
39210726
39211280
39211896
39212230
39212336
39212362
39212365
39212455
39212535
39212589
39212842
39213823
39213908
39214409
39214703
39215309
39215410
39215720
39216265
39216267
39216317
39216412
39216432
39216459
39216566
39218072
39218073
39218179
39218892
39218970
39218976
39219286
39219376
39219969
39220439
39220467
39220963
39221598
39221796
39222394
39223072
39223299
39223550
39223998
39224078
39224219
39224275
39224902
39225005
39225734
39225913
39226111
39226849
39227279
39227527
39227883
39228189
39229990
39230256
39231612
39232260
39232442
39233508
39233592
39233958
39234028
39234988
39234989
39235161
39236007
39236320
39236521
39236943
39237058
39237525
39238943
39239636
39239947
39240290
39240601
39241144
39241228
39241551
39241997
39242673
39243201
39244656
39244899
39245789
39246017
39246147
39246148
39246187
39246236
39246987
39246996
39247017
39247142
39247563
39248077
39249145
39250784
39251934
39251976
39252311
39252638
39253113
39253986
39254445
39254856
39255312
39255475
39255499
39256445
39256460
39256763
39258517
39258537
39258632
39259754
39259837
39260368
39260784
39261424
39261855
39262735
39262749
39262804
39262990
39264030
39264081
39264258
39264653
39264906
39265081
39265235
39265450
39265514
39265831
39265966
39266327
39267102
39267276
39267503
39267629
39267647
39267857
39268234
39269153
39269164
39269334
39269488
39269625
39269679
39269865
39270477
39270591
39271904
39272097
39272274
39272343
39272390
39272562
39273042
39273309
39273356
39273585
39273600
39273635
39273913
39274311
39275029
39275154
39275191
39275203
39275207
39275250
39275253
39275310
39275339
39276499
39276757
39277077
39277254
39278091
39278208
39278266
39278302
39278411
39279013
39279646
39279654
39279745
39280267
39280392
39280553
39280852
39280957
39281255
39282752
39285348
39285485
39286088
39286230
39286243
39286373
39286375
39286717
39287141
39287261
39287729
39287982
39287990
39288030
39288117
39289180
39289612
39289685
39290970
39290975
39291074
39291377
39291490
39292350
39292504
39293241
39293254
39293263
39293366
39295122
39295903
39296845
39299276
39299590
39300278
39300483
39302348
39302620
39302656
39302990
39303365
39303460
39303496
39303783
39303930
39304237
39304824
39305157
39305358
39305811
39305823
39306086
39306097
39306330
39306701
39307359
39310455
39310933
39310945
39311046
39311460
39312942
39313394
39313480
39314156
39314382
39314530
39314622
39314742
39314960
39315506
39315561
39315605
39315793
39315855
39316402
39316545
39317076
39317077
39317346
39318020
39318064
39318197
39318513
39318730
39319308
39319561
39319849
39319865
39320233
39320859
39321099
39321166
39321911
39322077
39323363
39324335
39324337
39324694
39325129
39325209
39326214
39326252
39326258
39326518
39326699
39326803
39327155
39327305
39327919
39328952
39329078
39329337
39329345
39329726
39330618
39331020
39331325
39331960
39332150
39332591
39332722
39333152
39333188
39333472
39333941
39334225
39334450
39334575
39334639
39334749
39334913
39336076
39336797
39337302
39337421
39337450
39337485
39337630
39337649
39338971
39339651
39339722
39339732
39339751
39339754
39339768
39339781
39339794
39339823
39340384
39340851
39341412
39342369
39342808
39343139
39343168
39343169
39343171
39343212
39343432
39343471
39344039
39344336
39344426
39344577
39344770
39344773
39345105
39345251
39345253
39346324
39346637
39347145
39347179
39347370
39348482
39348779
39349017
39350089
39350234
39350308
39350449
39351605
39351630
39351675
39351748
39351987
39352168
39352644
39352911
39353595
39354709
39355514
39355699
39356042
39356051
39356311
39356629
39356694
39357390
39357695
39358615
39358889
39359127
39359739
39360287
39360509
39361593
39361822
39361984
39362017
39362062
39362363
39362451
39362793
39363375
39363807
39364124
39364130
39364513
39364801
39365100
39365302
39365319
39365348
39366157
39366940
39367334
39367522
39367613
39368708
39368843
39369042
39369257
39369899
39369922
39370599
39370911
39370916
39371764
39372302
39372353
39373362
39373789
39373965
39374132
39374701
39374728
39374742
39374763
39374788
39374789
39374840
39375400
39375515
39375960
39376018
39376562
39376813
39377547
39377758
39378195
39378695
39379632
39380588
39381026
39381419
39382466
39383700
39383818
39383912
39385466
39385718
39385777
39387006
39387428
39388179
39388182
39388282
39388643
39388889
39389325
39390276
39390387
39390438
39390622
39391385
39391890
39391952
39392480
39392653
39393375
39393682
39394384
39394461
39395096
39395105
39395250
39395798
39396014
39396029
39396219
39396702
39396865
39396927
39397102
39397456
39397601
39398335
39398573
39398985
39399154
39399505
39399546
39400220
39400653
39401684
39402484
39402490
39403768
39404125
39404912
39405052
39405495
39405612
39405684
39405975
39406089
39406314
39406889
39408215
39408221
39408231
39408246
39408256
39408264
39408296
39408368
39408382
39408387
39408390
39408576
39408904
39409135
39409140
39410686
39410893
39411463
39412272
39413244
39413703
39413704
39413727
39414034
39414074
39414323
39414845
39415164
39415242
39415556
39416583
39417285
39418282
39419352
39420006
39420073
39420244
39420751
39420939
39421252
39421628
39421936
39422051
39422256
39422703
39422749
39422759
39423037
39423477
39423859
39423927
39424068
39425056
39425191
39425503
39425535
39426110
39426577
39427129
39427322
39427524
39427608
39427614
39427844
39427858
39427911
39428068
39428426
39428502
39428657
39428890
39429019
39429119
39429479
39429784
39431438
39431641
39431647
39432176
39432555
39432596
39432746
39433000
39433140
39433164
39433259
39433932
39434208
39434859
39436485
39436926
39438898
39438936
39439316
39439370
39440684
39441330
39441726
39441731
39442590
39442775
39443855
39444821
39445493
39445511
39445529
39446910
39446998
39447279
39448080
39448812
39448927
39449037
39449233
39449406
39449901
39450436
39450452
39450912
39451629
39452191
39452933
39453049
39453947
39454114
39454229
39454416
39454532
39454704
39455051
39455695
39455959
39456523
39456823
39456851
39456882
39456997
39457125
39457263
39457335
39458089
39458288
39458452
39458503
39458508
39458529
39459191
39459285
39460541
39460638
39461386
39461663
39461975
39462005
39462378
39462408
39462562
39463357
39463510
39463665
39463735
39464196
39464221
39464877
39466148
39466653
39467528
39468988
39469194
39469448
39469487
39469747
39470545
39470834
39471197
39471238
39471240
39471241
39471244
39471575
39471670
39472810
39472874
39473220
39473751
39473909
39475041
39476115
39476282
39476755
39477020
39477060
39477066
39477190
39477275
39477457
39477478
39477693
39477850
39477908
39478130
39479439
39479677
39479911
39479967
39480678
39481221
39481295
39481326
39481488
39482074
39482626
39483191
39483240
39483907
39485595
39485728
39485744
39486439
39486477
39486479
39486680
39487266
39487610
39487814
39488297
39489120
39489298
39489307
39489361
39490190
39490436
39490797
39490798
39491598
39491780
39492773
39493442
39493515
39494694
39494765
39495702
39495764
39495852
39496432
39496541
39496810
39496874
39497736
39497929
39498045
39499795
39499862
39500174
39500341
39500405
39501195
39501197
39501409
39501816
39503251
39503276
39504830
39504866
39504993
39505066
39505265
39506322
39506667
39506682
39508433
39508453
39509606
39509627
39510507
39510727
39512009
39512027
39512133
39513322
39514947
39515097
39515108
39515114
39515162
39515277
39515592
39515639
39515679
39515680
39515745
39516431
39516574
39516799
39516964
39518996
39519107
39519123
39519166
39519264
39519317
39519457
39519468
39519482
39519534
39519557
39519559
39519582
39519605
39519614
39519620
39520540
39521176
39521380
39521422
39521679
39521865
39521990
39522345
39522555
39523734
39523804
39523925
39523994
39524290
39524499
39524550
39526443
39526451
39527391
39527733
39528516
39528545
39529340
39529990
39530908
39532080
39532221
39532263
39532679
39532850
39532951
39533396
39533398
39533608
39533625
39534198
39535106
39535482
39536240
39536431
39536623
39536834
39536958
39537120
39537418
39537633
39537785
39538043
39538403
39539572
39540254
39540602
39540679
39540843
39541307
39542239
39542295
39542317
39542324
39542400
39542665
39543401
39543691
39543837
39544360
39545365
39546451
39547266
39547569
39548237
39548399
39548595
39549002
39549434
39550024
39551183
39551346
39551358
39551531
39551997
39552042
39553182
39554321
39554546
39555190
39556086
39556557
39556624
39557196
39557731
39557818
39558307
39558434
39559191
39559257
39559722
39560075
39560974
39561020
39563259
39564822
39565140
39565207
39566264
39566682
39567110
39567315
39567370
39567697
39568571
39568976
39569119
39569449
39569767
39570479
39570819
39570864
39571600
39571894
39571959
39572872
39572873
39572933
39572939
39574356
39574450
39574522
39575054
39576204
39577057
39577168
39577257
39577374
39577393
39577477
39577494
39577680
39577976
39578329
39578474
39578553
39579109
39579307
39579343
39579544
39579687
39579945
39580101
39580103
39580390
39581186
39581267
39581399
39582003
39582052
39582144
39582336
39582416
39582678
39583176
39583325
39583427
39583540
39584041
39584657
39585165
39585509
39585668
39586123
39586175
39586248
39586269
39586522
39586718
39587520
39588084
39588859
39589106
39589423
39589476
39591783
39591949
39592070
39592736
39593298
39593362
39593383
39594423
39594542
39594671
39595557
39595945
39596072
39596157
39596234
39596299
39596759
39596891
39599595
39599602
39599606
39599611
39599621
39599642
39599655
39599707
39599755
39600406
39600767
39601020
39601056
39601784
39601906
39602892
39603394
39604152
39604967
39605555
39605590
39605753
39605772
39606551
39606660
39606856
39607248
39607387
39607573
39608084
39608269
39608496
39608569
39609259
39609361
39609585
39609610
39609908
39609950
39610336
39610338
39610358
39610362
39610853
39611688
39612926
39612930
39613360
39614508
39614764
39614789
39614929
39614975
39615447
39615630
39616262
39616675
39616678
39616831
39617084
39617209
39617355
39617443
39617699
39617972
39617974
39619908
39619962
39619977
39620182
39620330
39620359
39620740
39621916
39622913
39623537
39624125
39624508
39624546
39624554
39624641
39624916
39625132
39625247
39627760
39629066
39629212
39629366
39629406
39629412
39630034
39630625
39630805
39631009
39631657
39631715
39631745
39632000
39633196
39633287
39633290
39633313
39633493
39633961
39634179
39634199
39634915
39635157
39635420
39636600
39636937
39636951
39637062
39637683
39638148
39638326
39638777
39639828
39640549
39640556
39642130
39642195
39642638
39642716
39643694
39643747
39643879
39644170
39644722
39644943
39645027
39645065
39645625
39647289
39647597
39647623
39647624
39647741
39648164
39648298
39648692
39648694
39649071
39649614
39651075
39651146
39651609
39652143
39652362
39652412
39652778
39652827
39652905
39653101
39653105
39654272
39655657
39655884
39656229
39656865
39657578
39657724
39658208
39658735
39659194
39659246
39659286
39659427
39659568
39659882
39660590
39661086
39661096
39661633
39662110
39662273
39662411
39662422
39662856
39662954
39663425
39664564
39665338
39665874
39665982
39666683
39667195
39667510
39669276
39669302
39669493
39670300
39670332
39670550
39670929
39671370
39671475
39673965
39674241
39674256
39674324
39674678
39675059
39675109
39675607
39675810
39675840
39676242
39676673
39677085
39677502
39677926
39678930
39679455
39679749
39679952
39680045
39681134
39681528
39681567
39681839
39681895
39682015
39682344
39682355
39682386
39682404
39682717
39682775
39683406
39683441
39683453
39683462
39683481
39683515
39683525
39683562
39683575
39683585
39683596
39683614
39683623
39684414
39684610
39684637
39684788
39684847
39684916
39685078
39687635
39687835
39689143
39689237
39690314
39690358
39690461
39692218
39692323
39692637
39693834
39693964
39694168
39694252
39694460
39695679
39696419
39696644
39696677
39697173
39697933
39698472
39698823
39698915
39699341
39699595
39699742
39700015
39700168
39700365
39700375
39700380
39700635
39701046
39701242
39701285
39701375
39701525
39701698
39701744
39701788
39701813
39702059
39702210
39702542
39702768
39703890
39703927
39703988
39704044
39704092
39704296
39704872
39704875
39704955
39705279
39705841
39705908
39706333
39706680
39707076
39707181
39707304
39707562
39707744
39708407
39708777
39710178
39710263
39710267
39710407
39710423
39710590
39711480
39714982
39715461
39715568
39715915
39716171
39716493
39716642
39716677
39716933
39717072
39717273
39718613
39718676
39718997
39719143
39719347
39719571
39719875
39720835
39720931
39720976
39721132
39721262
39721569
39721826
39721937
39721967
39722288
39722911
39724024
39724303
39724972
39725064
39725450
39726026
39726077
39726869
39727238
39727642
39728974
39729294
39729892
39730860
39731060
39731338
39732410
39732634
39732901
39733064
39733822
39734583
39734678
39735584
39735628
39736330
39736580
39736612
39736657
39737026
39738514
39738981
39739463
39739489
39740350
39740696
39740811
39740833
39740942
39742412
39742423
39742970
39743132
39743363
39743370
39744095
39746047
39746835
39747529
39747535
39747776
39748230
39748484
39748870
39749014
39749069
39749900
39751831
39752859
39752867
39752875
39752897
39753202
39753625
39754699
39754966
39755239
39755576
39756171
39756296
39756311
39756471
39756750
39756886
39756926
39756979
39758313
39758592
39758619
39758872
39760216
39761639
39761739
39761861
39762472
39762898
39762910
39763277
39763688
39764332
39764532
39765595
39765985
39766249
39766282
39766967
39767971
39768128
39768666
39768792
39768908
39768987
39769115
39769359
39769422
39770120
39770585
39770686
39770898
39770913
39770926
39770981
39770997
39771026
39771057
39772308
39773054
39773923
39774610
39774622
39774902
39775248
39775669
39776138
39776688
39777717
39777743
39777800
39778105
39778544
39778725
39779142
39779229
39780191
39781387
39781532
39784956
39786530
39787654
39787952
39787992
39788187
39788194
39788197
39788297
39788343
39788416
39788744
39788942
39789342
39789379
39789492
39789567
39789576
39789877
39790005
39791751
39791977
39792286
39792519
39793238
39793459
39794176
39795046
39795911
39796238
39796357
39796451
39796491
39796495
39796500
39796552
39796557
39796560
39796565
39796604
39797973
39798536
39798949
39798965
39799443
39799608
39800134
39800245
39800405
39801498
39803249
39803807
39803840
39804211
39804787
39804888
39805401
39805404
39806515
39806767
39807219
39807587
39808561
39808884
39809472
39810098
39810567
39811205
39812285
39812367
39812696
39812893
39813808
39813840
39814139
39814221
39814317
39814774
39815259
39815319
39816071
39816103
39817328
39817414
39818179
39818691
39819359
39819400
39819442
39819480
39820160
39820793
39821184
39821528
39821845
39822267
39823248
39823833
39823892
39823993
39824193
39824268
39824467
39824491
39824493
39824496
39825247
39825395
39825851
39826099
39826260
39826355
39826405
39826479
39827386
39827400
39828407
39828843
39829025
39829219
39829665
39829955
39830054
39830233
39832301
39832628
39832694
39833730
39833845
39833901
39833950
39834042
39834161
39834185
39834271
39834527
39834607
39835263
39835283
39835310
39835551
39835768
39838262
39838303
39838832
39839869
39840329
39840533
39840584
39841965
39841980
39842292
39842662
39842709
39842926
39843081
39843162
39843186
39843364
39843726
39844171
39844450
39844484
39844634
39844792
39844943
39845057
39845757
39846025
39846172
39846467
39847253
39847254
39847257
39847984
39848238
39848725
39849615
39849616
39850108
39850157
39852375
39852524
39853277
39853683
39854109
39854288
39854514
39855505
39855824
39855831
39855834
39856513
39856736
39856999
39857705
39857891
39858143
39858189
39858594
39858825
39858880
39859191
39859195
39859232
39859313
39859988
39860564
39861018
39861362
39861407
39861415
39861450
39861498
39862012
39862088
39862942
39864690
39866008
39866582
39866910
39867543
39868392
39868552
39868980
39870034
39870339
39870430
39870435
39870439
39870500
39870653
39871063
39871211
39871233
39872031
39872574
39872914
39873179
39873725
39874617
39874655
39874780
39874919
39874921
39875209
39875544
39876524
39876582
39877350
39877356
39877493
39877755
39877923
39878299
39878943
39879083
39879208
39879641
39879704
39879729
39880969
39881561
39881843
39881907
39881980
39882327
39882715
39883233
39883963
39884561
39887107
39887615
39887728
39888079
39888175
39888327
39888921
39889590
39890230
39890450
39890465
39890490
39891118
39891165
39891485
39891681
39891756
39892552
39892600
39892657
39892685
39892741
39892949
39892956
39893884
39894007
39894097
39894375
39894675
39894824
39895284
39895319
39895384
39896099
39896510
39898349
39898458
39898662
39899071
39899102
39899132
39899370
39899474
39900146
39900492
39900538
39900639
39900941
39901097
39901104
39901256
39901711
39902161
39902633
39902838
39903893
39904015
39904017
39904068
39904091
39904451
39906645
39906673
39907059
39907166
39907710
39907782
39907821
39908041
39908739
39908799
39908875
39909327
39910562
39910739
39910830
39910853
39911262
39913009
39914371
39914528
39915025
39915586
39915900
39915968
39916616
39916850
39920089
39920774
39920780
39921042
39921869
39922410
39922901
39923665
39923812
39924103
39925614
39925844
39926667
39926677
39926976
39927372
39927403
39927463
39927784
39927900
39928411
39928589
39929171
39929269
39929663
39929761
39929940
39930022
39930939
39931317
39931365
39931555
39931863
39931893
39932572
39933366
39933567
39933792
39933996
39934173
39934646
39935308
39935323
39935583
39936580
39936792
39936922
39936950
39936964
39937252
39937644
39938363
39938571
39938817
39939144
39940054
39940111
39940230
39940253
39940267
39940268
39940274
39940318
39940338
39940358
39940399
39940406
39940423
39940430
39940458
39941150
39941156
39941157
39941160
39941966
39942852
39942857
39943004
39943100
39943113
39943654
39943835
39944206
39945202
39945882
39945965
39945970
39945995
39946395
39946993
39947066
39947153
39947162
39947792
39948550
39949286
39949380
39949863
39950489
39951396
39951896
39951897
39951933
39952088
39952539
39953121
39953705
39953772
39953973
39954335
39954338
39954713
39954874
39954879
39955044
39955896
39955996
39956001
39956033
39956301
39956364
39956934
39957440
39957514
39957905
39959527
39959624
39959784
39960074
39960467
39960637
39961061
39962155
39962254
39963668
39964195
39964641
39965290
39965542
39965692
39965946
39966571
39967082
39967248
39967389
39967547
39967551
39967838
39967898
39968060
39968693
39969280
39970126
39970602
39971863
39973215
39973918
39974838
39976124
39976306
39976715
39976827
39977326
39978647
39979646
39979905
39979910
39980689
39981048
39983002
39983094
39983434
39983588
39984117
39984126
39984611
39984888
39985095
39985757
39985840
39985977
39986226
39986430
39986458
39986471
39986581
39987902
39988369
39988406
39988814
39989412
39989985
39990509
39990652
39990927
39991684
39991771
39991811
39992135
39992231
39992282
39993044
39993049
39993051
39993052
39993414
39993560
39993591
39993780
39994022
39995373
39996107
39997472
39998867
39999040
39999242
39999244
39999246
39999275
39999978
40000270
40000492
40000856
40001141
40001213
40001612
40002371
40002759
40003033
40004058
40004195
40004524
40004940
40005000
40005012
40005611
40005631
40005662
40005899
40005911
40007358
40008531
40008601
40008921
40009457
40009984
40010021
40010517
40010993
40011333
40011839
40012301
40012440
40012446
40013680
40013848
40013965
40014588
40015393
40015412
40015627
40015716
40015854
40016057
40016239
40016713
40017984
40018037
40018271
40018785
40019528
40019693
40020249
40020744
40020747
40020868
40020974
40021561
40021724
40022001
40022146
40022289
40022771
40022910
40023243
40023441
40023599
40023680
40023744
40023927
40024112
40024235
40024360
40024453
40024747
40024977
40025147
40025180
40025281
40025404
40025405
40025453
40025599
40025858
40025884
40025969
40027279
40027297
40027877
40028460
40029236
40032396
40032905
40033022
40033138
40034802
40034803
40035104
40035206
40035275
40035712
40036578
40037774
40038123
40038627
40038668
40038683
40040346
40040781
40041033
40041148
40041723
40042901
40043234
40043366
40043620
40043754
40043813
40044125
40044376
40044751
40045623
40045672
40045744
40045768
40045836
40046792
40048056
40048682
40048829
40049118
40049245
40049314
40049594
40050493
40051288
40051690
40052338
40052602
40053034
40053231
40053456
40054201
40054341
40054718
40055144
40055164
40055467
40055787
40056824
40057124
40057284
40057712
40057969
40058197
40058797
40059912
40062711
40063620
40063944
40064217
40064278
40064422
40064971
40065148
40065906
40066016
40066401
40068049
40068641
40068762
40068910
40069483
40069718
40070683
40071120
40072367
40072608
40072639
40073242
40073683
40074096
40074254
40074578
40074811
40074941
40075311
40075501
40076501
40076634
40076650
40076878
40077645
40077652
40077674
40077680
40077700
40077710
40077711
40077727
40077755
40077971
40078579
40079500
40080504
40081225
40081715
40082038
40082244
40082253
40082579
40082814
40083395
40083742
40083890
40085083
40085303
40085327
40085334
40086458
40086705
40087175
40087371
40087383
40088331
40088332
40089711
40090044
40090234
40090520
40090854
40091154
40091705
40092192
40092619
40093311
40093751
40093813
40093954
40094092
40095225
40095333
40095936
40096422
40096706
40096853
40097151
40098035
40098718
40099395
40100346
40100417
40100479
40100858
40101411
40101574
40102356
40102379
40102813
40103742
40105397
40105563
40106217
40106219
40107172
40107454
40108022
40108956
40109721
40110433
40110742
40110772
40110863
40113029
40113205
40113402
40113720
40113837
40114090
40114096
40114538
40115487
40115536
40116096
40116124
40116446
40117262
40119067
40121584
40121615
40121756
40122338
40122468
40123263
40123295
40123480
40123539
40123669
40124401
40125239
40125297
40125520
40125567
40125892
40126062
40126831
40126846
40126903
40127563
40128662
40128812
40129413
40130142
40130403
40130935
40131612
40132113
40132260
40132277
40132970
40133564
40134028
40134060
40134067
40134364
40134477
40135274
40135664
40136035
40136541
40138002
40138906
40139371
40139536
40139559
40140668
40140679
40140789
40140875
40140895
40140989
40141151
40141461
40142122
40142226
40142440
40142471
40143821
40144415
40144448
40145707
40145873
40146209
40148114
40148187
40149870
40149955
40150073
40150106
40150366
40150656
40150828
40150966
40151409
40151573
40152474
40153082
40153854
40153889
40154150
40154196
40154320
40154680
40154821
40154899
40156169
40156678
40156786
40157633
40157737
40158005
40158174
40158186
40158296
40158607
40158840
40158976
40159001
40159291
40159964
40160106
40160898
40161970
40162601
40163760
40163761
40163913
40164294
40164523
40165061
40165532
40165714
40165948
40166324
40166615
40167990
40168539
40169558
40169700
40170040
40170408
40171197
40171748
40171879
40171893
40171961
40171975
40171990
40172329
40172385
40172435
40172756
40173004
40173048
40174967
40175068
40175540
40175554
40175910
40175943
40176297
40177855
40178765
40179278
40179420
40180202
40180500
40180513
40181084
40181667
40181864
40183030
40183191
40183493
40184095
40184394
40184491
40184517
40185197
40185260
40186045
40186265
40186390
40186649
40186926
40186994
40187232
40187391
40187557
40187611
40187671
40188323
40188587
40188734
40188828
40188856
40189117
40189435
40190178
40190407
40190519
40190544
40190829
40191522
40191690
40192057
40192512
40193137
40194329
40194567
40194761
40195087
40195344
40195686
40195756
40195997
40196295
40199038
40199596
40199629
40200414
40201815
40202153
40203301
40203784
40203943
40204054
40204112
40204339
40204411
40204412
40204632
40205160
40205203
40205388
40205568
40205739
40207857
40208784
40209642
40209646
40209688
40210127
40210176
40211121
40211423
40211864
40211937
40212064
40213542
40214094
40214339
40214818
40215349
40215566
40215702
40215821
40216573
40217146
40217466
40218241
40218317
40218414
40218894
40218918
40218938
40218943
40218968
40218975
40218978
40218986
40219578
40219799
40220077
40220517
40222015
40222347
40222450
40222506
40222584
40222585
40222644
40222677
40222730
40224021
40225205
40226035
40226093
40226406
40226727
40227029
40227407
40227702
40228419
40228488
40228589
40229386
40229941
40230541
40230908
40231022
40231282
40231485
40232032
40233869
40233974
40234181
40234938
40235010
40235242
40235961
40236637
40236638
40236763
40237055
40237066
40237424
40238668
40239490
40239492
40239529
40239638
40240199
40241717
40241991
40242608
40243093
40243181
40243431
40243471
40243881
40244092
40244369
40244694
40245394
40245968
40245991
40246056
40246182
40246652
40246789
40247206
40247687
40248030
40249000
40250042
40250189
40250223
40250648
40250671
40250694
40251090
40252191
40252435
40252437
40252729
40252769
40252795
40253049
40253383
40253929
40254315
40254774
40255841
40256359
40256622
40258325
40259457
40259833
40259975
40260767
40261276
40261319
40262217
40262254
40262673
40262730
40263102
40263112
40263540
40263676
40264186
40264354
40264539
40265058
40265253
40265352
40265443
40266676
40266944
40266959
40268198
40268267
40269399
40269762
40270325
40270497
40270689
40270708
40270714
40270966
40271244
40271290
40271314
40271807
40272030
40273186
40273189
40273628
40273684
40273685
40274237
40274328
40274469
40275741
40276127
40277196
40278801
40278852
40278958
40279166
40279260
40279969
40280316
40280621
40281463
40281466
40281551
40281561
40281905
40282355
40282401
40282890
40283042
40283155
40284182
40284191
40284194
40284243
40284258
40284680
40284846
40285332
40286137
40286431
40286736
40287118
40287776
40288359
40288708
40289330
40289497
40289779
40290006
40290028
40291150
40291220
40291926
40292452
40292457
40292519
40292520
40292567
40292760
40293706
40293787
40294695
40294855
40294919
40295032
40295129
40296267
40296547
40296636
40296843
40299149
40299208
40299434
40299496
40299960
40300282
40301309
40302015
40302083
40302665
40303351
40303876
40304308
40304439
40305321
40305361
40305487
40306156
40306386
40306423
40306833
40307298
40307787
40309871
40309873
40310124
40310592
40311387
40311523
40312302
40312723
40314057
40314324
40314341
40314672
40315320
40315750
40315982
40316970
40317581
40318397
40318455
40319282
40319604
40319678
40319842
40319990
40320398
40320697
40320879
40320926
40321100
40321144
40321162
40322306
40323662
40324523
40324524
40324525
40324672
40324939
40325267
40325522
40325599
40325895
40326193
40326263
40326657
40326889
40327515
40327580
40327818
40327939
40328041
40328371
40328659
40329233
40329396
40329845
40330018
40330522
40330562
40331044
40331413
40332137
40332455
40332696
40333076
40334262
40334469
40334536
40334573
40334622
40334748
40334749
40334750
40334751
40334784
40334786
40334870
40335293
40335674
40336048
40336167
40336347
40336816
40336960
40338153
40338440
40338453
40338671
40338902
40339623
40339908
40339919
40339967
40340011
40340755
40340805
40341564
40341618
40341625
40341813
40341979
40342179
40342872
40343500
40344396
40344873
40345290
40345308
40345645
40346590
40346697
40346998
40347579
40347927
40348374
40348496
40349757
40350134
40350298
40350307
40350763
40350835
40350836
40350837
40350857
40350858
40352915
40353421
40353732
40353833
40354608
40354931
40354985
40354999
40355336
40355569
40356343
40356648
40356859
40357114
40357834
40358178
40358181
40358879
40359832
40360693
40361124
40361216
40361816
40361853
40362401
40362423
40362457
40362494
40362647
40362671
40362739
40362777
40362845
40362867
40362893
40364682
40365106
40365728
40366099
40366584
40366623
40367139
40367293
40367685
40368297
40368523
40370779
40371305
40371320
40371415
40371815
40371844
40371920
40371957
40371991
40372090
40372560
40372599
40372802
40372960
40373185
40373355
40373383
40373613
40373924
40373960
40374047
40374054
40374153
40374156
40374262
40374983
40375045
40375555
40375670
40376988
40377691
40378305
40378937
40379357
40379361
40380243
40380319
40380357
40380781
40380819
40381294
40381499
40381608
40382079
40382082
40382893
40383383
40383404
40383560
40383627
40383635
40383735
40383998
40384242
40384260
40384287
40384294
40384348
40384357
40385211
40385535
40386086
40386522
40387380
40387451
40387786
40388041
40388260
40388262
40388404
40389181
40389219
40389352
40389975
40390018
40390107
40390174
40390287
40390894
40391381
40391531
40392077
40392518
40392982
40393037
40393872
40394206
40394873
40394926
40395091
40395150
40395263
40395533
40396114
40397816
40398213
40398705
40398918
40399383
40400232
40400732
40402306
40402415
40404103
40404808
40404909
40405075
40405173
40405405
40405925
40406001
40406538
40408801
40409234
40409469
40409736
40409737
40411701
40412001
40412056
40412198
40412397
40412614
40413415
40413508
40414293
40414302
40414390
40414437
40415248
40415417
40415607
40415934
40416681
40416730
40416793
40416854
40417217
40418286
40418768
40419201
40419580
40419638
40420166
40420354
40420618
40420689
40421124
40422071
40422236
40422270
40422592
40422867
40422879
40423512
40424473
40425221
40426781
40426968
40426993
40427245
40429621
40429675
40429749
40429849
40430230
40430385
40431157
40431323
40431364
40431366
40431372
40431381
40431394
40431434
40431450
40431459
40431480
40431499
40431534
40431582
40432435
40433851
40435069
40435986
40436182
40436297
40436331
40436349
40436448
40436637
40436777
40436817
40436926
40437527
40438785
40439119
40439278
40439285
40439753
40439856
40440437
40440867
40440898
40440927
40440989
40442031
40442713
40442842
40442923
40443220
40443759
40444111
40444253
40444326
40444342
40445942
40446762
40447021
40448096
40448108
40448825
40449103
40449692
40449865
40449890
40450070
40450096
40450367
40450397
40450561
40451028
40451172
40451462
40451535
40452378
40452593
40453243
40453838
40454574
40454901
40455124
40455276
40455278
40455875
40455948
40455984
40456421
40456471
40456473
40456835
40457273
40457348
40457796
40458873
40458945
40459557
40459673
40459690
40459789
40459971
40460149
40460226
40460298
40460430
40460699
40460853
40461338
40461893
40462026
40462328
40462402
40462537
40464046
40464080
40464410
40464440
40464508
40464857
40465634
40466019
40466204
40466264
40466521
40466591
40467358
40467389
40467561
40467587
40467753
40467978
40468068
40468238
40469665
40470006
40471375
40471534
40472816
40473074
40473153
40474002
40474362
40474406
40474782
40475998
40476913
40478094
40480050
40480183
40481548
40481568
40481592
40481683
40482452
40482493
40482513
40482534
40482805
40482875
40483361
40483905
40484561
40485061
40485119
40485431
40485444
40485584
40486642
40487157
40487591
40487628
40487764
40489565
40489650
40489675
40489713
40490722
40490767
40490820
40490854
40491104
40491338
40491588
40491727
40491948
40492691
40492745
40493262
40494228
40494543
40495297
40495569
40496212
40496359
40496954
40497065
40497308
40497928
40498139
40498144
40498627
40499235
40499236
40499240
40499645
40499893
40499897
40500752
40501503
40502161
40502204
40502759
40503727
40504075
40504357
40504562
40505244
40505398
40505644
40505847
40506369
40506758
40507036
40507041
40507094
40507111
40507130
40507133
40507136
40507157
40507201
40507206
40507208
40507428
40507867
40508030
40508197
40508834
40508938
40509077
40509123
40509581
40509674
40509740
40509824
40510280
40510335
40510464
40510525
40510965
40511049
40511110
40511458
40511591
40511952
40512243
40512368
40512410
40512594
40512616
40512712
40513150
40513315
40513396
40513555
40513615
40513838
40513860
40513919
40514613
40516876
40517226
40517276
40517917
40518010
40519099
40519213
40519613
40519748
40520483
40521509
40521871
40521918
40521979
40522129
40523008
40523122
40523307
40523398
40523813
40524078
40524209
40524798
40524891
40525000
40526206
40527029
40527062
40527065
40527120
40528104
40528364
40529426
40531234
40531686
40531722
40531842
40532258
40532622
40532732
40532800
40532803
40533002
40533249
40533810
40534651
40535044
40535465
40535566
40535685
40535688
40536104
40536644
40537329
40538567
40538810
40539061
40540260
40540314
40540401
40540765
40540766
40540804
40541392
40541749
40542307
40543258
40543676
40543844
40544417
40544446
40545156
40545224
40545916
40545940
40548170
40548436
40548720
40549003
40549261
40550291
40550302
40550600
40550605
40550613
40551779
40552032
40552338
40552459
40552686
40553245
40553318
40553861
40554448
40554474
40554727
40554958
40555095
40555888
40556552
40556603
40557269
40557559
40557834
40558046
40558220
40559235
40559370
40559403
40559462
40560284
40561117
40562147
40562362
40562895
40563023
40563223
40563484
40563526
40563896
40564150
40564640
40564970
40564971
40565096
40565473
40565725
40566031
40566044
40566376
40566384
40566385
40566517
40567242
40567438
40567841
40567979
40569133
40569480
40569818
40570458
40570666
40570708
40570890
40571230
40571436
40571528
40571936
40571974
40572023
40572152
40572181
40573070
40573078
40573127
40573132
40573151
40574558
40574706
40574789
40575517
40575625
40576163
40576884
40577087
40577386
40577932
40578345
40578861
40578884
40579149
40579233
40579314
40579337
40579893
40580629
40580693
40580707
40580806
40581034
40581280
40581321
40582211
40582217
40582378
40582628
40582869
40584396
40584520
40586984
40588415
40588438
40588483
40589137
40589557
40589748
40589778
40589871
40589872
40589945
40590014
40590731
40591254
40592741
40592768
40593282
40593380
40593837
40594662
40594689
40595516
40595777
40595986
40596371
40596830
40597198
40597297
40597335
40597358
40598158
40598380
40598517
40599392
40599616
40599701
40599716
40600256
40601129
40601677
40601908
40602467
40602556
40602567
40602870
40603110
40603351
40603691
40603800
40604032
40604492
40604534
40604625
40605077
40605146
40605410
40606961
40607031
40607769
40607963
40608637
40609987
40610128
40610137
40610512
40610534
40610948
40611339
40611432
40612164
40612490
40612788
40613134
40613400
40613785
40613906
40614024
40614692
40614859
40616104
40616177
40616183
40616490
40616833
40617756
40618372
40618377
40618386
40618488
40619034
40619188
40619462
40619990
40620012
40620036
40620046
40620131
40620271
40621574
40622100
40623179
40623779
40623863
40624035
40624890
40625367
40625600
40626254
40626852
40627755
40627759
40628832
40629240
40629461
40629773
40630092
40630168
40631253
40631696
40632831
40633086
40633808
40633953
40634250
40634281
40634450
40634691
40634953
40635511
40635892
40636854
40636869
40636948
40637113
40637840
40637878
40638033
40638525
40638899
40638943
40639656
40639854
40640972
40641014
40641567
40641606
40641728
40641874
40642448
40642899
40643866
40643872
40644332
40644695
40645126
40645282
40645935
40646472
40646602
40647176
40647206
40647263
40647326
40647330
40647338
40649117
40649242
40649788
40649855
40649875
40649926
40650019
40650261
40650268
40650329
40650586
40650841
40651084
40651575
40651691
40652806
40653236
40653271
40653272
40653466
40653607
40654749
40655144
40655202
40656107
40656191
40657707
40658735
40659450
40659542
40660276
40660304
40661741
40661832
40662142
40662226
40662251
40663189
40664010
40664227
40664306
40664356
40664978
40665062
40665517
40665931
40666233
40666376
40666986
40667272
40668326
40668816
40668999
40669568
40669621
40669674
40669735
40669820
40670584
40670679
40670809
40671358
40671625
40673216
40673244
40673334
40673750
40673822
40674628
40674756
40674766
40675199
40676366
40676614
40676640
40676689
40676703
40677158
40678037
40678608
40679091
40679250
40679629
40679696
40679824
40680008
40681070
40681696
40682355
40682390
40682414
40684118
40684216
40684262
40684480
40684525
40685134
40685957
40685975
40686125
40686170
40686918
40687480
40687588
40687591
40687951
40687998
40688839
40690194
40691929
40691987
40692142
40692376
40693423
40694058
40694189
40694334
40695487
40696219
40698944
40699369
40699388
40699786
40700501
40700534
40701015
40701175
40701306
40701576
40702451
40703184
40704572
40704835
40706096
40706453
40706777
40707136
40707624
40709493
40709502
40710310
40710358
40710407
40710493
40711451
40713050
40713307
40713398
40713923
40713943
40714046
40714174
40714254
40714656
40715146
40715499
40715563
40716188
40716345
40716411
40716620
40717016
40717459
40719285
40719632
40720063
40720671
40721894
40722678
40722877
40723310
40723565
40723846
40724979
40725134
40725631
40725859
40725920
40726388
40726722
40727270
40728470
40728503
40728547
40728601
40728697
40729125
40729580
40729880
40731094
40731825
40731879
40731950
40732941
40732963
40732980
40732987
40733422
40733780
40735231
40735301
40735566
40736606
40736773
40738047
40738913
40738934
40739523
40740302
40740437
40741368
40742644
40743249
40743943
40745355
40745515
40746291
40746863
40747647
40747696
40748429
40748667
40748912
40749263
40749384
40751340
40751583
40752194
40752426
40752545
40752567
40752609
40752615
40752814
40752844
40752846
40753023
40753247
40753367
40754096
40754211
40754212
40754215
40754390
40754508
40754836
40756340
40758390
40758659
40759156
40759210
40759216
40759279
40759462
40759735
40760365
40760857
40762383
40762941
40762946
40763282
40764079
40764395
40764604
40764724
40764934
40765483
40765949
40766519
40766790
40766851
40767370
40768183
40768667
40769360
40769441
40769661
40770284
40770461
40770472
40771087
40771831
40772365
40772664
40773053
40773149
40773726
40773998
40774284
40774577
40775122
40775429
40776614
40776982
40776983
40777169
40777972
40779023
40779980
40780040
40780129
40780633
40780642
40781067
40781205
40781296
40781711
40782172
40782536
40782568
40783074
40783838
40783872
40783924
40784451
40785088
40785098
40785256
40785353
40785358
40786166
40787491
40787545
40787719
40787794
40788056
40788164
40788463
40789663
40789908
40790109
40790185
40790373
40790917
40791013
40792054
40792481
40794526
40794741
40796182
40797026
40798917
40798958
40800608
40802301
40802401
40802859
40803031
40803225
40803611
40803613
40803635
40805013
40805021
40805980
40806014
40806120
40806142
40806172
40806218
40806242
40806263
40806292
40806573
40806718
40807354
40807427
40808612
40808693
40809448
40809618
40809758
40810470
40811469
40811598
40811732
40812094
40812241
40812656
40813142
40813371
40814200
40814727
40815168
40815852
40815959
40816214
40816246
40816357
40816581
40816586
40816688
40817967
40817971
40818327
40818919
40819039
40819102
40819278
40820858
40821298
40821636
40821649
40822303
40822869
40822905
40822956
40824543
40824820
40825388
40826060
40826718
40826925
40827476
40827740
40828383
40829296
40830047
40830435
40830523
40831045
40832058
40832147
40833641
40833648
40835174
40835685
40836314
40836482
40836492
40837167
40837368
40837621
40837826
40838001
40838175
40838210
40838827
40839075
40839861
40840307
40841986
40843056
40843071
40843120
40843588
40843754
40843900
40843901
40844589
40844758
40844899
40845008
40845461
40845663
40845670
40845705
40846070
40846205
40847046
40848633
40848634
40849194
40849556
40849763
40850147
40851099
40851246
40851302
40851370
40851519
40852125
40852345
40852378
40853036
40853391
40854684
40854715
40854887
40855005
40855421
40855489
40855498
40855509
40855788
40856623
40856663
40856722
40857629
40857742
40859212
40859213
40859323
40859345
40859409
40859424
40859816
40859861
40861548
40861790
40862310
40862705
40863099
40863109
40864706
40864804
40865727
40866021
40866089
40866494
40867540
40867575
40867726
40867918
40868898
40869121
40869125
40869270
40869296
40869302
40869340
40869508
40869796
40869855
40869924
40870652
40871242
40871276
40871314
40871654
40871666
40871700
40871704
40871708
40871727
40871738
40872121
40872246
40872496
40872674
40874000
40874406
40874692
40875152
40875377
40875565
40875699
40875877
40876028
40876035
40876134
40876195
40876516
40876765
40877017
40877018
40877147
40877243
40877387
40877930
40878139
40878519
40878577
40879101
40880320
40880844
40880921
40881171
40882569
40882647
40882694
40882756
40883102
40883502
40883815
40883996
40884167
40884279
40884533
40884892
40885506
40885641
40886185
40886316
40886658
40886951
40887127
40888140
40888230
40889040
40889667
40890330
40891012
40891441
40892864
40894402
40895181
40895298
40895537
40895783
40896885
40897421
40898507
40898523
40899105
40899415
40899460
40900603
40900846
40901051
40901102
40901802
40902115
40902405
40902619
40902753
40902776
40903653
40903752
40903873
40904314
40905393
40905806
40906025
40906073
40906176
40906282
40906373
40906440
40906698
40906792
40906902
40907169
40907456
40907702
40907773
40908379
40908477
40908574
40908772
40909045
40909387
40909882
40909891
40910443
40912065
40912130
40912181
40912421
40913782
40913852
40913904
40914438
40915221
40917060
40917324
40918511
40919201
40919396
40920046
40920401
40920409
40920683
40921756
40921996
40922071
40922311
40922549
40923138
40923198
40923398
40923979
40924550
40924952
40925233
40926870
40927362
40927566
40927992
40928161
40928706
40929433
40929548
40929885
40929965
40930349
40930504
40931820
40931828
40933266
40934570
40934969
40935239
40936765
40937724
40937743
40938841
40940366
40940813
40941992
40942169
40943215
40943332
40943405
40943601
40943609
40943623
40944123
40944143
40944144
40944150
40944216
40944254
40944276
40944367
40944695
40944778
40945539
40945584
40946049
40946844
40946974
40947221
40947894
40948403
40949520
40949703
40949907
40950602
40950975
40951020
40951455
40951467
40951498
40951971
40952551
40952653
40953047
40953542
40953778
40954131
40955030
40955149
40955991
40956434
40956608
40956656
40956702
40957109
40958088
40958100
40958213
40958592
40961062
40961770
40961779
40962553
40963671
40964150
40964287
40964738
40964782
40965351
40965861
40966000
40966208
40966399
40967023
40967073
40967138
40967197
40967202
40967891
40968471
40968611
40969723
40969905
40971010
40971091
40971736
40971848
40971990
40972496
40972513
40972534
40972679
40973419
40973701
40973724
40974515
40974638
40974907
40975051
40975988
40976140
40976260
40976369
40976912
40977728
40978881
40978952
40979201
40980095
40980289
40980418
40980632
40980992
40981035
40981191
40981307
40981367
40982110
40983186
40983595
40983598
40984631
40984809
40985752
40986011
40986648
40986675
40987556
40987748
40988239
40988566
40989082
40989126
40989144
40989207
40989617
40990046
40990120
40990285
40991404
40992067
40992247
40992417
40993162
40993432
40993632
40993726
40994047
40994110
40994718
40995206
40995496
40995634
40995738
40996122
40996197
40996469
40996763
40997503
40997532
40997617
40997881
40997948
40998125
40999615
40999656
40999699
40999955
41000396
41000920
41001383
41001675
41002264
41002394
41002399
41002999
41003543
41004198
41004217
41004501
41005283
41005443
41005496
41005739
41005958
41006255
41006636
41007128
41007440
41007445
41007567
41007712
41007909
41008946
41008957
41008969
41009038
41009388
41009420
41009718
41010290
41010504
41010514
41010519
41010779
41010961
41011325
41011544
41011846
41012348
41012631
41012809
41012817
41013349
41013542
41015238
41015808
41015823
41016000
41016148
41016376
41016534
41016920
41017392
41017895
41018002
41018065
41019033
41019553
41020306
41020417
41020439
41020843
41021181
41021586
41021651
41021911
41021962
41022129
41022154
41022257
41022948
41023691
41023964
41024099
41024457
41024939
41025437
41025954
41026405
41026801
41027105
41027352
41027368
41027550
41028781
41029151
41029513
41029520
41029599
41030493
41030548
41030784
41030891
41031300
41031541
41032930
41033423
41033531
41033907
41034483
41034646
41034740
41034809
41035806
41035967
41036369
41036371
41037809
41037839
41037987
41038249
41038514
41038686
41038804
41039185
41039224
41040184
41040189
41040988
41041190
41041205
41041217
41041255
41042075
41042473
41044653
41045390
41045574
41045622
41045730
41045839
41045919
41046359
41046939
41047036
41047054
41047464
41048005
41048272
41048434
41050051
41051059
41051380
41051609
41052035
41052211
41052657
41052687
41052748
41053373
41053593
41053621
41053654
41053671
41053746
41053829
41053920
41054242
41054432
41054433
41054591
41054844
41055193
41055223
41055712
41055988
41056835
41057038
41057073
41057405
41057557
41058996
41059003
41059231
41059496
41059575
41059617
41059706
41059792
41060063
41061317
41061588
41061715
41061965
41062817
41062959
41063258
41063306
41063385
41063495
41064523
41066046
41066307
41066802
41066818
41066868
41067172
41067797
41068627
41068791
41069510
41069824
41070015
41070018
41070386
41071246
41071326
41072113
41072440
41072682
41072750
41073678
41073679
41073938
41074071
41074179
41074266
41074380
41074652
41074713
41075129
41075634
41075712
41076301
41076428
41076574
41076867
41077091
41077257
41077869
41077983
41078449
41079137
41080299
41080334
41081549
41081550
41081571
41081634
41081933
41082345
41082442
41082874
41082980
41082982
41083021
41083237
41083478
41083952
41084434
41085722
41085783
41086589
41086927
41087407
41087417
41087809
41088132
41088337
41088390
41090051
41090441
41090486
41091312
41091931
41092846
41092983
41093150
41093196
41093270
41094165
41094291
41094441
41094493
41095224
41095868
41096381
41096436
41096476
41096796
41097117
41097132
41097134
41097143
41097173
41097178
41097186
41097241
41097252
41097872
41097935
41098558
41098674
41098990
41099170
41101073
41101716
41102067
41102295
41103226
41103314
41104090
41104705
41104825
41105874
41106026
41106027
41106115
41106219
41106400
41106568
41106610
41106614
41107518
41107562
41107686
41107905
41108367
41108449
41109104
41109573
41109574
41110357
41110467
41110586
41110747
41110814
41110993
41111523
41111973
41112662
41112739
41114598
41114832
41116210
41116870
41118184
41120074
41120170
41120645
41120970
41123254
41124048
41124180
41124277
41124423
41124510
41124561
41124779
41125143
41125356
41126059
41126105
41127037
41127511
41127552
41129464
41129483
41129633
41130021
41130389
41130681
41130710
41132597
41133339
41134001
41134240
41134313
41134424
41134626
41135273
41135275
41135471
41135482
41135988
41136092
41136412
41136925
41136955
41137247
41137448
41137961
41138185
41138640
41139244
41139443
41139507
41139804
41140406
41140913
41141245
41141348
41141390
41141679
41141706
41141877
41142772
41142850
41144380
41144675
41145056
41145242
41146224
41146420
41146589
41147366
41148062
41148141
41148164
41149047
41149612
41149648
41149778
41151157
41151447
41151686
41151772
41151957
41153349
41153518
41154192
41154249
41154650
41155241
41155298
41155323
41156030
41156451
41156453
41156464
41156514
41156560
41156815
41156868
41157150
41157203
41157239
41158065
41158653
41159298
41159934
41160060
41160087
41160500
41161155
41161282
41161372
41161686
41162329
41162443
41162848
41163160
41163507
41163675
41163981
41165423
41165602
41166299
41166347
41166712
41167406
41167610
41167833
41168400
41168632
41168767
41169395
41169464
41169757
41169816
41170418
41170925
41170967
41171073
41171386
41171536
41172352
41173080
41173164
41173944
41174675
41174800
41175423
41175461
41176011
41176788
41177099
41177493
41178427
41178447
41179627
41180380
41180435
41180703
41180732
41180744
41181492
41182444
41183008
41183245
41183453
41183506
41183620
41184032
41184390
41184769
41184969
41185065
41185301
41185865
41185912
41185971
41186187
41187538
41187569
41187737
41187751
41187898
41188585
41188792
41190103
41190958
41191399
41191548
41191972
41192032
41192169
41192334
41192533
41192563
41192646
41193033
41194149
41194153
41194926
41195209
41195982
41196108
41196562
41196928
41197149
41197330
41197342
41197696
41197774
41198805
41198809
41199214
41199298
41199330
41199343
41199403
41200337
41200346
41200677
41201506
41201694
41201723
41201921
41202202
41202345
41203093
41203981
41204212
41204244
41204434
41204500
41204595
41204648
41205303
41206275
41206521
41206976
41207029
41207098
41207151
41207269
41207436
41207438
41207466
41207543
41207685
41208957
41209154
41210249
41210504
41210876
41211248
41213048
41213304
41213757
41214458
41214622
41214826
41216037
41216352
41216817
41216898
41217026
41217061
41217669
41218509
41218533
41218740
41218792
41219250
41219373
41219599
41219604
41219681
41219813
41220017
41221421
41221582
41222116
41222143
41222894
41223359
41223522
41223950
41224089
41224553
41224686
41224959
41225593
41225617
41225951
41226117
41226288
41226467
41226629
41226666
41226711
41227490
41227496
41227515
41228392
41228465
41228470
41228476
41228499
41228502
41228512
41228534
41228544
41228551
41228554
41228556
41229238
41229406
41229507
41230448
41230961
41232651
41233636
41233879
41233886
41234231
41234390
41234925
41235553
41235623
41236128
41237113
41237165
41237484
41237601
41238119
41238120
41238689
41238729
41239321
41239794
41240173
41240297
41241172
41241299
41241335
41241720
41242016
41242313
41242340
41242354
41242435
41242453
41242520
41242960
41243114
41243710
41243799
41243859
41244549
41245086
41245188
41245499
41246404
41246720
41247321
41247536
41249458
41249758
41250044
41250898
41250953
41251687
41251752
41252175
41252376
41252408
41252858
41253569
41253602
41254392
41254684
41254785
41255433
41255657
41255693
41255766
41256501
41256842
41256926
41256952
41257488
41257534
41257751
41257763
41258582
41259361
41260266
41260311
41260552
41263498
41263628
41264340
41264481
41264681
41264707
41264765
41264948
41265329
41265605
41266313
41266676
41267264
41268136
41268245
41268301
41268743
41269241
41269246
41269658
41269915
41270711
41271429
41272166
41272611
41272990
41273101
41273224
41273830
41273971
41274132
41274136
41274504
41274546
41274677
41274689
41275168
41275403
41275619
41275641
41276691
41277237
41277371
41277467
41277701
41277713
41278729
41279414
41280380
41280574
41282062
41282508
41282517
41282701
41282969
41283114
41283400
41283939
41283989
41284718
41284754
41285219
41285364
41285678
41285818
41286086
41286761
41287148
41287183
41287676
41288229
41289220
41289246
41289279
41289315
41289791
41289911
41290102
41290109
41291687
41292004
41292920
41293367
41293762
41294226
41295220
41295371
41296091
41296453
41297103
41297128
41297135
41297618
41300654
41300690
41301572
41301719
41301804
41301924
41301972
41302003
41302154
41302239
41302408
41303399
41303892
41304209
41304514
41305497
41305556
41305557
41305585
41305604
41305613
41305618
41305623
41305633
41305640
41305668
41307047
41307476
41307492
41308279
41308839
41308927
41310220
41310642
41310752
41311857
41312633
41312788
41313000
41313321
41313860
41314190
41314295
41314318
41314567
41314573
41314577
41314678
41314793
41314914
41315087
41315545
41316006
41316195
41316526
41317860
41318456
41318609
41318920
41320007
41320829
41320870
41320953
41320991
41321380
41321534
41322017
41322018
41322264
41322369
41323408
41323985
41323991
41324828
41324831
41325357
41325651
41325864
41325905
41326122
41326768
41327070
41327170
41327197
41327303
41327376
41327539
41327842
41327990
41329485
41329973
41330232
41330480
41330503
41330961
41331010
41331372
41331700
41332872
41333583
41333612
41333884
41334324
41334336
41334344
41337586
41338873
41338955
41339169
41339582
41340759
41341307
41341951
41342716
41343580
41343689
41344079
41344286
41344343
41344408
41344983
41345799
41345873
41346037
41346664
41346669
41346947
41347198
41347290
41348184
41348974
41349377
41349811
41349815
41350248
41350412
41350450
41351934
41352192
41353192
41353309
41353673
41353838
41353972
41353981
41354563
41354639
41354939
41355737
41356612
41359668
41360644
41360746
41361020
41361302
41361728
41362463
41362464
41362547
41363137
41363922
41364342
41364377
41365053
41365272
41365273
41365298
41365423
41365946
41366944
41366950
41367539
41367909
41367918
41368329
41368631
41369322
41369516
41370015
41370430
41370444
41371163
41371183
41371424
41371564
41371834
41371944
41372096
41372375
41372449
41372873
41373157
41373165
41373501
41373546
41373579
41373596
41373939
41373953
41373992
41373997
41374057
41374094
41375109
41375437
41375563
41377203
41377306
41377674
41378196
41378660
41378749
41379406
41379470
41379579
41380241
41380267
41380306
41380480
41380667
41380888
41380933
41380957
41381523
41381886
41382109
41382955
41383078
41384747
41385451
41385535
41385894
41386283
41386301
41386778
41387300
41387517
41387706
41387802
41388077
41388302
41388355
41389340
41389480
41389616
41389798
41389947
41390995
41391240
41391360
41392103
41392819
41393037
41394221
41396300
41396366
41396862
41397291
41397920
41397957
41398359
41398564
41398893
41399075
41399391
41399567
41399984
41400485
41400909
41401305
41401415
41401579
41401961
41402377
41403524
41403581
41404326
41406156
41406483
41406609
41406807
41406905
41407367
41407832
41407932
41408045
41408256
41408298
41408852
41409572
41410156
41410811
41410984
41411255
41411324
41412013
41412935
41413637
41413681
41414845
41415087
41415097
41415137
41415833
41415848
41416316
41416329
41416572
41416593
41416596
41417222
41418146
41418400
41418532
41418534
41418755
41418974
41418978
41419086
41419102
41419532
41419895
41420308
41420666
41420962
41421279
41421288
41421810
41422524
41422583
41422726
41423118
41423155
41423198
41423651
41426895
41427157
41427732
41427935
41428221
41428640
41428653
41429136
41429499
41430711
41430994
41431163
41431298
41432293
41432531
41432851
41435886
41436092
41436496
41437064
41438298
41438362
41438395
41438580
41438974
41439040
41439096
41439103
41442082
41442753
41443036
41443281
41443694
41444353
41444477
41444634
41444682
41444685
41444765
41444905
41445003
41447003
41447757
41449694
41450581
41451061
41452127
41452451
41452871
41453107
41454183
41454545
41454551
41454806
41455182
41455283
41455355
41455539
41456138
41456486
41456527
41456539
41456674
41457235
41457632
41458550
41458815
41458907
41459075
41459147
41459965
41461259
41461260
41461267
41461272
41461273
41461303
41462207
41462322
41462842
41463747
41464112
41464442
41465412
41465939
41466289
41466331
41466463
41466591
41467215
41467338
41468882
41469059
41469181
41469678
41470764
41470827
41470829
41470871
41470876
41470911
41472067
41472112
41473631
41474230
41474373
41474607
41474687
41474734
41474908
41475567
41475623
41476304
41476713
41476736
41477681
41478106
41478212
41478234
41478492
41478550
41478590
41478595
41478925
41480354
41482157
41482243
41482363
41482443
41482829
41483522
41483781
41484558
41484753
41484903
41484936
41485426
41485504
41485568
41485674
41485836
41485838
41485949
41485971
41486481
41486975
41487673
41488154
41488242
41488481
41488590
41489312
41489772
41490547
41490726
41491499
41491750
41492807
41492824
41493372
41493418
41494380
41494384
41494484
41494513
41494579
41494664
41494992
41495292
41495630
41495791
41495954
41496228
41496237
41496765
41496991
41497165
41497562
41497887
41498154
41498802
41498840
41498950
41499143
41499469
41500088
41500308
41500309
41500351
41501008
41501766
41501784
41501899
41501907
41502198
41502227
41503041
41503503
41503953
41505112
41506067
41506073
41506436
41506443
41506512
41507440
41507752
41507820
41507851
41507878
41507950
41508215
41508315
41508463
41508746
41508814
41509107
41509541
41510454
41510512
41510783
41511006
41511193
41511297
41511742
41512468
41514140
41514165
41514328
41514690
41514812
41515173
41515195
41515197
41515214
41515220
41515230
41515243
41515252
41515257
41516044
41516131
41516175
41516344
41517692
41517901
41518932
41519020
41519101
41519235
41519415
41520410
41520458
41520535
41521195
41521228
41522420
41522551
41522666
41522739
41522948
41523459
41523712
41524807
41524941
41525691
41525878
41525897
41525951
41526718
41526907
41527007
41527057
41527066
41527837
41527959
41529516
41529802
41530911
41531332
41531376
41531449
41531549
41531660
41532270
41532716
41532884
41533318
41534230
41534672
41536661
41536681
41536823
41536855
41537444
41537621
41537760
41537948
41538121
41538394
41539045
41539619
41539653
41539809
41540162
41540201
41540467
41540897
41540958
41540995
41541221
41541629
41542352
41543350
41543550
41543585
41543798
41543932
41544049
41544276
41544303
41544360
41544710
41545838
41546016
41546076
41546755
41547291
41548278
41548399
41549291
41552248
41552794
41552818
41552821
41553261
41553327
41553748
41554627
41555765
41555920
41556916
41557646
41558037
41558580
41559055
41559455
41560397
41561234
41562221
41562594
41562674
41562863
41563472
41563565
41563785
41564122
41564522
41564657
41565223
41565224
41565412
41565569
41566330
41567052
41567325
41567724
41567915
41568053
41569497
41569579
41569588
41570402
41570703
41570999
41571137
41571618
41572209
41572249
41572543
41572698
41572962
41572972
41573287
41573426
41574819
41575072
41575514
41577025
41577072
41577224
41577379
41577414
41577684
41577918
41578279
41578351
41579319
41579376
41579684
41579734
41579741
41580827
41580835
41580980
41581318
41581443
41581465
41581997
41582421
41582560
41582650
41582756
41583181
41583285
41585802
41586152
41586242
41586590
41586767
41586833
41587698
41587738
41588048
41588682
41588978
41589020
41590627
41591607
41592129
41592823
41592853
41593339
41593469
41593566
41593816
41594103
41594281
41594620
41595419
41595462
41595604
41595885
41596072
41596115
41596320
41596351
41596503
41596613
41597224
41597728
41598179
41598294
41599798
41599935
41601031
41601080
41601089
41601890
41602049
41602621
41602873
41603187
41603434
41604211
41604509
41604743
41605282
41606108
41606928
41607114
41607294
41607643
41608419
41608783
41609005
41609368
41609847
41609850
41611076
41611087
41611129
41611148
41611825
41612855
41613927
41614259
41614439
41614768
41615257
41615944
41616735
41618264
41618368
41618740
41619753
41619835
41619902
41620169
41620386
41620867
41621193
41621348
41622235
41622288
41622331
41622756
41622908
41622973
41623006
41623133
41623299
41623317
41623854
41624678
41625563
41626481
41626701
41627438
41628104
41628108
41628172
41628692
41628731
41628849
41630141
41630214
41630226
41630390
41630578
41630678
41630683
41630741
41630913
41631088
41631203
41631562
41632024
41632991
41633689
41633938
41634274
41634356
41634959
41635058
41635299
41635392
41636099
41636142
41636866
41637031
41637471
41637787
41639685
41640048
41640142
41640145
41640162
41640554
41640680
41641470
41642683
41643203
41643413
41643415
41643450
41645041
41645189
41645620
41646158
41646165
41646349
41648211
41650116
41650158
41650830
41651042
41651072
41651105
41651203
41651303
41651545
41652287
41652324
41652374
41652477
41652526
41652582
41652672
41652720
41653118
41653635
41653854
41655662
41655864
41656109
41656139
41656146
41656374
41656564
41656647
41656986
41657360
41657570
41658813
41658840
41659155
41660177
41660485
41662200
41662259
41662846
41663260
41664134
41664199
41665031
41665490
41668030
41668221
41668771
41669123
41669251
41669306
41670663
41670949
41671199
41671913
41672123
41672177
41672281
41672571
41673068
41673087
41673649
41673929
41675240
41675894
41677464
41677885
41677903
41677924
41678394
41678670
41678891
41679190
41679268
41679446
41679638
41679639
41679750
41679961
41680097
41680525
41680585
41680705
41681086
41681362
41681376
41681445
41681460
41682147
41682724
41682795
41683197
41683246
41683249
41683267
41683301
41683629
41683896
41684313
41684449
41684579
41684684
41685431
41686162
41686543
41686779
41686839
41687184
41687295
41687509
41687538
41687558
41687660
41687747
41689060
41689306
41689898
41689925
41689926
41690031
41690170
41690249
41690331
41691048
41691276
41692177
41693148
41694231
41694266
41694473
41694916
41695059
41695469
41696934
41697488
41697587
41697640
41697720
41698511
41698589
41698592
41698600
41698686
41698717
41698885
41698972
41699507
41699617
41699664
41699687
41699950
41700210
41700347
41700976
41701548
41701648
41701774
41701944
41701981
41702147
41702630
41702641
41702911
41703166
41703486
41703840
41703993
41704314
41704483
41704522
41704644
41705156
41705799
41705872
41705996
41706169
41708135
41708248
41708332
41709340
41709425
41709523
41710151
41710238
41710586
41711259
41712055
41712175
41713418
41713562
41713618
41713728
41713754
41714081
41714435
41715198
41715909
41716095
41716256
41716840
41717000
41718010
41719626
41719775
41719825
41719996
41720007
41720368
41720414
41720462
41722304
41722409
41722410
41722450
41722638
41722754
41723312
41723355
41723956
41723960
41724295
41724795
41724972
41725084
41727229
41727745
41728161
41728409
41729840
41729863
41729898
41730053
41730175
41730270
41731929
41733748
41734446
41734843
41735782
41735803
41735914
41735952
41736017
41736231
41736325
41736419
41736788
41737234
41737341
41737411
41737736
41738326
41739042
41739228
41739253
41739453
41740452
41740730
41740777
41741136
41741669
41742057
41742088
41742118
41742197
41742729
41742988
41743063
41745391
41745605
41745617
41745941
41746002
41746529
41746917
41747718
41747840
41748464
41749547
41749629
41751094
41751363
41751822
41752142
41752979
41754100
41754124
41754156
41754157
41754208
41754818
41755349
41755943
41756676
41756807
41756818
41757236
41757342
41757538
41758060
41758402
41758949
41759374
41759752
41761204
41762213
41762463
41762999
41763134
41763213
41763607
41763803
41764596
41764613
41765236
41766149
41767779
41768225
41768488
41768514
41768783
41769607
41771441
41773213
41773214
41773367
41773407
41773547
41774785
41775000
41776814
41776817
41777538
41777864
41778038
41778290
41778425
41779035
41779129
41779809
41780679
41780722
41780825
41780874
41781151
41781289
41783344
41783632
41783815
41783865
41784753
41786142
41786914
41787573
41787695
41787744
41787772
41787911
41788590
41788607
41789590
41790143
41790368
41790673
41790767
41791170
41791623
41792177
41792380
41792635
41792661
41792927
41794196
41794221
41794274
41794382
41794741
41794751
41795801
41796118
41797242
41798834
41799374
41799475
41799842
41800295
41800422
41800501
41801107
41801618
41802552
41802685
41802703
41803637
41803734
41803970
41804241
41804361
41804554
41806542
41807007
41807671
41808693
41810152
41810174
41811003
41811691
41812129
41812323
41812583
41812706
41813901
41814723
41814772
41814833
41814840
41814983
41815197
41816128
41816691
41816730
41817235
41818104
41818229
41818617
41818948
41819177
41819181
41819182
41819307
41819392
41819807
41819984
41820796
41821007
41821119
41821223
41821861
41822526
41822614
41822638
41823018
41823362
41823497
41823521
41823958
41824113
41824385
41824834
41825593
41825719
41827079
41827937
41828628
41828630
41828688
41828712
41829314
41829898
41829921
41829947
41829964
41829988
41830005
41830039
41830976
41831084
41831611
41831737
41831811
41832008
41832820
41832864
41833039
41833543
41833627
41834313
41834566
41834882
41835385
41835969
41836646
41836969
41837140
41837699
41839138
41839299
41839433
41840096
41840600
41841321
41841380
41841444
41842814
41843132
41843276
41843739
41844020
41844652
41844863
41845010
41845027
41845444
41845533
41847266
41847904
41848670
41848940
41848995
41849511
41849992
41849998
41850156
41850187
41850235
41850356
41850366
41850386
41850395
41850592
41850742
41851789
41852598
41853720
41853735
41854993
41855499
41855861
41856307
41856382
41857705
41858145
41858658
41858777
41859024
41859658
41859669
41860281
41860941
41861014
41861526
41862085
41862358
41862525
41864130
41864440
41864599
41864832
41865001
41865582
41865583
41865654
41865686
41865803
41866191
41866499
41866722
41866816
41866908
41868054
41868379
41868443
41868448
41869696
41870127
41870163
41870332
41870489
41871508
41871530
41871585
41871606
41871664
41871887
41872265
41873291
41874526
41874753
41874816
41875434
41876046
41876129
41876525
41876728
41877711
41878176
41879149
41881430
41881665
41881681
41881682
41881803
41881891
41881904
41882297
41882665
41882841
41883254
41883716
41883787
41884003
41884021
41884215
41885138
41885260
41886255
41886274
41887120
41887285
41887512
41887525
41887593
41887641
41887643
41887674
41887865
41887992
41888026
41888318
41888613
41889082
41889365
41889597
41889725
41890506
41890701
41891451
41892046
41892696
41893545
41893663
41894004
41894105
41894289
41895129
41895477
41895487
41895957
41896807
41897092
41897444
41897465
41897869
41897872
41897934
41898211
41898352
41898386
41898452
41898478
41898654
41898657
41899717
41900039
41900304
41900308
41900332
41900478
41900923
41900934
41900997
41901470
41901619
41903149
41903587
41904259
41904272
41904846
41905734
41905984
41910100
41911044
41912074
41912076
41912813
41913389
41913515
41913532
41914096
41914262
41914380
41914611
41914612
41914821
41914848
41914882
41915110
41915209
41915751
41915898
41916400
41916434
41916979
41917259
41917270
41918501
41918596
41918694
41918874
41919290
41919344
41919520
41919637
41919876
41919918
41920524
41920688
41921237
41921332
41921498
41921763
41922252
41922685
41923016
41923026
41923194
41923313
41923321
41923521
41923792
41923907
41923946
41924771
41924774
41924786
41925759
41925924
41926049
41926285
41926731
41927013
41927311
41927522
41927921
41928150
41928536
41929693
41930090
41930332
41930605
41931675
41932828
41933312
41933364
41933746
41934822
41935021
41935183
41935198
41935220
41935617
41935639
41936185
41936209
41936219
41936264
41936836
41937056
41937967
41938523
41939119
41939200
41939546
41939772
41940258
41940393
41941236
41942518
41942591
41942687
41942811
41942822
41943051
41943130
41943346
41943625
41943891
41943908
41944156
41944648
41944753
41945138
41945982
41946215
41947071
41947082
41947788
41947973
41948133
41948267
41948636
41949032
41950117
41950238
41950551
41951130
41951207
41951341
41951399
41952764
41954310
41955084
41955312
41955507
41955565
41955720
41955929
41956024
41956170
41956299
41956322
41956401
41956416
41956646
41957004
41957533
41957755
41958106
41958512
41958564
41958725
41958885
41960392
41960944
41961165
41961168
41961640
41961820
41962388
41962599
41962637
41962744
41963716
41963776
41963856
41963944
41964226
41964672
41964882
41966019
41966282
41966340
41966490
41967022
41967612
41967970
41968065
41968560
41968639
41968948
41969347
41969696
41969718
41970075
41970403
41971075
41971363
41971369
41971379
41971740
41972017
41972726
41972738
41973714
41973977
41974012
41974373
41974919
41975019
41975118
41975144
41975549
41975998
41976011
41976820
41977035
41977184
41977215
41977230
41977238
41978106
41978124
41978133
41978146
41978148
41978151
41978170
41978173
41978179
41978218
41978682
41978862
41978945
41979228
41979253
41979817
41979900
41980835
41981238
41981416
41981450
41982049
41982260
41982769
41983003
41983401
41983628
41983800
41984428
41984502
41984887
41985066
41985597
41985813
41987225
41987240
41987264
41987906
41988234
41988841
41989601
41989693
41990204
41990347
41990360
41990575
41990651
41990710
41990871
41991079
41991408
41994260
41994268
41994303
41994906
41996165
41996863
41998367
41998618
41999716
42000002
42000186
42000579
42000706
42003163
42003313
42003572
42004248
42004696
42005282
42005430
42005839
42006887
42007101
42008245
42008820
42009104
42009175
42009610
42010157
42010434
42010512
42011170
42011270
42012561
42012889
42013221
42013844
42014243
42014772
42015220
42015226
42015710
42015781
42016299
42016347
42016909
42017190
42017434
42017541
42017815
42018177
42018191
42019144
42019169
42019293
42019871
42019903
42019994
42021207
42021547
42021955
42021958
42022258
42022648
42023438
42023858
42023920
42024213
42024457
42025271
42025461
42025837
42026237
42027124
42027687
42027754
42030238
42031027
42031092
42031479
42031491
42031797
42032500
42032536
42032597
42032701
42033078
42034027
42034252
42034480
42034765
42035025
42036333
42036678
42036956
42037530
42037591
42037906
42038043
42038892
42039123
42039209
42040225
42041249
42041360
42041566
42041923
42042861
42043590
42044576
42044595
42045036
42045095
42045130
42045712
42045872
42045957
42046051
42046471
42046668
42047092
42047468
42047480
42048162
42048727
42049576
42049697
42050471
42050481
42050528
42050653
42050678
42051336
42051340
42051355
42051383
42051413
42051565
42051695
42051787
42051949
42052970
42053419
42053729
42054598
42055795
42056079
42056776
42056814
42057028
42057708
42057859
42057940
42058846
42059391
42060851
42061260
42061390
42061466
42061531
42061719
42061860
42062075
42062100
42062659
42063139
42063421
42063609
42063692
42063801
42063948
42064699
42064770
42064994
42064999
42065271
42066508
42066519
42066595
42066636
42066676
42066955
42067065
42067173
42067194
42067337
42067458
42067615
42067807
42068028
42068734
42068791
42068814
42068997
42069030
42069102
42069319
42069426
42069428
42069439
42069768
42069953
42070247
42070857
42070888
42071909
42072608
42072612
42072644
42072661
42073058
42073121
42073150
42073379
42073440
42073986
42074027
42074240
42074596
42074887
42074991
42075001
42075012
42075056
42075074
42075083
42075084
42075091
42075106
42075645
42075827
42076885
42077216
42077685
42077769
42078226
42078524
42078625
42080077
42080322
42080332
42080794
42082233
42082548
42082728
42083004
42083336
42083613
42083695
42085570
42085996
42086070
42086082
42086888
42087087
42087119
42087191
42087243
42087984
42088511
42088800
42089337
42089935
42090109
42092827
42092828
42093402
42093804
42093857
42095223
42095394
42095862
42096203
42096275
42096590
42096965
42097449
42097463
42097710
42098220
42098776
42098777
42098853
42099351
42099620
42100978
42101683
42101686
42102426
42102482
42102668
42103085
42103157
42104135
42104151
42104315
42104686
42105244
42105383
42105596
42105665
42106009
42106030
42106401
42106643
42106716
42106847
42107397
42108728
42109074
42110021
42110157
42111471
42111756
42111851
42111854
42112116
42112127
42112551
42113019
42115317
42115397
42116025
42116377
42116517
42117584
42118431
42119015
42119338
42119383
42119548
42119813
42121064
42121155
42121596
42121766
42121838
42121907
42123443
42123580
42123933
42124029
42124056
42124057
42124072
42124073
42124075
42124077
42124863
42125558
42125559
42126210
42127489
42128085
42128491
42129079
42129367
42129686
42129691
42129761
42129825
42129921
42129982
42130294
42130645
42130740
42130869
42131868
42132218
42132800
42133587
42134006
42134024
42134033
42134206
42134233
42135613
42135921
42136003
42136239
42137355
42137564
42138165
42139527
42139890
42139969
42139975
42140305
42141289
42141807
42141928
42141999
42142736
42143362
42143755
42144000
42144196
42144726
42147081
42148063
42149595
42150354
42150697
42150727
42150913
42151142
42151949
42152007
42152652
42152728
42152888
42155002
42155575
42155725
42156001
42156830
42157056
42157879
42158241
42158257
42158645
42158666
42158681
42158688
42159816
42159891
42160187
42160951
42161091
42161145
42161207
42161668
42162312
42162794
42162800
42163164
42163262
42163418
42163727
42163862
42164774
42165021
42165159
42165696
42165936
42167448
42167480
42167757
42167926
42168371
42168475
42168761
42169137
42169396
42169398
42169402
42170448
42170946
42170966
42170970
42170973
42171880
42172230
42172876
42173139
42173574
42174484
42175407
42175540
42176199
42176220
42176403
42176423
42176502
42176515
42176647
42176986
42176989
42177098
42178031
42178067
42178128
42178208
42178313
42178748
42179008
42179751
42180243
42180245
42180377
42180565
42180653
42181090
42181181
42181201
42182475
42183610
42183690
42184017
42184435
42184569
42184609
42185501
42185934
42185939
42186656
42186868
42188693
42188882
42188900
42188980
42189368
42189586
42190424
42190766
42191526
42192153
42192441
42192535
42192560
42192587
42192876
42193255
42193256
42193962
42194194
42194653
42195192
42196254
42196590
42197114
42197239
42197492
42197549
42199144
42199362
42199917
42200855
42201017
42201174
42201222
42201584
42201685
42202289
42202563
42202849
42203269
42203691
42203824
42204373
42204480
42205369
42205465
42205619
42208105
42208303
42208342
42208375
42208544
42208927
42209135
42209460
42209484
42210833
42210904
42211014
42211108
42211616
42212284
42213057
42213204
42213356
42213526
42214109
42214494
42214643
42215154
42216523
42216841
42217170
42217329
42217751
42219067
42219800
42219830
42220277
42220661
42221496
42221504
42221627
42221738
42221959
42222548
42223528
42223909
42224213
42224217
42225069
42226021
42226462
42226888
42226932
42227097
42227307
42228606
42228631
42228786
42228814
42229740
42229840
42229855
42230082
42230085
42230436
42231716
42231723
42232573
42232615
42233305
42233672
42234108
42234275
42235462
42235546
42235811
42236083
42236469
42237108
42237374
42237956
42237982
42238244
42239487
42239542
42239729
42240007
42242341
42243226
42243531
42247330
42247510
42247866
42248048
42248600
42248746
42249024
42249776
42250464
42250568
42250594
42251122
42251807
42251830
42252696
42253094
42253809
42253982
42254009
42254079
42254204
42254465
42254496
42255136
42255658
42256227
42256378
42256702
42257759
42257760
42260078
42260677
42261558
42261719
42261726
42262337
42263168
42263239
42263597
42263753
42263890
42264243
42264597
42265285
42265507
42266284
42267685
42267971
42268489
42269439
42269503
42269830
42269928
42269931
42269933
42269992
42270062
42271543
42271653
42272700
42273002
42274468
42274588
42274592
42275082
42275893
42276060
42276178
42277181
42277704
42278175
42278447
42279022
42280150
42280337
42280343
42280371
42280391
42280401
42280446
42281678
42282229
42283563
42283676
42283949
42284238
42284639
42284647
42285242
42286957
42287746
42287841
42288090
42288278
42288643
42289320
42289608
42290796
42291010
42292584
42292617
42292800
42293194
42293264
42293460
42294648
42294884
42294920
42295289
42295514
42295518
42295708
42295828
42296006
42296972
42297095
42297144
42297343
42297683
42299714
42299810
42299857
42300103
42300427
42300670
42300971
42301325
42301870
42301878
42302156
42302993
42304308
42304475
42304921
42304930
42305692
42305756
42305863
42305878
42305974
42306113
42306171
42307327
42307358
42308399
42308712
42308741
42308762
42309182
42309755
42310028
42310129
42310583
42310700
42310702
42311397
42312271
42313077
42313808
42313977
42314171
42314265
42314307
42314521
42316154
42316189
42316230
42316444
42316857
42317611
42317619
42317763
42318092
42318569
42318722
42318828
42318876
42319083
42319760
42320254
42320362
42320453
42320775
42321114
42321348
42321817
42322087
42322535
42322999
42323100
42323941
42324022
42324200
42324692
42325962
42326109
42326410
42327483
42327936
42328110
42328185
42328672
42328968
42330638
42330757
42331063
42331064
42331071
42331881
42332043
42332498
42332673
42332788
42333735
42334014
42334412
42334655
42334792
42334950
42334964
42335109
42335762
42336568
42337501
42338249
42338702
42338955
42339359
42339919
42340473
42341514
42341970
42342858
42343002
42343267
42344035
42344417
42344505
42344554
42344594
42345164
42346300
42347032
42347115
42347230
42347619
42347851
42348101
42348637
42349327
42349424
42349680
42349752
42349909
42350326
42350386
42350708
42350820
42350857
42350989
42351055
42351710
42352013
42352885
42353460
42353462
42353486
42353628
42353897
42354800
42356087
42356229
42356264
42356321
42356328
42356374
42356378
42356384
42356524
42357790
42357793
42358097
42359139
42359342
42359832
42359984
42360164
42360985
42361032
42361128
42361588
42361589
42361878
42361882
42361952
42362255
42364641
42364671
42364937
42365249
42365528
42365592
42366741
42369069
42369151
42371291
42371814
42371859
42371992
42372218
42372810
42373175
42374148
42374308
42374462
42374645
42374849
42375044
42375066
42375251
42375462
42375463
42375778
42375956
42376034
42376082
42376118
42376375
42376378
42376403
42376536
42376653
42378191
42378553
42378734
42379222
42379367
42379396
42380091
42380924
42380945
42381879
42382190
42383321
42384199
42384231
42387414
42387505
42387534
42387807
42388451
42390352
42390628
42391217
42391955
42392551
42392642
42393004
42393019
42393021
42393025
42393063
42393814
42395583
42396315
42396633
42396844
42396896
42397435
42397592
42397814
42397815
42398417
42398592
42398703
42398710
42399225
42399341
42399940
42400038
42400965
42401020
42401851
42402695
42402790
42402985
42404154
42404620
42405620
42406196
42406354
42406892
42409047
42409108
42409244
42409260
42410344
42410385
42411133
42413235
42413836
42414920
42415147
42415152
42415267
42415906
42416276
42416607
42416991
42417057
42417350
42417640
42417896
42418142
42418724
42419072
42420917
42420940
42421160
42421479
42421919
42423385
42423437
42424258
42424284
42424489
42424652
42425291
42425399
42425929
42426275
42426489
42427250
42427871
42427956
42427959
42429677
42429692
42430532
42430646
42430745
42431053
42431596
42432363
42432743
42432894
42433672
42433926
42433934
42435552
42435808
42435809
42436490
42436552
42437198
42437595
42438771
42439553
42439812
42440509
42441416
42441915
42442605
42443079
42443260
42443820
42444157
42445324
42445461
42445755
42446527
42447067
42447329
42447970
42448632
42448877
42448945
42450099
42450607
42450700
42450888
42451071
42451076
42451095
42451096
42451125
42451163
42451186
42451197
42451666
42451678
42452319
42453079
42453529
42453785
42453823
42454021
42454850
42454929
42455162
42455385
42455436
42455974
42456755
42456848
42457390
42457392
42457556
42457990
42459809
42459862
42459933
42460061
42461215
42461330
42461441
42462395
42463642
42463871
42464547
42464584
42464791
42464896
42466308
42467879
42468393
42468847
42468881
42469917
42470573
42470661
42471123
42471583
42472033
42472787
42472789
42473684
42474023
42474720
42474880
42475444
42476909
42477361
42477578
42477773
42477954
42478874
42479241
42479456
42479783
42480078
42480543
42480752
42481186
42483275
42483374
42483485
42484140
42484932
42485904
42486343
42486518
42486795
42486829
42486992
42487134
42487291
42487673
42488191
42488198
42488578
42488865
42488867
42490545
42490724
42490858
42491524
42491567
42493096
42494300
42494427
42494622
42494683
42494953
42495698
42498474
42499143
42499303
42501095
42501344
42501543
42501551
42502106
42502349
42502751
42503223
42503584
42504169
42506454
42506534
42506725
42508100
